7,DASS NORDESTE CALCADOS E ART ESPORT SA,136081,1188919,82628,ATAC. MR140014 6MM RECICLADO COR 4085/PET,100CM,15400327,"12,00",15398413NBR3282540,09/03/2026,22/06/2026,12,130898,"R$ 14,64"
7,DASS NORDESTE CALCADOS E ART ESPORT SA,136081,1188919,82628,ATAC. MR140014 6MM RECICLADO COR 4085/PET,100CM,15400327,"18,00",15398414NBR3282540,09/03/2026,22/06/2026,12,130898,"R$ 21,96"
7,DASS NORDESTE CALCADOS E ART ESPORT SA,136081,1188919,82628,ATAC. MR140014 6MM RECICLADO COR 4085/PET,105CM,15400327,"336,00",15398413NBR3282540,09/03/2026,22/06/2026,12,130898,"R$ 430,08"
7,DASS NORDESTE CALCADOS E ART ESPORT SA,136081,1188919,82628,ATAC. MR140014 6MM RECICLADO COR 4085/PET,105CM,15400327,"324,00",15398414NBR3282540,09/03/2026,22/06/2026,12,130898,"R$ 414,72"
7,DASS NORDESTE CALCADOS E ART ESPORT SA,136081,1188919,82628,ATAC. MR140014 6MM RECICLADO COR 4085/PET,105CM,15400327,"360,00",15398415NBR3282540,09/03/2026,22/06/2026,12,130898,"R$ 460,80"
7,DASS NORDESTE CALCADOS E ART ESPORT SA,136081,1188919,82628,ATAC. MR140014 6MM RECICLADO COR 4085/PET,110CM,15400327,"507,00",15398413NBR3282540,09/03/2026,22/06/2026,12,130898,"R$ 679,38"
7,DASS NORDESTE CALCADOS E ART ESPORT SA,136081,1188919,82628,ATAC. MR140014 6MM RECICLADO COR 4085/PET,110CM,15400327,"492,00",15398414NBR3282540,09/03/2026,22/06/2026,12,130898,"R$ 659,28"
7,DASS NORDESTE CALCADOS E ART ESPORT SA,136081,1188919,82628,ATAC. MR140014 6MM RECICLADO COR 4085/PET,110CM,15400327,"516,00",15398415NBR3282540,09/03/2026,22/06/2026,12,130898,"R$ 691,44"
7,DASS NORDESTE CALCADOS E ART ESPORT SA,136081,1188919,82628,ATAC. MR140014 6MM RECICLADO COR 4085/PET,115CM,15400327,"60,00",15398413NBR3282540,09/03/2026,22/06/2026,12,130898,"R$ 84,00"
7,DASS NORDESTE CALCADOS E ART ESPORT SA,136081,1188919,82628,ATAC. MR140014 6MM RECICLADO COR 4085/PET,115CM,15400327,"60,00",15398414NBR3282540,09/03/2026,22/06/2026,12,130898,"R$ 84,00"
7,DASS NORDESTE CALCADOS E ART ESPORT SA,136081,1188919,82628,ATAC. MR140014 6MM RECICLADO COR 4085/PET,115CM,15400327,"72,00",15398415NBR3282540,09/03/2026,22/06/2026,12,130898,"R$ 100,80"
7,DASS NORDESTE CALCADOS E ART ESPORT SA,136081,1278311,86418,ATAC. MR140014 6MM RECICLADO COR 4662/PET,100CM,15400327,"446,00",15398426NBR33436-A,09/03/2026,22/06/2026,12,130898,"R$ 544,12"
7,DASS NORDESTE CALCADOS E ART ESPORT SA,136081,1278311,86418,ATAC. MR140014 6MM RECICLADO COR 4662/PET,100CM,15400327,"486,00",15398427NBR33436-B,09/03/2026,22/06/2026,12,130898,"R$ 592,92"
7,DASS NORDESTE CALCADOS E ART ESPORT SA,136081,1278311,86418,ATAC. MR140014 6MM RECICLADO COR 4662/PET,105CM,15400327,"234,00",15398426NBR33436-A,09/03/2026,22/06/2026,12,130898,"R$ 299,52"
7,DASS NORDESTE CALCADOS E ART ESPORT SA,136081,1278311,86418,ATAC. MR140014 6MM RECICLADO COR 4662/PET,105CM,15400327,"240,00",15398427NBR33436-B,09/03/2026,22/06/2026,12,130898,"R$ 307,20"
7,DASS NORDESTE CALCADOS E ART ESPORT SA,136082,1188919,82628,ATAC. MR140014 6MM RECICLADO COR 4085/PET,100CM,15400329,"12,00",15398409NBR3282539,09/03/2026,29/06/2026,19,130899,"R$ 14,64"
7,DASS NORDESTE CALCADOS E ART ESPORT SA,136082,1188919,82628,ATAC. MR140014 6MM RECICLADO COR 4085/PET,100CM,15400329,"18,00",15398410NBR3282539,09/03/2026,29/06/2026,19,130899,"R$ 21,96"
7,DASS NORDESTE CALCADOS E ART ESPORT SA,136082,1188919,82628,ATAC. MR140014 6MM RECICLADO COR 4085/PET,105CM,15400329,"336,00",15398409NBR3282539,09/03/2026,29/06/2026,19,130899,"R$ 430,08"
7,DASS NORDESTE CALCADOS E ART ESPORT SA,136082,1188919,82628,ATAC. MR140014 6MM RECICLADO COR 4085/PET,105CM,15400329,"324,00",15398410NBR3282539,09/03/2026,29/06/2026,19,130899,"R$ 414,72"
7,DASS NORDESTE CALCADOS E ART ESPORT SA,136082,1188919,82628,ATAC. MR140014 6MM RECICLADO COR 4085/PET,105CM,15400329,"360,00",15398411NBR3282539,09/03/2026,29/06/2026,19,130899,"R$ 460,80"
7,DASS NORDESTE CALCADOS E ART ESPORT SA,136082,1188919,82628,ATAC. MR140014 6MM RECICLADO COR 4085/PET,110CM,15400329,"507,00",15398409NBR3282539,09/03/2026,29/06/2026,19,130899,"R$ 679,38"
7,DASS NORDESTE CALCADOS E ART ESPORT SA,136082,1188919,82628,ATAC. MR140014 6MM RECICLADO COR 4085/PET,110CM,15400329,"492,00",15398410NBR3282539,09/03/2026,29/06/2026,19,130899,"R$ 659,28"
7,DASS NORDESTE CALCADOS E ART ESPORT SA,136082,1188919,82628,ATAC. MR140014 6MM RECICLADO COR 4085/PET,110CM,15400329,"516,00",15398411NBR3282539,09/03/2026,29/06/2026,19,130899,"R$ 691,44"
7,DASS NORDESTE CALCADOS E ART ESPORT SA,136082,1188919,82628,ATAC. MR140014 6MM RECICLADO COR 4085/PET,115CM,15400329,"60,00",15398409NBR3282539,09/03/2026,29/06/2026,19,130899,"R$ 84,00"
7,DASS NORDESTE CALCADOS E ART ESPORT SA,136082,1188919,82628,ATAC. MR140014 6MM RECICLADO COR 4085/PET,115CM,15400329,"60,00",15398410NBR3282539,09/03/2026,29/06/2026,19,130899,"R$ 84,00"
7,DASS NORDESTE CALCADOS E ART ESPORT SA,136082,1188919,82628,ATAC. MR140014 6MM RECICLADO COR 4085/PET,115CM,15400329,"72,00",15398411NBR3282539,09/03/2026,29/06/2026,19,130899,"R$ 100,80"
7,DASS NORDESTE CALCADOS E ART ESPORT SA,136108,1200469,74007,FITA M32164 C/ GOMA POLIESTER COR 4085,10MM,15403856,"200,00",0,09/03/2026,15/06/2026,5,130925,"R$ 140,00"
7,DASS NORDESTE CALCADOS E ART ESPORT SA,136505,1188919,82628,ATAC. MR140014 6MM RECICLADO COR 4085/PET,105CM,15450195,"198,00",15446438NBR3282536,19/03/2026,22/06/2026,12,131323,"R$ 253,44"
7,DASS NORDESTE CALCADOS E ART ESPORT SA,136505,1188919,82628,ATAC. MR140014 6MM RECICLADO COR 4085/PET,110CM,15450195,"575,00",15446438NBR3282536,19/03/2026,22/06/2026,12,131323,"R$ 770,50"
7,DASS NORDESTE CALCADOS E ART ESPORT SA,136505,1188919,82628,ATAC. MR140014 6MM RECICLADO COR 4085/PET,115CM,15450195,"228,00",15446438NBR3282536,19/03/2026,22/06/2026,12,131323,"R$ 319,20"
7,DASS NORDESTE CALCADOS E ART ESPORT SA,136505,1188916,83117,ATAC. MR140014 6MM RECICLADO COR 533/PET,100CM,15450195,"120,00",15446448NBR3282589,19/03/2026,22/06/2026,12,131323,"R$ 146,40"
7,DASS NORDESTE CALCADOS E ART ESPORT SA,136505,1188916,83117,ATAC. MR140014 6MM RECICLADO COR 533/PET,105CM,15450195,"833,00",15446448NBR3282589,19/03/2026,22/06/2026,12,131323,"R$ 1.066,24"
7,DASS NORDESTE CALCADOS E ART ESPORT SA,136505,1188916,83117,ATAC. MR140014 6MM RECICLADO COR 533/PET,110CM,15450195,"48,00",15446448NBR3282589,19/03/2026,22/06/2026,12,131323,"R$ 64,32"
7,DASS NORDESTE CALCADOS E ART ESPORT SA,136505,1065806,93661,ATAC. MR110029 RECICLADO COR 4662/PET,120CM,15450195,"60,00",15446457NBR3282602,19/03/2026,22/06/2026,12,131323,"R$ 66,00"
7,DASS NORDESTE CALCADOS E ART ESPORT SA,136505,1065806,93661,ATAC. MR110029 RECICLADO COR 4662/PET,120CM,15450195,"72,00",15446458NBR3282602,19/03/2026,22/06/2026,12,131323,"R$ 79,20"
7,DASS NORDESTE CALCADOS E ART ESPORT SA,136505,1065806,93661,ATAC. MR110029 RECICLADO COR 4662/PET,130CM,15450195,"903,00",15446457NBR3282602,19/03/2026,22/06/2026,12,131323,"R$ 1.083,60"
7,DASS NORDESTE CALCADOS E ART ESPORT SA,136505,1065806,93661,ATAC. MR110029 RECICLADO COR 4662/PET,130CM,15450195,"936,00",15446458NBR3282602,19/03/2026,22/06/2026,12,131323,"R$ 1.123,20"
7,DASS NORDESTE CALCADOS E ART ESPORT SA,136505,1065806,93661,ATAC. MR110029 RECICLADO COR 4662/PET,140CM,15450195,"114,00",15446457NBR3282602,19/03/2026,22/06/2026,12,131323,"R$ 147,06"
7,DASS NORDESTE CALCADOS E ART ESPORT SA,136505,1065806,93661,ATAC. MR110029 RECICLADO COR 4662/PET,140CM,15450195,"108,00",15446458NBR3282602,19/03/2026,22/06/2026,12,131323,"R$ 139,32"
7,DASS NORDESTE CALCADOS E ART ESPORT SA,136506,1188919,82628,ATAC. MR140014 6MM RECICLADO COR 4085/PET,100CM,15450196,"120,00",15446446NBR3282590,19/03/2026,29/06/2026,19,131324,"R$ 146,40"
7,DASS NORDESTE CALCADOS E ART ESPORT SA,136506,1188919,82628,ATAC. MR140014 6MM RECICLADO COR 4085/PET,105CM,15450196,"222,00",15446437NBR3282535,19/03/2026,29/06/2026,19,131324,"R$ 284,16"
7,DASS NORDESTE CALCADOS E ART ESPORT SA,136506,1188919,82628,ATAC. MR140014 6MM RECICLADO COR 4085/PET,105CM,15450196,"836,00",15446446NBR3282590,19/03/2026,29/06/2026,19,131324,"R$ 1.070,08"
7,DASS NORDESTE CALCADOS E ART ESPORT SA,136506,1188919,82628,ATAC. MR140014 6MM RECICLADO COR 4085/PET,110CM,15450196,"644,00",15446437NBR3282535,19/03/2026,29/06/2026,19,131324,"R$ 862,96"
7,DASS NORDESTE CALCADOS E ART ESPORT SA,136506,1188919,82628,ATAC. MR140014 6MM RECICLADO COR 4085/PET,110CM,15450196,"48,00",15446446NBR3282590,19/03/2026,29/06/2026,19,131324,"R$ 64,32"
7,DASS NORDESTE CALCADOS E ART ESPORT SA,136506,1188919,82628,ATAC. MR140014 6MM RECICLADO COR 4085/PET,115CM,15450196,"258,00",15446437NBR3282535,19/03/2026,29/06/2026,19,131324,"R$ 361,20"
7,DASS NORDESTE CALCADOS E ART ESPORT SA,136509,1220520,82624,FITA MR100037 C/ GOMA RECICLADO COR 100/PET,18MM,15450434,"330,00",0,19/03/2026,15/06/2026,5,131327,"R$ 455,40"
7,DASS NORDESTE CALCADOS E ART ESPORT SA,136509,1405797,94716,FITA M32164 C/ GOMA POLIESTER COR 4203,10MM,15450434,"90,00",0,19/03/2026,15/06/2026,5,131327,"R$ 63,00"
7,DASS NORDESTE CALCADOS E ART ESPORT SA,136509,1181716,74237,FITA MR100001 C/ GOMA RECICLADO COR 4085/PET,15MM,15450434,"500,00",0,19/03/2026,15/06/2026,5,131327,"R$ 565,00"
7,DASS NORDESTE CALCADOS E ART ESPORT SA,136509,1408914,94118,FITA MR100001 C/ GOMA RECICLADO COR 5298/PET,15MM,15450434,"320,00",0,19/03/2026,15/06/2026,5,131327,"R$ 262,40"
7,DASS NORDESTE CALCADOS E ART ESPORT SA,136528,1405823,94721,ATAC. MR110029 RECICLADO COR 4203/PET,120CM,15452096,"72,00",15446472NBR3282518,19/03/2026,22/06/2026,12,131336,"R$ 79,20"
7,DASS NORDESTE CALCADOS E ART ESPORT SA,136528,1405823,94721,ATAC. MR110029 RECICLADO COR 4203/PET,130CM,15452096,"842,00",15446472NBR3282518,19/03/2026,22/06/2026,12,131336,"R$ 1.010,40"
7,DASS NORDESTE CALCADOS E ART ESPORT SA,136528,1405823,94721,ATAC. MR110029 RECICLADO COR 4203/PET,140CM,15452096,"90,00",15446472NBR3282518,19/03/2026,22/06/2026,12,131336,"R$ 116,10"
7,DASS NORDESTE CALCADOS E ART ESPORT SA,136529,1405823,94721,ATAC. MR110029 RECICLADO COR 4203/PET,120CM,15452099,"66,00",15446473NBR3282529,19/03/2026,29/06/2026,19,131337,"R$ 72,60"
7,DASS NORDESTE CALCADOS E ART ESPORT SA,136529,1405823,94721,ATAC. MR110029 RECICLADO COR 4203/PET,130CM,15452099,"902,00",15446473NBR3282529,19/03/2026,29/06/2026,19,131337,"R$ 1.082,40"
7,DASS NORDESTE CALCADOS E ART ESPORT SA,136529,1405823,94721,ATAC. MR110029 RECICLADO COR 4203/PET,140CM,15452099,"108,00",15446473NBR3282529,19/03/2026,29/06/2026,19,131337,"R$ 139,32"
7,DASS NORDESTE CALCADOS E ART ESPORT SA,136871,1332602,88808,ATAC. M12176 5MM POLIESTER COR 4085,105CM,15495181,"42,00",15492142NBR33392-A,31/03/2026,15/06/2026,5,131703,"R$ 29,40"
7,DASS NORDESTE CALCADOS E ART ESPORT SA,136871,1332602,88808,ATAC. M12176 5MM POLIESTER COR 4085,105CM,15495181,"24,00",15492144NBR33392-B,31/03/2026,15/06/2026,5,131703,"R$ 16,80"
7,DASS NORDESTE CALCADOS E ART ESPORT SA,136871,1332602,88808,ATAC. M12176 5MM POLIESTER COR 4085,110CM,15495181,"584,00",15492142NBR33392-A,31/03/2026,15/06/2026,5,131703,"R$ 432,16"
7,DASS NORDESTE CALCADOS E ART ESPORT SA,136871,1332602,88808,ATAC. M12176 5MM POLIESTER COR 4085,110CM,15495181,"588,00",15492144NBR33392-B,31/03/2026,15/06/2026,5,131703,"R$ 435,12"
7,DASS NORDESTE CALCADOS E ART ESPORT SA,136871,1332602,88808,ATAC. M12176 5MM POLIESTER COR 4085,115CM,15495181,"120,00",15492142NBR33392-A,31/03/2026,15/06/2026,5,131703,"R$ 92,40"
7,DASS NORDESTE CALCADOS E ART ESPORT SA,136871,1332602,88808,ATAC. M12176 5MM POLIESTER COR 4085,115CM,15495181,"132,00",15492144NBR33392-B,31/03/2026,15/06/2026,5,131703,"R$ 101,64"
7,DASS NORDESTE CALCADOS E ART ESPORT SA,136901,1409087,94880,FITA MR100038 C/ GOMA RECICLADO COR 6160/PET / COR 6158/B,18MM,15496028,"180,00",0,31/03/2026,22/06/2026,12,131739,"R$ 345,60"
7,DASS NORDESTE CALCADOS E ART ESPORT SA,136906,1409656,94883,ATAC. MR140014 6MM RECICLADO COR 5850/PET,100CM,15495182,"144,00",15492154NBR33314,31/03/2026,22/06/2026,12,131743,"R$ 175,68"
7,DASS NORDESTE CALCADOS E ART ESPORT SA,136906,1409656,94883,ATAC. MR140014 6MM RECICLADO COR 5850/PET,105CM,15495182,"1.028,00",15492154NBR33314,31/03/2026,22/06/2026,12,131743,"R$ 1.315,84"
7,DASS NORDESTE CALCADOS E ART ESPORT SA,136906,1409656,94883,ATAC. MR140014 6MM RECICLADO COR 5850/PET,110CM,15495182,"60,00",15492154NBR33314,31/03/2026,22/06/2026,12,131743,"R$ 80,40"
7,DASS NORDESTE CALCADOS E ART ESPORT SA,137268,1200469,74007,FITA M32164 C/ GOMA POLIESTER COR 4085,10MM,15543166,"340,00",0,10/04/2026,15/06/2026,5,132078,"R$ 238,00"
7,DASS NORDESTE CALCADOS E ART ESPORT SA,137269,1200469,74007,FITA M32164 C/ GOMA POLIESTER COR 4085,10MM,15543220,"390,00",0,10/04/2026,22/06/2026,12,132079,"R$ 273,00"
7,DASS NORDESTE CALCADOS E ART ESPORT SA,137270,1200469,74007,FITA M32164 C/ GOMA POLIESTER COR 4085,10MM,15543397,"320,00",0,10/04/2026,29/06/2026,19,132080,"R$ 224,00"
7,DASS NORDESTE CALCADOS E ART ESPORT SA,137272,1200469,74007,FITA M32164 C/ GOMA POLIESTER COR 4085,10MM,15543445,"200,00",0,10/04/2026,06/07/2026,26,132082,"R$ 140,00"
7,DASS NORDESTE CALCADOS E ART ESPORT SA,137272,1323871,88489,FITA M32164 C/ GOMA POLIESTER COR 5641,10MM,15543445,"200,00",0,10/04/2026,06/07/2026,26,132082,"R$ 140,00"
7,DASS NORDESTE CALCADOS E ART ESPORT SA,137273,1200469,74007,FITA M32164 C/ GOMA POLIESTER COR 4085,10MM,15543509,"150,00",0,10/04/2026,13/07/2026,33,132083,"R$ 105,00"
7,DASS NORDESTE CALCADOS E ART ESPORT SA,137273,1236790,84960,FITA M32164 C/ GOMA POLIESTER COR 5422,10MM,15543509,"230,00",0,10/04/2026,13/07/2026,33,132083,"R$ 161,00"
7,DASS NORDESTE CALCADOS E ART ESPORT SA,137278,1304277,88668,ATAC. MR110022 7MM RECICLADO COR 4085/PET / COR 496/PET,110CM,15541973,"819,00",15536918NBR3282735,10/04/2026,13/07/2026,33,132084,"R$ 556,92"
7,DASS NORDESTE CALCADOS E ART ESPORT SA,137278,1304277,88668,ATAC. MR110022 7MM RECICLADO COR 4085/PET / COR 496/PET,110CM,15541973,"768,00",15536919NBR3282735,10/04/2026,13/07/2026,33,132084,"R$ 522,24"
7,DASS NORDESTE CALCADOS E ART ESPORT SA,137278,1304277,88668,ATAC. MR110022 7MM RECICLADO COR 4085/PET / COR 496/PET,110CM,15541973,"840,00",15536920NBR3282735,10/04/2026,13/07/2026,33,132084,"R$ 571,20"
7,DASS NORDESTE CALCADOS E ART ESPORT SA,137278,1304277,88668,ATAC. MR110022 7MM RECICLADO COR 4085/PET / COR 496/PET,115CM,15541973,"18,00",15536918NBR3282735,10/04/2026,13/07/2026,33,132084,"R$ 12,78"
7,DASS NORDESTE CALCADOS E ART ESPORT SA,137278,1304277,88668,ATAC. MR110022 7MM RECICLADO COR 4085/PET / COR 496/PET,115CM,15541973,"24,00",15536919NBR3282735,10/04/2026,13/07/2026,33,132084,"R$ 17,04"
7,DASS NORDESTE CALCADOS E ART ESPORT SA,137278,1413116,94788,ATAC. MR110022 7MM RECICLADO COR 6140/PET / COR 5687/PET,110CM,15541973,"1.059,00",15536954NBR3282717,10/04/2026,13/07/2026,33,132084,"R$ 720,12"
7,DASS NORDESTE CALCADOS E ART ESPORT SA,137278,1413116,94788,ATAC. MR110022 7MM RECICLADO COR 6140/PET / COR 5687/PET,110CM,15541973,"1.128,00",15536955NBR3282717,10/04/2026,13/07/2026,33,132084,"R$ 767,04"
7,DASS NORDESTE CALCADOS E ART ESPORT SA,137278,1413116,94788,ATAC. MR110022 7MM RECICLADO COR 6140/PET / COR 5687/PET,110CM,15541973,"1.047,00",15536958NBR3282736,10/04/2026,13/07/2026,33,132084,"R$ 711,96"
7,DASS NORDESTE CALCADOS E ART ESPORT SA,137278,1413116,94788,ATAC. MR110022 7MM RECICLADO COR 6140/PET / COR 5687/PET,110CM,15541973,"1.128,00",15536959NBR3282736,10/04/2026,13/07/2026,33,132084,"R$ 767,04"
7,DASS NORDESTE CALCADOS E ART ESPORT SA,137278,1413116,94788,ATAC. MR110022 7MM RECICLADO COR 6140/PET / COR 5687/PET,110CM,15541973,"1.059,00",15536960NBR3282744,10/04/2026,13/07/2026,33,132084,"R$ 720,12"
7,DASS NORDESTE CALCADOS E ART ESPORT SA,137278,1413116,94788,ATAC. MR110022 7MM RECICLADO COR 6140/PET / COR 5687/PET,110CM,15541973,"1.128,00",15536962NBR3282744,10/04/2026,13/07/2026,33,132084,"R$ 767,04"
7,DASS NORDESTE CALCADOS E ART ESPORT SA,137278,1413116,94788,ATAC. MR110022 7MM RECICLADO COR 6140/PET / COR 5687/PET,115CM,15541973,"12,00",15536954NBR3282717,10/04/2026,13/07/2026,33,132084,"R$ 8,52"
7,DASS NORDESTE CALCADOS E ART ESPORT SA,137278,1413116,94788,ATAC. MR110022 7MM RECICLADO COR 6140/PET / COR 5687/PET,115CM,15541973,"24,00",15536955NBR3282717,10/04/2026,13/07/2026,33,132084,"R$ 17,04"
7,DASS NORDESTE CALCADOS E ART ESPORT SA,137278,1413116,94788,ATAC. MR110022 7MM RECICLADO COR 6140/PET / COR 5687/PET,115CM,15541973,"18,00",15536958NBR3282736,10/04/2026,13/07/2026,33,132084,"R$ 12,78"
7,DASS NORDESTE CALCADOS E ART ESPORT SA,137278,1413116,94788,ATAC. MR110022 7MM RECICLADO COR 6140/PET / COR 5687/PET,115CM,15541973,"24,00",15536959NBR3282736,10/04/2026,13/07/2026,33,132084,"R$ 17,04"
7,DASS NORDESTE CALCADOS E ART ESPORT SA,137278,1413116,94788,ATAC. MR110022 7MM RECICLADO COR 6140/PET / COR 5687/PET,115CM,15541973,"12,00",15536960NBR3282744,10/04/2026,13/07/2026,33,132084,"R$ 8,52"
7,DASS NORDESTE CALCADOS E ART ESPORT SA,137278,1413116,94788,ATAC. MR110022 7MM RECICLADO COR 6140/PET / COR 5687/PET,115CM,15541973,"24,00",15536962NBR3282744,10/04/2026,13/07/2026,33,132084,"R$ 17,04"
7,DASS NORDESTE CALCADOS E ART ESPORT SA,137278,1408856,94789,ATAC. MR110022 7MM RECICLADO COR 4662/PET / COR 057/PET,110CM,15541973,"198,00",15536927NBR3282704,10/04/2026,13/07/2026,33,132084,"R$ 134,64"
7,DASS NORDESTE CALCADOS E ART ESPORT SA,137278,1408856,94789,ATAC. MR110022 7MM RECICLADO COR 4662/PET / COR 057/PET,110CM,15541973,"216,00",15536928NBR3282704,10/04/2026,13/07/2026,33,132084,"R$ 146,88"
7,DASS NORDESTE CALCADOS E ART ESPORT SA,137278,1408856,94789,ATAC. MR110022 7MM RECICLADO COR 4662/PET / COR 057/PET,110CM,15541973,"198,00",15536929NBR3282723,10/04/2026,13/07/2026,33,132084,"R$ 134,64"
7,DASS NORDESTE CALCADOS E ART ESPORT SA,137278,1408856,94789,ATAC. MR110022 7MM RECICLADO COR 4662/PET / COR 057/PET,110CM,15541973,"216,00",15536930NBR3282723,10/04/2026,13/07/2026,33,132084,"R$ 146,88"
7,DASS NORDESTE CALCADOS E ART ESPORT SA,137278,1408856,94789,ATAC. MR110022 7MM RECICLADO COR 4662/PET / COR 057/PET,115CM,15541973,"524,00",15536927NBR3282704,10/04/2026,13/07/2026,33,132084,"R$ 372,04"
7,DASS NORDESTE CALCADOS E ART ESPORT SA,137278,1408856,94789,ATAC. MR110022 7MM RECICLADO COR 4662/PET / COR 057/PET,115CM,15541973,"540,00",15536928NBR3282704,10/04/2026,13/07/2026,33,132084,"R$ 383,40"
7,DASS NORDESTE CALCADOS E ART ESPORT SA,137278,1408856,94789,ATAC. MR110022 7MM RECICLADO COR 4662/PET / COR 057/PET,115CM,15541973,"518,00",15536929NBR3282723,10/04/2026,13/07/2026,33,132084,"R$ 367,78"
7,DASS NORDESTE CALCADOS E ART ESPORT SA,137278,1408856,94789,ATAC. MR110022 7MM RECICLADO COR 4662/PET / COR 057/PET,115CM,15541973,"540,00",15536930NBR3282723,10/04/2026,13/07/2026,33,132084,"R$ 383,40"
7,DASS NORDESTE CALCADOS E ART ESPORT SA,137278,1408856,94789,ATAC. MR110022 7MM RECICLADO COR 4662/PET / COR 057/PET,120CM,15541973,"66,00",15536927NBR3282704,10/04/2026,13/07/2026,33,132084,"R$ 48,84"
7,DASS NORDESTE CALCADOS E ART ESPORT SA,137278,1408856,94789,ATAC. MR110022 7MM RECICLADO COR 4662/PET / COR 057/PET,120CM,15541973,"72,00",15536928NBR3282704,10/04/2026,13/07/2026,33,132084,"R$ 53,28"
7,DASS NORDESTE CALCADOS E ART ESPORT SA,137278,1408856,94789,ATAC. MR110022 7MM RECICLADO COR 4662/PET / COR 057/PET,120CM,15541973,"66,00",15536929NBR3282723,10/04/2026,13/07/2026,33,132084,"R$ 48,84"
7,DASS NORDESTE CALCADOS E ART ESPORT SA,137278,1408856,94789,ATAC. MR110022 7MM RECICLADO COR 4662/PET / COR 057/PET,120CM,15541973,"72,00",15536930NBR3282723,10/04/2026,13/07/2026,33,132084,"R$ 53,28"
7,DASS NORDESTE CALCADOS E ART ESPORT SA,137278,1408855,95027,ATAC. MR110022 7MM RECICLADO COR 4085/PET / COR 596/PET,110CM,15541973,"186,00",15536923NBR3282703,10/04/2026,13/07/2026,33,132084,"R$ 126,48"
7,DASS NORDESTE CALCADOS E ART ESPORT SA,137278,1408855,95027,ATAC. MR110022 7MM RECICLADO COR 4085/PET / COR 596/PET,110CM,15541973,"186,00",15536924NBR3282703,10/04/2026,13/07/2026,33,132084,"R$ 126,48"
7,DASS NORDESTE CALCADOS E ART ESPORT SA,137278,1408855,95027,ATAC. MR110022 7MM RECICLADO COR 4085/PET / COR 596/PET,115CM,15541973,"536,00",15536923NBR3282703,10/04/2026,13/07/2026,33,132084,"R$ 380,56"
7,DASS NORDESTE CALCADOS E ART ESPORT SA,137278,1408855,95027,ATAC. MR110022 7MM RECICLADO COR 4085/PET / COR 596/PET,115CM,15541973,"546,00",15536924NBR3282703,10/04/2026,13/07/2026,33,132084,"R$ 387,66"
7,DASS NORDESTE CALCADOS E ART ESPORT SA,137278,1408855,95027,ATAC. MR110022 7MM RECICLADO COR 4085/PET / COR 596/PET,120CM,15541973,"84,00",15536923NBR3282703,10/04/2026,13/07/2026,33,132084,"R$ 62,16"
7,DASS NORDESTE CALCADOS E ART ESPORT SA,137278,1408855,95027,ATAC. MR110022 7MM RECICLADO COR 4085/PET / COR 596/PET,120CM,15541973,"72,00",15536924NBR3282703,10/04/2026,13/07/2026,33,132084,"R$ 53,28"
7,DASS NORDESTE CALCADOS E ART ESPORT SA,137278,1299257,86978,ATAC. MR130027 6MM RECICLADO COR 4085/PET,100CM,15541973,"192,00",15538713NBR3282626,10/04/2026,13/07/2026,33,132084,"R$ 193,92"
7,DASS NORDESTE CALCADOS E ART ESPORT SA,137278,1299257,86978,ATAC. MR130027 6MM RECICLADO COR 4085/PET,100CM,15541973,"204,00",15538714NBR3282626,10/04/2026,13/07/2026,33,132084,"R$ 206,04"
7,DASS NORDESTE CALCADOS E ART ESPORT SA,137278,1299257,86978,ATAC. MR130027 6MM RECICLADO COR 4085/PET,100CM,15541973,"192,00",15538716NBR3282627,10/04/2026,13/07/2026,33,132084,"R$ 193,92"
7,DASS NORDESTE CALCADOS E ART ESPORT SA,137278,1299257,86978,ATAC. MR130027 6MM RECICLADO COR 4085/PET,100CM,15541973,"204,00",15538720NBR3282627,10/04/2026,13/07/2026,33,132084,"R$ 206,04"
7,DASS NORDESTE CALCADOS E ART ESPORT SA,137278,1299257,86978,ATAC. MR130027 6MM RECICLADO COR 4085/PET,105CM,15541973,"602,00",15538713NBR3282626,10/04/2026,13/07/2026,33,132084,"R$ 638,12"
7,DASS NORDESTE CALCADOS E ART ESPORT SA,137278,1299257,86978,ATAC. MR130027 6MM RECICLADO COR 4085/PET,105CM,15541973,"606,00",15538714NBR3282626,10/04/2026,13/07/2026,33,132084,"R$ 642,36"
7,DASS NORDESTE CALCADOS E ART ESPORT SA,137278,1299257,86978,ATAC. MR130027 6MM RECICLADO COR 4085/PET,105CM,15541973,"602,00",15538716NBR3282627,10/04/2026,13/07/2026,33,132084,"R$ 638,12"
7,DASS NORDESTE CALCADOS E ART ESPORT SA,137278,1299257,86978,ATAC. MR130027 6MM RECICLADO COR 4085/PET,105CM,15541973,"606,00",15538720NBR3282627,10/04/2026,13/07/2026,33,132084,"R$ 642,36"
7,DASS NORDESTE CALCADOS E ART ESPORT SA,137278,1299257,86978,ATAC. MR130027 6MM RECICLADO COR 4085/PET,110CM,15541973,"168,00",15538713NBR3282626,10/04/2026,13/07/2026,33,132084,"R$ 186,48"
7,DASS NORDESTE CALCADOS E ART ESPORT SA,137278,1299257,86978,ATAC. MR130027 6MM RECICLADO COR 4085/PET,110CM,15541973,"186,00",15538714NBR3282626,10/04/2026,13/07/2026,33,132084,"R$ 206,46"
7,DASS NORDESTE CALCADOS E ART ESPORT SA,137278,1299257,86978,ATAC. MR130027 6MM RECICLADO COR 4085/PET,110CM,15541973,"168,00",15538716NBR3282627,10/04/2026,13/07/2026,33,132084,"R$ 186,48"
7,DASS NORDESTE CALCADOS E ART ESPORT SA,137278,1299257,86978,ATAC. MR130027 6MM RECICLADO COR 4085/PET,110CM,15541973,"186,00",15538720NBR3282627,10/04/2026,13/07/2026,33,132084,"R$ 206,46"
7,DASS NORDESTE CALCADOS E ART ESPORT SA,137278,1299257,86978,ATAC. MR130027 6MM RECICLADO COR 4085/PET,110CM,15541973,"252,00",15537924NBR3282663,10/04/2026,13/07/2026,33,132084,"R$ 279,72"
7,DASS NORDESTE CALCADOS E ART ESPORT SA,137278,1299257,86978,ATAC. MR130027 6MM RECICLADO COR 4085/PET,110CM,15541973,"252,00",15537925NBR3282663,10/04/2026,13/07/2026,33,132084,"R$ 279,72"
7,DASS NORDESTE CALCADOS E ART ESPORT SA,137278,1299257,86978,ATAC. MR130027 6MM RECICLADO COR 4085/PET,110CM,15541973,"144,00",15537909NBR3282694,10/04/2026,13/07/2026,33,132084,"R$ 159,84"
7,DASS NORDESTE CALCADOS E ART ESPORT SA,137278,1299257,86978,ATAC. MR130027 6MM RECICLADO COR 4085/PET,110CM,15541973,"162,00",15537910NBR3282694,10/04/2026,13/07/2026,33,132084,"R$ 179,82"
7,DASS NORDESTE CALCADOS E ART ESPORT SA,137278,1299257,86978,ATAC. MR130027 6MM RECICLADO COR 4085/PET,110CM,15541973,"132,00",15537911NBR3282695,10/04/2026,13/07/2026,33,132084,"R$ 146,52"
7,DASS NORDESTE CALCADOS E ART ESPORT SA,137278,1299257,86978,ATAC. MR130027 6MM RECICLADO COR 4085/PET,110CM,15541973,"132,00",15537912NBR3282695,10/04/2026,13/07/2026,33,132084,"R$ 146,52"
7,DASS NORDESTE CALCADOS E ART ESPORT SA,137278,1299257,86978,ATAC. MR130027 6MM RECICLADO COR 4085/PET,115CM,15541973,"717,00",15537924NBR3282663,10/04/2026,13/07/2026,33,132084,"R$ 831,72"
7,DASS NORDESTE CALCADOS E ART ESPORT SA,137278,1299257,86978,ATAC. MR130027 6MM RECICLADO COR 4085/PET,115CM,15541973,"714,00",15537925NBR3282663,10/04/2026,13/07/2026,33,132084,"R$ 828,24"
7,DASS NORDESTE CALCADOS E ART ESPORT SA,137278,1299257,86978,ATAC. MR130027 6MM RECICLADO COR 4085/PET,115CM,15541973,"512,00",15537909NBR3282694,10/04/2026,13/07/2026,33,132084,"R$ 593,92"
7,DASS NORDESTE CALCADOS E ART ESPORT SA,137278,1299257,86978,ATAC. MR130027 6MM RECICLADO COR 4085/PET,115CM,15541973,"504,00",15537910NBR3282694,10/04/2026,13/07/2026,33,132084,"R$ 584,64"
7,DASS NORDESTE CALCADOS E ART ESPORT SA,137278,1299257,86978,ATAC. MR130027 6MM RECICLADO COR 4085/PET,115CM,15541973,"392,00",15537911NBR3282695,10/04/2026,13/07/2026,33,132084,"R$ 454,72"
7,DASS NORDESTE CALCADOS E ART ESPORT SA,137278,1299257,86978,ATAC. MR130027 6MM RECICLADO COR 4085/PET,115CM,15541973,"390,00",15537912NBR3282695,10/04/2026,13/07/2026,33,132084,"R$ 452,40"
7,DASS NORDESTE CALCADOS E ART ESPORT SA,137278,1299257,86978,ATAC. MR130027 6MM RECICLADO COR 4085/PET,120CM,15541973,"96,00",15537924NBR3282663,10/04/2026,13/07/2026,33,132084,"R$ 116,16"
7,DASS NORDESTE CALCADOS E ART ESPORT SA,137278,1299257,86978,ATAC. MR130027 6MM RECICLADO COR 4085/PET,120CM,15541973,"132,00",15537925NBR3282663,10/04/2026,13/07/2026,33,132084,"R$ 159,72"
7,DASS NORDESTE CALCADOS E ART ESPORT SA,137278,1299257,86978,ATAC. MR130027 6MM RECICLADO COR 4085/PET,120CM,15541973,"72,00",15537909NBR3282694,10/04/2026,13/07/2026,33,132084,"R$ 87,12"
7,DASS NORDESTE CALCADOS E ART ESPORT SA,137278,1299257,86978,ATAC. MR130027 6MM RECICLADO COR 4085/PET,120CM,15541973,"84,00",15537910NBR3282694,10/04/2026,13/07/2026,33,132084,"R$ 101,64"
7,DASS NORDESTE CALCADOS E ART ESPORT SA,137278,1299257,86978,ATAC. MR130027 6MM RECICLADO COR 4085/PET,120CM,15541973,"96,00",15537911NBR3282695,10/04/2026,13/07/2026,33,132084,"R$ 116,16"
7,DASS NORDESTE CALCADOS E ART ESPORT SA,137278,1299257,86978,ATAC. MR130027 6MM RECICLADO COR 4085/PET,120CM,15541973,"114,00",15537912NBR3282695,10/04/2026,13/07/2026,33,132084,"R$ 137,94"
7,DASS NORDESTE CALCADOS E ART ESPORT SA,137278,1301801,88671,ATAC. MR130027 6MM RECICLADO COR 4588/PET,105CM,15541973,"444,00",15537935NBR3282524,10/04/2026,13/07/2026,33,132084,"R$ 470,64"
7,DASS NORDESTE CALCADOS E ART ESPORT SA,137278,1301801,88671,ATAC. MR130027 6MM RECICLADO COR 4588/PET,105CM,15541973,"468,00",15537936NBR3282524,10/04/2026,13/07/2026,33,132084,"R$ 496,08"
7,DASS NORDESTE CALCADOS E ART ESPORT SA,137278,1301801,88671,ATAC. MR130027 6MM RECICLADO COR 4588/PET,110CM,15541973,"482,00",15537935NBR3282524,10/04/2026,13/07/2026,33,132084,"R$ 535,02"
7,DASS NORDESTE CALCADOS E ART ESPORT SA,137278,1301801,88671,ATAC. MR130027 6MM RECICLADO COR 4588/PET,110CM,15541973,"516,00",15537936NBR3282524,10/04/2026,13/07/2026,33,132084,"R$ 572,76"
7,DASS NORDESTE CALCADOS E ART ESPORT SA,137278,1301801,88671,ATAC. MR130027 6MM RECICLADO COR 4588/PET,115CM,15541973,"30,00",15537935NBR3282524,10/04/2026,13/07/2026,33,132084,"R$ 34,80"
7,DASS NORDESTE CALCADOS E ART ESPORT SA,137278,1301801,88671,ATAC. MR130027 6MM RECICLADO COR 4588/PET,115CM,15541973,"24,00",15537936NBR3282524,10/04/2026,13/07/2026,33,132084,"R$ 27,84"
7,DASS NORDESTE CALCADOS E ART ESPORT SA,137282,1362000,92431,ATAC. MR110022 7MM RECICLADO COR 4662/PET / COR 4758/PET,110CM,15541962,"638,00",15536258NBR3282659,10/04/2026,15/06/2026,5,132088,"R$ 433,84"
7,DASS NORDESTE CALCADOS E ART ESPORT SA,137282,1362000,92431,ATAC. MR110022 7MM RECICLADO COR 4662/PET / COR 4758/PET,110CM,15541962,"726,00",15536259NBR3282659,10/04/2026,15/06/2026,5,132088,"R$ 493,68"
7,DASS NORDESTE CALCADOS E ART ESPORT SA,137282,1362000,92431,ATAC. MR110022 7MM RECICLADO COR 4662/PET / COR 4758/PET,115CM,15541962,"30,00",15536258NBR3282659,10/04/2026,15/06/2026,5,132088,"R$ 21,30"
7,DASS NORDESTE CALCADOS E ART ESPORT SA,137282,1362000,92431,ATAC. MR110022 7MM RECICLADO COR 4662/PET / COR 4758/PET,115CM,15541962,"24,00",15536259NBR3282659,10/04/2026,15/06/2026,5,132088,"R$ 17,04"
7,DASS NORDESTE CALCADOS E ART ESPORT SA,137282,1408855,95027,ATAC. MR110022 7MM RECICLADO COR 4085/PET / COR 596/PET,110CM,15541962,"168,00",15536240NBR3282652,10/04/2026,15/06/2026,5,132088,"R$ 114,24"
7,DASS NORDESTE CALCADOS E ART ESPORT SA,137282,1408855,95027,ATAC. MR110022 7MM RECICLADO COR 4085/PET / COR 596/PET,110CM,15541962,"180,00",15536241NBR3282652,10/04/2026,15/06/2026,5,132088,"R$ 122,40"
7,DASS NORDESTE CALCADOS E ART ESPORT SA,137282,1408855,95027,ATAC. MR110022 7MM RECICLADO COR 4085/PET / COR 596/PET,110CM,15541962,"168,00",15536242NBR3282654,10/04/2026,15/06/2026,5,132088,"R$ 114,24"
7,DASS NORDESTE CALCADOS E ART ESPORT SA,137282,1408855,95027,ATAC. MR110022 7MM RECICLADO COR 4085/PET / COR 596/PET,110CM,15541962,"180,00",15536243NBR3282654,10/04/2026,15/06/2026,5,132088,"R$ 122,40"
7,DASS NORDESTE CALCADOS E ART ESPORT SA,137282,1408855,95027,ATAC. MR110022 7MM RECICLADO COR 4085/PET / COR 596/PET,110CM,15541962,"168,00",15536244NBR3282655,10/04/2026,15/06/2026,5,132088,"R$ 114,24"
7,DASS NORDESTE CALCADOS E ART ESPORT SA,137282,1408855,95027,ATAC. MR110022 7MM RECICLADO COR 4085/PET / COR 596/PET,110CM,15541962,"180,00",15536245NBR3282655,10/04/2026,15/06/2026,5,132088,"R$ 122,40"
7,DASS NORDESTE CALCADOS E ART ESPORT SA,137282,1408855,95027,ATAC. MR110022 7MM RECICLADO COR 4085/PET / COR 596/PET,110CM,15541962,"168,00",15536246NBR3282656,10/04/2026,15/06/2026,5,132088,"R$ 114,24"
7,DASS NORDESTE CALCADOS E ART ESPORT SA,137282,1408855,95027,ATAC. MR110022 7MM RECICLADO COR 4085/PET / COR 596/PET,110CM,15541962,"180,00",15536247NBR3282656,10/04/2026,15/06/2026,5,132088,"R$ 122,40"
7,DASS NORDESTE CALCADOS E ART ESPORT SA,137282,1408855,95027,ATAC. MR110022 7MM RECICLADO COR 4085/PET / COR 596/PET,115CM,15541962,"789,00",15536240NBR3282652,10/04/2026,15/06/2026,5,132088,"R$ 560,19"
7,DASS NORDESTE CALCADOS E ART ESPORT SA,137282,1408855,95027,ATAC. MR110022 7MM RECICLADO COR 4085/PET / COR 596/PET,115CM,15541962,"768,00",15536241NBR3282652,10/04/2026,15/06/2026,5,132088,"R$ 545,28"
7,DASS NORDESTE CALCADOS E ART ESPORT SA,137282,1408855,95027,ATAC. MR110022 7MM RECICLADO COR 4085/PET / COR 596/PET,115CM,15541962,"789,00",15536242NBR3282654,10/04/2026,15/06/2026,5,132088,"R$ 560,19"
7,DASS NORDESTE CALCADOS E ART ESPORT SA,137282,1408855,95027,ATAC. MR110022 7MM RECICLADO COR 4085/PET / COR 596/PET,115CM,15541962,"780,00",15536243NBR3282654,10/04/2026,15/06/2026,5,132088,"R$ 553,80"
7,DASS NORDESTE CALCADOS E ART ESPORT SA,137282,1408855,95027,ATAC. MR110022 7MM RECICLADO COR 4085/PET / COR 596/PET,115CM,15541962,"789,00",15536244NBR3282655,10/04/2026,15/06/2026,5,132088,"R$ 560,19"
7,DASS NORDESTE CALCADOS E ART ESPORT SA,137282,1408855,95027,ATAC. MR110022 7MM RECICLADO COR 4085/PET / COR 596/PET,115CM,15541962,"780,00",15536245NBR3282655,10/04/2026,15/06/2026,5,132088,"R$ 553,80"
7,DASS NORDESTE CALCADOS E ART ESPORT SA,137282,1408855,95027,ATAC. MR110022 7MM RECICLADO COR 4085/PET / COR 596/PET,115CM,15541962,"783,00",15536246NBR3282656,10/04/2026,15/06/2026,5,132088,"R$ 555,93"
7,DASS NORDESTE CALCADOS E ART ESPORT SA,137282,1408855,95027,ATAC. MR110022 7MM RECICLADO COR 4085/PET / COR 596/PET,115CM,15541962,"780,00",15536247NBR3282656,10/04/2026,15/06/2026,5,132088,"R$ 553,80"
7,DASS NORDESTE CALCADOS E ART ESPORT SA,137282,1408855,95027,ATAC. MR110022 7MM RECICLADO COR 4085/PET / COR 596/PET,120CM,15541962,"240,00",15536240NBR3282652,10/04/2026,15/06/2026,5,132088,"R$ 177,60"
7,DASS NORDESTE CALCADOS E ART ESPORT SA,137282,1408855,95027,ATAC. MR110022 7MM RECICLADO COR 4085/PET / COR 596/PET,120CM,15541962,"270,00",15536241NBR3282652,10/04/2026,15/06/2026,5,132088,"R$ 199,80"
7,DASS NORDESTE CALCADOS E ART ESPORT SA,137282,1408855,95027,ATAC. MR110022 7MM RECICLADO COR 4085/PET / COR 596/PET,120CM,15541962,"216,00",15536242NBR3282654,10/04/2026,15/06/2026,5,132088,"R$ 159,84"
7,DASS NORDESTE CALCADOS E ART ESPORT SA,137282,1408855,95027,ATAC. MR110022 7MM RECICLADO COR 4085/PET / COR 596/PET,120CM,15541962,"222,00",15536243NBR3282654,10/04/2026,15/06/2026,5,132088,"R$ 164,28"
7,DASS NORDESTE CALCADOS E ART ESPORT SA,137282,1408855,95027,ATAC. MR110022 7MM RECICLADO COR 4085/PET / COR 596/PET,120CM,15541962,"216,00",15536244NBR3282655,10/04/2026,15/06/2026,5,132088,"R$ 159,84"
7,DASS NORDESTE CALCADOS E ART ESPORT SA,137282,1408855,95027,ATAC. MR110022 7MM RECICLADO COR 4085/PET / COR 596/PET,120CM,15541962,"222,00",15536245NBR3282655,10/04/2026,15/06/2026,5,132088,"R$ 164,28"
7,DASS NORDESTE CALCADOS E ART ESPORT SA,137282,1408855,95027,ATAC. MR110022 7MM RECICLADO COR 4085/PET / COR 596/PET,120CM,15541962,"216,00",15536246NBR3282656,10/04/2026,15/06/2026,5,132088,"R$ 159,84"
7,DASS NORDESTE CALCADOS E ART ESPORT SA,137282,1408855,95027,ATAC. MR110022 7MM RECICLADO COR 4085/PET / COR 596/PET,120CM,15541962,"222,00",15536247NBR3282656,10/04/2026,15/06/2026,5,132088,"R$ 164,28"
7,DASS NORDESTE CALCADOS E ART ESPORT SA,137282,1299257,86978,ATAC. MR130027 6MM RECICLADO COR 4085/PET,110CM,15541962,"186,00",15537903NBR3282580,10/04/2026,15/06/2026,5,132088,"R$ 206,46"
7,DASS NORDESTE CALCADOS E ART ESPORT SA,137282,1299257,86978,ATAC. MR130027 6MM RECICLADO COR 4085/PET,110CM,15541962,"180,00",15537906NBR3282580,10/04/2026,15/06/2026,5,132088,"R$ 199,80"
7,DASS NORDESTE CALCADOS E ART ESPORT SA,137282,1299257,86978,ATAC. MR130027 6MM RECICLADO COR 4085/PET,110CM,15541962,"180,00",15537922NBR3282582,10/04/2026,15/06/2026,5,132088,"R$ 199,80"
7,DASS NORDESTE CALCADOS E ART ESPORT SA,137282,1299257,86978,ATAC. MR130027 6MM RECICLADO COR 4085/PET,110CM,15541962,"228,00",15537923NBR3282582,10/04/2026,15/06/2026,5,132088,"R$ 253,08"
7,DASS NORDESTE CALCADOS E ART ESPORT SA,137282,1299257,86978,ATAC. MR130027 6MM RECICLADO COR 4085/PET,115CM,15541962,"591,00",15537903NBR3282580,10/04/2026,15/06/2026,5,132088,"R$ 685,56"
7,DASS NORDESTE CALCADOS E ART ESPORT SA,137282,1299257,86978,ATAC. MR130027 6MM RECICLADO COR 4085/PET,115CM,15541962,"606,00",15537906NBR3282580,10/04/2026,15/06/2026,5,132088,"R$ 702,96"
7,DASS NORDESTE CALCADOS E ART ESPORT SA,137282,1299257,86978,ATAC. MR130027 6MM RECICLADO COR 4085/PET,115CM,15541962,"542,00",15537922NBR3282582,10/04/2026,15/06/2026,5,132088,"R$ 628,72"
7,DASS NORDESTE CALCADOS E ART ESPORT SA,137282,1299257,86978,ATAC. MR130027 6MM RECICLADO COR 4085/PET,115CM,15541962,"558,00",15537923NBR3282582,10/04/2026,15/06/2026,5,132088,"R$ 647,28"
7,DASS NORDESTE CALCADOS E ART ESPORT SA,137282,1299257,86978,ATAC. MR130027 6MM RECICLADO COR 4085/PET,120CM,15541962,"216,00",15537903NBR3282580,10/04/2026,15/06/2026,5,132088,"R$ 261,36"
7,DASS NORDESTE CALCADOS E ART ESPORT SA,137282,1299257,86978,ATAC. MR130027 6MM RECICLADO COR 4085/PET,120CM,15541962,"240,00",15537906NBR3282580,10/04/2026,15/06/2026,5,132088,"R$ 290,40"
7,DASS NORDESTE CALCADOS E ART ESPORT SA,137282,1299257,86978,ATAC. MR130027 6MM RECICLADO COR 4085/PET,120CM,15541962,"132,00",15537922NBR3282582,10/04/2026,15/06/2026,5,132088,"R$ 159,72"
7,DASS NORDESTE CALCADOS E ART ESPORT SA,137282,1299257,86978,ATAC. MR130027 6MM RECICLADO COR 4085/PET,120CM,15541962,"150,00",15537923NBR3282582,10/04/2026,15/06/2026,5,132088,"R$ 181,50"
7,DASS NORDESTE CALCADOS E ART ESPORT SA,137282,1324964,88593,ATAC. MR130027 6MM RECICLADO COR 5641,95CM,15541962,"432,00",15538749NBR33437,10/04/2026,15/06/2026,5,132088,"R$ 414,72"
7,DASS NORDESTE CALCADOS E ART ESPORT SA,137282,1324964,88593,ATAC. MR130027 6MM RECICLADO COR 5641,100CM,15541962,"554,00",15538749NBR33437,10/04/2026,15/06/2026,5,132088,"R$ 559,54"
7,DASS NORDESTE CALCADOS E ART ESPORT SA,137282,1324964,88593,ATAC. MR130027 6MM RECICLADO COR 5641,105CM,15541962,"66,00",15538749NBR33437,10/04/2026,15/06/2026,5,132088,"R$ 69,96"
7,DASS NORDESTE CALCADOS E ART ESPORT SA,137282,1410668,95028,ATAC. MR130027 6MM RECICLADO COR 5422/PET,100CM,15541962,"168,00",15538740NBR3282543,10/04/2026,15/06/2026,5,132088,"R$ 169,68"
7,DASS NORDESTE CALCADOS E ART ESPORT SA,137282,1410668,95028,ATAC. MR130027 6MM RECICLADO COR 5422/PET,100CM,15541962,"216,00",15538741NBR3282543,10/04/2026,15/06/2026,5,132088,"R$ 218,16"
7,DASS NORDESTE CALCADOS E ART ESPORT SA,137282,1410668,95028,ATAC. MR130027 6MM RECICLADO COR 5422/PET,105CM,15541962,"578,00",15538740NBR3282543,10/04/2026,15/06/2026,5,132088,"R$ 612,68"
7,DASS NORDESTE CALCADOS E ART ESPORT SA,137282,1410668,95028,ATAC. MR130027 6MM RECICLADO COR 5422/PET,105CM,15541962,"594,00",15538741NBR3282543,10/04/2026,15/06/2026,5,132088,"R$ 629,64"
7,DASS NORDESTE CALCADOS E ART ESPORT SA,137282,1410668,95028,ATAC. MR130027 6MM RECICLADO COR 5422/PET,110CM,15541962,"156,00",15538740NBR3282543,10/04/2026,15/06/2026,5,132088,"R$ 173,16"
7,DASS NORDESTE CALCADOS E ART ESPORT SA,137282,1410668,95028,ATAC. MR130027 6MM RECICLADO COR 5422/PET,110CM,15541962,"186,00",15538741NBR3282543,10/04/2026,15/06/2026,5,132088,"R$ 206,46"
7,DASS NORDESTE CALCADOS E ART ESPORT SA,137282,1409832,95029,ATAC. MR130027 6MM RECICLADO COR 6070/PET,105CM,15541962,"474,00",15537957NBR33453,10/04/2026,15/06/2026,5,132088,"R$ 502,44"
7,DASS NORDESTE CALCADOS E ART ESPORT SA,137282,1409832,95029,ATAC. MR130027 6MM RECICLADO COR 6070/PET,110CM,15541962,"548,00",15537957NBR33453,10/04/2026,15/06/2026,5,132088,"R$ 608,28"
7,DASS NORDESTE CALCADOS E ART ESPORT SA,137282,1409832,95029,ATAC. MR130027 6MM RECICLADO COR 6070/PET,115CM,15541962,"42,00",15537957NBR33453,10/04/2026,15/06/2026,5,132088,"R$ 48,72"
7,DASS NORDESTE CALCADOS E ART ESPORT SA,137284,1304277,88668,ATAC. MR110022 7MM RECICLADO COR 4085/PET / COR 496/PET,110CM,15541965,"734,00",15536236NBR3282639,10/04/2026,22/06/2026,12,132090,"R$ 499,12"
7,DASS NORDESTE CALCADOS E ART ESPORT SA,137284,1304277,88668,ATAC. MR110022 7MM RECICLADO COR 4085/PET / COR 496/PET,110CM,15541965,"768,00",15536237NBR3282639,10/04/2026,22/06/2026,12,132090,"R$ 522,24"
7,DASS NORDESTE CALCADOS E ART ESPORT SA,137284,1304277,88668,ATAC. MR110022 7MM RECICLADO COR 4085/PET / COR 496/PET,110CM,15541965,"216,00",15536221NBR3282642,10/04/2026,22/06/2026,12,132090,"R$ 146,88"
7,DASS NORDESTE CALCADOS E ART ESPORT SA,137284,1304277,88668,ATAC. MR110022 7MM RECICLADO COR 4085/PET / COR 496/PET,110CM,15541965,"240,00",15536222NBR3282642,10/04/2026,22/06/2026,12,132090,"R$ 163,20"
7,DASS NORDESTE CALCADOS E ART ESPORT SA,137284,1304277,88668,ATAC. MR110022 7MM RECICLADO COR 4085/PET / COR 496/PET,110CM,15541965,"746,00",15536238NBR3282650,10/04/2026,22/06/2026,12,132090,"R$ 507,28"
7,DASS NORDESTE CALCADOS E ART ESPORT SA,137284,1304277,88668,ATAC. MR110022 7MM RECICLADO COR 4085/PET / COR 496/PET,110CM,15541965,"810,00",15536239NBR3282650,10/04/2026,22/06/2026,12,132090,"R$ 550,80"
7,DASS NORDESTE CALCADOS E ART ESPORT SA,137284,1304277,88668,ATAC. MR110022 7MM RECICLADO COR 4085/PET / COR 496/PET,115CM,15541965,"30,00",15536236NBR3282639,10/04/2026,22/06/2026,12,132090,"R$ 21,30"
7,DASS NORDESTE CALCADOS E ART ESPORT SA,137284,1304277,88668,ATAC. MR110022 7MM RECICLADO COR 4085/PET / COR 496/PET,115CM,15541965,"12,00",15536237NBR3282639,10/04/2026,22/06/2026,12,132090,"R$ 8,52"
7,DASS NORDESTE CALCADOS E ART ESPORT SA,137284,1304277,88668,ATAC. MR110022 7MM RECICLADO COR 4085/PET / COR 496/PET,115CM,15541965,"494,00",15536221NBR3282642,10/04/2026,22/06/2026,12,132090,"R$ 350,74"
7,DASS NORDESTE CALCADOS E ART ESPORT SA,137284,1304277,88668,ATAC. MR110022 7MM RECICLADO COR 4085/PET / COR 496/PET,115CM,15541965,"498,00",15536222NBR3282642,10/04/2026,22/06/2026,12,132090,"R$ 353,58"
7,DASS NORDESTE CALCADOS E ART ESPORT SA,137284,1304277,88668,ATAC. MR110022 7MM RECICLADO COR 4085/PET / COR 496/PET,115CM,15541965,"48,00",15536238NBR3282650,10/04/2026,22/06/2026,12,132090,"R$ 34,08"
7,DASS NORDESTE CALCADOS E ART ESPORT SA,137284,1304277,88668,ATAC. MR110022 7MM RECICLADO COR 4085/PET / COR 496/PET,115CM,15541965,"24,00",15536239NBR3282650,10/04/2026,22/06/2026,12,132090,"R$ 17,04"
7,DASS NORDESTE CALCADOS E ART ESPORT SA,137284,1304277,88668,ATAC. MR110022 7MM RECICLADO COR 4085/PET / COR 496/PET,120CM,15541965,"96,00",15536221NBR3282642,10/04/2026,22/06/2026,12,132090,"R$ 71,04"
7,DASS NORDESTE CALCADOS E ART ESPORT SA,137284,1304277,88668,ATAC. MR110022 7MM RECICLADO COR 4085/PET / COR 496/PET,120CM,15541965,"126,00",15536222NBR3282642,10/04/2026,22/06/2026,12,132090,"R$ 93,24"
7,DASS NORDESTE CALCADOS E ART ESPORT SA,137284,1362000,92431,ATAC. MR110022 7MM RECICLADO COR 4662/PET / COR 4758/PET,110CM,15541965,"602,00",15536256NBR3282641,10/04/2026,22/06/2026,12,132090,"R$ 409,36"
7,DASS NORDESTE CALCADOS E ART ESPORT SA,137284,1362000,92431,ATAC. MR110022 7MM RECICLADO COR 4662/PET / COR 4758/PET,110CM,15541965,"672,00",15536257NBR3282641,10/04/2026,22/06/2026,12,132090,"R$ 456,96"
7,DASS NORDESTE CALCADOS E ART ESPORT SA,137284,1362000,92431,ATAC. MR110022 7MM RECICLADO COR 4662/PET / COR 4758/PET,110CM,15541965,"987,00",15536260NBR33425-A,10/04/2026,22/06/2026,12,132090,"R$ 671,16"
7,DASS NORDESTE CALCADOS E ART ESPORT SA,137284,1362000,92431,ATAC. MR110022 7MM RECICLADO COR 4662/PET / COR 4758/PET,110CM,15541965,"1.056,00",15536261NBR33425-B,10/04/2026,22/06/2026,12,132090,"R$ 718,08"
7,DASS NORDESTE CALCADOS E ART ESPORT SA,137284,1362000,92431,ATAC. MR110022 7MM RECICLADO COR 4662/PET / COR 4758/PET,115CM,15541965,"18,00",15536256NBR3282641,10/04/2026,22/06/2026,12,132090,"R$ 12,78"
7,DASS NORDESTE CALCADOS E ART ESPORT SA,137284,1362000,92431,ATAC. MR110022 7MM RECICLADO COR 4662/PET / COR 4758/PET,115CM,15541965,"18,00",15536260NBR33425-A,10/04/2026,22/06/2026,12,132090,"R$ 12,78"
7,DASS NORDESTE CALCADOS E ART ESPORT SA,137284,1408855,95027,ATAC. MR110022 7MM RECICLADO COR 4085/PET / COR 596/PET,110CM,15541965,"240,00",15536248NBR3282662,10/04/2026,22/06/2026,12,132090,"R$ 163,20"
7,DASS NORDESTE CALCADOS E ART ESPORT SA,137284,1408855,95027,ATAC. MR110022 7MM RECICLADO COR 4085/PET / COR 596/PET,110CM,15541965,"240,00",15536249NBR3282662,10/04/2026,22/06/2026,12,132090,"R$ 163,20"
7,DASS NORDESTE CALCADOS E ART ESPORT SA,137284,1408855,95027,ATAC. MR110022 7MM RECICLADO COR 4085/PET / COR 596/PET,110CM,15541965,"264,00",15536250NBR3282662,10/04/2026,22/06/2026,12,132090,"R$ 179,52"
7,DASS NORDESTE CALCADOS E ART ESPORT SA,137284,1408855,95027,ATAC. MR110022 7MM RECICLADO COR 4085/PET / COR 596/PET,115CM,15541965,"573,00",15536248NBR3282662,10/04/2026,22/06/2026,12,132090,"R$ 406,83"
7,DASS NORDESTE CALCADOS E ART ESPORT SA,137284,1408855,95027,ATAC. MR110022 7MM RECICLADO COR 4085/PET / COR 596/PET,115CM,15541965,"552,00",15536249NBR3282662,10/04/2026,22/06/2026,12,132090,"R$ 391,92"
7,DASS NORDESTE CALCADOS E ART ESPORT SA,137284,1408855,95027,ATAC. MR110022 7MM RECICLADO COR 4085/PET / COR 596/PET,115CM,15541965,"570,00",15536250NBR3282662,10/04/2026,22/06/2026,12,132090,"R$ 404,70"
7,DASS NORDESTE CALCADOS E ART ESPORT SA,137284,1408855,95027,ATAC. MR110022 7MM RECICLADO COR 4085/PET / COR 596/PET,120CM,15541965,"144,00",15536248NBR3282662,10/04/2026,22/06/2026,12,132090,"R$ 106,56"
7,DASS NORDESTE CALCADOS E ART ESPORT SA,137284,1408855,95027,ATAC. MR110022 7MM RECICLADO COR 4085/PET / COR 596/PET,120CM,15541965,"132,00",15536249NBR3282662,10/04/2026,22/06/2026,12,132090,"R$ 97,68"
7,DASS NORDESTE CALCADOS E ART ESPORT SA,137284,1408855,95027,ATAC. MR110022 7MM RECICLADO COR 4085/PET / COR 596/PET,120CM,15541965,"162,00",15536250NBR3282662,10/04/2026,22/06/2026,12,132090,"R$ 119,88"
7,DASS NORDESTE CALCADOS E ART ESPORT SA,137284,1299257,86978,ATAC. MR130027 6MM RECICLADO COR 4085/PET,100CM,15541965,"168,00",15538710NBR3282542,10/04/2026,22/06/2026,12,132090,"R$ 169,68"
7,DASS NORDESTE CALCADOS E ART ESPORT SA,137284,1299257,86978,ATAC. MR130027 6MM RECICLADO COR 4085/PET,100CM,15541965,"168,00",15538711NBR3282542,10/04/2026,22/06/2026,12,132090,"R$ 169,68"
7,DASS NORDESTE CALCADOS E ART ESPORT SA,137284,1299257,86978,ATAC. MR130027 6MM RECICLADO COR 4085/PET,100CM,15541965,"192,00",15538712NBR3282542,10/04/2026,22/06/2026,12,132090,"R$ 193,92"
7,DASS NORDESTE CALCADOS E ART ESPORT SA,137284,1299257,86978,ATAC. MR130027 6MM RECICLADO COR 4085/PET,100CM,15541965,"168,00",15538691NBR3282605,10/04/2026,22/06/2026,12,132090,"R$ 169,68"
7,DASS NORDESTE CALCADOS E ART ESPORT SA,137284,1299257,86978,ATAC. MR130027 6MM RECICLADO COR 4085/PET,100CM,15541965,"186,00",15538692NBR3282605,10/04/2026,22/06/2026,12,132090,"R$ 187,86"
7,DASS NORDESTE CALCADOS E ART ESPORT SA,137284,1299257,86978,ATAC. MR130027 6MM RECICLADO COR 4085/PET,105CM,15541965,"537,00",15538710NBR3282542,10/04/2026,22/06/2026,12,132090,"R$ 569,22"
7,DASS NORDESTE CALCADOS E ART ESPORT SA,137284,1299257,86978,ATAC. MR130027 6MM RECICLADO COR 4085/PET,105CM,15541965,"528,00",15538711NBR3282542,10/04/2026,22/06/2026,12,132090,"R$ 559,68"
7,DASS NORDESTE CALCADOS E ART ESPORT SA,137284,1299257,86978,ATAC. MR130027 6MM RECICLADO COR 4085/PET,105CM,15541965,"552,00",15538712NBR3282542,10/04/2026,22/06/2026,12,132090,"R$ 585,12"
7,DASS NORDESTE CALCADOS E ART ESPORT SA,137284,1299257,86978,ATAC. MR130027 6MM RECICLADO COR 4085/PET,105CM,15541965,"536,00",15538691NBR3282605,10/04/2026,22/06/2026,12,132090,"R$ 568,16"
7,DASS NORDESTE CALCADOS E ART ESPORT SA,137284,1299257,86978,ATAC. MR130027 6MM RECICLADO COR 4085/PET,105CM,15541965,"546,00",15538692NBR3282605,10/04/2026,22/06/2026,12,132090,"R$ 578,76"
7,DASS NORDESTE CALCADOS E ART ESPORT SA,137284,1299257,86978,ATAC. MR130027 6MM RECICLADO COR 4085/PET,110CM,15541965,"156,00",15538710NBR3282542,10/04/2026,22/06/2026,12,132090,"R$ 173,16"
7,DASS NORDESTE CALCADOS E ART ESPORT SA,137284,1299257,86978,ATAC. MR130027 6MM RECICLADO COR 4085/PET,110CM,15541965,"144,00",15538711NBR3282542,10/04/2026,22/06/2026,12,132090,"R$ 159,84"
7,DASS NORDESTE CALCADOS E ART ESPORT SA,137284,1299257,86978,ATAC. MR130027 6MM RECICLADO COR 4085/PET,110CM,15541965,"168,00",15538712NBR3282542,10/04/2026,22/06/2026,12,132090,"R$ 186,48"
7,DASS NORDESTE CALCADOS E ART ESPORT SA,137284,1299257,86978,ATAC. MR130027 6MM RECICLADO COR 4085/PET,110CM,15541965,"144,00",15538691NBR3282605,10/04/2026,22/06/2026,12,132090,"R$ 159,84"
7,DASS NORDESTE CALCADOS E ART ESPORT SA,137284,1299257,86978,ATAC. MR130027 6MM RECICLADO COR 4085/PET,110CM,15541965,"174,00",15538692NBR3282605,10/04/2026,22/06/2026,12,132090,"R$ 193,14"
7,DASS NORDESTE CALCADOS E ART ESPORT SA,137284,1301801,88671,ATAC. MR130027 6MM RECICLADO COR 4588/PET,105CM,15541965,"516,00",15537937NBR3282525,10/04/2026,22/06/2026,12,132090,"R$ 546,96"
7,DASS NORDESTE CALCADOS E ART ESPORT SA,137284,1301801,88671,ATAC. MR130027 6MM RECICLADO COR 4588/PET,105CM,15541965,"558,00",15537938NBR3282525,10/04/2026,22/06/2026,12,132090,"R$ 591,48"
7,DASS NORDESTE CALCADOS E ART ESPORT SA,137284,1301801,88671,ATAC. MR130027 6MM RECICLADO COR 4588/PET,110CM,15541965,"555,00",15537937NBR3282525,10/04/2026,22/06/2026,12,132090,"R$ 616,05"
7,DASS NORDESTE CALCADOS E ART ESPORT SA,137284,1301801,88671,ATAC. MR130027 6MM RECICLADO COR 4588/PET,110CM,15541965,"594,00",15537938NBR3282525,10/04/2026,22/06/2026,12,132090,"R$ 659,34"
7,DASS NORDESTE CALCADOS E ART ESPORT SA,137284,1301801,88671,ATAC. MR130027 6MM RECICLADO COR 4588/PET,115CM,15541965,"18,00",15537937NBR3282525,10/04/2026,22/06/2026,12,132090,"R$ 20,88"
7,DASS NORDESTE CALCADOS E ART ESPORT SA,137284,1301801,88671,ATAC. MR130027 6MM RECICLADO COR 4588/PET,115CM,15541965,"12,00",15537938NBR3282525,10/04/2026,22/06/2026,12,132090,"R$ 13,92"
7,DASS NORDESTE CALCADOS E ART ESPORT SA,137284,1384403,93774,ATAC. MR130027 6MM RECICLADO COR 6077/PET,110CM,15541965,"156,00",15537966NBR33381-A,10/04/2026,22/06/2026,12,132090,"R$ 173,16"
7,DASS NORDESTE CALCADOS E ART ESPORT SA,137284,1384403,93774,ATAC. MR130027 6MM RECICLADO COR 6077/PET,110CM,15541965,"174,00",15537967NBR33381-B,10/04/2026,22/06/2026,12,132090,"R$ 193,14"
7,DASS NORDESTE CALCADOS E ART ESPORT SA,137284,1384403,93774,ATAC. MR130027 6MM RECICLADO COR 6077/PET,115CM,15541965,"410,00",15537966NBR33381-A,10/04/2026,22/06/2026,12,132090,"R$ 475,60"
7,DASS NORDESTE CALCADOS E ART ESPORT SA,137284,1384403,93774,ATAC. MR130027 6MM RECICLADO COR 6077/PET,115CM,15541965,"420,00",15537967NBR33381-B,10/04/2026,22/06/2026,12,132090,"R$ 487,20"
7,DASS NORDESTE CALCADOS E ART ESPORT SA,137284,1384403,93774,ATAC. MR130027 6MM RECICLADO COR 6077/PET,120CM,15541965,"72,00",15537966NBR33381-A,10/04/2026,22/06/2026,12,132090,"R$ 87,12"
7,DASS NORDESTE CALCADOS E ART ESPORT SA,137284,1384403,93774,ATAC. MR130027 6MM RECICLADO COR 6077/PET,120CM,15541965,"60,00",15537967NBR33381-B,10/04/2026,22/06/2026,12,132090,"R$ 72,60"
7,DASS NORDESTE CALCADOS E ART ESPORT SA,137284,1409832,95029,ATAC. MR130027 6MM RECICLADO COR 6070/PET,105CM,15541965,"456,00",15537955NBR33452-A,10/04/2026,22/06/2026,12,132090,"R$ 483,36"
7,DASS NORDESTE CALCADOS E ART ESPORT SA,137284,1409832,95029,ATAC. MR130027 6MM RECICLADO COR 6070/PET,105CM,15541965,"474,00",15537956NBR33452-B,10/04/2026,22/06/2026,12,132090,"R$ 502,44"
7,DASS NORDESTE CALCADOS E ART ESPORT SA,137284,1409832,95029,ATAC. MR130027 6MM RECICLADO COR 6070/PET,110CM,15541965,"531,00",15537955NBR33452-A,10/04/2026,22/06/2026,12,132090,"R$ 589,41"
7,DASS NORDESTE CALCADOS E ART ESPORT SA,137284,1409832,95029,ATAC. MR130027 6MM RECICLADO COR 6070/PET,110CM,15541965,"558,00",15537956NBR33452-B,10/04/2026,22/06/2026,12,132090,"R$ 619,38"
7,DASS NORDESTE CALCADOS E ART ESPORT SA,137284,1409832,95029,ATAC. MR130027 6MM RECICLADO COR 6070/PET,115CM,15541965,"84,00",15537955NBR33452-A,10/04/2026,22/06/2026,12,132090,"R$ 97,44"
7,DASS NORDESTE CALCADOS E ART ESPORT SA,137284,1409832,95029,ATAC. MR130027 6MM RECICLADO COR 6070/PET,115CM,15541965,"72,00",15537956NBR33452-B,10/04/2026,22/06/2026,12,132090,"R$ 83,52"
7,DASS NORDESTE CALCADOS E ART ESPORT SA,137285,1304277,88668,ATAC. MR110022 7MM RECICLADO COR 4085/PET / COR 496/PET,110CM,15541967,"819,00",15536915NBR3282658,10/04/2026,29/06/2026,19,132091,"R$ 556,92"
7,DASS NORDESTE CALCADOS E ART ESPORT SA,137285,1304277,88668,ATAC. MR110022 7MM RECICLADO COR 4085/PET / COR 496/PET,110CM,15541967,"768,00",15536916NBR3282658,10/04/2026,29/06/2026,19,132091,"R$ 522,24"
7,DASS NORDESTE CALCADOS E ART ESPORT SA,137285,1304277,88668,ATAC. MR110022 7MM RECICLADO COR 4085/PET / COR 496/PET,110CM,15541967,"840,00",15536917NBR3282658,10/04/2026,29/06/2026,19,132091,"R$ 571,20"
7,DASS NORDESTE CALCADOS E ART ESPORT SA,137285,1304277,88668,ATAC. MR110022 7MM RECICLADO COR 4085/PET / COR 496/PET,115CM,15541967,"18,00",15536915NBR3282658,10/04/2026,29/06/2026,19,132091,"R$ 12,78"
7,DASS NORDESTE CALCADOS E ART ESPORT SA,137285,1304277,88668,ATAC. MR110022 7MM RECICLADO COR 4085/PET / COR 496/PET,115CM,15541967,"24,00",15536916NBR3282658,10/04/2026,29/06/2026,19,132091,"R$ 17,04"
7,DASS NORDESTE CALCADOS E ART ESPORT SA,137285,1362000,92431,ATAC. MR110022 7MM RECICLADO COR 4662/PET / COR 4758/PET,110CM,15541967,"987,00",15536944NBR33428-A,10/04/2026,29/06/2026,19,132091,"R$ 671,16"
7,DASS NORDESTE CALCADOS E ART ESPORT SA,137285,1362000,92431,ATAC. MR110022 7MM RECICLADO COR 4662/PET / COR 4758/PET,110CM,15541967,"1.038,00",15536945NBR33428-B,10/04/2026,29/06/2026,19,132091,"R$ 705,84"
7,DASS NORDESTE CALCADOS E ART ESPORT SA,137285,1362000,92431,ATAC. MR110022 7MM RECICLADO COR 4662/PET / COR 4758/PET,115CM,15541967,"18,00",15536944NBR33428-A,10/04/2026,29/06/2026,19,132091,"R$ 12,78"
7,DASS NORDESTE CALCADOS E ART ESPORT SA,137285,1413116,94788,ATAC. MR110022 7MM RECICLADO COR 6140/PET / COR 5687/PET,110CM,15541967,"1.119,00",15536952NBR3282577,10/04/2026,29/06/2026,19,132091,"R$ 760,92"
7,DASS NORDESTE CALCADOS E ART ESPORT SA,137285,1413116,94788,ATAC. MR110022 7MM RECICLADO COR 6140/PET / COR 5687/PET,110CM,15541967,"1.188,00",15536953NBR3282577,10/04/2026,29/06/2026,19,132091,"R$ 807,84"
7,DASS NORDESTE CALCADOS E ART ESPORT SA,137285,1413116,94788,ATAC. MR110022 7MM RECICLADO COR 6140/PET / COR 5687/PET,115CM,15541967,"18,00",15536952NBR3282577,10/04/2026,29/06/2026,19,132091,"R$ 12,78"
7,DASS NORDESTE CALCADOS E ART ESPORT SA,137285,1413116,94788,ATAC. MR110022 7MM RECICLADO COR 6140/PET / COR 5687/PET,115CM,15541967,"24,00",15536953NBR3282577,10/04/2026,29/06/2026,19,132091,"R$ 17,04"
7,DASS NORDESTE CALCADOS E ART ESPORT SA,137285,1413117,95026,ATAC. MR110022 7MM RECICLADO COR 6146/PET / COR 492/PET,110CM,15541967,"264,00",15536946NBR3282660,10/04/2026,29/06/2026,19,132091,"R$ 179,52"
7,DASS NORDESTE CALCADOS E ART ESPORT SA,137285,1413117,95026,ATAC. MR110022 7MM RECICLADO COR 6146/PET / COR 492/PET,115CM,15541967,"728,00",15536946NBR3282660,10/04/2026,29/06/2026,19,132091,"R$ 516,88"
7,DASS NORDESTE CALCADOS E ART ESPORT SA,137285,1413117,95026,ATAC. MR110022 7MM RECICLADO COR 6146/PET / COR 492/PET,120CM,15541967,"162,00",15536946NBR3282660,10/04/2026,29/06/2026,19,132091,"R$ 119,88"
7,DASS NORDESTE CALCADOS E ART ESPORT SA,137285,1408855,95027,ATAC. MR110022 7MM RECICLADO COR 4085/PET / COR 596/PET,110CM,15541967,"180,00",15536921NBR3282643,10/04/2026,29/06/2026,19,132091,"R$ 122,40"
7,DASS NORDESTE CALCADOS E ART ESPORT SA,137285,1408855,95027,ATAC. MR110022 7MM RECICLADO COR 4085/PET / COR 596/PET,110CM,15541967,"162,00",15536922NBR3282643,10/04/2026,29/06/2026,19,132091,"R$ 110,16"
7,DASS NORDESTE CALCADOS E ART ESPORT SA,137285,1408855,95027,ATAC. MR110022 7MM RECICLADO COR 4085/PET / COR 596/PET,115CM,15541967,"464,00",15536921NBR3282643,10/04/2026,29/06/2026,19,132091,"R$ 329,44"
7,DASS NORDESTE CALCADOS E ART ESPORT SA,137285,1408855,95027,ATAC. MR110022 7MM RECICLADO COR 4085/PET / COR 596/PET,115CM,15541967,"468,00",15536922NBR3282643,10/04/2026,29/06/2026,19,132091,"R$ 332,28"
7,DASS NORDESTE CALCADOS E ART ESPORT SA,137285,1408855,95027,ATAC. MR110022 7MM RECICLADO COR 4085/PET / COR 596/PET,120CM,15541967,"96,00",15536921NBR3282643,10/04/2026,29/06/2026,19,132091,"R$ 71,04"
7,DASS NORDESTE CALCADOS E ART ESPORT SA,137285,1408855,95027,ATAC. MR110022 7MM RECICLADO COR 4085/PET / COR 596/PET,120CM,15541967,"102,00",15536922NBR3282643,10/04/2026,29/06/2026,19,132091,"R$ 75,48"
7,DASS NORDESTE CALCADOS E ART ESPORT SA,137285,1299257,86978,ATAC. MR130027 6MM RECICLADO COR 4085/PET,100CM,15541967,"168,00",15538693NBR3282606,10/04/2026,29/06/2026,19,132091,"R$ 169,68"
7,DASS NORDESTE CALCADOS E ART ESPORT SA,137285,1299257,86978,ATAC. MR130027 6MM RECICLADO COR 4085/PET,100CM,15541967,"180,00",15538694NBR3282606,10/04/2026,29/06/2026,19,132091,"R$ 181,80"
7,DASS NORDESTE CALCADOS E ART ESPORT SA,137285,1299257,86978,ATAC. MR130027 6MM RECICLADO COR 4085/PET,100CM,15541967,"156,00",15538698NBR3282625,10/04/2026,29/06/2026,19,132091,"R$ 157,56"
7,DASS NORDESTE CALCADOS E ART ESPORT SA,137285,1299257,86978,ATAC. MR130027 6MM RECICLADO COR 4085/PET,100CM,15541967,"144,00",15538699NBR3282625,10/04/2026,29/06/2026,19,132091,"R$ 145,44"
7,DASS NORDESTE CALCADOS E ART ESPORT SA,137285,1299257,86978,ATAC. MR130027 6MM RECICLADO COR 4085/PET,100CM,15541967,"168,00",15538701NBR3282625,10/04/2026,29/06/2026,19,132091,"R$ 169,68"
7,DASS NORDESTE CALCADOS E ART ESPORT SA,137285,1299257,86978,ATAC. MR130027 6MM RECICLADO COR 4085/PET,105CM,15541967,"536,00",15538693NBR3282606,10/04/2026,29/06/2026,19,132091,"R$ 568,16"
7,DASS NORDESTE CALCADOS E ART ESPORT SA,137285,1299257,86978,ATAC. MR130027 6MM RECICLADO COR 4085/PET,105CM,15541967,"546,00",15538694NBR3282606,10/04/2026,29/06/2026,19,132091,"R$ 578,76"
7,DASS NORDESTE CALCADOS E ART ESPORT SA,137285,1299257,86978,ATAC. MR130027 6MM RECICLADO COR 4085/PET,105CM,15541967,"489,00",15538698NBR3282625,10/04/2026,29/06/2026,19,132091,"R$ 518,34"
7,DASS NORDESTE CALCADOS E ART ESPORT SA,137285,1299257,86978,ATAC. MR130027 6MM RECICLADO COR 4085/PET,105CM,15541967,"456,00",15538699NBR3282625,10/04/2026,29/06/2026,19,132091,"R$ 483,36"
7,DASS NORDESTE CALCADOS E ART ESPORT SA,137285,1299257,86978,ATAC. MR130027 6MM RECICLADO COR 4085/PET,105CM,15541967,"492,00",15538701NBR3282625,10/04/2026,29/06/2026,19,132091,"R$ 521,52"
7,DASS NORDESTE CALCADOS E ART ESPORT SA,137285,1299257,86978,ATAC. MR130027 6MM RECICLADO COR 4085/PET,110CM,15541967,"144,00",15538693NBR3282606,10/04/2026,29/06/2026,19,132091,"R$ 159,84"
7,DASS NORDESTE CALCADOS E ART ESPORT SA,137285,1299257,86978,ATAC. MR130027 6MM RECICLADO COR 4085/PET,110CM,15541967,"168,00",15538694NBR3282606,10/04/2026,29/06/2026,19,132091,"R$ 186,48"
7,DASS NORDESTE CALCADOS E ART ESPORT SA,137285,1299257,86978,ATAC. MR130027 6MM RECICLADO COR 4085/PET,110CM,15541967,"144,00",15538698NBR3282625,10/04/2026,29/06/2026,19,132091,"R$ 159,84"
7,DASS NORDESTE CALCADOS E ART ESPORT SA,137285,1299257,86978,ATAC. MR130027 6MM RECICLADO COR 4085/PET,110CM,15541967,"120,00",15538699NBR3282625,10/04/2026,29/06/2026,19,132091,"R$ 133,20"
7,DASS NORDESTE CALCADOS E ART ESPORT SA,137285,1299257,86978,ATAC. MR130027 6MM RECICLADO COR 4085/PET,110CM,15541967,"150,00",15538701NBR3282625,10/04/2026,29/06/2026,19,132091,"R$ 166,50"
7,DASS NORDESTE CALCADOS E ART ESPORT SA,137285,1301801,88671,ATAC. MR130027 6MM RECICLADO COR 4588/PET,105CM,15541967,"444,00",15537939NBR3282545,10/04/2026,29/06/2026,19,132091,"R$ 470,64"
7,DASS NORDESTE CALCADOS E ART ESPORT SA,137285,1301801,88671,ATAC. MR130027 6MM RECICLADO COR 4588/PET,105CM,15541967,"468,00",15537940NBR3282545,10/04/2026,29/06/2026,19,132091,"R$ 496,08"
7,DASS NORDESTE CALCADOS E ART ESPORT SA,137285,1301801,88671,ATAC. MR130027 6MM RECICLADO COR 4588/PET,110CM,15541967,"482,00",15537939NBR3282545,10/04/2026,29/06/2026,19,132091,"R$ 535,02"
7,DASS NORDESTE CALCADOS E ART ESPORT SA,137285,1301801,88671,ATAC. MR130027 6MM RECICLADO COR 4588/PET,110CM,15541967,"516,00",15537940NBR3282545,10/04/2026,29/06/2026,19,132091,"R$ 572,76"
7,DASS NORDESTE CALCADOS E ART ESPORT SA,137285,1301801,88671,ATAC. MR130027 6MM RECICLADO COR 4588/PET,115CM,15541967,"30,00",15537939NBR3282545,10/04/2026,29/06/2026,19,132091,"R$ 34,80"
7,DASS NORDESTE CALCADOS E ART ESPORT SA,137285,1301801,88671,ATAC. MR130027 6MM RECICLADO COR 4588/PET,115CM,15541967,"24,00",15537940NBR3282545,10/04/2026,29/06/2026,19,132091,"R$ 27,84"
7,DASS NORDESTE CALCADOS E ART ESPORT SA,137285,1409834,93450,ATAC. MR130027 6MM RECICLADO COR 057/PET,110CM,15541967,"186,00",15537933NBR3282666,10/04/2026,29/06/2026,19,132091,"R$ 206,46"
7,DASS NORDESTE CALCADOS E ART ESPORT SA,137285,1409834,93450,ATAC. MR130027 6MM RECICLADO COR 057/PET,110CM,15541967,"174,00",15537934NBR3282666,10/04/2026,29/06/2026,19,132091,"R$ 193,14"
7,DASS NORDESTE CALCADOS E ART ESPORT SA,137285,1409834,93450,ATAC. MR130027 6MM RECICLADO COR 057/PET,115CM,15541967,"494,00",15537933NBR3282666,10/04/2026,29/06/2026,19,132091,"R$ 573,04"
7,DASS NORDESTE CALCADOS E ART ESPORT SA,137285,1409834,93450,ATAC. MR130027 6MM RECICLADO COR 057/PET,115CM,15541967,"498,00",15537934NBR3282666,10/04/2026,29/06/2026,19,132091,"R$ 577,68"
7,DASS NORDESTE CALCADOS E ART ESPORT SA,137285,1409834,93450,ATAC. MR130027 6MM RECICLADO COR 057/PET,120CM,15541967,"72,00",15537933NBR3282666,10/04/2026,29/06/2026,19,132091,"R$ 87,12"
7,DASS NORDESTE CALCADOS E ART ESPORT SA,137285,1409834,93450,ATAC. MR130027 6MM RECICLADO COR 057/PET,120CM,15541967,"66,00",15537934NBR3282666,10/04/2026,29/06/2026,19,132091,"R$ 79,86"
7,DASS NORDESTE CALCADOS E ART ESPORT SA,137285,1409833,95030,ATAC. MR130027 6MM RECICLADO COR 6082/PET,110CM,15541967,"144,00",15537958NBR3282566,10/04/2026,29/06/2026,19,132091,"R$ 159,84"
7,DASS NORDESTE CALCADOS E ART ESPORT SA,137285,1409833,95030,ATAC. MR130027 6MM RECICLADO COR 6082/PET,110CM,15541967,"168,00",15537959NBR3282566,10/04/2026,29/06/2026,19,132091,"R$ 186,48"
7,DASS NORDESTE CALCADOS E ART ESPORT SA,137285,1409833,95030,ATAC. MR130027 6MM RECICLADO COR 6082/PET,115CM,15541967,"596,00",15537958NBR3282566,10/04/2026,29/06/2026,19,132091,"R$ 691,36"
7,DASS NORDESTE CALCADOS E ART ESPORT SA,137285,1409833,95030,ATAC. MR130027 6MM RECICLADO COR 6082/PET,115CM,15541967,"606,00",15537959NBR3282566,10/04/2026,29/06/2026,19,132091,"R$ 702,96"
7,DASS NORDESTE CALCADOS E ART ESPORT SA,137285,1409833,95030,ATAC. MR130027 6MM RECICLADO COR 6082/PET,120CM,15541967,"156,00",15537958NBR3282566,10/04/2026,29/06/2026,19,132091,"R$ 188,76"
7,DASS NORDESTE CALCADOS E ART ESPORT SA,137285,1409833,95030,ATAC. MR130027 6MM RECICLADO COR 6082/PET,120CM,15541967,"186,00",15537959NBR3282566,10/04/2026,29/06/2026,19,132091,"R$ 225,06"
7,DASS NORDESTE CALCADOS E ART ESPORT SA,137286,1304277,88668,ATAC. MR110022 7MM RECICLADO COR 4085/PET / COR 496/PET,110CM,15541972,"192,00",15536912NBR3282748,10/04/2026,06/07/2026,26,132092,"R$ 130,56"
7,DASS NORDESTE CALCADOS E ART ESPORT SA,137286,1304277,88668,ATAC. MR110022 7MM RECICLADO COR 4085/PET / COR 496/PET,110CM,15541972,"186,00",15536913NBR3282748,10/04/2026,06/07/2026,26,132092,"R$ 126,48"
7,DASS NORDESTE CALCADOS E ART ESPORT SA,137286,1304277,88668,ATAC. MR110022 7MM RECICLADO COR 4085/PET / COR 496/PET,110CM,15541972,"186,00",15536914NBR3282748,10/04/2026,06/07/2026,26,132092,"R$ 126,48"
7,DASS NORDESTE CALCADOS E ART ESPORT SA,137286,1304277,88668,ATAC. MR110022 7MM RECICLADO COR 4085/PET / COR 496/PET,115CM,15541972,"681,00",15536912NBR3282748,10/04/2026,06/07/2026,26,132092,"R$ 483,51"
7,DASS NORDESTE CALCADOS E ART ESPORT SA,137286,1304277,88668,ATAC. MR110022 7MM RECICLADO COR 4085/PET / COR 496/PET,115CM,15541972,"528,00",15536913NBR3282748,10/04/2026,06/07/2026,26,132092,"R$ 374,88"
7,DASS NORDESTE CALCADOS E ART ESPORT SA,137286,1304277,88668,ATAC. MR110022 7MM RECICLADO COR 4085/PET / COR 496/PET,115CM,15541972,"390,00",15536914NBR3282748,10/04/2026,06/07/2026,26,132092,"R$ 276,90"
7,DASS NORDESTE CALCADOS E ART ESPORT SA,137286,1304277,88668,ATAC. MR110022 7MM RECICLADO COR 4085/PET / COR 496/PET,120CM,15541972,"108,00",15536912NBR3282748,10/04/2026,06/07/2026,26,132092,"R$ 79,92"
7,DASS NORDESTE CALCADOS E ART ESPORT SA,137286,1304277,88668,ATAC. MR110022 7MM RECICLADO COR 4085/PET / COR 496/PET,120CM,15541972,"108,00",15536913NBR3282748,10/04/2026,06/07/2026,26,132092,"R$ 79,92"
7,DASS NORDESTE CALCADOS E ART ESPORT SA,137286,1304277,88668,ATAC. MR110022 7MM RECICLADO COR 4085/PET / COR 496/PET,120CM,15541972,"114,00",15536914NBR3282748,10/04/2026,06/07/2026,26,132092,"R$ 84,36"
7,DASS NORDESTE CALCADOS E ART ESPORT SA,137286,1362000,92431,ATAC. MR110022 7MM RECICLADO COR 4662/PET / COR 4758/PET,110CM,15541972,"950,00",15536939NBR3282719,10/04/2026,06/07/2026,26,132092,"R$ 646,00"
7,DASS NORDESTE CALCADOS E ART ESPORT SA,137286,1362000,92431,ATAC. MR110022 7MM RECICLADO COR 4662/PET / COR 4758/PET,110CM,15541972,"963,00",15536941NBR3282746,10/04/2026,06/07/2026,26,132092,"R$ 654,84"
7,DASS NORDESTE CALCADOS E ART ESPORT SA,137286,1362000,92431,ATAC. MR110022 7MM RECICLADO COR 4662/PET / COR 4758/PET,110CM,15541972,"924,00",15536942NBR3282746,10/04/2026,06/07/2026,26,132092,"R$ 628,32"
7,DASS NORDESTE CALCADOS E ART ESPORT SA,137286,1362000,92431,ATAC. MR110022 7MM RECICLADO COR 4662/PET / COR 4758/PET,110CM,15541972,"978,00",15536943NBR3282746,10/04/2026,06/07/2026,26,132092,"R$ 665,04"
7,DASS NORDESTE CALCADOS E ART ESPORT SA,137286,1362000,92431,ATAC. MR110022 7MM RECICLADO COR 4662/PET / COR 4758/PET,115CM,15541972,"72,00",15536939NBR3282719,10/04/2026,06/07/2026,26,132092,"R$ 51,12"
7,DASS NORDESTE CALCADOS E ART ESPORT SA,137286,1362000,92431,ATAC. MR110022 7MM RECICLADO COR 4662/PET / COR 4758/PET,115CM,15541972,"12,00",15536941NBR3282746,10/04/2026,06/07/2026,26,132092,"R$ 8,52"
7,DASS NORDESTE CALCADOS E ART ESPORT SA,137286,1362000,92431,ATAC. MR110022 7MM RECICLADO COR 4662/PET / COR 4758/PET,115CM,15541972,"12,00",15536942NBR3282746,10/04/2026,06/07/2026,26,132092,"R$ 8,52"
7,DASS NORDESTE CALCADOS E ART ESPORT SA,137286,1362000,92431,ATAC. MR110022 7MM RECICLADO COR 4662/PET / COR 4758/PET,115CM,15541972,"24,00",15536943NBR3282746,10/04/2026,06/07/2026,26,132092,"R$ 17,04"
7,DASS NORDESTE CALCADOS E ART ESPORT SA,137286,1408857,94536,ATAC. MR110022 7MM RECICLADO COR 4662/PET / COR 310/PET,110CM,15541972,"962,00",15536931NBR3282718,10/04/2026,06/07/2026,26,132092,"R$ 654,16"
7,DASS NORDESTE CALCADOS E ART ESPORT SA,137286,1408857,94536,ATAC. MR110022 7MM RECICLADO COR 4662/PET / COR 310/PET,110CM,15541972,"966,00",15536932NBR3282718,10/04/2026,06/07/2026,26,132092,"R$ 656,88"
7,DASS NORDESTE CALCADOS E ART ESPORT SA,137286,1413116,94788,ATAC. MR110022 7MM RECICLADO COR 6140/PET / COR 5687/PET,110CM,15541972,"1.119,00",15536956NBR3282730,10/04/2026,06/07/2026,26,132092,"R$ 760,92"
7,DASS NORDESTE CALCADOS E ART ESPORT SA,137286,1413116,94788,ATAC. MR110022 7MM RECICLADO COR 6140/PET / COR 5687/PET,110CM,15541972,"1.188,00",15536957NBR3282730,10/04/2026,06/07/2026,26,132092,"R$ 807,84"
7,DASS NORDESTE CALCADOS E ART ESPORT SA,137286,1413116,94788,ATAC. MR110022 7MM RECICLADO COR 6140/PET / COR 5687/PET,115CM,15541972,"18,00",15536956NBR3282730,10/04/2026,06/07/2026,26,132092,"R$ 12,78"
7,DASS NORDESTE CALCADOS E ART ESPORT SA,137286,1413116,94788,ATAC. MR110022 7MM RECICLADO COR 6140/PET / COR 5687/PET,115CM,15541972,"24,00",15536957NBR3282730,10/04/2026,06/07/2026,26,132092,"R$ 17,04"
7,DASS NORDESTE CALCADOS E ART ESPORT SA,137286,1413117,95026,ATAC. MR110022 7MM RECICLADO COR 6146/PET / COR 492/PET,110CM,15541972,"120,00",15536947NBR3282720,10/04/2026,06/07/2026,26,132092,"R$ 81,60"
7,DASS NORDESTE CALCADOS E ART ESPORT SA,137286,1413117,95026,ATAC. MR110022 7MM RECICLADO COR 6146/PET / COR 492/PET,110CM,15541972,"102,00",15536948NBR3282720,10/04/2026,06/07/2026,26,132092,"R$ 69,36"
7,DASS NORDESTE CALCADOS E ART ESPORT SA,137286,1413117,95026,ATAC. MR110022 7MM RECICLADO COR 6146/PET / COR 492/PET,110CM,15541972,"120,00",15536949NBR3282747,10/04/2026,06/07/2026,26,132092,"R$ 81,60"
7,DASS NORDESTE CALCADOS E ART ESPORT SA,137286,1413117,95026,ATAC. MR110022 7MM RECICLADO COR 6146/PET / COR 492/PET,110CM,15541972,"102,00",15536951NBR3282747,10/04/2026,06/07/2026,26,132092,"R$ 69,36"
7,DASS NORDESTE CALCADOS E ART ESPORT SA,137286,1413117,95026,ATAC. MR110022 7MM RECICLADO COR 6146/PET / COR 492/PET,115CM,15541972,"663,00",15536947NBR3282720,10/04/2026,06/07/2026,26,132092,"R$ 470,73"
7,DASS NORDESTE CALCADOS E ART ESPORT SA,137286,1413117,95026,ATAC. MR110022 7MM RECICLADO COR 6146/PET / COR 492/PET,115CM,15541972,"672,00",15536948NBR3282720,10/04/2026,06/07/2026,26,132092,"R$ 477,12"
7,DASS NORDESTE CALCADOS E ART ESPORT SA,137286,1413117,95026,ATAC. MR110022 7MM RECICLADO COR 6146/PET / COR 492/PET,115CM,15541972,"663,00",15536949NBR3282747,10/04/2026,06/07/2026,26,132092,"R$ 470,73"
7,DASS NORDESTE CALCADOS E ART ESPORT SA,137286,1413117,95026,ATAC. MR110022 7MM RECICLADO COR 6146/PET / COR 492/PET,115CM,15541972,"672,00",15536951NBR3282747,10/04/2026,06/07/2026,26,132092,"R$ 477,12"
7,DASS NORDESTE CALCADOS E ART ESPORT SA,137286,1413117,95026,ATAC. MR110022 7MM RECICLADO COR 6146/PET / COR 492/PET,120CM,15541972,"228,00",15536947NBR3282720,10/04/2026,06/07/2026,26,132092,"R$ 168,72"
7,DASS NORDESTE CALCADOS E ART ESPORT SA,137286,1413117,95026,ATAC. MR110022 7MM RECICLADO COR 6146/PET / COR 492/PET,120CM,15541972,"252,00",15536948NBR3282720,10/04/2026,06/07/2026,26,132092,"R$ 186,48"
7,DASS NORDESTE CALCADOS E ART ESPORT SA,137286,1413117,95026,ATAC. MR110022 7MM RECICLADO COR 6146/PET / COR 492/PET,120CM,15541972,"228,00",15536949NBR3282747,10/04/2026,06/07/2026,26,132092,"R$ 168,72"
7,DASS NORDESTE CALCADOS E ART ESPORT SA,137286,1413117,95026,ATAC. MR110022 7MM RECICLADO COR 6146/PET / COR 492/PET,120CM,15541972,"252,00",15536951NBR3282747,10/04/2026,06/07/2026,26,132092,"R$ 186,48"
7,DASS NORDESTE CALCADOS E ART ESPORT SA,137286,1299257,86978,ATAC. MR130027 6MM RECICLADO COR 4085/PET,95CM,15541972,"396,00",15538721NBR3282617,10/04/2026,06/07/2026,26,132092,"R$ 380,16"
7,DASS NORDESTE CALCADOS E ART ESPORT SA,137286,1299257,86978,ATAC. MR130027 6MM RECICLADO COR 4085/PET,95CM,15541972,"372,00",15538722NBR3282617,10/04/2026,06/07/2026,26,132092,"R$ 357,12"
7,DASS NORDESTE CALCADOS E ART ESPORT SA,137286,1299257,86978,ATAC. MR130027 6MM RECICLADO COR 4085/PET,95CM,15541972,"414,00",15538723NBR3282617,10/04/2026,06/07/2026,26,132092,"R$ 397,44"
7,DASS NORDESTE CALCADOS E ART ESPORT SA,137286,1299257,86978,ATAC. MR130027 6MM RECICLADO COR 4085/PET,95CM,15541972,"372,00",15538724NBR3282618,10/04/2026,06/07/2026,26,132092,"R$ 357,12"
7,DASS NORDESTE CALCADOS E ART ESPORT SA,137286,1299257,86978,ATAC. MR130027 6MM RECICLADO COR 4085/PET,95CM,15541972,"414,00",15538726NBR3282618,10/04/2026,06/07/2026,26,132092,"R$ 397,44"
7,DASS NORDESTE CALCADOS E ART ESPORT SA,137286,1299257,86978,ATAC. MR130027 6MM RECICLADO COR 4085/PET,100CM,15541972,"495,00",15538721NBR3282617,10/04/2026,06/07/2026,26,132092,"R$ 499,95"
7,DASS NORDESTE CALCADOS E ART ESPORT SA,137286,1299257,86978,ATAC. MR130027 6MM RECICLADO COR 4085/PET,100CM,15541972,"480,00",15538722NBR3282617,10/04/2026,06/07/2026,26,132092,"R$ 484,80"
7,DASS NORDESTE CALCADOS E ART ESPORT SA,137286,1299257,86978,ATAC. MR130027 6MM RECICLADO COR 4085/PET,100CM,15541972,"516,00",15538723NBR3282617,10/04/2026,06/07/2026,26,132092,"R$ 521,16"
7,DASS NORDESTE CALCADOS E ART ESPORT SA,137286,1299257,86978,ATAC. MR130027 6MM RECICLADO COR 4085/PET,100CM,15541972,"482,00",15538724NBR3282618,10/04/2026,06/07/2026,26,132092,"R$ 486,82"
7,DASS NORDESTE CALCADOS E ART ESPORT SA,137286,1299257,86978,ATAC. MR130027 6MM RECICLADO COR 4085/PET,100CM,15541972,"516,00",15538726NBR3282618,10/04/2026,06/07/2026,26,132092,"R$ 521,16"
7,DASS NORDESTE CALCADOS E ART ESPORT SA,137286,1299257,86978,ATAC. MR130027 6MM RECICLADO COR 4085/PET,105CM,15541972,"60,00",15538721NBR3282617,10/04/2026,06/07/2026,26,132092,"R$ 63,60"
7,DASS NORDESTE CALCADOS E ART ESPORT SA,137286,1299257,86978,ATAC. MR130027 6MM RECICLADO COR 4085/PET,105CM,15541972,"60,00",15538722NBR3282617,10/04/2026,06/07/2026,26,132092,"R$ 63,60"
7,DASS NORDESTE CALCADOS E ART ESPORT SA,137286,1299257,86978,ATAC. MR130027 6MM RECICLADO COR 4085/PET,105CM,15541972,"60,00",15538723NBR3282617,10/04/2026,06/07/2026,26,132092,"R$ 63,60"
7,DASS NORDESTE CALCADOS E ART ESPORT SA,137286,1299257,86978,ATAC. MR130027 6MM RECICLADO COR 4085/PET,105CM,15541972,"60,00",15538724NBR3282618,10/04/2026,06/07/2026,26,132092,"R$ 63,60"
7,DASS NORDESTE CALCADOS E ART ESPORT SA,137286,1299257,86978,ATAC. MR130027 6MM RECICLADO COR 4085/PET,105CM,15541972,"60,00",15538726NBR3282618,10/04/2026,06/07/2026,26,132092,"R$ 63,60"
7,DASS NORDESTE CALCADOS E ART ESPORT SA,137286,1301801,88671,ATAC. MR130027 6MM RECICLADO COR 4588/PET,105CM,15541972,"360,00",15537942NBR33296-A,10/04/2026,06/07/2026,26,132092,"R$ 381,60"
7,DASS NORDESTE CALCADOS E ART ESPORT SA,137286,1301801,88671,ATAC. MR130027 6MM RECICLADO COR 4588/PET,105CM,15541972,"390,00",15537943NBR33296-B,10/04/2026,06/07/2026,26,132092,"R$ 413,40"
7,DASS NORDESTE CALCADOS E ART ESPORT SA,137286,1301801,88671,ATAC. MR130027 6MM RECICLADO COR 4588/PET,110CM,15541972,"398,00",15537942NBR33296-A,10/04/2026,06/07/2026,26,132092,"R$ 441,78"
7,DASS NORDESTE CALCADOS E ART ESPORT SA,137286,1301801,88671,ATAC. MR130027 6MM RECICLADO COR 4588/PET,110CM,15541972,"420,00",15537943NBR33296-B,10/04/2026,06/07/2026,26,132092,"R$ 466,20"
7,DASS NORDESTE CALCADOS E ART ESPORT SA,137286,1301801,88671,ATAC. MR130027 6MM RECICLADO COR 4588/PET,115CM,15541972,"18,00",15537942NBR33296-A,10/04/2026,06/07/2026,26,132092,"R$ 20,88"
7,DASS NORDESTE CALCADOS E ART ESPORT SA,137286,1301801,88671,ATAC. MR130027 6MM RECICLADO COR 4588/PET,115CM,15541972,"12,00",15537943NBR33296-B,10/04/2026,06/07/2026,26,132092,"R$ 13,92"
7,DASS NORDESTE CALCADOS E ART ESPORT SA,137286,1409832,95029,ATAC. MR130027 6MM RECICLADO COR 6070/PET,105CM,15541972,"324,00",15537949NBR33299-A,10/04/2026,06/07/2026,26,132092,"R$ 343,44"
7,DASS NORDESTE CALCADOS E ART ESPORT SA,137286,1409832,95029,ATAC. MR130027 6MM RECICLADO COR 6070/PET,105CM,15541972,"366,00",15537951NBR33299-B,10/04/2026,06/07/2026,26,132092,"R$ 387,96"
7,DASS NORDESTE CALCADOS E ART ESPORT SA,137286,1409832,95029,ATAC. MR130027 6MM RECICLADO COR 6070/PET,110CM,15541972,"326,00",15537949NBR33299-A,10/04/2026,06/07/2026,26,132092,"R$ 361,86"
7,DASS NORDESTE CALCADOS E ART ESPORT SA,137286,1409832,95029,ATAC. MR130027 6MM RECICLADO COR 6070/PET,110CM,15541972,"360,00",15537951NBR33299-B,10/04/2026,06/07/2026,26,132092,"R$ 399,60"
7,DASS NORDESTE CALCADOS E ART ESPORT SA,137286,1409832,95029,ATAC. MR130027 6MM RECICLADO COR 6070/PET,115CM,15541972,"12,00",15537949NBR33299-A,10/04/2026,06/07/2026,26,132092,"R$ 13,92"
7,DASS NORDESTE CALCADOS E ART ESPORT SA,137287,1304277,88668,ATAC. MR110022 7MM RECICLADO COR 4085/PET / COR 496/PET,110CM,15541986,"258,00",15536901NBR3282721,10/04/2026,20/07/2026,40,132093,"R$ 175,44"
7,DASS NORDESTE CALCADOS E ART ESPORT SA,137287,1304277,88668,ATAC. MR110022 7MM RECICLADO COR 4085/PET / COR 496/PET,110CM,15541986,"156,00",15536902NBR3282731,10/04/2026,20/07/2026,40,132093,"R$ 106,08"
7,DASS NORDESTE CALCADOS E ART ESPORT SA,137287,1304277,88668,ATAC. MR110022 7MM RECICLADO COR 4085/PET / COR 496/PET,110CM,15541986,"174,00",15536904NBR3282731,10/04/2026,20/07/2026,40,132093,"R$ 118,32"
7,DASS NORDESTE CALCADOS E ART ESPORT SA,137287,1304277,88668,ATAC. MR110022 7MM RECICLADO COR 4085/PET / COR 496/PET,110CM,15541986,"156,00",15536906NBR3282737,10/04/2026,20/07/2026,40,132093,"R$ 106,08"
7,DASS NORDESTE CALCADOS E ART ESPORT SA,137287,1304277,88668,ATAC. MR110022 7MM RECICLADO COR 4085/PET / COR 496/PET,110CM,15541986,"174,00",15536907NBR3282737,10/04/2026,20/07/2026,40,132093,"R$ 118,32"
7,DASS NORDESTE CALCADOS E ART ESPORT SA,137287,1304277,88668,ATAC. MR110022 7MM RECICLADO COR 4085/PET / COR 496/PET,110CM,15541986,"192,00",15536908NBR3282740,10/04/2026,20/07/2026,40,132093,"R$ 130,56"
7,DASS NORDESTE CALCADOS E ART ESPORT SA,137287,1304277,88668,ATAC. MR110022 7MM RECICLADO COR 4085/PET / COR 496/PET,110CM,15541986,"186,00",15536910NBR3282740,10/04/2026,20/07/2026,40,132093,"R$ 126,48"
7,DASS NORDESTE CALCADOS E ART ESPORT SA,137287,1304277,88668,ATAC. MR110022 7MM RECICLADO COR 4085/PET / COR 496/PET,110CM,15541986,"186,00",15536911NBR3282740,10/04/2026,20/07/2026,40,132093,"R$ 126,48"
7,DASS NORDESTE CALCADOS E ART ESPORT SA,137287,1304277,88668,ATAC. MR110022 7MM RECICLADO COR 4085/PET / COR 496/PET,115CM,15541986,"596,00",15536901NBR3282721,10/04/2026,20/07/2026,40,132093,"R$ 423,16"
7,DASS NORDESTE CALCADOS E ART ESPORT SA,137287,1304277,88668,ATAC. MR110022 7MM RECICLADO COR 4085/PET / COR 496/PET,115CM,15541986,"669,00",15536902NBR3282731,10/04/2026,20/07/2026,40,132093,"R$ 474,99"
7,DASS NORDESTE CALCADOS E ART ESPORT SA,137287,1304277,88668,ATAC. MR110022 7MM RECICLADO COR 4085/PET / COR 496/PET,115CM,15541986,"672,00",15536904NBR3282731,10/04/2026,20/07/2026,40,132093,"R$ 477,12"
7,DASS NORDESTE CALCADOS E ART ESPORT SA,137287,1304277,88668,ATAC. MR110022 7MM RECICLADO COR 4085/PET / COR 496/PET,115CM,15541986,"669,00",15536906NBR3282737,10/04/2026,20/07/2026,40,132093,"R$ 474,99"
7,DASS NORDESTE CALCADOS E ART ESPORT SA,137287,1304277,88668,ATAC. MR110022 7MM RECICLADO COR 4085/PET / COR 496/PET,115CM,15541986,"666,00",15536907NBR3282737,10/04/2026,20/07/2026,40,132093,"R$ 472,86"
7,DASS NORDESTE CALCADOS E ART ESPORT SA,137287,1304277,88668,ATAC. MR110022 7MM RECICLADO COR 4085/PET / COR 496/PET,115CM,15541986,"681,00",15536908NBR3282740,10/04/2026,20/07/2026,40,132093,"R$ 483,51"
7,DASS NORDESTE CALCADOS E ART ESPORT SA,137287,1304277,88668,ATAC. MR110022 7MM RECICLADO COR 4085/PET / COR 496/PET,115CM,15541986,"528,00",15536910NBR3282740,10/04/2026,20/07/2026,40,132093,"R$ 374,88"
7,DASS NORDESTE CALCADOS E ART ESPORT SA,137287,1304277,88668,ATAC. MR110022 7MM RECICLADO COR 4085/PET / COR 496/PET,115CM,15541986,"390,00",15536911NBR3282740,10/04/2026,20/07/2026,40,132093,"R$ 276,90"
7,DASS NORDESTE CALCADOS E ART ESPORT SA,137287,1304277,88668,ATAC. MR110022 7MM RECICLADO COR 4085/PET / COR 496/PET,120CM,15541986,"168,00",15536901NBR3282721,10/04/2026,20/07/2026,40,132093,"R$ 124,32"
7,DASS NORDESTE CALCADOS E ART ESPORT SA,137287,1304277,88668,ATAC. MR110022 7MM RECICLADO COR 4085/PET / COR 496/PET,120CM,15541986,"216,00",15536902NBR3282731,10/04/2026,20/07/2026,40,132093,"R$ 159,84"
7,DASS NORDESTE CALCADOS E ART ESPORT SA,137287,1304277,88668,ATAC. MR110022 7MM RECICLADO COR 4085/PET / COR 496/PET,120CM,15541986,"228,00",15536904NBR3282731,10/04/2026,20/07/2026,40,132093,"R$ 168,72"
7,DASS NORDESTE CALCADOS E ART ESPORT SA,137287,1304277,88668,ATAC. MR110022 7MM RECICLADO COR 4085/PET / COR 496/PET,120CM,15541986,"216,00",15536906NBR3282737,10/04/2026,20/07/2026,40,132093,"R$ 159,84"
7,DASS NORDESTE CALCADOS E ART ESPORT SA,137287,1304277,88668,ATAC. MR110022 7MM RECICLADO COR 4085/PET / COR 496/PET,120CM,15541986,"228,00",15536907NBR3282737,10/04/2026,20/07/2026,40,132093,"R$ 168,72"
7,DASS NORDESTE CALCADOS E ART ESPORT SA,137287,1304277,88668,ATAC. MR110022 7MM RECICLADO COR 4085/PET / COR 496/PET,120CM,15541986,"108,00",15536908NBR3282740,10/04/2026,20/07/2026,40,132093,"R$ 79,92"
7,DASS NORDESTE CALCADOS E ART ESPORT SA,137287,1304277,88668,ATAC. MR110022 7MM RECICLADO COR 4085/PET / COR 496/PET,120CM,15541986,"108,00",15536910NBR3282740,10/04/2026,20/07/2026,40,132093,"R$ 79,92"
7,DASS NORDESTE CALCADOS E ART ESPORT SA,137287,1304277,88668,ATAC. MR110022 7MM RECICLADO COR 4085/PET / COR 496/PET,120CM,15541986,"114,00",15536911NBR3282740,10/04/2026,20/07/2026,40,132093,"R$ 84,36"
7,DASS NORDESTE CALCADOS E ART ESPORT SA,137287,1408857,94536,ATAC. MR110022 7MM RECICLADO COR 4662/PET / COR 310/PET,110CM,15541986,"962,00",15536933NBR3282745,10/04/2026,20/07/2026,40,132093,"R$ 654,16"
7,DASS NORDESTE CALCADOS E ART ESPORT SA,137287,1408857,94536,ATAC. MR110022 7MM RECICLADO COR 4662/PET / COR 310/PET,110CM,15541986,"966,00",15536934NBR3282745,10/04/2026,20/07/2026,40,132093,"R$ 656,88"
7,DASS NORDESTE CALCADOS E ART ESPORT SA,137287,1408857,94536,ATAC. MR110022 7MM RECICLADO COR 4662/PET / COR 310/PET,110CM,15541986,"872,00",15536935NBR3282749,10/04/2026,20/07/2026,40,132093,"R$ 592,96"
7,DASS NORDESTE CALCADOS E ART ESPORT SA,137287,1408857,94536,ATAC. MR110022 7MM RECICLADO COR 4662/PET / COR 310/PET,110CM,15541986,"930,00",15536936NBR3282749,10/04/2026,20/07/2026,40,132093,"R$ 632,40"
7,DASS NORDESTE CALCADOS E ART ESPORT SA,137287,1408857,94536,ATAC. MR110022 7MM RECICLADO COR 4662/PET / COR 310/PET,110CM,15541986,"902,00",15536937NBR3282750,10/04/2026,20/07/2026,40,132093,"R$ 613,36"
7,DASS NORDESTE CALCADOS E ART ESPORT SA,137287,1408857,94536,ATAC. MR110022 7MM RECICLADO COR 4662/PET / COR 310/PET,110CM,15541986,"930,00",15536938NBR3282750,10/04/2026,20/07/2026,40,132093,"R$ 632,40"
7,DASS NORDESTE CALCADOS E ART ESPORT SA,137287,1408855,95027,ATAC. MR110022 7MM RECICLADO COR 4085/PET / COR 596/PET,110CM,15541986,"186,00",15536925NBR3282722,10/04/2026,20/07/2026,40,132093,"R$ 126,48"
7,DASS NORDESTE CALCADOS E ART ESPORT SA,137287,1408855,95027,ATAC. MR110022 7MM RECICLADO COR 4085/PET / COR 596/PET,110CM,15541986,"186,00",15536926NBR3282722,10/04/2026,20/07/2026,40,132093,"R$ 126,48"
7,DASS NORDESTE CALCADOS E ART ESPORT SA,137287,1408855,95027,ATAC. MR110022 7MM RECICLADO COR 4085/PET / COR 596/PET,115CM,15541986,"536,00",15536925NBR3282722,10/04/2026,20/07/2026,40,132093,"R$ 380,56"
7,DASS NORDESTE CALCADOS E ART ESPORT SA,137287,1408855,95027,ATAC. MR110022 7MM RECICLADO COR 4085/PET / COR 596/PET,115CM,15541986,"546,00",15536926NBR3282722,10/04/2026,20/07/2026,40,132093,"R$ 387,66"
7,DASS NORDESTE CALCADOS E ART ESPORT SA,137287,1408855,95027,ATAC. MR110022 7MM RECICLADO COR 4085/PET / COR 596/PET,120CM,15541986,"84,00",15536925NBR3282722,10/04/2026,20/07/2026,40,132093,"R$ 62,16"
7,DASS NORDESTE CALCADOS E ART ESPORT SA,137287,1408855,95027,ATAC. MR110022 7MM RECICLADO COR 4085/PET / COR 596/PET,120CM,15541986,"72,00",15536926NBR3282722,10/04/2026,20/07/2026,40,132093,"R$ 53,28"
7,DASS NORDESTE CALCADOS E ART ESPORT SA,137287,1299257,86978,ATAC. MR130027 6MM RECICLADO COR 4085/PET,100CM,15541986,"156,00",15538702NBR3282678,10/04/2026,20/07/2026,40,132093,"R$ 157,56"
7,DASS NORDESTE CALCADOS E ART ESPORT SA,137287,1299257,86978,ATAC. MR130027 6MM RECICLADO COR 4085/PET,100CM,15541986,"144,00",15538703NBR3282678,10/04/2026,20/07/2026,40,132093,"R$ 145,44"
7,DASS NORDESTE CALCADOS E ART ESPORT SA,137287,1299257,86978,ATAC. MR130027 6MM RECICLADO COR 4085/PET,100CM,15541986,"168,00",15538705NBR3282678,10/04/2026,20/07/2026,40,132093,"R$ 169,68"
7,DASS NORDESTE CALCADOS E ART ESPORT SA,137287,1299257,86978,ATAC. MR130027 6MM RECICLADO COR 4085/PET,105CM,15541986,"651,00",15538702NBR3282678,10/04/2026,20/07/2026,40,132093,"R$ 690,06"
7,DASS NORDESTE CALCADOS E ART ESPORT SA,137287,1299257,86978,ATAC. MR130027 6MM RECICLADO COR 4085/PET,105CM,15541986,"480,00",15538703NBR3282678,10/04/2026,20/07/2026,40,132093,"R$ 508,80"
7,DASS NORDESTE CALCADOS E ART ESPORT SA,137287,1299257,86978,ATAC. MR130027 6MM RECICLADO COR 4085/PET,105CM,15541986,"324,00",15538705NBR3282678,10/04/2026,20/07/2026,40,132093,"R$ 343,44"
7,DASS NORDESTE CALCADOS E ART ESPORT SA,137287,1299257,86978,ATAC. MR130027 6MM RECICLADO COR 4085/PET,105CM,15541986,"300,00",15537918NBR3282682,10/04/2026,20/07/2026,40,132093,"R$ 318,00"
7,DASS NORDESTE CALCADOS E ART ESPORT SA,137287,1299257,86978,ATAC. MR130027 6MM RECICLADO COR 4085/PET,105CM,15541986,"318,00",15537919NBR3282682,10/04/2026,20/07/2026,40,132093,"R$ 337,08"
7,DASS NORDESTE CALCADOS E ART ESPORT SA,137287,1299257,86978,ATAC. MR130027 6MM RECICLADO COR 4085/PET,110CM,15541986,"144,00",15538702NBR3282678,10/04/2026,20/07/2026,40,132093,"R$ 159,84"
7,DASS NORDESTE CALCADOS E ART ESPORT SA,137287,1299257,86978,ATAC. MR130027 6MM RECICLADO COR 4085/PET,110CM,15541986,"120,00",15538703NBR3282678,10/04/2026,20/07/2026,40,132093,"R$ 133,20"
7,DASS NORDESTE CALCADOS E ART ESPORT SA,137287,1299257,86978,ATAC. MR130027 6MM RECICLADO COR 4085/PET,110CM,15541986,"156,00",15538705NBR3282678,10/04/2026,20/07/2026,40,132093,"R$ 173,16"
7,DASS NORDESTE CALCADOS E ART ESPORT SA,137287,1299257,86978,ATAC. MR130027 6MM RECICLADO COR 4085/PET,110CM,15541986,"314,00",15537918NBR3282682,10/04/2026,20/07/2026,40,132093,"R$ 348,54"
7,DASS NORDESTE CALCADOS E ART ESPORT SA,137287,1299257,86978,ATAC. MR130027 6MM RECICLADO COR 4085/PET,110CM,15541986,"336,00",15537919NBR3282682,10/04/2026,20/07/2026,40,132093,"R$ 372,96"
7,DASS NORDESTE CALCADOS E ART ESPORT SA,137287,1299257,86978,ATAC. MR130027 6MM RECICLADO COR 4085/PET,115CM,15541986,"12,00",15537918NBR3282682,10/04/2026,20/07/2026,40,132093,"R$ 13,92"
7,DASS NORDESTE CALCADOS E ART ESPORT SA,137287,1324964,88593,ATAC. MR130027 6MM RECICLADO COR 5641,95CM,15541986,"510,00",15538750NBR33438,10/04/2026,20/07/2026,40,132093,"R$ 489,60"
7,DASS NORDESTE CALCADOS E ART ESPORT SA,137287,1324964,88593,ATAC. MR130027 6MM RECICLADO COR 5641,95CM,15541986,"510,00",15538751NBR33439,10/04/2026,20/07/2026,40,132093,"R$ 489,60"
7,DASS NORDESTE CALCADOS E ART ESPORT SA,137287,1324964,88593,ATAC. MR130027 6MM RECICLADO COR 5641,100CM,15541986,"650,00",15538750NBR33438,10/04/2026,20/07/2026,40,132093,"R$ 656,50"
7,DASS NORDESTE CALCADOS E ART ESPORT SA,137287,1324964,88593,ATAC. MR130027 6MM RECICLADO COR 5641,100CM,15541986,"650,00",15538751NBR33439,10/04/2026,20/07/2026,40,132093,"R$ 656,50"
7,DASS NORDESTE CALCADOS E ART ESPORT SA,137287,1324964,88593,ATAC. MR130027 6MM RECICLADO COR 5641,105CM,15541986,"78,00",15538750NBR33438,10/04/2026,20/07/2026,40,132093,"R$ 82,68"
7,DASS NORDESTE CALCADOS E ART ESPORT SA,137287,1324964,88593,ATAC. MR130027 6MM RECICLADO COR 5641,105CM,15541986,"78,00",15538751NBR33439,10/04/2026,20/07/2026,40,132093,"R$ 82,68"
7,DASS NORDESTE CALCADOS E ART ESPORT SA,137287,1409834,93450,ATAC. MR130027 6MM RECICLADO COR 057/PET,110CM,15541986,"276,00",15537931NBR3282664,10/04/2026,20/07/2026,40,132093,"R$ 306,36"
7,DASS NORDESTE CALCADOS E ART ESPORT SA,137287,1409834,93450,ATAC. MR130027 6MM RECICLADO COR 057/PET,115CM,15541986,"800,00",15537931NBR3282664,10/04/2026,20/07/2026,40,132093,"R$ 928,00"
7,DASS NORDESTE CALCADOS E ART ESPORT SA,137287,1409834,93450,ATAC. MR130027 6MM RECICLADO COR 057/PET,120CM,15541986,"114,00",15537931NBR3282664,10/04/2026,20/07/2026,40,132093,"R$ 137,94"
7,DASS NORDESTE CALCADOS E ART ESPORT SA,137287,1409833,95030,ATAC. MR130027 6MM RECICLADO COR 6082/PET,110CM,15541986,"90,00",15537961NBR3282567,10/04/2026,20/07/2026,40,132093,"R$ 99,90"
7,DASS NORDESTE CALCADOS E ART ESPORT SA,137287,1409833,95030,ATAC. MR130027 6MM RECICLADO COR 6082/PET,110CM,15541986,"90,00",15537962NBR3282567,10/04/2026,20/07/2026,40,132093,"R$ 99,90"
7,DASS NORDESTE CALCADOS E ART ESPORT SA,137287,1409833,95030,ATAC. MR130027 6MM RECICLADO COR 6082/PET,115CM,15541986,"434,00",15537961NBR3282567,10/04/2026,20/07/2026,40,132093,"R$ 503,44"
7,DASS NORDESTE CALCADOS E ART ESPORT SA,137287,1409833,95030,ATAC. MR130027 6MM RECICLADO COR 6082/PET,115CM,15541986,"444,00",15537962NBR3282567,10/04/2026,20/07/2026,40,132093,"R$ 515,04"
7,DASS NORDESTE CALCADOS E ART ESPORT SA,137287,1409833,95030,ATAC. MR130027 6MM RECICLADO COR 6082/PET,120CM,15541986,"120,00",15537961NBR3282567,10/04/2026,20/07/2026,40,132093,"R$ 145,20"
7,DASS NORDESTE CALCADOS E ART ESPORT SA,137287,1409833,95030,ATAC. MR130027 6MM RECICLADO COR 6082/PET,120CM,15541986,"156,00",15537962NBR3282567,10/04/2026,20/07/2026,40,132093,"R$ 188,76"
7,DASS NORDESTE CALCADOS E ART ESPORT SA,137288,1299257,86978,ATAC. MR130027 6MM RECICLADO COR 4085/PET,95CM,15542012,"372,00",15538729NBR3282690,10/04/2026,27/07/2026,47,132094,"R$ 357,12"
7,DASS NORDESTE CALCADOS E ART ESPORT SA,137288,1299257,86978,ATAC. MR130027 6MM RECICLADO COR 4085/PET,95CM,15542012,"414,00",15538730NBR3282690,10/04/2026,27/07/2026,47,132094,"R$ 397,44"
7,DASS NORDESTE CALCADOS E ART ESPORT SA,137288,1299257,86978,ATAC. MR130027 6MM RECICLADO COR 4085/PET,100CM,15542012,"482,00",15538729NBR3282690,10/04/2026,27/07/2026,47,132094,"R$ 486,82"
7,DASS NORDESTE CALCADOS E ART ESPORT SA,137288,1299257,86978,ATAC. MR130027 6MM RECICLADO COR 4085/PET,100CM,15542012,"516,00",15538730NBR3282690,10/04/2026,27/07/2026,47,132094,"R$ 521,16"
7,DASS NORDESTE CALCADOS E ART ESPORT SA,137288,1299257,86978,ATAC. MR130027 6MM RECICLADO COR 4085/PET,105CM,15542012,"312,00",15537916NBR3282681,10/04/2026,27/07/2026,47,132094,"R$ 330,72"
7,DASS NORDESTE CALCADOS E ART ESPORT SA,137288,1299257,86978,ATAC. MR130027 6MM RECICLADO COR 4085/PET,105CM,15542012,"336,00",15537917NBR3282681,10/04/2026,27/07/2026,47,132094,"R$ 356,16"
7,DASS NORDESTE CALCADOS E ART ESPORT SA,137288,1299257,86978,ATAC. MR130027 6MM RECICLADO COR 4085/PET,105CM,15542012,"60,00",15538729NBR3282690,10/04/2026,27/07/2026,47,132094,"R$ 63,60"
7,DASS NORDESTE CALCADOS E ART ESPORT SA,137288,1299257,86978,ATAC. MR130027 6MM RECICLADO COR 4085/PET,105CM,15542012,"60,00",15538730NBR3282690,10/04/2026,27/07/2026,47,132094,"R$ 63,60"
7,DASS NORDESTE CALCADOS E ART ESPORT SA,137288,1299257,86978,ATAC. MR130027 6MM RECICLADO COR 4085/PET,110CM,15542012,"162,00",15537926NBR3282665,10/04/2026,27/07/2026,47,132094,"R$ 179,82"
7,DASS NORDESTE CALCADOS E ART ESPORT SA,137288,1299257,86978,ATAC. MR130027 6MM RECICLADO COR 4085/PET,110CM,15542012,"156,00",15537927NBR3282665,10/04/2026,27/07/2026,47,132094,"R$ 173,16"
7,DASS NORDESTE CALCADOS E ART ESPORT SA,137288,1299257,86978,ATAC. MR130027 6MM RECICLADO COR 4085/PET,110CM,15542012,"338,00",15537916NBR3282681,10/04/2026,27/07/2026,47,132094,"R$ 375,18"
7,DASS NORDESTE CALCADOS E ART ESPORT SA,137288,1299257,86978,ATAC. MR130027 6MM RECICLADO COR 4085/PET,110CM,15542012,"372,00",15537917NBR3282681,10/04/2026,27/07/2026,47,132094,"R$ 412,92"
7,DASS NORDESTE CALCADOS E ART ESPORT SA,137288,1299257,86978,ATAC. MR130027 6MM RECICLADO COR 4085/PET,110CM,15542012,"216,00",15537907NBR3282693,10/04/2026,27/07/2026,47,132094,"R$ 239,76"
7,DASS NORDESTE CALCADOS E ART ESPORT SA,137288,1299257,86978,ATAC. MR130027 6MM RECICLADO COR 4085/PET,110CM,15542012,"192,00",15537908NBR3282693,10/04/2026,27/07/2026,47,132094,"R$ 213,12"
7,DASS NORDESTE CALCADOS E ART ESPORT SA,137288,1299257,86978,ATAC. MR130027 6MM RECICLADO COR 4085/PET,115CM,15542012,"482,00",15537926NBR3282665,10/04/2026,27/07/2026,47,132094,"R$ 559,12"
7,DASS NORDESTE CALCADOS E ART ESPORT SA,137288,1299257,86978,ATAC. MR130027 6MM RECICLADO COR 4085/PET,115CM,15542012,"486,00",15537927NBR3282665,10/04/2026,27/07/2026,47,132094,"R$ 563,76"
7,DASS NORDESTE CALCADOS E ART ESPORT SA,137288,1299257,86978,ATAC. MR130027 6MM RECICLADO COR 4085/PET,115CM,15542012,"18,00",15537916NBR3282681,10/04/2026,27/07/2026,47,132094,"R$ 20,88"
7,DASS NORDESTE CALCADOS E ART ESPORT SA,137288,1299257,86978,ATAC. MR130027 6MM RECICLADO COR 4085/PET,115CM,15542012,"602,00",15537907NBR3282693,10/04/2026,27/07/2026,47,132094,"R$ 698,32"
7,DASS NORDESTE CALCADOS E ART ESPORT SA,137288,1299257,86978,ATAC. MR130027 6MM RECICLADO COR 4085/PET,115CM,15542012,"612,00",15537908NBR3282693,10/04/2026,27/07/2026,47,132094,"R$ 709,92"
7,DASS NORDESTE CALCADOS E ART ESPORT SA,137288,1299257,86978,ATAC. MR130027 6MM RECICLADO COR 4085/PET,120CM,15542012,"84,00",15537926NBR3282665,10/04/2026,27/07/2026,47,132094,"R$ 101,64"
7,DASS NORDESTE CALCADOS E ART ESPORT SA,137288,1299257,86978,ATAC. MR130027 6MM RECICLADO COR 4085/PET,120CM,15542012,"66,00",15537927NBR3282665,10/04/2026,27/07/2026,47,132094,"R$ 79,86"
7,DASS NORDESTE CALCADOS E ART ESPORT SA,137288,1299257,86978,ATAC. MR130027 6MM RECICLADO COR 4085/PET,120CM,15542012,"108,00",15537907NBR3282693,10/04/2026,27/07/2026,47,132094,"R$ 130,68"
7,DASS NORDESTE CALCADOS E ART ESPORT SA,137288,1299257,86978,ATAC. MR130027 6MM RECICLADO COR 4085/PET,120CM,15542012,"138,00",15537908NBR3282693,10/04/2026,27/07/2026,47,132094,"R$ 166,98"
7,DASS NORDESTE CALCADOS E ART ESPORT SA,137288,1410668,95028,ATAC. MR130027 6MM RECICLADO COR 5422/PET,100CM,15542012,"192,00",15538746NBR3282689,10/04/2026,27/07/2026,47,132094,"R$ 193,92"
7,DASS NORDESTE CALCADOS E ART ESPORT SA,137288,1410668,95028,ATAC. MR130027 6MM RECICLADO COR 5422/PET,100CM,15542012,"168,00",15538747NBR3282689,10/04/2026,27/07/2026,47,132094,"R$ 169,68"
7,DASS NORDESTE CALCADOS E ART ESPORT SA,137288,1410668,95028,ATAC. MR130027 6MM RECICLADO COR 5422/PET,100CM,15542012,"216,00",15538748NBR3282689,10/04/2026,27/07/2026,47,132094,"R$ 218,16"
7,DASS NORDESTE CALCADOS E ART ESPORT SA,137288,1410668,95028,ATAC. MR130027 6MM RECICLADO COR 5422/PET,105CM,15542012,"795,00",15538746NBR3282689,10/04/2026,27/07/2026,47,132094,"R$ 842,70"
7,DASS NORDESTE CALCADOS E ART ESPORT SA,137288,1410668,95028,ATAC. MR130027 6MM RECICLADO COR 5422/PET,105CM,15542012,"576,00",15538747NBR3282689,10/04/2026,27/07/2026,47,132094,"R$ 610,56"
7,DASS NORDESTE CALCADOS E ART ESPORT SA,137288,1410668,95028,ATAC. MR130027 6MM RECICLADO COR 5422/PET,105CM,15542012,"402,00",15538748NBR3282689,10/04/2026,27/07/2026,47,132094,"R$ 426,12"
7,DASS NORDESTE CALCADOS E ART ESPORT SA,137288,1410668,95028,ATAC. MR130027 6MM RECICLADO COR 5422/PET,110CM,15542012,"168,00",15538746NBR3282689,10/04/2026,27/07/2026,47,132094,"R$ 186,48"
7,DASS NORDESTE CALCADOS E ART ESPORT SA,137288,1410668,95028,ATAC. MR130027 6MM RECICLADO COR 5422/PET,110CM,15542012,"156,00",15538747NBR3282689,10/04/2026,27/07/2026,47,132094,"R$ 173,16"
7,DASS NORDESTE CALCADOS E ART ESPORT SA,137288,1410668,95028,ATAC. MR130027 6MM RECICLADO COR 5422/PET,110CM,15542012,"192,00",15538748NBR3282689,10/04/2026,27/07/2026,47,132094,"R$ 213,12"
7,DASS NORDESTE CALCADOS E ART ESPORT SA,137289,1299257,86978,ATAC. MR130027 6MM RECICLADO COR 4085/PET,95CM,15542040,"396,00",15538731NBR3282691,10/04/2026,03/08/2026,54,132095,"R$ 380,16"
7,DASS NORDESTE CALCADOS E ART ESPORT SA,137289,1299257,86978,ATAC. MR130027 6MM RECICLADO COR 4085/PET,95CM,15542040,"372,00",15538734NBR3282691,10/04/2026,03/08/2026,54,132095,"R$ 357,12"
7,DASS NORDESTE CALCADOS E ART ESPORT SA,137289,1299257,86978,ATAC. MR130027 6MM RECICLADO COR 4085/PET,95CM,15542040,"414,00",15538735NBR3282691,10/04/2026,03/08/2026,54,132095,"R$ 397,44"
7,DASS NORDESTE CALCADOS E ART ESPORT SA,137289,1299257,86978,ATAC. MR130027 6MM RECICLADO COR 4085/PET,100CM,15542040,"495,00",15538731NBR3282691,10/04/2026,03/08/2026,54,132095,"R$ 499,95"
7,DASS NORDESTE CALCADOS E ART ESPORT SA,137289,1299257,86978,ATAC. MR130027 6MM RECICLADO COR 4085/PET,100CM,15542040,"480,00",15538734NBR3282691,10/04/2026,03/08/2026,54,132095,"R$ 484,80"
7,DASS NORDESTE CALCADOS E ART ESPORT SA,137289,1299257,86978,ATAC. MR130027 6MM RECICLADO COR 4085/PET,100CM,15542040,"516,00",15538735NBR3282691,10/04/2026,03/08/2026,54,132095,"R$ 521,16"
7,DASS NORDESTE CALCADOS E ART ESPORT SA,137289,1299257,86978,ATAC. MR130027 6MM RECICLADO COR 4085/PET,105CM,15542040,"60,00",15538731NBR3282691,10/04/2026,03/08/2026,54,132095,"R$ 63,60"
7,DASS NORDESTE CALCADOS E ART ESPORT SA,137289,1299257,86978,ATAC. MR130027 6MM RECICLADO COR 4085/PET,105CM,15542040,"60,00",15538734NBR3282691,10/04/2026,03/08/2026,54,132095,"R$ 63,60"
7,DASS NORDESTE CALCADOS E ART ESPORT SA,137289,1299257,86978,ATAC. MR130027 6MM RECICLADO COR 4085/PET,105CM,15542040,"60,00",15538735NBR3282691,10/04/2026,03/08/2026,54,132095,"R$ 63,60"
7,DASS NORDESTE CALCADOS E ART ESPORT SA,137289,1410668,95028,ATAC. MR130027 6MM RECICLADO COR 5422/PET,100CM,15542040,"192,00",15538743NBR3282679,10/04/2026,03/08/2026,54,132095,"R$ 193,92"
7,DASS NORDESTE CALCADOS E ART ESPORT SA,137289,1410668,95028,ATAC. MR130027 6MM RECICLADO COR 5422/PET,100CM,15542040,"168,00",15538744NBR3282679,10/04/2026,03/08/2026,54,132095,"R$ 169,68"
7,DASS NORDESTE CALCADOS E ART ESPORT SA,137289,1410668,95028,ATAC. MR130027 6MM RECICLADO COR 5422/PET,100CM,15542040,"216,00",15538745NBR3282679,10/04/2026,03/08/2026,54,132095,"R$ 218,16"
7,DASS NORDESTE CALCADOS E ART ESPORT SA,137289,1410668,95028,ATAC. MR130027 6MM RECICLADO COR 5422/PET,105CM,15542040,"795,00",15538743NBR3282679,10/04/2026,03/08/2026,54,132095,"R$ 842,70"
7,DASS NORDESTE CALCADOS E ART ESPORT SA,137289,1410668,95028,ATAC. MR130027 6MM RECICLADO COR 5422/PET,105CM,15542040,"576,00",15538744NBR3282679,10/04/2026,03/08/2026,54,132095,"R$ 610,56"
7,DASS NORDESTE CALCADOS E ART ESPORT SA,137289,1410668,95028,ATAC. MR130027 6MM RECICLADO COR 5422/PET,105CM,15542040,"402,00",15538745NBR3282679,10/04/2026,03/08/2026,54,132095,"R$ 426,12"
7,DASS NORDESTE CALCADOS E ART ESPORT SA,137289,1410668,95028,ATAC. MR130027 6MM RECICLADO COR 5422/PET,110CM,15542040,"168,00",15538743NBR3282679,10/04/2026,03/08/2026,54,132095,"R$ 186,48"
7,DASS NORDESTE CALCADOS E ART ESPORT SA,137289,1410668,95028,ATAC. MR130027 6MM RECICLADO COR 5422/PET,110CM,15542040,"156,00",15538744NBR3282679,10/04/2026,03/08/2026,54,132095,"R$ 173,16"
7,DASS NORDESTE CALCADOS E ART ESPORT SA,137289,1410668,95028,ATAC. MR130027 6MM RECICLADO COR 5422/PET,110CM,15542040,"192,00",15538745NBR3282679,10/04/2026,03/08/2026,54,132095,"R$ 213,12"
7,DASS NORDESTE CALCADOS E ART ESPORT SA,137290,1200469,74007,FITA M32164 C/ GOMA POLIESTER COR 4085,10MM,15543550,"240,00",0,10/04/2026,20/07/2026,40,132114,"R$ 168,00"
7,DASS NORDESTE CALCADOS E ART ESPORT SA,137290,1236790,84960,FITA M32164 C/ GOMA POLIESTER COR 5422,10MM,15543550,"240,00",0,10/04/2026,20/07/2026,40,132114,"R$ 168,00"
7,DASS NORDESTE CALCADOS E ART ESPORT SA,137308,1421417,95044,ATAC. MR110022 7MM RECICLADO COR 6082/PET / COR 5481/PET,110CM,15544186,"228,00",15536269NBR3282630,10/04/2026,22/06/2026,12,132120,"R$ 155,04"
7,DASS NORDESTE CALCADOS E ART ESPORT SA,137308,1421417,95044,ATAC. MR110022 7MM RECICLADO COR 6082/PET / COR 5481/PET,115CM,15544186,"650,00",15536269NBR3282630,10/04/2026,22/06/2026,12,132120,"R$ 461,50"
7,DASS NORDESTE CALCADOS E ART ESPORT SA,137308,1421417,95044,ATAC. MR110022 7MM RECICLADO COR 6082/PET / COR 5481/PET,120CM,15544186,"216,00",15536269NBR3282630,10/04/2026,22/06/2026,12,132120,"R$ 159,84"
7,DASS NORDESTE CALCADOS E ART ESPORT SA,137309,1421417,95044,ATAC. MR110022 7MM RECICLADO COR 6082/PET / COR 5481/PET,110CM,15544188,"192,00",15536963NBR3282644,10/04/2026,29/06/2026,19,132121,"R$ 130,56"
7,DASS NORDESTE CALCADOS E ART ESPORT SA,137309,1421417,95044,ATAC. MR110022 7MM RECICLADO COR 6082/PET / COR 5481/PET,110CM,15544188,"210,00",15536964NBR3282644,10/04/2026,29/06/2026,19,132121,"R$ 142,80"
7,DASS NORDESTE CALCADOS E ART ESPORT SA,137309,1421417,95044,ATAC. MR110022 7MM RECICLADO COR 6082/PET / COR 5481/PET,115CM,15544188,"524,00",15536963NBR3282644,10/04/2026,29/06/2026,19,132121,"R$ 372,04"
7,DASS NORDESTE CALCADOS E ART ESPORT SA,137309,1421417,95044,ATAC. MR110022 7MM RECICLADO COR 6082/PET / COR 5481/PET,115CM,15544188,"552,00",15536964NBR3282644,10/04/2026,29/06/2026,19,132121,"R$ 391,92"
7,DASS NORDESTE CALCADOS E ART ESPORT SA,137309,1421417,95044,ATAC. MR110022 7MM RECICLADO COR 6082/PET / COR 5481/PET,120CM,15544188,"60,00",15536963NBR3282644,10/04/2026,29/06/2026,19,132121,"R$ 44,40"
7,DASS NORDESTE CALCADOS E ART ESPORT SA,137309,1421417,95044,ATAC. MR110022 7MM RECICLADO COR 6082/PET / COR 5481/PET,120CM,15544188,"72,00",15536964NBR3282644,10/04/2026,29/06/2026,19,132121,"R$ 53,28"
7,DASS NORDESTE CALCADOS E ART ESPORT SA,137310,1421417,95044,ATAC. MR110022 7MM RECICLADO COR 6082/PET / COR 5481/PET,110CM,15544189,"192,00",15536970NBR3282705,10/04/2026,20/07/2026,40,132122,"R$ 130,56"
7,DASS NORDESTE CALCADOS E ART ESPORT SA,137310,1421417,95044,ATAC. MR110022 7MM RECICLADO COR 6082/PET / COR 5481/PET,110CM,15544189,"204,00",15536974NBR3282705,10/04/2026,20/07/2026,40,132122,"R$ 138,72"
7,DASS NORDESTE CALCADOS E ART ESPORT SA,137310,1421417,95044,ATAC. MR110022 7MM RECICLADO COR 6082/PET / COR 5481/PET,115CM,15544189,"518,00",15536970NBR3282705,10/04/2026,20/07/2026,40,132122,"R$ 367,78"
7,DASS NORDESTE CALCADOS E ART ESPORT SA,137310,1421417,95044,ATAC. MR110022 7MM RECICLADO COR 6082/PET / COR 5481/PET,115CM,15544189,"552,00",15536974NBR3282705,10/04/2026,20/07/2026,40,132122,"R$ 391,92"
7,DASS NORDESTE CALCADOS E ART ESPORT SA,137310,1421417,95044,ATAC. MR110022 7MM RECICLADO COR 6082/PET / COR 5481/PET,120CM,15544189,"60,00",15536970NBR3282705,10/04/2026,20/07/2026,40,132122,"R$ 44,40"
7,DASS NORDESTE CALCADOS E ART ESPORT SA,137310,1421417,95044,ATAC. MR110022 7MM RECICLADO COR 6082/PET / COR 5481/PET,120CM,15544189,"72,00",15536974NBR3282705,10/04/2026,20/07/2026,40,132122,"R$ 53,28"
7,DASS NORDESTE CALCADOS E ART ESPORT SA,137928,1070873,76555,ATAC. MR130011 5MM RECICLADO COR 4085,90CM,15631902,"686,00",15614125NBR3282619,28/04/2026,22/06/2026,12,132705,"R$ 727,16"
7,DASS NORDESTE CALCADOS E ART ESPORT SA,137928,1070873,76555,ATAC. MR130011 5MM RECICLADO COR 4085,90CM,15631902,"690,00",15614126NBR3282619,28/04/2026,22/06/2026,12,132705,"R$ 731,40"
7,DASS NORDESTE CALCADOS E ART ESPORT SA,137928,1070873,76555,ATAC. MR130011 5MM RECICLADO COR 4085,95CM,15631902,"240,00",15614125NBR3282619,28/04/2026,22/06/2026,12,132705,"R$ 268,80"
7,DASS NORDESTE CALCADOS E ART ESPORT SA,137928,1070873,76555,ATAC. MR130011 5MM RECICLADO COR 4085,95CM,15631902,"246,00",15614126NBR3282619,28/04/2026,22/06/2026,12,132705,"R$ 275,52"
7,DASS NORDESTE CALCADOS E ART ESPORT SA,137928,1070873,76555,ATAC. MR130011 5MM RECICLADO COR 4085,105CM,15631902,"318,00",15614160NBR3282527,28/04/2026,22/06/2026,12,132705,"R$ 394,32"
7,DASS NORDESTE CALCADOS E ART ESPORT SA,137928,1070873,76555,ATAC. MR130011 5MM RECICLADO COR 4085,105CM,15631902,"264,00",15614146NBR33283,28/04/2026,22/06/2026,12,132705,"R$ 327,36"
7,DASS NORDESTE CALCADOS E ART ESPORT SA,137928,1070873,76555,ATAC. MR130011 5MM RECICLADO COR 4085,110CM,15631902,"800,00",15614160NBR3282527,28/04/2026,22/06/2026,12,132705,"R$ 1.040,00"
7,DASS NORDESTE CALCADOS E ART ESPORT SA,137928,1070873,76555,ATAC. MR130011 5MM RECICLADO COR 4085,110CM,15631902,"614,00",15614146NBR33283,28/04/2026,22/06/2026,12,132705,"R$ 798,20"
7,DASS NORDESTE CALCADOS E ART ESPORT SA,137928,1070873,76555,ATAC. MR130011 5MM RECICLADO COR 4085,115CM,15631902,"258,00",15614160NBR3282527,28/04/2026,22/06/2026,12,132705,"R$ 350,88"
7,DASS NORDESTE CALCADOS E ART ESPORT SA,137928,1070873,76555,ATAC. MR130011 5MM RECICLADO COR 4085,115CM,15631902,"192,00",15614146NBR33283,28/04/2026,22/06/2026,12,132705,"R$ 261,12"
7,DASS NORDESTE CALCADOS E ART ESPORT SA,137928,1418335,95102,ATAC. MR130011 5MM RECICLADO COR 6191/PET,105CM,15631902,"222,00",15614178NBR33389-A,28/04/2026,22/06/2026,12,132705,"R$ 275,28"
7,DASS NORDESTE CALCADOS E ART ESPORT SA,137928,1418335,95102,ATAC. MR130011 5MM RECICLADO COR 6191/PET,105CM,15631902,"228,00",15614179NBR33389-B,28/04/2026,22/06/2026,12,132705,"R$ 282,72"
7,DASS NORDESTE CALCADOS E ART ESPORT SA,137928,1418335,95102,ATAC. MR130011 5MM RECICLADO COR 6191/PET,110CM,15631902,"428,00",15614178NBR33389-A,28/04/2026,22/06/2026,12,132705,"R$ 556,40"
7,DASS NORDESTE CALCADOS E ART ESPORT SA,137928,1418335,95102,ATAC. MR130011 5MM RECICLADO COR 6191/PET,110CM,15631902,"414,00",15614179NBR33389-B,28/04/2026,22/06/2026,12,132705,"R$ 538,20"
7,DASS NORDESTE CALCADOS E ART ESPORT SA,137928,1418335,95102,ATAC. MR130011 5MM RECICLADO COR 6191/PET,115CM,15631902,"120,00",15614178NBR33389-A,28/04/2026,22/06/2026,12,132705,"R$ 163,20"
7,DASS NORDESTE CALCADOS E ART ESPORT SA,137928,1418335,95102,ATAC. MR130011 5MM RECICLADO COR 6191/PET,115CM,15631902,"156,00",15614179NBR33389-B,28/04/2026,22/06/2026,12,132705,"R$ 212,16"
7,DASS NORDESTE CALCADOS E ART ESPORT SA,137928,1188919,82628,ATAC. MR140014 6MM RECICLADO COR 4085/PET,100CM,15631902,"264,00",15614138NBR3282634,28/04/2026,22/06/2026,12,132705,"R$ 322,08"
7,DASS NORDESTE CALCADOS E ART ESPORT SA,137928,1188919,82628,ATAC. MR140014 6MM RECICLADO COR 4085/PET,100CM,15631902,"276,00",15614139NBR3282634,28/04/2026,22/06/2026,12,132705,"R$ 336,72"
7,DASS NORDESTE CALCADOS E ART ESPORT SA,137928,1188919,82628,ATAC. MR140014 6MM RECICLADO COR 4085/PET,105CM,15631902,"144,00",15614132NBR3282595,28/04/2026,22/06/2026,12,132705,"R$ 184,32"
7,DASS NORDESTE CALCADOS E ART ESPORT SA,137928,1188919,82628,ATAC. MR140014 6MM RECICLADO COR 4085/PET,105CM,15631902,"144,00",15614133NBR3282595,28/04/2026,22/06/2026,12,132705,"R$ 184,32"
7,DASS NORDESTE CALCADOS E ART ESPORT SA,137928,1188919,82628,ATAC. MR140014 6MM RECICLADO COR 4085/PET,105CM,15631902,"228,00",15614134NBR3282598,28/04/2026,22/06/2026,12,132705,"R$ 291,84"
7,DASS NORDESTE CALCADOS E ART ESPORT SA,137928,1188919,82628,ATAC. MR140014 6MM RECICLADO COR 4085/PET,105CM,15631902,"246,00",15614135NBR3282598,28/04/2026,22/06/2026,12,132705,"R$ 314,88"
7,DASS NORDESTE CALCADOS E ART ESPORT SA,137928,1188919,82628,ATAC. MR140014 6MM RECICLADO COR 4085/PET,105CM,15631902,"216,00",15614144NBR3282631,28/04/2026,22/06/2026,12,132705,"R$ 276,48"
7,DASS NORDESTE CALCADOS E ART ESPORT SA,137928,1188919,82628,ATAC. MR140014 6MM RECICLADO COR 4085/PET,105CM,15631902,"228,00",15614145NBR3282631,28/04/2026,22/06/2026,12,132705,"R$ 291,84"
7,DASS NORDESTE CALCADOS E ART ESPORT SA,137928,1188919,82628,ATAC. MR140014 6MM RECICLADO COR 4085/PET,105CM,15631902,"276,00",15614148NBR3282632,28/04/2026,22/06/2026,12,132705,"R$ 353,28"
7,DASS NORDESTE CALCADOS E ART ESPORT SA,137928,1188919,82628,ATAC. MR140014 6MM RECICLADO COR 4085/PET,105CM,15631902,"843,00",15614138NBR3282634,28/04/2026,22/06/2026,12,132705,"R$ 1.079,04"
7,DASS NORDESTE CALCADOS E ART ESPORT SA,137928,1188919,82628,ATAC. MR140014 6MM RECICLADO COR 4085/PET,105CM,15631902,"882,00",15614139NBR3282634,28/04/2026,22/06/2026,12,132705,"R$ 1.128,96"
7,DASS NORDESTE CALCADOS E ART ESPORT SA,137928,1188919,82628,ATAC. MR140014 6MM RECICLADO COR 4085/PET,110CM,15631902,"597,00",15614132NBR3282595,28/04/2026,22/06/2026,12,132705,"R$ 799,98"
7,DASS NORDESTE CALCADOS E ART ESPORT SA,137928,1188919,82628,ATAC. MR140014 6MM RECICLADO COR 4085/PET,110CM,15631902,"582,00",15614133NBR3282595,28/04/2026,22/06/2026,12,132705,"R$ 779,88"
7,DASS NORDESTE CALCADOS E ART ESPORT SA,137928,1188919,82628,ATAC. MR140014 6MM RECICLADO COR 4085/PET,110CM,15631902,"548,00",15614134NBR3282598,28/04/2026,22/06/2026,12,132705,"R$ 734,32"
7,DASS NORDESTE CALCADOS E ART ESPORT SA,137928,1188919,82628,ATAC. MR140014 6MM RECICLADO COR 4085/PET,110CM,15631902,"558,00",15614135NBR3282598,28/04/2026,22/06/2026,12,132705,"R$ 747,72"
7,DASS NORDESTE CALCADOS E ART ESPORT SA,137928,1188919,82628,ATAC. MR140014 6MM RECICLADO COR 4085/PET,110CM,15631902,"741,00",15614144NBR3282631,28/04/2026,22/06/2026,12,132705,"R$ 992,94"
7,DASS NORDESTE CALCADOS E ART ESPORT SA,137928,1188919,82628,ATAC. MR140014 6MM RECICLADO COR 4085/PET,110CM,15631902,"750,00",15614145NBR3282631,28/04/2026,22/06/2026,12,132705,"R$ 1.005,00"
7,DASS NORDESTE CALCADOS E ART ESPORT SA,137928,1188919,82628,ATAC. MR140014 6MM RECICLADO COR 4085/PET,110CM,15631902,"746,00",15614148NBR3282632,28/04/2026,22/06/2026,12,132705,"R$ 999,64"
7,DASS NORDESTE CALCADOS E ART ESPORT SA,137928,1188919,82628,ATAC. MR140014 6MM RECICLADO COR 4085/PET,110CM,15631902,"18,00",15614138NBR3282634,28/04/2026,22/06/2026,12,132705,"R$ 24,12"
7,DASS NORDESTE CALCADOS E ART ESPORT SA,137928,1188919,82628,ATAC. MR140014 6MM RECICLADO COR 4085/PET,110CM,15631902,"24,00",15614139NBR3282634,28/04/2026,22/06/2026,12,132705,"R$ 32,16"
7,DASS NORDESTE CALCADOS E ART ESPORT SA,137928,1188919,82628,ATAC. MR140014 6MM RECICLADO COR 4085/PET,115CM,15631902,"276,00",15614132NBR3282595,28/04/2026,22/06/2026,12,132705,"R$ 386,40"
7,DASS NORDESTE CALCADOS E ART ESPORT SA,137928,1188919,82628,ATAC. MR140014 6MM RECICLADO COR 4085/PET,115CM,15631902,"288,00",15614133NBR3282595,28/04/2026,22/06/2026,12,132705,"R$ 403,20"
7,DASS NORDESTE CALCADOS E ART ESPORT SA,137928,1188919,82628,ATAC. MR140014 6MM RECICLADO COR 4085/PET,115CM,15631902,"144,00",15614134NBR3282598,28/04/2026,22/06/2026,12,132705,"R$ 201,60"
7,DASS NORDESTE CALCADOS E ART ESPORT SA,137928,1188919,82628,ATAC. MR140014 6MM RECICLADO COR 4085/PET,115CM,15631902,"144,00",15614135NBR3282598,28/04/2026,22/06/2026,12,132705,"R$ 201,60"
7,DASS NORDESTE CALCADOS E ART ESPORT SA,137928,1188919,82628,ATAC. MR140014 6MM RECICLADO COR 4085/PET,115CM,15631902,"216,00",15614144NBR3282631,28/04/2026,22/06/2026,12,132705,"R$ 302,40"
7,DASS NORDESTE CALCADOS E ART ESPORT SA,137928,1188919,82628,ATAC. MR140014 6MM RECICLADO COR 4085/PET,115CM,15631902,"240,00",15614145NBR3282631,28/04/2026,22/06/2026,12,132705,"R$ 336,00"
7,DASS NORDESTE CALCADOS E ART ESPORT SA,137928,1188919,82628,ATAC. MR140014 6MM RECICLADO COR 4085/PET,115CM,15631902,"150,00",15614148NBR3282632,28/04/2026,22/06/2026,12,132705,"R$ 210,00"
7,DASS NORDESTE CALCADOS E ART ESPORT SA,137928,1278311,86418,ATAC. MR140014 6MM RECICLADO COR 4662/PET,100CM,15631902,"204,00",15614158NBR3282649,28/04/2026,22/06/2026,12,132705,"R$ 248,88"
7,DASS NORDESTE CALCADOS E ART ESPORT SA,137928,1278311,86418,ATAC. MR140014 6MM RECICLADO COR 4662/PET,100CM,15631902,"210,00",15614159NBR3282649,28/04/2026,22/06/2026,12,132705,"R$ 256,20"
7,DASS NORDESTE CALCADOS E ART ESPORT SA,137928,1278311,86418,ATAC. MR140014 6MM RECICLADO COR 4662/PET,105CM,15631902,"914,00",15614168NBR3282574,28/04/2026,22/06/2026,12,132705,"R$ 1.169,92"
7,DASS NORDESTE CALCADOS E ART ESPORT SA,137928,1278311,86418,ATAC. MR140014 6MM RECICLADO COR 4662/PET,105CM,15631902,"18,00",15614175NBR3282584,28/04/2026,22/06/2026,12,132705,"R$ 23,04"
7,DASS NORDESTE CALCADOS E ART ESPORT SA,137928,1278311,86418,ATAC. MR140014 6MM RECICLADO COR 4662/PET,105CM,15631902,"626,00",15614158NBR3282649,28/04/2026,22/06/2026,12,132705,"R$ 801,28"
7,DASS NORDESTE CALCADOS E ART ESPORT SA,137928,1278311,86418,ATAC. MR140014 6MM RECICLADO COR 4662/PET,105CM,15631902,"648,00",15614159NBR3282649,28/04/2026,22/06/2026,12,132705,"R$ 829,44"
7,DASS NORDESTE CALCADOS E ART ESPORT SA,137928,1278311,86418,ATAC. MR140014 6MM RECICLADO COR 4662/PET,110CM,15631902,"372,00",15614168NBR3282574,28/04/2026,22/06/2026,12,132705,"R$ 498,48"
7,DASS NORDESTE CALCADOS E ART ESPORT SA,137928,1278311,86418,ATAC. MR140014 6MM RECICLADO COR 4662/PET,110CM,15631902,"1.070,00",15614175NBR3282584,28/04/2026,22/06/2026,12,132705,"R$ 1.433,80"
7,DASS NORDESTE CALCADOS E ART ESPORT SA,137928,1278311,86418,ATAC. MR140014 6MM RECICLADO COR 4662/PET,110CM,15631902,"18,00",15614158NBR3282649,28/04/2026,22/06/2026,12,132705,"R$ 24,12"
7,DASS NORDESTE CALCADOS E ART ESPORT SA,137928,1278311,86418,ATAC. MR140014 6MM RECICLADO COR 4662/PET,110CM,15631902,"12,00",15614159NBR3282649,28/04/2026,22/06/2026,12,132705,"R$ 16,08"
7,DASS NORDESTE CALCADOS E ART ESPORT SA,137928,1278311,86418,ATAC. MR140014 6MM RECICLADO COR 4662/PET,115CM,15631902,"186,00",15614175NBR3282584,28/04/2026,22/06/2026,12,132705,"R$ 260,40"
7,DASS NORDESTE CALCADOS E ART ESPORT SA,137928,1027849,92568,ATAC. MR110012 8MM RECICLADO COR 4085/PET,115CM,15631902,"174,00",15614117NBR3282785,28/04/2026,22/06/2026,12,132705,"R$ 186,18"
7,DASS NORDESTE CALCADOS E ART ESPORT SA,137928,1027849,92568,ATAC. MR110012 8MM RECICLADO COR 4085/PET,115CM,15631902,"192,00",15614118NBR3282785,28/04/2026,22/06/2026,12,132705,"R$ 205,44"
7,DASS NORDESTE CALCADOS E ART ESPORT SA,137928,1027849,92568,ATAC. MR110012 8MM RECICLADO COR 4085/PET,115CM,15631902,"240,00",15614119NBR3282788,28/04/2026,22/06/2026,12,132705,"R$ 256,80"
7,DASS NORDESTE CALCADOS E ART ESPORT SA,137928,1027849,92568,ATAC. MR110012 8MM RECICLADO COR 4085/PET,115CM,15631902,"252,00",15614120NBR3282788,28/04/2026,22/06/2026,12,132705,"R$ 269,64"
7,DASS NORDESTE CALCADOS E ART ESPORT SA,137928,1027849,92568,ATAC. MR110012 8MM RECICLADO COR 4085/PET,120CM,15631902,"680,00",15614117NBR3282785,28/04/2026,22/06/2026,12,132705,"R$ 761,60"
7,DASS NORDESTE CALCADOS E ART ESPORT SA,137928,1027849,92568,ATAC. MR110012 8MM RECICLADO COR 4085/PET,120CM,15631902,"690,00",15614118NBR3282785,28/04/2026,22/06/2026,12,132705,"R$ 772,80"
7,DASS NORDESTE CALCADOS E ART ESPORT SA,137928,1027849,92568,ATAC. MR110012 8MM RECICLADO COR 4085/PET,120CM,15631902,"891,00",15614119NBR3282788,28/04/2026,22/06/2026,12,132705,"R$ 997,92"
7,DASS NORDESTE CALCADOS E ART ESPORT SA,137928,1027849,92568,ATAC. MR110012 8MM RECICLADO COR 4085/PET,120CM,15631902,"924,00",15614120NBR3282788,28/04/2026,22/06/2026,12,132705,"R$ 1.034,88"
7,DASS NORDESTE CALCADOS E ART ESPORT SA,137928,1102648,93674,ATAC. MR140023 RECICLADO COR 4085/PET,100CM,15631902,"96,00",15614163NBR3282637,28/04/2026,22/06/2026,12,132705,"R$ 90,24"
7,DASS NORDESTE CALCADOS E ART ESPORT SA,137928,1102648,93674,ATAC. MR140023 RECICLADO COR 4085/PET,100CM,15631902,"120,00",15614165NBR3282640,28/04/2026,22/06/2026,12,132705,"R$ 112,80"
7,DASS NORDESTE CALCADOS E ART ESPORT SA,137928,1102648,93674,ATAC. MR140023 RECICLADO COR 4085/PET,105CM,15631902,"707,00",15614163NBR3282637,28/04/2026,22/06/2026,12,132705,"R$ 699,93"
7,DASS NORDESTE CALCADOS E ART ESPORT SA,137928,1102648,93674,ATAC. MR140023 RECICLADO COR 4085/PET,105CM,15631902,"848,00",15614165NBR3282640,28/04/2026,22/06/2026,12,132705,"R$ 839,52"
7,DASS NORDESTE CALCADOS E ART ESPORT SA,137928,1102648,93674,ATAC. MR140023 RECICLADO COR 4085/PET,110CM,15631902,"198,00",15614163NBR3282637,28/04/2026,22/06/2026,12,132705,"R$ 203,94"
7,DASS NORDESTE CALCADOS E ART ESPORT SA,137928,1102648,93674,ATAC. MR140023 RECICLADO COR 4085/PET,110CM,15631902,"234,00",15614165NBR3282640,28/04/2026,22/06/2026,12,132705,"R$ 241,02"
7,DASS NORDESTE CALCADOS E ART ESPORT SA,137929,1048514,82631,ATAC. MR110012 8MM RECICLADO COR 4699/PET,115CM,15632091,"306,00",15625153NBR3282776,28/04/2026,17/08/2026,68,132706,"R$ 327,42"
7,DASS NORDESTE CALCADOS E ART ESPORT SA,137929,1048514,82631,ATAC. MR110012 8MM RECICLADO COR 4699/PET,120CM,15632091,"1.142,00",15625153NBR3282776,28/04/2026,17/08/2026,68,132706,"R$ 1.279,04"
7,DASS NORDESTE CALCADOS E ART ESPORT SA,137930,1070873,76555,ATAC. MR130011 5MM RECICLADO COR 4085,90CM,15631932,"686,00",15614127NBR3282620,28/04/2026,29/06/2026,19,132707,"R$ 727,16"
7,DASS NORDESTE CALCADOS E ART ESPORT SA,137930,1070873,76555,ATAC. MR130011 5MM RECICLADO COR 4085,90CM,15631932,"690,00",15614128NBR3282620,28/04/2026,29/06/2026,19,132707,"R$ 731,40"
7,DASS NORDESTE CALCADOS E ART ESPORT SA,137930,1070873,76555,ATAC. MR130011 5MM RECICLADO COR 4085,95CM,15631932,"240,00",15614127NBR3282620,28/04/2026,29/06/2026,19,132707,"R$ 268,80"
7,DASS NORDESTE CALCADOS E ART ESPORT SA,137930,1070873,76555,ATAC. MR130011 5MM RECICLADO COR 4085,95CM,15631932,"246,00",15614128NBR3282620,28/04/2026,29/06/2026,19,132707,"R$ 275,52"
7,DASS NORDESTE CALCADOS E ART ESPORT SA,137930,1070873,76555,ATAC. MR130011 5MM RECICLADO COR 4085,105CM,15631932,"162,00",15614161NBR3282555,28/04/2026,29/06/2026,19,132707,"R$ 200,88"
7,DASS NORDESTE CALCADOS E ART ESPORT SA,137930,1070873,76555,ATAC. MR130011 5MM RECICLADO COR 4085,110CM,15631932,"800,00",15614161NBR3282555,28/04/2026,29/06/2026,19,132707,"R$ 1.040,00"
7,DASS NORDESTE CALCADOS E ART ESPORT SA,137930,1070873,76555,ATAC. MR130011 5MM RECICLADO COR 4085,115CM,15631932,"390,00",15614161NBR3282555,28/04/2026,29/06/2026,19,132707,"R$ 530,40"
7,DASS NORDESTE CALCADOS E ART ESPORT SA,137930,1418335,95102,ATAC. MR130011 5MM RECICLADO COR 6191/PET,105CM,15631932,"222,00",15614176NBR3282624,28/04/2026,29/06/2026,19,132707,"R$ 275,28"
7,DASS NORDESTE CALCADOS E ART ESPORT SA,137930,1418335,95102,ATAC. MR130011 5MM RECICLADO COR 6191/PET,105CM,15631932,"228,00",15614177NBR3282624,28/04/2026,29/06/2026,19,132707,"R$ 282,72"
7,DASS NORDESTE CALCADOS E ART ESPORT SA,137930,1418335,95102,ATAC. MR130011 5MM RECICLADO COR 6191/PET,110CM,15631932,"428,00",15614176NBR3282624,28/04/2026,29/06/2026,19,132707,"R$ 556,40"
7,DASS NORDESTE CALCADOS E ART ESPORT SA,137930,1418335,95102,ATAC. MR130011 5MM RECICLADO COR 6191/PET,110CM,15631932,"414,00",15614177NBR3282624,28/04/2026,29/06/2026,19,132707,"R$ 538,20"
7,DASS NORDESTE CALCADOS E ART ESPORT SA,137930,1418335,95102,ATAC. MR130011 5MM RECICLADO COR 6191/PET,115CM,15631932,"120,00",15614176NBR3282624,28/04/2026,29/06/2026,19,132707,"R$ 163,20"
7,DASS NORDESTE CALCADOS E ART ESPORT SA,137930,1418335,95102,ATAC. MR130011 5MM RECICLADO COR 6191/PET,115CM,15631932,"156,00",15614177NBR3282624,28/04/2026,29/06/2026,19,132707,"R$ 212,16"
7,DASS NORDESTE CALCADOS E ART ESPORT SA,137930,1188919,82628,ATAC. MR140014 6MM RECICLADO COR 4085/PET,100CM,15631932,"204,00",15614140NBR3282727,28/04/2026,29/06/2026,19,132707,"R$ 248,88"
7,DASS NORDESTE CALCADOS E ART ESPORT SA,137930,1188919,82628,ATAC. MR140014 6MM RECICLADO COR 4085/PET,100CM,15631932,"234,00",15614141NBR3282727,28/04/2026,29/06/2026,19,132707,"R$ 285,48"
7,DASS NORDESTE CALCADOS E ART ESPORT SA,137930,1188919,82628,ATAC. MR140014 6MM RECICLADO COR 4085/PET,100CM,15631932,"204,00",15614142NBR3282741,28/04/2026,29/06/2026,19,132707,"R$ 248,88"
7,DASS NORDESTE CALCADOS E ART ESPORT SA,137930,1188919,82628,ATAC. MR140014 6MM RECICLADO COR 4085/PET,100CM,15631932,"234,00",15614143NBR3282741,28/04/2026,29/06/2026,19,132707,"R$ 285,48"
7,DASS NORDESTE CALCADOS E ART ESPORT SA,137930,1188919,82628,ATAC. MR140014 6MM RECICLADO COR 4085/PET,105CM,15631932,"24,00",15614172NBR3282586,28/04/2026,29/06/2026,19,132707,"R$ 30,72"
7,DASS NORDESTE CALCADOS E ART ESPORT SA,137930,1188919,82628,ATAC. MR140014 6MM RECICLADO COR 4085/PET,105CM,15631932,"144,00",15614136NBR3282708,28/04/2026,29/06/2026,19,132707,"R$ 184,32"
7,DASS NORDESTE CALCADOS E ART ESPORT SA,137930,1188919,82628,ATAC. MR140014 6MM RECICLADO COR 4085/PET,105CM,15631932,"144,00",15614137NBR3282708,28/04/2026,29/06/2026,19,132707,"R$ 184,32"
7,DASS NORDESTE CALCADOS E ART ESPORT SA,137930,1188919,82628,ATAC. MR140014 6MM RECICLADO COR 4085/PET,105CM,15631932,"102,00",15614149NBR3282725,28/04/2026,29/06/2026,19,132707,"R$ 130,56"
7,DASS NORDESTE CALCADOS E ART ESPORT SA,137930,1188919,82628,ATAC. MR140014 6MM RECICLADO COR 4085/PET,105CM,15631932,"114,00",15614150NBR3282725,28/04/2026,29/06/2026,19,132707,"R$ 145,92"
7,DASS NORDESTE CALCADOS E ART ESPORT SA,137930,1188919,82628,ATAC. MR140014 6MM RECICLADO COR 4085/PET,105CM,15631932,"783,00",15614140NBR3282727,28/04/2026,29/06/2026,19,132707,"R$ 1.002,24"
7,DASS NORDESTE CALCADOS E ART ESPORT SA,137930,1188919,82628,ATAC. MR140014 6MM RECICLADO COR 4085/PET,105CM,15631932,"810,00",15614141NBR3282727,28/04/2026,29/06/2026,19,132707,"R$ 1.036,80"
7,DASS NORDESTE CALCADOS E ART ESPORT SA,137930,1188919,82628,ATAC. MR140014 6MM RECICLADO COR 4085/PET,105CM,15631932,"783,00",15614142NBR3282741,28/04/2026,29/06/2026,19,132707,"R$ 1.002,24"
7,DASS NORDESTE CALCADOS E ART ESPORT SA,137930,1188919,82628,ATAC. MR140014 6MM RECICLADO COR 4085/PET,105CM,15631932,"810,00",15614143NBR3282741,28/04/2026,29/06/2026,19,132707,"R$ 1.036,80"
7,DASS NORDESTE CALCADOS E ART ESPORT SA,137930,1188919,82628,ATAC. MR140014 6MM RECICLADO COR 4085/PET,105CM,15631932,"542,00",15614166NBR3282751,28/04/2026,29/06/2026,19,132707,"R$ 693,76"
7,DASS NORDESTE CALCADOS E ART ESPORT SA,137930,1188919,82628,ATAC. MR140014 6MM RECICLADO COR 4085/PET,105CM,15631932,"588,00",15614167NBR3282751,28/04/2026,29/06/2026,19,132707,"R$ 752,64"
7,DASS NORDESTE CALCADOS E ART ESPORT SA,137930,1188919,82628,ATAC. MR140014 6MM RECICLADO COR 4085/PET,110CM,15631932,"927,00",15614172NBR3282586,28/04/2026,29/06/2026,19,132707,"R$ 1.242,18"
7,DASS NORDESTE CALCADOS E ART ESPORT SA,137930,1188919,82628,ATAC. MR140014 6MM RECICLADO COR 4085/PET,110CM,15631932,"744,00",15614173NBR3282586,28/04/2026,29/06/2026,19,132707,"R$ 996,96"
7,DASS NORDESTE CALCADOS E ART ESPORT SA,137930,1188919,82628,ATAC. MR140014 6MM RECICLADO COR 4085/PET,110CM,15631932,"588,00",15614174NBR3282586,28/04/2026,29/06/2026,19,132707,"R$ 787,92"
7,DASS NORDESTE CALCADOS E ART ESPORT SA,137930,1188919,82628,ATAC. MR140014 6MM RECICLADO COR 4085/PET,110CM,15631932,"597,00",15614136NBR3282708,28/04/2026,29/06/2026,19,132707,"R$ 799,98"
7,DASS NORDESTE CALCADOS E ART ESPORT SA,137930,1188919,82628,ATAC. MR140014 6MM RECICLADO COR 4085/PET,110CM,15631932,"582,00",15614137NBR3282708,28/04/2026,29/06/2026,19,132707,"R$ 779,88"
7,DASS NORDESTE CALCADOS E ART ESPORT SA,137930,1188919,82628,ATAC. MR140014 6MM RECICLADO COR 4085/PET,110CM,15631932,"482,00",15614149NBR3282725,28/04/2026,29/06/2026,19,132707,"R$ 645,88"
7,DASS NORDESTE CALCADOS E ART ESPORT SA,137930,1188919,82628,ATAC. MR140014 6MM RECICLADO COR 4085/PET,110CM,15631932,"504,00",15614150NBR3282725,28/04/2026,29/06/2026,19,132707,"R$ 675,36"
7,DASS NORDESTE CALCADOS E ART ESPORT SA,137930,1188919,82628,ATAC. MR140014 6MM RECICLADO COR 4085/PET,110CM,15631932,"18,00",15614140NBR3282727,28/04/2026,29/06/2026,19,132707,"R$ 24,12"
7,DASS NORDESTE CALCADOS E ART ESPORT SA,137930,1188919,82628,ATAC. MR140014 6MM RECICLADO COR 4085/PET,110CM,15631932,"12,00",15614141NBR3282727,28/04/2026,29/06/2026,19,132707,"R$ 16,08"
7,DASS NORDESTE CALCADOS E ART ESPORT SA,137930,1188919,82628,ATAC. MR140014 6MM RECICLADO COR 4085/PET,110CM,15631932,"18,00",15614142NBR3282741,28/04/2026,29/06/2026,19,132707,"R$ 24,12"
7,DASS NORDESTE CALCADOS E ART ESPORT SA,137930,1188919,82628,ATAC. MR140014 6MM RECICLADO COR 4085/PET,110CM,15631932,"12,00",15614143NBR3282741,28/04/2026,29/06/2026,19,132707,"R$ 16,08"
7,DASS NORDESTE CALCADOS E ART ESPORT SA,137930,1188919,82628,ATAC. MR140014 6MM RECICLADO COR 4085/PET,110CM,15631932,"204,00",15614166NBR3282751,28/04/2026,29/06/2026,19,132707,"R$ 273,36"
7,DASS NORDESTE CALCADOS E ART ESPORT SA,137930,1188919,82628,ATAC. MR140014 6MM RECICLADO COR 4085/PET,110CM,15631932,"234,00",15614167NBR3282751,28/04/2026,29/06/2026,19,132707,"R$ 313,56"
7,DASS NORDESTE CALCADOS E ART ESPORT SA,137930,1188919,82628,ATAC. MR140014 6MM RECICLADO COR 4085/PET,115CM,15631932,"144,00",15614172NBR3282586,28/04/2026,29/06/2026,19,132707,"R$ 201,60"
7,DASS NORDESTE CALCADOS E ART ESPORT SA,137930,1188919,82628,ATAC. MR140014 6MM RECICLADO COR 4085/PET,115CM,15631932,"144,00",15614173NBR3282586,28/04/2026,29/06/2026,19,132707,"R$ 201,60"
7,DASS NORDESTE CALCADOS E ART ESPORT SA,137930,1188919,82628,ATAC. MR140014 6MM RECICLADO COR 4085/PET,115CM,15631932,"162,00",15614174NBR3282586,28/04/2026,29/06/2026,19,132707,"R$ 226,80"
7,DASS NORDESTE CALCADOS E ART ESPORT SA,137930,1188919,82628,ATAC. MR140014 6MM RECICLADO COR 4085/PET,115CM,15631932,"276,00",15614136NBR3282708,28/04/2026,29/06/2026,19,132707,"R$ 386,40"
7,DASS NORDESTE CALCADOS E ART ESPORT SA,137930,1188919,82628,ATAC. MR140014 6MM RECICLADO COR 4085/PET,115CM,15631932,"288,00",15614137NBR3282708,28/04/2026,29/06/2026,19,132707,"R$ 403,20"
7,DASS NORDESTE CALCADOS E ART ESPORT SA,137930,1188919,82628,ATAC. MR140014 6MM RECICLADO COR 4085/PET,115CM,15631932,"240,00",15614149NBR3282725,28/04/2026,29/06/2026,19,132707,"R$ 336,00"
7,DASS NORDESTE CALCADOS E ART ESPORT SA,137930,1188919,82628,ATAC. MR140014 6MM RECICLADO COR 4085/PET,115CM,15631932,"258,00",15614150NBR3282725,28/04/2026,29/06/2026,19,132707,"R$ 361,20"
7,DASS NORDESTE CALCADOS E ART ESPORT SA,137930,1278311,86418,ATAC. MR140014 6MM RECICLADO COR 4662/PET,100CM,15631932,"228,00",15614156NBR3282635,28/04/2026,29/06/2026,19,132707,"R$ 278,16"
7,DASS NORDESTE CALCADOS E ART ESPORT SA,137930,1278311,86418,ATAC. MR140014 6MM RECICLADO COR 4662/PET,100CM,15631932,"240,00",15614157NBR3282635,28/04/2026,29/06/2026,19,132707,"R$ 292,80"
7,DASS NORDESTE CALCADOS E ART ESPORT SA,137930,1278311,86418,ATAC. MR140014 6MM RECICLADO COR 4662/PET,105CM,15631932,"831,00",15614156NBR3282635,28/04/2026,29/06/2026,19,132707,"R$ 1.063,68"
7,DASS NORDESTE CALCADOS E ART ESPORT SA,137930,1278311,86418,ATAC. MR140014 6MM RECICLADO COR 4662/PET,105CM,15631932,"858,00",15614157NBR3282635,28/04/2026,29/06/2026,19,132707,"R$ 1.098,24"
7,DASS NORDESTE CALCADOS E ART ESPORT SA,137930,1278311,86418,ATAC. MR140014 6MM RECICLADO COR 4662/PET,110CM,15631932,"18,00",15614156NBR3282635,28/04/2026,29/06/2026,19,132707,"R$ 24,12"
7,DASS NORDESTE CALCADOS E ART ESPORT SA,137930,1278311,86418,ATAC. MR140014 6MM RECICLADO COR 4662/PET,110CM,15631932,"12,00",15614157NBR3282635,28/04/2026,29/06/2026,19,132707,"R$ 16,08"
7,DASS NORDESTE CALCADOS E ART ESPORT SA,137930,1405625,94884,ATAC. MR140014 6MM RECICLADO COR 6149/PET,100CM,15631932,"240,00",15614151NBR3282714,28/04/2026,29/06/2026,19,132707,"R$ 292,80"
7,DASS NORDESTE CALCADOS E ART ESPORT SA,137930,1405625,94884,ATAC. MR140014 6MM RECICLADO COR 6149/PET,100CM,15631932,"270,00",15614153NBR3282714,28/04/2026,29/06/2026,19,132707,"R$ 329,40"
7,DASS NORDESTE CALCADOS E ART ESPORT SA,137930,1405625,94884,ATAC. MR140014 6MM RECICLADO COR 6149/PET,100CM,15631932,"240,00",15614154NBR3282739,28/04/2026,29/06/2026,19,132707,"R$ 292,80"
7,DASS NORDESTE CALCADOS E ART ESPORT SA,137930,1405625,94884,ATAC. MR140014 6MM RECICLADO COR 6149/PET,100CM,15631932,"270,00",15614155NBR3282739,28/04/2026,29/06/2026,19,132707,"R$ 329,40"
7,DASS NORDESTE CALCADOS E ART ESPORT SA,137930,1405625,94884,ATAC. MR140014 6MM RECICLADO COR 6149/PET,105CM,15631932,"891,00",15614151NBR3282714,28/04/2026,29/06/2026,19,132707,"R$ 1.140,48"
7,DASS NORDESTE CALCADOS E ART ESPORT SA,137930,1405625,94884,ATAC. MR140014 6MM RECICLADO COR 6149/PET,105CM,15631932,"936,00",15614153NBR3282714,28/04/2026,29/06/2026,19,132707,"R$ 1.198,08"
7,DASS NORDESTE CALCADOS E ART ESPORT SA,137930,1405625,94884,ATAC. MR140014 6MM RECICLADO COR 6149/PET,105CM,15631932,"891,00",15614154NBR3282739,28/04/2026,29/06/2026,19,132707,"R$ 1.140,48"
7,DASS NORDESTE CALCADOS E ART ESPORT SA,137930,1405625,94884,ATAC. MR140014 6MM RECICLADO COR 6149/PET,105CM,15631932,"936,00",15614155NBR3282739,28/04/2026,29/06/2026,19,132707,"R$ 1.198,08"
7,DASS NORDESTE CALCADOS E ART ESPORT SA,137930,1405625,94884,ATAC. MR140014 6MM RECICLADO COR 6149/PET,110CM,15631932,"18,00",15614151NBR3282714,28/04/2026,29/06/2026,19,132707,"R$ 24,12"
7,DASS NORDESTE CALCADOS E ART ESPORT SA,137930,1405625,94884,ATAC. MR140014 6MM RECICLADO COR 6149/PET,110CM,15631932,"12,00",15614153NBR3282714,28/04/2026,29/06/2026,19,132707,"R$ 16,08"
7,DASS NORDESTE CALCADOS E ART ESPORT SA,137930,1405625,94884,ATAC. MR140014 6MM RECICLADO COR 6149/PET,110CM,15631932,"18,00",15614154NBR3282739,28/04/2026,29/06/2026,19,132707,"R$ 24,12"
7,DASS NORDESTE CALCADOS E ART ESPORT SA,137930,1405625,94884,ATAC. MR140014 6MM RECICLADO COR 6149/PET,110CM,15631932,"12,00",15614155NBR3282739,28/04/2026,29/06/2026,19,132707,"R$ 16,08"
7,DASS NORDESTE CALCADOS E ART ESPORT SA,137930,1027849,92568,ATAC. MR110012 8MM RECICLADO COR 4085/PET,115CM,15631932,"186,00",15614109NBR3282764,28/04/2026,29/06/2026,19,132707,"R$ 199,02"
7,DASS NORDESTE CALCADOS E ART ESPORT SA,137930,1027849,92568,ATAC. MR110012 8MM RECICLADO COR 4085/PET,115CM,15631932,"198,00",15614110NBR3282764,28/04/2026,29/06/2026,19,132707,"R$ 211,86"
7,DASS NORDESTE CALCADOS E ART ESPORT SA,137930,1027849,92568,ATAC. MR110012 8MM RECICLADO COR 4085/PET,115CM,15631932,"216,00",15614111NBR3282766,28/04/2026,29/06/2026,19,132707,"R$ 231,12"
7,DASS NORDESTE CALCADOS E ART ESPORT SA,137930,1027849,92568,ATAC. MR110012 8MM RECICLADO COR 4085/PET,115CM,15631932,"180,00",15614112NBR3282766,28/04/2026,29/06/2026,19,132707,"R$ 192,60"
7,DASS NORDESTE CALCADOS E ART ESPORT SA,137930,1027849,92568,ATAC. MR110012 8MM RECICLADO COR 4085/PET,115CM,15631932,"210,00",15614113NBR3282766,28/04/2026,29/06/2026,19,132707,"R$ 224,70"
7,DASS NORDESTE CALCADOS E ART ESPORT SA,137930,1027849,92568,ATAC. MR110012 8MM RECICLADO COR 4085/PET,115CM,15631932,"174,00",15614114NBR3282770,28/04/2026,29/06/2026,19,132707,"R$ 186,18"
7,DASS NORDESTE CALCADOS E ART ESPORT SA,137930,1027849,92568,ATAC. MR110012 8MM RECICLADO COR 4085/PET,115CM,15631932,"192,00",15614116NBR3282770,28/04/2026,29/06/2026,19,132707,"R$ 205,44"
7,DASS NORDESTE CALCADOS E ART ESPORT SA,137930,1027849,92568,ATAC. MR110012 8MM RECICLADO COR 4085/PET,120CM,15631932,"680,00",15614109NBR3282764,28/04/2026,29/06/2026,19,132707,"R$ 761,60"
7,DASS NORDESTE CALCADOS E ART ESPORT SA,137930,1027849,92568,ATAC. MR110012 8MM RECICLADO COR 4085/PET,120CM,15631932,"732,00",15614110NBR3282764,28/04/2026,29/06/2026,19,132707,"R$ 819,84"
7,DASS NORDESTE CALCADOS E ART ESPORT SA,137930,1027849,92568,ATAC. MR110012 8MM RECICLADO COR 4085/PET,120CM,15631932,"921,00",15614111NBR3282766,28/04/2026,29/06/2026,19,132707,"R$ 1.031,52"
7,DASS NORDESTE CALCADOS E ART ESPORT SA,137930,1027849,92568,ATAC. MR110012 8MM RECICLADO COR 4085/PET,120CM,15631932,"732,00",15614112NBR3282766,28/04/2026,29/06/2026,19,132707,"R$ 819,84"
7,DASS NORDESTE CALCADOS E ART ESPORT SA,137930,1027849,92568,ATAC. MR110012 8MM RECICLADO COR 4085/PET,120CM,15631932,"546,00",15614113NBR3282766,28/04/2026,29/06/2026,19,132707,"R$ 611,52"
7,DASS NORDESTE CALCADOS E ART ESPORT SA,137930,1027849,92568,ATAC. MR110012 8MM RECICLADO COR 4085/PET,120CM,15631932,"680,00",15614114NBR3282770,28/04/2026,29/06/2026,19,132707,"R$ 761,60"
7,DASS NORDESTE CALCADOS E ART ESPORT SA,137930,1027849,92568,ATAC. MR110012 8MM RECICLADO COR 4085/PET,120CM,15631932,"696,00",15614116NBR3282770,28/04/2026,29/06/2026,19,132707,"R$ 779,52"
7,DASS NORDESTE CALCADOS E ART ESPORT SA,137930,1102648,93674,ATAC. MR140023 RECICLADO COR 4085/PET,95CM,15631932,"360,00",15614123NBR3282592,28/04/2026,29/06/2026,19,132707,"R$ 320,40"
7,DASS NORDESTE CALCADOS E ART ESPORT SA,137930,1102648,93674,ATAC. MR140023 RECICLADO COR 4085/PET,95CM,15631932,"390,00",15614124NBR3282592,28/04/2026,29/06/2026,19,132707,"R$ 347,10"
7,DASS NORDESTE CALCADOS E ART ESPORT SA,137930,1102648,93674,ATAC. MR140023 RECICLADO COR 4085/PET,100CM,15631932,"84,00",15614121NBR3282531,28/04/2026,29/06/2026,19,132707,"R$ 78,96"
7,DASS NORDESTE CALCADOS E ART ESPORT SA,137930,1102648,93674,ATAC. MR140023 RECICLADO COR 4085/PET,100CM,15631932,"96,00",15614122NBR3282531,28/04/2026,29/06/2026,19,132707,"R$ 90,24"
7,DASS NORDESTE CALCADOS E ART ESPORT SA,137930,1102648,93674,ATAC. MR140023 RECICLADO COR 4085/PET,100CM,15631932,"470,00",15614123NBR3282592,28/04/2026,29/06/2026,19,132707,"R$ 441,80"
7,DASS NORDESTE CALCADOS E ART ESPORT SA,137930,1102648,93674,ATAC. MR140023 RECICLADO COR 4085/PET,100CM,15631932,"486,00",15614124NBR3282592,28/04/2026,29/06/2026,19,132707,"R$ 456,84"
7,DASS NORDESTE CALCADOS E ART ESPORT SA,137930,1102648,93674,ATAC. MR140023 RECICLADO COR 4085/PET,105CM,15631932,"626,00",15614121NBR3282531,28/04/2026,29/06/2026,19,132707,"R$ 619,74"
7,DASS NORDESTE CALCADOS E ART ESPORT SA,137930,1102648,93674,ATAC. MR140023 RECICLADO COR 4085/PET,105CM,15631932,"648,00",15614122NBR3282531,28/04/2026,29/06/2026,19,132707,"R$ 641,52"
7,DASS NORDESTE CALCADOS E ART ESPORT SA,137930,1102648,93674,ATAC. MR140023 RECICLADO COR 4085/PET,105CM,15631932,"66,00",15614123NBR3282592,28/04/2026,29/06/2026,19,132707,"R$ 65,34"
7,DASS NORDESTE CALCADOS E ART ESPORT SA,137930,1102648,93674,ATAC. MR140023 RECICLADO COR 4085/PET,105CM,15631932,"48,00",15614124NBR3282592,28/04/2026,29/06/2026,19,132707,"R$ 47,52"
7,DASS NORDESTE CALCADOS E ART ESPORT SA,137930,1102648,93674,ATAC. MR140023 RECICLADO COR 4085/PET,110CM,15631932,"180,00",15614121NBR3282531,28/04/2026,29/06/2026,19,132707,"R$ 185,40"
7,DASS NORDESTE CALCADOS E ART ESPORT SA,137930,1102648,93674,ATAC. MR140023 RECICLADO COR 4085/PET,110CM,15631932,"180,00",15614122NBR3282531,28/04/2026,29/06/2026,19,132707,"R$ 185,40"
7,DASS NORDESTE CALCADOS E ART ESPORT SA,137931,1070873,76555,ATAC. MR130011 5MM RECICLADO COR 4085,90CM,15631953,"566,00",15621490NBR3282692,28/04/2026,06/07/2026,26,132708,"R$ 599,96"
7,DASS NORDESTE CALCADOS E ART ESPORT SA,137931,1070873,76555,ATAC. MR130011 5MM RECICLADO COR 4085,90CM,15631953,"534,00",15621491NBR3282692,28/04/2026,06/07/2026,26,132708,"R$ 566,04"
7,DASS NORDESTE CALCADOS E ART ESPORT SA,137931,1070873,76555,ATAC. MR130011 5MM RECICLADO COR 4085,95CM,15631953,"372,00",15621490NBR3282692,28/04/2026,06/07/2026,26,132708,"R$ 416,64"
7,DASS NORDESTE CALCADOS E ART ESPORT SA,137931,1070873,76555,ATAC. MR130011 5MM RECICLADO COR 4085,95CM,15631953,"378,00",15621491NBR3282692,28/04/2026,06/07/2026,26,132708,"R$ 423,36"
7,DASS NORDESTE CALCADOS E ART ESPORT SA,137931,1070873,76555,ATAC. MR130011 5MM RECICLADO COR 4085,105CM,15631953,"276,00",15621508NBR3282556,28/04/2026,06/07/2026,26,132708,"R$ 342,24"
7,DASS NORDESTE CALCADOS E ART ESPORT SA,137931,1070873,76555,ATAC. MR130011 5MM RECICLADO COR 4085,110CM,15631953,"752,00",15621508NBR3282556,28/04/2026,06/07/2026,26,132708,"R$ 977,60"
7,DASS NORDESTE CALCADOS E ART ESPORT SA,137931,1070873,76555,ATAC. MR130011 5MM RECICLADO COR 4085,115CM,15631953,"228,00",15621508NBR3282556,28/04/2026,06/07/2026,26,132708,"R$ 310,08"
7,DASS NORDESTE CALCADOS E ART ESPORT SA,137931,1418335,95102,ATAC. MR130011 5MM RECICLADO COR 6191/PET,105CM,15631953,"168,00",15621517NBR3282623,28/04/2026,06/07/2026,26,132708,"R$ 208,32"
7,DASS NORDESTE CALCADOS E ART ESPORT SA,137931,1418335,95102,ATAC. MR130011 5MM RECICLADO COR 6191/PET,105CM,15631953,"204,00",15621518NBR3282623,28/04/2026,06/07/2026,26,132708,"R$ 252,96"
7,DASS NORDESTE CALCADOS E ART ESPORT SA,137931,1418335,95102,ATAC. MR130011 5MM RECICLADO COR 6191/PET,110CM,15631953,"597,00",15621517NBR3282623,28/04/2026,06/07/2026,26,132708,"R$ 776,10"
7,DASS NORDESTE CALCADOS E ART ESPORT SA,137931,1418335,95102,ATAC. MR130011 5MM RECICLADO COR 6191/PET,110CM,15631953,"582,00",15621518NBR3282623,28/04/2026,06/07/2026,26,132708,"R$ 756,60"
7,DASS NORDESTE CALCADOS E ART ESPORT SA,137931,1418335,95102,ATAC. MR130011 5MM RECICLADO COR 6191/PET,115CM,15631953,"240,00",15621517NBR3282623,28/04/2026,06/07/2026,26,132708,"R$ 326,40"
7,DASS NORDESTE CALCADOS E ART ESPORT SA,137931,1418335,95102,ATAC. MR130011 5MM RECICLADO COR 6191/PET,115CM,15631953,"258,00",15621518NBR3282623,28/04/2026,06/07/2026,26,132708,"R$ 350,88"
7,DASS NORDESTE CALCADOS E ART ESPORT SA,137931,1188919,82628,ATAC. MR140014 6MM RECICLADO COR 4085/PET,100CM,15631953,"132,00",15621493NBR3282711,28/04/2026,06/07/2026,26,132708,"R$ 161,04"
7,DASS NORDESTE CALCADOS E ART ESPORT SA,137931,1188919,82628,ATAC. MR140014 6MM RECICLADO COR 4085/PET,100CM,15631953,"156,00",15621494NBR3282711,28/04/2026,06/07/2026,26,132708,"R$ 190,32"
7,DASS NORDESTE CALCADOS E ART ESPORT SA,137931,1188919,82628,ATAC. MR140014 6MM RECICLADO COR 4085/PET,100CM,15631953,"204,00",15621495NBR3282733,28/04/2026,06/07/2026,26,132708,"R$ 248,88"
7,DASS NORDESTE CALCADOS E ART ESPORT SA,137931,1188919,82628,ATAC. MR140014 6MM RECICLADO COR 4085/PET,100CM,15631953,"234,00",15621496NBR3282733,28/04/2026,06/07/2026,26,132708,"R$ 285,48"
7,DASS NORDESTE CALCADOS E ART ESPORT SA,137931,1188919,82628,ATAC. MR140014 6MM RECICLADO COR 4085/PET,100CM,15631953,"204,00",15621497NBR3282738,28/04/2026,06/07/2026,26,132708,"R$ 248,88"
7,DASS NORDESTE CALCADOS E ART ESPORT SA,137931,1188919,82628,ATAC. MR140014 6MM RECICLADO COR 4085/PET,100CM,15631953,"234,00",15621498NBR3282738,28/04/2026,06/07/2026,26,132708,"R$ 285,48"
7,DASS NORDESTE CALCADOS E ART ESPORT SA,137931,1188919,82628,ATAC. MR140014 6MM RECICLADO COR 4085/PET,100CM,15631953,"132,00",15621499NBR3282743,28/04/2026,06/07/2026,26,132708,"R$ 161,04"
7,DASS NORDESTE CALCADOS E ART ESPORT SA,137931,1188919,82628,ATAC. MR140014 6MM RECICLADO COR 4085/PET,100CM,15631953,"156,00",15621500NBR3282743,28/04/2026,06/07/2026,26,132708,"R$ 190,32"
7,DASS NORDESTE CALCADOS E ART ESPORT SA,137931,1188919,82628,ATAC. MR140014 6MM RECICLADO COR 4085/PET,105CM,15631953,"102,00",15621503NBR3282709,28/04/2026,06/07/2026,26,132708,"R$ 130,56"
7,DASS NORDESTE CALCADOS E ART ESPORT SA,137931,1188919,82628,ATAC. MR140014 6MM RECICLADO COR 4085/PET,105CM,15631953,"114,00",15621504NBR3282709,28/04/2026,06/07/2026,26,132708,"R$ 145,92"
7,DASS NORDESTE CALCADOS E ART ESPORT SA,137931,1188919,82628,ATAC. MR140014 6MM RECICLADO COR 4085/PET,105CM,15631953,"626,00",15621493NBR3282711,28/04/2026,06/07/2026,26,132708,"R$ 801,28"
7,DASS NORDESTE CALCADOS E ART ESPORT SA,137931,1188919,82628,ATAC. MR140014 6MM RECICLADO COR 4085/PET,105CM,15631953,"672,00",15621494NBR3282711,28/04/2026,06/07/2026,26,132708,"R$ 860,16"
7,DASS NORDESTE CALCADOS E ART ESPORT SA,137931,1188919,82628,ATAC. MR140014 6MM RECICLADO COR 4085/PET,105CM,15631953,"783,00",15621495NBR3282733,28/04/2026,06/07/2026,26,132708,"R$ 1.002,24"
7,DASS NORDESTE CALCADOS E ART ESPORT SA,137931,1188919,82628,ATAC. MR140014 6MM RECICLADO COR 4085/PET,105CM,15631953,"810,00",15621496NBR3282733,28/04/2026,06/07/2026,26,132708,"R$ 1.036,80"
7,DASS NORDESTE CALCADOS E ART ESPORT SA,137931,1188919,82628,ATAC. MR140014 6MM RECICLADO COR 4085/PET,105CM,15631953,"783,00",15621497NBR3282738,28/04/2026,06/07/2026,26,132708,"R$ 1.002,24"
7,DASS NORDESTE CALCADOS E ART ESPORT SA,137931,1188919,82628,ATAC. MR140014 6MM RECICLADO COR 4085/PET,105CM,15631953,"804,00",15621498NBR3282738,28/04/2026,06/07/2026,26,132708,"R$ 1.029,12"
7,DASS NORDESTE CALCADOS E ART ESPORT SA,137931,1188919,82628,ATAC. MR140014 6MM RECICLADO COR 4085/PET,105CM,15631953,"626,00",15621499NBR3282743,28/04/2026,06/07/2026,26,132708,"R$ 801,28"
7,DASS NORDESTE CALCADOS E ART ESPORT SA,137931,1188919,82628,ATAC. MR140014 6MM RECICLADO COR 4085/PET,105CM,15631953,"672,00",15621500NBR3282743,28/04/2026,06/07/2026,26,132708,"R$ 860,16"
7,DASS NORDESTE CALCADOS E ART ESPORT SA,137931,1188919,82628,ATAC. MR140014 6MM RECICLADO COR 4085/PET,110CM,15631953,"482,00",15621503NBR3282709,28/04/2026,06/07/2026,26,132708,"R$ 645,88"
7,DASS NORDESTE CALCADOS E ART ESPORT SA,137931,1188919,82628,ATAC. MR140014 6MM RECICLADO COR 4085/PET,110CM,15631953,"504,00",15621504NBR3282709,28/04/2026,06/07/2026,26,132708,"R$ 675,36"
7,DASS NORDESTE CALCADOS E ART ESPORT SA,137931,1188919,82628,ATAC. MR140014 6MM RECICLADO COR 4085/PET,110CM,15631953,"30,00",15621493NBR3282711,28/04/2026,06/07/2026,26,132708,"R$ 40,20"
7,DASS NORDESTE CALCADOS E ART ESPORT SA,137931,1188919,82628,ATAC. MR140014 6MM RECICLADO COR 4085/PET,110CM,15631953,"24,00",15621494NBR3282711,28/04/2026,06/07/2026,26,132708,"R$ 32,16"
7,DASS NORDESTE CALCADOS E ART ESPORT SA,137931,1188919,82628,ATAC. MR140014 6MM RECICLADO COR 4085/PET,110CM,15631953,"18,00",15621495NBR3282733,28/04/2026,06/07/2026,26,132708,"R$ 24,12"
7,DASS NORDESTE CALCADOS E ART ESPORT SA,137931,1188919,82628,ATAC. MR140014 6MM RECICLADO COR 4085/PET,110CM,15631953,"12,00",15621496NBR3282733,28/04/2026,06/07/2026,26,132708,"R$ 16,08"
7,DASS NORDESTE CALCADOS E ART ESPORT SA,137931,1188919,82628,ATAC. MR140014 6MM RECICLADO COR 4085/PET,110CM,15631953,"18,00",15621497NBR3282738,28/04/2026,06/07/2026,26,132708,"R$ 24,12"
7,DASS NORDESTE CALCADOS E ART ESPORT SA,137931,1188919,82628,ATAC. MR140014 6MM RECICLADO COR 4085/PET,110CM,15631953,"12,00",15621498NBR3282738,28/04/2026,06/07/2026,26,132708,"R$ 16,08"
7,DASS NORDESTE CALCADOS E ART ESPORT SA,137931,1188919,82628,ATAC. MR140014 6MM RECICLADO COR 4085/PET,110CM,15631953,"18,00",15621499NBR3282743,28/04/2026,06/07/2026,26,132708,"R$ 24,12"
7,DASS NORDESTE CALCADOS E ART ESPORT SA,137931,1188919,82628,ATAC. MR140014 6MM RECICLADO COR 4085/PET,110CM,15631953,"24,00",15621500NBR3282743,28/04/2026,06/07/2026,26,132708,"R$ 32,16"
7,DASS NORDESTE CALCADOS E ART ESPORT SA,137931,1188919,82628,ATAC. MR140014 6MM RECICLADO COR 4085/PET,115CM,15631953,"240,00",15621503NBR3282709,28/04/2026,06/07/2026,26,132708,"R$ 336,00"
7,DASS NORDESTE CALCADOS E ART ESPORT SA,137931,1188919,82628,ATAC. MR140014 6MM RECICLADO COR 4085/PET,115CM,15631953,"258,00",15621504NBR3282709,28/04/2026,06/07/2026,26,132708,"R$ 361,20"
7,DASS NORDESTE CALCADOS E ART ESPORT SA,137931,1278311,86418,ATAC. MR140014 6MM RECICLADO COR 4662/PET,100CM,15631953,"180,00",15621505NBR3282712,28/04/2026,06/07/2026,26,132708,"R$ 219,60"
7,DASS NORDESTE CALCADOS E ART ESPORT SA,137931,1278311,86418,ATAC. MR140014 6MM RECICLADO COR 4662/PET,100CM,15631953,"168,00",15621506NBR3282712,28/04/2026,06/07/2026,26,132708,"R$ 204,96"
7,DASS NORDESTE CALCADOS E ART ESPORT SA,137931,1278311,86418,ATAC. MR140014 6MM RECICLADO COR 4662/PET,100CM,15631953,"204,00",15621507NBR3282712,28/04/2026,06/07/2026,26,132708,"R$ 248,88"
7,DASS NORDESTE CALCADOS E ART ESPORT SA,137931,1278311,86418,ATAC. MR140014 6MM RECICLADO COR 4662/PET,105CM,15631953,"759,00",15621505NBR3282712,28/04/2026,06/07/2026,26,132708,"R$ 971,52"
7,DASS NORDESTE CALCADOS E ART ESPORT SA,137931,1278311,86418,ATAC. MR140014 6MM RECICLADO COR 4662/PET,105CM,15631953,"756,00",15621506NBR3282712,28/04/2026,06/07/2026,26,132708,"R$ 967,68"
7,DASS NORDESTE CALCADOS E ART ESPORT SA,137931,1278311,86418,ATAC. MR140014 6MM RECICLADO COR 4662/PET,105CM,15631953,"780,00",15621507NBR3282712,28/04/2026,06/07/2026,26,132708,"R$ 998,40"
7,DASS NORDESTE CALCADOS E ART ESPORT SA,137931,1278311,86418,ATAC. MR140014 6MM RECICLADO COR 4662/PET,110CM,15631953,"60,00",15621505NBR3282712,28/04/2026,06/07/2026,26,132708,"R$ 80,40"
7,DASS NORDESTE CALCADOS E ART ESPORT SA,137931,1278311,86418,ATAC. MR140014 6MM RECICLADO COR 4662/PET,110CM,15631953,"36,00",15621506NBR3282712,28/04/2026,06/07/2026,26,132708,"R$ 48,24"
7,DASS NORDESTE CALCADOS E ART ESPORT SA,137931,1405625,94884,ATAC. MR140014 6MM RECICLADO COR 6149/PET,105CM,15631953,"716,00",15621516NBR33419,28/04/2026,06/07/2026,26,132708,"R$ 916,48"
7,DASS NORDESTE CALCADOS E ART ESPORT SA,137931,1405625,94884,ATAC. MR140014 6MM RECICLADO COR 6149/PET,110CM,15631953,"288,00",15621516NBR33419,28/04/2026,06/07/2026,26,132708,"R$ 385,92"
7,DASS NORDESTE CALCADOS E ART ESPORT SA,137931,1027849,92568,ATAC. MR110012 8MM RECICLADO COR 4085/PET,115CM,15631953,"90,00",15621480NBR3282767,28/04/2026,06/07/2026,26,132708,"R$ 96,30"
7,DASS NORDESTE CALCADOS E ART ESPORT SA,137931,1027849,92568,ATAC. MR110012 8MM RECICLADO COR 4085/PET,115CM,15631953,"120,00",15621481NBR3282767,28/04/2026,06/07/2026,26,132708,"R$ 128,40"
7,DASS NORDESTE CALCADOS E ART ESPORT SA,137931,1027849,92568,ATAC. MR110012 8MM RECICLADO COR 4085/PET,115CM,15631953,"240,00",15621482NBR3282773,28/04/2026,06/07/2026,26,132708,"R$ 256,80"
7,DASS NORDESTE CALCADOS E ART ESPORT SA,137931,1027849,92568,ATAC. MR110012 8MM RECICLADO COR 4085/PET,115CM,15631953,"258,00",15621483NBR3282773,28/04/2026,06/07/2026,26,132708,"R$ 276,06"
7,DASS NORDESTE CALCADOS E ART ESPORT SA,137931,1027849,92568,ATAC. MR110012 8MM RECICLADO COR 4085/PET,115CM,15631953,"186,00",15621484NBR3282786,28/04/2026,06/07/2026,26,132708,"R$ 199,02"
7,DASS NORDESTE CALCADOS E ART ESPORT SA,137931,1027849,92568,ATAC. MR110012 8MM RECICLADO COR 4085/PET,115CM,15631953,"210,00",15621485NBR3282786,28/04/2026,06/07/2026,26,132708,"R$ 224,70"
7,DASS NORDESTE CALCADOS E ART ESPORT SA,137931,1027849,92568,ATAC. MR110012 8MM RECICLADO COR 4085/PET,120CM,15631953,"776,00",15621480NBR3282767,28/04/2026,06/07/2026,26,132708,"R$ 869,12"
7,DASS NORDESTE CALCADOS E ART ESPORT SA,137931,1027849,92568,ATAC. MR110012 8MM RECICLADO COR 4085/PET,120CM,15631953,"786,00",15621481NBR3282767,28/04/2026,06/07/2026,26,132708,"R$ 880,32"
7,DASS NORDESTE CALCADOS E ART ESPORT SA,137931,1027849,92568,ATAC. MR110012 8MM RECICLADO COR 4085/PET,120CM,15631953,"903,00",15621482NBR3282773,28/04/2026,06/07/2026,26,132708,"R$ 1.011,36"
7,DASS NORDESTE CALCADOS E ART ESPORT SA,137931,1027849,92568,ATAC. MR110012 8MM RECICLADO COR 4085/PET,120CM,15631953,"942,00",15621483NBR3282773,28/04/2026,06/07/2026,26,132708,"R$ 1.055,04"
7,DASS NORDESTE CALCADOS E ART ESPORT SA,137931,1027849,92568,ATAC. MR110012 8MM RECICLADO COR 4085/PET,120CM,15631953,"734,00",15621484NBR3282786,28/04/2026,06/07/2026,26,132708,"R$ 822,08"
7,DASS NORDESTE CALCADOS E ART ESPORT SA,137931,1027849,92568,ATAC. MR110012 8MM RECICLADO COR 4085/PET,120CM,15631953,"744,00",15621485NBR3282786,28/04/2026,06/07/2026,26,132708,"R$ 833,28"
7,DASS NORDESTE CALCADOS E ART ESPORT SA,137931,1102648,93674,ATAC. MR140023 RECICLADO COR 4085/PET,100CM,15631953,"96,00",15621486NBR3282519,28/04/2026,06/07/2026,26,132708,"R$ 90,24"
7,DASS NORDESTE CALCADOS E ART ESPORT SA,137931,1102648,93674,ATAC. MR140023 RECICLADO COR 4085/PET,105CM,15631953,"707,00",15621486NBR3282519,28/04/2026,06/07/2026,26,132708,"R$ 699,93"
7,DASS NORDESTE CALCADOS E ART ESPORT SA,137931,1102648,93674,ATAC. MR140023 RECICLADO COR 4085/PET,110CM,15631953,"198,00",15621486NBR3282519,28/04/2026,06/07/2026,26,132708,"R$ 203,94"
7,DASS NORDESTE CALCADOS E ART ESPORT SA,137932,1188919,82628,ATAC. MR140014 6MM RECICLADO COR 4085/PET,105CM,15631963,"24,00",15622394NBR3282583,28/04/2026,13/07/2026,33,132709,"R$ 30,72"
7,DASS NORDESTE CALCADOS E ART ESPORT SA,137932,1188919,82628,ATAC. MR140014 6MM RECICLADO COR 4085/PET,105CM,15631963,"144,00",15622341NBR3282817,28/04/2026,13/07/2026,33,132709,"R$ 184,32"
7,DASS NORDESTE CALCADOS E ART ESPORT SA,137932,1188919,82628,ATAC. MR140014 6MM RECICLADO COR 4085/PET,105CM,15631963,"144,00",15622342NBR3282817,28/04/2026,13/07/2026,33,132709,"R$ 184,32"
7,DASS NORDESTE CALCADOS E ART ESPORT SA,137932,1188919,82628,ATAC. MR140014 6MM RECICLADO COR 4085/PET,110CM,15631963,"1.220,00",15622394NBR3282583,28/04/2026,13/07/2026,33,132709,"R$ 1.634,80"
7,DASS NORDESTE CALCADOS E ART ESPORT SA,137932,1188919,82628,ATAC. MR140014 6MM RECICLADO COR 4085/PET,110CM,15631963,"597,00",15622341NBR3282817,28/04/2026,13/07/2026,33,132709,"R$ 799,98"
7,DASS NORDESTE CALCADOS E ART ESPORT SA,137932,1188919,82628,ATAC. MR140014 6MM RECICLADO COR 4085/PET,110CM,15631963,"582,00",15622342NBR3282817,28/04/2026,13/07/2026,33,132709,"R$ 779,88"
7,DASS NORDESTE CALCADOS E ART ESPORT SA,137932,1188919,82628,ATAC. MR140014 6MM RECICLADO COR 4085/PET,115CM,15631963,"216,00",15622394NBR3282583,28/04/2026,13/07/2026,33,132709,"R$ 302,40"
7,DASS NORDESTE CALCADOS E ART ESPORT SA,137932,1188919,82628,ATAC. MR140014 6MM RECICLADO COR 4085/PET,115CM,15631963,"276,00",15622341NBR3282817,28/04/2026,13/07/2026,33,132709,"R$ 386,40"
7,DASS NORDESTE CALCADOS E ART ESPORT SA,137932,1188919,82628,ATAC. MR140014 6MM RECICLADO COR 4085/PET,115CM,15631963,"288,00",15622342NBR3282817,28/04/2026,13/07/2026,33,132709,"R$ 403,20"
7,DASS NORDESTE CALCADOS E ART ESPORT SA,137932,1278311,86418,ATAC. MR140014 6MM RECICLADO COR 4662/PET,100CM,15631963,"228,00",15622377NBR3282728,28/04/2026,13/07/2026,33,132709,"R$ 278,16"
7,DASS NORDESTE CALCADOS E ART ESPORT SA,137932,1278311,86418,ATAC. MR140014 6MM RECICLADO COR 4662/PET,100CM,15631963,"234,00",15622378NBR3282728,28/04/2026,13/07/2026,33,132709,"R$ 285,48"
7,DASS NORDESTE CALCADOS E ART ESPORT SA,137932,1278311,86418,ATAC. MR140014 6MM RECICLADO COR 4662/PET,105CM,15631963,"746,00",15622389NBR3282668,28/04/2026,13/07/2026,33,132709,"R$ 954,88"
7,DASS NORDESTE CALCADOS E ART ESPORT SA,137932,1278311,86418,ATAC. MR140014 6MM RECICLADO COR 4662/PET,105CM,15631963,"831,00",15622377NBR3282728,28/04/2026,13/07/2026,33,132709,"R$ 1.063,68"
7,DASS NORDESTE CALCADOS E ART ESPORT SA,137932,1278311,86418,ATAC. MR140014 6MM RECICLADO COR 4662/PET,105CM,15631963,"846,00",15622378NBR3282728,28/04/2026,13/07/2026,33,132709,"R$ 1.082,88"
7,DASS NORDESTE CALCADOS E ART ESPORT SA,137932,1278311,86418,ATAC. MR140014 6MM RECICLADO COR 4662/PET,110CM,15631963,"264,00",15622389NBR3282668,28/04/2026,13/07/2026,33,132709,"R$ 353,76"
7,DASS NORDESTE CALCADOS E ART ESPORT SA,137932,1278311,86418,ATAC. MR140014 6MM RECICLADO COR 4662/PET,110CM,15631963,"18,00",15622377NBR3282728,28/04/2026,13/07/2026,33,132709,"R$ 24,12"
7,DASS NORDESTE CALCADOS E ART ESPORT SA,137932,1278311,86418,ATAC. MR140014 6MM RECICLADO COR 4662/PET,110CM,15631963,"12,00",15622378NBR3282728,28/04/2026,13/07/2026,33,132709,"R$ 16,08"
7,DASS NORDESTE CALCADOS E ART ESPORT SA,137932,1405625,94884,ATAC. MR140014 6MM RECICLADO COR 6149/PET,100CM,15631963,"306,00",15622371NBR3282729,28/04/2026,13/07/2026,33,132709,"R$ 373,32"
7,DASS NORDESTE CALCADOS E ART ESPORT SA,137932,1405625,94884,ATAC. MR140014 6MM RECICLADO COR 6149/PET,100CM,15631963,"192,00",15622372NBR3282734,28/04/2026,13/07/2026,33,132709,"R$ 234,24"
7,DASS NORDESTE CALCADOS E ART ESPORT SA,137932,1405625,94884,ATAC. MR140014 6MM RECICLADO COR 6149/PET,100CM,15631963,"222,00",15622373NBR3282734,28/04/2026,13/07/2026,33,132709,"R$ 270,84"
7,DASS NORDESTE CALCADOS E ART ESPORT SA,137932,1405625,94884,ATAC. MR140014 6MM RECICLADO COR 6149/PET,100CM,15631963,"240,00",15622374NBR3282742,28/04/2026,13/07/2026,33,132709,"R$ 292,80"
7,DASS NORDESTE CALCADOS E ART ESPORT SA,137932,1405625,94884,ATAC. MR140014 6MM RECICLADO COR 6149/PET,100CM,15631963,"264,00",15622375NBR3282742,28/04/2026,13/07/2026,33,132709,"R$ 322,08"
7,DASS NORDESTE CALCADOS E ART ESPORT SA,137932,1405625,94884,ATAC. MR140014 6MM RECICLADO COR 6149/PET,105CM,15631963,"1.058,00",15622371NBR3282729,28/04/2026,13/07/2026,33,132709,"R$ 1.354,24"
7,DASS NORDESTE CALCADOS E ART ESPORT SA,137932,1405625,94884,ATAC. MR140014 6MM RECICLADO COR 6149/PET,105CM,15631963,"710,00",15622372NBR3282734,28/04/2026,13/07/2026,33,132709,"R$ 908,80"
7,DASS NORDESTE CALCADOS E ART ESPORT SA,137932,1405625,94884,ATAC. MR140014 6MM RECICLADO COR 6149/PET,105CM,15631963,"744,00",15622373NBR3282734,28/04/2026,13/07/2026,33,132709,"R$ 952,32"
7,DASS NORDESTE CALCADOS E ART ESPORT SA,137932,1405625,94884,ATAC. MR140014 6MM RECICLADO COR 6149/PET,105CM,15631963,"891,00",15622374NBR3282742,28/04/2026,13/07/2026,33,132709,"R$ 1.140,48"
7,DASS NORDESTE CALCADOS E ART ESPORT SA,137932,1405625,94884,ATAC. MR140014 6MM RECICLADO COR 6149/PET,105CM,15631963,"924,00",15622375NBR3282742,28/04/2026,13/07/2026,33,132709,"R$ 1.182,72"
7,DASS NORDESTE CALCADOS E ART ESPORT SA,137932,1405625,94884,ATAC. MR140014 6MM RECICLADO COR 6149/PET,105CM,15631963,"650,00",15622392NBR33420-A,28/04/2026,13/07/2026,33,132709,"R$ 832,00"
7,DASS NORDESTE CALCADOS E ART ESPORT SA,137932,1405625,94884,ATAC. MR140014 6MM RECICLADO COR 6149/PET,105CM,15631963,"690,00",15622393NBR33420-B,28/04/2026,13/07/2026,33,132709,"R$ 883,20"
7,DASS NORDESTE CALCADOS E ART ESPORT SA,137932,1405625,94884,ATAC. MR140014 6MM RECICLADO COR 6149/PET,110CM,15631963,"48,00",15622371NBR3282729,28/04/2026,13/07/2026,33,132709,"R$ 64,32"
7,DASS NORDESTE CALCADOS E ART ESPORT SA,137932,1405625,94884,ATAC. MR140014 6MM RECICLADO COR 6149/PET,110CM,15631963,"24,00",15622372NBR3282734,28/04/2026,13/07/2026,33,132709,"R$ 32,16"
7,DASS NORDESTE CALCADOS E ART ESPORT SA,137932,1405625,94884,ATAC. MR140014 6MM RECICLADO COR 6149/PET,110CM,15631963,"18,00",15622374NBR3282742,28/04/2026,13/07/2026,33,132709,"R$ 24,12"
7,DASS NORDESTE CALCADOS E ART ESPORT SA,137932,1405625,94884,ATAC. MR140014 6MM RECICLADO COR 6149/PET,110CM,15631963,"12,00",15622375NBR3282742,28/04/2026,13/07/2026,33,132709,"R$ 16,08"
7,DASS NORDESTE CALCADOS E ART ESPORT SA,137932,1405625,94884,ATAC. MR140014 6MM RECICLADO COR 6149/PET,110CM,15631963,"282,00",15622392NBR33420-A,28/04/2026,13/07/2026,33,132709,"R$ 377,88"
7,DASS NORDESTE CALCADOS E ART ESPORT SA,137932,1405625,94884,ATAC. MR140014 6MM RECICLADO COR 6149/PET,110CM,15631963,"312,00",15622393NBR33420-B,28/04/2026,13/07/2026,33,132709,"R$ 418,08"
7,DASS NORDESTE CALCADOS E ART ESPORT SA,137932,1048514,82631,ATAC. MR110012 8MM RECICLADO COR 4699/PET,115CM,15631963,"162,00",15622278NBR3282777,28/04/2026,13/07/2026,33,132709,"R$ 173,34"
7,DASS NORDESTE CALCADOS E ART ESPORT SA,137932,1048514,82631,ATAC. MR110012 8MM RECICLADO COR 4699/PET,115CM,15631963,"168,00",15622279NBR3282777,28/04/2026,13/07/2026,33,132709,"R$ 179,76"
7,DASS NORDESTE CALCADOS E ART ESPORT SA,137932,1048514,82631,ATAC. MR110012 8MM RECICLADO COR 4699/PET,120CM,15631963,"614,00",15622278NBR3282777,28/04/2026,13/07/2026,33,132709,"R$ 687,68"
7,DASS NORDESTE CALCADOS E ART ESPORT SA,137932,1048514,82631,ATAC. MR110012 8MM RECICLADO COR 4699/PET,120CM,15631963,"630,00",15622279NBR3282777,28/04/2026,13/07/2026,33,132709,"R$ 705,60"
7,DASS NORDESTE CALCADOS E ART ESPORT SA,137932,1027849,92568,ATAC. MR110012 8MM RECICLADO COR 4085/PET,115CM,15631963,"186,00",15622282NBR3282787,28/04/2026,13/07/2026,33,132709,"R$ 199,02"
7,DASS NORDESTE CALCADOS E ART ESPORT SA,137932,1027849,92568,ATAC. MR110012 8MM RECICLADO COR 4085/PET,115CM,15631963,"210,00",15622284NBR3282787,28/04/2026,13/07/2026,33,132709,"R$ 224,70"
7,DASS NORDESTE CALCADOS E ART ESPORT SA,137932,1027849,92568,ATAC. MR110012 8MM RECICLADO COR 4085/PET,115CM,15631963,"270,00",15622285NBR3282790,28/04/2026,13/07/2026,33,132709,"R$ 288,90"
7,DASS NORDESTE CALCADOS E ART ESPORT SA,137932,1027849,92568,ATAC. MR110012 8MM RECICLADO COR 4085/PET,115CM,15631963,"270,00",15622286NBR3282790,28/04/2026,13/07/2026,33,132709,"R$ 288,90"
7,DASS NORDESTE CALCADOS E ART ESPORT SA,137932,1027849,92568,ATAC. MR110012 8MM RECICLADO COR 4085/PET,120CM,15631963,"734,00",15622282NBR3282787,28/04/2026,13/07/2026,33,132709,"R$ 822,08"
7,DASS NORDESTE CALCADOS E ART ESPORT SA,137932,1027849,92568,ATAC. MR110012 8MM RECICLADO COR 4085/PET,120CM,15631963,"744,00",15622284NBR3282787,28/04/2026,13/07/2026,33,132709,"R$ 833,28"
7,DASS NORDESTE CALCADOS E ART ESPORT SA,137932,1027849,92568,ATAC. MR110012 8MM RECICLADO COR 4085/PET,120CM,15631963,"969,00",15622285NBR3282790,28/04/2026,13/07/2026,33,132709,"R$ 1.085,28"
7,DASS NORDESTE CALCADOS E ART ESPORT SA,137932,1027849,92568,ATAC. MR110012 8MM RECICLADO COR 4085/PET,120CM,15631963,"1.008,00",15622286NBR3282790,28/04/2026,13/07/2026,33,132709,"R$ 1.128,96"
7,DASS NORDESTE CALCADOS E ART ESPORT SA,137932,1065806,93661,ATAC. MR110029 RECICLADO COR 4662/PET,120CM,15631963,"72,00",15622321NBR3282672,28/04/2026,13/07/2026,33,132709,"R$ 79,20"
7,DASS NORDESTE CALCADOS E ART ESPORT SA,137932,1065806,93661,ATAC. MR110029 RECICLADO COR 4662/PET,120CM,15631963,"72,00",15622322NBR3282672,28/04/2026,13/07/2026,33,132709,"R$ 79,20"
7,DASS NORDESTE CALCADOS E ART ESPORT SA,137932,1065806,93661,ATAC. MR110029 RECICLADO COR 4662/PET,130CM,15631963,"806,00",15622321NBR3282672,28/04/2026,13/07/2026,33,132709,"R$ 967,20"
7,DASS NORDESTE CALCADOS E ART ESPORT SA,137932,1065806,93661,ATAC. MR110029 RECICLADO COR 4662/PET,130CM,15631963,"858,00",15622322NBR3282672,28/04/2026,13/07/2026,33,132709,"R$ 1.029,60"
7,DASS NORDESTE CALCADOS E ART ESPORT SA,137932,1065806,93661,ATAC. MR110029 RECICLADO COR 4662/PET,140CM,15631963,"90,00",15622321NBR3282672,28/04/2026,13/07/2026,33,132709,"R$ 116,10"
7,DASS NORDESTE CALCADOS E ART ESPORT SA,137932,1065806,93661,ATAC. MR110029 RECICLADO COR 4662/PET,140CM,15631963,"90,00",15622322NBR3282672,28/04/2026,13/07/2026,33,132709,"R$ 116,10"
7,DASS NORDESTE CALCADOS E ART ESPORT SA,137932,1102648,93674,ATAC. MR140023 RECICLADO COR 4085/PET,95CM,15631963,"444,00",15622287NBR3282591,28/04/2026,13/07/2026,33,132709,"R$ 395,16"
7,DASS NORDESTE CALCADOS E ART ESPORT SA,137932,1102648,93674,ATAC. MR140023 RECICLADO COR 4085/PET,95CM,15631963,"456,00",15622288NBR3282591,28/04/2026,13/07/2026,33,132709,"R$ 405,84"
7,DASS NORDESTE CALCADOS E ART ESPORT SA,137932,1102648,93674,ATAC. MR140023 RECICLADO COR 4085/PET,100CM,15631963,"458,00",15622287NBR3282591,28/04/2026,13/07/2026,33,132709,"R$ 430,52"
7,DASS NORDESTE CALCADOS E ART ESPORT SA,137932,1102648,93674,ATAC. MR140023 RECICLADO COR 4085/PET,100CM,15631963,"474,00",15622288NBR3282591,28/04/2026,13/07/2026,33,132709,"R$ 445,56"
7,DASS NORDESTE CALCADOS E ART ESPORT SA,137932,1102648,93674,ATAC. MR140023 RECICLADO COR 4085/PET,105CM,15631963,"18,00",15622287NBR3282591,28/04/2026,13/07/2026,33,132709,"R$ 17,82"
7,DASS NORDESTE CALCADOS E ART ESPORT SA,137933,1188919,82628,ATAC. MR140014 6MM RECICLADO COR 4085/PET,105CM,15631965,"12,00",15622395NBR3282585,28/04/2026,20/07/2026,40,132710,"R$ 15,36"
7,DASS NORDESTE CALCADOS E ART ESPORT SA,137933,1188919,82628,ATAC. MR140014 6MM RECICLADO COR 4085/PET,105CM,15631965,"18,00",15622387NBR3282667,28/04/2026,20/07/2026,40,132710,"R$ 23,04"
7,DASS NORDESTE CALCADOS E ART ESPORT SA,137933,1188919,82628,ATAC. MR140014 6MM RECICLADO COR 4085/PET,105CM,15631965,"180,00",15622361NBR3282707,28/04/2026,20/07/2026,40,132710,"R$ 230,40"
7,DASS NORDESTE CALCADOS E ART ESPORT SA,137933,1188919,82628,ATAC. MR140014 6MM RECICLADO COR 4085/PET,105CM,15631965,"204,00",15622363NBR3282707,28/04/2026,20/07/2026,40,132710,"R$ 261,12"
7,DASS NORDESTE CALCADOS E ART ESPORT SA,137933,1188919,82628,ATAC. MR140014 6MM RECICLADO COR 4085/PET,105CM,15631965,"156,00",15622364NBR3282800,28/04/2026,20/07/2026,40,132710,"R$ 199,68"
7,DASS NORDESTE CALCADOS E ART ESPORT SA,137933,1188919,82628,ATAC. MR140014 6MM RECICLADO COR 4085/PET,105CM,15631965,"156,00",15622365NBR3282800,28/04/2026,20/07/2026,40,132710,"R$ 199,68"
7,DASS NORDESTE CALCADOS E ART ESPORT SA,137933,1188919,82628,ATAC. MR140014 6MM RECICLADO COR 4085/PET,105CM,15631965,"192,00",15622366NBR3282800,28/04/2026,20/07/2026,40,132710,"R$ 245,76"
7,DASS NORDESTE CALCADOS E ART ESPORT SA,137933,1188919,82628,ATAC. MR140014 6MM RECICLADO COR 4085/PET,105CM,15631965,"90,00",15622369NBR3282801,28/04/2026,20/07/2026,40,132710,"R$ 115,20"
7,DASS NORDESTE CALCADOS E ART ESPORT SA,137933,1188919,82628,ATAC. MR140014 6MM RECICLADO COR 4085/PET,105CM,15631965,"96,00",15622370NBR3282801,28/04/2026,20/07/2026,40,132710,"R$ 122,88"
7,DASS NORDESTE CALCADOS E ART ESPORT SA,137933,1188919,82628,ATAC. MR140014 6MM RECICLADO COR 4085/PET,105CM,15631965,"144,00",15622343NBR3282818,28/04/2026,20/07/2026,40,132710,"R$ 184,32"
7,DASS NORDESTE CALCADOS E ART ESPORT SA,137933,1188919,82628,ATAC. MR140014 6MM RECICLADO COR 4085/PET,105CM,15631965,"144,00",15622344NBR3282818,28/04/2026,20/07/2026,40,132710,"R$ 184,32"
7,DASS NORDESTE CALCADOS E ART ESPORT SA,137933,1188919,82628,ATAC. MR140014 6MM RECICLADO COR 4085/PET,105CM,15631965,"144,00",15622345NBR3282819,28/04/2026,20/07/2026,40,132710,"R$ 184,32"
7,DASS NORDESTE CALCADOS E ART ESPORT SA,137933,1188919,82628,ATAC. MR140014 6MM RECICLADO COR 4085/PET,105CM,15631965,"144,00",15622349NBR3282819,28/04/2026,20/07/2026,40,132710,"R$ 184,32"
7,DASS NORDESTE CALCADOS E ART ESPORT SA,137933,1188919,82628,ATAC. MR140014 6MM RECICLADO COR 4085/PET,105CM,15631965,"144,00",15622350NBR3282820,28/04/2026,20/07/2026,40,132710,"R$ 184,32"
7,DASS NORDESTE CALCADOS E ART ESPORT SA,137933,1188919,82628,ATAC. MR140014 6MM RECICLADO COR 4085/PET,105CM,15631965,"150,00",15622359NBR3282820,28/04/2026,20/07/2026,40,132710,"R$ 192,00"
7,DASS NORDESTE CALCADOS E ART ESPORT SA,137933,1188919,82628,ATAC. MR140014 6MM RECICLADO COR 4085/PET,110CM,15631965,"896,00",15622395NBR3282585,28/04/2026,20/07/2026,40,132710,"R$ 1.200,64"
7,DASS NORDESTE CALCADOS E ART ESPORT SA,137933,1188919,82628,ATAC. MR140014 6MM RECICLADO COR 4085/PET,110CM,15631965,"794,00",15622387NBR3282667,28/04/2026,20/07/2026,40,132710,"R$ 1.063,96"
7,DASS NORDESTE CALCADOS E ART ESPORT SA,137933,1188919,82628,ATAC. MR140014 6MM RECICLADO COR 4085/PET,110CM,15631965,"846,00",15622388NBR3282667,28/04/2026,20/07/2026,40,132710,"R$ 1.133,64"
7,DASS NORDESTE CALCADOS E ART ESPORT SA,137933,1188919,82628,ATAC. MR140014 6MM RECICLADO COR 4085/PET,110CM,15631965,"584,00",15622361NBR3282707,28/04/2026,20/07/2026,40,132710,"R$ 782,56"
7,DASS NORDESTE CALCADOS E ART ESPORT SA,137933,1188919,82628,ATAC. MR140014 6MM RECICLADO COR 4085/PET,110CM,15631965,"588,00",15622363NBR3282707,28/04/2026,20/07/2026,40,132710,"R$ 787,92"
7,DASS NORDESTE CALCADOS E ART ESPORT SA,137933,1188919,82628,ATAC. MR140014 6MM RECICLADO COR 4085/PET,110CM,15631965,"735,00",15622364NBR3282800,28/04/2026,20/07/2026,40,132710,"R$ 984,90"
7,DASS NORDESTE CALCADOS E ART ESPORT SA,137933,1188919,82628,ATAC. MR140014 6MM RECICLADO COR 4085/PET,110CM,15631965,"552,00",15622365NBR3282800,28/04/2026,20/07/2026,40,132710,"R$ 739,68"
7,DASS NORDESTE CALCADOS E ART ESPORT SA,137933,1188919,82628,ATAC. MR140014 6MM RECICLADO COR 4085/PET,110CM,15631965,"402,00",15622366NBR3282800,28/04/2026,20/07/2026,40,132710,"R$ 538,68"
7,DASS NORDESTE CALCADOS E ART ESPORT SA,137933,1188919,82628,ATAC. MR140014 6MM RECICLADO COR 4085/PET,110CM,15631965,"506,00",15622369NBR3282801,28/04/2026,20/07/2026,40,132710,"R$ 678,04"
7,DASS NORDESTE CALCADOS E ART ESPORT SA,137933,1188919,82628,ATAC. MR140014 6MM RECICLADO COR 4085/PET,110CM,15631965,"504,00",15622370NBR3282801,28/04/2026,20/07/2026,40,132710,"R$ 675,36"
7,DASS NORDESTE CALCADOS E ART ESPORT SA,137933,1188919,82628,ATAC. MR140014 6MM RECICLADO COR 4085/PET,110CM,15631965,"645,00",15622343NBR3282818,28/04/2026,20/07/2026,40,132710,"R$ 864,30"
7,DASS NORDESTE CALCADOS E ART ESPORT SA,137933,1188919,82628,ATAC. MR140014 6MM RECICLADO COR 4085/PET,110CM,15631965,"660,00",15622344NBR3282818,28/04/2026,20/07/2026,40,132710,"R$ 884,40"
7,DASS NORDESTE CALCADOS E ART ESPORT SA,137933,1188919,82628,ATAC. MR140014 6MM RECICLADO COR 4085/PET,110CM,15631965,"645,00",15622345NBR3282819,28/04/2026,20/07/2026,40,132710,"R$ 864,30"
7,DASS NORDESTE CALCADOS E ART ESPORT SA,137933,1188919,82628,ATAC. MR140014 6MM RECICLADO COR 4085/PET,110CM,15631965,"660,00",15622349NBR3282819,28/04/2026,20/07/2026,40,132710,"R$ 884,40"
7,DASS NORDESTE CALCADOS E ART ESPORT SA,137933,1188919,82628,ATAC. MR140014 6MM RECICLADO COR 4085/PET,110CM,15631965,"651,00",15622350NBR3282820,28/04/2026,20/07/2026,40,132710,"R$ 872,34"
7,DASS NORDESTE CALCADOS E ART ESPORT SA,137933,1188919,82628,ATAC. MR140014 6MM RECICLADO COR 4085/PET,110CM,15631965,"666,00",15622359NBR3282820,28/04/2026,20/07/2026,40,132710,"R$ 892,44"
7,DASS NORDESTE CALCADOS E ART ESPORT SA,137933,1188919,82628,ATAC. MR140014 6MM RECICLADO COR 4085/PET,115CM,15631965,"156,00",15622395NBR3282585,28/04/2026,20/07/2026,40,132710,"R$ 218,40"
7,DASS NORDESTE CALCADOS E ART ESPORT SA,137933,1188919,82628,ATAC. MR140014 6MM RECICLADO COR 4085/PET,115CM,15631965,"144,00",15622387NBR3282667,28/04/2026,20/07/2026,40,132710,"R$ 201,60"
7,DASS NORDESTE CALCADOS E ART ESPORT SA,137933,1188919,82628,ATAC. MR140014 6MM RECICLADO COR 4085/PET,115CM,15631965,"180,00",15622388NBR3282667,28/04/2026,20/07/2026,40,132710,"R$ 252,00"
7,DASS NORDESTE CALCADOS E ART ESPORT SA,137933,1188919,82628,ATAC. MR140014 6MM RECICLADO COR 4085/PET,115CM,15631965,"192,00",15622361NBR3282707,28/04/2026,20/07/2026,40,132710,"R$ 268,80"
7,DASS NORDESTE CALCADOS E ART ESPORT SA,137933,1188919,82628,ATAC. MR140014 6MM RECICLADO COR 4085/PET,115CM,15631965,"198,00",15622363NBR3282707,28/04/2026,20/07/2026,40,132710,"R$ 277,20"
7,DASS NORDESTE CALCADOS E ART ESPORT SA,137933,1188919,82628,ATAC. MR140014 6MM RECICLADO COR 4085/PET,115CM,15631965,"180,00",15622364NBR3282800,28/04/2026,20/07/2026,40,132710,"R$ 252,00"
7,DASS NORDESTE CALCADOS E ART ESPORT SA,137933,1188919,82628,ATAC. MR140014 6MM RECICLADO COR 4085/PET,115CM,15631965,"156,00",15622365NBR3282800,28/04/2026,20/07/2026,40,132710,"R$ 218,40"
7,DASS NORDESTE CALCADOS E ART ESPORT SA,137933,1188919,82628,ATAC. MR140014 6MM RECICLADO COR 4085/PET,115CM,15631965,"180,00",15622366NBR3282800,28/04/2026,20/07/2026,40,132710,"R$ 252,00"
7,DASS NORDESTE CALCADOS E ART ESPORT SA,137933,1188919,82628,ATAC. MR140014 6MM RECICLADO COR 4085/PET,115CM,15631965,"156,00",15622369NBR3282801,28/04/2026,20/07/2026,40,132710,"R$ 218,40"
7,DASS NORDESTE CALCADOS E ART ESPORT SA,137933,1188919,82628,ATAC. MR140014 6MM RECICLADO COR 4085/PET,115CM,15631965,"192,00",15622370NBR3282801,28/04/2026,20/07/2026,40,132710,"R$ 268,80"
7,DASS NORDESTE CALCADOS E ART ESPORT SA,137933,1188919,82628,ATAC. MR140014 6MM RECICLADO COR 4085/PET,115CM,15631965,"228,00",15622343NBR3282818,28/04/2026,20/07/2026,40,132710,"R$ 319,20"
7,DASS NORDESTE CALCADOS E ART ESPORT SA,137933,1188919,82628,ATAC. MR140014 6MM RECICLADO COR 4085/PET,115CM,15631965,"234,00",15622344NBR3282818,28/04/2026,20/07/2026,40,132710,"R$ 327,60"
7,DASS NORDESTE CALCADOS E ART ESPORT SA,137933,1188919,82628,ATAC. MR140014 6MM RECICLADO COR 4085/PET,115CM,15631965,"228,00",15622345NBR3282819,28/04/2026,20/07/2026,40,132710,"R$ 319,20"
7,DASS NORDESTE CALCADOS E ART ESPORT SA,137933,1188919,82628,ATAC. MR140014 6MM RECICLADO COR 4085/PET,115CM,15631965,"234,00",15622349NBR3282819,28/04/2026,20/07/2026,40,132710,"R$ 327,60"
7,DASS NORDESTE CALCADOS E ART ESPORT SA,137933,1188919,82628,ATAC. MR140014 6MM RECICLADO COR 4085/PET,115CM,15631965,"228,00",15622350NBR3282820,28/04/2026,20/07/2026,40,132710,"R$ 319,20"
7,DASS NORDESTE CALCADOS E ART ESPORT SA,137933,1188919,82628,ATAC. MR140014 6MM RECICLADO COR 4085/PET,115CM,15631965,"240,00",15622359NBR3282820,28/04/2026,20/07/2026,40,132710,"R$ 336,00"
7,DASS NORDESTE CALCADOS E ART ESPORT SA,137933,1278311,86418,ATAC. MR140014 6MM RECICLADO COR 4662/PET,105CM,15631965,"252,00",15622360NBR3282570,28/04/2026,20/07/2026,40,132710,"R$ 322,56"
7,DASS NORDESTE CALCADOS E ART ESPORT SA,137933,1278311,86418,ATAC. MR140014 6MM RECICLADO COR 4662/PET,105CM,15631965,"518,00",15622390NBR3282669,28/04/2026,20/07/2026,40,132710,"R$ 663,04"
7,DASS NORDESTE CALCADOS E ART ESPORT SA,137933,1278311,86418,ATAC. MR140014 6MM RECICLADO COR 4662/PET,105CM,15631965,"552,00",15622391NBR3282669,28/04/2026,20/07/2026,40,132710,"R$ 706,56"
7,DASS NORDESTE CALCADOS E ART ESPORT SA,137933,1278311,86418,ATAC. MR140014 6MM RECICLADO COR 4662/PET,110CM,15631965,"680,00",15622360NBR3282570,28/04/2026,20/07/2026,40,132710,"R$ 911,20"
7,DASS NORDESTE CALCADOS E ART ESPORT SA,137933,1278311,86418,ATAC. MR140014 6MM RECICLADO COR 4662/PET,110CM,15631965,"252,00",15622390NBR3282669,28/04/2026,20/07/2026,40,132710,"R$ 337,68"
7,DASS NORDESTE CALCADOS E ART ESPORT SA,137933,1278311,86418,ATAC. MR140014 6MM RECICLADO COR 4662/PET,110CM,15631965,"258,00",15622391NBR3282669,28/04/2026,20/07/2026,40,132710,"R$ 345,72"
7,DASS NORDESTE CALCADOS E ART ESPORT SA,137933,1278311,86418,ATAC. MR140014 6MM RECICLADO COR 4662/PET,115CM,15631965,"126,00",15622360NBR3282570,28/04/2026,20/07/2026,40,132710,"R$ 176,40"
7,DASS NORDESTE CALCADOS E ART ESPORT SA,137933,1027849,92568,ATAC. MR110012 8MM RECICLADO COR 4085/PET,115CM,15631965,"240,00",15622280NBR3282761,28/04/2026,20/07/2026,40,132710,"R$ 256,80"
7,DASS NORDESTE CALCADOS E ART ESPORT SA,137933,1027849,92568,ATAC. MR110012 8MM RECICLADO COR 4085/PET,115CM,15631965,"228,00",15622281NBR3282761,28/04/2026,20/07/2026,40,132710,"R$ 243,96"
7,DASS NORDESTE CALCADOS E ART ESPORT SA,137933,1027849,92568,ATAC. MR110012 8MM RECICLADO COR 4085/PET,120CM,15631965,"843,00",15622280NBR3282761,28/04/2026,20/07/2026,40,132710,"R$ 944,16"
7,DASS NORDESTE CALCADOS E ART ESPORT SA,137933,1027849,92568,ATAC. MR110012 8MM RECICLADO COR 4085/PET,120CM,15631965,"876,00",15622281NBR3282761,28/04/2026,20/07/2026,40,132710,"R$ 981,12"
7,DASS NORDESTE CALCADOS E ART ESPORT SA,137933,1406946,94710,ATAC. MR110012 8MM RECICLADO COR 5519/PET,115CM,15631965,"192,00",15622380NBR3282762,28/04/2026,20/07/2026,40,132710,"R$ 205,44"
7,DASS NORDESTE CALCADOS E ART ESPORT SA,137933,1406946,94710,ATAC. MR110012 8MM RECICLADO COR 5519/PET,115CM,15631965,"204,00",15622381NBR3282762,28/04/2026,20/07/2026,40,132710,"R$ 218,28"
7,DASS NORDESTE CALCADOS E ART ESPORT SA,137933,1406946,94710,ATAC. MR110012 8MM RECICLADO COR 5519/PET,115CM,15631965,"162,00",15622382NBR3282763,28/04/2026,20/07/2026,40,132710,"R$ 173,34"
7,DASS NORDESTE CALCADOS E ART ESPORT SA,137933,1406946,94710,ATAC. MR110012 8MM RECICLADO COR 5519/PET,115CM,15631965,"168,00",15622383NBR3282763,28/04/2026,20/07/2026,40,132710,"R$ 179,76"
7,DASS NORDESTE CALCADOS E ART ESPORT SA,137933,1406946,94710,ATAC. MR110012 8MM RECICLADO COR 5519/PET,120CM,15631965,"740,00",15622380NBR3282762,28/04/2026,20/07/2026,40,132710,"R$ 828,80"
7,DASS NORDESTE CALCADOS E ART ESPORT SA,137933,1406946,94710,ATAC. MR110012 8MM RECICLADO COR 5519/PET,120CM,15631965,"726,00",15622381NBR3282762,28/04/2026,20/07/2026,40,132710,"R$ 813,12"
7,DASS NORDESTE CALCADOS E ART ESPORT SA,137933,1406946,94710,ATAC. MR110012 8MM RECICLADO COR 5519/PET,120CM,15631965,"614,00",15622382NBR3282763,28/04/2026,20/07/2026,40,132710,"R$ 687,68"
7,DASS NORDESTE CALCADOS E ART ESPORT SA,137933,1406946,94710,ATAC. MR110012 8MM RECICLADO COR 5519/PET,120CM,15631965,"630,00",15622383NBR3282763,28/04/2026,20/07/2026,40,132710,"R$ 705,60"
7,DASS NORDESTE CALCADOS E ART ESPORT SA,137933,1102648,93674,ATAC. MR140023 RECICLADO COR 4085/PET,95CM,15631965,"444,00",15622299NBR3282593,28/04/2026,20/07/2026,40,132710,"R$ 395,16"
7,DASS NORDESTE CALCADOS E ART ESPORT SA,137933,1102648,93674,ATAC. MR140023 RECICLADO COR 4085/PET,95CM,15631965,"456,00",15622300NBR3282593,28/04/2026,20/07/2026,40,132710,"R$ 405,84"
7,DASS NORDESTE CALCADOS E ART ESPORT SA,137933,1102648,93674,ATAC. MR140023 RECICLADO COR 4085/PET,95CM,15631965,"432,00",15622301NBR3282603,28/04/2026,20/07/2026,40,132710,"R$ 384,48"
7,DASS NORDESTE CALCADOS E ART ESPORT SA,137933,1102648,93674,ATAC. MR140023 RECICLADO COR 4085/PET,95CM,15631965,"456,00",15622302NBR3282603,28/04/2026,20/07/2026,40,132710,"R$ 405,84"
7,DASS NORDESTE CALCADOS E ART ESPORT SA,137933,1102648,93674,ATAC. MR140023 RECICLADO COR 4085/PET,100CM,15631965,"458,00",15622299NBR3282593,28/04/2026,20/07/2026,40,132710,"R$ 430,52"
7,DASS NORDESTE CALCADOS E ART ESPORT SA,137933,1102648,93674,ATAC. MR140023 RECICLADO COR 4085/PET,100CM,15631965,"474,00",15622300NBR3282593,28/04/2026,20/07/2026,40,132710,"R$ 445,56"
7,DASS NORDESTE CALCADOS E ART ESPORT SA,137933,1102648,93674,ATAC. MR140023 RECICLADO COR 4085/PET,100CM,15631965,"446,00",15622301NBR3282603,28/04/2026,20/07/2026,40,132710,"R$ 419,24"
7,DASS NORDESTE CALCADOS E ART ESPORT SA,137933,1102648,93674,ATAC. MR140023 RECICLADO COR 4085/PET,100CM,15631965,"474,00",15622302NBR3282603,28/04/2026,20/07/2026,40,132710,"R$ 445,56"
7,DASS NORDESTE CALCADOS E ART ESPORT SA,137933,1102648,93674,ATAC. MR140023 RECICLADO COR 4085/PET,105CM,15631965,"18,00",15622299NBR3282593,28/04/2026,20/07/2026,40,132710,"R$ 17,82"
7,DASS NORDESTE CALCADOS E ART ESPORT SA,137933,1102648,93674,ATAC. MR140023 RECICLADO COR 4085/PET,105CM,15631965,"18,00",15622301NBR3282603,28/04/2026,20/07/2026,40,132710,"R$ 17,82"
7,DASS NORDESTE CALCADOS E ART ESPORT SA,137934,1188919,82628,ATAC. MR140014 6MM RECICLADO COR 4085/PET,100CM,15631968,"264,00",15624203NBR3282803,28/04/2026,27/07/2026,47,132711,"R$ 322,08"
7,DASS NORDESTE CALCADOS E ART ESPORT SA,137934,1188919,82628,ATAC. MR140014 6MM RECICLADO COR 4085/PET,100CM,15631968,"282,00",15624204NBR3282803,28/04/2026,27/07/2026,47,132711,"R$ 344,04"
7,DASS NORDESTE CALCADOS E ART ESPORT SA,137934,1188919,82628,ATAC. MR140014 6MM RECICLADO COR 4085/PET,100CM,15631968,"132,00",15624206NBR3282805,28/04/2026,27/07/2026,47,132711,"R$ 161,04"
7,DASS NORDESTE CALCADOS E ART ESPORT SA,137934,1188919,82628,ATAC. MR140014 6MM RECICLADO COR 4085/PET,100CM,15631968,"162,00",15624207NBR3282805,28/04/2026,27/07/2026,47,132711,"R$ 197,64"
7,DASS NORDESTE CALCADOS E ART ESPORT SA,137934,1188919,82628,ATAC. MR140014 6MM RECICLADO COR 4085/PET,105CM,15631968,"603,00",15624223NBR3282715,28/04/2026,27/07/2026,47,132711,"R$ 771,84"
7,DASS NORDESTE CALCADOS E ART ESPORT SA,137934,1188919,82628,ATAC. MR140014 6MM RECICLADO COR 4085/PET,105CM,15631968,"600,00",15624224NBR3282715,28/04/2026,27/07/2026,47,132711,"R$ 768,00"
7,DASS NORDESTE CALCADOS E ART ESPORT SA,137934,1188919,82628,ATAC. MR140014 6MM RECICLADO COR 4085/PET,105CM,15631968,"648,00",15624225NBR3282715,28/04/2026,27/07/2026,47,132711,"R$ 829,44"
7,DASS NORDESTE CALCADOS E ART ESPORT SA,137934,1188919,82628,ATAC. MR140014 6MM RECICLADO COR 4085/PET,105CM,15631968,"771,00",15624203NBR3282803,28/04/2026,27/07/2026,47,132711,"R$ 986,88"
7,DASS NORDESTE CALCADOS E ART ESPORT SA,137934,1188919,82628,ATAC. MR140014 6MM RECICLADO COR 4085/PET,105CM,15631968,"798,00",15624204NBR3282803,28/04/2026,27/07/2026,47,132711,"R$ 1.021,44"
7,DASS NORDESTE CALCADOS E ART ESPORT SA,137934,1188919,82628,ATAC. MR140014 6MM RECICLADO COR 4085/PET,105CM,15631968,"626,00",15624206NBR3282805,28/04/2026,27/07/2026,47,132711,"R$ 801,28"
7,DASS NORDESTE CALCADOS E ART ESPORT SA,137934,1188919,82628,ATAC. MR140014 6MM RECICLADO COR 4085/PET,105CM,15631968,"678,00",15624207NBR3282805,28/04/2026,27/07/2026,47,132711,"R$ 867,84"
7,DASS NORDESTE CALCADOS E ART ESPORT SA,137934,1188919,82628,ATAC. MR140014 6MM RECICLADO COR 4085/PET,105CM,15631968,"240,00",15624198NBR3282821,28/04/2026,27/07/2026,47,132711,"R$ 307,20"
7,DASS NORDESTE CALCADOS E ART ESPORT SA,137934,1188919,82628,ATAC. MR140014 6MM RECICLADO COR 4085/PET,105CM,15631968,"276,00",15624199NBR3282821,28/04/2026,27/07/2026,47,132711,"R$ 353,28"
7,DASS NORDESTE CALCADOS E ART ESPORT SA,137934,1188919,82628,ATAC. MR140014 6MM RECICLADO COR 4085/PET,105CM,15631968,"144,00",15624201NBR3282836,28/04/2026,27/07/2026,47,132711,"R$ 184,32"
7,DASS NORDESTE CALCADOS E ART ESPORT SA,137934,1188919,82628,ATAC. MR140014 6MM RECICLADO COR 4085/PET,105CM,15631968,"144,00",15624202NBR3282836,28/04/2026,27/07/2026,47,132711,"R$ 184,32"
7,DASS NORDESTE CALCADOS E ART ESPORT SA,137934,1188919,82628,ATAC. MR140014 6MM RECICLADO COR 4085/PET,110CM,15631968,"282,00",15624223NBR3282715,28/04/2026,27/07/2026,47,132711,"R$ 377,88"
7,DASS NORDESTE CALCADOS E ART ESPORT SA,137934,1188919,82628,ATAC. MR140014 6MM RECICLADO COR 4085/PET,110CM,15631968,"240,00",15624224NBR3282715,28/04/2026,27/07/2026,47,132711,"R$ 321,60"
7,DASS NORDESTE CALCADOS E ART ESPORT SA,137934,1188919,82628,ATAC. MR140014 6MM RECICLADO COR 4085/PET,110CM,15631968,"270,00",15624225NBR3282715,28/04/2026,27/07/2026,47,132711,"R$ 361,80"
7,DASS NORDESTE CALCADOS E ART ESPORT SA,137934,1188919,82628,ATAC. MR140014 6MM RECICLADO COR 4085/PET,110CM,15631968,"24,00",15624203NBR3282803,28/04/2026,27/07/2026,47,132711,"R$ 32,16"
7,DASS NORDESTE CALCADOS E ART ESPORT SA,137934,1188919,82628,ATAC. MR140014 6MM RECICLADO COR 4085/PET,110CM,15631968,"24,00",15624204NBR3282803,28/04/2026,27/07/2026,47,132711,"R$ 32,16"
7,DASS NORDESTE CALCADOS E ART ESPORT SA,137934,1188919,82628,ATAC. MR140014 6MM RECICLADO COR 4085/PET,110CM,15631968,"18,00",15624206NBR3282805,28/04/2026,27/07/2026,47,132711,"R$ 24,12"
7,DASS NORDESTE CALCADOS E ART ESPORT SA,137934,1188919,82628,ATAC. MR140014 6MM RECICLADO COR 4085/PET,110CM,15631968,"24,00",15624207NBR3282805,28/04/2026,27/07/2026,47,132711,"R$ 32,16"
7,DASS NORDESTE CALCADOS E ART ESPORT SA,137934,1188919,82628,ATAC. MR140014 6MM RECICLADO COR 4085/PET,110CM,15631968,"651,00",15624198NBR3282821,28/04/2026,27/07/2026,47,132711,"R$ 872,34"
7,DASS NORDESTE CALCADOS E ART ESPORT SA,137934,1188919,82628,ATAC. MR140014 6MM RECICLADO COR 4085/PET,110CM,15631968,"666,00",15624199NBR3282821,28/04/2026,27/07/2026,47,132711,"R$ 892,44"
7,DASS NORDESTE CALCADOS E ART ESPORT SA,137934,1188919,82628,ATAC. MR140014 6MM RECICLADO COR 4085/PET,110CM,15631968,"579,00",15624201NBR3282836,28/04/2026,27/07/2026,47,132711,"R$ 775,86"
7,DASS NORDESTE CALCADOS E ART ESPORT SA,137934,1188919,82628,ATAC. MR140014 6MM RECICLADO COR 4085/PET,110CM,15631968,"588,00",15624202NBR3282836,28/04/2026,27/07/2026,47,132711,"R$ 787,92"
7,DASS NORDESTE CALCADOS E ART ESPORT SA,137934,1188919,82628,ATAC. MR140014 6MM RECICLADO COR 4085/PET,115CM,15631968,"156,00",15624198NBR3282821,28/04/2026,27/07/2026,47,132711,"R$ 218,40"
7,DASS NORDESTE CALCADOS E ART ESPORT SA,137934,1188919,82628,ATAC. MR140014 6MM RECICLADO COR 4085/PET,115CM,15631968,"186,00",15624199NBR3282821,28/04/2026,27/07/2026,47,132711,"R$ 260,40"
7,DASS NORDESTE CALCADOS E ART ESPORT SA,137934,1188919,82628,ATAC. MR140014 6MM RECICLADO COR 4085/PET,115CM,15631968,"276,00",15624201NBR3282836,28/04/2026,27/07/2026,47,132711,"R$ 386,40"
7,DASS NORDESTE CALCADOS E ART ESPORT SA,137934,1188919,82628,ATAC. MR140014 6MM RECICLADO COR 4085/PET,115CM,15631968,"282,00",15624202NBR3282836,28/04/2026,27/07/2026,47,132711,"R$ 394,80"
7,DASS NORDESTE CALCADOS E ART ESPORT SA,137934,1405625,94884,ATAC. MR140014 6MM RECICLADO COR 6149/PET,100CM,15631968,"192,00",15624221NBR3282804,28/04/2026,27/07/2026,47,132711,"R$ 234,24"
7,DASS NORDESTE CALCADOS E ART ESPORT SA,137934,1405625,94884,ATAC. MR140014 6MM RECICLADO COR 6149/PET,100CM,15631968,"222,00",15624222NBR3282804,28/04/2026,27/07/2026,47,132711,"R$ 270,84"
7,DASS NORDESTE CALCADOS E ART ESPORT SA,137934,1405625,94884,ATAC. MR140014 6MM RECICLADO COR 6149/PET,105CM,15631968,"710,00",15624221NBR3282804,28/04/2026,27/07/2026,47,132711,"R$ 908,80"
7,DASS NORDESTE CALCADOS E ART ESPORT SA,137934,1405625,94884,ATAC. MR140014 6MM RECICLADO COR 6149/PET,105CM,15631968,"744,00",15624222NBR3282804,28/04/2026,27/07/2026,47,132711,"R$ 952,32"
7,DASS NORDESTE CALCADOS E ART ESPORT SA,137934,1405625,94884,ATAC. MR140014 6MM RECICLADO COR 6149/PET,110CM,15631968,"24,00",15624221NBR3282804,28/04/2026,27/07/2026,47,132711,"R$ 32,16"
7,DASS NORDESTE CALCADOS E ART ESPORT SA,137934,1048514,82631,ATAC. MR110012 8MM RECICLADO COR 4699/PET,115CM,15631968,"192,00",15624185NBR3282775,28/04/2026,27/07/2026,47,132711,"R$ 205,44"
7,DASS NORDESTE CALCADOS E ART ESPORT SA,137934,1048514,82631,ATAC. MR110012 8MM RECICLADO COR 4699/PET,115CM,15631968,"204,00",15624186NBR3282775,28/04/2026,27/07/2026,47,132711,"R$ 218,28"
7,DASS NORDESTE CALCADOS E ART ESPORT SA,137934,1048514,82631,ATAC. MR110012 8MM RECICLADO COR 4699/PET,120CM,15631968,"710,00",15624185NBR3282775,28/04/2026,27/07/2026,47,132711,"R$ 795,20"
7,DASS NORDESTE CALCADOS E ART ESPORT SA,137934,1048514,82631,ATAC. MR110012 8MM RECICLADO COR 4699/PET,120CM,15631968,"732,00",15624186NBR3282775,28/04/2026,27/07/2026,47,132711,"R$ 819,84"
7,DASS NORDESTE CALCADOS E ART ESPORT SA,137934,1027849,92568,ATAC. MR110012 8MM RECICLADO COR 4085/PET,115CM,15631968,"216,00",15624175NBR3282765,28/04/2026,27/07/2026,47,132711,"R$ 231,12"
7,DASS NORDESTE CALCADOS E ART ESPORT SA,137934,1027849,92568,ATAC. MR110012 8MM RECICLADO COR 4085/PET,115CM,15631968,"222,00",15624184NBR3282771,28/04/2026,27/07/2026,47,132711,"R$ 237,54"
7,DASS NORDESTE CALCADOS E ART ESPORT SA,137934,1027849,92568,ATAC. MR110012 8MM RECICLADO COR 4085/PET,115CM,15631968,"240,00",15624187NBR3282783,28/04/2026,27/07/2026,47,132711,"R$ 256,80"
7,DASS NORDESTE CALCADOS E ART ESPORT SA,137934,1027849,92568,ATAC. MR110012 8MM RECICLADO COR 4085/PET,115CM,15631968,"228,00",15624188NBR3282783,28/04/2026,27/07/2026,47,132711,"R$ 243,96"
7,DASS NORDESTE CALCADOS E ART ESPORT SA,137934,1027849,92568,ATAC. MR110012 8MM RECICLADO COR 4085/PET,120CM,15631968,"788,00",15624175NBR3282765,28/04/2026,27/07/2026,47,132711,"R$ 882,56"
7,DASS NORDESTE CALCADOS E ART ESPORT SA,137934,1027849,92568,ATAC. MR110012 8MM RECICLADO COR 4085/PET,120CM,15631968,"788,00",15624184NBR3282771,28/04/2026,27/07/2026,47,132711,"R$ 882,56"
7,DASS NORDESTE CALCADOS E ART ESPORT SA,137934,1027849,92568,ATAC. MR110012 8MM RECICLADO COR 4085/PET,120CM,15631968,"855,00",15624187NBR3282783,28/04/2026,27/07/2026,47,132711,"R$ 957,60"
7,DASS NORDESTE CALCADOS E ART ESPORT SA,137934,1027849,92568,ATAC. MR110012 8MM RECICLADO COR 4085/PET,120CM,15631968,"870,00",15624188NBR3282783,28/04/2026,27/07/2026,47,132711,"R$ 974,40"
7,DASS NORDESTE CALCADOS E ART ESPORT SA,137934,1304277,88668,ATAC. MR110022 7MM RECICLADO COR 4085/PET / COR 496/PET,110CM,15631968,"987,00",15624189NBR3282793,28/04/2026,27/07/2026,47,132711,"R$ 671,16"
7,DASS NORDESTE CALCADOS E ART ESPORT SA,137934,1304277,88668,ATAC. MR110022 7MM RECICLADO COR 4085/PET / COR 496/PET,110CM,15631968,"1.056,00",15624190NBR3282793,28/04/2026,27/07/2026,47,132711,"R$ 718,08"
7,DASS NORDESTE CALCADOS E ART ESPORT SA,137934,1304277,88668,ATAC. MR110022 7MM RECICLADO COR 4085/PET / COR 496/PET,110CM,15631968,"1.011,00",15624191NBR3282808,28/04/2026,27/07/2026,47,132711,"R$ 687,48"
7,DASS NORDESTE CALCADOS E ART ESPORT SA,137934,1304277,88668,ATAC. MR110022 7MM RECICLADO COR 4085/PET / COR 496/PET,110CM,15631968,"1.056,00",15624192NBR3282808,28/04/2026,27/07/2026,47,132711,"R$ 718,08"
7,DASS NORDESTE CALCADOS E ART ESPORT SA,137934,1304277,88668,ATAC. MR110022 7MM RECICLADO COR 4085/PET / COR 496/PET,110CM,15631968,"987,00",15624196NBR3282813,28/04/2026,27/07/2026,47,132711,"R$ 671,16"
7,DASS NORDESTE CALCADOS E ART ESPORT SA,137934,1304277,88668,ATAC. MR110022 7MM RECICLADO COR 4085/PET / COR 496/PET,110CM,15631968,"1.056,00",15624197NBR3282813,28/04/2026,27/07/2026,47,132711,"R$ 718,08"
7,DASS NORDESTE CALCADOS E ART ESPORT SA,137934,1304277,88668,ATAC. MR110022 7MM RECICLADO COR 4085/PET / COR 496/PET,115CM,15631968,"18,00",15624189NBR3282793,28/04/2026,27/07/2026,47,132711,"R$ 12,78"
7,DASS NORDESTE CALCADOS E ART ESPORT SA,137934,1304277,88668,ATAC. MR110022 7MM RECICLADO COR 4085/PET / COR 496/PET,115CM,15631968,"24,00",15624190NBR3282793,28/04/2026,27/07/2026,47,132711,"R$ 17,04"
7,DASS NORDESTE CALCADOS E ART ESPORT SA,137934,1304277,88668,ATAC. MR110022 7MM RECICLADO COR 4085/PET / COR 496/PET,115CM,15631968,"18,00",15624191NBR3282808,28/04/2026,27/07/2026,47,132711,"R$ 12,78"
7,DASS NORDESTE CALCADOS E ART ESPORT SA,137934,1304277,88668,ATAC. MR110022 7MM RECICLADO COR 4085/PET / COR 496/PET,115CM,15631968,"24,00",15624192NBR3282808,28/04/2026,27/07/2026,47,132711,"R$ 17,04"
7,DASS NORDESTE CALCADOS E ART ESPORT SA,137934,1304277,88668,ATAC. MR110022 7MM RECICLADO COR 4085/PET / COR 496/PET,115CM,15631968,"18,00",15624196NBR3282813,28/04/2026,27/07/2026,47,132711,"R$ 12,78"
7,DASS NORDESTE CALCADOS E ART ESPORT SA,137934,1304277,88668,ATAC. MR110022 7MM RECICLADO COR 4085/PET / COR 496/PET,115CM,15631968,"24,00",15624197NBR3282813,28/04/2026,27/07/2026,47,132711,"R$ 17,04"
7,DASS NORDESTE CALCADOS E ART ESPORT SA,137934,1362000,92431,ATAC. MR110022 7MM RECICLADO COR 4662/PET / COR 4758/PET,110CM,15631968,"938,00",15624217NBR3282795,28/04/2026,27/07/2026,47,132711,"R$ 637,84"
7,DASS NORDESTE CALCADOS E ART ESPORT SA,137934,1362000,92431,ATAC. MR110022 7MM RECICLADO COR 4662/PET / COR 4758/PET,110CM,15631968,"978,00",15624218NBR3282795,28/04/2026,27/07/2026,47,132711,"R$ 665,04"
7,DASS NORDESTE CALCADOS E ART ESPORT SA,137934,1362000,92431,ATAC. MR110022 7MM RECICLADO COR 4662/PET / COR 4758/PET,110CM,15631968,"938,00",15624219NBR3282823,28/04/2026,27/07/2026,47,132711,"R$ 637,84"
7,DASS NORDESTE CALCADOS E ART ESPORT SA,137934,1362000,92431,ATAC. MR110022 7MM RECICLADO COR 4662/PET / COR 4758/PET,110CM,15631968,"984,00",15624220NBR3282823,28/04/2026,27/07/2026,47,132711,"R$ 669,12"
7,DASS NORDESTE CALCADOS E ART ESPORT SA,137934,1362000,92431,ATAC. MR110022 7MM RECICLADO COR 4662/PET / COR 4758/PET,115CM,15631968,"24,00",15624217NBR3282795,28/04/2026,27/07/2026,47,132711,"R$ 17,04"
7,DASS NORDESTE CALCADOS E ART ESPORT SA,137934,1362000,92431,ATAC. MR110022 7MM RECICLADO COR 4662/PET / COR 4758/PET,115CM,15631968,"24,00",15624219NBR3282823,28/04/2026,27/07/2026,47,132711,"R$ 17,04"
7,DASS NORDESTE CALCADOS E ART ESPORT SA,137934,1413116,94788,ATAC. MR110022 7MM RECICLADO COR 6140/PET / COR 5687/PET,110CM,15631968,"1.119,00",15624230NBR3282794,28/04/2026,27/07/2026,47,132711,"R$ 760,92"
7,DASS NORDESTE CALCADOS E ART ESPORT SA,137934,1413116,94788,ATAC. MR110022 7MM RECICLADO COR 6140/PET / COR 5687/PET,110CM,15631968,"1.188,00",15624231NBR3282794,28/04/2026,27/07/2026,47,132711,"R$ 807,84"
7,DASS NORDESTE CALCADOS E ART ESPORT SA,137934,1413116,94788,ATAC. MR110022 7MM RECICLADO COR 6140/PET / COR 5687/PET,110CM,15631968,"1.059,00",15624232NBR3282822,28/04/2026,27/07/2026,47,132711,"R$ 720,12"
7,DASS NORDESTE CALCADOS E ART ESPORT SA,137934,1413116,94788,ATAC. MR110022 7MM RECICLADO COR 6140/PET / COR 5687/PET,110CM,15631968,"1.128,00",15624233NBR3282822,28/04/2026,27/07/2026,47,132711,"R$ 767,04"
7,DASS NORDESTE CALCADOS E ART ESPORT SA,137934,1413116,94788,ATAC. MR110022 7MM RECICLADO COR 6140/PET / COR 5687/PET,115CM,15631968,"12,00",15624230NBR3282794,28/04/2026,27/07/2026,47,132711,"R$ 8,52"
7,DASS NORDESTE CALCADOS E ART ESPORT SA,137934,1413116,94788,ATAC. MR110022 7MM RECICLADO COR 6140/PET / COR 5687/PET,115CM,15631968,"24,00",15624231NBR3282794,28/04/2026,27/07/2026,47,132711,"R$ 17,04"
7,DASS NORDESTE CALCADOS E ART ESPORT SA,137934,1413116,94788,ATAC. MR110022 7MM RECICLADO COR 6140/PET / COR 5687/PET,115CM,15631968,"18,00",15624232NBR3282822,28/04/2026,27/07/2026,47,132711,"R$ 12,78"
7,DASS NORDESTE CALCADOS E ART ESPORT SA,137934,1413116,94788,ATAC. MR110022 7MM RECICLADO COR 6140/PET / COR 5687/PET,115CM,15631968,"24,00",15624233NBR3282822,28/04/2026,27/07/2026,47,132711,"R$ 17,04"
7,DASS NORDESTE CALCADOS E ART ESPORT SA,137934,1408855,95027,ATAC. MR110022 7MM RECICLADO COR 4085/PET / COR 596/PET,110CM,15631968,"132,00",15624208NBR3282798,28/04/2026,27/07/2026,47,132711,"R$ 89,76"
7,DASS NORDESTE CALCADOS E ART ESPORT SA,137934,1408855,95027,ATAC. MR110022 7MM RECICLADO COR 4085/PET / COR 596/PET,110CM,15631968,"138,00",15624209NBR3282798,28/04/2026,27/07/2026,47,132711,"R$ 93,84"
7,DASS NORDESTE CALCADOS E ART ESPORT SA,137934,1408855,95027,ATAC. MR110022 7MM RECICLADO COR 4085/PET / COR 596/PET,110CM,15631968,"132,00",15624210NBR3282814,28/04/2026,27/07/2026,47,132711,"R$ 89,76"
7,DASS NORDESTE CALCADOS E ART ESPORT SA,137934,1408855,95027,ATAC. MR110022 7MM RECICLADO COR 4085/PET / COR 596/PET,110CM,15631968,"138,00",15624211NBR3282814,28/04/2026,27/07/2026,47,132711,"R$ 93,84"
7,DASS NORDESTE CALCADOS E ART ESPORT SA,137934,1408855,95027,ATAC. MR110022 7MM RECICLADO COR 4085/PET / COR 596/PET,110CM,15631968,"132,00",15624214NBR3282826,28/04/2026,27/07/2026,47,132711,"R$ 89,76"
7,DASS NORDESTE CALCADOS E ART ESPORT SA,137934,1408855,95027,ATAC. MR110022 7MM RECICLADO COR 4085/PET / COR 596/PET,110CM,15631968,"138,00",15624216NBR3282826,28/04/2026,27/07/2026,47,132711,"R$ 93,84"
7,DASS NORDESTE CALCADOS E ART ESPORT SA,137934,1408855,95027,ATAC. MR110022 7MM RECICLADO COR 4085/PET / COR 596/PET,115CM,15631968,"572,00",15624208NBR3282798,28/04/2026,27/07/2026,47,132711,"R$ 406,12"
7,DASS NORDESTE CALCADOS E ART ESPORT SA,137934,1408855,95027,ATAC. MR110022 7MM RECICLADO COR 4085/PET / COR 596/PET,115CM,15631968,"588,00",15624209NBR3282798,28/04/2026,27/07/2026,47,132711,"R$ 417,48"
7,DASS NORDESTE CALCADOS E ART ESPORT SA,137934,1408855,95027,ATAC. MR110022 7MM RECICLADO COR 4085/PET / COR 596/PET,115CM,15631968,"572,00",15624210NBR3282814,28/04/2026,27/07/2026,47,132711,"R$ 406,12"
7,DASS NORDESTE CALCADOS E ART ESPORT SA,137934,1408855,95027,ATAC. MR110022 7MM RECICLADO COR 4085/PET / COR 596/PET,115CM,15631968,"588,00",15624211NBR3282814,28/04/2026,27/07/2026,47,132711,"R$ 417,48"
7,DASS NORDESTE CALCADOS E ART ESPORT SA,137934,1408855,95027,ATAC. MR110022 7MM RECICLADO COR 4085/PET / COR 596/PET,115CM,15631968,"566,00",15624214NBR3282826,28/04/2026,27/07/2026,47,132711,"R$ 401,86"
7,DASS NORDESTE CALCADOS E ART ESPORT SA,137934,1408855,95027,ATAC. MR110022 7MM RECICLADO COR 4085/PET / COR 596/PET,115CM,15631968,"582,00",15624216NBR3282826,28/04/2026,27/07/2026,47,132711,"R$ 413,22"
7,DASS NORDESTE CALCADOS E ART ESPORT SA,137934,1408855,95027,ATAC. MR110022 7MM RECICLADO COR 4085/PET / COR 596/PET,120CM,15631968,"144,00",15624208NBR3282798,28/04/2026,27/07/2026,47,132711,"R$ 106,56"
7,DASS NORDESTE CALCADOS E ART ESPORT SA,137934,1408855,95027,ATAC. MR110022 7MM RECICLADO COR 4085/PET / COR 596/PET,120CM,15631968,"168,00",15624209NBR3282798,28/04/2026,27/07/2026,47,132711,"R$ 124,32"
7,DASS NORDESTE CALCADOS E ART ESPORT SA,137934,1408855,95027,ATAC. MR110022 7MM RECICLADO COR 4085/PET / COR 596/PET,120CM,15631968,"144,00",15624210NBR3282814,28/04/2026,27/07/2026,47,132711,"R$ 106,56"
7,DASS NORDESTE CALCADOS E ART ESPORT SA,137934,1408855,95027,ATAC. MR110022 7MM RECICLADO COR 4085/PET / COR 596/PET,120CM,15631968,"168,00",15624211NBR3282814,28/04/2026,27/07/2026,47,132711,"R$ 124,32"
7,DASS NORDESTE CALCADOS E ART ESPORT SA,137934,1408855,95027,ATAC. MR110022 7MM RECICLADO COR 4085/PET / COR 596/PET,120CM,15631968,"144,00",15624214NBR3282826,28/04/2026,27/07/2026,47,132711,"R$ 106,56"
7,DASS NORDESTE CALCADOS E ART ESPORT SA,137934,1408855,95027,ATAC. MR110022 7MM RECICLADO COR 4085/PET / COR 596/PET,120CM,15631968,"162,00",15624216NBR3282826,28/04/2026,27/07/2026,47,132711,"R$ 119,88"
7,DASS NORDESTE CALCADOS E ART ESPORT SA,137935,1070873,76555,ATAC. MR130011 5MM RECICLADO COR 4085,90CM,15632088,"998,00",15625162NBR3282680,28/04/2026,03/08/2026,54,132712,"R$ 1.057,88"
7,DASS NORDESTE CALCADOS E ART ESPORT SA,137935,1070873,76555,ATAC. MR130011 5MM RECICLADO COR 4085,95CM,15632088,"336,00",15625162NBR3282680,28/04/2026,03/08/2026,54,132712,"R$ 376,32"
7,DASS NORDESTE CALCADOS E ART ESPORT SA,137935,1027849,92568,ATAC. MR110012 8MM RECICLADO COR 4085/PET,115CM,15632088,"222,00",15625151NBR3282774,28/04/2026,03/08/2026,54,132712,"R$ 237,54"
7,DASS NORDESTE CALCADOS E ART ESPORT SA,137935,1027849,92568,ATAC. MR110012 8MM RECICLADO COR 4085/PET,115CM,15632088,"234,00",15625152NBR3282774,28/04/2026,03/08/2026,54,132712,"R$ 250,38"
7,DASS NORDESTE CALCADOS E ART ESPORT SA,137935,1027849,92568,ATAC. MR110012 8MM RECICLADO COR 4085/PET,115CM,15632088,"222,00",15625154NBR3282789,28/04/2026,03/08/2026,54,132712,"R$ 237,54"
7,DASS NORDESTE CALCADOS E ART ESPORT SA,137935,1027849,92568,ATAC. MR110012 8MM RECICLADO COR 4085/PET,115CM,15632088,"192,00",15625155NBR3282789,28/04/2026,03/08/2026,54,132712,"R$ 205,44"
7,DASS NORDESTE CALCADOS E ART ESPORT SA,137935,1027849,92568,ATAC. MR110012 8MM RECICLADO COR 4085/PET,115CM,15632088,"222,00",15625156NBR3282789,28/04/2026,03/08/2026,54,132712,"R$ 237,54"
7,DASS NORDESTE CALCADOS E ART ESPORT SA,137935,1027849,92568,ATAC. MR110012 8MM RECICLADO COR 4085/PET,120CM,15632088,"843,00",15625151NBR3282774,28/04/2026,03/08/2026,54,132712,"R$ 944,16"
7,DASS NORDESTE CALCADOS E ART ESPORT SA,137935,1027849,92568,ATAC. MR110012 8MM RECICLADO COR 4085/PET,120CM,15632088,"864,00",15625152NBR3282774,28/04/2026,03/08/2026,54,132712,"R$ 967,68"
7,DASS NORDESTE CALCADOS E ART ESPORT SA,137935,1027849,92568,ATAC. MR110012 8MM RECICLADO COR 4085/PET,120CM,15632088,"777,00",15625154NBR3282789,28/04/2026,03/08/2026,54,132712,"R$ 870,24"
7,DASS NORDESTE CALCADOS E ART ESPORT SA,137935,1027849,92568,ATAC. MR110012 8MM RECICLADO COR 4085/PET,120CM,15632088,"732,00",15625155NBR3282789,28/04/2026,03/08/2026,54,132712,"R$ 819,84"
7,DASS NORDESTE CALCADOS E ART ESPORT SA,137935,1027849,92568,ATAC. MR110012 8MM RECICLADO COR 4085/PET,120CM,15632088,"786,00",15625156NBR3282789,28/04/2026,03/08/2026,54,132712,"R$ 880,32"
7,DASS NORDESTE CALCADOS E ART ESPORT SA,137935,1304277,88668,ATAC. MR110022 7MM RECICLADO COR 4085/PET / COR 496/PET,110CM,15632088,"156,00",15625163NBR3282797,28/04/2026,03/08/2026,54,132712,"R$ 106,08"
7,DASS NORDESTE CALCADOS E ART ESPORT SA,137935,1304277,88668,ATAC. MR110022 7MM RECICLADO COR 4085/PET / COR 496/PET,110CM,15632088,"174,00",15625164NBR3282797,28/04/2026,03/08/2026,54,132712,"R$ 118,32"
7,DASS NORDESTE CALCADOS E ART ESPORT SA,137935,1304277,88668,ATAC. MR110022 7MM RECICLADO COR 4085/PET / COR 496/PET,110CM,15632088,"276,00",15625165NBR3282812,28/04/2026,03/08/2026,54,132712,"R$ 187,68"
7,DASS NORDESTE CALCADOS E ART ESPORT SA,137935,1304277,88668,ATAC. MR110022 7MM RECICLADO COR 4085/PET / COR 496/PET,110CM,15632088,"294,00",15625166NBR3282812,28/04/2026,03/08/2026,54,132712,"R$ 199,92"
7,DASS NORDESTE CALCADOS E ART ESPORT SA,137935,1304277,88668,ATAC. MR110022 7MM RECICLADO COR 4085/PET / COR 496/PET,110CM,15632088,"156,00",15625167NBR3282825,28/04/2026,03/08/2026,54,132712,"R$ 106,08"
7,DASS NORDESTE CALCADOS E ART ESPORT SA,137935,1304277,88668,ATAC. MR110022 7MM RECICLADO COR 4085/PET / COR 496/PET,110CM,15632088,"174,00",15625168NBR3282825,28/04/2026,03/08/2026,54,132712,"R$ 118,32"
7,DASS NORDESTE CALCADOS E ART ESPORT SA,137935,1304277,88668,ATAC. MR110022 7MM RECICLADO COR 4085/PET / COR 496/PET,115CM,15632088,"669,00",15625163NBR3282797,28/04/2026,03/08/2026,54,132712,"R$ 474,99"
7,DASS NORDESTE CALCADOS E ART ESPORT SA,137935,1304277,88668,ATAC. MR110022 7MM RECICLADO COR 4085/PET / COR 496/PET,115CM,15632088,"672,00",15625164NBR3282797,28/04/2026,03/08/2026,54,132712,"R$ 477,12"
7,DASS NORDESTE CALCADOS E ART ESPORT SA,137935,1304277,88668,ATAC. MR110022 7MM RECICLADO COR 4085/PET / COR 496/PET,115CM,15632088,"807,00",15625165NBR3282812,28/04/2026,03/08/2026,54,132712,"R$ 572,97"
7,DASS NORDESTE CALCADOS E ART ESPORT SA,137935,1304277,88668,ATAC. MR110022 7MM RECICLADO COR 4085/PET / COR 496/PET,115CM,15632088,"804,00",15625166NBR3282812,28/04/2026,03/08/2026,54,132712,"R$ 570,84"
7,DASS NORDESTE CALCADOS E ART ESPORT SA,137935,1304277,88668,ATAC. MR110022 7MM RECICLADO COR 4085/PET / COR 496/PET,115CM,15632088,"669,00",15625167NBR3282825,28/04/2026,03/08/2026,54,132712,"R$ 474,99"
7,DASS NORDESTE CALCADOS E ART ESPORT SA,137935,1304277,88668,ATAC. MR110022 7MM RECICLADO COR 4085/PET / COR 496/PET,115CM,15632088,"672,00",15625168NBR3282825,28/04/2026,03/08/2026,54,132712,"R$ 477,12"
7,DASS NORDESTE CALCADOS E ART ESPORT SA,137935,1304277,88668,ATAC. MR110022 7MM RECICLADO COR 4085/PET / COR 496/PET,120CM,15632088,"216,00",15625163NBR3282797,28/04/2026,03/08/2026,54,132712,"R$ 159,84"
7,DASS NORDESTE CALCADOS E ART ESPORT SA,137935,1304277,88668,ATAC. MR110022 7MM RECICLADO COR 4085/PET / COR 496/PET,120CM,15632088,"228,00",15625164NBR3282797,28/04/2026,03/08/2026,54,132712,"R$ 168,72"
7,DASS NORDESTE CALCADOS E ART ESPORT SA,137935,1304277,88668,ATAC. MR110022 7MM RECICLADO COR 4085/PET / COR 496/PET,120CM,15632088,"156,00",15625165NBR3282812,28/04/2026,03/08/2026,54,132712,"R$ 115,44"
7,DASS NORDESTE CALCADOS E ART ESPORT SA,137935,1304277,88668,ATAC. MR110022 7MM RECICLADO COR 4085/PET / COR 496/PET,120CM,15632088,"174,00",15625166NBR3282812,28/04/2026,03/08/2026,54,132712,"R$ 128,76"
7,DASS NORDESTE CALCADOS E ART ESPORT SA,137935,1304277,88668,ATAC. MR110022 7MM RECICLADO COR 4085/PET / COR 496/PET,120CM,15632088,"216,00",15625167NBR3282825,28/04/2026,03/08/2026,54,132712,"R$ 159,84"
7,DASS NORDESTE CALCADOS E ART ESPORT SA,137935,1304277,88668,ATAC. MR110022 7MM RECICLADO COR 4085/PET / COR 496/PET,120CM,15632088,"228,00",15625168NBR3282825,28/04/2026,03/08/2026,54,132712,"R$ 168,72"
7,DASS NORDESTE CALCADOS E ART ESPORT SA,137935,1413116,94788,ATAC. MR110022 7MM RECICLADO COR 6140/PET / COR 5687/PET,110CM,15632088,"1.119,00",15625187NBR3282809,28/04/2026,03/08/2026,54,132712,"R$ 760,92"
7,DASS NORDESTE CALCADOS E ART ESPORT SA,137935,1413116,94788,ATAC. MR110022 7MM RECICLADO COR 6140/PET / COR 5687/PET,110CM,15632088,"1.188,00",15625188NBR3282809,28/04/2026,03/08/2026,54,132712,"R$ 807,84"
7,DASS NORDESTE CALCADOS E ART ESPORT SA,137935,1413116,94788,ATAC. MR110022 7MM RECICLADO COR 6140/PET / COR 5687/PET,115CM,15632088,"12,00",15625187NBR3282809,28/04/2026,03/08/2026,54,132712,"R$ 8,52"
7,DASS NORDESTE CALCADOS E ART ESPORT SA,137935,1413116,94788,ATAC. MR110022 7MM RECICLADO COR 6140/PET / COR 5687/PET,115CM,15632088,"24,00",15625188NBR3282809,28/04/2026,03/08/2026,54,132712,"R$ 17,04"
7,DASS NORDESTE CALCADOS E ART ESPORT SA,137935,1413117,95026,ATAC. MR110022 7MM RECICLADO COR 6146/PET / COR 492/PET,110CM,15632088,"144,00",15625181NBR3282796,28/04/2026,03/08/2026,54,132712,"R$ 97,92"
7,DASS NORDESTE CALCADOS E ART ESPORT SA,137935,1413117,95026,ATAC. MR110022 7MM RECICLADO COR 6146/PET / COR 492/PET,110CM,15632088,"144,00",15625182NBR3282796,28/04/2026,03/08/2026,54,132712,"R$ 97,92"
7,DASS NORDESTE CALCADOS E ART ESPORT SA,137935,1413117,95026,ATAC. MR110022 7MM RECICLADO COR 6146/PET / COR 492/PET,110CM,15632088,"132,00",15625183NBR3282811,28/04/2026,03/08/2026,54,132712,"R$ 89,76"
7,DASS NORDESTE CALCADOS E ART ESPORT SA,137935,1413117,95026,ATAC. MR110022 7MM RECICLADO COR 6146/PET / COR 492/PET,110CM,15632088,"96,00",15625184NBR3282811,28/04/2026,03/08/2026,54,132712,"R$ 65,28"
7,DASS NORDESTE CALCADOS E ART ESPORT SA,137935,1413117,95026,ATAC. MR110022 7MM RECICLADO COR 6146/PET / COR 492/PET,110CM,15632088,"144,00",15625185NBR3282824,28/04/2026,03/08/2026,54,132712,"R$ 97,92"
7,DASS NORDESTE CALCADOS E ART ESPORT SA,137935,1413117,95026,ATAC. MR110022 7MM RECICLADO COR 6146/PET / COR 492/PET,110CM,15632088,"144,00",15625186NBR3282824,28/04/2026,03/08/2026,54,132712,"R$ 97,92"
7,DASS NORDESTE CALCADOS E ART ESPORT SA,137935,1413117,95026,ATAC. MR110022 7MM RECICLADO COR 6146/PET / COR 492/PET,115CM,15632088,"663,00",15625181NBR3282796,28/04/2026,03/08/2026,54,132712,"R$ 470,73"
7,DASS NORDESTE CALCADOS E ART ESPORT SA,137935,1413117,95026,ATAC. MR110022 7MM RECICLADO COR 6146/PET / COR 492/PET,115CM,15632088,"678,00",15625182NBR3282796,28/04/2026,03/08/2026,54,132712,"R$ 481,38"
7,DASS NORDESTE CALCADOS E ART ESPORT SA,137935,1413117,95026,ATAC. MR110022 7MM RECICLADO COR 6146/PET / COR 492/PET,115CM,15632088,"669,00",15625183NBR3282811,28/04/2026,03/08/2026,54,132712,"R$ 474,99"
7,DASS NORDESTE CALCADOS E ART ESPORT SA,137935,1413117,95026,ATAC. MR110022 7MM RECICLADO COR 6146/PET / COR 492/PET,115CM,15632088,"684,00",15625184NBR3282811,28/04/2026,03/08/2026,54,132712,"R$ 485,64"
7,DASS NORDESTE CALCADOS E ART ESPORT SA,137935,1413117,95026,ATAC. MR110022 7MM RECICLADO COR 6146/PET / COR 492/PET,115CM,15632088,"663,00",15625185NBR3282824,28/04/2026,03/08/2026,54,132712,"R$ 470,73"
7,DASS NORDESTE CALCADOS E ART ESPORT SA,137935,1413117,95026,ATAC. MR110022 7MM RECICLADO COR 6146/PET / COR 492/PET,115CM,15632088,"678,00",15625186NBR3282824,28/04/2026,03/08/2026,54,132712,"R$ 481,38"
7,DASS NORDESTE CALCADOS E ART ESPORT SA,137935,1413117,95026,ATAC. MR110022 7MM RECICLADO COR 6146/PET / COR 492/PET,120CM,15632088,"216,00",15625181NBR3282796,28/04/2026,03/08/2026,54,132712,"R$ 159,84"
7,DASS NORDESTE CALCADOS E ART ESPORT SA,137935,1413117,95026,ATAC. MR110022 7MM RECICLADO COR 6146/PET / COR 492/PET,120CM,15632088,"240,00",15625182NBR3282796,28/04/2026,03/08/2026,54,132712,"R$ 177,60"
7,DASS NORDESTE CALCADOS E ART ESPORT SA,137935,1413117,95026,ATAC. MR110022 7MM RECICLADO COR 6146/PET / COR 492/PET,120CM,15632088,"228,00",15625183NBR3282811,28/04/2026,03/08/2026,54,132712,"R$ 168,72"
7,DASS NORDESTE CALCADOS E ART ESPORT SA,137935,1413117,95026,ATAC. MR110022 7MM RECICLADO COR 6146/PET / COR 492/PET,120CM,15632088,"258,00",15625184NBR3282811,28/04/2026,03/08/2026,54,132712,"R$ 190,92"
7,DASS NORDESTE CALCADOS E ART ESPORT SA,137935,1413117,95026,ATAC. MR110022 7MM RECICLADO COR 6146/PET / COR 492/PET,120CM,15632088,"216,00",15625185NBR3282824,28/04/2026,03/08/2026,54,132712,"R$ 159,84"
7,DASS NORDESTE CALCADOS E ART ESPORT SA,137935,1413117,95026,ATAC. MR110022 7MM RECICLADO COR 6146/PET / COR 492/PET,120CM,15632088,"240,00",15625186NBR3282824,28/04/2026,03/08/2026,54,132712,"R$ 177,60"
7,DASS NORDESTE CALCADOS E ART ESPORT SA,137935,1421417,95044,ATAC. MR110022 7MM RECICLADO COR 6082/PET / COR 5481/PET,110CM,15632088,"72,00",15625189NBR3282799,28/04/2026,03/08/2026,54,132712,"R$ 48,96"
7,DASS NORDESTE CALCADOS E ART ESPORT SA,137935,1421417,95044,ATAC. MR110022 7MM RECICLADO COR 6082/PET / COR 5481/PET,110CM,15632088,"78,00",15625190NBR3282799,28/04/2026,03/08/2026,54,132712,"R$ 53,04"
7,DASS NORDESTE CALCADOS E ART ESPORT SA,137935,1421417,95044,ATAC. MR110022 7MM RECICLADO COR 6082/PET / COR 5481/PET,110CM,15632088,"120,00",15625191NBR3282827,28/04/2026,03/08/2026,54,132712,"R$ 81,60"
7,DASS NORDESTE CALCADOS E ART ESPORT SA,137935,1421417,95044,ATAC. MR110022 7MM RECICLADO COR 6082/PET / COR 5481/PET,110CM,15632088,"132,00",15625192NBR3282827,28/04/2026,03/08/2026,54,132712,"R$ 89,76"
7,DASS NORDESTE CALCADOS E ART ESPORT SA,137935,1421417,95044,ATAC. MR110022 7MM RECICLADO COR 6082/PET / COR 5481/PET,110CM,15632088,"114,00",15625193NBR3282827,28/04/2026,03/08/2026,54,132712,"R$ 77,52"
7,DASS NORDESTE CALCADOS E ART ESPORT SA,137935,1421417,95044,ATAC. MR110022 7MM RECICLADO COR 6082/PET / COR 5481/PET,115CM,15632088,"590,00",15625189NBR3282799,28/04/2026,03/08/2026,54,132712,"R$ 418,90"
7,DASS NORDESTE CALCADOS E ART ESPORT SA,137935,1421417,95044,ATAC. MR110022 7MM RECICLADO COR 6082/PET / COR 5481/PET,115CM,15632088,"594,00",15625190NBR3282799,28/04/2026,03/08/2026,54,132712,"R$ 421,74"
7,DASS NORDESTE CALCADOS E ART ESPORT SA,137935,1421417,95044,ATAC. MR110022 7MM RECICLADO COR 6082/PET / COR 5481/PET,115CM,15632088,"597,00",15625191NBR3282827,28/04/2026,03/08/2026,54,132712,"R$ 423,87"
7,DASS NORDESTE CALCADOS E ART ESPORT SA,137935,1421417,95044,ATAC. MR110022 7MM RECICLADO COR 6082/PET / COR 5481/PET,115CM,15632088,"588,00",15625192NBR3282827,28/04/2026,03/08/2026,54,132712,"R$ 417,48"
7,DASS NORDESTE CALCADOS E ART ESPORT SA,137935,1421417,95044,ATAC. MR110022 7MM RECICLADO COR 6082/PET / COR 5481/PET,115CM,15632088,"618,00",15625193NBR3282827,28/04/2026,03/08/2026,54,132712,"R$ 438,78"
7,DASS NORDESTE CALCADOS E ART ESPORT SA,137935,1421417,95044,ATAC. MR110022 7MM RECICLADO COR 6082/PET / COR 5481/PET,120CM,15632088,"216,00",15625189NBR3282799,28/04/2026,03/08/2026,54,132712,"R$ 159,84"
7,DASS NORDESTE CALCADOS E ART ESPORT SA,137935,1421417,95044,ATAC. MR110022 7MM RECICLADO COR 6082/PET / COR 5481/PET,120CM,15632088,"228,00",15625190NBR3282799,28/04/2026,03/08/2026,54,132712,"R$ 168,72"
7,DASS NORDESTE CALCADOS E ART ESPORT SA,137935,1421417,95044,ATAC. MR110022 7MM RECICLADO COR 6082/PET / COR 5481/PET,120CM,15632088,"216,00",15625191NBR3282827,28/04/2026,03/08/2026,54,132712,"R$ 159,84"
7,DASS NORDESTE CALCADOS E ART ESPORT SA,137935,1421417,95044,ATAC. MR110022 7MM RECICLADO COR 6082/PET / COR 5481/PET,120CM,15632088,"216,00",15625192NBR3282827,28/04/2026,03/08/2026,54,132712,"R$ 159,84"
7,DASS NORDESTE CALCADOS E ART ESPORT SA,137935,1421417,95044,ATAC. MR110022 7MM RECICLADO COR 6082/PET / COR 5481/PET,120CM,15632088,"216,00",15625193NBR3282827,28/04/2026,03/08/2026,54,132712,"R$ 159,84"
7,DASS NORDESTE CALCADOS E ART ESPORT SA,137936,1027849,92568,ATAC. MR110012 8MM RECICLADO COR 4085/PET,115CM,15632090,"318,00",15625146NBR3282768,28/04/2026,10/08/2026,61,132713,"R$ 340,26"
7,DASS NORDESTE CALCADOS E ART ESPORT SA,137936,1027849,92568,ATAC. MR110012 8MM RECICLADO COR 4085/PET,115CM,15632090,"312,00",15625147NBR3282768,28/04/2026,10/08/2026,61,132713,"R$ 333,84"
7,DASS NORDESTE CALCADOS E ART ESPORT SA,137936,1027849,92568,ATAC. MR110012 8MM RECICLADO COR 4085/PET,115CM,15632090,"198,00",15625148NBR3282769,28/04/2026,10/08/2026,61,132713,"R$ 211,86"
7,DASS NORDESTE CALCADOS E ART ESPORT SA,137936,1027849,92568,ATAC. MR110012 8MM RECICLADO COR 4085/PET,115CM,15632090,"180,00",15625149NBR3282769,28/04/2026,10/08/2026,61,132713,"R$ 192,60"
7,DASS NORDESTE CALCADOS E ART ESPORT SA,137936,1027849,92568,ATAC. MR110012 8MM RECICLADO COR 4085/PET,115CM,15632090,"198,00",15625150NBR3282769,28/04/2026,10/08/2026,61,132713,"R$ 211,86"
7,DASS NORDESTE CALCADOS E ART ESPORT SA,137936,1027849,92568,ATAC. MR110012 8MM RECICLADO COR 4085/PET,120CM,15632090,"759,00",15625146NBR3282768,28/04/2026,10/08/2026,61,132713,"R$ 850,08"
7,DASS NORDESTE CALCADOS E ART ESPORT SA,137936,1027849,92568,ATAC. MR110012 8MM RECICLADO COR 4085/PET,120CM,15632090,"786,00",15625147NBR3282768,28/04/2026,10/08/2026,61,132713,"R$ 880,32"
7,DASS NORDESTE CALCADOS E ART ESPORT SA,137936,1027849,92568,ATAC. MR110012 8MM RECICLADO COR 4085/PET,120CM,15632090,"705,00",15625148NBR3282769,28/04/2026,10/08/2026,61,132713,"R$ 789,60"
7,DASS NORDESTE CALCADOS E ART ESPORT SA,137936,1027849,92568,ATAC. MR110012 8MM RECICLADO COR 4085/PET,120CM,15632090,"672,00",15625149NBR3282769,28/04/2026,10/08/2026,61,132713,"R$ 752,64"
7,DASS NORDESTE CALCADOS E ART ESPORT SA,137936,1027849,92568,ATAC. MR110012 8MM RECICLADO COR 4085/PET,120CM,15632090,"732,00",15625150NBR3282769,28/04/2026,10/08/2026,61,132713,"R$ 819,84"
7,DASS NORDESTE CALCADOS E ART ESPORT SA,137936,1304277,88668,ATAC. MR110022 7MM RECICLADO COR 4085/PET / COR 496/PET,110CM,15632090,"1.203,00",15625169NBR3282810,28/04/2026,10/08/2026,61,132713,"R$ 818,04"
7,DASS NORDESTE CALCADOS E ART ESPORT SA,137936,1304277,88668,ATAC. MR110022 7MM RECICLADO COR 4085/PET / COR 496/PET,110CM,15632090,"1.236,00",15625170NBR3282810,28/04/2026,10/08/2026,61,132713,"R$ 840,48"
7,DASS NORDESTE CALCADOS E ART ESPORT SA,137936,1304277,88668,ATAC. MR110022 7MM RECICLADO COR 4085/PET / COR 496/PET,115CM,15632090,"18,00",15625169NBR3282810,28/04/2026,10/08/2026,61,132713,"R$ 12,78"
7,DASS NORDESTE CALCADOS E ART ESPORT SA,137936,1304277,88668,ATAC. MR110022 7MM RECICLADO COR 4085/PET / COR 496/PET,115CM,15632090,"24,00",15625170NBR3282810,28/04/2026,10/08/2026,61,132713,"R$ 17,04"
7,DASS NORDESTE CALCADOS E ART ESPORT SA,137936,1408855,95027,ATAC. MR110022 7MM RECICLADO COR 4085/PET / COR 596/PET,110CM,15632090,"186,00",15625177NBR3282815,28/04/2026,10/08/2026,61,132713,"R$ 126,48"
7,DASS NORDESTE CALCADOS E ART ESPORT SA,137936,1408855,95027,ATAC. MR110022 7MM RECICLADO COR 4085/PET / COR 596/PET,110CM,15632090,"192,00",15625178NBR3282815,28/04/2026,10/08/2026,61,132713,"R$ 130,56"
7,DASS NORDESTE CALCADOS E ART ESPORT SA,137936,1408855,95027,ATAC. MR110022 7MM RECICLADO COR 4085/PET / COR 596/PET,115CM,15632090,"536,00",15625177NBR3282815,28/04/2026,10/08/2026,61,132713,"R$ 380,56"
7,DASS NORDESTE CALCADOS E ART ESPORT SA,137936,1408855,95027,ATAC. MR110022 7MM RECICLADO COR 4085/PET / COR 596/PET,115CM,15632090,"546,00",15625178NBR3282815,28/04/2026,10/08/2026,61,132713,"R$ 387,66"
7,DASS NORDESTE CALCADOS E ART ESPORT SA,137936,1408855,95027,ATAC. MR110022 7MM RECICLADO COR 4085/PET / COR 596/PET,120CM,15632090,"84,00",15625177NBR3282815,28/04/2026,10/08/2026,61,132713,"R$ 62,16"
7,DASS NORDESTE CALCADOS E ART ESPORT SA,137936,1408855,95027,ATAC. MR110022 7MM RECICLADO COR 4085/PET / COR 596/PET,120CM,15632090,"72,00",15625178NBR3282815,28/04/2026,10/08/2026,61,132713,"R$ 53,28"
7,DASS NORDESTE CALCADOS E ART ESPORT SA,138025,1332602,88808,ATAC. M12176 5MM POLIESTER COR 4085,105CM,15631890,"228,00",15612248NBR33292,29/04/2026,15/06/2026,5,132851,"R$ 159,60"
7,DASS NORDESTE CALCADOS E ART ESPORT SA,138025,1332602,88808,ATAC. M12176 5MM POLIESTER COR 4085,110CM,15631890,"644,00",15612248NBR33292,29/04/2026,15/06/2026,5,132851,"R$ 476,56"
7,DASS NORDESTE CALCADOS E ART ESPORT SA,138025,1332602,88808,ATAC. M12176 5MM POLIESTER COR 4085,115CM,15631890,"198,00",15612248NBR33292,29/04/2026,15/06/2026,5,132851,"R$ 152,46"
7,DASS NORDESTE CALCADOS E ART ESPORT SA,138025,1070873,76555,ATAC. MR130011 5MM RECICLADO COR 4085,90CM,15631890,"662,00",15612223NBR3282544,29/04/2026,15/06/2026,5,132851,"R$ 701,72"
7,DASS NORDESTE CALCADOS E ART ESPORT SA,138025,1070873,76555,ATAC. MR130011 5MM RECICLADO COR 4085,90CM,15631890,"696,00",15612224NBR3282544,29/04/2026,15/06/2026,5,132851,"R$ 737,76"
7,DASS NORDESTE CALCADOS E ART ESPORT SA,138025,1070873,76555,ATAC. MR130011 5MM RECICLADO COR 4085,95CM,15631890,"240,00",15612223NBR3282544,29/04/2026,15/06/2026,5,132851,"R$ 268,80"
7,DASS NORDESTE CALCADOS E ART ESPORT SA,138025,1070873,76555,ATAC. MR130011 5MM RECICLADO COR 4085,95CM,15631890,"240,00",15612224NBR3282544,29/04/2026,15/06/2026,5,132851,"R$ 268,80"
7,DASS NORDESTE CALCADOS E ART ESPORT SA,138025,1070873,76555,ATAC. MR130011 5MM RECICLADO COR 4085,105CM,15631890,"210,00",15612249NBR33281-A,29/04/2026,15/06/2026,5,132851,"R$ 260,40"
7,DASS NORDESTE CALCADOS E ART ESPORT SA,138025,1070873,76555,ATAC. MR130011 5MM RECICLADO COR 4085,105CM,15631890,"144,00",15612250NBR33281-B,29/04/2026,15/06/2026,5,132851,"R$ 178,56"
7,DASS NORDESTE CALCADOS E ART ESPORT SA,138025,1070873,76555,ATAC. MR130011 5MM RECICLADO COR 4085,105CM,15631890,"186,00",15612251NBR33281-C,29/04/2026,15/06/2026,5,132851,"R$ 230,64"
7,DASS NORDESTE CALCADOS E ART ESPORT SA,138025,1070873,76555,ATAC. MR130011 5MM RECICLADO COR 4085,110CM,15631890,"543,00",15612249NBR33281-A,29/04/2026,15/06/2026,5,132851,"R$ 705,90"
7,DASS NORDESTE CALCADOS E ART ESPORT SA,138025,1070873,76555,ATAC. MR130011 5MM RECICLADO COR 4085,110CM,15631890,"516,00",15612250NBR33281-B,29/04/2026,15/06/2026,5,132851,"R$ 670,80"
7,DASS NORDESTE CALCADOS E ART ESPORT SA,138025,1070873,76555,ATAC. MR130011 5MM RECICLADO COR 4085,110CM,15631890,"534,00",15612251NBR33281-C,29/04/2026,15/06/2026,5,132851,"R$ 694,20"
7,DASS NORDESTE CALCADOS E ART ESPORT SA,138025,1070873,76555,ATAC. MR130011 5MM RECICLADO COR 4085,115CM,15631890,"192,00",15612249NBR33281-A,29/04/2026,15/06/2026,5,132851,"R$ 261,12"
7,DASS NORDESTE CALCADOS E ART ESPORT SA,138025,1070873,76555,ATAC. MR130011 5MM RECICLADO COR 4085,115CM,15631890,"192,00",15612250NBR33281-B,29/04/2026,15/06/2026,5,132851,"R$ 261,12"
7,DASS NORDESTE CALCADOS E ART ESPORT SA,138025,1070873,76555,ATAC. MR130011 5MM RECICLADO COR 4085,115CM,15631890,"210,00",15612251NBR33281-C,29/04/2026,15/06/2026,5,132851,"R$ 285,60"
7,DASS NORDESTE CALCADOS E ART ESPORT SA,138025,1188919,82628,ATAC. MR140014 6MM RECICLADO COR 4085/PET,100CM,15631890,"192,00",15612242NBR3282648,29/04/2026,15/06/2026,5,132851,"R$ 234,24"
7,DASS NORDESTE CALCADOS E ART ESPORT SA,138025,1188919,82628,ATAC. MR140014 6MM RECICLADO COR 4085/PET,100CM,15631890,"222,00",15612243NBR3282648,29/04/2026,15/06/2026,5,132851,"R$ 270,84"
7,DASS NORDESTE CALCADOS E ART ESPORT SA,138025,1188919,82628,ATAC. MR140014 6MM RECICLADO COR 4085/PET,105CM,15631890,"228,00",15612233NBR3282594,29/04/2026,15/06/2026,5,132851,"R$ 291,84"
7,DASS NORDESTE CALCADOS E ART ESPORT SA,138025,1188919,82628,ATAC. MR140014 6MM RECICLADO COR 4085/PET,105CM,15631890,"252,00",15612234NBR3282594,29/04/2026,15/06/2026,5,132851,"R$ 322,56"
7,DASS NORDESTE CALCADOS E ART ESPORT SA,138025,1188919,82628,ATAC. MR140014 6MM RECICLADO COR 4085/PET,105CM,15631890,"168,00",15612237NBR3282597,29/04/2026,15/06/2026,5,132851,"R$ 215,04"
7,DASS NORDESTE CALCADOS E ART ESPORT SA,138025,1188919,82628,ATAC. MR140014 6MM RECICLADO COR 4085/PET,105CM,15631890,"204,00",15612238NBR3282597,29/04/2026,15/06/2026,5,132851,"R$ 261,12"
7,DASS NORDESTE CALCADOS E ART ESPORT SA,138025,1188919,82628,ATAC. MR140014 6MM RECICLADO COR 4085/PET,105CM,15631890,"180,00",15612239NBR3282607,29/04/2026,15/06/2026,5,132851,"R$ 230,40"
7,DASS NORDESTE CALCADOS E ART ESPORT SA,138025,1188919,82628,ATAC. MR140014 6MM RECICLADO COR 4085/PET,105CM,15631890,"198,00",15612240NBR3282607,29/04/2026,15/06/2026,5,132851,"R$ 253,44"
7,DASS NORDESTE CALCADOS E ART ESPORT SA,138025,1188919,82628,ATAC. MR140014 6MM RECICLADO COR 4085/PET,105CM,15631890,"336,00",15612253NBR3282646,29/04/2026,15/06/2026,5,132851,"R$ 430,08"
7,DASS NORDESTE CALCADOS E ART ESPORT SA,138025,1188919,82628,ATAC. MR140014 6MM RECICLADO COR 4085/PET,105CM,15631890,"734,00",15612242NBR3282648,29/04/2026,15/06/2026,5,132851,"R$ 939,52"
7,DASS NORDESTE CALCADOS E ART ESPORT SA,138025,1188919,82628,ATAC. MR140014 6MM RECICLADO COR 4085/PET,105CM,15631890,"762,00",15612243NBR3282648,29/04/2026,15/06/2026,5,132851,"R$ 975,36"
7,DASS NORDESTE CALCADOS E ART ESPORT SA,138025,1188919,82628,ATAC. MR140014 6MM RECICLADO COR 4085/PET,110CM,15631890,"548,00",15612233NBR3282594,29/04/2026,15/06/2026,5,132851,"R$ 734,32"
7,DASS NORDESTE CALCADOS E ART ESPORT SA,138025,1188919,82628,ATAC. MR140014 6MM RECICLADO COR 4085/PET,110CM,15631890,"558,00",15612234NBR3282594,29/04/2026,15/06/2026,5,132851,"R$ 747,72"
7,DASS NORDESTE CALCADOS E ART ESPORT SA,138025,1188919,82628,ATAC. MR140014 6MM RECICLADO COR 4085/PET,110CM,15631890,"506,00",15612237NBR3282597,29/04/2026,15/06/2026,5,132851,"R$ 678,04"
7,DASS NORDESTE CALCADOS E ART ESPORT SA,138025,1188919,82628,ATAC. MR140014 6MM RECICLADO COR 4085/PET,110CM,15631890,"504,00",15612238NBR3282597,29/04/2026,15/06/2026,5,132851,"R$ 675,36"
7,DASS NORDESTE CALCADOS E ART ESPORT SA,138025,1188919,82628,ATAC. MR140014 6MM RECICLADO COR 4085/PET,110CM,15631890,"506,00",15612239NBR3282607,29/04/2026,15/06/2026,5,132851,"R$ 678,04"
7,DASS NORDESTE CALCADOS E ART ESPORT SA,138025,1188919,82628,ATAC. MR140014 6MM RECICLADO COR 4085/PET,110CM,15631890,"510,00",15612240NBR3282607,29/04/2026,15/06/2026,5,132851,"R$ 683,40"
7,DASS NORDESTE CALCADOS E ART ESPORT SA,138025,1188919,82628,ATAC. MR140014 6MM RECICLADO COR 4085/PET,110CM,15631890,"800,00",15612253NBR3282646,29/04/2026,15/06/2026,5,132851,"R$ 1.072,00"
7,DASS NORDESTE CALCADOS E ART ESPORT SA,138025,1188919,82628,ATAC. MR140014 6MM RECICLADO COR 4085/PET,110CM,15631890,"18,00",15612242NBR3282648,29/04/2026,15/06/2026,5,132851,"R$ 24,12"
7,DASS NORDESTE CALCADOS E ART ESPORT SA,138025,1188919,82628,ATAC. MR140014 6MM RECICLADO COR 4085/PET,110CM,15631890,"12,00",15612243NBR3282648,29/04/2026,15/06/2026,5,132851,"R$ 16,08"
7,DASS NORDESTE CALCADOS E ART ESPORT SA,138025,1188919,82628,ATAC. MR140014 6MM RECICLADO COR 4085/PET,115CM,15631890,"144,00",15612233NBR3282594,29/04/2026,15/06/2026,5,132851,"R$ 201,60"
7,DASS NORDESTE CALCADOS E ART ESPORT SA,138025,1188919,82628,ATAC. MR140014 6MM RECICLADO COR 4085/PET,115CM,15631890,"150,00",15612234NBR3282594,29/04/2026,15/06/2026,5,132851,"R$ 210,00"
7,DASS NORDESTE CALCADOS E ART ESPORT SA,138025,1188919,82628,ATAC. MR140014 6MM RECICLADO COR 4085/PET,115CM,15631890,"144,00",15612237NBR3282597,29/04/2026,15/06/2026,5,132851,"R$ 201,60"
7,DASS NORDESTE CALCADOS E ART ESPORT SA,138025,1188919,82628,ATAC. MR140014 6MM RECICLADO COR 4085/PET,115CM,15631890,"162,00",15612238NBR3282597,29/04/2026,15/06/2026,5,132851,"R$ 226,80"
7,DASS NORDESTE CALCADOS E ART ESPORT SA,138025,1188919,82628,ATAC. MR140014 6MM RECICLADO COR 4085/PET,115CM,15631890,"144,00",15612239NBR3282607,29/04/2026,15/06/2026,5,132851,"R$ 201,60"
7,DASS NORDESTE CALCADOS E ART ESPORT SA,138025,1188919,82628,ATAC. MR140014 6MM RECICLADO COR 4085/PET,115CM,15631890,"162,00",15612240NBR3282607,29/04/2026,15/06/2026,5,132851,"R$ 226,80"
7,DASS NORDESTE CALCADOS E ART ESPORT SA,138025,1188919,82628,ATAC. MR140014 6MM RECICLADO COR 4085/PET,115CM,15631890,"216,00",15612253NBR3282646,29/4/2026,15/06/2026,5,132851,"R$ 302,40"
7,DASS NORDESTE CALCADOS E ART ESPORT SA,138025,1278311,86418,ATAC. MR140014 6MM RECICLADO COR 4662/PET,105CM,15631890,"216,00",15612241NBR3282571,29/4/2026,15/06/2026,5,132851,"R$ 276,48"
7,DASS NORDESTE CALCADOS E ART ESPORT SA,138025,1278311,86418,ATAC. MR140014 6MM RECICLADO COR 4662/PET,110CM,15631890,"776,00",15612241NBR3282571,29/4/2026,15/06/2026,5,132851,"R$ 1.039,84"
7,DASS NORDESTE CALCADOS E ART ESPORT SA,138025,1278311,86418,ATAC. MR140014 6MM RECICLADO COR 4662/PET,115CM,15631890,"168,00",15612241NBR3282571,29/4/2026,15/06/2026,5,132851,"R$ 235,20"
7,DASS NORDESTE CALCADOS E ART ESPORT SA,138025,1405625,94884,ATAC. MR140014 6MM RECICLADO COR 6149/PET,100CM,15631890,"240,00",15612254NBR3282636,29/4/2026,15/06/2026,5,132851,"R$ 292,80"
7,DASS NORDESTE CALCADOS E ART ESPORT SA,138025,1405625,94884,ATAC. MR140014 6MM RECICLADO COR 6149/PET,100CM,15631890,"264,00",15612255NBR3282636,29/4/2026,15/06/2026,5,132851,"R$ 322,08"
7,DASS NORDESTE CALCADOS E ART ESPORT SA,138025,1405625,94884,ATAC. MR140014 6MM RECICLADO COR 6149/PET,105CM,15631890,"855,00",15612254NBR3282636,29/4/2026,15/06/2026,5,132851,"R$ 1.094,40"
7,DASS NORDESTE CALCADOS E ART ESPORT SA,138025,1405625,94884,ATAC. MR140014 6MM RECICLADO COR 6149/PET,105CM,15631890,"888,00",15612255NBR3282636,29/4/2026,15/06/2026,5,132851,"R$ 1.136,64"
7,DASS NORDESTE CALCADOS E ART ESPORT SA,138025,1405625,94884,ATAC. MR140014 6MM RECICLADO COR 6149/PET,110CM,15631890,"42,00",15612254NBR3282636,29/4/2026,15/06/2026,5,132851,"R$ 56,28"
7,DASS NORDESTE CALCADOS E ART ESPORT SA,138025,1405625,94884,ATAC. MR140014 6MM RECICLADO COR 6149/PET,110CM,15631890,"24,00",15612255NBR3282636,29/4/2026,15/06/2026,5,132851,"R$ 32,16"
7,DASS NORDESTE CALCADOS E ART ESPORT SA,138025,1027849,92568,ATAC. MR110012 8MM RECICLADO COR 4085/PET,110CM,15631890,"588,00",15612227NBR3282779,29/4/2026,15/06/2026,5,132851,"R$ 599,76"
7,DASS NORDESTE CALCADOS E ART ESPORT SA,138025,1027849,92568,ATAC. MR110012 8MM RECICLADO COR 4085/PET,115CM,15631890,"174,00",15612221NBR3282772,29/4/2026,15/06/2026,5,132851,"R$ 186,18"
7,DASS NORDESTE CALCADOS E ART ESPORT SA,138025,1027849,92568,ATAC. MR110012 8MM RECICLADO COR 4085/PET,115CM,15631890,"192,00",15612222NBR3282772,29/4/2026,15/06/2026,5,132851,"R$ 205,44"
7,DASS NORDESTE CALCADOS E ART ESPORT SA,138025,1027849,92568,ATAC. MR110012 8MM RECICLADO COR 4085/PET,115CM,15631890,"878,00",15612227NBR3282779,29/4/2026,15/06/2026,5,132851,"R$ 939,46"
7,DASS NORDESTE CALCADOS E ART ESPORT SA,138025,1027849,92568,ATAC. MR110012 8MM RECICLADO COR 4085/PET,120CM,15631890,"668,00",15612221NBR3282772,29/4/2026,15/06/2026,5,132851,"R$ 748,16"
7,DASS NORDESTE CALCADOS E ART ESPORT SA,138025,1027849,92568,ATAC. MR110012 8MM RECICLADO COR 4085/PET,120CM,15631890,"696,00",15612222NBR3282772,29/4/2026,15/06/2026,5,132851,"R$ 779,52"
7,DASS NORDESTE CALCADOS E ART ESPORT SA,138025,1387938,95282,ATAC. MR110012 8MM POLIESTER COR 5472/PET,110CM,15631890,"582,00",15612261NBR3282781,29/4/2026,15/06/2026,5,132851,"R$ 593,64"
7,DASS NORDESTE CALCADOS E ART ESPORT SA,138025,1387938,95282,ATAC. MR110012 8MM POLIESTER COR 5472/PET,115CM,15631890,"818,00",15612261NBR3282781,29/4/2026,15/06/2026,5,132851,"R$ 875,26"
7,DASS NORDESTE CALCADOS E ART ESPORT SA,138026,1435014,95284,ATAC. MR140014 6MM RECICLADO COR 6182/PET,110CM,15636951,"918,00",15612271NBR33429-B,29/4/2026,15/06/2026,5,132852,"R$ 1.230,12"
7,DASS NORDESTE CALCADOS E ART ESPORT SA,138026,1435014,95284,ATAC. MR140014 6MM RECICLADO COR 6182/PET,115CM,15636951,"168,00",15612271NBR33429-B,29/4/2026,15/06/2026,5,132852,"R$ 235,20"
7,DASS NORDESTE CALCADOS E ART ESPORT SA,138027,1421357,95283,ATAC. MR140014 6MM RECICLADO COR 6180/PET,105CM,15636953,"96,00",15614180NBR3282633,29/4/2026,22/06/2026,12,132853,"R$ 122,88"
7,DASS NORDESTE CALCADOS E ART ESPORT SA,138027,1421357,95283,ATAC. MR140014 6MM RECICLADO COR 6180/PET,105CM,15636953,"102,00",15614181NBR3282633,29/4/2026,22/06/2026,12,132853,"R$ 130,56"
7,DASS NORDESTE CALCADOS E ART ESPORT SA,138027,1421357,95283,ATAC. MR140014 6MM RECICLADO COR 6180/PET,110CM,15636953,"795,00",15614180NBR3282633,29/4/2026,22/06/2026,12,132853,"R$ 1.065,30"
7,DASS NORDESTE CALCADOS E ART ESPORT SA,138027,1421357,95283,ATAC. MR140014 6MM RECICLADO COR 6180/PET,110CM,15636953,"810,00",15614181NBR3282633,29/4/2026,22/06/2026,12,132853,"R$ 1.085,40"
7,DASS NORDESTE CALCADOS E ART ESPORT SA,138027,1421357,95283,ATAC. MR140014 6MM RECICLADO COR 6180/PET,115CM,15636953,"288,00",15614180NBR3282633,29/4/2026,22/06/2026,12,132853,"R$ 403,20"
7,DASS NORDESTE CALCADOS E ART ESPORT SA,138027,1421357,95283,ATAC. MR140014 6MM RECICLADO COR 6180/PET,115CM,15636953,"312,00",15614181NBR3282633,29/4/2026,22/06/2026,12,132853,"R$ 436,80"
7,DASS NORDESTE CALCADOS E ART ESPORT SA,138028,1194659,82625,FITA MR100001 C/ GOMA RECICLADO COR 4593/PET,15MM,15638258,"420,00",0,29/4/2026,22/06/2026,12,132854,"R$ 474,60"
7,DASS NORDESTE CALCADOS E ART ESPORT SA,138028,965421,74014,FITA MFGP C/ GOMA POLIESTER COR 4085,10MM,15638258,"430,00",0,29/4/2026,22/06/2026,12,132854,"R$ 219,30"
7,DASS NORDESTE CALCADOS E ART ESPORT SA,138029,1200761,83738,FITA M32164 C/ GOMA POLIESTER COR 533,10MM,15638499,"170,00",0,29/4/2026,29/06/2026,19,132855,"R$ 119,00"
7,DASS NORDESTE CALCADOS E ART ESPORT SA,138029,1321458,88440,FITA MR100001 C/ GOMA RECICLADO COR 545,15MM,15638499,"240,00",0,29/4/2026,29/06/2026,19,132855,"R$ 271,20"
7,DASS NORDESTE CALCADOS E ART ESPORT SA,138029,1321457,88712,FITA MR100001 C/ GOMA RECICLADO COR 4252/PET,15MM,15638499,"550,00",0,29/4/2026,29/06/2026,19,132855,"R$ 621,50"
7,DASS NORDESTE CALCADOS E ART ESPORT SA,138029,1074423,74005,FITA MFGP C/ GOMA POLIESTER COR 4699,10MM,15638499,"60,00",0,29/4/2026,29/06/2026,19,132855,"R$ 30,60"
7,DASS NORDESTE CALCADOS E ART ESPORT SA,138029,965421,74014,FITA MFGP C/ GOMA POLIESTER COR 4085,10MM,15638499,"320,00",0,29/4/2026,29/06/2026,19,132855,"R$ 163,20"
7,DASS NORDESTE CALCADOS E ART ESPORT SA,138030,1435014,95284,ATAC. MR140014 6MM RECICLADO COR 6182/PET,105CM,15636954,"18,00",15621514NBR33423-A,29/4/2026,06/07/2026,26,132856,"R$ 23,04"
7,DASS NORDESTE CALCADOS E ART ESPORT SA,138030,1435014,95284,ATAC. MR140014 6MM RECICLADO COR 6182/PET,110CM,15636954,"1.005,00",15621512NBR33421-A,29/4/2026,06/07/2026,26,132856,"R$ 1.346,70"
7,DASS NORDESTE CALCADOS E ART ESPORT SA,138030,1435014,95284,ATAC. MR140014 6MM RECICLADO COR 6182/PET,110CM,15636954,"1.032,00",15621513NBR33421-B,29/4/2026,06/07/2026,26,132856,"R$ 1.382,88"
7,DASS NORDESTE CALCADOS E ART ESPORT SA,138030,1435014,95284,ATAC. MR140014 6MM RECICLADO COR 6182/PET,110CM,15636954,"632,00",15621514NBR33423-A,29/4/2026,06/07/2026,26,132856,"R$ 846,88"
7,DASS NORDESTE CALCADOS E ART ESPORT SA,138030,1435014,95284,ATAC. MR140014 6MM RECICLADO COR 6182/PET,110CM,15636954,"642,00",15621515NBR33423-B,29/4/2026,06/07/2026,26,132856,"R$ 860,28"
7,DASS NORDESTE CALCADOS E ART ESPORT SA,138030,1435014,95284,ATAC. MR140014 6MM RECICLADO COR 6182/PET,115CM,15636954,"72,00",15621512NBR33421-A,29/4/2026,06/07/2026,26,132856,"R$ 100,80"
7,DASS NORDESTE CALCADOS E ART ESPORT SA,138030,1435014,95284,ATAC. MR140014 6MM RECICLADO COR 6182/PET,115CM,15636954,"96,00",15621513NBR33421-B,29/4/2026,06/07/2026,26,132856,"R$ 134,40"
7,DASS NORDESTE CALCADOS E ART ESPORT SA,138030,1435014,95284,ATAC. MR140014 6MM RECICLADO COR 6182/PET,115CM,15636954,"120,00",15621514NBR33423-A,29/4/2026,06/07/2026,26,132856,"R$ 168,00"
7,DASS NORDESTE CALCADOS E ART ESPORT SA,138030,1435014,95284,ATAC. MR140014 6MM RECICLADO COR 6182/PET,115CM,15636954,"138,00",15621515NBR33423-B,29/4/2026,06/07/2026,26,132856,"R$ 193,20"
7,DASS NORDESTE CALCADOS E ART ESPORT SA,138031,1194659,82625,FITA MR100001 C/ GOMA RECICLADO COR 4593/PET,15MM,15638729,"970,00",0,29/4/2026,06/07/2026,26,132857,"R$ 1.096,10"
7,DASS NORDESTE CALCADOS E ART ESPORT SA,138031,965421,74014,FITA MFGP C/ GOMA POLIESTER COR 4085,10MM,15638729,"160,00",0,29/4/2026,06/07/2026,26,132857,"R$ 81,60"
7,DASS NORDESTE CALCADOS E ART ESPORT SA,138031,1405613,93405,FITA MFGP C/ GOMA POLIESTER COR 5519,10MM,15638729,"250,00",0,29/4/2026,06/07/2026,26,132857,"R$ 127,50"
7,DASS NORDESTE CALCADOS E ART ESPORT SA,138032,1421357,95283,ATAC. MR140014 6MM RECICLADO COR 6180/PET,105CM,15636955,"84,00",15622396NBR3282726,29/4/2026,13/07/2026,33,132858,"R$ 107,52"
7,DASS NORDESTE CALCADOS E ART ESPORT SA,138032,1421357,95283,ATAC. MR140014 6MM RECICLADO COR 6180/PET,105CM,15636955,"102,00",15622397NBR3282726,29/4/2026,13/07/2026,33,132858,"R$ 130,56"
7,DASS NORDESTE CALCADOS E ART ESPORT SA,138032,1421357,95283,ATAC. MR140014 6MM RECICLADO COR 6180/PET,110CM,15636955,"578,00",15622396NBR3282726,29/4/2026,13/07/2026,33,132858,"R$ 774,52"
7,DASS NORDESTE CALCADOS E ART ESPORT SA,138032,1421357,95283,ATAC. MR140014 6MM RECICLADO COR 6180/PET,110CM,15636955,"576,00",15622397NBR3282726,29/4/2026,13/07/2026,33,132858,"R$ 771,84"
7,DASS NORDESTE CALCADOS E ART ESPORT SA,138032,1421357,95283,ATAC. MR140014 6MM RECICLADO COR 6180/PET,115CM,15636955,"216,00",15622396NBR3282726,29/4/2026,13/07/2026,33,132858,"R$ 302,40"
7,DASS NORDESTE CALCADOS E ART ESPORT SA,138032,1421357,95283,ATAC. MR140014 6MM RECICLADO COR 6180/PET,115CM,15636955,"216,00",15622397NBR3282726,29/4/2026,13/07/2026,33,132858,"R$ 302,40"
7,DASS NORDESTE CALCADOS E ART ESPORT SA,138033,1408914,94118,FITA MR100001 C/ GOMA RECICLADO COR 5298/PET,15MM,15638961,"590,00",0,29/4/2026,13/07/2026,33,132859,"R$ 483,80"
7,DASS NORDESTE CALCADOS E ART ESPORT SA,138033,1074423,74005,FITA MFGP C/ GOMA POLIESTER COR 4699,10MM,15638961,"140,00",0,29/4/2026,13/07/2026,33,132859,"R$ 71,40"
7,DASS NORDESTE CALCADOS E ART ESPORT SA,138033,965421,74014,FITA MFGP C/ GOMA POLIESTER COR 4085,10MM,15638961,"300,00",0,29/4/2026,13/07/2026,33,132859,"R$ 153,00"
7,DASS NORDESTE CALCADOS E ART ESPORT SA,138081,1181716,74237,FITA MR100001 C/ GOMA RECICLADO COR 4085/PET,15MM,15639670,"210,00",0,30/4/2026,20/07/2026,40,132892,"R$ 237,30"
7,DASS NORDESTE CALCADOS E ART ESPORT SA,138081,1321457,88712,FITA MR100001 C/ GOMA RECICLADO COR 4252/PET,15MM,15639670,"460,00",0,30/4/2026,20/07/2026,40,132892,"R$ 519,80"
7,DASS NORDESTE CALCADOS E ART ESPORT SA,138081,965421,74014,FITA MFGP C/ GOMA POLIESTER COR 4085,10MM,15639670,"400,00",0,30/4/2026,20/07/2026,40,132892,"R$ 204,00"
7,DASS NORDESTE CALCADOS E ART ESPORT SA,138082,1181716,74237,FITA MR100001 C/ GOMA RECICLADO COR 4085/PET,15MM,15640459,"540,00",0,30/4/2026,27/07/2026,47,132893,"R$ 610,20"
7,DASS NORDESTE CALCADOS E ART ESPORT SA,138082,1321457,88712,FITA MR100001 C/ GOMA RECICLADO COR 4252/PET,15MM,15640459,"270,00",0,30/4/2026,27/07/2026,47,132893,"R$ 305,10"
7,DASS NORDESTE CALCADOS E ART ESPORT SA,138082,965421,74014,FITA MFGP C/ GOMA POLIESTER COR 4085,10MM,15640459,"320,00",0,30/4/2026,27/07/2026,47,132893,"R$ 163,20"
7,DASS NORDESTE CALCADOS E ART ESPORT SA,138083,1408914,94118,FITA MR100001 C/ GOMA RECICLADO COR 5298/PET,15MM,15640485,"280,00",0,30/4/2026,03/08/2026,54,132894,"R$ 229,60"
7,DASS NORDESTE CALCADOS E ART ESPORT SA,138083,1074423,74005,FITA MFGP C/ GOMA POLIESTER COR 4699,10MM,15640485,"110,00",0,30/4/2026,03/08/2026,54,132894,"R$ 56,10"
7,DASS NORDESTE CALCADOS E ART ESPORT SA,138131,1405837,95280,FITA MR100005 C/ GOMA RECICLADO COR 6162/PET,10MM,15637853,"300,00",0,30/4/2026,15/06/2026,5,132931,"R$ 240,00"
7,DASS NORDESTE CALCADOS E ART ESPORT SA,138131,1409051,95303,FITA MR100005 C/ GOMA RECICLADO COR 6142/PET,10MM,15637853,"210,00",0,30/4/2026,15/06/2026,5,132931,"R$ 168,00"
7,DASS NORDESTE CALCADOS E ART ESPORT SA,138131,965421,74014,FITA MFGP C/ GOMA POLIESTER COR 4085,10MM,15637853,"460,00",0,30/4/2026,15/06/2026,5,132931,"R$ 234,60"
7,DASS NORDESTE CALCADOS E ART ESPORT SA,138133,1316829,87946,FITA M31119 C/ GOMA POLIESTER COR 100/ COR 5535/ COR 102,16MM,15640630,"350,00",0,30/4/2026,22/06/2026,12,132933,"R$ 280,00"
7,DASS NORDESTE CALCADOS E ART ESPORT SA,138133,1320158,91407,FITA M31119 C/ GOMA POLIESTER COR 324 / COR 5508 / COR 5508,16MM,15640630,"420,00",0,30/4/2026,22/06/2026,12,132933,"R$ 336,00"
7,DASS NORDESTE CALCADOS E ART ESPORT SA,138133,1353470,92963,FITA M31119 C/ GOMA POLIESTER COR 102 / COR 100 / COR 100,16MM,15640630,"770,00",0,30/4/2026,22/06/2026,12,132933,"R$ 616,00"
7,DASS NORDESTE CALCADOS E ART ESPORT SA,138133,1416744,95300,FITA M31119 C/ GOMA POLIESTER COR 814 / COR 100 / COR 100,16MM,15640630,"490,00",0,30/4/2026,22/06/2026,12,132933,"R$ 392,00"
7,DASS NORDESTE CALCADOS E ART ESPORT SA,138134,1316829,87946,FITA M31119 C/ GOMA POLIESTER COR 100/ COR 5535/ COR 102,16MM,15640584,"730,00",0,30/4/2026,29/06/2026,19,132934,"R$ 584,00"
7,DASS NORDESTE CALCADOS E ART ESPORT SA,138134,1353470,92963,FITA M31119 C/ GOMA POLIESTER COR 102 / COR 100 / COR 100,16MM,15640584,"160,00",0,30/4/2026,29/06/2026,19,132934,"R$ 128,00"
7,DASS NORDESTE CALCADOS E ART ESPORT SA,138134,1416908,95301,FITA M31119 C/ GOMA POLIESTER COR 6038 / COR 5508 / COR 5508,16MM,15640584,"730,00",0,30/4/2026,29/06/2026,19,132934,"R$ 584,00"
7,DASS NORDESTE CALCADOS E ART ESPORT SA,138463,1316829,87946,FITA M31119 C/ GOMA POLIESTER COR 100/ COR 5535/ COR 102,16MM,15693549,"140,00",0,12/5/2026,29/06/2026,19,133261,"R$ 112,00"
7,DASS NORDESTE CALCADOS E ART ESPORT SA,138514,1271908,86226,FITA M32207 C/ GOMA POLIESTER COR 100 / COR 5535 / COR 100,15MM,15705111,"110,00",0,14/5/2026,22/06/2026,12,133319,"R$ 130,90"
7,DASS NORDESTE CALCADOS E ART ESPORT SA,138514,1287981,87581,FITA M41476 C/ GOMA POLIESTER COR 102 / COR 5508,12MM,15705111,"640,00",0,14/5/2026,22/06/2026,12,133319,"R$ 428,80"
7,DASS NORDESTE CALCADOS E ART ESPORT SA,138514,1356824,90475,FITA M41476 C/ GOMA POLIESTER COR 5508 / COR 102,12MM,15705111,"70,00",0,14/5/2026,22/06/2026,12,133319,"R$ 46,90"
7,DASS NORDESTE CALCADOS E ART ESPORT SA,138514,1394708,92487,FITA M41476 C/ GOMA POLIESTER COR 114 / COR 599,12MM,15705111,"250,00",0,14/5/2026,22/06/2026,12,133319,"R$ 167,50"
7,DASS NORDESTE CALCADOS E ART ESPORT SA,138514,898941,70164,FITA MFGP C/ GOMA POLIESTER COR 100,12MM,15705111,"100,00",0,14/5/2026,22/06/2026,12,133319,"R$ 62,00"
7,DASS NORDESTE CALCADOS E ART ESPORT SA,138514,1072623,73522,FITA MFGP C/ GOMA POLIESTER COR 057,8MM,15705111,"50,00",0,14/5/2026,22/06/2026,12,133319,"R$ 21,00"
7,DASS NORDESTE CALCADOS E ART ESPORT SA,138514,902057,73522,FITA MFGP C/ GOMA POLIESTER COR 057,15MM,15705111,"90,00",0,14/5/2026,22/06/2026,12,133319,"R$ 70,20"
7,DASS NORDESTE CALCADOS E ART ESPORT SA,138514,1104264,74030,FITA MFGP C/ GOMA POLIESTER COR 114,8MM,15705111,"70,00",0,14/5/2026,22/06/2026,12,133319,"R$ 29,40"
7,DASS NORDESTE CALCADOS E ART ESPORT SA,138514,1313443,77716,FITA MFGP C/ GOMA POLIESTER COR 056,10MM,15705111,"80,00",0,14/5/2026,22/06/2026,12,133319,"R$ 40,80"
7,DASS NORDESTE CALCADOS E ART ESPORT SA,138514,1146621,78187,FITA MFGP C/ GOMA POLIESTER COR 053,8MM,15705111,"150,00",0,14/5/2026,22/06/2026,12,133319,"R$ 63,00"
7,DASS NORDESTE CALCADOS E ART ESPORT SA,138514,1359678,92233,FITA MFGP C/ GOMA POLIESTER COR 5834,8MM,15705111,"50,00",0,14/5/2026,22/06/2026,12,133319,"R$ 21,00"
7,DASS NORDESTE CALCADOS E ART ESPORT SA,138514,1397653,92488,FITA MFGP C/ GOMA POLIESTER COR 6001,15MM,15705111,"80,00",0,14/5/2026,22/06/2026,12,133319,"R$ 62,40"
7,DASS NORDESTE CALCADOS E ART ESPORT SA,138514,1397608,92684,FITA MFGP C/ GOMA POLIESTER COR 5982,10MM,15705111,"90,00",0,14/5/2026,22/06/2026,12,133319,"R$ 45,90"
7,DASS NORDESTE CALCADOS E ART ESPORT SA,138515,1104264,74030,FITA MFGP C/ GOMA POLIESTER COR 114,8MM,15705103,"60,00",0,14/5/2026,13/07/2026,33,133320,"R$ 25,20"
7,DASS NORDESTE CALCADOS E ART ESPORT SA,138515,1360138,90526,FITA MFGP C/ GOMA POLIESTER COR 186,8MM,15705103,"70,00",0,14/5/2026,13/07/2026,33,133320,"R$ 29,40"
7,DASS NORDESTE CALCADOS E ART ESPORT SA,138515,1320254,91023,FITA M31119 C/ GOMA POLIESTER COR 114 / COR 100 / COR 100,16MM,15705103,"60,00",0,14/5/2026,13/07/2026,33,133320,"R$ 48,00"
7,DASS NORDESTE CALCADOS E ART ESPORT SA,138515,1360126,92964,FITA M31119 C/ GOMA POLIESTER COR 186 / COR 5508 / COR 5508,16MM,15705103,"70,00",0,14/5/2026,13/07/2026,33,133320,"R$ 56,00"
7,DASS NORDESTE CALCADOS E ART ESPORT SA,138515,1416908,95301,FITA M31119 C/ GOMA POLIESTER COR 6038 / COR 5508 / COR 5508,16MM,15705103,"270,00",0,14/5/2026,13/07/2026,33,133320,"R$ 216,00"
7,DASS NORDESTE CALCADOS E ART ESPORT SA,138515,1416741,95302,FITA M31119 C/ GOMA POLIESTER COR 102 / COR 5508 / COR 5508,16MM,15705103,"590,00",0,14/5/2026,13/07/2026,33,133320,"R$ 472,00"
7,DASS NORDESTE CALCADOS E ART ESPORT SA,138516,1104264,74030,FITA MFGP C/ GOMA POLIESTER COR 114,8MM,15705097,"240,00",0,14/5/2026,20/07/2026,40,133321,"R$ 100,80"
7,DASS NORDESTE CALCADOS E ART ESPORT SA,138516,1320254,91023,FITA M31119 C/ GOMA POLIESTER COR 114 / COR 100 / COR 100,16MM,15705097,"270,00",0,14/5/2026,20/07/2026,40,133321,"R$ 216,00"
7,DASS NORDESTE CALCADOS E ART ESPORT SA,138516,1416908,95301,FITA M31119 C/ GOMA POLIESTER COR 6038 / COR 5508 / COR 5508,16MM,15705097,"120,00",0,14/5/2026,20/07/2026,40,133321,"R$ 96,00"
7,DASS NORDESTE CALCADOS E ART ESPORT SA,138521,1287984,89070,FITA M41476 C/ GOMA POLIESTER COR 114/ COR 5508,12MM,15705107,"120,00",0,14/5/2026,29/06/2026,19,133322,"R$ 80,40"
7,DASS NORDESTE CALCADOS E ART ESPORT SA,138521,1356826,90356,FITA M41476 C/ GOMA POLIESTER COR 100 / COR 102,12MM,15705107,"240,00",0,14/5/2026,29/06/2026,19,133322,"R$ 160,80"
7,DASS NORDESTE CALCADOS E ART ESPORT SA,138521,1356830,90932,FITA M41476 C/ GOMA POLIESTER COR 5855 / COR 114,12MM,15705107,"290,00",0,14/5/2026,29/06/2026,19,133322,"R$ 194,30"
7,DASS NORDESTE CALCADOS E ART ESPORT SA,138521,1287983,95045,FITA M41476 C/ GOMA POLIESTER COR 100 / COR 5508,12MM,15705107,"340,00",0,14/5/2026,29/06/2026,19,133322,"R$ 227,80"
7,DASS NORDESTE CALCADOS E ART ESPORT SA,138521,783896,70164,FITA MFGP C/ GOMA POLIESTER COR 100,15MM,15705107,"700,00",0,14/5/2026,29/06/2026,19,133322,"R$ 546,00"
7,DASS NORDESTE CALCADOS E ART ESPORT SA,138521,975119,76910,FITA MFGP C/ GOMA POLIESTER COR 263,15MM,15705107,"330,00",0,14/5/2026,29/06/2026,19,133322,"R$ 257,40"
7,DASS NORDESTE CALCADOS E ART ESPORT SA,138521,1146621,78187,FITA MFGP C/ GOMA POLIESTER COR 053,8MM,15705107,"640,00",0,14/5/2026,29/06/2026,19,133322,"R$ 268,80"
7,DASS NORDESTE CALCADOS E ART ESPORT SA,138521,1387454,84574,FITA MFGP C/ GOMA POLIESTER COR 4039,15MM,15705107,"170,00",0,14/5/2026,29/06/2026,19,133322,"R$ 132,60"
7,DASS NORDESTE CALCADOS E ART ESPORT SA,138521,1268009,86031,FITA MFGP C/ GOMA POLIESTER COR 5512,12MM,15705107,"170,00",0,14/5/2026,29/06/2026,19,133322,"R$ 105,40"
7,DASS NORDESTE CALCADOS E ART ESPORT SA,138521,1314368,87520,FITA MFGP C/ GOMA POLIESTER COR 324,12MM,15705107,"90,00",0,14/5/2026,29/06/2026,19,133322,"R$ 55,80"
7,DASS NORDESTE CALCADOS E ART ESPORT SA,138521,1387456,92181,FITA MFGP C/ GOMA POLIESTER COR 5094,15MM,15705107,"240,00",0,14/5/2026,29/06/2026,19,133322,"R$ 187,20"
7,DASS NORDESTE CALCADOS E ART ESPORT SA,138521,1409206,93274,FITA MFGP C/ GOMA POLIESTER COR 458,12MM,15705107,"80,00",0,14/5/2026,29/06/2026,19,133322,"R$ 49,60"
7,DASS NORDESTE CALCADOS E ART ESPORT SA,138521,1385046,93286,FITA MFGP C/ GOMA POLIESTER COR 6038,12MM,15705107,"80,00",0,14/5/2026,29/06/2026,19,133322,"R$ 49,60"
7,DASS NORDESTE CALCADOS E ART ESPORT SA,138521,1409207,93287,FITA MFGP C/ GOMA POLIESTER COR 5758,12MM,15705107,"90,00",0,14/5/2026,29/06/2026,19,133322,"R$ 55,80"
7,DASS NORDESTE CALCADOS E ART ESPORT SA,138521,1316829,87946,FITA M31119 C/ GOMA POLIESTER COR 100/ COR 5535/ COR 102,16MM,15705107,"170,00",0,14/5/2026,29/06/2026,19,133322,"R$ 136,00"
7,DASS NORDESTE CALCADOS E ART ESPORT SA,138521,1320199,95176,FITA M31119 C/ GOMA POLIESTER COR 053 / COR 114 / COR 114,16MM,15705107,"690,00",0,14/5/2026,29/06/2026,19,133322,"R$ 552,00"
7,DASS NORDESTE CALCADOS E ART ESPORT SA,138521,1416938,95491,FITA M31119 C/ GOMA POLIESTER COR 6001 / COR 5508 / COR 5508,16MM,15705107,"350,00",0,14/5/2026,29/06/2026,19,133322,"R$ 280,00"
7,DASS NORDESTE CALCADOS E ART ESPORT SA,138522,112354,71376,FITA MFGP C/ GOMA POLIESTER COR 102,8MM,15705105,"200,00",0,14/5/2026,06/07/2026,26,133323,"R$ 84,00"
7,DASS NORDESTE CALCADOS E ART ESPORT SA,138522,1104263,74279,FITA MFGP C/ GOMA POLIESTER COR 447,8MM,15705105,"200,00",0,14/5/2026,06/07/2026,26,133323,"R$ 84,00"
7,DASS NORDESTE CALCADOS E ART ESPORT SA,138522,1316829,87946,FITA M31119 C/ GOMA POLIESTER COR 100/ COR 5535/ COR 102,16MM,15705105,"790,00",0,14/5/2026,06/07/2026,26,133323,"R$ 632,00"
7,DASS NORDESTE CALCADOS E ART ESPORT SA,138522,1353470,92963,FITA M31119 C/ GOMA POLIESTER COR 102 / COR 100 / COR 100,16MM,15705105,"210,00",0,14/5/2026,06/07/2026,26,133323,"R$ 168,00"
7,DASS NORDESTE CALCADOS E ART ESPORT SA,138522,1320199,95176,FITA M31119 C/ GOMA POLIESTER COR 053 / COR 114 / COR 114,16MM,15705105,"700,00",0,14/5/2026,06/07/2026,26,133323,"R$ 560,00"
7,DASS NORDESTE CALCADOS E ART ESPORT SA,138522,1406217,95486,FITA M31119 C/ GOMA POLIESTER COR 447 / COR 100 / COR 100,16MM,15705105,"220,00",0,14/5/2026,06/07/2026,26,133323,"R$ 176,00"
7,DASS NORDESTE CALCADOS E ART ESPORT SA,138522,1353472,95487,FITA M31119 C/ GOMA POLIESTER COR 5703 / COR 114 / COR 114,16MM,15705105,"620,00",0,14/5/2026,06/07/2026,26,133323,"R$ 496,00"
7,DASS NORDESTE CALCADOS E ART ESPORT SA,138523,1423777,95490,ATAC. M60132 ALPINA COR 2001,125CM,15705126,"324,00",15693930BR314562-B,14/5/2026,06/07/2026,26,133324,"R$ 324,00"
7,DASS NORDESTE CALCADOS E ART ESPORT SA,138523,1423777,95490,ATAC. M60132 ALPINA COR 2001,135CM,15705126,"444,00",15693931BR314556-A,14/5/2026,06/07/2026,26,133324,"R$ 479,52"
7,DASS NORDESTE CALCADOS E ART ESPORT SA,138523,1423777,95490,ATAC. M60132 ALPINA COR 2001,135CM,15705126,"444,00",15693932BR314556-B,14/5/2026,06/07/2026,26,133324,"R$ 479,52"
7,DASS NORDESTE CALCADOS E ART ESPORT SA,138523,1423777,95490,ATAC. M60132 ALPINA COR 2001,135CM,15705126,"696,00",15693935BR314557,14/5/2026,06/07/2026,26,133324,"R$ 751,68"
7,DASS NORDESTE CALCADOS E ART ESPORT SA,138523,1423777,95490,ATAC. M60132 ALPINA COR 2001,135CM,15705126,"444,00",15693930BR314562-B,14/5/2026,06/07/2026,26,133324,"R$ 479,52"
7,DASS NORDESTE CALCADOS E ART ESPORT SA,138523,1423777,95490,ATAC. M60132 ALPINA COR 2001,145CM,15705126,"288,00",15693931BR314556-A,14/5/2026,06/07/2026,26,133324,"R$ 334,08"
7,DASS NORDESTE CALCADOS E ART ESPORT SA,138523,1423777,95490,ATAC. M60132 ALPINA COR 2001,145CM,15705126,"288,00",15693932BR314556-B,14/5/2026,06/07/2026,26,133324,"R$ 334,08"
7,DASS NORDESTE CALCADOS E ART ESPORT SA,138523,1423777,95490,ATAC. M60132 ALPINA COR 2001,145CM,15705126,"384,00",15693935BR314557,14/5/2026,06/07/2026,26,133324,"R$ 445,44"
7,DASS NORDESTE CALCADOS E ART ESPORT SA,138524,1423776,95488,ATAC. M60132 ALPINA COR 2000,125CM,15705121,"312,00",15693927BR314561-A,14/5/2026,13/07/2026,33,133325,"R$ 312,00"
7,DASS NORDESTE CALCADOS E ART ESPORT SA,138524,1423776,95488,ATAC. M60132 ALPINA COR 2000,125CM,15705121,"324,00",15693928BR314561-B,14/5/2026,13/07/2026,33,133325,"R$ 324,00"
7,DASS NORDESTE CALCADOS E ART ESPORT SA,138524,1423776,95488,ATAC. M60132 ALPINA COR 2000,135CM,15705121,"636,00",15693922BR314555,14/5/2026,13/07/2026,33,133325,"R$ 686,88"
7,DASS NORDESTE CALCADOS E ART ESPORT SA,138524,1423776,95488,ATAC. M60132 ALPINA COR 2000,135CM,15705121,"432,00",15693927BR314561-A,14/5/2026,13/07/2026,33,133325,"R$ 466,56"
7,DASS NORDESTE CALCADOS E ART ESPORT SA,138524,1423776,95488,ATAC. M60132 ALPINA COR 2000,135CM,15705121,"444,00",15693928BR314561-B,14/5/2026,13/07/2026,33,133325,"R$ 479,52"
7,DASS NORDESTE CALCADOS E ART ESPORT SA,138524,1423776,95488,ATAC. M60132 ALPINA COR 2000,145CM,15705121,"372,00",15693922BR314555,14/5/2026,13/07/2026,33,133325,"R$ 431,52"
7,DASS NORDESTE CALCADOS E ART ESPORT SA,138539,1423777,95490,ATAC. M60132 ALPINA COR 2001,135CM,15707033,"240,00",15689051ARG201916,14/5/2026,15/06/2026,5,133343,"R$ 259,20"
7,DASS NORDESTE CALCADOS E ART ESPORT SA,138539,1423777,95490,ATAC. M60132 ALPINA COR 2001,135CM,15707033,"258,00",15689052EXP000033,14/5/2026,15/06/2026,5,133343,"R$ 278,64"
7,DASS NORDESTE CALCADOS E ART ESPORT SA,138539,1423777,95490,ATAC. M60132 ALPINA COR 2001,145CM,15707033,"96,00",15689051ARG201916,14/5/2026,15/06/2026,5,133343,"R$ 111,36"
7,DASS NORDESTE CALCADOS E ART ESPORT SA,138539,1423777,95490,ATAC. M60132 ALPINA COR 2001,145CM,15707033,"102,00",15689052EXP000033,14/5/2026,15/06/2026,5,133343,"R$ 118,32"
7,DASS NORDESTE CALCADOS E ART ESPORT SA,138540,1175750,76014,ATAC. M13723 6MM POLIESTER COR 057,90CM,15707029,"96,00",15692988FIL001456,14/5/2026,22/06/2026,12,133344,"R$ 51,84"
7,DASS NORDESTE CALCADOS E ART ESPORT SA,138540,1175750,76014,ATAC. M13723 6MM POLIESTER COR 057,100CM,15707029,"240,00",15692988FIL001456,14/5/2026,22/06/2026,12,133344,"R$ 144,00"
7,DASS NORDESTE CALCADOS E ART ESPORT SA,138540,1175750,76014,ATAC. M13723 6MM POLIESTER COR 057,110CM,15707029,"372,00",15692988FIL001456,14/5/2026,22/06/2026,12,133344,"R$ 245,52"
7,DASS NORDESTE CALCADOS E ART ESPORT SA,138540,1175396,75595,ATAC. M13725 6MM POLIESTER COR 100,110CM,15707029,"120,00",15692981BR314617,14/5/2026,22/06/2026,12,133344,"R$ 96,00"
7,DASS NORDESTE CALCADOS E ART ESPORT SA,138540,1175396,75595,ATAC. M13725 6MM POLIESTER COR 100,120CM,15707029,"288,00",15692979BR314588,14/5/2026,22/06/2026,12,133344,"R$ 253,44"
7,DASS NORDESTE CALCADOS E ART ESPORT SA,138540,1175396,75595,ATAC. M13725 6MM POLIESTER COR 100,120CM,15707029,"288,00",15692981BR314617,14/5/2026,22/06/2026,12,133344,"R$ 253,44"
7,DASS NORDESTE CALCADOS E ART ESPORT SA,138540,1175396,75595,ATAC. M13725 6MM POLIESTER COR 100,130CM,15707029,"432,00",15692979BR314588,14/5/2026,22/06/2026,12,133344,"R$ 410,40"
7,DASS NORDESTE CALCADOS E ART ESPORT SA,138540,1387899,95198,ATAC. M13725 6MM POLIESTER COR 5998,110CM,15707029,"288,00",15692980BR314616,14/5/2026,22/06/2026,12,133344,"R$ 230,40"
7,DASS NORDESTE CALCADOS E ART ESPORT SA,138540,1387899,95198,ATAC. M13725 6MM POLIESTER COR 5998,120CM,15707029,"312,00",15692978BR314587,14/5/2026,22/06/2026,12,133344,"R$ 274,56"
7,DASS NORDESTE CALCADOS E ART ESPORT SA,138540,1387899,95198,ATAC. M13725 6MM POLIESTER COR 5998,120CM,15707029,"432,00",15692980BR314616,14/5/2026,22/06/2026,12,133344,"R$ 380,16"
7,DASS NORDESTE CALCADOS E ART ESPORT SA,138540,1387899,95198,ATAC. M13725 6MM POLIESTER COR 5998,130CM,15707029,"420,00",15692978BR314587,14/5/2026,22/06/2026,12,133344,"R$ 399,00"
7,DASS NORDESTE CALCADOS E ART ESPORT SA,138540,1326676,94064,ATAC. M22013 6MM POLIESTER COR 5535 / COR 263,130CM,15707029,"252,00",15692966BR314606,14/5/2026,22/06/2026,12,133344,"R$ 325,08"
7,DASS NORDESTE CALCADOS E ART ESPORT SA,138540,1326676,94064,ATAC. M22013 6MM POLIESTER COR 5535 / COR 263,140CM,15707029,"156,00",15692966BR314606,14/5/2026,22/06/2026,12,133344,"R$ 216,84"
7,DASS NORDESTE CALCADOS E ART ESPORT SA,138540,1051608,73819,ATAC. M21020 8MM POLIESTER COR 114,110CM,15707029,"240,00",15693001BR314545,14/5/2026,22/06/2026,12,133344,"R$ 201,60"
7,DASS NORDESTE CALCADOS E ART ESPORT SA,138540,1051608,73819,ATAC. M21020 8MM POLIESTER COR 114,120CM,15707029,"156,00",15692997BR314540,14/5/2026,22/06/2026,12,133344,"R$ 141,96"
7,DASS NORDESTE CALCADOS E ART ESPORT SA,138540,1051608,73819,ATAC. M21020 8MM POLIESTER COR 114,120CM,15707029,"240,00",15693001BR314545,14/5/2026,22/06/2026,12,133344,"R$ 218,40"
7,DASS NORDESTE CALCADOS E ART ESPORT SA,138540,1051608,73819,ATAC. M21020 8MM POLIESTER COR 114,130CM,15707029,"324,00",15692997BR314540,14/5/2026,22/06/2026,12,133344,"R$ 320,76"
7,DASS NORDESTE CALCADOS E ART ESPORT SA,138540,813449,73822,ATAC. M21020 8MM POLIESTER COR 102,110CM,15707029,"240,00",15692999BR314543,14/5/2026,22/06/2026,12,133344,"R$ 201,60"
7,DASS NORDESTE CALCADOS E ART ESPORT SA,138540,813449,73822,ATAC. M21020 8MM POLIESTER COR 102,110CM,15707029,"168,00",15693000BR314544,14/5/2026,22/06/2026,12,133344,"R$ 141,12"
7,DASS NORDESTE CALCADOS E ART ESPORT SA,138540,813449,73822,ATAC. M21020 8MM POLIESTER COR 102,120CM,15707029,"156,00",15692995BR314538,14/5/2026,22/06/2026,12,133344,"R$ 141,96"
7,DASS NORDESTE CALCADOS E ART ESPORT SA,138540,813449,73822,ATAC. M21020 8MM POLIESTER COR 102,120CM,15707029,"120,00",15692996BR314539,14/5/2026,22/06/2026,12,133344,"R$ 109,20"
7,DASS NORDESTE CALCADOS E ART ESPORT SA,138540,813449,73822,ATAC. M21020 8MM POLIESTER COR 102,120CM,15707029,"240,00",15692999BR314543,14/5/2026,22/06/2026,12,133344,"R$ 218,40"
7,DASS NORDESTE CALCADOS E ART ESPORT SA,138540,813449,73822,ATAC. M21020 8MM POLIESTER COR 102,120CM,15707029,"168,00",15693000BR314544,14/5/2026,22/06/2026,12,133344,"R$ 152,88"
7,DASS NORDESTE CALCADOS E ART ESPORT SA,138540,813449,73822,ATAC. M21020 8MM POLIESTER COR 102,130CM,15707029,"324,00",15692995BR314538,14/5/2026,22/06/2026,12,133344,"R$ 320,76"
7,DASS NORDESTE CALCADOS E ART ESPORT SA,138540,813449,73822,ATAC. M21020 8MM POLIESTER COR 102,130CM,15707029,"228,00",15692996BR314539,14/5/2026,22/06/2026,12,133344,"R$ 225,72"
7,DASS NORDESTE CALCADOS E ART ESPORT SA,138540,1397060,94668,ATAC. M21020 8MM POLIESTER COR 788,110CM,15707029,"216,00",15693002BR314546,14/5/2026,22/06/2026,12,133344,"R$ 181,44"
7,DASS NORDESTE CALCADOS E ART ESPORT SA,138540,1397060,94668,ATAC. M21020 8MM POLIESTER COR 788,120CM,15707029,"144,00",15692998BR314541,14/5/2026,22/06/2026,12,133344,"R$ 131,04"
7,DASS NORDESTE CALCADOS E ART ESPORT SA,138540,1397060,94668,ATAC. M21020 8MM POLIESTER COR 788,120CM,15707029,"240,00",15693002BR314546,14/5/2026,22/06/2026,12,133344,"R$ 218,40"
7,DASS NORDESTE CALCADOS E ART ESPORT SA,138540,1397060,94668,ATAC. M21020 8MM POLIESTER COR 788,130CM,15707029,"300,00",15692998BR314541,14/5/2026,22/06/2026,12,133344,"R$ 297,00"
7,DASS NORDESTE CALCADOS E ART ESPORT SA,138540,1187111,81709,ATAC. M15101 POLIESTER COR 114,100CM,15707029,"264,00",15692987BR314612,14/5/2026,22/06/2026,12,133344,"R$ 306,24"
7,DASS NORDESTE CALCADOS E ART ESPORT SA,138540,1187111,81709,ATAC. M15101 POLIESTER COR 114,110CM,15707029,"252,00",15692987BR314612,14/5/2026,22/06/2026,12,133344,"R$ 322,56"
7,DASS NORDESTE CALCADOS E ART ESPORT SA,138540,1397693,95200,ATAC. M15101 POLIESTER COR 6009,110CM,15707029,"324,00",15692986BR314578,14/5/2026,22/06/2026,12,133344,"R$ 414,72"
7,DASS NORDESTE CALCADOS E ART ESPORT SA,138540,1397693,95200,ATAC. M15101 POLIESTER COR 6009,120CM,15707029,"204,00",15692986BR314578,14/5/2026,22/06/2026,12,133344,"R$ 283,56"
7,DASS NORDESTE CALCADOS E ART ESPORT SA,138541,1409191,95046,ATAC. M10110 5MM POLIESTER COR 100 / COR 5535,80CM,15707013,"72,00",15696407BR314632,14/5/2026,29/06/2026,19,133345,"R$ 34,56"
7,DASS NORDESTE CALCADOS E ART ESPORT SA,138541,1409191,95046,ATAC. M10110 5MM POLIESTER COR 100 / COR 5535,90CM,15707013,"216,00",15696407BR314632,14/5/2026,29/06/2026,19,133345,"R$ 116,64"
7,DASS NORDESTE CALCADOS E ART ESPORT SA,138541,1409191,95046,ATAC. M10110 5MM POLIESTER COR 100 / COR 5535,100CM,15707013,"240,00",15696407BR314632,14/5/2026,29/06/2026,19,133345,"R$ 144,00"
7,DASS NORDESTE CALCADOS E ART ESPORT SA,138541,1175396,75595,ATAC. M13725 6MM POLIESTER COR 100,80CM,15707013,"120,00",15696387BR314630,14/5/2026,29/06/2026,19,133345,"R$ 69,60"
7,DASS NORDESTE CALCADOS E ART ESPORT SA,138541,1175396,75595,ATAC. M13725 6MM POLIESTER COR 100,90CM,15707013,"420,00",15696387BR314630,14/5/2026,29/06/2026,19,133345,"R$ 277,20"
7,DASS NORDESTE CALCADOS E ART ESPORT SA,138541,1175396,75595,ATAC. M13725 6MM POLIESTER COR 100,100CM,15707013,"492,00",15696387BR314630,14/5/2026,29/06/2026,19,133345,"R$ 359,16"
7,DASS NORDESTE CALCADOS E ART ESPORT SA,138541,1314385,89667,ATAC. M13725 6MM POLIESTER COR 5508,80CM,15707013,"48,00",15696394BR314631,14/5/2026,29/06/2026,19,133345,"R$ 27,84"
7,DASS NORDESTE CALCADOS E ART ESPORT SA,138541,1314385,89667,ATAC. M13725 6MM POLIESTER COR 5508,90CM,15707013,"216,00",15696394BR314631,14/5/2026,29/06/2026,19,133345,"R$ 142,56"
7,DASS NORDESTE CALCADOS E ART ESPORT SA,138541,1314385,89667,ATAC. M13725 6MM POLIESTER COR 5508,100CM,15707013,"240,00",15696394BR314631,14/5/2026,29/06/2026,19,133345,"R$ 175,20"
7,DASS NORDESTE CALCADOS E ART ESPORT SA,138541,1040532,73818,ATAC. M21020 8MM POLIESTER COR 052,110CM,15707013,"132,00",15696426BR314548,14/5/2026,29/06/2026,19,133345,"R$ 110,88"
7,DASS NORDESTE CALCADOS E ART ESPORT SA,138541,1040532,73818,ATAC. M21020 8MM POLIESTER COR 052,120CM,15707013,"144,00",15696426BR314548,14/5/2026,29/06/2026,19,133345,"R$ 131,04"
7,DASS NORDESTE CALCADOS E ART ESPORT SA,138541,1051608,73819,ATAC. M21020 8MM POLIESTER COR 114,110CM,15707013,"276,00",15696425BR314547,14/5/2026,29/06/2026,19,133345,"R$ 231,84"
7,DASS NORDESTE CALCADOS E ART ESPORT SA,138541,1051608,73819,ATAC. M21020 8MM POLIESTER COR 114,120CM,15707013,"192,00",15696424BR314542,14/5/2026,29/06/2026,19,133345,"R$ 174,72"
7,DASS NORDESTE CALCADOS E ART ESPORT SA,138541,1051608,73819,ATAC. M21020 8MM POLIESTER COR 114,120CM,15707013,"312,00",15696425BR314547,14/5/2026,29/06/2026,19,133345,"R$ 283,92"
7,DASS NORDESTE CALCADOS E ART ESPORT SA,138541,1051608,73819,ATAC. M21020 8MM POLIESTER COR 114,130CM,15707013,"396,00",15696424BR314542,14/5/2026,29/06/2026,19,133345,"R$ 392,04"
7,DASS NORDESTE CALCADOS E ART ESPORT SA,138541,1163455,73821,ATAC. M21020 8MM POLIESTER COR 100,120CM,15707013,"528,00",15696386BR314579,14/5/2026,29/06/2026,19,133345,"R$ 480,48"
7,DASS NORDESTE CALCADOS E ART ESPORT SA,138541,1163455,73821,ATAC. M21020 8MM POLIESTER COR 100,130CM,15707013,"492,00",15696386BR314579,14/5/2026,29/06/2026,19,133345,"R$ 487,08"
7,DASS NORDESTE CALCADOS E ART ESPORT SA,138541,1024417,73877,ATAC. M21020 8MM POLIESTER COR 057,120CM,15707013,"516,00",15696392BR314580,14/5/2026,29/06/2026,19,133345,"R$ 469,56"
7,DASS NORDESTE CALCADOS E ART ESPORT SA,138541,1024417,73877,ATAC. M21020 8MM POLIESTER COR 057,130CM,15707013,"492,00",15696392BR314580,14/5/2026,29/06/2026,19,133345,"R$ 487,08"
7,DASS NORDESTE CALCADOS E ART ESPORT SA,138541,1140249,78570,ATAC. M21020 8MM POLIESTER COR 263,120CM,15707013,"276,00",15696406BR314581,14/5/2026,29/06/2026,19,133345,"R$ 251,16"
7,DASS NORDESTE CALCADOS E ART ESPORT SA,138541,1140249,78570,ATAC. M21020 8MM POLIESTER COR 263,130CM,15707013,"252,00",15696406BR314581,14/5/2026,29/06/2026,19,133345,"R$ 249,48"
7,DASS NORDESTE CALCADOS E ART ESPORT SA,138541,1423777,95490,ATAC. M60132 ALPINA COR 2001,125CM,15707013,"324,00",15696421BR314562-A,14/5/2026,29/06/2026,19,133345,"R$ 324,00"
7,DASS NORDESTE CALCADOS E ART ESPORT SA,138541,1423777,95490,ATAC. M60132 ALPINA COR 2001,135CM,15707013,"420,00",15696421BR314562-A,14/5/2026,29/06/2026,19,133345,"R$ 453,60"
7,DASS NORDESTE CALCADOS E ART ESPORT SA,138586,1387456,92181,FITA MFGP C/ GOMA POLIESTER COR 5094,15MM,15713988,"10,00",0,18/5/2026,29/06/2026,19,133390,"R$ 7,80"
7,DASS NORDESTE CALCADOS E ART ESPORT SA,138587,1316829,87946,FITA M31119 C/ GOMA POLIESTER COR 100/ COR 5535/ COR 102,16MM,15713985,"20,00",0,18/5/2026,06/07/2026,26,133391,"R$ 16,00"
7,DASS NORDESTE CALCADOS E ART ESPORT SA,138588,1417375,93286,FITA MFGP C/ GOMA POLIESTER COR 6038,8MM,15713984,"250,00",0,18/5/2026,13/07/2026,33,133392,"R$ 105,00"
7,DASS NORDESTE CALCADOS E ART ESPORT SA,138589,1417375,93286,FITA MFGP C/ GOMA POLIESTER COR 6038,8MM,15713982,"110,00",0,18/5/2026,20/07/2026,40,133393,"R$ 46,20"
7,DASS NORDESTE CALCADOS E ART ESPORT SA,138940,1342875,89905,FITA M31132 C/GOMA POLIESTER COR 4085,18MM,15750750,"500,00",0,26/5/2026,15/06/2026,5,133672,"R$ 500,00"
7,DASS NORDESTE CALCADOS E ART ESPORT SA,138940,1065278,74237,FITA MR100001 C/ GOMA RECICLADO COR 4085/PET,10MM,15750750,"470,00",0,26/5/2026,15/06/2026,5,133672,"R$ 385,40"
7,DASS NORDESTE CALCADOS E ART ESPORT SA,138940,1405825,93208,FITA MR100001 C/ GOMA RECICLADO COR 5987/PET,10MM,15750750,"150,00",0,26/5/2026,15/06/2026,5,133672,"R$ 123,00"
7,DASS NORDESTE CALCADOS E ART ESPORT SA,138941,1065806,93661,ATAC. MR110029 RECICLADO COR 4662/PET,130CM,15750435,"384,00",15748047NBR3282974,26/5/2026,22/06/2026,12,133673,"R$ 460,80"
7,DASS NORDESTE CALCADOS E ART ESPORT SA,138941,1065806,93661,ATAC. MR110029 RECICLADO COR 4662/PET,130CM,15750435,"414,00",15748051NBR3282974,26/5/2026,22/06/2026,12,133673,"R$ 496,80"
7,DASS NORDESTE CALCADOS E ART ESPORT SA,138941,1065806,93661,ATAC. MR110029 RECICLADO COR 4662/PET,135CM,15750435,"387,00",15748047NBR3282974,26/5/2026,22/06/2026,12,133673,"R$ 479,88"
7,DASS NORDESTE CALCADOS E ART ESPORT SA,138941,1065806,93661,ATAC. MR110029 RECICLADO COR 4662/PET,135CM,15750435,"413,00",15748051NBR3282974,26/5/2026,22/06/2026,12,133673,"R$ 512,12"
7,DASS NORDESTE CALCADOS E ART ESPORT SA,138941,1069210,93696,ATAC. MR110029 RECICLADO COR 4085/PET,135CM,15750435,"865,00",15748054NBR3282979,26/5/2026,22/06/2026,12,133673,"R$ 1.072,60"
7,DASS NORDESTE CALCADOS E ART ESPORT SA,138941,1069210,93696,ATAC. MR110029 RECICLADO COR 4085/PET,135CM,15750435,"884,00",15748055NBR3282979,26/5/2026,22/06/2026,12,133673,"R$ 1.096,16"
7,DASS NORDESTE CALCADOS E ART ESPORT SA,138941,1069210,93696,ATAC. MR110029 RECICLADO COR 4085/PET,135CM,15750435,"865,00",15748056NBR3282981,26/5/2026,22/06/2026,12,133673,"R$ 1.072,60"
7,DASS NORDESTE CALCADOS E ART ESPORT SA,138941,1069210,93696,ATAC. MR110029 RECICLADO COR 4085/PET,135CM,15750435,"920,00",15748057NBR3282981,26/5/2026,22/06/2026,12,133673,"R$ 1.140,80"
7,DASS NORDESTE CALCADOS E ART ESPORT SA,138941,1069210,93696,ATAC. MR110029 RECICLADO COR 4085/PET,135CM,15750435,"865,00",15748058NBR3282982,26/5/2026,22/06/2026,12,133673,"R$ 1.072,60"
7,DASS NORDESTE CALCADOS E ART ESPORT SA,138941,1069210,93696,ATAC. MR110029 RECICLADO COR 4085/PET,135CM,15750435,"599,00",15748059NBR3282982,26/5/2026,22/06/2026,12,133673,"R$ 742,76"
7,DASS NORDESTE CALCADOS E ART ESPORT SA,138941,1069210,93696,ATAC. MR110029 RECICLADO COR 4085/PET,140CM,15750435,"102,00",15748054NBR3282979,26/5/2026,22/06/2026,12,133673,"R$ 131,58"
7,DASS NORDESTE CALCADOS E ART ESPORT SA,138941,1069210,93696,ATAC. MR110029 RECICLADO COR 4085/PET,140CM,15750435,"93,00",15748055NBR3282979,26/5/2026,22/06/2026,12,133673,"R$ 119,97"
7,DASS NORDESTE CALCADOS E ART ESPORT SA,138941,1069210,93696,ATAC. MR110029 RECICLADO COR 4085/PET,140CM,15750435,"108,00",15748056NBR3282981,26/5/2026,22/06/2026,12,133673,"R$ 139,32"
7,DASS NORDESTE CALCADOS E ART ESPORT SA,138941,1069210,93696,ATAC. MR110029 RECICLADO COR 4085/PET,140CM,15750435,"99,00",15748057NBR3282981,26/5/2026,22/06/2026,12,133673,"R$ 127,71"
7,DASS NORDESTE CALCADOS E ART ESPORT SA,138941,1069210,93696,ATAC. MR110029 RECICLADO COR 4085/PET,140CM,15750435,"90,00",15748058NBR3282982,26/5/2026,22/06/2026,12,133673,"R$ 116,10"
7,DASS NORDESTE CALCADOS E ART ESPORT SA,138941,1069210,93696,ATAC. MR110029 RECICLADO COR 4085/PET,140CM,15750435,"74,00",15748059NBR3282982,26/5/2026,22/06/2026,12,133673,"R$ 95,46"
7,DASS NORDESTE CALCADOS E ART ESPORT SA,138942,1065806,93661,ATAC. MR110029 RECICLADO COR 4662/PET,130CM,15750437,"456,00",15748062NBR3282971,26/5/2026,29/06/2026,19,133674,"R$ 547,20"
7,DASS NORDESTE CALCADOS E ART ESPORT SA,138942,1065806,93661,ATAC. MR110029 RECICLADO COR 4662/PET,130CM,15750437,"501,00",15748063NBR3282971,26/5/2026,29/06/2026,19,133674,"R$ 601,20"
7,DASS NORDESTE CALCADOS E ART ESPORT SA,138942,1065806,93661,ATAC. MR110029 RECICLADO COR 4662/PET,130CM,15750437,"456,00",15748064NBR3282973,26/5/2026,29/06/2026,19,133674,"R$ 547,20"
7,DASS NORDESTE CALCADOS E ART ESPORT SA,138942,1065806,93661,ATAC. MR110029 RECICLADO COR 4662/PET,130CM,15750437,"470,00",15748066NBR3282973,26/5/2026,29/06/2026,19,133674,"R$ 564,00"
7,DASS NORDESTE CALCADOS E ART ESPORT SA,138942,1065806,93661,ATAC. MR110029 RECICLADO COR 4662/PET,135CM,15750437,"459,00",15748062NBR3282971,26/5/2026,29/06/2026,19,133674,"R$ 569,16"
7,DASS NORDESTE CALCADOS E ART ESPORT SA,138942,1065806,93661,ATAC. MR110029 RECICLADO COR 4662/PET,135CM,15750437,"499,00",15748063NBR3282971,26/5/2026,29/06/2026,19,133674,"R$ 618,76"
7,DASS NORDESTE CALCADOS E ART ESPORT SA,138942,1065806,93661,ATAC. MR110029 RECICLADO COR 4662/PET,135CM,15750437,"507,00",15748064NBR3282973,26/5/2026,29/06/2026,19,133674,"R$ 628,68"
7,DASS NORDESTE CALCADOS E ART ESPORT SA,138942,1065806,93661,ATAC. MR110029 RECICLADO COR 4662/PET,135CM,15750437,"518,00",15748066NBR3282973,26/5/2026,29/06/2026,19,133674,"R$ 642,32"
7,DASS NORDESTE CALCADOS E ART ESPORT SA,138942,1069210,93696,ATAC. MR110029 RECICLADO COR 4085/PET,135CM,15750437,"927,00",15748060NBR3282977,26/5/2026,29/06/2026,19,133674,"R$ 1.149,48"
7,DASS NORDESTE CALCADOS E ART ESPORT SA,138942,1069210,93696,ATAC. MR110029 RECICLADO COR 4085/PET,135CM,15750437,"970,00",15748061NBR3282977,26/5/2026,29/06/2026,19,133674,"R$ 1.202,80"
7,DASS NORDESTE CALCADOS E ART ESPORT SA,138942,1069210,93696,ATAC. MR110029 RECICLADO COR 4085/PET,140CM,15750437,"102,00",15748060NBR3282977,26/5/2026,29/06/2026,19,133674,"R$ 131,58"
7,DASS NORDESTE CALCADOS E ART ESPORT SA,138942,1069210,93696,ATAC. MR110029 RECICLADO COR 4085/PET,140CM,15750437,"99,00",15748061NBR3282977,26/5/2026,29/06/2026,19,133674,"R$ 127,71"
7,DASS NORDESTE CALCADOS E ART ESPORT SA,138942,1108596,94070,ATAC. MR110029 RECICLADO COR 101/PET,130CM,15750437,"420,00",15748086NBR3282965,26/5/2026,29/06/2026,19,133674,"R$ 504,00"
7,DASS NORDESTE CALCADOS E ART ESPORT SA,138942,1108596,94070,ATAC. MR110029 RECICLADO COR 101/PET,130CM,15750437,"439,00",15748088NBR3282965,26/5/2026,29/06/2026,19,133674,"R$ 526,80"
7,DASS NORDESTE CALCADOS E ART ESPORT SA,138942,1108596,94070,ATAC. MR110029 RECICLADO COR 101/PET,135CM,15750437,"423,00",15748086NBR3282965,26/5/2026,29/06/2026,19,133674,"R$ 524,52"
7,DASS NORDESTE CALCADOS E ART ESPORT SA,138942,1108596,94070,ATAC. MR110029 RECICLADO COR 101/PET,135CM,15750437,"438,00",15748088NBR3282965,26/5/2026,29/06/2026,19,133674,"R$ 543,12"
7,DASS NORDESTE CALCADOS E ART ESPORT SA,138943,1342875,89905,FITA M31132 C/GOMA POLIESTER COR 4085,18MM,15750802,"600,00",0,26/5/2026,06/07/2026,26,133675,"R$ 600,00"
7,DASS NORDESTE CALCADOS E ART ESPORT SA,138944,1342875,89905,FITA M31132 C/GOMA POLIESTER COR 4085,18MM,15750818,"500,00",0,26/5/2026,13/07/2026,33,133676,"R$ 500,00"
7,DASS NORDESTE CALCADOS E ART ESPORT SA,138945,1342875,89905,FITA M31132 C/GOMA POLIESTER COR 4085,18MM,15750836,"1.440,00",0,26/5/2026,20/07/2026,40,133677,"R$ 1.440,00"
7,DASS NORDESTE CALCADOS E ART ESPORT SA,138951,1287984,89070,FITA M41476 C/ GOMA POLIESTER COR 114/ COR 5508,12MM,15750643,"250,00",0,26/5/2026,15/06/2026,5,133687,"R$ 167,50"
7,DASS NORDESTE CALCADOS E ART ESPORT SA,138952,1219123,82878,ELAST. M21180 2.5MM POLIESTER COR 020 / COR 100,60CM,15750869,"22,00",15742494BR314650,26/5/2026,15/06/2026,5,133688,"R$ 25,96"
7,DASS NORDESTE CALCADOS E ART ESPORT SA,138952,1219123,82878,ELAST. M21180 2.5MM POLIESTER COR 020 / COR 100,60CM,15750869,"6,00",15742495BR314651,26/5/2026,15/06/2026,5,133688,"R$ 7,08"
7,DASS NORDESTE CALCADOS E ART ESPORT SA,138952,1219123,82878,ELAST. M21180 2.5MM POLIESTER COR 020 / COR 100,60CM,15750869,"115,00",15742512BR314652,26/5/2026,15/06/2026,5,133688,"R$ 135,70"
7,DASS NORDESTE CALCADOS E ART ESPORT SA,138952,1219123,82878,ELAST. M21180 2.5MM POLIESTER COR 020 / COR 100,70CM,15750869,"110,00",15742492BR314646,26/5/2026,15/06/2026,5,133688,"R$ 151,80"
7,DASS NORDESTE CALCADOS E ART ESPORT SA,138952,1219123,82878,ELAST. M21180 2.5MM POLIESTER COR 020 / COR 100,70CM,15750869,"6,00",15742493BR314647,26/5/2026,15/06/2026,5,133688,"R$ 8,28"
7,DASS NORDESTE CALCADOS E ART ESPORT SA,138952,1219123,82878,ELAST. M21180 2.5MM POLIESTER COR 020 / COR 100,70CM,15750869,"205,00",15742510BR314648,26/5/2026,15/06/2026,5,133688,"R$ 282,90"
7,DASS NORDESTE CALCADOS E ART ESPORT SA,138952,1219123,82878,ELAST. M21180 2.5MM POLIESTER COR 020 / COR 100,70CM,15750869,"34,00",15742494BR314650,26/5/2026,15/06/2026,5,133688,"R$ 46,92"
7,DASS NORDESTE CALCADOS E ART ESPORT SA,138952,1219123,82878,ELAST. M21180 2.5MM POLIESTER COR 020 / COR 100,70CM,15750869,"5,00",15742495BR314651,26/5/2026,15/06/2026,5,133688,"R$ 6,90"
7,DASS NORDESTE CALCADOS E ART ESPORT SA,138952,1219123,82878,ELAST. M21180 2.5MM POLIESTER COR 020 / COR 100,70CM,15750869,"90,00",15742512BR314652,26/5/2026,15/06/2026,5,133688,"R$ 124,20"
7,DASS NORDESTE CALCADOS E ART ESPORT SA,138952,1219123,82878,ELAST. M21180 2.5MM POLIESTER COR 020 / COR 100,80CM,15750869,"195,00",15742492BR314646,26/5/2026,15/06/2026,5,133688,"R$ 308,10"
7,DASS NORDESTE CALCADOS E ART ESPORT SA,138952,1219123,82878,ELAST. M21180 2.5MM POLIESTER COR 020 / COR 100,80CM,15750869,"58,00",15742493BR314647,26/5/2026,15/06/2026,5,133688,"R$ 91,64"
7,DASS NORDESTE CALCADOS E ART ESPORT SA,138952,1219123,82878,ELAST. M21180 2.5MM POLIESTER COR 020 / COR 100,80CM,15750869,"347,00",15742510BR314648,26/5/2026,15/06/2026,5,133688,"R$ 548,26"
7,DASS NORDESTE CALCADOS E ART ESPORT SA,138952,1354392,90380,ELAST. M21180 POLIESTER COR 102 / COR 5535,70CM,15750869,"185,00",15742490BR314645,26/5/2026,15/06/2026,5,133688,"R$ 255,30"
7,DASS NORDESTE CALCADOS E ART ESPORT SA,138952,1354392,90380,ELAST. M21180 POLIESTER COR 102 / COR 5535,70CM,15750869,"75,00",15742491BR314649,26/5/2026,15/06/2026,5,133688,"R$ 103,50"
7,DASS NORDESTE CALCADOS E ART ESPORT SA,138952,1354392,90380,ELAST. M21180 POLIESTER COR 102 / COR 5535,80CM,15750869,"255,00",15742490BR314645,26/5/2026,15/06/2026,5,133688,"R$ 402,90"
7,DASS NORDESTE CALCADOS E ART ESPORT SA,138953,1354392,90380,ELAST. M21180 POLIESTER COR 102 / COR 5535,60CM,15750869,"88,00",15742491BR314649,26/5/2026,15/06/2026,5,133689,"R$ 103,84"
7,DASS NORDESTE CALCADOS E ART ESPORT SA,138991,1320254,91023,FITA M31119 C/ GOMA POLIESTER COR 114 / COR 100 / COR 100,16MM,15753380,"430,00",0,27/5/2026,29/06/2026,19,133710,"R$ 344,00"
7,DASS NORDESTE CALCADOS E ART ESPORT SA,138992,1040532,73818,ATAC. M21020 8MM POLIESTER COR 052,110CM,15753392,"60,00",15742508BR314640,27/5/2026,29/06/2026,19,133711,"R$ 50,40"
7,DASS NORDESTE CALCADOS E ART ESPORT SA,138992,1040532,73818,ATAC. M21020 8MM POLIESTER COR 052,120CM,15753392,"84,00",15742508BR314640,27/5/2026,29/06/2026,19,133711,"R$ 76,44"
7,DASS NORDESTE CALCADOS E ART ESPORT SA,138993,1287984,89070,FITA M41476 C/ GOMA POLIESTER COR 114/ COR 5508,12MM,15753407,"660,00",0,27/5/2026,06/07/2026,26,133712,"R$ 442,20"
7,DASS NORDESTE CALCADOS E ART ESPORT SA,138993,1320254,91023,FITA M31119 C/ GOMA POLIESTER COR 114 / COR 100 / COR 100,16MM,15753407,"510,00",0,27/5/2026,06/07/2026,26,133712,"R$ 408,00"
7,DASS NORDESTE CALCADOS E ART ESPORT SA,138997,1356826,90356,FITA M41476 C/ GOMA POLIESTER COR 100 / COR 102,12MM,15754667,"170,00",0,27/5/2026,13/07/2026,33,133715,"R$ 113,90"
7,DASS NORDESTE CALCADOS E ART ESPORT SA,138997,1394642,92688,FITA M41476 C/ GOMA POLIESTER COR 5512 / COR 5535,12MM,15754667,"80,00",0,27/5/2026,13/07/2026,33,133715,"R$ 53,60"
7,DASS NORDESTE CALCADOS E ART ESPORT SA,138997,1287983,95045,FITA M41476 C/ GOMA POLIESTER COR 100 / COR 5508,12MM,15754667,"1.110,00",0,27/5/2026,13/07/2026,33,133715,"R$ 743,70"
7,DASS NORDESTE CALCADOS E ART ESPORT SA,138997,898941,70164,FITA MFGP C/ GOMA POLIESTER COR 100,12MM,15754667,"190,00",0,27/5/2026,13/07/2026,33,133715,"R$ 117,80"
7,DASS NORDESTE CALCADOS E ART ESPORT SA,138997,112354,71376,FITA MFGP C/ GOMA POLIESTER COR 102,8MM,15754667,"20,00",0,27/5/2026,13/07/2026,33,133715,"R$ 8,40"
7,DASS NORDESTE CALCADOS E ART ESPORT SA,138997,1104263,74279,FITA MFGP C/ GOMA POLIESTER COR 447,8MM,15754667,"110,00",0,27/5/2026,13/07/2026,33,133715,"R$ 46,20"
7,DASS NORDESTE CALCADOS E ART ESPORT SA,138997,1146621,78187,FITA MFGP C/ GOMA POLIESTER COR 053,8MM,15754667,"80,00",0,27/5/2026,13/07/2026,33,133715,"R$ 33,60"
7,DASS NORDESTE CALCADOS E ART ESPORT SA,138997,1268009,86031,FITA MFGP C/ GOMA POLIESTER COR 5512,12MM,15754667,"170,00",0,27/5/2026,13/07/2026,33,133715,"R$ 105,40"
7,DASS NORDESTE CALCADOS E ART ESPORT SA,138997,1360138,90526,FITA MFGP C/ GOMA POLIESTER COR 186,8MM,15754667,"140,00",0,27/5/2026,13/07/2026,33,133715,"R$ 58,80"
7,DASS NORDESTE CALCADOS E ART ESPORT SA,138997,1385046,93286,FITA MFGP C/ GOMA POLIESTER COR 6038,12MM,15754667,"90,00",0,27/5/2026,13/07/2026,33,133715,"R$ 55,80"
7,DASS NORDESTE CALCADOS E ART ESPORT SA,138997,1316829,87946,FITA M31119 C/ GOMA POLIESTER COR 100/ COR 5535/ COR 102,16MM,15754667,"360,00",0,27/5/2026,13/07/2026,33,133715,"R$ 288,00"
7,DASS NORDESTE CALCADOS E ART ESPORT SA,138997,1320254,91023,FITA M31119 C/ GOMA POLIESTER COR 114 / COR 100 / COR 100,16MM,15754667,"290,00",0,27/5/2026,13/07/2026,33,133715,"R$ 232,00"
7,DASS NORDESTE CALCADOS E ART ESPORT SA,138997,1353470,92963,FITA M31119 C/ GOMA POLIESTER COR 102 / COR 100 / COR 100,16MM,15754667,"80,00",0,27/5/2026,13/07/2026,33,133715,"R$ 64,00"
7,DASS NORDESTE CALCADOS E ART ESPORT SA,138997,1360126,92964,FITA M31119 C/ GOMA POLIESTER COR 186 / COR 5508 / COR 5508,16MM,15754667,"140,00",0,27/5/2026,13/07/2026,33,133715,"R$ 112,00"
7,DASS NORDESTE CALCADOS E ART ESPORT SA,138997,1320199,95176,FITA M31119 C/ GOMA POLIESTER COR 053 / COR 114 / COR 114,16MM,15754667,"90,00",0,27/5/2026,13/07/2026,33,133715,"R$ 72,00"
7,DASS NORDESTE CALCADOS E ART ESPORT SA,138997,1406217,95486,FITA M31119 C/ GOMA POLIESTER COR 447 / COR 100 / COR 100,16MM,15754667,"110,00",0,27/5/2026,13/07/2026,33,133715,"R$ 88,00"
7,DASS NORDESTE CALCADOS E ART ESPORT SA,138997,1353472,95487,FITA M31119 C/ GOMA POLIESTER COR 5703 / COR 114 / COR 114,16MM,15754667,"270,00",0,27/5/2026,13/07/2026,33,133715,"R$ 216,00"
7,DASS NORDESTE CALCADOS E ART ESPORT SA,138998,1175396,75595,ATAC. M13725 6MM POLIESTER COR 100,90CM,15754784,"432,00",15742463BR314697,27/5/2026,13/07/2026,33,133716,"R$ 285,12"
7,DASS NORDESTE CALCADOS E ART ESPORT SA,138998,1175396,75595,ATAC. M13725 6MM POLIESTER COR 100,100CM,15754784,"588,00",15742463BR314697,27/5/2026,13/07/2026,33,133716,"R$ 429,24"
7,DASS NORDESTE CALCADOS E ART ESPORT SA,138998,1317461,90712,ATAC. M22013 6MM POLIESTER COR 100 / COR 5535,130CM,15754784,"408,00",15742467BR314674,27/5/2026,13/07/2026,33,133716,"R$ 526,32"
7,DASS NORDESTE CALCADOS E ART ESPORT SA,138998,1317461,90712,ATAC. M22013 6MM POLIESTER COR 100 / COR 5535,140CM,15754784,"408,00",15742467BR314674,27/5/2026,13/07/2026,33,133716,"R$ 567,12"
7,DASS NORDESTE CALCADOS E ART ESPORT SA,138998,1423777,95490,ATAC. M60132 ALPINA COR 2001,135CM,15754784,"432,00",15742505BR314670-A,27/5/2026,13/07/2026,33,133716,"R$ 466,56"
7,DASS NORDESTE CALCADOS E ART ESPORT SA,138998,1423777,95490,ATAC. M60132 ALPINA COR 2001,135CM,15754784,"444,00",15742507BR314670-B,27/5/2026,13/07/2026,33,133716,"R$ 479,52"
7,DASS NORDESTE CALCADOS E ART ESPORT SA,138998,1423777,95490,ATAC. M60132 ALPINA COR 2001,145CM,15754784,"312,00",15742505BR314670-A,27/5/2026,13/07/2026,33,133716,"R$ 361,92"
7,DASS NORDESTE CALCADOS E ART ESPORT SA,138998,1423777,95490,ATAC. M60132 ALPINA COR 2001,145CM,15754784,"324,00",15742507BR314670-B,27/5/2026,13/07/2026,33,133716,"R$ 375,84"
7,DASS NORDESTE CALCADOS E ART ESPORT SA,138999,1408956,93283,FITA M31132 C/GOMA POLIESTER COR 101,18MM,15754669,"1.440,00",0,27/5/2026,15/06/2026,5,133717,"R$ 1.440,00"
7,DASS NORDESTE CALCADOS E ART ESPORT SA,139016,1387899,95198,ATAC. M13725 6MM POLIESTER COR 5998,110CM,15755823,"154,00",15743085ARG201952,27/5/2026,20/07/2026,40,133719,"R$ 123,20"
7,DASS NORDESTE CALCADOS E ART ESPORT SA,139016,1387899,95198,ATAC. M13725 6MM POLIESTER COR 5998,120CM,15755823,"154,00",15743084ARG201950,27/5/2026,20/07/2026,40,133719,"R$ 135,52"
7,DASS NORDESTE CALCADOS E ART ESPORT SA,139016,1387899,95198,ATAC. M13725 6MM POLIESTER COR 5998,120CM,15755823,"154,00",15743085ARG201952,27/5/2026,20/07/2026,40,133719,"R$ 135,52"
7,DASS NORDESTE CALCADOS E ART ESPORT SA,139016,1387899,95198,ATAC. M13725 6MM POLIESTER COR 5998,130CM,15755823,"154,00",15743084ARG201950,27/5/2026,20/07/2026,40,133719,"R$ 146,30"
7,DASS NORDESTE CALCADOS E ART ESPORT SA,139016,1294460,86297,ATAC. M13727 POLIESTER COR 781 / COR 100,120CM,15755823,"216,00",15743072BR314659,27/5/2026,20/07/2026,40,133719,"R$ 190,08"
7,DASS NORDESTE CALCADOS E ART ESPORT SA,139016,1294460,86297,ATAC. M13727 POLIESTER COR 781 / COR 100,130CM,15755823,"432,00",15743072BR314659,27/5/2026,20/07/2026,40,133719,"R$ 410,40"
7,DASS NORDESTE CALCADOS E ART ESPORT SA,139016,1159608,81667,ATAC. M15041 POLIESTER COR 100,120CM,15755823,"276,00",15743108BR314656,27/5/2026,20/07/2026,40,133719,"R$ 416,76"
7,DASS NORDESTE CALCADOS E ART ESPORT SA,139016,1159608,81667,ATAC. M15041 POLIESTER COR 100,130CM,15755823,"144,00",15743108BR314656,27/5/2026,20/07/2026,40,133719,"R$ 236,16"
7,DASS NORDESTE CALCADOS E ART ESPORT SA,139016,1159608,81667,ATAC. M15041 POLIESTER COR 100,140CM,15755823,"48,00",15743108BR314656,27/5/2026,20/07/2026,40,133719,"R$ 84,48"
7,DASS NORDESTE CALCADOS E ART ESPORT SA,139016,1187111,81709,ATAC. M15101 POLIESTER COR 114,120CM,15755823,"288,00",15743224BR314708,27/5/2026,20/07/2026,40,133719,"R$ 400,32"
7,DASS NORDESTE CALCADOS E ART ESPORT SA,139016,1187111,81709,ATAC. M15101 POLIESTER COR 114,120CM,15755823,"180,00",15743225BR314709,27/5/2026,20/07/2026,40,133719,"R$ 250,20"
7,DASS NORDESTE CALCADOS E ART ESPORT SA,139016,1187111,81709,ATAC. M15101 POLIESTER COR 114,120CM,15755823,"168,00",15743226BR314710,27/5/2026,20/07/2026,40,133719,"R$ 233,52"
7,DASS NORDESTE CALCADOS E ART ESPORT SA,139016,1187111,81709,ATAC. M15101 POLIESTER COR 114,130CM,15755823,"336,00",15743224BR314708,27/5/2026,20/07/2026,40,133719,"R$ 507,36"
7,DASS NORDESTE CALCADOS E ART ESPORT SA,139016,1187111,81709,ATAC. M15101 POLIESTER COR 114,130CM,15755823,"216,00",15743225BR314709,27/5/2026,20/07/2026,40,133719,"R$ 326,16"
7,DASS NORDESTE CALCADOS E ART ESPORT SA,139016,1187111,81709,ATAC. M15101 POLIESTER COR 114,130CM,15755823,"192,00",15743226BR314710,27/5/2026,20/07/2026,40,133719,"R$ 289,92"
7,DASS NORDESTE CALCADOS E ART ESPORT SA,139016,1423776,95488,ATAC. M60132 ALPINA COR 2000,135CM,15755823,"516,00",15743111BR314666-A,27/5/2026,20/07/2026,40,133719,"R$ 557,28"
7,DASS NORDESTE CALCADOS E ART ESPORT SA,139016,1423776,95488,ATAC. M60132 ALPINA COR 2000,135CM,15755823,"540,00",15743114BR314666-B,27/5/2026,20/07/2026,40,133719,"R$ 583,20"
7,DASS NORDESTE CALCADOS E ART ESPORT SA,139016,1423776,95488,ATAC. M60132 ALPINA COR 2000,145CM,15755823,"336,00",15743111BR314666-A,27/5/2026,20/07/2026,40,133719,"R$ 389,76"
7,DASS NORDESTE CALCADOS E ART ESPORT SA,139016,1423776,95488,ATAC. M60132 ALPINA COR 2000,145CM,15755823,"360,00",15743114BR314666-B,27/5/2026,20/07/2026,40,133719,"R$ 417,60"
7,DASS NORDESTE CALCADOS E ART ESPORT SA,139016,1423777,95490,ATAC. M60132 ALPINA COR 2001,125CM,15755823,"528,00",15743136BR314694,27/5/2026,20/07/2026,40,133719,"R$ 528,00"
7,DASS NORDESTE CALCADOS E ART ESPORT SA,139016,1423777,95490,ATAC. M60132 ALPINA COR 2001,135CM,15755823,"516,00",15743136BR314694,27/5/2026,20/07/2026,40,133719,"R$ 557,28"
7,DASS NORDESTE CALCADOS E ART ESPORT SA,139017,1048885,70164,FITA MFGP C/ GOMA POLIESTER COR 100,6MM,15755875,"170,00",0,27/5/2026,27/07/2026,47,133720,"R$ 54,40"
7,DASS NORDESTE CALCADOS E ART ESPORT SA,139017,998350,70164,FITA MFGP C/ GOMA POLIESTER COR 100,10MM,15755875,"230,00",0,27/5/2026,27/07/2026,47,133720,"R$ 117,30"
7,DASS NORDESTE CALCADOS E ART ESPORT SA,139017,1104264,74030,FITA MFGP C/ GOMA POLIESTER COR 114,8MM,15755875,"60,00",0,27/5/2026,27/07/2026,47,133720,"R$ 25,20"
7,DASS NORDESTE CALCADOS E ART ESPORT SA,139017,1265260,85789,FITA MFGP C/ GOMA POLIESTER COR 5508,6MM,15755875,"210,00",0,27/5/2026,27/07/2026,47,133720,"R$ 67,20"
7,DASS NORDESTE CALCADOS E ART ESPORT SA,139017,1264051,85789,FITA MFGP C/ GOMA POLIESTER COR 5508,10MM,15755875,"290,00",0,27/5/2026,27/07/2026,47,133720,"R$ 147,90"
7,DASS NORDESTE CALCADOS E ART ESPORT SA,139017,1316829,87946,FITA M31119 C/ GOMA POLIESTER COR 100/ COR 5535/ COR 102,16MM,15755875,"280,00",0,27/5/2026,27/07/2026,47,133720,"R$ 224,00"
7,DASS NORDESTE CALCADOS E ART ESPORT SA,139017,1320254,91023,FITA M31119 C/ GOMA POLIESTER COR 114 / COR 100 / COR 100,16MM,15755875,"340,00",0,27/5/2026,27/07/2026,47,133720,"R$ 272,00"
7,DASS NORDESTE CALCADOS E ART ESPORT SA,139017,1320158,91407,FITA M31119 C/ GOMA POLIESTER COR 324 / COR 5508 / COR 5508,16MM,15755875,"100,00",0,27/5/2026,27/07/2026,47,133720,"R$ 80,00"
7,DASS NORDESTE CALCADOS E ART ESPORT SA,139017,1401202,92829,FITA M31119 C/ GOMA POLIESTER COR 6001 / COR 114 / COR 282,16MM,15755875,"260,00",0,27/5/2026,27/07/2026,47,133720,"R$ 208,00"
7,DASS NORDESTE CALCADOS E ART ESPORT SA,139017,1353470,92963,FITA M31119 C/ GOMA POLIESTER COR 102 / COR 100 / COR 100,16MM,15755875,"760,00",0,27/5/2026,27/07/2026,47,133720,"R$ 608,00"
7,DASS NORDESTE CALCADOS E ART ESPORT SA,139017,1400623,95146,FITA M31119 C/ GOMA POLIESTER COR 447 / COR 114 / COR 114,16MM,15755875,"230,00",0,27/5/2026,27/07/2026,47,133720,"R$ 184,00"
7,DASS NORDESTE CALCADOS E ART ESPORT SA,139017,1320199,95176,FITA M31119 C/ GOMA POLIESTER COR 053 / COR 114 / COR 114,16MM,15755875,"440,00",0,27/5/2026,27/07/2026,47,133720,"R$ 352,00"
7,DASS NORDESTE CALCADOS E ART ESPORT SA,139017,1416908,95301,FITA M31119 C/ GOMA POLIESTER COR 6038 / COR 5508 / COR 5508,16MM,15755875,"320,00",0,27/5/2026,27/07/2026,47,133720,"R$ 256,00"
7,DASS NORDESTE CALCADOS E ART ESPORT SA,139017,1416741,95302,FITA M31119 C/ GOMA POLIESTER COR 102 / COR 5508 / COR 5508,16MM,15755875,"380,00",0,27/5/2026,27/07/2026,47,133720,"R$ 304,00"
7,DASS NORDESTE CALCADOS E ART ESPORT SA,139017,1353472,95487,FITA M31119 C/ GOMA POLIESTER COR 5703 / COR 114 / COR 114,16MM,15755875,"230,00",0,27/5/2026,27/07/2026,47,133720,"R$ 184,00"
7,DASS NORDESTE CALCADOS E ART ESPORT SA,139018,1423776,95488,ATAC. M60132 ALPINA COR 2000,125CM,15755902,"372,00",15743131BR314689-A,27/5/2026,27/07/2026,47,133721,"R$ 372,00"
7,DASS NORDESTE CALCADOS E ART ESPORT SA,139018,1423776,95488,ATAC. M60132 ALPINA COR 2000,125CM,15755902,"396,00",15743132BR314689-B,27/5/2026,27/07/2026,47,133721,"R$ 396,00"
7,DASS NORDESTE CALCADOS E ART ESPORT SA,139018,1423776,95488,ATAC. M60132 ALPINA COR 2000,135CM,15755902,"420,00",15743131BR314689-A,27/5/2026,27/07/2026,47,133721,"R$ 453,60"
7,DASS NORDESTE CALCADOS E ART ESPORT SA,139018,1423776,95488,ATAC. M60132 ALPINA COR 2000,135CM,15755902,"456,00",15743132BR314689-B,27/5/2026,27/07/2026,47,133721,"R$ 492,48"
7,DASS NORDESTE CALCADOS E ART ESPORT SA,139018,1423777,95490,ATAC. M60132 ALPINA COR 2001,135CM,15755902,"624,00",15743137BR314671,27/5/2026,27/07/2026,47,133721,"R$ 673,92"
7,DASS NORDESTE CALCADOS E ART ESPORT SA,139018,1423777,95490,ATAC. M60132 ALPINA COR 2001,145CM,15755902,"528,00",15743137BR314671,27/5/2026,27/07/2026,47,133721,"R$ 612,48"
7,DASS NORDESTE CALCADOS E ART ESPORT SA,139021,1356824,90475,FITA M41476 C/ GOMA POLIESTER COR 5508 / COR 102,12MM,15755645,"240,00",0,27/5/2026,20/07/2026,40,133727,"R$ 160,80"
7,DASS NORDESTE CALCADOS E ART ESPORT SA,139021,1394708,92487,FITA M41476 C/ GOMA POLIESTER COR 114 / COR 599,12MM,15755645,"130,00",0,27/5/2026,20/07/2026,40,133727,"R$ 87,10"
7,DASS NORDESTE CALCADOS E ART ESPORT SA,139021,1394642,92688,FITA M41476 C/ GOMA POLIESTER COR 5512 / COR 5535,12MM,15755645,"100,00",0,27/5/2026,20/07/2026,40,133727,"R$ 67,00"
7,DASS NORDESTE CALCADOS E ART ESPORT SA,139021,1287983,95045,FITA M41476 C/ GOMA POLIESTER COR 100 / COR 5508,12MM,15755645,"440,00",0,27/5/2026,20/07/2026,40,133727,"R$ 294,80"
7,DASS NORDESTE CALCADOS E ART ESPORT SA,139021,1048885,70164,FITA MFGP C/ GOMA POLIESTER COR 100,6MM,15755645,"80,00",0,27/5/2026,20/07/2026,40,133727,"R$ 25,60"
7,DASS NORDESTE CALCADOS E ART ESPORT SA,139021,998350,70164,FITA MFGP C/ GOMA POLIESTER COR 100,10MM,15755645,"120,00",0,27/5/2026,20/07/2026,40,133727,"R$ 61,20"
7,DASS NORDESTE CALCADOS E ART ESPORT SA,139021,112354,71376,FITA MFGP C/ GOMA POLIESTER COR 102,8MM,15755645,"70,00",0,27/5/2026,20/07/2026,40,133727,"R$ 29,40"
7,DASS NORDESTE CALCADOS E ART ESPORT SA,139021,1104264,74030,FITA MFGP C/ GOMA POLIESTER COR 114,8MM,15755645,"70,00",0,27/5/2026,20/07/2026,40,133727,"R$ 29,40"
7,DASS NORDESTE CALCADOS E ART ESPORT SA,139021,1098384,74030,FITA MFGP C/ GOMA POLIESTER COR 114,10MM,15755645,"200,00",0,27/5/2026,20/07/2026,40,133727,"R$ 102,00"
7,DASS NORDESTE CALCADOS E ART ESPORT SA,139021,1146621,78187,FITA MFGP C/ GOMA POLIESTER COR 053,8MM,15755645,"200,00",0,27/5/2026,20/07/2026,40,133727,"R$ 84,00"
7,DASS NORDESTE CALCADOS E ART ESPORT SA,139021,1265260,85789,FITA MFGP C/ GOMA POLIESTER COR 5508,6MM,15755645,"90,00",0,27/5/2026,20/07/2026,40,133727,"R$ 28,80"
7,DASS NORDESTE CALCADOS E ART ESPORT SA,139021,1264051,85789,FITA MFGP C/ GOMA POLIESTER COR 5508,10MM,15755645,"100,00",0,27/5/2026,20/07/2026,40,133727,"R$ 51,00"
7,DASS NORDESTE CALCADOS E ART ESPORT SA,139021,1417375,93286,FITA MFGP C/ GOMA POLIESTER COR 6038,8MM,15755645,"320,00",0,27/5/2026,20/07/2026,40,133727,"R$ 134,40"
7,DASS NORDESTE CALCADOS E ART ESPORT SA,139021,1316829,87946,FITA M31119 C/ GOMA POLIESTER COR 100/ COR 5535/ COR 102,16MM,15755645,"240,00",0,27/5/2026,20/07/2026,40,133727,"R$ 192,00"
7,DASS NORDESTE CALCADOS E ART ESPORT SA,139021,1324887,88286,FITA M31119 C/ GOMA POLIESTER COR 057/ COR 102/ COR 678,16MM,15755645,"30,00",0,27/5/2026,20/07/2026,40,133727,"R$ 24,00"
7,DASS NORDESTE CALCADOS E ART ESPORT SA,139021,1320254,91023,FITA M31119 C/ GOMA POLIESTER COR 114 / COR 100 / COR 100,16MM,15755645,"90,00",0,27/5/2026,20/07/2026,40,133727,"R$ 72,00"
7,DASS NORDESTE CALCADOS E ART ESPORT SA,139021,1320158,91407,FITA M31119 C/ GOMA POLIESTER COR 324 / COR 5508 / COR 5508,16MM,15755645,"80,00",0,27/5/2026,20/07/2026,40,133727,"R$ 64,00"
7,DASS NORDESTE CALCADOS E ART ESPORT SA,139021,1379936,92571,FITA M31119 C/ GOMA POLIESTER COR 678 / COR 100 / COR 100,16MM,15755645,"60,00",0,27/5/2026,20/07/2026,40,133727,"R$ 48,00"
7,DASS NORDESTE CALCADOS E ART ESPORT SA,139021,1379938,92573,FITA M31119 C/ GOMA POLIESTER COR 161 / COR 324 / COR 324,16MM,15755645,"60,00",0,27/5/2026,20/07/2026,40,133727,"R$ 48,00"
7,DASS NORDESTE CALCADOS E ART ESPORT SA,139021,1358112,92574,FITA M31119 C/ GOMA POLIESTER COR 057 / COR 102 / COR 102,16MM,15755645,"70,00",0,27/5/2026,20/07/2026,40,133727,"R$ 56,00"
7,DASS NORDESTE CALCADOS E ART ESPORT SA,139021,1401202,92829,FITA M31119 C/ GOMA POLIESTER COR 6001 / COR 114 / COR 282,16MM,15755645,"300,00",0,27/5/2026,20/07/2026,40,133727,"R$ 240,00"
7,DASS NORDESTE CALCADOS E ART ESPORT SA,139021,1353470,92963,FITA M31119 C/ GOMA POLIESTER COR 102 / COR 100 / COR 100,16MM,15755645,"570,00",0,27/5/2026,20/07/2026,40,133727,"R$ 456,00"
7,DASS NORDESTE CALCADOS E ART ESPORT SA,139021,1401826,95145,FITA M31119 C/ GOMA POLIESTER COR 6002 / COR 5508 / COR 5508,16MM,15755645,"430,00",0,27/5/2026,20/07/2026,40,133727,"R$ 344,00"
7,DASS NORDESTE CALCADOS E ART ESPORT SA,139021,1400623,95146,FITA M31119 C/ GOMA POLIESTER COR 447 / COR 114 / COR 114,16MM,15755645,"150,00",0,27/5/2026,20/07/2026,40,133727,"R$ 120,00"
7,DASS NORDESTE CALCADOS E ART ESPORT SA,139021,1320199,95176,FITA M31119 C/ GOMA POLIESTER COR 053 / COR 114 / COR 114,16MM,15755645,"270,00",0,27/5/2026,20/07/2026,40,133727,"R$ 216,00"
7,DASS NORDESTE CALCADOS E ART ESPORT SA,139021,1416908,95301,FITA M31119 C/ GOMA POLIESTER COR 6038 / COR 5508 / COR 5508,16MM,15755645,"500,00",0,27/5/2026,20/07/2026,40,133727,"R$ 400,00"
7,DASS NORDESTE CALCADOS E ART ESPORT SA,139021,1416741,95302,FITA M31119 C/ GOMA POLIESTER COR 102 / COR 5508 / COR 5508,16MM,15755645,"420,00",0,27/5/2026,20/07/2026,40,133727,"R$ 336,00"
7,DASS NORDESTE CALCADOS E ART ESPORT SA,139021,1353472,95487,FITA M31119 C/ GOMA POLIESTER COR 5703 / COR 114 / COR 114,16MM,15755645,"100,00",0,27/5/2026,20/07/2026,40,133727,"R$ 80,00"
7,DASS NORDESTE CALCADOS E ART ESPORT SA,139021,1416938,95491,FITA M31119 C/ GOMA POLIESTER COR 6001 / COR 5508 / COR 5508,16MM,15755645,"490,00",0,27/5/2026,20/07/2026,40,133727,"R$ 392,00"
7,DASS NORDESTE CALCADOS E ART ESPORT SA,139021,1357708,95665,FITA M31119 C/ GOMA POLIESTER COR 114 / COR 102 / COR 102,16MM,15755645,"180,00",0,27/5/2026,20/07/2026,40,133727,"R$ 144,00"
7,DASS NORDESTE CALCADOS E ART ESPORT SA,139021,1429263,95666,FITA M31119 C/ GOMA POLIESTER COR 006 / COR 114 / COR 114,16MM,15755645,"110,00",0,27/5/2026,20/07/2026,40,133727,"R$ 88,00"
7,DASS NORDESTE CALCADOS E ART ESPORT SA,139042,1048885,70164,FITA MFGP C/ GOMA POLIESTER COR 100,6MM,15756812,"60,00",0,27/5/2026,03/08/2026,54,133753,"R$ 19,20"
7,DASS NORDESTE CALCADOS E ART ESPORT SA,139042,998350,70164,FITA MFGP C/ GOMA POLIESTER COR 100,10MM,15756812,"90,00",0,27/5/2026,03/08/2026,54,133753,"R$ 45,90"
7,DASS NORDESTE CALCADOS E ART ESPORT SA,139042,1098384,74030,FITA MFGP C/ GOMA POLIESTER COR 114,10MM,15756812,"200,00",0,27/5/2026,03/08/2026,54,133753,"R$ 102,00"
7,DASS NORDESTE CALCADOS E ART ESPORT SA,139042,1353470,92963,FITA M31119 C/ GOMA POLIESTER COR 102 / COR 100 / COR 100,16MM,15756812,"570,00",0,27/5/2026,03/08/2026,54,133753,"R$ 456,00"
7,DASS NORDESTE CALCADOS E ART ESPORT SA,139042,1416938,95491,FITA M31119 C/ GOMA POLIESTER COR 6001 / COR 5508 / COR 5508,16MM,15756812,"280,00",0,27/5/2026,03/08/2026,54,133753,"R$ 224,00"
7,DASS NORDESTE CALCADOS E ART ESPORT SA,139043,1316829,87946,FITA M31119 C/ GOMA POLIESTER COR 100/ COR 5535/ COR 102,16MM,15756875,"220,00",0,27/5/2026,10/08/2026,61,133754,"R$ 176,00"
7,DASS NORDESTE CALCADOS E ART ESPORT SA,139043,1353470,92963,FITA M31119 C/ GOMA POLIESTER COR 102 / COR 100 / COR 100,16MM,15756875,"200,00",0,27/5/2026,10/08/2026,61,133754,"R$ 160,00"
7,DASS NORDESTE CALCADOS E ART ESPORT SA,139043,1320199,95176,FITA M31119 C/ GOMA POLIESTER COR 053 / COR 114 / COR 114,16MM,15756875,"370,00",0,27/5/2026,10/08/2026,61,133754,"R$ 296,00"
7,DASS NORDESTE CALCADOS E ART ESPORT SA,139044,1423777,95490,ATAC. M60132 ALPINA COR 2001,125CM,15757057,"480,00",15744405BR314695,27/5/2026,10/08/2026,61,133755,"R$ 480,00"
7,DASS NORDESTE CALCADOS E ART ESPORT SA,139044,1423777,95490,ATAC. M60132 ALPINA COR 2001,135CM,15757057,"492,00",15744405BR314695,27/5/2026,10/08/2026,61,133755,"R$ 531,36"
7,DASS NORDESTE CALCADOS E ART ESPORT SA,139045,1316829,87946,FITA M31119 C/ GOMA POLIESTER COR 100/ COR 5535/ COR 102,16MM,15757165,"110,00",0,27/5/2026,24/08/2026,75,133756,"R$ 88,00"
7,DASS NORDESTE CALCADOS E ART ESPORT SA,139045,1320254,91023,FITA M31119 C/ GOMA POLIESTER COR 114 / COR 100 / COR 100,16MM,15757165,"160,00",0,27/5/2026,24/08/2026,75,133756,"R$ 128,00"
7,DASS NORDESTE CALCADOS E ART ESPORT SA,139045,1353470,92963,FITA M31119 C/ GOMA POLIESTER COR 102 / COR 100 / COR 100,16MM,15757165,"270,00",0,27/5/2026,24/08/2026,75,133756,"R$ 216,00"
7,DASS NORDESTE CALCADOS E ART ESPORT SA,139045,1400623,95146,FITA M31119 C/ GOMA POLIESTER COR 447 / COR 114 / COR 114,16MM,15757165,"180,00",0,27/5/2026,24/08/2026,75,133756,"R$ 144,00"
7,DASS NORDESTE CALCADOS E ART ESPORT SA,139046,1423777,95490,ATAC. M60132 ALPINA COR 2001,135CM,15757173,"216,00",15744418SBF806248,27/5/2026,24/08/2026,75,133757,"R$ 233,28"
7,DASS NORDESTE CALCADOS E ART ESPORT SA,139046,1423777,95490,ATAC. M60132 ALPINA COR 2001,145CM,15757173,"216,00",15744418SBF806248,27/5/2026,24/08/2026,75,133757,"R$ 250,56"
7,DASS NORDESTE CALCADOS E ART ESPORT SA,139061,1200761,83738,FITA M32164 C/ GOMA POLIESTER COR 533,10MM,15758616,"870,00",0,28/5/2026,27/07/2026,47,133772,"R$ 609,00"
7,DASS NORDESTE CALCADOS E ART ESPORT SA,139062,1065806,93661,ATAC. MR110029 RECICLADO COR 4662/PET,120CM,15758595,"84,00",15758319NBR3282839,28/5/2026,17/08/2026,68,133773,"R$ 92,40"
7,DASS NORDESTE CALCADOS E ART ESPORT SA,139062,1065806,93661,ATAC. MR110029 RECICLADO COR 4662/PET,120CM,15758595,"84,00",15758320NBR3282839,28/5/2026,17/08/2026,68,133773,"R$ 92,40"
7,DASS NORDESTE CALCADOS E ART ESPORT SA,139062,1065806,93661,ATAC. MR110029 RECICLADO COR 4662/PET,120CM,15758595,"60,00",15758322NBR3282957,28/5/2026,17/08/2026,68,133773,"R$ 66,00"
7,DASS NORDESTE CALCADOS E ART ESPORT SA,139062,1065806,93661,ATAC. MR110029 RECICLADO COR 4662/PET,120CM,15758595,"78,00",15758323NBR3282957,28/5/2026,17/08/2026,68,133773,"R$ 85,80"
7,DASS NORDESTE CALCADOS E ART ESPORT SA,139062,1065806,93661,ATAC. MR110029 RECICLADO COR 4662/PET,130CM,15758595,"771,00",15758319NBR3282839,28/5/2026,17/08/2026,68,133773,"R$ 925,20"
7,DASS NORDESTE CALCADOS E ART ESPORT SA,139062,1065806,93661,ATAC. MR110029 RECICLADO COR 4662/PET,130CM,15758595,"786,00",15758320NBR3282839,28/5/2026,17/08/2026,68,133773,"R$ 943,20"
7,DASS NORDESTE CALCADOS E ART ESPORT SA,139062,1065806,93661,ATAC. MR110029 RECICLADO COR 4662/PET,130CM,15758595,"963,00",15758322NBR3282957,28/5/2026,17/08/2026,68,133773,"R$ 1.155,60"
7,DASS NORDESTE CALCADOS E ART ESPORT SA,139062,1065806,93661,ATAC. MR110029 RECICLADO COR 4662/PET,130CM,15758595,"1.020,00",15758323NBR3282957,28/5/2026,17/08/2026,68,133773,"R$ 1.224,00"
7,DASS NORDESTE CALCADOS E ART ESPORT SA,139062,1065806,93661,ATAC. MR110029 RECICLADO COR 4662/PET,140CM,15758595,"174,00",15758319NBR3282839,28/5/2026,17/08/2026,68,133773,"R$ 224,46"
7,DASS NORDESTE CALCADOS E ART ESPORT SA,139062,1065806,93661,ATAC. MR110029 RECICLADO COR 4662/PET,140CM,15758595,"156,00",15758320NBR3282839,28/5/2026,17/08/2026,68,133773,"R$ 201,24"
7,DASS NORDESTE CALCADOS E ART ESPORT SA,139062,1065806,93661,ATAC. MR110029 RECICLADO COR 4662/PET,140CM,15758595,"120,00",15758322NBR3282957,28/5/2026,17/08/2026,68,133773,"R$ 154,80"
7,DASS NORDESTE CALCADOS E ART ESPORT SA,139062,1065806,93661,ATAC. MR110029 RECICLADO COR 4662/PET,140CM,15758595,"120,00",15758323NBR3282957,28/5/2026,17/08/2026,68,133773,"R$ 154,80"
7,DASS NORDESTE CALCADOS E ART ESPORT SA,139063,1065806,93661,ATAC. MR110029 RECICLADO COR 4662/PET,120CM,15758596,"84,00",15758317NBR3282838,28/5/2026,24/08/2026,75,133774,"R$ 92,40"
7,DASS NORDESTE CALCADOS E ART ESPORT SA,139063,1065806,93661,ATAC. MR110029 RECICLADO COR 4662/PET,120CM,15758596,"72,00",15758318NBR3282838,28/5/2026,24/08/2026,75,133774,"R$ 79,20"
7,DASS NORDESTE CALCADOS E ART ESPORT SA,139063,1065806,93661,ATAC. MR110029 RECICLADO COR 4662/PET,120CM,15758596,"72,00",15758324NBR3282958,28/5/2026,24/08/2026,75,133774,"R$ 79,20"
7,DASS NORDESTE CALCADOS E ART ESPORT SA,139063,1065806,93661,ATAC. MR110029 RECICLADO COR 4662/PET,120CM,15758596,"72,00",15758325NBR3282958,28/5/2026,24/08/2026,75,133774,"R$ 79,20"
7,DASS NORDESTE CALCADOS E ART ESPORT SA,139063,1065806,93661,ATAC. MR110029 RECICLADO COR 4662/PET,130CM,15758596,"746,00",15758317NBR3282838,28/5/2026,24/08/2026,75,133774,"R$ 895,20"
7,DASS NORDESTE CALCADOS E ART ESPORT SA,139063,1065806,93661,ATAC. MR110029 RECICLADO COR 4662/PET,130CM,15758596,"792,00",15758318NBR3282838,28/5/2026,24/08/2026,75,133774,"R$ 950,40"
7,DASS NORDESTE CALCADOS E ART ESPORT SA,139063,1065806,93661,ATAC. MR110029 RECICLADO COR 4662/PET,130CM,15758596,"806,00",15758324NBR3282958,28/5/2026,24/08/2026,75,133774,"R$ 967,20"
7,DASS NORDESTE CALCADOS E ART ESPORT SA,139063,1065806,93661,ATAC. MR110029 RECICLADO COR 4662/PET,130CM,15758596,"852,00",15758325NBR3282958,28/5/2026,24/08/2026,75,133774,"R$ 1.022,40"
7,DASS NORDESTE CALCADOS E ART ESPORT SA,139063,1065806,93661,ATAC. MR110029 RECICLADO COR 4662/PET,140CM,15758596,"72,00",15758317NBR3282838,28/5/2026,24/08/2026,75,133774,"R$ 92,88"
7,DASS NORDESTE CALCADOS E ART ESPORT SA,139063,1065806,93661,ATAC. MR110029 RECICLADO COR 4662/PET,140CM,15758596,"84,00",15758318NBR3282838,28/5/2026,24/08/2026,75,133774,"R$ 108,36"
7,DASS NORDESTE CALCADOS E ART ESPORT SA,139063,1065806,93661,ATAC. MR110029 RECICLADO COR 4662/PET,140CM,15758596,"90,00",15758324NBR3282958,28/5/2026,24/08/2026,75,133774,"R$ 116,10"
7,DASS NORDESTE CALCADOS E ART ESPORT SA,139063,1065806,93661,ATAC. MR110029 RECICLADO COR 4662/PET,140CM,15758596,"90,00",15758325NBR3282958,28/5/2026,24/08/2026,75,133774,"R$ 116,10"
7,DASS NORDESTE CALCADOS E ART ESPORT SA,139064,1065806,93661,ATAC. MR110029 RECICLADO COR 4662/PET,120CM,15758597,"84,00",15758315NBR3282837,28/5/2026,31/08/2026,82,133775,"R$ 92,40"
7,DASS NORDESTE CALCADOS E ART ESPORT SA,139064,1065806,93661,ATAC. MR110029 RECICLADO COR 4662/PET,120CM,15758597,"72,00",15758316NBR3282837,28/5/2026,31/08/2026,82,133775,"R$ 79,20"
7,DASS NORDESTE CALCADOS E ART ESPORT SA,139064,1065806,93661,ATAC. MR110029 RECICLADO COR 4662/PET,130CM,15758597,"770,00",15758315NBR3282837,28/5/2026,31/08/2026,82,133775,"R$ 924,00"
7,DASS NORDESTE CALCADOS E ART ESPORT SA,139064,1065806,93661,ATAC. MR110029 RECICLADO COR 4662/PET,130CM,15758597,"816,00",15758316NBR3282837,28/5/2026,31/08/2026,82,133775,"R$ 979,20"
7,DASS NORDESTE CALCADOS E ART ESPORT SA,139064,1065806,93661,ATAC. MR110029 RECICLADO COR 4662/PET,140CM,15758597,"72,00",15758315NBR3282837,28/5/2026,31/08/2026,82,133775,"R$ 92,88"
7,DASS NORDESTE CALCADOS E ART ESPORT SA,139064,1065806,93661,ATAC. MR110029 RECICLADO COR 4662/PET,140CM,15758597,"84,00",15758316NBR3282837,28/5/2026,31/08/2026,82,133775,"R$ 108,36"
7,DASS NORDESTE CALCADOS E ART ESPORT SA,139129,1320253,88146,FITA M31119 C/ GOMA POLIESTER COR 100/ COR 114/ COR 263,16MM,15762599,"40,00",0,29/5/2026,22/06/2026,12,133837,"R$ 32,00"
7,DASS NORDESTE CALCADOS E ART ESPORT SA,139130,1394708,92487,FITA M41476 C/ GOMA POLIESTER COR 114 / COR 599,12MM,15762614,"10,00",0,29/5/2026,20/07/2026,40,133838,"R$ 6,70"
7,DASS NORDESTE CALCADOS E ART ESPORT SA,139131,1181716,74237,FITA MR100001 C/ GOMA RECICLADO COR 4085/PET,15MM,15764695,"720,00",0,29/5/2026,27/07/2026,47,133839,"R$ 813,60"
7,DASS NORDESTE CALCADOS E ART ESPORT SA,139131,1194659,82625,FITA MR100001 C/ GOMA RECICLADO COR 4593/PET,15MM,15764695,"2.410,00",0,29/5/2026,27/07/2026,47,133839,"R$ 2.723,30"
7,DASS NORDESTE CALCADOS E ART ESPORT SA,139151,1045777,80460,FITA MFGP C/ GOMA POLIESTER COR 4750,15MM,15771059,"1.020,00",0,29/5/2026,17/06/2026,7,133859,"R$ 795,60"
7,DASS NORDESTE CALCADOS E ART ESPORT SA,139152,838994,70375,FITA MFGP C/ GOMA POLIESTER COR 678,15MM,15771060,"330,00",0,29/5/2026,17/06/2026,7,133860,"R$ 250,80"
7,DASS NORDESTE CALCADOS E ART ESPORT SA,139224,1220520,82624,FITA MR100037 C/ GOMA RECICLADO COR 100/PET,18MM,15775239,"510,00",0,1/6/2026,03/08/2026,54,133925,"R$ 703,80"
7,DASS NORDESTE CALCADOS E ART ESPORT SA,139225,1220520,82624,FITA MR100037 C/ GOMA RECICLADO COR 100/PET,18MM,15775260,"260,00",0,1/6/2026,10/08/2026,61,133926,"R$ 358,80"
7,DASS NORDESTE CALCADOS E ART ESPORT SA,139225,1220522,82626,FITA MR100038 C/ GOMA RECICLADO COR 4662/PET / COR 5400/B,18MM,15775260,"270,00",0,1/6/2026,10/08/2026,61,133926,"R$ 518,40"
7,DASS NORDESTE CALCADOS E ART ESPORT SA,139226,1188919,82628,ATAC. MR140014 6MM RECICLADO COR 4085/PET,105CM,15775192,"306,00",15773813NBR3282910,1/6/2026,17/08/2026,68,133927,"R$ 391,68"
7,DASS NORDESTE CALCADOS E ART ESPORT SA,139226,1188919,82628,ATAC. MR140014 6MM RECICLADO COR 4085/PET,105CM,15775192,"306,00",15773814NBR3282917,1/6/2026,17/08/2026,68,133927,"R$ 391,68"
7,DASS NORDESTE CALCADOS E ART ESPORT SA,139226,1188919,82628,ATAC. MR140014 6MM RECICLADO COR 4085/PET,110CM,15775192,"866,00",15773813NBR3282910,1/6/2026,17/08/2026,68,133927,"R$ 1.160,44"
7,DASS NORDESTE CALCADOS E ART ESPORT SA,139226,1188919,82628,ATAC. MR140014 6MM RECICLADO COR 4085/PET,110CM,15775192,"866,00",15773814NBR3282917,1/6/2026,17/08/2026,68,133927,"R$ 1.160,44"
7,DASS NORDESTE CALCADOS E ART ESPORT SA,139226,1188919,82628,ATAC. MR140014 6MM RECICLADO COR 4085/PET,115CM,15775192,"348,00",15773813NBR3282910,1/6/2026,17/08/2026,68,133927,"R$ 487,20"
7,DASS NORDESTE CALCADOS E ART ESPORT SA,139226,1188919,82628,ATAC. MR140014 6MM RECICLADO COR 4085/PET,115CM,15775192,"348,00",15773814NBR3282917,1/6/2026,17/08/2026,68,133927,"R$ 487,20"
7,DASS NORDESTE CALCADOS E ART ESPORT SA,139227,1220520,82624,FITA MR100037 C/ GOMA RECICLADO COR 100/PET,18MM,15775271,"860,00",0,1/6/2026,17/08/2026,68,133928,"R$ 1.186,80"
7,DASS NORDESTE CALCADOS E ART ESPORT SA,139228,1188919,82628,ATAC. MR140014 6MM RECICLADO COR 4085/PET,100CM,15775193,"96,00",15773818NBR3283033,1/6/2026,24/08/2026,75,133929,"R$ 117,12"
7,DASS NORDESTE CALCADOS E ART ESPORT SA,139228,1188919,82628,ATAC. MR140014 6MM RECICLADO COR 4085/PET,100CM,15775193,"120,00",15773819NBR3283033,1/6/2026,24/08/2026,75,133929,"R$ 146,40"
7,DASS NORDESTE CALCADOS E ART ESPORT SA,139228,1188919,82628,ATAC. MR140014 6MM RECICLADO COR 4085/PET,105CM,15775193,"734,00",15773818NBR3283033,1/6/2026,24/08/2026,75,133929,"R$ 939,52"
7,DASS NORDESTE CALCADOS E ART ESPORT SA,139228,1188919,82628,ATAC. MR140014 6MM RECICLADO COR 4085/PET,105CM,15775193,"762,00",15773819NBR3283033,1/6/2026,24/08/2026,75,133929,"R$ 975,36"
7,DASS NORDESTE CALCADOS E ART ESPORT SA,139228,1188919,82628,ATAC. MR140014 6MM RECICLADO COR 4085/PET,110CM,15775193,"54,00",15773818NBR3283033,1/6/2026,24/08/2026,75,133929,"R$ 72,36"
7,DASS NORDESTE CALCADOS E ART ESPORT SA,139228,1188919,82628,ATAC. MR140014 6MM RECICLADO COR 4085/PET,110CM,15775193,"36,00",15773819NBR3283033,1/6/2026,24/08/2026,75,133929,"R$ 48,24"
7,DASS NORDESTE CALCADOS E ART ESPORT SA,139228,1278311,86418,ATAC. MR140014 6MM RECICLADO COR 4662/PET,100CM,15775193,"108,00",15773828NBR3282886,1/6/2026,24/08/2026,75,133929,"R$ 131,76"
7,DASS NORDESTE CALCADOS E ART ESPORT SA,139228,1278311,86418,ATAC. MR140014 6MM RECICLADO COR 4662/PET,100CM,15775193,"114,00",15773829NBR3282886,1/6/2026,24/08/2026,75,133929,"R$ 139,08"
7,DASS NORDESTE CALCADOS E ART ESPORT SA,139228,1278311,86418,ATAC. MR140014 6MM RECICLADO COR 4662/PET,105CM,15775193,"746,00",15773828NBR3282886,1/6/2026,24/08/2026,75,133929,"R$ 954,88"
7,DASS NORDESTE CALCADOS E ART ESPORT SA,139228,1278311,86418,ATAC. MR140014 6MM RECICLADO COR 4662/PET,105CM,15775193,"792,00",15773829NBR3282886,1/6/2026,24/08/2026,75,133929,"R$ 1.013,76"
7,DASS NORDESTE CALCADOS E ART ESPORT SA,139228,1278311,86418,ATAC. MR140014 6MM RECICLADO COR 4662/PET,110CM,15775193,"48,00",15773828NBR3282886,1/6/2026,24/08/2026,75,133929,"R$ 64,32"
7,DASS NORDESTE CALCADOS E ART ESPORT SA,139228,1278311,86418,ATAC. MR140014 6MM RECICLADO COR 4662/PET,110CM,15775193,"48,00",15773829NBR3282886,1/6/2026,24/08/2026,75,133929,"R$ 64,32"
7,DASS NORDESTE CALCADOS E ART ESPORT SA,139229,1188919,82628,ATAC. MR140014 6MM RECICLADO COR 4085/PET,100CM,15775195,"96,00",15773820NBR3283034,1/6/2026,31/08/2026,82,133930,"R$ 117,12"
7,DASS NORDESTE CALCADOS E ART ESPORT SA,139229,1188919,82628,ATAC. MR140014 6MM RECICLADO COR 4085/PET,100CM,15775195,"120,00",15773821NBR3283034,1/6/2026,31/08/2026,82,133930,"R$ 146,40"
7,DASS NORDESTE CALCADOS E ART ESPORT SA,139229,1188919,82628,ATAC. MR140014 6MM RECICLADO COR 4085/PET,100CM,15775195,"96,00",15773822NBR3283035,1/6/2026,31/08/2026,82,133930,"R$ 117,12"
7,DASS NORDESTE CALCADOS E ART ESPORT SA,139229,1188919,82628,ATAC. MR140014 6MM RECICLADO COR 4085/PET,100CM,15775195,"102,00",15773823NBR3283035,1/6/2026,31/08/2026,82,133930,"R$ 124,44"
7,DASS NORDESTE CALCADOS E ART ESPORT SA,139229,1188919,82628,ATAC. MR140014 6MM RECICLADO COR 4085/PET,105CM,15775195,"734,00",15773820NBR3283034,1/6/2026,31/08/2026,82,133930,"R$ 939,52"
7,DASS NORDESTE CALCADOS E ART ESPORT SA,139229,1188919,82628,ATAC. MR140014 6MM RECICLADO COR 4085/PET,105CM,15775195,"762,00",15773821NBR3283034,1/6/2026,31/08/2026,82,133930,"R$ 975,36"
7,DASS NORDESTE CALCADOS E ART ESPORT SA,139229,1188919,82628,ATAC. MR140014 6MM RECICLADO COR 4085/PET,105CM,15775195,"698,00",15773822NBR3283035,1/6/2026,31/08/2026,82,133930,"R$ 893,44"
7,DASS NORDESTE CALCADOS E ART ESPORT SA,139229,1188919,82628,ATAC. MR140014 6MM RECICLADO COR 4085/PET,105CM,15775195,"702,00",15773823NBR3283035,1/6/2026,31/08/2026,82,133930,"R$ 898,56"
7,DASS NORDESTE CALCADOS E ART ESPORT SA,139229,1188919,82628,ATAC. MR140014 6MM RECICLADO COR 4085/PET,105CM,15775195,"192,00",15773816NBR3283036,1/6/2026,31/08/2026,82,133930,"R$ 245,76"
7,DASS NORDESTE CALCADOS E ART ESPORT SA,139229,1188919,82628,ATAC. MR140014 6MM RECICLADO COR 4085/PET,105CM,15775195,"234,00",15773817NBR3283036,1/6/2026,31/08/2026,82,133930,"R$ 299,52"
7,DASS NORDESTE CALCADOS E ART ESPORT SA,139229,1188919,82628,ATAC. MR140014 6MM RECICLADO COR 4085/PET,110CM,15775195,"54,00",15773820NBR3283034,1/6/2026,31/08/2026,82,133930,"R$ 72,36"
7,DASS NORDESTE CALCADOS E ART ESPORT SA,139229,1188919,82628,ATAC. MR140014 6MM RECICLADO COR 4085/PET,110CM,15775195,"36,00",15773821NBR3283034,1/6/2026,31/08/2026,82,133930,"R$ 48,24"
7,DASS NORDESTE CALCADOS E ART ESPORT SA,139229,1188919,82628,ATAC. MR140014 6MM RECICLADO COR 4085/PET,110CM,15775195,"48,00",15773822NBR3283035,1/6/2026,31/08/2026,82,133930,"R$ 64,32"
7,DASS NORDESTE CALCADOS E ART ESPORT SA,139229,1188919,82628,ATAC. MR140014 6MM RECICLADO COR 4085/PET,110CM,15775195,"36,00",15773823NBR3283035,1/6/2026,31/08/2026,82,133930,"R$ 48,24"
7,DASS NORDESTE CALCADOS E ART ESPORT SA,139229,1188919,82628,ATAC. MR140014 6MM RECICLADO COR 4085/PET,110CM,15775195,"609,00",15773816NBR3283036,1/6/2026,31/08/2026,82,133930,"R$ 816,06"
7,DASS NORDESTE CALCADOS E ART ESPORT SA,139229,1188919,82628,ATAC. MR140014 6MM RECICLADO COR 4085/PET,110CM,15775195,"606,00",15773817NBR3283036,1/6/2026,31/08/2026,82,133930,"R$ 812,04"
7,DASS NORDESTE CALCADOS E ART ESPORT SA,139229,1188919,82628,ATAC. MR140014 6MM RECICLADO COR 4085/PET,115CM,15775195,"240,00",15773816NBR3283036,1/6/2026,31/08/2026,82,133930,"R$ 336,00"
7,DASS NORDESTE CALCADOS E ART ESPORT SA,139229,1188919,82628,ATAC. MR140014 6MM RECICLADO COR 4085/PET,115CM,15775195,"246,00",15773817NBR3283036,1/6/2026,31/08/2026,82,133930,"R$ 344,40"
7,DASS NORDESTE CALCADOS E ART ESPORT SA,139278,1233815,84944,FITA MR100038 C/ GOMA RECICLADO COR 5469/PET / COR 5469/B,18MM,15775214,"180,00",0,2/6/2026,27/07/2026,47,133898,"R$ 345,60"
7,DASS NORDESTE CALCADOS E ART ESPORT SA,139279,1237086,84942,ATAC. MR140014 6MM RECICLADO COR 956/PET,105CM,15775190,"204,00",15773824NBR3282862,2/6/2026,10/08/2026,61,133899,"R$ 261,12"
7,DASS NORDESTE CALCADOS E ART ESPORT SA,139279,1237086,84942,ATAC. MR140014 6MM RECICLADO COR 956/PET,110CM,15775190,"584,00",15773824NBR3282862,2/6/2026,10/08/2026,61,133899,"R$ 782,56"
7,DASS NORDESTE CALCADOS E ART ESPORT SA,139279,1237086,84942,ATAC. MR140014 6MM RECICLADO COR 956/PET,115CM,15775190,"228,00",15773824NBR3282862,2/6/2026,10/08/2026,61,133899,"R$ 319,20"
7,DASS NORDESTE CALCADOS E ART ESPORT SA,139279,1360726,95705,ATAC. MR140014 6MM RECICLADO COR 057/PET,105CM,15775190,"216,00",15773832NBR3282851,2/6/2026,10/08/2026,61,133899,"R$ 276,48"
7,DASS NORDESTE CALCADOS E ART ESPORT SA,139279,1360726,95705,ATAC. MR140014 6MM RECICLADO COR 057/PET,105CM,15775190,"234,00",15773833NBR3282851,2/6/2026,10/08/2026,61,133899,"R$ 299,52"
7,DASS NORDESTE CALCADOS E ART ESPORT SA,139279,1360726,95705,ATAC. MR140014 6MM RECICLADO COR 057/PET,110CM,15775190,"633,00",15773832NBR3282851,2/6/2026,10/08/2026,61,133899,"R$ 848,22"
7,DASS NORDESTE CALCADOS E ART ESPORT SA,139279,1360726,95705,ATAC. MR140014 6MM RECICLADO COR 057/PET,110CM,15775190,"636,00",15773833NBR3282851,2/6/2026,10/08/2026,61,133899,"R$ 852,24"
7,DASS NORDESTE CALCADOS E ART ESPORT SA,139279,1360726,95705,ATAC. MR140014 6MM RECICLADO COR 057/PET,115CM,15775190,"252,00",15773832NBR3282851,2/6/2026,10/08/2026,61,133899,"R$ 352,80"
7,DASS NORDESTE CALCADOS E ART ESPORT SA,139279,1360726,95705,ATAC. MR140014 6MM RECICLADO COR 057/PET,115CM,15775190,"264,00",15773833NBR3282851,2/6/2026,10/08/2026,61,133899,"R$ 369,60"
7,DASS NORDESTE CALCADOS E ART ESPORT SA,139280,1220522,82626,FITA MR100038 C/ GOMA RECICLADO COR 4662/PET / COR 5400/B,18MM,15775321,"340,00",0,2/6/2026,24/08/2026,75,133900,"R$ 652,80"
7,DASS NORDESTE CALCADOS E ART ESPORT SA,139281,1220522,82626,FITA MR100038 C/ GOMA RECICLADO COR 4662/PET / COR 5400/B,18MM,15775331,"460,00",0,2/6/2026,31/08/2026,82,133901,"R$ 883,20"
7,DASS NORDESTE CALCADOS E ART ESPORT SA,139281,1359543,95706,FITA MR100038 C/ GOMA RECICLADO COR 057/PET / COR 5911/B,18MM,15775331,"300,00",0,2/6/2026,31/08/2026,82,133901,"R$ 576,00"
7,DASS NORDESTE CALCADOS E ART ESPORT SA,139282,1278311,86418,ATAC. MR140014 6MM RECICLADO COR 4662/PET,100CM,15775198,"144,00",15773825NBR3282885,2/6/2026,07/09/2026,89,133902,"R$ 175,68"
7,DASS NORDESTE CALCADOS E ART ESPORT SA,139282,1278311,86418,ATAC. MR140014 6MM RECICLADO COR 4662/PET,100CM,15775198,"144,00",15773827NBR3282885,2/6/2026,07/09/2026,89,133902,"R$ 175,68"
7,DASS NORDESTE CALCADOS E ART ESPORT SA,139282,1278311,86418,ATAC. MR140014 6MM RECICLADO COR 4662/PET,105CM,15775198,"963,00",15773825NBR3282885,2/6/2026,07/09/2026,89,133902,"R$ 1.232,64"
7,DASS NORDESTE CALCADOS E ART ESPORT SA,139282,1278311,86418,ATAC. MR140014 6MM RECICLADO COR 4662/PET,105CM,15775198,"1.014,00",15773827NBR3282885,2/6/2026,07/09/2026,89,133902,"R$ 1.297,92"
7,DASS NORDESTE CALCADOS E ART ESPORT SA,139282,1278311,86418,ATAC. MR140014 6MM RECICLADO COR 4662/PET,110CM,15775198,"60,00",15773825NBR3282885,2/6/2026,07/09/2026,89,133902,"R$ 80,40"
7,DASS NORDESTE CALCADOS E ART ESPORT SA,139282,1278311,86418,ATAC. MR140014 6MM RECICLADO COR 4662/PET,110CM,15775198,"60,00",15773827NBR3282885,2/6/2026,07/09/2026,89,133902,"R$ 80,40"
7,DASS NORDESTE CALCADOS E ART ESPORT SA,139282,1360726,95705,ATAC. MR140014 6MM RECICLADO COR 057/PET,105CM,15775198,"168,00",15773834NBR3282918,2/6/2026,07/09/2026,89,133902,"R$ 215,04"
7,DASS NORDESTE CALCADOS E ART ESPORT SA,139282,1360726,95705,ATAC. MR140014 6MM RECICLADO COR 057/PET,105CM,15775198,"210,00",15773835NBR3282918,2/6/2026,07/09/2026,89,133902,"R$ 268,80"
7,DASS NORDESTE CALCADOS E ART ESPORT SA,139282,1360726,95705,ATAC. MR140014 6MM RECICLADO COR 057/PET,110CM,15775198,"542,00",15773834NBR3282918,2/6/2026,07/09/2026,89,133902,"R$ 726,28"
7,DASS NORDESTE CALCADOS E ART ESPORT SA,139282,1360726,95705,ATAC. MR140014 6MM RECICLADO COR 057/PET,110CM,15775198,"534,00",15773835NBR3282918,2/6/2026,07/09/2026,89,133902,"R$ 715,56"
7,DASS NORDESTE CALCADOS E ART ESPORT SA,139282,1360726,95705,ATAC. MR140014 6MM RECICLADO COR 057/PET,115CM,15775198,"204,00",15773834NBR3282918,2/6/2026,07/09/2026,89,133902,"R$ 285,60"
7,DASS NORDESTE CALCADOS E ART ESPORT SA,139282,1360726,95705,ATAC. MR140014 6MM RECICLADO COR 057/PET,115CM,15775198,"228,00",15773835NBR3282918,2/6/2026,07/09/2026,89,133902,"R$ 319,20"
7,DASS NORDESTE CALCADOS E ART ESPORT SA,139283,1278311,86418,ATAC. MR140014 6MM RECICLADO COR 4662/PET,100CM,15775199,"192,00",15773830NBR3282887,2/6/2026,14/09/2026,96,133903,"R$ 234,24"
7,DASS NORDESTE CALCADOS E ART ESPORT SA,139283,1278311,86418,ATAC. MR140014 6MM RECICLADO COR 4662/PET,100CM,15775199,"192,00",15773831NBR3282898,2/6/2026,14/09/2026,96,133903,"R$ 234,24"
7,DASS NORDESTE CALCADOS E ART ESPORT SA,139283,1278311,86418,ATAC. MR140014 6MM RECICLADO COR 4662/PET,105CM,15775199,"1.322,00",15773830NBR3282887,2/6/2026,14/09/2026,96,133903,"R$ 1.692,16"
7,DASS NORDESTE CALCADOS E ART ESPORT SA,139283,1278311,86418,ATAC. MR140014 6MM RECICLADO COR 4662/PET,105CM,15775199,"1.328,00",15773831NBR3282898,2/6/2026,14/09/2026,96,133903,"R$ 1.699,84"
7,DASS NORDESTE CALCADOS E ART ESPORT SA,139283,1278311,86418,ATAC. MR140014 6MM RECICLADO COR 4662/PET,110CM,15775199,"78,00",15773830NBR3282887,2/6/2026,14/09/2026,96,133903,"R$ 104,52"
7,DASS NORDESTE CALCADOS E ART ESPORT SA,139283,1278311,86418,ATAC. MR140014 6MM RECICLADO COR 4662/PET,110CM,15775199,"78,00",15773831NBR3282898,2/6/2026,14/09/2026,96,133903,"R$ 104,52"
7,DASS NORDESTE CALCADOS E ART ESPORT SA,139283,1360726,95705,ATAC. MR140014 6MM RECICLADO COR 057/PET,105CM,15775199,"168,00",15773836NBR3282920,2/6/2026,14/09/2026,96,133903,"R$ 215,04"
7,DASS NORDESTE CALCADOS E ART ESPORT SA,139283,1360726,95705,ATAC. MR140014 6MM RECICLADO COR 057/PET,105CM,15775199,"186,00",15773837NBR3282920,2/6/2026,14/09/2026,96,133903,"R$ 238,08"
7,DASS NORDESTE CALCADOS E ART ESPORT SA,139283,1360726,95705,ATAC. MR140014 6MM RECICLADO COR 057/PET,110CM,15775199,"500,00",15773836NBR3282920,2/6/2026,14/09/2026,96,133903,"R$ 670,00"
7,DASS NORDESTE CALCADOS E ART ESPORT SA,139283,1360726,95705,ATAC. MR140014 6MM RECICLADO COR 057/PET,110CM,15775199,"504,00",15773837NBR3282920,2/6/2026,14/09/2026,96,133903,"R$ 675,36"
7,DASS NORDESTE CALCADOS E ART ESPORT SA,139283,1360726,95705,ATAC. MR140014 6MM RECICLADO COR 057/PET,115CM,15775199,"192,00",15773836NBR3282920,2/6/2026,14/09/2026,96,133903,"R$ 268,80"
7,DASS NORDESTE CALCADOS E ART ESPORT SA,139283,1360726,95705,ATAC. MR140014 6MM RECICLADO COR 057/PET,115CM,15775199,"210,00",15773837NBR3282920,2/6/2026,14/09/2026,96,133903,"R$ 294,00"
7,DASS NORDESTE CALCADOS E ART ESPORT SA,139294,1406217,95486,FITA M31119 C/ GOMA POLIESTER COR 447 / COR 100 / COR 100,16MM,15777761,"320,00",0,2/6/2026,10/08/2026,61,133931,"R$ 256,00"
7,DASS NORDESTE CALCADOS E ART ESPORT SA,139295,1411433,95384,FITA M31119 C/ GOMA POLIESTER COR 6008 / COR 102 / COR 102,16MM,15777750,"570,00",0,2/6/2026,20/07/2026,40,133932,"R$ 456,00"
7,DASS NORDESTE CALCADOS E ART ESPORT SA,139296,1359543,95706,FITA MR100038 C/ GOMA RECICLADO COR 057/PET / COR 5911/B,18MM,15775214,"380,00",0,2/6/2026,27/07/2026,47,133933,"R$ 729,60"
7,DASS NORDESTE CALCADOS E ART ESPORT SA,139297,108955,70164,FITA MFGP C/ GOMA POLIESTER COR 100,8MM,15777758,"140,00",0,2/6/2026,03/08/2026,54,133934,"R$ 58,80"
7,DASS NORDESTE CALCADOS E ART ESPORT SA,139297,998350,70164,FITA MFGP C/ GOMA POLIESTER COR 100,10MM,15777758,"120,00",0,2/6/2026,03/08/2026,54,133934,"R$ 61,20"
7,DASS NORDESTE CALCADOS E ART ESPORT SA,139297,1403347,92488,FITA MFGP C/ GOMA POLIESTER COR 6001,8MM,15777758,"60,00",0,2/6/2026,03/08/2026,54,133934,"R$ 25,20"
7,DASS NORDESTE CALCADOS E ART ESPORT SA,139297,1403346,92488,FITA MFGP C/ GOMA POLIESTER COR 6001,10MM,15777758,"40,00",0,2/6/2026,03/08/2026,54,133934,"R$ 20,40"
7,DASS NORDESTE CALCADOS E ART ESPORT SA,139297,1316829,87946,FITA M31119 C/ GOMA POLIESTER COR 100/ COR 5535/ COR 102,16MM,15777758,"440,00",0,2/6/2026,03/08/2026,54,133934,"R$ 352,00"
7,DASS NORDESTE CALCADOS E ART ESPORT SA,139297,1358112,92574,FITA M31119 C/ GOMA POLIESTER COR 057 / COR 102 / COR 102,16MM,15777758,"130,00",0,2/6/2026,03/08/2026,54,133934,"R$ 104,00"
7,DASS NORDESTE CALCADOS E ART ESPORT SA,139297,1411433,95384,FITA M31119 C/ GOMA POLIESTER COR 6008 / COR 102 / COR 102,16MM,15777758,"210,00",0,2/6/2026,03/08/2026,54,133934,"R$ 168,00"
7,DASS NORDESTE CALCADOS E ART ESPORT SA,139297,1406217,95486,FITA M31119 C/ GOMA POLIESTER COR 447 / COR 100 / COR 100,16MM,15777758,"440,00",0,2/6/2026,03/08/2026,54,133934,"R$ 352,00"
7,DASS NORDESTE CALCADOS E ART ESPORT SA,139298,1359543,95706,FITA MR100038 C/ GOMA RECICLADO COR 057/PET / COR 5911/B,18MM,15775321,"320,00",0,2/6/2026,24/08/2026,75,133935,"R$ 614,40"
7,DASS NORDESTE CALCADOS E ART ESPORT SA,139299,1411433,95384,FITA M31119 C/ GOMA POLIESTER COR 6008 / COR 102 / COR 102,16MM,15777765,"390,00",0,2/6/2026,24/08/2026,75,133936,"R$ 312,00"
7,DASS NORDESTE CALCADOS E ART ESPORT SA,139301,1406202,92300,FITA MFGP C/ GOMA POLIESTER COR 788,8MM,15777744,"350,00",0,2/6/2026,06/07/2026,26,133937,"R$ 147,00"
7,DASS NORDESTE CALCADOS E ART ESPORT SA,139301,1411433,95384,FITA M31119 C/ GOMA POLIESTER COR 6008 / COR 102 / COR 102,16MM,15777744,"1.240,00",0,2/6/2026,06/07/2026,26,133937,"R$ 992,00"
7,DASS NORDESTE CALCADOS E ART ESPORT SA,139301,1406217,95486,FITA M31119 C/ GOMA POLIESTER COR 447 / COR 100 / COR 100,16MM,15777744,"350,00",0,2/6/2026,06/07/2026,26,133937,"R$ 280,00"
7,DASS NORDESTE CALCADOS E ART ESPORT SA,139301,1406222,95712,FITA M31119 C/ GOMA POLIESTER COR 788 / COR 599 / COR 599,16MM,15777744,"400,00",0,2/6/2026,06/07/2026,26,133937,"R$ 320,00"
7,DASS NORDESTE CALCADOS E ART ESPORT SA,139302,1406202,92300,FITA MFGP C/ GOMA POLIESTER COR 788,8MM,15777748,"280,00",0,2/6/2026,13/07/2026,33,133938,"R$ 117,60"
7,DASS NORDESTE CALCADOS E ART ESPORT SA,139302,1411433,95384,FITA M31119 C/ GOMA POLIESTER COR 6008 / COR 102 / COR 102,16MM,15777748,"1.050,00",0,2/6/2026,13/07/2026,33,133938,"R$ 840,00"
7,DASS NORDESTE CALCADOS E ART ESPORT SA,139302,1406217,95486,FITA M31119 C/ GOMA POLIESTER COR 447 / COR 100 / COR 100,16MM,15777748,"590,00",0,2/6/2026,13/07/2026,33,133938,"R$ 472,00"
7,DASS NORDESTE CALCADOS E ART ESPORT SA,139302,1406222,95712,FITA M31119 C/ GOMA POLIESTER COR 788 / COR 599 / COR 599,16MM,15777748,"300,00",0,2/6/2026,13/07/2026,33,133938,"R$ 240,00"
7,DASS NORDESTE CALCADOS E ART ESPORT SA,139303,112354,71376,FITA MFGP C/ GOMA POLIESTER COR 102,8MM,15777753,"140,00",0,2/6/2026,27/07/2026,47,133939,"R$ 58,80"
7,DASS NORDESTE CALCADOS E ART ESPORT SA,139303,816595,71376,FITA MFGP C/ GOMA POLIESTER COR 102,10MM,15777753,"90,00",0,2/6/2026,27/07/2026,47,133939,"R$ 45,90"
7,DASS NORDESTE CALCADOS E ART ESPORT SA,139303,1269691,85854,FITA MFGP C/ GOMA POLIESTER COR 4039,8MM,15777753,"120,00",0,2/6/2026,27/07/2026,47,133939,"R$ 50,40"
7,DASS NORDESTE CALCADOS E ART ESPORT SA,139303,1397607,85854,FITA MFGP C/ GOMA POLIESTER COR 4039,10MM,15777753,"70,00",0,2/6/2026,27/07/2026,47,133939,"R$ 35,70"
7,DASS NORDESTE CALCADOS E ART ESPORT SA,139303,1316853,87520,FITA MFGP C/ GOMA POLIESTER COR 324,8MM,15777753,"160,00",0,2/6/2026,27/07/2026,47,133939,"R$ 67,20"
7,DASS NORDESTE CALCADOS E ART ESPORT SA,139303,1406202,92300,FITA MFGP C/ GOMA POLIESTER COR 788,8MM,15777753,"100,00",0,2/6/2026,27/07/2026,47,133939,"R$ 42,00"
7,DASS NORDESTE CALCADOS E ART ESPORT SA,139303,1324891,88266,FITA M31119 C/ GOMA POLIESTER COR 075/ COR 100/ COR 102,16MM,15777753,"170,00",0,2/6/2026,27/07/2026,47,133939,"R$ 136,00"
7,DASS NORDESTE CALCADOS E ART ESPORT SA,139303,1294763,89100,FITA M31119 C/ GOMA POLIESTER COR 102 / COR 5535 / COR 5535,16MM,15777753,"300,00",0,2/6/2026,27/07/2026,47,133939,"R$ 240,00"
7,DASS NORDESTE CALCADOS E ART ESPORT SA,139303,1416744,95300,FITA M31119 C/ GOMA POLIESTER COR 814 / COR 100 / COR 100,16MM,15777753,"280,00",0,2/6/2026,27/07/2026,47,133939,"R$ 224,00"
7,DASS NORDESTE CALCADOS E ART ESPORT SA,139303,1406222,95712,FITA M31119 C/ GOMA POLIESTER COR 788 / COR 599 / COR 599,16MM,15777753,"110,00",0,2/6/2026,27/07/2026,47,133939,"R$ 88,00"
7,DASS NORDESTE CALCADOS E ART ESPORT SA,139370,108955,70164,FITA MFGP C/ GOMA POLIESTER COR 100,8MM,15786774,"40,00",0,4/6/2026,03/08/2026,54,133997,"R$ 16,80"
7,DASS NORDESTE CALCADOS E ART ESPORT SA,139370,998350,70164,FITA MFGP C/ GOMA POLIESTER COR 100,10MM,15786774,"30,00",0,4/6/2026,03/08/2026,54,133997,"R$ 15,30"
7,DASS NORDESTE CALCADOS E ART ESPORT SA,139371,1316829,87946,FITA M31119 C/ GOMA POLIESTER COR 100/ COR 5535/ COR 102,16MM,15786775,"100,00",0,4/6/2026,24/08/2026,75,133998,"R$ 80,00"
7,DASS NORDESTE CALCADOS E ART ESPORT SA,139372,1200469,74007,FITA M32164 C/ GOMA POLIESTER COR 4085,10MM,15787757,"220,00",0,4/6/2026,19/06/2026,9,134034,"R$ 154,00"
7,DASS NORDESTE CALCADOS E ART ESPORT SA,139372,1247438,83739,FITA M32164 C/ GOMA POLIESTER COR 4662,10MM,15787757,"210,00",0,4/6/2026,19/06/2026,9,134034,"R$ 147,00"
7,DASS NORDESTE CALCADOS E ART ESPORT SA,139372,1065276,74236,FITA MR100001 C/ GOMA RECICLADO COR 4662/PET,10MM,15787757,"980,00",0,4/6/2026,19/06/2026,9,134034,"R$ 803,60"
7,DASS NORDESTE CALCADOS E ART ESPORT SA,139372,1065278,74237,FITA MR100001 C/ GOMA RECICLADO COR 4085/PET,10MM,15787757,"380,00",0,4/6/2026,19/06/2026,9,134034,"R$ 311,60"
7,DASS NORDESTE CALCADOS E ART ESPORT SA,139373,1065806,93661,ATAC. MR110029 RECICLADO COR 4662/PET,135CM,15787733,"951,00",15787212NBR3283112,4/6/2026,29/06/2026,19,134035,"R$ 1.179,24"
7,DASS NORDESTE CALCADOS E ART ESPORT SA,139373,1065806,93661,ATAC. MR110029 RECICLADO COR 4662/PET,135CM,15787733,"960,00",15787213NBR3283112,4/6/2026,29/06/2026,19,134035,"R$ 1.190,40"
7,DASS NORDESTE CALCADOS E ART ESPORT SA,139373,1065806,93661,ATAC. MR110029 RECICLADO COR 4662/PET,135CM,15787733,"734,00",15787214NBR3283113,4/6/2026,29/06/2026,19,134035,"R$ 910,16"
7,DASS NORDESTE CALCADOS E ART ESPORT SA,139373,1065806,93661,ATAC. MR110029 RECICLADO COR 4662/PET,135CM,15787733,"732,00",15787215NBR3283113,4/6/2026,29/06/2026,19,134035,"R$ 907,68"
7,DASS NORDESTE CALCADOS E ART ESPORT SA,139373,1065806,93661,ATAC. MR110029 RECICLADO COR 4662/PET,140CM,15787733,"192,00",15787212NBR3283112,4/6/2026,29/06/2026,19,134035,"R$ 247,68"
7,DASS NORDESTE CALCADOS E ART ESPORT SA,139373,1065806,93661,ATAC. MR110029 RECICLADO COR 4662/PET,140CM,15787733,"198,00",15787213NBR3283112,4/6/2026,29/06/2026,19,134035,"R$ 255,42"
7,DASS NORDESTE CALCADOS E ART ESPORT SA,139373,1065806,93661,ATAC. MR110029 RECICLADO COR 4662/PET,140CM,15787733,"84,00",15787214NBR3283113,4/6/2026,29/06/2026,19,134035,"R$ 108,36"
7,DASS NORDESTE CALCADOS E ART ESPORT SA,139373,1065806,93661,ATAC. MR110029 RECICLADO COR 4662/PET,140CM,15787733,"72,00",15787215NBR3283113,4/6/2026,29/06/2026,19,134035,"R$ 92,88"
7,DASS NORDESTE CALCADOS E ART ESPORT SA,139373,1069210,93696,ATAC. MR110029 RECICLADO COR 4085/PET,135CM,15787733,"656,00",15787206NBR3283114,4/6/2026,29/06/2026,19,134035,"R$ 813,44"
7,DASS NORDESTE CALCADOS E ART ESPORT SA,139373,1069210,93696,ATAC. MR110029 RECICLADO COR 4085/PET,135CM,15787733,"654,00",15787207NBR3283114,4/6/2026,29/06/2026,19,134035,"R$ 810,96"
7,DASS NORDESTE CALCADOS E ART ESPORT SA,139373,1069210,93696,ATAC. MR110029 RECICLADO COR 4085/PET,135CM,15787733,"1.323,00",15787208NBR3283116,4/6/2026,29/06/2026,19,134035,"R$ 1.640,52"
7,DASS NORDESTE CALCADOS E ART ESPORT SA,139373,1069210,93696,ATAC. MR110029 RECICLADO COR 4085/PET,135CM,15787733,"1.350,00",15787209NBR3283116,4/6/2026,29/06/2026,19,134035,"R$ 1.674,00"
7,DASS NORDESTE CALCADOS E ART ESPORT SA,139373,1069210,93696,ATAC. MR110029 RECICLADO COR 4085/PET,140CM,15787733,"72,00",15787206NBR3283114,4/6/2026,29/06/2026,19,134035,"R$ 92,88"
7,DASS NORDESTE CALCADOS E ART ESPORT SA,139373,1069210,93696,ATAC. MR110029 RECICLADO COR 4085/PET,140CM,15787733,"78,00",15787207NBR3283114,4/6/2026,29/06/2026,19,134035,"R$ 100,62"
7,DASS NORDESTE CALCADOS E ART ESPORT SA,139373,1069210,93696,ATAC. MR110029 RECICLADO COR 4085/PET,140CM,15787733,"144,00",15787208NBR3283116,4/6/2026,29/06/2026,19,134035,"R$ 185,76"
7,DASS NORDESTE CALCADOS E ART ESPORT SA,139373,1069210,93696,ATAC. MR110029 RECICLADO COR 4085/PET,140CM,15787733,"150,00",15787209NBR3283116,4/6/2026,29/06/2026,19,134035,"R$ 193,50"
7,DASS NORDESTE CALCADOS E ART ESPORT SA,139374,1188919,82628,ATAC. MR140014 6MM RECICLADO COR 4085/PET,100CM,15787734,"944,00",15787218NBR3282604,4/6/2026,06/07/2026,26,134036,"R$ 1.151,68"
7,DASS NORDESTE CALCADOS E ART ESPORT SA,139374,1188919,82628,ATAC. MR140014 6MM RECICLADO COR 4085/PET,105CM,15787734,"486,00",15787218NBR3282604,4/6/2026,06/07/2026,26,134036,"R$ 622,08"
7,DASS NORDESTE CALCADOS E ART ESPORT SA,139374,1065806,93661,ATAC. MR110029 RECICLADO COR 4662/PET,130CM,15787734,"444,00",15787204NBR3283110,4/6/2026,06/07/2026,26,134036,"R$ 532,80"
7,DASS NORDESTE CALCADOS E ART ESPORT SA,139374,1065806,93661,ATAC. MR110029 RECICLADO COR 4662/PET,130CM,15787734,"456,00",15787205NBR3283110,4/6/2026,06/07/2026,26,134036,"R$ 547,20"
7,DASS NORDESTE CALCADOS E ART ESPORT SA,139374,1065806,93661,ATAC. MR110029 RECICLADO COR 4662/PET,135CM,15787734,"921,00",15787210NBR3282978,4/6/2026,06/07/2026,26,134036,"R$ 1.142,04"
7,DASS NORDESTE CALCADOS E ART ESPORT SA,139374,1065806,93661,ATAC. MR110029 RECICLADO COR 4662/PET,135CM,15787734,"942,00",15787211NBR3282978,4/6/2026,06/07/2026,26,134036,"R$ 1.168,08"
7,DASS NORDESTE CALCADOS E ART ESPORT SA,139374,1065806,93661,ATAC. MR110029 RECICLADO COR 4662/PET,135CM,15787734,"440,00",15787204NBR3283110,4/6/2026,06/07/2026,26,134036,"R$ 545,60"
7,DASS NORDESTE CALCADOS E ART ESPORT SA,139374,1065806,93661,ATAC. MR110029 RECICLADO COR 4662/PET,135CM,15787734,"462,00",15787205NBR3283110,4/6/2026,06/07/2026,26,134036,"R$ 572,88"
7,DASS NORDESTE CALCADOS E ART ESPORT SA,139374,1065806,93661,ATAC. MR110029 RECICLADO COR 4662/PET,135CM,15787734,"734,00",15787216NBR3283115,4/6/2026,06/07/2026,26,134036,"R$ 910,16"
7,DASS NORDESTE CALCADOS E ART ESPORT SA,139374,1065806,93661,ATAC. MR110029 RECICLADO COR 4662/PET,135CM,15787734,"732,00",15787217NBR3283115,4/6/2026,06/07/2026,26,134036,"R$ 907,68"
7,DASS NORDESTE CALCADOS E ART ESPORT SA,139374,1065806,93661,ATAC. MR110029 RECICLADO COR 4662/PET,140CM,15787734,"108,00",15787210NBR3282978,4/6/2026,06/07/2026,26,134036,"R$ 139,32"
7,DASS NORDESTE CALCADOS E ART ESPORT SA,139374,1065806,93661,ATAC. MR110029 RECICLADO COR 4662/PET,140CM,15787734,"102,00",15787211NBR3282978,4/6/2026,06/07/2026,26,134036,"R$ 131,58"
7,DASS NORDESTE CALCADOS E ART ESPORT SA,139374,1065806,93661,ATAC. MR110029 RECICLADO COR 4662/PET,140CM,15787734,"84,00",15787216NBR3283115,4/6/2026,06/07/2026,26,134036,"R$ 108,36"
7,DASS NORDESTE CALCADOS E ART ESPORT SA,139374,1065806,93661,ATAC. MR110029 RECICLADO COR 4662/PET,140CM,15787734,"72,00",15787217NBR3283115,4/6/2026,06/07/2026,26,134036,"R$ 92,88"
7,DASS NORDESTE CALCADOS E ART ESPORT SA,139375,1278311,86418,ATAC. MR140014 6MM RECICLADO COR 4662/PET,100CM,15787736,"12,00",15787220NBR3282677,4/6/2026,13/07/2026,33,134037,"R$ 14,64"
7,DASS NORDESTE CALCADOS E ART ESPORT SA,139375,1278311,86418,ATAC. MR140014 6MM RECICLADO COR 4662/PET,100CM,15787736,"12,00",15787221NBR3282688,4/6/2026,13/07/2026,33,134037,"R$ 14,64"
7,DASS NORDESTE CALCADOS E ART ESPORT SA,139375,1278311,86418,ATAC. MR140014 6MM RECICLADO COR 4662/PET,105CM,15787736,"498,00",15787220NBR3282677,4/6/2026,13/07/2026,33,134037,"R$ 637,44"
7,DASS NORDESTE CALCADOS E ART ESPORT SA,139375,1278311,86418,ATAC. MR140014 6MM RECICLADO COR 4662/PET,105CM,15787736,"498,00",15787221NBR3282688,4/6/2026,13/07/2026,33,134037,"R$ 637,44"
7,DASS NORDESTE CALCADOS E ART ESPORT SA,139375,1278311,86418,ATAC. MR140014 6MM RECICLADO COR 4662/PET,110CM,15787736,"746,00",15787220NBR3282677,4/6/2026,13/07/2026,33,134037,"R$ 999,64"
7,DASS NORDESTE CALCADOS E ART ESPORT SA,139375,1278311,86418,ATAC. MR140014 6MM RECICLADO COR 4662/PET,110CM,15787736,"746,00",15787221NBR3282688,4/6/2026,13/07/2026,33,134037,"R$ 999,64"
7,DASS NORDESTE CALCADOS E ART ESPORT SA,139375,1278311,86418,ATAC. MR140014 6MM RECICLADO COR 4662/PET,115CM,15787736,"96,00",15787220NBR3282677,4/6/2026,13/07/2026,33,134037,"R$ 134,40"
7,DASS NORDESTE CALCADOS E ART ESPORT SA,139375,1278311,86418,ATAC. MR140014 6MM RECICLADO COR 4662/PET,115CM,15787736,"96,00",15787221NBR3282688,4/6/2026,13/07/2026,33,134037,"R$ 134,40"
7,DASS NORDESTE CALCADOS E ART ESPORT SA,139375,1065806,93661,ATAC. MR110029 RECICLADO COR 4662/PET,130CM,15787736,"528,00",15787202NBR3282984,4/6/2026,13/07/2026,33,134037,"R$ 633,60"
7,DASS NORDESTE CALCADOS E ART ESPORT SA,139375,1065806,93661,ATAC. MR110029 RECICLADO COR 4662/PET,130CM,15787736,"582,00",15787203NBR3282984,4/6/2026,13/07/2026,33,134037,"R$ 698,40"
7,DASS NORDESTE CALCADOS E ART ESPORT SA,139375,1065806,93661,ATAC. MR110029 RECICLADO COR 4662/PET,135CM,15787736,"561,00",15787202NBR3282984,4/6/2026,13/07/2026,33,134037,"R$ 695,64"
7,DASS NORDESTE CALCADOS E ART ESPORT SA,139375,1065806,93661,ATAC. MR110029 RECICLADO COR 4662/PET,135CM,15787736,"552,00",15787203NBR3282984,4/6/2026,13/07/2026,33,134037,"R$ 684,48"
7,DASS NORDESTE CALCADOS E ART ESPORT SA,139376,1188919,82628,ATAC. MR140014 6MM RECICLADO COR 4085/PET,100CM,15787737,"944,00",15787219NBR3282616,4/6/2026,20/07/2026,40,134038,"R$ 1.151,68"
7,DASS NORDESTE CALCADOS E ART ESPORT SA,139376,1188919,82628,ATAC. MR140014 6MM RECICLADO COR 4085/PET,105CM,15787737,"486,00",15787219NBR3282616,4/6/2026,20/07/2026,40,134038,"R$ 622,08"
7,DASS NORDESTE CALCADOS E ART ESPORT SA,139428,1188919,82628,ATAC. MR140014 6MM RECICLADO COR 4085/PET,110CM,15797564,"186,00",803401,8/6/2026,15/06/2026,5,134175,"R$ 249,24"
7,DASS NORDESTE CALCADOS E ART ESPORT SA,139429,1301596,87593,FITA MR100001 C/ GOMA RECICLADO COR 5364/PET,15MM,15797567,"22,00",8034017,8/6/2026,15/06/2026,5,134176,"R$ 24,86"
7,DASS NORDESTE CALCADOS E ART ESPORT SA,139429,1359166,92434,FITA MR100001 C/ GOMA RECICLADO COR 4489/1PET,15MM,15797567,"35,00",8034018,8/6/2026,15/06/2026,5,134176,"R$ 39,55"
7,DASS NORDESTE CALCADOS E ART ESPORT SA,139429,1359166,92434,FITA MR100001 C/ GOMA RECICLADO COR 4489/1PET,15MM,15797567,"40,00",800707,8/6/2026,15/06/2026,5,134176,"R$ 45,20"
7,DASS NORDESTE CALCADOS E ART ESPORT SA,139502,1301596,87593,FITA MR100001 C/ GOMA RECICLADO COR 5364/PET,15MM,15807796,"30,00",800706,10/6/2026,24/06/2026,14,134253,"R$ 33,90"
70,DASS NORDESTE CALC ARTIGOS ESPORT LTDA,137531,1314368,87520,FITA MFGP C/ GOMA POLIESTER COR 324,12MM,15570484,"610,00",0,16/4/2026,15/06/2026,5,132353,"R$ 378,20"
70,DASS NORDESTE CALC ARTIGOS ESPORT LTDA,137677,1413355,95092,FITA MFGP C/ GOMA POLIESTER COR 599 / COR 100 / COR 599,15MM,15591786,"270,00",0,22/4/2026,15/06/2026,5,132508,"R$ 210,60"
70,DASS NORDESTE CALC ARTIGOS ESPORT LTDA,137677,1401457,95093,FITA MFGP C/ GOMA POLIESTER COR 6038 / COR 4039 / COR 6038,15MM,15591786,"210,00",0,22/4/2026,15/06/2026,5,132508,"R$ 163,80"
70,DASS NORDESTE CALC ARTIGOS ESPORT LTDA,137677,1401453,95094,FITA MFGP C/ GOMA POLIESTER COR 100 / COR 788 / COR 100,15MM,15591786,"820,00",0,22/4/2026,15/06/2026,5,132508,"R$ 639,60"
70,DASS NORDESTE CALC ARTIGOS ESPORT LTDA,137770,1413355,95092,FITA MFGP C/ GOMA POLIESTER COR 599 / COR 100 / COR 599,15MM,15597127,"60,00",0,23/4/2026,15/06/2026,5,132561,"R$ 46,80"
70,DASS NORDESTE CALC ARTIGOS ESPORT LTDA,138359,902057,73522,FITA MFGP C/ GOMA POLIESTER COR 057,15MM,15677420,"70,00",0,9/5/2026,15/06/2026,5,133145,"R$ 54,60"
70,DASS NORDESTE CALC ARTIGOS ESPORT LTDA,138360,1410184,74780,FITA MFGP POLIESTER COR 263,15MM,15678454,"8.130,00",0,9/5/2026,17/06/2026,7,133146,"R$ 4.878,00"
70,DASS NORDESTE CALC ARTIGOS ESPORT LTDA,138361,709798,74296,FITA MFGP POLIESTER COR 303,15MM,15678974,"510,00",0,9/5/2026,17/06/2026,7,133147,"R$ 306,00"
70,DASS NORDESTE CALC ARTIGOS ESPORT LTDA,138362,991872,76013,ATAC. M13723 6MM POLIESTER COR 102,115CM,15679291,"444,00",15669015BRITB00524,9/5/2026,22/06/2026,12,133148,"R$ 306,36"
70,DASS NORDESTE CALC ARTIGOS ESPORT LTDA,138362,991872,76013,ATAC. M13723 6MM POLIESTER COR 102,125CM,15679291,"564,00",15669015BRITB00524,9/5/2026,22/06/2026,12,133148,"R$ 423,00"
70,DASS NORDESTE CALC ARTIGOS ESPORT LTDA,138363,898941,70164,FITA MFGP C/ GOMA POLIESTER COR 100,12MM,15675023,"330,00",0,9/5/2026,06/07/2026,26,133149,"R$ 204,60"
70,DASS NORDESTE CALC ARTIGOS ESPORT LTDA,138371,1175750,76014,ATAC. M13723 6MM POLIESTER COR 057,105CM,15679337,"420,00",15669160NET000068,9/5/2026,15/06/2026,5,133153,"R$ 264,60"
70,DASS NORDESTE CALC ARTIGOS ESPORT LTDA,138371,1175750,76014,ATAC. M13723 6MM POLIESTER COR 057,115CM,15679337,"300,00",15669160NET000068,9/5/2026,15/06/2026,5,133153,"R$ 207,00"
70,DASS NORDESTE CALC ARTIGOS ESPORT LTDA,138371,1175750,76014,ATAC. M13723 6MM POLIESTER COR 057,115CM,15679337,"84,00",15669161NET000074,9/5/2026,15/06/2026,5,133153,"R$ 57,96"
70,DASS NORDESTE CALC ARTIGOS ESPORT LTDA,138394,898941,70164,FITA MFGP C/ GOMA POLIESTER COR 100,12MM,15675064,"2.190,00",0,11/5/2026,15/06/2026,5,133171,"R$ 1.357,80"
70,DASS NORDESTE CALC ARTIGOS ESPORT LTDA,138394,1397653,92488,FITA MFGP C/ GOMA POLIESTER COR 6001,15MM,15675064,"220,00",0,11/5/2026,15/06/2026,5,133171,"R$ 171,60"
70,DASS NORDESTE CALC ARTIGOS ESPORT LTDA,138394,1428595,92827,FITA MFGP C/ GOMA POLIESTER COR 6002,15MM,15675064,"330,00",0,11/5/2026,15/06/2026,5,133171,"R$ 257,40"
70,DASS NORDESTE CALC ARTIGOS ESPORT LTDA,138394,1404666,92991,FITA M31119 C/ GOMA POLIESTER COR 100 / COR 5768 / COR 599,16MM,15675064,"250,00",0,11/5/2026,15/06/2026,5,133171,"R$ 200,00"
70,DASS NORDESTE CALC ARTIGOS ESPORT LTDA,138394,1403058,95382,FITA M31119 C/ GOMA POLIESTER COR 788 / COR 5768 / COR 5768,16MM,15675064,"130,00",0,11/5/2026,15/06/2026,5,133171,"R$ 104,00"
70,DASS NORDESTE CALC ARTIGOS ESPORT LTDA,138394,1417771,95383,FITA M31119 C/ GOMA POLIESTER COR 5855 / COR 5768 / COR 5768,16MM,15675064,"240,00",0,11/5/2026,15/06/2026,5,133171,"R$ 192,00"
70,DASS NORDESTE CALC ARTIGOS ESPORT LTDA,138395,898941,70164,FITA MFGP C/ GOMA POLIESTER COR 100,12MM,15675053,"2.250,00",0,11/5/2026,22/06/2026,12,133172,"R$ 1.395,00"
70,DASS NORDESTE CALC ARTIGOS ESPORT LTDA,138395,1240579,70375,FITA MFGP C/ GOMA POLIESTER COR 678,12MM,15675053,"250,00",0,11/5/2026,22/06/2026,12,133172,"R$ 155,00"
70,DASS NORDESTE CALC ARTIGOS ESPORT LTDA,138395,1386809,76010,FITA MFGP C/ GOMA POLIESTER COR 447,12MM,15675053,"230,00",0,11/5/2026,22/06/2026,12,133172,"R$ 142,60"
70,DASS NORDESTE CALC ARTIGOS ESPORT LTDA,138395,1273335,85997,FITA MFGP C/ GOMA POLIESTER COR 5507,12MM,15675053,"390,00",0,11/5/2026,22/06/2026,12,133172,"R$ 241,80"
70,DASS NORDESTE CALC ARTIGOS ESPORT LTDA,138395,1411787,86298,FITA MFGP C/ GOMA POLIESTER COR 486,12MM,15675053,"320,00",0,11/5/2026,22/06/2026,12,133172,"R$ 198,40"
70,DASS NORDESTE CALC ARTIGOS ESPORT LTDA,138395,1387456,92181,FITA MFGP C/ GOMA POLIESTER COR 5094,15MM,15675053,"320,00",0,11/5/2026,22/06/2026,12,133172,"R$ 249,60"
70,DASS NORDESTE CALC ARTIGOS ESPORT LTDA,138395,1416908,95301,FITA M31119 C/ GOMA POLIESTER COR 6038 / COR 5508 / COR 5508,16MM,15675053,"270,00",0,11/5/2026,22/06/2026,12,133172,"R$ 216,00"
70,DASS NORDESTE CALC ARTIGOS ESPORT LTDA,138395,1411433,95384,FITA M31119 C/ GOMA POLIESTER COR 6008 / COR 102 / COR 102,16MM,15675053,"110,00",0,11/5/2026,22/06/2026,12,133172,"R$ 88,00"
70,DASS NORDESTE CALC ARTIGOS ESPORT LTDA,138396,898941,70164,FITA MFGP C/ GOMA POLIESTER COR 100,12MM,15675037,"550,00",0,11/5/2026,29/06/2026,19,133173,"R$ 341,00"
70,DASS NORDESTE CALC ARTIGOS ESPORT LTDA,138396,1273335,85997,FITA MFGP C/ GOMA POLIESTER COR 5507,12MM,15675037,"190,00",0,11/5/2026,29/06/2026,19,133173,"R$ 117,80"
70,DASS NORDESTE CALC ARTIGOS ESPORT LTDA,138396,1401825,95385,FITA M31119 C/ GOMA POLIESTER COR 814 / COR 5508 / COR 5508,16MM,15675037,"80,00",0,11/5/2026,29/06/2026,19,133173,"R$ 64,00"
70,DASS NORDESTE CALC ARTIGOS ESPORT LTDA,138422,1428592,95399,ATAC. M13723 6MM POLIESTER COR 5855,95CM,15682976,"492,00",15669186NET000071,11/5/2026,15/06/2026,5,133197,"R$ 280,44"
70,DASS NORDESTE CALC ARTIGOS ESPORT LTDA,138422,1428592,95399,ATAC. M13723 6MM POLIESTER COR 5855,95CM,15682976,"144,00",15669187NET000077,11/5/2026,15/06/2026,5,133197,"R$ 82,08"
70,DASS NORDESTE CALC ARTIGOS ESPORT LTDA,138422,1428592,95399,ATAC. M13723 6MM POLIESTER COR 5855,105CM,15682976,"588,00",15669186NET000071,11/5/2026,15/06/2026,5,133197,"R$ 370,44"
70,DASS NORDESTE CALC ARTIGOS ESPORT LTDA,138422,1428592,95399,ATAC. M13723 6MM POLIESTER COR 5855,105CM,15682976,"180,00",15669187NET000077,11/5/2026,15/06/2026,5,133197,"R$ 113,40"
70,DASS NORDESTE CALC ARTIGOS ESPORT LTDA,138423,1428591,95397,ATAC. M13723 6MM POLIESTER COR 5094,105CM,15682956,"612,00",15669164NET000069,11/5/2026,22/06/2026,12,133198,"R$ 385,56"
70,DASS NORDESTE CALC ARTIGOS ESPORT LTDA,138423,1428591,95397,ATAC. M13723 6MM POLIESTER COR 5094,105CM,15682956,"192,00",15669165NET000075,11/5/2026,22/06/2026,12,133198,"R$ 120,96"
70,DASS NORDESTE CALC ARTIGOS ESPORT LTDA,138423,1428591,95397,ATAC. M13723 6MM POLIESTER COR 5094,115CM,15682956,"456,00",15669164NET000069,11/5/2026,22/06/2026,12,133198,"R$ 314,64"
70,DASS NORDESTE CALC ARTIGOS ESPORT LTDA,138423,1428591,95397,ATAC. M13723 6MM POLIESTER COR 5094,115CM,15682956,"132,00",15669165NET000075,11/5/2026,22/06/2026,12,133198,"R$ 91,08"
70,DASS NORDESTE CALC ARTIGOS ESPORT LTDA,138672,998350,70164,FITA MFGP C/ GOMA POLIESTER COR 100,10MM,15723941,"1.760,00",0,20/5/2026,15/06/2026,5,133467,"R$ 897,60"
70,DASS NORDESTE CALC ARTIGOS ESPORT LTDA,138672,816595,71376,FITA MFGP C/ GOMA POLIESTER COR 102,10MM,15723941,"3.530,00",0,20/5/2026,15/06/2026,5,133467,"R$ 1.800,30"
70,DASS NORDESTE CALC ARTIGOS ESPORT LTDA,138672,902057,73522,FITA MFGP C/ GOMA POLIESTER COR 057,15MM,15723941,"10,00",0,20/5/2026,15/06/2026,5,133467,"R$ 7,80"
70,DASS NORDESTE CALC ARTIGOS ESPORT LTDA,138672,1386952,92300,FITA MFGP C/ GOMA POLIESTER COR 788,15MM,15723941,"10,00",0,20/5/2026,15/06/2026,5,133467,"R$ 7,80"
70,DASS NORDESTE CALC ARTIGOS ESPORT LTDA,138674,1294761,87944,FITA M31119 C/ GOMA POLIESTER COR 102/ COR 100/ COR 678,16MM,15724068,"170,00",0,20/5/2026,22/06/2026,12,133469,"R$ 136,00"
70,DASS NORDESTE CALC ARTIGOS ESPORT LTDA,138674,1316829,87946,FITA M31119 C/ GOMA POLIESTER COR 100/ COR 5535/ COR 102,16MM,15724068,"170,00",0,20/5/2026,22/06/2026,12,133469,"R$ 136,00"
70,DASS NORDESTE CALC ARTIGOS ESPORT LTDA,138675,1175396,75595,ATAC. M13725 6MM POLIESTER COR 100,90CM,15724096,"348,00",15718251ARG201936-,20/5/2026,22/06/2026,12,133470,"R$ 229,68"
70,DASS NORDESTE CALC ARTIGOS ESPORT LTDA,138675,1175396,75595,ATAC. M13725 6MM POLIESTER COR 100,90CM,15724096,"360,00",15718252ARG201936-,20/5/2026,22/06/2026,12,133470,"R$ 237,60"
70,DASS NORDESTE CALC ARTIGOS ESPORT LTDA,138675,1175396,75595,ATAC. M13725 6MM POLIESTER COR 100,90CM,15724096,"540,00",15718253ARG201937,20/5/2026,22/06/2026,12,133470,"R$ 356,40"
70,DASS NORDESTE CALC ARTIGOS ESPORT LTDA,138675,1175396,75595,ATAC. M13725 6MM POLIESTER COR 100,100CM,15724096,"492,00",15718251ARG201936-,20/5/2026,22/06/2026,12,133470,"R$ 359,16"
70,DASS NORDESTE CALC ARTIGOS ESPORT LTDA,138675,1175396,75595,ATAC. M13725 6MM POLIESTER COR 100,100CM,15724096,"528,00",15718252ARG201936-,20/5/2026,22/06/2026,12,133470,"R$ 385,44"
70,DASS NORDESTE CALC ARTIGOS ESPORT LTDA,138675,1175396,75595,ATAC. M13725 6MM POLIESTER COR 100,100CM,15724096,"852,00",15718253ARG201937,20/5/2026,22/06/2026,12,133470,"R$ 621,96"
70,DASS NORDESTE CALC ARTIGOS ESPORT LTDA,138675,1314384,75662,ATAC. M13725 6MM POLIESTER COR 114,90CM,15724096,"384,00",15718250ARG201935-,20/5/2026,22/06/2026,12,133470,"R$ 253,44"
70,DASS NORDESTE CALC ARTIGOS ESPORT LTDA,138675,1314384,75662,ATAC. M13725 6MM POLIESTER COR 114,100CM,15724096,"576,00",15718250ARG201935-,20/5/2026,22/06/2026,12,133470,"R$ 420,48"
70,DASS NORDESTE CALC ARTIGOS ESPORT LTDA,138676,1358112,92574,FITA M31119 C/ GOMA POLIESTER COR 057 / COR 102 / COR 102,16MM,15724025,"170,00",0,20/5/2026,29/06/2026,19,133471,"R$ 136,00"
70,DASS NORDESTE CALC ARTIGOS ESPORT LTDA,138676,1416908,95301,FITA M31119 C/ GOMA POLIESTER COR 6038 / COR 5508 / COR 5508,16MM,15724025,"150,00",0,20/5/2026,29/06/2026,19,133471,"R$ 120,00"
70,DASS NORDESTE CALC ARTIGOS ESPORT LTDA,138676,1403058,95382,FITA M31119 C/ GOMA POLIESTER COR 788 / COR 5768 / COR 5768,16MM,15724025,"60,00",0,20/5/2026,29/06/2026,19,133471,"R$ 48,00"
70,DASS NORDESTE CALC ARTIGOS ESPORT LTDA,138677,1314384,75662,ATAC. M13725 6MM POLIESTER COR 114,90CM,15724049,"384,00",15718249ARG201935-,20/5/2026,29/06/2026,19,133472,"R$ 253,44"
70,DASS NORDESTE CALC ARTIGOS ESPORT LTDA,138677,1314384,75662,ATAC. M13725 6MM POLIESTER COR 114,100CM,15724049,"576,00",15718249ARG201935-,20/5/2026,29/06/2026,19,133472,"R$ 420,48"
70,DASS NORDESTE CALC ARTIGOS ESPORT LTDA,138680,998350,70164,FITA MFGP C/ GOMA POLIESTER COR 100,10MM,15724829,"250,00",0,20/5/2026,15/06/2026,5,133492,"R$ 127,50"
70,DASS NORDESTE CALC ARTIGOS ESPORT LTDA,138682,1316829,87946,FITA M31119 C/ GOMA POLIESTER COR 100/ COR 5535/ COR 102,16MM,15724860,"50,00",0,20/5/2026,22/06/2026,12,133494,"R$ 40,00"
70,DASS NORDESTE CALC ARTIGOS ESPORT LTDA,138683,1038632,75596,ATAC. M13725 6MM POLIESTER COR 4750,90CM,15724876,"240,00",15724479BRITB00525,20/5/2026,22/06/2026,12,133495,"R$ 158,40"
70,DASS NORDESTE CALC ARTIGOS ESPORT LTDA,138683,1038632,75596,ATAC. M13725 6MM POLIESTER COR 4750,90CM,15724876,"240,00",15724480BRITB00525,20/5/2026,22/06/2026,12,133495,"R$ 158,40"
70,DASS NORDESTE CALC ARTIGOS ESPORT LTDA,138683,1038632,75596,ATAC. M13725 6MM POLIESTER COR 4750,100CM,15724876,"516,00",15724479BRITB00525,20/5/2026,22/06/2026,12,133495,"R$ 376,68"
70,DASS NORDESTE CALC ARTIGOS ESPORT LTDA,138683,1038632,75596,ATAC. M13725 6MM POLIESTER COR 4750,100CM,15724876,"528,00",15724480BRITB00525,20/5/2026,22/06/2026,12,133495,"R$ 385,44"
70,DASS NORDESTE CALC ARTIGOS ESPORT LTDA,138715,1425017,94002,FITA MFGP C/ GOMA POLIESTER COR 6103,15MM,15724998,"110,00",0,20/5/2026,17/06/2026,7,133521,"R$ 85,80"
70,DASS NORDESTE CALC ARTIGOS ESPORT LTDA,138715,1425016,94160,FITA MFGP C/ GOMA POLIESTER COR 5451,15MM,15724998,"620,00",0,20/5/2026,17/06/2026,7,133521,"R$ 483,60"
70,DASS NORDESTE CALC ARTIGOS ESPORT LTDA,138716,1310003,87888,ATAC. M18006 POLIESTER COR 5451,120CM,15725003,"911,00",15719389ASB0052716,20/5/2026,17/06/2026,7,133522,"R$ 1.202,52"
70,DASS NORDESTE CALC ARTIGOS ESPORT LTDA,138716,1310003,87888,ATAC. M18006 POLIESTER COR 5451,120CM,15725003,"669,00",15719390ASB0052717,20/5/2026,17/06/2026,7,133522,"R$ 883,08"
70,DASS NORDESTE CALC ARTIGOS ESPORT LTDA,138716,1310003,87888,ATAC. M18006 POLIESTER COR 5451,130CM,15725003,"600,00",15719389ASB0052716,20/5/2026,17/06/2026,7,133522,"R$ 858,00"
70,DASS NORDESTE CALC ARTIGOS ESPORT LTDA,138716,1310003,87888,ATAC. M18006 POLIESTER COR 5451,130CM,15725003,"631,00",15719390ASB0052717,20/5/2026,17/06/2026,7,133522,"R$ 902,33"
70,DASS NORDESTE CALC ARTIGOS ESPORT LTDA,138716,1400182,94830,ATAC. M18006 POLIESTER COR 6103,120CM,15725003,"354,00",15719392ASB0052725,20/5/2026,17/06/2026,7,133522,"R$ 467,28"
70,DASS NORDESTE CALC ARTIGOS ESPORT LTDA,138716,1400182,94830,ATAC. M18006 POLIESTER COR 6103,130CM,15725003,"155,00",15719392ASB0052725,20/5/2026,17/06/2026,7,133522,"R$ 221,65"
70,DASS NORDESTE CALC ARTIGOS ESPORT LTDA,138716,1248962,84199,ATAC. 6ALN POLIESTER COR 4085,140CM,15725003,"311,00",15719310ASB0052752,20/5/2026,17/06/2026,7,133522,"R$ 261,24"
70,DASS NORDESTE CALC ARTIGOS ESPORT LTDA,138716,1392406,92607,ATAC. 6ALN POLIESTER COR 4049,135CM,15725003,"336,00",15719316ASB0052757,20/5/2026,17/06/2026,7,133522,"R$ 272,16"
70,DASS NORDESTE CALC ARTIGOS ESPORT LTDA,138716,1245215,76319,ATAC. 6AL 6MM POLIESTER COR 4085,120CM,15725003,"562,00",15719343ASB0052683,20/5/2026,17/06/2026,7,133522,"R$ 404,64"
70,DASS NORDESTE CALC ARTIGOS ESPORT LTDA,138716,1245215,76319,ATAC. 6AL 6MM POLIESTER COR 4085,120CM,15725003,"910,00",15719344ASB0052812,20/5/2026,17/06/2026,7,133522,"R$ 655,20"
70,DASS NORDESTE CALC ARTIGOS ESPORT LTDA,138716,1245215,76319,ATAC. 6AL 6MM POLIESTER COR 4085,130CM,15725003,"463,00",15719343ASB0052683,20/5/2026,17/06/2026,7,133522,"R$ 361,14"
70,DASS NORDESTE CALC ARTIGOS ESPORT LTDA,138716,1245215,76319,ATAC. 6AL 6MM POLIESTER COR 4085,130CM,15725003,"298,00",15719337ASB0052789,20/5/2026,17/06/2026,7,133522,"R$ 232,44"
70,DASS NORDESTE CALC ARTIGOS ESPORT LTDA,138716,1245215,76319,ATAC. 6AL 6MM POLIESTER COR 4085,130CM,15725003,"440,00",15719338ASB0052790,20/5/2026,17/06/2026,7,133522,"R$ 343,20"
70,DASS NORDESTE CALC ARTIGOS ESPORT LTDA,138716,1245215,76319,ATAC. 6AL 6MM POLIESTER COR 4085,130CM,15725003,"470,00",15719339ASB0052790,20/5/2026,17/06/2026,7,133522,"R$ 366,60"
70,DASS NORDESTE CALC ARTIGOS ESPORT LTDA,138716,1245215,76319,ATAC. 6AL 6MM POLIESTER COR 4085,130CM,15725003,"303,00",15719344ASB0052812,20/5/2026,17/06/2026,7,133522,"R$ 236,34"
70,DASS NORDESTE CALC ARTIGOS ESPORT LTDA,138716,1245215,76319,ATAC. 6AL 6MM POLIESTER COR 4085,140CM,15725003,"99,00",15719337ASB0052789,20/5/2026,17/06/2026,7,133522,"R$ 83,16"
70,DASS NORDESTE CALC ARTIGOS ESPORT LTDA,138716,1245215,76319,ATAC. 6AL 6MM POLIESTER COR 4085,140CM,15725003,"432,00",15719338ASB0052790,20/5/2026,17/06/2026,7,133522,"R$ 362,88"
70,DASS NORDESTE CALC ARTIGOS ESPORT LTDA,138716,1245215,76319,ATAC. 6AL 6MM POLIESTER COR 4085,140CM,15725003,"476,00",15719339ASB0052790,20/5/2026,17/06/2026,7,133522,"R$ 399,84"
70,DASS NORDESTE CALC ARTIGOS ESPORT LTDA,138716,1274143,87203,ATAC. 6AL 6MM POLIESTER COR 5604,120CM,15725003,"479,00",15719345ASB0052684,20/5/2026,17/06/2026,7,133522,"R$ 344,88"
70,DASS NORDESTE CALC ARTIGOS ESPORT LTDA,138716,1274143,87203,ATAC. 6AL 6MM POLIESTER COR 5604,130CM,15725003,"218,00",15719345ASB0052684,20/5/2026,17/06/2026,7,133522,"R$ 170,04"
70,DASS NORDESTE CALC ARTIGOS ESPORT LTDA,138716,1313035,87706,ATAC. 6AL 6MM POLIESTER COR 987,120CM,15725003,"897,00",15719347ASB0052685,20/5/2026,17/06/2026,7,133522,"R$ 645,84"
70,DASS NORDESTE CALC ARTIGOS ESPORT LTDA,138716,1313035,87706,ATAC. 6AL 6MM POLIESTER COR 987,120CM,15725003,"319,00",15719346ASB0052817,20/5/2026,17/06/2026,7,133522,"R$ 229,68"
70,DASS NORDESTE CALC ARTIGOS ESPORT LTDA,138716,1313035,87706,ATAC. 6AL 6MM POLIESTER COR 987,130CM,15725003,"440,00",15719347ASB0052685,20/5/2026,17/06/2026,7,133522,"R$ 343,20"
70,DASS NORDESTE CALC ARTIGOS ESPORT LTDA,138716,1313035,87706,ATAC. 6AL 6MM POLIESTER COR 987,130CM,15725003,"168,00",15719341ASB0052793,20/5/2026,17/06/2026,7,133522,"R$ 131,04"
70,DASS NORDESTE CALC ARTIGOS ESPORT LTDA,138716,1313035,87706,ATAC. 6AL 6MM POLIESTER COR 987,130CM,15725003,"262,00",15719346ASB0052817,20/5/2026,17/06/2026,7,133522,"R$ 204,36"
70,DASS NORDESTE CALC ARTIGOS ESPORT LTDA,138716,1313035,87706,ATAC. 6AL 6MM POLIESTER COR 987,140CM,15725003,"167,00",15719341ASB0052793,20/5/2026,17/06/2026,7,133522,"R$ 140,28"
70,DASS NORDESTE CALC ARTIGOS ESPORT LTDA,138716,1313036,89518,ATAC. 6AL 6MM POLIESTER COR 5217,130CM,15725003,"297,00",15719340ASB0052791,20/5/2026,17/06/2026,7,133522,"R$ 231,66"
70,DASS NORDESTE CALC ARTIGOS ESPORT LTDA,138716,1313036,89518,ATAC. 6AL 6MM POLIESTER COR 5217,140CM,15725003,"210,00",15719340ASB0052791,20/5/2026,17/06/2026,7,133522,"R$ 176,40"
70,DASS NORDESTE CALC ARTIGOS ESPORT LTDA,138716,1392983,92836,ATAC. 6AL 6MM POLIESTER COR 5936,130CM,15725003,"189,00",15719342ASB0052794,20/5/2026,17/06/2026,7,133522,"R$ 147,42"
70,DASS NORDESTE CALC ARTIGOS ESPORT LTDA,138716,1392983,92836,ATAC. 6AL 6MM POLIESTER COR 5936,140CM,15725003,"120,00",15719342ASB0052794,20/5/2026,17/06/2026,7,133522,"R$ 100,80"
70,DASS NORDESTE CALC ARTIGOS ESPORT LTDA,138716,1392984,94364,ATAC. 6AL 6MM POLIESTER COR 6105,120CM,15725003,"470,00",15719348ASB0052822,20/5/2026,17/06/2026,7,133522,"R$ 338,40"
70,DASS NORDESTE CALC ARTIGOS ESPORT LTDA,138716,1392984,94364,ATAC. 6AL 6MM POLIESTER COR 6105,130CM,15725003,"225,00",15719348ASB0052822,20/5/2026,17/06/2026,7,133522,"R$ 175,50"
70,DASS NORDESTE CALC ARTIGOS ESPORT LTDA,138717,1400178,93698,CORDAO M9099 POLIESTER COR 5451,1.8MM,15725006,"1.500,00",0,20/5/2026,17/06/2026,7,133523,"R$ 540,00"
70,DASS NORDESTE CALC ARTIGOS ESPORT LTDA,138717,1400177,94876,CORDAO M9099 POLIESTER COR 6103,1.8MM,15725006,"300,00",0,20/5/2026,17/06/2026,7,133523,"R$ 108,00"
70,DASS NORDESTE CALC ARTIGOS ESPORT LTDA,138720,1425019,74014,FITA MFGP C/ GOMA POLIESTER COR 4085,15MM,15725125,"470,00",0,20/5/2026,24/06/2026,14,133526,"R$ 239,70"
70,DASS NORDESTE CALC ARTIGOS ESPORT LTDA,138720,1425013,94003,FITA MFGP C/ GOMA POLIESTER COR 6106,15MM,15725125,"250,00",0,20/5/2026,24/06/2026,14,133526,"R$ 127,50"
70,DASS NORDESTE CALC ARTIGOS ESPORT LTDA,138721,1176403,80361,ATAC. M18006 POLIESTER COR 5151,120CM,15725127,"242,00",15719368ASB0052784,20/5/2026,24/06/2026,14,133527,"R$ 319,44"
70,DASS NORDESTE CALC ARTIGOS ESPORT LTDA,138721,1176403,80361,ATAC. M18006 POLIESTER COR 5151,130CM,15725127,"81,00",15719368ASB0052784,20/5/2026,24/06/2026,14,133527,"R$ 115,83"
70,DASS NORDESTE CALC ARTIGOS ESPORT LTDA,138721,1229330,84206,ATAC. M18006 POLIESTER COR 4085,110CM,15725127,"459,00",15719393ASB0052742,20/5/2026,24/06/2026,14,133527,"R$ 555,39"
70,DASS NORDESTE CALC ARTIGOS ESPORT LTDA,138721,1229330,84206,ATAC. M18006 POLIESTER COR 4085,120CM,15725127,"725,00",15719387ASB0052713,20/5/2026,24/06/2026,14,133527,"R$ 957,00"
70,DASS NORDESTE CALC ARTIGOS ESPORT LTDA,138721,1229330,84206,ATAC. M18006 POLIESTER COR 4085,120CM,15725127,"75,00",15719388ASB0052715,20/5/2026,24/06/2026,14,133527,"R$ 99,00"
70,DASS NORDESTE CALC ARTIGOS ESPORT LTDA,138721,1229330,84206,ATAC. M18006 POLIESTER COR 4085,120CM,15725127,"186,00",15719393ASB0052742,20/5/2026,24/06/2026,14,133527,"R$ 245,52"
70,DASS NORDESTE CALC ARTIGOS ESPORT LTDA,138721,1229330,84206,ATAC. M18006 POLIESTER COR 4085,120CM,15725127,"228,00",15719370ASB0052782,20/5/2026,24/06/2026,14,133527,"R$ 300,96"
70,DASS NORDESTE CALC ARTIGOS ESPORT LTDA,138721,1229330,84206,ATAC. M18006 POLIESTER COR 4085,130CM,15725127,"724,00",15719387ASB0052713,20/5/2026,24/06/2026,14,133527,"R$ 1.035,32"
70,DASS NORDESTE CALC ARTIGOS ESPORT LTDA,138721,1229330,84206,ATAC. M18006 POLIESTER COR 4085,130CM,15725127,"49,00",15719388ASB0052715,20/5/2026,24/06/2026,14,133527,"R$ 70,07"
70,DASS NORDESTE CALC ARTIGOS ESPORT LTDA,138721,1229330,84206,ATAC. M18006 POLIESTER COR 4085,130CM,15725127,"129,00",15719370ASB0052782,20/5/2026,24/06/2026,14,133527,"R$ 184,47"
70,DASS NORDESTE CALC ARTIGOS ESPORT LTDA,138721,1275982,87249,ATAC. M18006 POLIESTER COR 5604,110CM,15725127,"156,00",15719366ASB0052807,20/5/2026,24/06/2026,14,133527,"R$ 188,76"
70,DASS NORDESTE CALC ARTIGOS ESPORT LTDA,138721,1275982,87249,ATAC. M18006 POLIESTER COR 5604,120CM,15725127,"155,00",15719366ASB0052807,20/5/2026,24/06/2026,14,133527,"R$ 204,60"
70,DASS NORDESTE CALC ARTIGOS ESPORT LTDA,138721,1393580,94505,ATAC. M18006 POLIESTER COR 6109,110CM,15725127,"156,00",15719367ASB0052808,20/5/2026,24/06/2026,14,133527,"R$ 188,76"
70,DASS NORDESTE CALC ARTIGOS ESPORT LTDA,138721,1393580,94505,ATAC. M18006 POLIESTER COR 6109,120CM,15725127,"155,00",15719367ASB0052808,20/5/2026,24/06/2026,14,133527,"R$ 204,60"
70,DASS NORDESTE CALC ARTIGOS ESPORT LTDA,138721,1400180,94827,ATAC. M18006 POLIESTER COR 6106,120CM,15725127,"604,00",15719391ASB0052721,20/5/2026,24/06/2026,14,133527,"R$ 797,28"
70,DASS NORDESTE CALC ARTIGOS ESPORT LTDA,138721,1400180,94827,ATAC. M18006 POLIESTER COR 6106,130CM,15725127,"535,00",15719391ASB0052721,20/5/2026,24/06/2026,14,133527,"R$ 765,05"
70,DASS NORDESTE CALC ARTIGOS ESPORT LTDA,138721,1307388,87264,ATAC. 6ALN POLIESTER COR 5151,140CM,15725127,"348,00",15719315ASB0052755,20/5/2026,24/06/2026,14,133527,"R$ 292,32"
70,DASS NORDESTE CALC ARTIGOS ESPORT LTDA,138721,1341986,89369,ATAC. 6ALN POLIESTER COR 5711,130CM,15725127,"309,00",15719317ASB0052764,20/5/2026,24/06/2026,14,133527,"R$ 241,02"
70,DASS NORDESTE CALC ARTIGOS ESPORT LTDA,138721,1341986,89369,ATAC. 6ALN POLIESTER COR 5711,140CM,15725127,"308,00",15719314ASB0052753,20/5/2026,24/06/2026,14,133527,"R$ 258,72"
70,DASS NORDESTE CALC ARTIGOS ESPORT LTDA,138721,1392404,92608,ATAC. 6ALN POLIESTER COR 4588,130CM,15725127,"309,00",15719319ASB0052766,20/5/2026,24/06/2026,14,133527,"R$ 241,02"
70,DASS NORDESTE CALC ARTIGOS ESPORT LTDA,138721,1015432,74802,ATAC. M22031 REFLEX COR 4219/1,130CM,15725127,"587,00",15719376ASB0052687,20/5/2026,24/06/2026,14,133527,"R$ 592,87"
70,DASS NORDESTE CALC ARTIGOS ESPORT LTDA,138721,1015432,74802,ATAC. M22031 REFLEX COR 4219/1,140CM,15725127,"488,00",15719376ASB0052687,20/5/2026,24/06/2026,14,133527,"R$ 527,04"
70,DASS NORDESTE CALC ARTIGOS ESPORT LTDA,138721,1249007,84768,ATAC. M22031 REFLEX COR 4085/1,120CM,15725127,"1.080,00",15719375ASB0052688,20/5/2026,24/06/2026,14,133527,"R$ 1.015,20"
70,DASS NORDESTE CALC ARTIGOS ESPORT LTDA,138721,1249007,84768,ATAC. M22031 REFLEX COR 4085/1,130CM,15725127,"654,00",15719378ASB0052686,20/5/2026,24/06/2026,14,133527,"R$ 660,54"
70,DASS NORDESTE CALC ARTIGOS ESPORT LTDA,138721,1249007,84768,ATAC. M22031 REFLEX COR 4085/1,130CM,15725127,"467,00",15719375ASB0052688,20/5/2026,24/06/2026,14,133527,"R$ 471,67"
70,DASS NORDESTE CALC ARTIGOS ESPORT LTDA,138721,1249007,84768,ATAC. M22031 REFLEX COR 4085/1,130CM,15725127,"823,00",15719379ASB0052697,20/5/2026,24/06/2026,14,133527,"R$ 831,23"
70,DASS NORDESTE CALC ARTIGOS ESPORT LTDA,138721,1249007,84768,ATAC. M22031 REFLEX COR 4085/1,140CM,15725127,"263,00",15719378ASB0052686,20/5/2026,24/06/2026,14,133527,"R$ 284,04"
70,DASS NORDESTE CALC ARTIGOS ESPORT LTDA,138721,1249007,84768,ATAC. M22031 REFLEX COR 4085/1,140CM,15725127,"538,00",15719379ASB0052697,20/5/2026,24/06/2026,14,133527,"R$ 581,04"
70,DASS NORDESTE CALC ARTIGOS ESPORT LTDA,138721,1226448,84793,ATAC. M22031 REFLEX COR 5473/1,130CM,15725127,"243,00",15719377ASB0052700,20/5/2026,24/06/2026,14,133527,"R$ 245,43"
70,DASS NORDESTE CALC ARTIGOS ESPORT LTDA,138721,1226448,84793,ATAC. M22031 REFLEX COR 5473/1,140CM,15725127,"118,00",15719377ASB0052700,20/5/2026,24/06/2026,14,133527,"R$ 127,44"
70,DASS NORDESTE CALC ARTIGOS ESPORT LTDA,138721,1393890,92609,ATAC. M22031 REFLEX COR 214/1,120CM,15725127,"225,00",15719373ASB0052738,20/5/2026,24/06/2026,14,133527,"R$ 211,50"
70,DASS NORDESTE CALC ARTIGOS ESPORT LTDA,138721,1393890,92609,ATAC. M22031 REFLEX COR 214/1,130CM,15725127,"112,00",15719373ASB0052738,20/5/2026,24/06/2026,14,133527,"R$ 113,12"
70,DASS NORDESTE CALC ARTIGOS ESPORT LTDA,138721,1393892,92717,ATAC. M22031 REFLEX COR 5108/1,120CM,15725127,"322,00",15719372ASB0052689,20/5/2026,24/06/2026,14,133527,"R$ 302,68"
70,DASS NORDESTE CALC ARTIGOS ESPORT LTDA,138721,1393892,92717,ATAC. M22031 REFLEX COR 5108/1,130CM,15725127,"235,00",15719372ASB0052689,20/5/2026,24/06/2026,14,133527,"R$ 237,35"
70,DASS NORDESTE CALC ARTIGOS ESPORT LTDA,138721,1393891,92801,ATAC. M22031 REFLEX COR 4313/1,120CM,15725127,"396,00",15719374ASB0052735,20/5/2026,24/06/2026,14,133527,"R$ 372,24"
70,DASS NORDESTE CALC ARTIGOS ESPORT LTDA,138721,1393891,92801,ATAC. M22031 REFLEX COR 4313/1,130CM,15725127,"175,00",15719374ASB0052735,20/5/2026,24/06/2026,14,133527,"R$ 176,75"
70,DASS NORDESTE CALC ARTIGOS ESPORT LTDA,138722,1400176,93022,CORDAO M9099 POLIESTER COR 4085,1.8MM,15725177,"1.200,00",0,20/5/2026,24/06/2026,14,133528,"R$ 432,00"
70,DASS NORDESTE CALC ARTIGOS ESPORT LTDA,138722,1400179,94878,CORDAO M9099 POLIESTER COR 6106,1.8MM,15725177,"600,00",0,20/5/2026,24/06/2026,14,133528,"R$ 216,00"
70,DASS NORDESTE CALC ARTIGOS ESPORT LTDA,138725,1425019,74014,FITA MFGP C/ GOMA POLIESTER COR 4085,15MM,15725331,"390,00",0,20/5/2026,01/07/2026,21,133531,"R$ 198,90"
70,DASS NORDESTE CALC ARTIGOS ESPORT LTDA,138725,1425014,94000,FITA MFGP C/ GOMA POLIESTER COR 5598,15MM,15725331,"240,00",0,20/5/2026,01/07/2026,21,133531,"R$ 122,40"
70,DASS NORDESTE CALC ARTIGOS ESPORT LTDA,138726,1229356,84194,ATAC. M13741 6MM POLIESTER BRILHANTE COR 4085/BT,120CM,15725337,"407,00",15719360ASB0052682,20/5/2026,01/07/2026,21,133532,"R$ 350,02"
70,DASS NORDESTE CALC ARTIGOS ESPORT LTDA,138726,1229356,84194,ATAC. M13741 6MM POLIESTER BRILHANTE COR 4085/BT,130CM,15725337,"162,00",15719360ASB0052682,20/5/2026,01/07/2026,21,133532,"R$ 152,28"
70,DASS NORDESTE CALC ARTIGOS ESPORT LTDA,138726,1229356,84194,ATAC. M13741 6MM POLIESTER BRILHANTE COR 4085/BT,130CM,15725337,"155,00",15719313ASB0052690,20/5/2026,01/07/2026,21,133532,"R$ 145,70"
70,DASS NORDESTE CALC ARTIGOS ESPORT LTDA,138726,1229356,84194,ATAC. M13741 6MM POLIESTER BRILHANTE COR 4085/BT,140CM,15725337,"154,00",15719313ASB0052690,20/5/2026,01/07/2026,21,133532,"R$ 155,54"
70,DASS NORDESTE CALC ARTIGOS ESPORT LTDA,138726,1264366,84201,ATAC. M13741 6MM POLIESTER COR 4075/BT,130CM,15725337,"155,00",15719359ASB0052695,20/5/2026,01/07/2026,21,133532,"R$ 141,05"
70,DASS NORDESTE CALC ARTIGOS ESPORT LTDA,138726,1264366,84201,ATAC. M13741 6MM POLIESTER COR 4075/BT,140CM,15725337,"154,00",15719359ASB0052695,20/5/2026,01/07/2026,21,133532,"R$ 150,92"
70,DASS NORDESTE CALC ARTIGOS ESPORT LTDA,138726,1259764,84785,ATAC. M13741 6MM POLIESTER COR 5461/BT,130CM,15725337,"298,00",15719358ASB0052681,20/5/2026,01/07/2026,21,133532,"R$ 271,18"
70,DASS NORDESTE CALC ARTIGOS ESPORT LTDA,138726,1259764,84785,ATAC. M13741 6MM POLIESTER COR 5461/BT,140CM,15725337,"99,00",15719358ASB0052681,20/5/2026,01/07/2026,21,133532,"R$ 97,02"
70,DASS NORDESTE CALC ARTIGOS ESPORT LTDA,138726,1313135,89514,ATAC. M13741 6MM POLIESTER COR 5730/BT,130CM,15725337,"252,00",15719357ASB0052680,20/5/2026,01/07/2026,21,133532,"R$ 229,32"
70,DASS NORDESTE CALC ARTIGOS ESPORT LTDA,138726,1313135,89514,ATAC. M13741 6MM POLIESTER COR 5730/BT,140CM,15725337,"121,00",15719357ASB0052680,20/5/2026,01/07/2026,21,133532,"R$ 118,58"
70,DASS NORDESTE CALC ARTIGOS ESPORT LTDA,138726,1390728,94362,ATAC. M13741 6MM POLIESTER COR 6108,120CM,15725337,"204,00",15719361ASB0052730,20/5/2026,01/07/2026,21,133532,"R$ 171,36"
70,DASS NORDESTE CALC ARTIGOS ESPORT LTDA,138726,1390728,94362,ATAC. M13741 6MM POLIESTER COR 6108,130CM,15725337,"105,00",15719361ASB0052730,20/5/2026,01/07/2026,21,133532,"R$ 95,55"
70,DASS NORDESTE CALC ARTIGOS ESPORT LTDA,138726,1229330,84206,ATAC. M18006 POLIESTER COR 4085,120CM,15725337,"403,00",15719385ASB0052711,20/5/2026,01/07/2026,21,133532,"R$ 531,96"
70,DASS NORDESTE CALC ARTIGOS ESPORT LTDA,138726,1229330,84206,ATAC. M18006 POLIESTER COR 4085,120CM,15725337,"558,00",15719386ASB0052712,20/5/2026,01/07/2026,21,133532,"R$ 736,56"
70,DASS NORDESTE CALC ARTIGOS ESPORT LTDA,138726,1229330,84206,ATAC. M18006 POLIESTER COR 4085,130CM,15725337,"402,00",15719385ASB0052711,20/5/2026,01/07/2026,21,133532,"R$ 574,86"
70,DASS NORDESTE CALC ARTIGOS ESPORT LTDA,138726,1229330,84206,ATAC. M18006 POLIESTER COR 4085,130CM,15725337,"421,00",15719386ASB0052712,20/5/2026,01/07/2026,21,133532,"R$ 602,03"
70,DASS NORDESTE CALC ARTIGOS ESPORT LTDA,138726,1310003,87888,ATAC. M18006 POLIESTER COR 5451,110CM,15725337,"904,00",15719396ASB0052748,20/5/2026,01/07/2026,21,133532,"R$ 1.093,84"
70,DASS NORDESTE CALC ARTIGOS ESPORT LTDA,138726,1310003,87888,ATAC. M18006 POLIESTER COR 5451,120CM,15725337,"367,00",15719396ASB0052748,20/5/2026,01/07/2026,21,133532,"R$ 484,44"
70,DASS NORDESTE CALC ARTIGOS ESPORT LTDA,138726,1248962,84199,ATAC. 6ALN POLIESTER COR 4085,140CM,15725337,"361,00",15719312ASB0052759,20/5/2026,01/07/2026,21,133532,"R$ 303,24"
70,DASS NORDESTE CALC ARTIGOS ESPORT LTDA,138726,1307388,87264,ATAC. 6ALN POLIESTER COR 5151,140CM,15725337,"335,00",15719333ASB0052761,20/5/2026,01/07/2026,21,133532,"R$ 281,40"
70,DASS NORDESTE CALC ARTIGOS ESPORT LTDA,138726,1341986,89369,ATAC. 6ALN POLIESTER COR 5711,130CM,15725337,"308,00",15719335ASB0052768,20/5/2026,01/07/2026,21,133532,"R$ 240,24"
70,DASS NORDESTE CALC ARTIGOS ESPORT LTDA,138726,1392404,92608,ATAC. 6ALN POLIESTER COR 4588,130CM,15725337,"371,00",15719336ASB0052770,20/5/2026,01/07/2026,21,133532,"R$ 289,38"
70,DASS NORDESTE CALC ARTIGOS ESPORT LTDA,138726,1365482,91133,ATAC. M22037 6MM REFLEX COR 5711,130CM,15725337,"785,00",15719323ASB0052786,20/5/2026,01/07/2026,21,133532,"R$ 761,45"
70,DASS NORDESTE CALC ARTIGOS ESPORT LTDA,138726,1365482,91133,ATAC. M22037 6MM REFLEX COR 5711,130CM,15725337,"837,00",15719324ASB0052786,20/5/2026,01/07/2026,21,133532,"R$ 811,89"
70,DASS NORDESTE CALC ARTIGOS ESPORT LTDA,138726,1365482,91133,ATAC. M22037 6MM REFLEX COR 5711,130CM,15725337,"57,00",15719325ASB0052787,20/5/2026,01/07/2026,21,133532,"R$ 55,29"
70,DASS NORDESTE CALC ARTIGOS ESPORT LTDA,138726,1365482,91133,ATAC. M22037 6MM REFLEX COR 5711,140CM,15725337,"324,00",15719323ASB0052786,20/5/2026,01/07/2026,21,133532,"R$ 336,96"
70,DASS NORDESTE CALC ARTIGOS ESPORT LTDA,138726,1365482,91133,ATAC. M22037 6MM REFLEX COR 5711,140CM,15725337,"331,00",15719324ASB0052786,20/5/2026,01/07/2026,21,133532,"R$ 344,24"
70,DASS NORDESTE CALC ARTIGOS ESPORT LTDA,138726,1365482,91133,ATAC. M22037 6MM REFLEX COR 5711,140CM,15725337,"56,00",15719325ASB0052787,20/5/2026,01/07/2026,21,133532,"R$ 58,24"
70,DASS NORDESTE CALC ARTIGOS ESPORT LTDA,138726,1245215,76319,ATAC. 6AL 6MM POLIESTER COR 4085,130CM,15725337,"331,00",15719380ASB0052796,20/5/2026,01/07/2026,21,133532,"R$ 258,18"
70,DASS NORDESTE CALC ARTIGOS ESPORT LTDA,138726,1245215,76319,ATAC. 6AL 6MM POLIESTER COR 4085,140CM,15725337,"250,00",15719380ASB0052796,20/5/2026,01/07/2026,21,133532,"R$ 210,00"
70,DASS NORDESTE CALC ARTIGOS ESPORT LTDA,138726,1245217,85474,ATAC. 6AL 6MM POLIESTER COR 5151,130CM,15725337,"269,00",15719382ASB0052801,20/5/2026,01/07/2026,21,133532,"R$ 209,82"
70,DASS NORDESTE CALC ARTIGOS ESPORT LTDA,138726,1245217,85474,ATAC. 6AL 6MM POLIESTER COR 5151,140CM,15725337,"66,00",15719382ASB0052801,20/5/2026,01/07/2026,21,133532,"R$ 55,44"
70,DASS NORDESTE CALC ARTIGOS ESPORT LTDA,138726,1313035,87706,ATAC. 6AL 6MM POLIESTER COR 987,120CM,15725337,"183,00",15719384ASB0052827,20/5/2026,01/07/2026,21,133532,"R$ 131,76"
70,DASS NORDESTE CALC ARTIGOS ESPORT LTDA,138726,1313035,87706,ATAC. 6AL 6MM POLIESTER COR 987,130CM,15725337,"252,00",15719381ASB0052798,20/5/2026,01/07/2026,21,133532,"R$ 196,56"
70,DASS NORDESTE CALC ARTIGOS ESPORT LTDA,138726,1313035,87706,ATAC. 6AL 6MM POLIESTER COR 987,130CM,15725337,"126,00",15719384ASB0052827,20/5/2026,01/07/2026,21,133532,"R$ 98,28"
70,DASS NORDESTE CALC ARTIGOS ESPORT LTDA,138726,1313035,87706,ATAC. 6AL 6MM POLIESTER COR 987,140CM,15725337,"109,00",15719381ASB0052798,20/5/2026,01/07/2026,21,133532,"R$ 91,56"
70,DASS NORDESTE CALC ARTIGOS ESPORT LTDA,138726,1393629,94163,ATAC. 6AL 6MM POLIESTER COR 4694,120CM,15725337,"218,00",15719383ASB0052825,20/5/2026,01/07/2026,21,133532,"R$ 156,96"
70,DASS NORDESTE CALC ARTIGOS ESPORT LTDA,138726,1393629,94163,ATAC. 6AL 6MM POLIESTER COR 4694,130CM,15725337,"155,00",15719383ASB0052825,20/5/2026,01/07/2026,21,133532,"R$ 120,90"
70,DASS NORDESTE CALC ARTIGOS ESPORT LTDA,138726,980687,84269,ATAC. M12109 8MM POLIESTER COR 987,120CM,15725337,"397,00",15719355ASB0052805,20/5/2026,01/07/2026,21,133532,"R$ 444,64"
70,DASS NORDESTE CALC ARTIGOS ESPORT LTDA,138726,980687,84269,ATAC. M12109 8MM POLIESTER COR 987,130CM,15725337,"373,00",15719353ASB0052780,20/5/2026,01/07/2026,21,133532,"R$ 451,33"
70,DASS NORDESTE CALC ARTIGOS ESPORT LTDA,138726,1365268,90989,ATAC. M12109 8MM POLIESTER COR 4085,120CM,15725337,"198,00",15719354ASB0052803,20/5/2026,01/07/2026,21,133532,"R$ 217,80"
70,DASS NORDESTE CALC ARTIGOS ESPORT LTDA,138726,1365268,90989,ATAC. M12109 8MM POLIESTER COR 4085,130CM,15725337,"309,00",15719349ASB0052773,20/5/2026,01/07/2026,21,133532,"R$ 370,80"
70,DASS NORDESTE CALC ARTIGOS ESPORT LTDA,138726,1365268,90989,ATAC. M12109 8MM POLIESTER COR 4085,130CM,15725337,"321,00",15719352ASB0052778,20/5/2026,01/07/2026,21,133532,"R$ 385,20"
70,DASS NORDESTE CALC ARTIGOS ESPORT LTDA,138726,1365268,90989,ATAC. M12109 8MM POLIESTER COR 4085,130CM,15725337,"111,00",15719354ASB0052803,20/5/2026,01/07/2026,21,133532,"R$ 133,20"
70,DASS NORDESTE CALC ARTIGOS ESPORT LTDA,138726,1394042,92802,ATAC. M12109 8MM POLIESTER COR 905,130CM,15725337,"349,00",15719351ASB0052775,20/5/2026,01/07/2026,21,133532,"R$ 418,80"
70,DASS NORDESTE CALC ARTIGOS ESPORT LTDA,138727,1400176,93022,CORDAO M9099 POLIESTER COR 4085,1.8MM,15725340,"890,00",0,20/5/2026,01/07/2026,21,133533,"R$ 320,40"
70,DASS NORDESTE CALC ARTIGOS ESPORT LTDA,138727,1400178,93698,CORDAO M9099 POLIESTER COR 5451,1.8MM,15725340,"560,00",0,20/5/2026,01/07/2026,21,133533,"R$ 201,60"
70,DASS NORDESTE CALC ARTIGOS ESPORT LTDA,138728,1425014,94000,FITA MFGP C/ GOMA POLIESTER COR 5598,15MM,15725461,"190,00",0,20/5/2026,08/07/2026,28,133534,"R$ 96,90"
70,DASS NORDESTE CALC ARTIGOS ESPORT LTDA,138729,1310003,87888,ATAC. M18006 POLIESTER COR 5451,110CM,15725463,"742,00",15719397ASB0052749,20/5/2026,08/07/2026,28,133535,"R$ 897,82"
70,DASS NORDESTE CALC ARTIGOS ESPORT LTDA,138729,1310003,87888,ATAC. M18006 POLIESTER COR 5451,120CM,15725463,"247,00",15719397ASB0052749,20/5/2026,08/07/2026,28,133535,"R$ 326,04"
70,DASS NORDESTE CALC ARTIGOS ESPORT LTDA,138729,1392406,92607,ATAC. 6ALN POLIESTER COR 4049,135CM,15725463,"311,00",15719334ASB0052763,20/5/2026,08/07/2026,28,133535,"R$ 251,91"
70,DASS NORDESTE CALC ARTIGOS ESPORT LTDA,138729,1231865,85476,ATAC. M22037 6MM REFLEX COR 4085/1,130CM,15725463,"882,00",15719320ASB0052785,20/5/2026,08/07/2026,28,133535,"R$ 855,54"
70,DASS NORDESTE CALC ARTIGOS ESPORT LTDA,138729,1231865,85476,ATAC. M22037 6MM REFLEX COR 4085/1,130CM,15725463,"887,00",15719321ASB0052785,20/5/2026,08/07/2026,28,133535,"R$ 860,39"
70,DASS NORDESTE CALC ARTIGOS ESPORT LTDA,138729,1231865,85476,ATAC. M22037 6MM REFLEX COR 4085/1,140CM,15725463,"444,00",15719320ASB0052785,20/5/2026,08/07/2026,28,133535,"R$ 461,76"
70,DASS NORDESTE CALC ARTIGOS ESPORT LTDA,138729,1231865,85476,ATAC. M22037 6MM REFLEX COR 4085/1,140CM,15725463,"458,00",15719321ASB0052785,20/5/2026,08/07/2026,28,133535,"R$ 476,32"
70,DASS NORDESTE CALC ARTIGOS ESPORT LTDA,138729,1345837,85480,ATAC. M22037 6MM REFLEX COR 987/1,120CM,15725463,"730,00",15719332ASB0052811,20/5/2026,08/07/2026,28,133535,"R$ 657,00"
70,DASS NORDESTE CALC ARTIGOS ESPORT LTDA,138729,1345837,85480,ATAC. M22037 6MM REFLEX COR 987/1,130CM,15725463,"247,00",15719332ASB0052811,20/5/2026,08/07/2026,28,133535,"R$ 239,59"
70,DASS NORDESTE CALC ARTIGOS ESPORT LTDA,138729,1332512,90397,ATAC. M22037 6MM REFLEX COR 5217/1,120CM,15725463,"546,00",15719328ASB0052809,20/5/2026,08/07/2026,28,133535,"R$ 491,40"
70,DASS NORDESTE CALC ARTIGOS ESPORT LTDA,138729,1332512,90397,ATAC. M22037 6MM REFLEX COR 5217/1,120CM,15725463,"556,00",15719329ASB0052809,20/5/2026,08/07/2026,28,133535,"R$ 500,40"
70,DASS NORDESTE CALC ARTIGOS ESPORT LTDA,138729,1332512,90397,ATAC. M22037 6MM REFLEX COR 5217/1,130CM,15725463,"528,00",15719328ASB0052809,20/5/2026,08/07/2026,28,133535,"R$ 512,16"
70,DASS NORDESTE CALC ARTIGOS ESPORT LTDA,138729,1332512,90397,ATAC. M22037 6MM REFLEX COR 5217/1,130CM,15725463,"560,00",15719329ASB0052809,20/5/2026,08/07/2026,28,133535,"R$ 543,20"
70,DASS NORDESTE CALC ARTIGOS ESPORT LTDA,138729,1365482,91133,ATAC. M22037 6MM REFLEX COR 5711,120CM,15725463,"942,00",15719330ASB0052810,20/5/2026,08/07/2026,28,133535,"R$ 847,80"
70,DASS NORDESTE CALC ARTIGOS ESPORT LTDA,138729,1365482,91133,ATAC. M22037 6MM REFLEX COR 5711,120CM,15725463,"951,00",15719331ASB0052810,20/5/2026,08/07/2026,28,133535,"R$ 855,90"
70,DASS NORDESTE CALC ARTIGOS ESPORT LTDA,138729,1365482,91133,ATAC. M22037 6MM REFLEX COR 5711,130CM,15725463,"420,00",15719330ASB0052810,20/5/2026,08/07/2026,28,133535,"R$ 407,40"
70,DASS NORDESTE CALC ARTIGOS ESPORT LTDA,138729,1365482,91133,ATAC. M22037 6MM REFLEX COR 5711,130CM,15725463,"445,00",15719331ASB0052810,20/5/2026,08/07/2026,28,133535,"R$ 431,65"
70,DASS NORDESTE CALC ARTIGOS ESPORT LTDA,138729,1392977,94773,ATAC. M22037 6MM REFLEX COR 6127/1,130CM,15725463,"712,00",15719326ASB0052788,20/5/2026,08/07/2026,28,133535,"R$ 690,64"
70,DASS NORDESTE CALC ARTIGOS ESPORT LTDA,138729,1392977,94773,ATAC. M22037 6MM REFLEX COR 6127/1,130CM,15725463,"724,00",15719327ASB0052788,20/5/2026,08/07/2026,28,133535,"R$ 702,28"
70,DASS NORDESTE CALC ARTIGOS ESPORT LTDA,138729,1392977,94773,ATAC. M22037 6MM REFLEX COR 6127/1,140CM,15725463,"468,00",15719326ASB0052788,20/5/2026,08/07/2026,28,133535,"R$ 486,72"
70,DASS NORDESTE CALC ARTIGOS ESPORT LTDA,138729,1392977,94773,ATAC. M22037 6MM REFLEX COR 6127/1,140CM,15725463,"496,00",15719327ASB0052788,20/5/2026,08/07/2026,28,133535,"R$ 515,84"
70,DASS NORDESTE CALC ARTIGOS ESPORT LTDA,138730,1400178,93698,CORDAO M9099 POLIESTER COR 5451,1.8MM,15725468,"445,00",0,20/5/2026,08/07/2026,28,133536,"R$ 160,20"
70,DASS NORDESTE CALC ARTIGOS ESPORT LTDA,139036,1265494,87431,FITA MFGP C/ GOMA POLIESTER COR 100 / COR 5535 / COR 100,15MM,15756178,"410,00",0,27/5/2026,22/06/2026,12,133747,"R$ 319,80"
70,DASS NORDESTE CALC ARTIGOS ESPORT LTDA,139036,1386952,92300,FITA MFGP C/ GOMA POLIESTER COR 788,15MM,15756178,"180,00",0,27/5/2026,22/06/2026,12,133747,"R$ 140,40"
70,DASS NORDESTE CALC ARTIGOS ESPORT LTDA,139036,1413354,95091,FITA MFGP C/ GOMA POLIESTER COR 114 / COR 5998 / COR 114,15MM,15756178,"250,00",0,27/5/2026,22/06/2026,12,133747,"R$ 195,00"
70,DASS NORDESTE CALC ARTIGOS ESPORT LTDA,139036,1401453,95094,FITA MFGP C/ GOMA POLIESTER COR 100 / COR 788 / COR 100,15MM,15756178,"120,00",0,27/5/2026,22/06/2026,12,133747,"R$ 93,60"
70,DASS NORDESTE CALC ARTIGOS ESPORT LTDA,139037,816378,76524,ATAC. M13725 6MM POLIESTER COR 263,100CM,15756225,"300,00",15746778BRITB00527,27/5/2026,22/06/2026,12,133748,"R$ 219,00"
70,DASS NORDESTE CALC ARTIGOS ESPORT LTDA,139037,816378,76524,ATAC. M13725 6MM POLIESTER COR 263,100CM,15756225,"312,00",15746779BRITB00527,27/5/2026,22/06/2026,12,133748,"R$ 227,76"
70,DASS NORDESTE CALC ARTIGOS ESPORT LTDA,139037,816378,76524,ATAC. M13725 6MM POLIESTER COR 263,100CM,15756225,"432,00",15746780BRITB00527,27/5/2026,22/06/2026,12,133748,"R$ 315,36"
70,DASS NORDESTE CALC ARTIGOS ESPORT LTDA,139037,816378,76524,ATAC. M13725 6MM POLIESTER COR 263,110CM,15756225,"408,00",15746778BRITB00527,27/5/2026,22/06/2026,12,133748,"R$ 326,40"
70,DASS NORDESTE CALC ARTIGOS ESPORT LTDA,139037,816378,76524,ATAC. M13725 6MM POLIESTER COR 263,110CM,15756225,"444,00",15746779BRITB00527,27/5/2026,22/06/2026,12,133748,"R$ 355,20"
70,DASS NORDESTE CALC ARTIGOS ESPORT LTDA,139037,816378,76524,ATAC. M13725 6MM POLIESTER COR 263,110CM,15756225,"648,00",15746780BRITB00527,27/5/2026,22/06/2026,12,133748,"R$ 518,40"
70,DASS NORDESTE CALC ARTIGOS ESPORT LTDA,139038,898941,70164,FITA MFGP C/ GOMA POLIESTER COR 100,12MM,15756283,"1.130,00",0,27/5/2026,29/06/2026,19,133749,"R$ 700,60"
70,DASS NORDESTE CALC ARTIGOS ESPORT LTDA,139038,1240579,70375,FITA MFGP C/ GOMA POLIESTER COR 678,12MM,15756283,"260,00",0,27/5/2026,29/06/2026,19,133749,"R$ 161,20"
70,DASS NORDESTE CALC ARTIGOS ESPORT LTDA,139038,902057,73522,FITA MFGP C/ GOMA POLIESTER COR 057,15MM,15756283,"140,00",0,27/5/2026,29/06/2026,19,133749,"R$ 109,20"
70,DASS NORDESTE CALC ARTIGOS ESPORT LTDA,139038,1413356,73872,FITA MFGP C/ GOMA POLIESTER COR 057 / COR 114 / COR 057,15MM,15756283,"110,00",0,27/5/2026,29/06/2026,19,133749,"R$ 85,80"
70,DASS NORDESTE CALC ARTIGOS ESPORT LTDA,139038,1104256,84559,FITA MFGP C/ GOMA POLIESTER COR 114,12MM,15756283,"690,00",0,27/5/2026,29/06/2026,19,133749,"R$ 427,80"
70,DASS NORDESTE CALC ARTIGOS ESPORT LTDA,139038,1411787,86298,FITA MFGP C/ GOMA POLIESTER COR 486,12MM,15756283,"380,00",0,27/5/2026,29/06/2026,19,133749,"R$ 235,60"
70,DASS NORDESTE CALC ARTIGOS ESPORT LTDA,139038,1387456,92181,FITA MFGP C/ GOMA POLIESTER COR 5094,15MM,15756283,"500,00",0,27/5/2026,29/06/2026,19,133749,"R$ 390,00"
70,DASS NORDESTE CALC ARTIGOS ESPORT LTDA,139039,1175396,75595,ATAC. M13725 6MM POLIESTER COR 100,90CM,15756360,"396,00",15746775BRITB00527,27/5/2026,29/06/2026,19,133750,"R$ 261,36"
70,DASS NORDESTE CALC ARTIGOS ESPORT LTDA,139039,1175396,75595,ATAC. M13725 6MM POLIESTER COR 100,90CM,15756360,"288,00",15746776BRITB00527,27/5/2026,29/06/2026,19,133750,"R$ 190,08"
70,DASS NORDESTE CALC ARTIGOS ESPORT LTDA,139039,1175396,75595,ATAC. M13725 6MM POLIESTER COR 100,100CM,15756360,"720,00",15746775BRITB00527,27/5/2026,29/06/2026,19,133750,"R$ 525,60"
70,DASS NORDESTE CALC ARTIGOS ESPORT LTDA,139039,1175396,75595,ATAC. M13725 6MM POLIESTER COR 100,100CM,15756360,"636,00",15746776BRITB00527,27/5/2026,29/06/2026,19,133750,"R$ 464,28"
70,DASS NORDESTE CALC ARTIGOS ESPORT LTDA,139039,1314384,75662,ATAC. M13725 6MM POLIESTER COR 114,90CM,15756360,"384,00",15746773BRITB00527,27/5/2026,29/06/2026,19,133750,"R$ 253,44"
70,DASS NORDESTE CALC ARTIGOS ESPORT LTDA,139039,1314384,75662,ATAC. M13725 6MM POLIESTER COR 114,100CM,15756360,"660,00",15746773BRITB00527,27/5/2026,29/06/2026,19,133750,"R$ 481,80"
70,DASS NORDESTE CALC ARTIGOS ESPORT LTDA,139039,1321091,90891,ATAC. M13725 6MM POLIESTER COR 5703,90CM,15756360,"432,00",15746774BRITB00527,27/5/2026,29/06/2026,19,133750,"R$ 285,12"
70,DASS NORDESTE CALC ARTIGOS ESPORT LTDA,139039,1321091,90891,ATAC. M13725 6MM POLIESTER COR 5703,100CM,15756360,"612,00",15746774BRITB00527,27/5/2026,29/06/2026,19,133750,"R$ 446,76"
70,DASS NORDESTE CALC ARTIGOS ESPORT LTDA,139039,1163455,73821,ATAC. M21020 8MM POLIESTER COR 100,120CM,15756360,"528,00",15746740ARG201956-,27/5/2026,29/06/2026,19,133750,"R$ 480,48"
70,DASS NORDESTE CALC ARTIGOS ESPORT LTDA,139039,1163455,73821,ATAC. M21020 8MM POLIESTER COR 100,120CM,15756360,"528,00",15746741ARG201956-,27/5/2026,29/06/2026,19,133750,"R$ 480,48"
70,DASS NORDESTE CALC ARTIGOS ESPORT LTDA,139039,1163455,73821,ATAC. M21020 8MM POLIESTER COR 100,130CM,15756360,"432,00",15746740ARG201956-,27/5/2026,29/06/2026,19,133750,"R$ 427,68"
70,DASS NORDESTE CALC ARTIGOS ESPORT LTDA,139039,1163455,73821,ATAC. M21020 8MM POLIESTER COR 100,130CM,15756360,"432,00",15746741ARG201956-,27/5/2026,29/06/2026,19,133750,"R$ 427,68"
70,DASS NORDESTE CALC ARTIGOS ESPORT LTDA,139039,1024417,73877,ATAC. M21020 8MM POLIESTER COR 057,120CM,15756360,"528,00",15746743ARG201957-,27/5/2026,29/06/2026,19,133750,"R$ 480,48"
70,DASS NORDESTE CALC ARTIGOS ESPORT LTDA,139039,1024417,73877,ATAC. M21020 8MM POLIESTER COR 057,130CM,15756360,"432,00",15746743ARG201957-,27/5/2026,29/06/2026,19,133750,"R$ 427,68"
70,DASS NORDESTE CALC ARTIGOS ESPORT LTDA,139040,1386809,76010,FITA MFGP C/ GOMA POLIESTER COR 447,12MM,15756397,"230,00",0,27/5/2026,06/07/2026,26,133751,"R$ 142,60"
70,DASS NORDESTE CALC ARTIGOS ESPORT LTDA,139040,1146621,78187,FITA MFGP C/ GOMA POLIESTER COR 053,8MM,15756397,"450,00",0,27/5/2026,06/07/2026,26,133751,"R$ 189,00"
70,DASS NORDESTE CALC ARTIGOS ESPORT LTDA,139040,1406202,92300,FITA MFGP C/ GOMA POLIESTER COR 788,8MM,15756397,"60,00",0,27/5/2026,06/07/2026,26,133751,"R$ 25,20"
70,DASS NORDESTE CALC ARTIGOS ESPORT LTDA,139041,991872,76013,ATAC. M13723 6MM POLIESTER COR 102,115CM,15756449,"456,00",15746770BRITB00527,27/5/2026,06/07/2026,26,133752,"R$ 314,64"
70,DASS NORDESTE CALC ARTIGOS ESPORT LTDA,139041,991872,76013,ATAC. M13723 6MM POLIESTER COR 102,125CM,15756449,"600,00",15746770BRITB00527,27/5/2026,06/07/2026,26,133752,"R$ 450,00"
70,DASS NORDESTE CALC ARTIGOS ESPORT LTDA,139041,1404465,94982,ATAC. M13725 6MM POLIESTER COR 6002,90CM,15756449,"420,00",15746781BRITB00528,27/5/2026,06/07/2026,26,133752,"R$ 277,20"
70,DASS NORDESTE CALC ARTIGOS ESPORT LTDA,139041,1404465,94982,ATAC. M13725 6MM POLIESTER COR 6002,90CM,15756449,"312,00",15746782BRITB00528,27/5/2026,06/07/2026,26,133752,"R$ 205,92"
70,DASS NORDESTE CALC ARTIGOS ESPORT LTDA,139041,1404465,94982,ATAC. M13725 6MM POLIESTER COR 6002,100CM,15756449,"696,00",15746781BRITB00528,27/5/2026,06/07/2026,26,133752,"R$ 508,08"
70,DASS NORDESTE CALC ARTIGOS ESPORT LTDA,139041,1404465,94982,ATAC. M13725 6MM POLIESTER COR 6002,100CM,15756449,"576,00",15746782BRITB00528,27/5/2026,06/07/2026,26,133752,"R$ 420,48"
70,DASS NORDESTE CALC ARTIGOS ESPORT LTDA,139041,1024417,73877,ATAC. M21020 8MM POLIESTER COR 057,120CM,15756449,"528,00",15746744ARG201957-,27/5/2026,06/07/2026,26,133752,"R$ 480,48"
70,DASS NORDESTE CALC ARTIGOS ESPORT LTDA,139041,1024417,73877,ATAC. M21020 8MM POLIESTER COR 057,130CM,15756449,"432,00",15746744ARG201957-,27/5/2026,06/07/2026,26,133752,"R$ 427,68"
70,DASS NORDESTE CALC ARTIGOS ESPORT LTDA,139041,1140249,78570,ATAC. M21020 8MM POLIESTER COR 263,120CM,15756449,"528,00",15746771ARG201958-,27/5/2026,06/07/2026,26,133752,"R$ 480,48"
70,DASS NORDESTE CALC ARTIGOS ESPORT LTDA,139041,1140249,78570,ATAC. M21020 8MM POLIESTER COR 263,120CM,15756449,"528,00",15746772ARG201958-,27/5/2026,06/07/2026,26,133752,"R$ 480,48"
70,DASS NORDESTE CALC ARTIGOS ESPORT LTDA,139041,1140249,78570,ATAC. M21020 8MM POLIESTER COR 263,130CM,15756449,"432,00",15746771ARG201958-,27/5/2026,06/07/2026,26,133752,"R$ 427,68"
70,DASS NORDESTE CALC ARTIGOS ESPORT LTDA,139041,1140249,78570,ATAC. M21020 8MM POLIESTER COR 263,130CM,15756449,"432,00",15746772ARG201958-,27/5/2026,06/07/2026,26,133752,"R$ 427,68"
70,DASS NORDESTE CALC ARTIGOS ESPORT LTDA,139060,1072623,72801,FITA MFGP C/ GOMA POLIESTER COR 057/1,8MM,15758017,"90,00",0,28/5/2026,13/07/2026,33,133771,"R$ 37,80"
70,DASS NORDESTE CALC ARTIGOS ESPORT LTDA,139060,1104264,74030,FITA MFGP C/ GOMA POLIESTER COR 114,8MM,15758017,"360,00",0,28/5/2026,13/07/2026,33,133771,"R$ 151,20"
70,DASS NORDESTE CALC ARTIGOS ESPORT LTDA,139060,1273335,85997,FITA MFGP C/ GOMA POLIESTER COR 5507,12MM,15758017,"330,00",0,28/5/2026,13/07/2026,33,133771,"R$ 204,60"
70,DASS NORDESTE CALC ARTIGOS ESPORT LTDA,139060,1359678,92233,FITA MFGP C/ GOMA POLIESTER COR 5834,8MM,15758017,"60,00",0,28/5/2026,13/07/2026,33,133771,"R$ 25,20"
70,DASS NORDESTE CALC ARTIGOS ESPORT LTDA,139349,1356642,83178,FITA MFGP C/ GOMA POLIESTER COR 5293,15MM,15783977,"260,00",800387,3/6/2026,17/06/2026,7,133975,"R$ 202,80"
70,DASS NORDESTE CALC ARTIGOS ESPORT LTDA,139432,1169743,71376,FITA MFGP C/ GOMA POLIESTER COR 102,20MM,15798364,"60,00",802931,8/6/2026,22/06/2026,12,134180,"R$ 85,20"
70,DASS NORDESTE CALC ARTIGOS ESPORT LTDA,139468,1355752,91743,ATAC. M13725 6MM POLIESTER COR 931,90CM,15802947,"36,00",804881,9/6/2026,12/06/2026,2,134207,"R$ 23,76"
70,DASS NORDESTE CALC ARTIGOS ESPORT LTDA,139503,1403526,92948,FITA M32207 C/ GOMA POLIESTER COR 100 / COR 282 / COR 100,15MM,15810684,"630,00",0,10/6/2026,29/06/2026,19,134254,"R$ 749,70"
70,DASS NORDESTE CALC ARTIGOS ESPORT LTDA,139503,1403527,92950,FITA M32207 C/ GOMA POLIESTER COR 114 / COR 491 / COR 114,15MM,15810684,"150,00",0,10/6/2026,29/06/2026,19,134254,"R$ 178,50"
70,DASS NORDESTE CALC ARTIGOS ESPORT LTDA,139503,783896,70164,FITA MFGP C/ GOMA POLIESTER COR 100,15MM,15810684,"1.110,00",0,10/6/2026,29/06/2026,19,134254,"R$ 865,80"
70,DASS NORDESTE CALC ARTIGOS ESPORT LTDA,139503,902655,71376,FITA MFGP C/ GOMA POLIESTER COR 102,15MM,15810684,"580,00",0,10/6/2026,29/06/2026,19,134254,"R$ 452,40"
70,DASS NORDESTE CALC ARTIGOS ESPORT LTDA,139503,1397653,92488,FITA MFGP C/ GOMA POLIESTER COR 6001,15MM,15810684,"280,00",0,10/6/2026,29/06/2026,19,134254,"R$ 218,40"
70,DASS NORDESTE CALC ARTIGOS ESPORT LTDA,139503,1294761,87944,FITA M31119 C/ GOMA POLIESTER COR 102/ COR 100/ COR 678,16MM,15810684,"100,00",0,10/6/2026,29/06/2026,19,134254,"R$ 80,00"
70,DASS NORDESTE CALC ARTIGOS ESPORT LTDA,139503,1358112,92574,FITA M31119 C/ GOMA POLIESTER COR 057 / COR 102 / COR 102,16MM,15810684,"10,00",0,10/6/2026,29/06/2026,19,134254,"R$ 8,00"
70,DASS NORDESTE CALC ARTIGOS ESPORT LTDA,139503,1416908,95301,FITA M31119 C/ GOMA POLIESTER COR 6038 / COR 5508 / COR 5508,16MM,15810684,"10,00",0,10/6/2026,29/06/2026,19,134254,"R$ 8,00"
70,DASS NORDESTE CALC ARTIGOS ESPORT LTDA,139504,1176326,75611,ATAC. M13727 POLIESTER COR 100 / COR 263,90CM,15810719,"396,00",15800671FIL001507,10/6/2026,29/06/2026,19,134255,"R$ 261,36"
70,DASS NORDESTE CALC ARTIGOS ESPORT LTDA,139504,1176326,75611,ATAC. M13727 POLIESTER COR 100 / COR 263,100CM,15810719,"558,00",15801339EXP0106505,10/6/2026,29/06/2026,19,134255,"R$ 407,34"
70,DASS NORDESTE CALC ARTIGOS ESPORT LTDA,139504,1176326,75611,ATAC. M13727 POLIESTER COR 100 / COR 263,100CM,15810719,"852,00",15800656FIL001490,10/6/2026,29/06/2026,19,134255,"R$ 621,96"
70,DASS NORDESTE CALC ARTIGOS ESPORT LTDA,139504,1176326,75611,ATAC. M13727 POLIESTER COR 100 / COR 263,100CM,15810719,"444,00",15800671FIL001507,10/6/2026,29/06/2026,19,134255,"R$ 324,12"
70,DASS NORDESTE CALC ARTIGOS ESPORT LTDA,139504,1176326,75611,ATAC. M13727 POLIESTER COR 100 / COR 263,110CM,15810719,"72,00",15801339EXP0106505,10/6/2026,29/06/2026,19,134255,"R$ 57,60"
70,DASS NORDESTE CALC ARTIGOS ESPORT LTDA,139504,1176326,75611,ATAC. M13727 POLIESTER COR 100 / COR 263,110CM,15810719,"396,00",15800656FIL001490,10/6/2026,29/06/2026,19,134255,"R$ 316,80"
70,DASS NORDESTE CALC ARTIGOS ESPORT LTDA,139504,1051608,73819,ATAC. M21020 8MM POLIESTER COR 114,115CM,15810719,"342,00",15801334EXP0106453,10/6/2026,29/06/2026,19,134255,"R$ 297,54"
70,DASS NORDESTE CALC ARTIGOS ESPORT LTDA,139504,1051608,73819,ATAC. M21020 8MM POLIESTER COR 114,125CM,15810719,"138,00",15801334EXP0106453,10/6/2026,29/06/2026,19,134255,"R$ 131,10"
70,DASS NORDESTE CALC ARTIGOS ESPORT LTDA,139504,813443,73821,ATAC. M21020 8MM POLIESTER COR 100,115CM,15810719,"294,00",15801333EXP0106452,10/6/2026,29/06/2026,19,134255,"R$ 255,78"
70,DASS NORDESTE CALC ARTIGOS ESPORT LTDA,139504,813443,73821,ATAC. M21020 8MM POLIESTER COR 100,115CM,15810719,"360,00",15800628FIL001499-,10/6/2026,29/06/2026,19,134255,"R$ 313,20"
70,DASS NORDESTE CALC ARTIGOS ESPORT LTDA,139504,813443,73821,ATAC. M21020 8MM POLIESTER COR 100,115CM,15810719,"372,00",15800629FIL001499-,10/6/2026,29/06/2026,19,134255,"R$ 323,64"
70,DASS NORDESTE CALC ARTIGOS ESPORT LTDA,139504,813443,73821,ATAC. M21020 8MM POLIESTER COR 100,125CM,15810719,"240,00",15801333EXP0106452,10/6/2026,29/06/2026,19,134255,"R$ 228,00"
70,DASS NORDESTE CALC ARTIGOS ESPORT LTDA,139504,813443,73821,ATAC. M21020 8MM POLIESTER COR 100,125CM,15810719,"396,00",15800628FIL001499-,10/6/2026,29/06/2026,19,134255,"R$ 376,20"
70,DASS NORDESTE CALC ARTIGOS ESPORT LTDA,139504,813443,73821,ATAC. M21020 8MM POLIESTER COR 100,125CM,15810719,"432,00",15800629FIL001499-,10/6/2026,29/06/2026,19,134255,"R$ 410,40"
70,DASS NORDESTE CALC ARTIGOS ESPORT LTDA,139505,1403524,92945,FITA M32207 C/ GOMA POLIESTER COR 788 / COR 174 / COR 788,15MM,15811184,"220,00",0,10/6/2026,06/07/2026,26,134256,"R$ 261,80"
70,DASS NORDESTE CALC ARTIGOS ESPORT LTDA,139505,1403527,92950,FITA M32207 C/ GOMA POLIESTER COR 114 / COR 491 / COR 114,15MM,15811184,"580,00",0,10/6/2026,06/07/2026,26,134256,"R$ 690,20"
70,DASS NORDESTE CALC ARTIGOS ESPORT LTDA,139505,998350,70164,FITA MFGP C/ GOMA POLIESTER COR 100,10MM,15811184,"3.870,00",0,10/6/2026,06/07/2026,26,134256,"R$ 1.973,70"
70,DASS NORDESTE CALC ARTIGOS ESPORT LTDA,139505,783896,70164,FITA MFGP C/ GOMA POLIESTER COR 100,15MM,15811184,"730,00",0,10/6/2026,06/07/2026,26,134256,"R$ 569,40"
70,DASS NORDESTE CALC ARTIGOS ESPORT LTDA,139505,902057,73522,FITA MFGP C/ GOMA POLIESTER COR 057,15MM,15811184,"400,00",0,10/6/2026,06/07/2026,26,134256,"R$ 312,00"
70,DASS NORDESTE CALC ARTIGOS ESPORT LTDA,139505,975119,73589,FITA MFGP C/ GOMA POLIESTER COR 263,15MM,15811184,"800,00",0,10/6/2026,06/07/2026,26,134256,"R$ 624,00"
70,DASS NORDESTE CALC ARTIGOS ESPORT LTDA,139505,1354620,90422,FITA MFGP C/ GOMA POLIESTER COR 5703,15MM,15811184,"300,00",0,10/6/2026,06/07/2026,26,134256,"R$ 234,00"
70,DASS NORDESTE CALC ARTIGOS ESPORT LTDA,139505,1387456,92181,FITA MFGP C/ GOMA POLIESTER COR 5094,15MM,15811184,"390,00",0,10/6/2026,06/07/2026,26,134256,"R$ 304,20"
70,DASS NORDESTE CALC ARTIGOS ESPORT LTDA,139505,1386952,92300,FITA MFGP C/ GOMA POLIESTER COR 788,15MM,15811184,"350,00",0,10/6/2026,06/07/2026,26,134256,"R$ 273,00"
70,DASS NORDESTE CALC ARTIGOS ESPORT LTDA,139505,1403058,95382,FITA M31119 C/ GOMA POLIESTER COR 788 / COR 5768 / COR 5768,16MM,15811184,"110,00",0,10/6/2026,06/07/2026,26,134256,"R$ 88,00"
70,DASS NORDESTE CALC ARTIGOS ESPORT LTDA,139505,1417771,95383,FITA M31119 C/ GOMA POLIESTER COR 5855 / COR 5768 / COR 5768,16MM,15811184,"160,00",0,10/6/2026,06/07/2026,26,134256,"R$ 128,00"
70,DASS NORDESTE CALC ARTIGOS ESPORT LTDA,139506,1179318,75593,ATAC. M13725 6MM POLIESTER COR 057,90CM,15811228,"312,00",15800654BRITB00530,10/6/2026,06/07/2026,26,134257,"R$ 205,92"
70,DASS NORDESTE CALC ARTIGOS ESPORT LTDA,139506,1179318,75593,ATAC. M13725 6MM POLIESTER COR 057,100CM,15811228,"744,00",15800654BRITB00530,10/6/2026,06/07/2026,26,134257,"R$ 543,12"
70,DASS NORDESTE CALC ARTIGOS ESPORT LTDA,139506,1175396,75595,ATAC. M13725 6MM POLIESTER COR 100,100CM,15811228,"444,00",15800621BRITB00529,10/6/2026,06/07/2026,26,134257,"R$ 324,12"
70,DASS NORDESTE CALC ARTIGOS ESPORT LTDA,139506,1175396,75595,ATAC. M13725 6MM POLIESTER COR 100,100CM,15811228,"336,00",15800622BRITB00529,10/6/2026,06/07/2026,26,134257,"R$ 245,28"
70,DASS NORDESTE CALC ARTIGOS ESPORT LTDA,139506,1175396,75595,ATAC. M13725 6MM POLIESTER COR 100,110CM,15811228,"684,00",15800621BRITB00529,10/6/2026,06/07/2026,26,134257,"R$ 547,20"
70,DASS NORDESTE CALC ARTIGOS ESPORT LTDA,139506,1175396,75595,ATAC. M13725 6MM POLIESTER COR 100,110CM,15811228,"588,00",15800622BRITB00529,10/6/2026,06/07/2026,26,134257,"R$ 470,40"
70,DASS NORDESTE CALC ARTIGOS ESPORT LTDA,139506,816378,76524,ATAC. M13725 6MM POLIESTER COR 263,100CM,15811228,"312,00",15800650BRITB00529,10/6/2026,06/07/2026,26,134257,"R$ 227,76"
70,DASS NORDESTE CALC ARTIGOS ESPORT LTDA,139506,816378,76524,ATAC. M13725 6MM POLIESTER COR 263,100CM,15811228,"324,00",15800651BRITB00529,10/6/2026,06/07/2026,26,134257,"R$ 236,52"
70,DASS NORDESTE CALC ARTIGOS ESPORT LTDA,139506,816378,76524,ATAC. M13725 6MM POLIESTER COR 263,100CM,15811228,"540,00",15800652BRITB00529,10/6/2026,06/07/2026,26,134257,"R$ 394,20"
70,DASS NORDESTE CALC ARTIGOS ESPORT LTDA,139506,816378,76524,ATAC. M13725 6MM POLIESTER COR 263,110CM,15811228,"504,00",15800650BRITB00529,10/6/2026,06/07/2026,26,134257,"R$ 403,20"
70,DASS NORDESTE CALC ARTIGOS ESPORT LTDA,139506,816378,76524,ATAC. M13725 6MM POLIESTER COR 263,110CM,15811228,"528,00",15800651BRITB00529,10/6/2026,06/07/2026,26,134257,"R$ 422,40"
70,DASS NORDESTE CALC ARTIGOS ESPORT LTDA,139506,816378,76524,ATAC. M13725 6MM POLIESTER COR 263,110CM,15811228,"840,00",15800652BRITB00529,10/6/2026,06/07/2026,26,134257,"R$ 672,00"
70,DASS NORDESTE CALC ARTIGOS ESPORT LTDA,139506,1404465,94982,ATAC. M13725 6MM POLIESTER COR 6002,90CM,15811228,"456,00",15800653BRITB00530,10/6/2026,06/07/2026,26,134257,"R$ 300,96"
70,DASS NORDESTE CALC ARTIGOS ESPORT LTDA,139506,1404465,94982,ATAC. M13725 6MM POLIESTER COR 6002,100CM,15811228,"588,00",15800653BRITB00530,10/6/2026,06/07/2026,26,134257,"R$ 429,24"
70,DASS NORDESTE CALC ARTIGOS ESPORT LTDA,139506,1259297,84202,ATAC. M13727 POLIESTER COR 100 / COR 102,95CM,15811228,"492,00",15801330ARG201968,10/6/2026,06/07/2026,26,134257,"R$ 339,48"
70,DASS NORDESTE CALC ARTIGOS ESPORT LTDA,139506,1259297,84202,ATAC. M13727 POLIESTER COR 100 / COR 102,95CM,15811228,"372,00",15801331ARG201969,10/6/2026,06/07/2026,26,134257,"R$ 256,68"
70,DASS NORDESTE CALC ARTIGOS ESPORT LTDA,139506,1259297,84202,ATAC. M13727 POLIESTER COR 100 / COR 102,100CM,15811228,"960,00",15801329ARG201961,10/6/2026,06/07/2026,26,134257,"R$ 700,80"
70,DASS NORDESTE CALC ARTIGOS ESPORT LTDA,139506,1259297,84202,ATAC. M13727 POLIESTER COR 100 / COR 102,100CM,15811228,"708,00",15801330ARG201968,10/6/2026,06/07/2026,26,134257,"R$ 516,84"
70,DASS NORDESTE CALC ARTIGOS ESPORT LTDA,139506,1259297,84202,ATAC. M13727 POLIESTER COR 100 / COR 102,100CM,15811228,"588,00",15801331ARG201969,10/6/2026,06/07/2026,26,134257,"R$ 429,24"
70,DASS NORDESTE CALC ARTIGOS ESPORT LTDA,139506,1259297,84202,ATAC. M13727 POLIESTER COR 100 / COR 102,105CM,15811228,"240,00",15801329ARG201961,10/6/2026,06/07/2026,26,134257,"R$ 184,80"
70,DASS NORDESTE CALC ARTIGOS ESPORT LTDA,139506,1286937,87968,ATAC. M13727 POLIESTER COR 114 / COR 5535,90CM,15811228,"312,00",15800675FIL001511-,10/6/2026,06/07/2026,26,134257,"R$ 205,92"
70,DASS NORDESTE CALC ARTIGOS ESPORT LTDA,139506,1286937,87968,ATAC. M13727 POLIESTER COR 114 / COR 5535,90CM,15811228,"324,00",15800676FIL001511-,10/6/2026,06/07/2026,26,134257,"R$ 213,84"
70,DASS NORDESTE CALC ARTIGOS ESPORT LTDA,139506,1286937,87968,ATAC. M13727 POLIESTER COR 114 / COR 5535,100CM,15811228,"444,00",15800675FIL001511-,10/6/2026,06/07/2026,26,134257,"R$ 324,12"
70,DASS NORDESTE CALC ARTIGOS ESPORT LTDA,139506,1286937,87968,ATAC. M13727 POLIESTER COR 114 / COR 5535,100CM,15811228,"468,00",15800676FIL001511-,10/6/2026,06/07/2026,26,134257,"R$ 341,64"
70,DASS NORDESTE CALC ARTIGOS ESPORT LTDA,139506,1281681,88007,ATAC. M13727 POLIESTER COR 100 / COR 114,100CM,15811228,"372,00",15800657FIL001491,10/6/2026,06/07/2026,26,134257,"R$ 271,56"
70,DASS NORDESTE CALC ARTIGOS ESPORT LTDA,139506,1281681,88007,ATAC. M13727 POLIESTER COR 100 / COR 114,110CM,15811228,"180,00",15800657FIL001491,10/6/2026,06/07/2026,26,134257,"R$ 144,00"
70,DASS NORDESTE CALC ARTIGOS ESPORT LTDA,139506,1310138,90248,ATAC. M13727 POLIESTER COR 5508 / COR 5535,90CM,15811228,"384,00",15800672FIL001508,10/6/2026,06/07/2026,26,134257,"R$ 253,44"
70,DASS NORDESTE CALC ARTIGOS ESPORT LTDA,139506,1310138,90248,ATAC. M13727 POLIESTER COR 5508 / COR 5535,100CM,15811228,"504,00",15800667FIL001495,10/6/2026,06/07/2026,26,134257,"R$ 367,92"
70,DASS NORDESTE CALC ARTIGOS ESPORT LTDA,139506,1310138,90248,ATAC. M13727 POLIESTER COR 5508 / COR 5535,100CM,15811228,"444,00",15800672FIL001508,10/6/2026,06/07/2026,26,134257,"R$ 324,12"
70,DASS NORDESTE CALC ARTIGOS ESPORT LTDA,139506,1310138,90248,ATAC. M13727 POLIESTER COR 5508 / COR 5535,110CM,15811228,"336,00",15800667FIL001495,10/6/2026,06/07/2026,26,134257,"R$ 268,80"
70,DASS NORDESTE CALC ARTIGOS ESPORT LTDA,139506,1403289,95778,ATAC. M13727 POLIESTER COR 4039 / COR 114,100CM,15811228,"744,00",15800668FIL001496,10/6/2026,06/07/2026,26,134257,"R$ 543,12"
70,DASS NORDESTE CALC ARTIGOS ESPORT LTDA,139506,1403289,95778,ATAC. M13727 POLIESTER COR 4039 / COR 114,110CM,15811228,"312,00",15800668FIL001496,10/6/2026,06/07/2026,26,134257,"R$ 249,60"
70,DASS NORDESTE CALC ARTIGOS ESPORT LTDA,139506,1051608,73819,ATAC. M21020 8MM POLIESTER COR 114,115CM,15811228,"444,00",15800634FIL001501-,10/6/2026,06/07/2026,26,134257,"R$ 386,28"
70,DASS NORDESTE CALC ARTIGOS ESPORT LTDA,139506,1051608,73819,ATAC. M21020 8MM POLIESTER COR 114,115CM,15811228,"444,00",15800635FIL001501-,10/6/2026,06/07/2026,26,134257,"R$ 386,28"
70,DASS NORDESTE CALC ARTIGOS ESPORT LTDA,139506,1051608,73819,ATAC. M21020 8MM POLIESTER COR 114,125CM,15811228,"504,00",15800634FIL001501-,10/6/2026,06/07/2026,26,134257,"R$ 478,80"
70,DASS NORDESTE CALC ARTIGOS ESPORT LTDA,139506,1051608,73819,ATAC. M21020 8MM POLIESTER COR 114,125CM,15811228,"540,00",15800635FIL001501-,10/6/2026,06/07/2026,26,134257,"R$ 513,00"
70,DASS NORDESTE CALC ARTIGOS ESPORT LTDA,139506,1421812,95779,ATAC. M21020 8MM REFLEX COR 5998/1,115CM,15811228,"462,00",15801335EXP0106454,10/6/2026,06/07/2026,26,134257,"R$ 401,94"
70,DASS NORDESTE CALC ARTIGOS ESPORT LTDA,139506,1421812,95779,ATAC. M21020 8MM REFLEX COR 5998/1,125CM,15811228,"258,00",15801335EXP0106454,10/6/2026,06/07/2026,26,134257,"R$ 245,10"
70,DASS NORDESTE CALC ARTIGOS ESPORT LTDA,139527,998350,70164,FITA MFGP C/ GOMA POLIESTER COR 100,10MM,15811735,"280,00",0,10/6/2026,06/07/2026,26,134281,"R$ 142,80"
70,DASS NORDESTE CALC ARTIGOS ESPORT LTDA,139527,1386952,92300,FITA MFGP C/ GOMA POLIESTER COR 788,15MM,15811735,"70,00",0,10/6/2026,06/07/2026,26,134281,"R$ 54,60"
70,DASS NORDESTE CALC ARTIGOS ESPORT LTDA,139528,1403524,92945,FITA M32207 C/ GOMA POLIESTER COR 788 / COR 174 / COR 788,15MM,15812267,"840,00",0,10/6/2026,13/07/2026,33,134282,"R$ 999,60"
70,DASS NORDESTE CALC ARTIGOS ESPORT LTDA,139529,1403524,92945,FITA M32207 C/ GOMA POLIESTER COR 788 / COR 174 / COR 788,15MM,15812520,"580,00",0,10/6/2026,20/07/2026,40,134283,"R$ 690,20"
70,DASS NORDESTE CALC ARTIGOS ESPORT LTDA,139529,1403526,92948,FITA M32207 C/ GOMA POLIESTER COR 100 / COR 282 / COR 100,15MM,15812520,"210,00",0,10/6/2026,20/07/2026,40,134283,"R$ 249,90"
70,DASS NORDESTE CALC ARTIGOS ESPORT LTDA,139529,108955,70164,FITA MFGP C/ GOMA POLIESTER COR 100,8MM,15812520,"60,00",0,10/6/2026,20/07/2026,40,134283,"R$ 25,20"
70,DASS NORDESTE CALC ARTIGOS ESPORT LTDA,139529,1104264,74030,FITA MFGP C/ GOMA POLIESTER COR 114,8MM,15812520,"190,00",0,10/6/2026,20/07/2026,40,134283,"R$ 79,80"
70,DASS NORDESTE CALC ARTIGOS ESPORT LTDA,139529,1146621,78187,FITA MFGP C/ GOMA POLIESTER COR 053,8MM,15812520,"80,00",0,10/6/2026,20/07/2026,40,134283,"R$ 33,60"
391,DASS NORDESTE CALCADOS E ART ESPORTIVOS SA,138791,715810,70162,FITA MFGP POLIESTER COR 100,15MM,15733107,"120,00",0,22/5/2026,17/06/2026,7,133607,"R$ 72,00"
391,DASS NORDESTE CALCADOS E ART ESPORTIVOS SA,138956,738316,1053,ELAST. MTM POLIESTER COR 100,6MM,15753054,"480,00",0,26/5/2026,01/07/2026,21,133693,"R$ 307,20"
391,DASS NORDESTE CALCADOS E ART ESPORTIVOS SA,139222,827533,95643,ATAC. M13801 POLIESTER COR 100,110CM,15751057,"48,00",15729835BRI010270,1/6/2026,17/06/2026,7,133923,"R$ 21,60"
391,DASS NORDESTE CALCADOS E ART ESPORTIVOS SA,139222,827533,95643,ATAC. M13801 POLIESTER COR 100,120CM,15751057,"312,00",15729835BRI010270,1/6/2026,17/06/2026,7,133923,"R$ 152,88"
391,DASS NORDESTE CALCADOS E ART ESPORTIVOS SA,139223,827533,95643,ATAC. M13801 POLIESTER COR 100,110CM,15751058,"168,00",15729837BRI010275,1/6/2026,24/06/2026,14,133924,"R$ 75,60"
391,DASS NORDESTE CALCADOS E ART ESPORTIVOS SA,139223,827533,95643,ATAC. M13801 POLIESTER COR 100,120CM,15751058,"180,00",15729832BRI010267,1/6/2026,24/06/2026,14,133924,"R$ 88,20"
391,DASS NORDESTE CALCADOS E ART ESPORTIVOS SA,139223,827533,95643,ATAC. M13801 POLIESTER COR 100,120CM,15751058,"96,00",15729839BRI010268,1/6/2026,24/06/2026,14,133924,"R$ 47,04"
391,DASS NORDESTE CALCADOS E ART ESPORTIVOS SA,139223,827533,95643,ATAC. M13801 POLIESTER COR 100,120CM,15751058,"144,00",15729833BRI010271,1/6/2026,24/06/2026,14,133924,"R$ 70,56"
391,DASS NORDESTE CALCADOS E ART ESPORTIVOS SA,139223,827533,95643,ATAC. M13801 POLIESTER COR 100,120CM,15751058,"132,00",15729842BRI010272,1/6/2026,24/06/2026,14,133924,"R$ 64,68"
391,DASS NORDESTE CALCADOS E ART ESPORTIVOS SA,139223,827533,95643,ATAC. M13801 POLIESTER COR 100,120CM,15751058,"360,00",15729837BRI010275,1/6/2026,24/06/2026,14,133924,"R$ 176,40"
391,DASS NORDESTE CALCADOS E ART ESPORTIVOS SA,139223,827533,95643,ATAC. M13801 POLIESTER COR 100,130CM,15751058,"120,00",15729832BRI010267,1/6/2026,24/06/2026,14,133924,"R$ 63,60"
391,DASS NORDESTE CALCADOS E ART ESPORTIVOS SA,139223,827533,95643,ATAC. M13801 POLIESTER COR 100,130CM,15751058,"204,00",15729839BRI010268,1/6/2026,24/06/2026,14,133924,"R$ 108,12"
391,DASS NORDESTE CALCADOS E ART ESPORTIVOS SA,139223,827533,95643,ATAC. M13801 POLIESTER COR 100,130CM,15751058,"156,00",15729833BRI010271,1/6/2026,24/06/2026,14,133924,"R$ 82,68"
391,DASS NORDESTE CALCADOS E ART ESPORTIVOS SA,139223,827533,95643,ATAC. M13801 POLIESTER COR 100,130CM,15751058,"180,00",15729842BRI010272,1/6/2026,24/06/2026,14,133924,"R$ 95,40"
391,DASS NORDESTE CALCADOS E ART ESPORTIVOS SA,139223,827530,95644,ATAC. M13801 POLIESTER COR 102,110CM,15751058,"240,00",15729836BRI010274,1/6/2026,24/06/2026,14,133924,"R$ 108,00"
391,DASS NORDESTE CALCADOS E ART ESPORTIVOS SA,139223,827530,95644,ATAC. M13801 POLIESTER COR 102,110CM,15751058,"216,00",15729838BRI010276,01/06/2026,24/06/2026,14,133924,"R$ 97,20"
391,DASS NORDESTE CALCADOS E ART ESPORTIVOS SA,139223,827530,95644,ATAC. M13801 POLIESTER COR 102,120CM,15751058,"540,00",15729836BRI010274,01/06/2026,24/06/2026,14,133924,"R$ 264,60"
391,DASS NORDESTE CALCADOS E ART ESPORTIVOS SA,139223,827530,95644,ATAC. M13801 POLIESTER COR 102,120CM,15751058,"336,00",15729838BRI010276,01/06/2026,24/06/2026,14,133924,"R$ 164,64"
391,DASS NORDESTE CALCADOS E ART ESPORTIVOS SA,139223,1328498,95645,ATAC. M13801 POLIESTER COR 058,120CM,15751058,"348,00",15729841BRI010269,01/06/2026,24/06/2026,14,133924,"R$ 267,96"
391,DASS NORDESTE CALCADOS E ART ESPORTIVOS SA,139223,1328498,95645,ATAC. M13801 POLIESTER COR 058,120CM,15751058,"240,00",15729843BRI010273,01/06/2026,24/06/2026,14,133924,"R$ 184,80"
391,DASS NORDESTE CALCADOS E ART ESPORTIVOS SA,139223,1328498,95645,ATAC. M13801 POLIESTER COR 058,130CM,15751058,"612,00",15729841BRI010269,01/06/2026,24/06/2026,14,133924,"R$ 507,96"
391,DASS NORDESTE CALCADOS E ART ESPORTIVOS SA,139223,1328498,95645,ATAC. M13801 POLIESTER COR 058,130CM,15751058,"492,00",15729843BRI010273,01/06/2026,24/06/2026,14,133924,"R$ 408,36"
805,CALCADOS BIBI LTDA,139501,514337,74024,FITA M4027 C/ GOMA POLIESTER COR 063,15MM,3829237,"1.000,00",,10/06/2026,19/06/2026,9,134252,"R$ 750,00"
805,CALCADOS BIBI LTDA,139501,514953,75582,FITA M4027 C/ GOMA LEVE POLIESTER COR 088,15MM,3829237,"2.000,00",,10/06/2026,19/06/2026,9,134252,"R$ 1.500,00"
1526,DASS NORDESTE CALCADOS E ARTIGOS ESPORTIVOS S.A.,138718,898941,70164,FITA MFGP C/ GOMA POLIESTER COR 100,12MM,15725044,"150,00",0,20/05/2026,22/06/2026,12,133524,"R$ 93,00"
1526,DASS NORDESTE CALCADOS E ARTIGOS ESPORTIVOS S.A.,138718,783896,70164,FITA MFGP C/ GOMA POLIESTER COR 100,15MM,15725044,"220,00",0,20/05/2026,22/06/2026,12,133524,"R$ 171,60"
1526,DASS NORDESTE CALCADOS E ARTIGOS ESPORTIVOS S.A.,138718,935525,71376,FITA MFGP C/ GOMA POLIESTER COR 102,12MM,15725044,"170,00",0,20/05/2026,22/06/2026,12,133524,"R$ 105,40"
1526,DASS NORDESTE CALCADOS E ARTIGOS ESPORTIVOS S.A.,138718,902057,73522,FITA MFGP C/ GOMA POLIESTER COR 057,15MM,15725044,"640,00",0,20/05/2026,22/06/2026,12,133524,"R$ 499,20"
1526,DASS NORDESTE CALCADOS E ARTIGOS ESPORTIVOS S.A.,138718,975119,76910,FITA MFGP C/ GOMA POLIESTER COR 263,15MM,15725044,"150,00",0,20/05/2026,22/06/2026,12,133524,"R$ 117,00"
1526,DASS NORDESTE CALCADOS E ARTIGOS ESPORTIVOS S.A.,138718,1299351,85997,FITA MFGP C/ GOMA POLIESTER COR 5507,15MM,15725044,"380,00",0,20/05/2026,22/06/2026,12,133524,"R$ 296,40"
1526,DASS NORDESTE CALCADOS E ARTIGOS ESPORTIVOS S.A.,138718,1354721,86191,FITA MFGP C/ GOMA POLIESTER COR 5535,15MM,15725044,"200,00",0,20/05/2026,22/06/2026,12,133524,"R$ 156,00"
1526,DASS NORDESTE CALCADOS E ARTIGOS ESPORTIVOS S.A.,138719,1028535,75594,ATAC. M13725 6MM POLIESTER COR 102,110CM,15725360,"336,00",15724127BRSA001784,20/05/2026,22/06/2026,12,133525,"R$ 268,80"
1526,DASS NORDESTE CALCADOS E ARTIGOS ESPORTIVOS S.A.,138719,1028535,75594,ATAC. M13725 6MM POLIESTER COR 102,120CM,15725360,"480,00",15724127BRSA001784,20/05/2026,22/06/2026,12,133525,"R$ 422,40"
1526,DASS NORDESTE CALCADOS E ARTIGOS ESPORTIVOS S.A.,138719,1175396,75595,ATAC. M13725 6MM POLIESTER COR 100,110CM,15725360,"300,00",15724129BRSA001786,20/05/2026,22/06/2026,12,133525,"R$ 240,00"
1526,DASS NORDESTE CALCADOS E ARTIGOS ESPORTIVOS S.A.,138719,1175396,75595,ATAC. M13725 6MM POLIESTER COR 100,120CM,15725360,"480,00",15724129BRSA001786,20/05/2026,22/06/2026,12,133525,"R$ 422,40"
1526,DASS NORDESTE CALCADOS E ARTIGOS ESPORTIVOS S.A.,138723,898941,70164,FITA MFGP C/ GOMA POLIESTER COR 100,12MM,15725419,"620,00",0,20/05/2026,29/06/2026,19,133529,"R$ 384,40"
1526,DASS NORDESTE CALCADOS E ARTIGOS ESPORTIVOS S.A.,138723,935525,71376,FITA MFGP C/ GOMA POLIESTER COR 102,12MM,15725419,"420,00",0,20/05/2026,29/06/2026,19,133529,"R$ 260,40"
1526,DASS NORDESTE CALCADOS E ARTIGOS ESPORTIVOS S.A.,138724,1028535,75594,ATAC. M13725 6MM POLIESTER COR 102,100CM,15725470,"300,00",15724119BRSA001777,20/05/2026,29/06/2026,19,133530,"R$ 219,00"
1526,DASS NORDESTE CALCADOS E ARTIGOS ESPORTIVOS S.A.,138724,1028535,75594,ATAC. M13725 6MM POLIESTER COR 102,100CM,15725470,"264,00",15724120BRSA001778,20/05/2026,29/06/2026,19,133530,"R$ 192,72"
1526,DASS NORDESTE CALCADOS E ARTIGOS ESPORTIVOS S.A.,138724,1028535,75594,ATAC. M13725 6MM POLIESTER COR 102,110CM,15725470,"348,00",15724119BRSA001777,20/05/2026,29/06/2026,19,133530,"R$ 278,40"
1526,DASS NORDESTE CALCADOS E ARTIGOS ESPORTIVOS S.A.,138724,1028535,75594,ATAC. M13725 6MM POLIESTER COR 102,110CM,15725470,"312,00",15724120BRSA001778,20/05/2026,29/06/2026,19,133530,"R$ 249,60"
1526,DASS NORDESTE CALCADOS E ARTIGOS ESPORTIVOS S.A.,138724,1028535,75594,ATAC. M13725 6MM POLIESTER COR 102,110CM,15725470,"360,00",15724126BRSA001783,20/05/2026,29/06/2026,19,133530,"R$ 288,00"
1526,DASS NORDESTE CALCADOS E ARTIGOS ESPORTIVOS S.A.,138724,1028535,75594,ATAC. M13725 6MM POLIESTER COR 102,120CM,15725470,"504,00",15724126BRSA001783,20/05/2026,29/06/2026,19,133530,"R$ 443,52"
1526,DASS NORDESTE CALCADOS E ARTIGOS ESPORTIVOS S.A.,138724,1175396,75595,ATAC. M13725 6MM POLIESTER COR 100,100CM,15725470,"528,00",15724124BRSA001781,20/05/2026,29/06/2026,19,133530,"R$ 385,44"
1526,DASS NORDESTE CALCADOS E ARTIGOS ESPORTIVOS S.A.,138724,1175396,75595,ATAC. M13725 6MM POLIESTER COR 100,100CM,15725470,"372,00",15724125BRSA001782,20/05/2026,29/06/2026,19,133530,"R$ 271,56"
1526,DASS NORDESTE CALCADOS E ARTIGOS ESPORTIVOS S.A.,138724,1175396,75595,ATAC. M13725 6MM POLIESTER COR 100,110CM,15725470,"600,00",15724124BRSA001781,20/05/2026,29/06/2026,19,133530,"R$ 480,00"
1526,DASS NORDESTE CALCADOS E ARTIGOS ESPORTIVOS S.A.,138724,1175396,75595,ATAC. M13725 6MM POLIESTER COR 100,110CM,15725470,"432,00",15724125BRSA001782,20/05/2026,29/06/2026,19,133530,"R$ 345,60"
1526,DASS NORDESTE CALCADOS E ARTIGOS ESPORTIVOS S.A.,138724,1175396,75595,ATAC. M13725 6MM POLIESTER COR 100,110CM,15725470,"432,00",15724128BRSA001785,20/05/2026,29/06/2026,19,133530,"R$ 345,60"
1526,DASS NORDESTE CALCADOS E ARTIGOS ESPORTIVOS S.A.,138724,1175396,75595,ATAC. M13725 6MM POLIESTER COR 100,120CM,15725470,"732,00",15724128BRSA001785,20/05/2026,29/06/2026,19,133530,"R$ 644,16"
1526,DASS NORDESTE CALCADOS E ARTIGOS ESPORTIVOS S.A.,138751,1403291,94787,ATAC. M13725 6MM POLIESTER COR 6008,100CM,15726758,"216,00",15724123BRSA001780,21/05/2026,22/06/2026,12,133562,"R$ 157,68"
1526,DASS NORDESTE CALCADOS E ARTIGOS ESPORTIVOS S.A.,138751,1403291,94787,ATAC. M13725 6MM POLIESTER COR 6008,110CM,15726758,"264,00",15724123BRSA001780,21/05/2026,22/06/2026,12,133562,"R$ 211,20"
1526,DASS NORDESTE CALCADOS E ARTIGOS ESPORTIVOS S.A.,138752,1385046,93286,FITA MFGP C/ GOMA POLIESTER COR 6038,12MM,15726779,"100,00",0,21/05/2026,22/06/2026,12,133563,"R$ 62,00"
1526,DASS NORDESTE CALCADOS E ARTIGOS ESPORTIVOS S.A.,138753,1403291,94787,ATAC. M13725 6MM POLIESTER COR 6008,100CM,15726750,"180,00",15724121BRSA001779,21/05/2026,29/06/2026,19,133564,"R$ 131,40"
1526,DASS NORDESTE CALCADOS E ARTIGOS ESPORTIVOS S.A.,138753,1403291,94787,ATAC. M13725 6MM POLIESTER COR 6008,110CM,15726750,"228,00",15724121BRSA001779,21/05/2026,29/06/2026,19,133564,"R$ 182,40"
1526,DASS NORDESTE CALCADOS E ARTIGOS ESPORTIVOS S.A.,138754,1385046,93286,FITA MFGP C/ GOMA POLIESTER COR 6038,12MM,15726781,"100,00",0,21/05/2026,29/06/2026,19,133565,"R$ 62,00"
1526,DASS NORDESTE CALCADOS E ARTIGOS ESPORTIVOS S.A.,139078,975119,76910,FITA MFGP C/ GOMA POLIESTER COR 263,15MM,15759149,"140,00",0,28/05/2026,29/06/2026,19,133789,"R$ 109,20"
1526,DASS NORDESTE CALCADOS E ARTIGOS ESPORTIVOS S.A.,139078,1354721,86191,FITA MFGP C/ GOMA POLIESTER COR 5535,15MM,15759149,"400,00",0,28/05/2026,29/06/2026,19,133789,"R$ 312,00"
1526,DASS NORDESTE CALCADOS E ARTIGOS ESPORTIVOS S.A.,139078,1418464,93720,FITA MFGP C/ GOMA POLIESTER COR 5998,15MM,15759149,"125,00",0,28/05/2026,29/06/2026,19,133789,"R$ 97,50"
1526,DASS NORDESTE CALCADOS E ARTIGOS ESPORTIVOS S.A.,139079,1294817,87843,ATAC. M10110 5MM POLIESTER COR 599 / COR 114,105CM,15759345,"312,00",15746104BRSA001794,28/05/2026,29/06/2026,19,133790,"R$ 196,56"
1526,DASS NORDESTE CALCADOS E ARTIGOS ESPORTIVOS S.A.,139079,1294817,87843,ATAC. M10110 5MM POLIESTER COR 599 / COR 114,105CM,15759345,"312,00",15746105BRSA001794,28/05/2026,29/06/2026,19,133790,"R$ 196,56"
1526,DASS NORDESTE CALCADOS E ARTIGOS ESPORTIVOS S.A.,139079,1294817,87843,ATAC. M10110 5MM POLIESTER COR 599 / COR 114,115CM,15759345,"468,00",15746104BRSA001794,28/05/2026,29/06/2026,19,133790,"R$ 322,92"
1526,DASS NORDESTE CALCADOS E ARTIGOS ESPORTIVOS S.A.,139079,1294817,87843,ATAC. M10110 5MM POLIESTER COR 599 / COR 114,115CM,15759345,"468,00",15746105BRSA001794,28/05/2026,29/06/2026,19,133790,"R$ 322,92"
1526,DASS NORDESTE CALCADOS E ARTIGOS ESPORTIVOS S.A.,139079,1404591,95039,ATAC. M10110 5MM POLIESTER COR 102 / COR 6038,105CM,15759345,"468,00",15746106BRSA001795,28/05/2026,29/06/2026,19,133790,"R$ 294,84"
1526,DASS NORDESTE CALCADOS E ARTIGOS ESPORTIVOS S.A.,139079,1404591,95039,ATAC. M10110 5MM POLIESTER COR 102 / COR 6038,115CM,15759345,"588,00",15746106BRSA001795,28/5/2026,29/06/2026,19,133790,"R$ 405,72"
1526,DASS NORDESTE CALCADOS E ARTIGOS ESPORTIVOS S.A.,139080,1174322,75606,ATAC. M13723 6MM POLIESTER COR 100,120CM,15759948,"276,00",15746102BRSA001787,28/5/2026,06/07/2026,26,133791,"R$ 198,72"
1526,DASS NORDESTE CALCADOS E ARTIGOS ESPORTIVOS S.A.,139080,1174322,75606,ATAC. M13723 6MM POLIESTER COR 100,130CM,15759948,"252,00",15746102BRSA001787,28/05/2026,06/07/2026,26,133791,"R$ 196,56"
1526,DASS NORDESTE CALCADOS E ARTIGOS ESPORTIVOS S.A.,139081,1401353,94667,ATAC. M13723 6MM POLIESTER COR 6002,110CM,15762140,"144,00",15746103BRSA001790,28/05/2026,06/07/2026,26,133792,"R$ 95,04"
1526,DASS NORDESTE CALCADOS E ARTIGOS ESPORTIVOS S.A.,139081,1401353,94667,ATAC. M13723 6MM POLIESTER COR 6002,120CM,15762140,"396,00",15746103BRSA001790,28/05/2026,06/07/2026,26,133792,"R$ 285,12"
1526,DASS NORDESTE CALCADOS E ARTIGOS ESPORTIVOS S.A.,139081,1415812,95297,ATAC. M13723 6MM POLIESTER COR 4539,120CM,15762140,"408,00",15746135BRSA001788,28/5/2026,06/07/2026,26,133792,"R$ 293,76"
1526,DASS NORDESTE CALCADOS E ARTIGOS ESPORTIVOS S.A.,139081,1415812,95297,ATAC. M13723 6MM POLIESTER COR 4539,130CM,15762140,"240,00",15746135BRSA001788,28/5/2026,06/07/2026,26,133792,"R$ 187,20"
2251,MARFIM PERDIGAO LTDA,134442,,83038,ATAC. 4000MG PARES POLIESTER COR 100,100CM,I/2026,"20.000,00",,27/1/2026,27/02/2026,-103,129454,"R$ 1.000,00"
2251,MARFIM PERDIGAO LTDA,134442,,83038,ATAC. 4000MG PARES POLIESTER COR 100,140CM,I/2026,"15.368,00",,27/1/2026,27/02/2026,-103,129454,"R$ 1.383,12"
2251,MARFIM PERDIGAO LTDA,134442,,83047,ATAC. 4000MG PARES POLIESTER COR 101,100CM,I/2026,"15.000,00",,27/1/2026,27/02/2026,-103,129454,"R$ 750,00"
2251,MARFIM PERDIGAO LTDA,134442,,83047,ATAC. 4000MG PARES POLIESTER COR 101,130CM,I/2026,"1.524,00",,27/1/2026,27/02/2026,-103,129454,"R$ 121,92"
2251,MARFIM PERDIGAO LTDA,134442,,83047,ATAC. 4000MG PARES POLIESTER COR 101,140CM,I/2026,"6.132,00",,27/1/2026,27/02/2026,-103,129454,"R$ 551,88"
2251,MARFIM PERDIGAO LTDA,135163,,1808,ATAC. 8DL POLIESTER COR 100,110CM,III/2026,"432.000,00",,13/2/2026,10/04/2026,-61,130088,"R$ 25.920,00"
2251,MARFIM PERDIGAO LTDA,135163,,1808,ATAC. 8DL POLIESTER COR 100,120CM,III/2026,"288.000,00",,13/2/2026,10/04/2026,-61,130088,"R$ 20.160,00"
2251,MARFIM PERDIGAO LTDA,135283,,83038,ATAC. 4000MG PARES POLIESTER COR 100,120CM,IV/2026,"120.114,00",,18/2/2026,27/02/2026,-103,130239,"R$ 8.407,98"
2251,MARFIM PERDIGAO LTDA,135283,,83047,ATAC. 4000MG PARES POLIESTER COR 101,120CM,IV/2026,"108.000,00",,18/2/2026,27/02/2026,-103,130239,"R$ 7.560,00"