,,,,,,,28/07/2026,RELATÓRIO BAHIA ATUALIZADO,,,,28/07/2026,,EM VERDE DATA REPROGRAMADA,,28/07/2026,,,,,,,,
,,,EM VERMELHO CÓD. DA CARTELA NÃO LOCALIZADO,,,,28/07/2026 10:10:01,,,,DÚVIDA CLICA AQUI,https://encurtador.com.br/2bDAO,,SEMPRE VERIFICAR O FILTRO PRAZO,,,,,,,,,,
Coluna 1,cartela,CLIENTE,CÓD. FILIAL,PEDIDO,CÓD. CLIENTE,CÓD. MARFIM,DESCRIÇÃO,TAMANHO,ORD. COMPRA,QTD. ABERTA,LOTES,código OS,DT. RECEBIMENTO,DT. ENTREGA,PRAZO,POSIÇÃO NA PRODUÇÃO,DATA SISTEMA,Coluna 2,DATA ALTERADA,cartelas,CÓDIGO ALTERADO,Column 24,códigos do sistema,conta e ordem
2259,NÃO,MARFIM CEARA,105,140647,,89560,ATAC. MR140019 6MM RECICLADO COR 5709,6MM,4,43531,135418,,08/07/2026,24/07/2026,-4,,24/07/2026,,,,#N/A,,,
1629,OK,DASS SEST,7,140823,1401203,93294,FITA M31119 C/ GOMA POLIESTER COR 4798 / COR 114 / COR 161,16MM,15923861,30,135531,818052,14/07/2026,28/07/2026,0,,28/07/2026,,,,#N/A,1401203,FILA,
110,OK,DASS SEST,7,139042,1048885,70164,FITA MFGP C/ GOMA POLIESTER COR 100,6MM,15756812,60,133753,0,27/05/2026,30/07/2026,2,,03/08/2026,,30/07/2026,,#N/A,1048885,FILA,
111,OK,DASS SEST,7,139042,998350,70164,FITA MFGP C/ GOMA POLIESTER COR 100,10MM,15756812,90,133753,0,27/05/2026,30/07/2026,2,OK,03/08/2026,,30/07/2026,,#N/A,998350,FILA,
123,OK,DASS SEST,7,139045,1400623,95146,FITA M31119 C/ GOMA POLIESTER COR 447 / COR 114 / COR 114,16MM,15757165,180,133756,0,27/05/2026,30/07/2026,2,,24/08/2026,,30/07/2026,,#N/A,1400623,FILA,
234,OK,DASS SEST,7,139297,998350,70164,FITA MFGP C/ GOMA POLIESTER COR 100,10MM,15777758,120,133934,0,02/06/2026,30/07/2026,2,OK,03/08/2026,,30/07/2026,,#N/A,998350,FILA,
392,OK,DASS SEST,7,139931,1146621,78187,FITA MFGP C/ GOMA POLIESTER COR 053,8MM,15849654,440,134607,0,22/06/2026,30/07/2026,2,,03/08/2026,,30/07/2026,,#N/A,1146621,FILA,
403,OK,DASS SEST,7,139932,998350,70164,FITA MFGP C/ GOMA POLIESTER COR 100,10MM,15849658,120,134608,0,22/06/2026,30/07/2026,2,OK,10/08/2026,,30/07/2026,,#N/A,998350,FILA,
409,OK,DASS SEST,7,139932,1269691,85854,FITA MFGP C/ GOMA POLIESTER COR 4039,8MM,15849658,50,134608,0,22/06/2026,30/07/2026,2,,10/08/2026,,30/07/2026,,#N/A,1269691,FILA,
413,OK,DASS SEST,7,139932,1294763,89100,FITA M31119 C/ GOMA POLIESTER COR 102 / COR 5535 / COR 5535,16MM,15849658,170,134608,0,22/06/2026,30/07/2026,2,,10/08/2026,,30/07/2026,,#N/A,1294763,FILA,
420,OK,DASS SEST,7,139932,1416744,95300,FITA M31119 C/ GOMA POLIESTER COR 814 / COR 100 / COR 100,16MM,15849658,90,134608,0,22/06/2026,30/07/2026,2,,10/08/2026,,30/07/2026,,#N/A,1416744,FILA,
430,OK,DASS SEST,7,139935,1320158,91407,FITA M31119 C/ GOMA POLIESTER COR 324 / COR 5508 / COR 5508,16MM,15849663,330,134611,0,22/06/2026,30/07/2026,2,,07/09/2026,,30/07/2026,,#N/A,1320158,FILA,
1414,OK,DASS SEST,7,140570,1403346,92488,FITA MFGP C/ GOMA POLIESTER COR 6001,10MM,15898990,70,135526,0,07/07/2026,30/07/2026,2,,17/08/2026,,30/07/2026,,#N/A,1403346,FILA,
1665,OK,DASS SEST,7,140852,1409206,93274,FITA MFGP C/ GOMA POLIESTER COR 458,12MM,15929342,180,135563,0,15/07/2026,30/07/2026,2,,03/08/2026,,30/07/2026,,#N/A,1409206,FILA,
1667,OK,DASS SEST,7,140853,1175396,75595,ATAC. M13725 6MM POLIESTER COR 100,90CM,15929344,564,135564,15928739BR314854,15/07/2026,30/07/2026,2,,03/08/2026,,30/07/2026,,#N/A,1175396,FILA,
1668,OK,DASS SEST,7,140853,1175396,75595,ATAC. M13725 6MM POLIESTER COR 100,100CM,15929344,492,135564,15928739BR314854,15/07/2026,30/07/2026,2,,03/08/2026,,30/07/2026,,#N/A,1175396,FILA,
1669,OK,DASS SEST,7,140853,1314385,89667,ATAC. M13725 6MM POLIESTER COR 5508,80CM,15929344,96,135564,15928740BR314855,15/07/2026,30/07/2026,2,,03/08/2026,,30/07/2026,,#N/A,1314385,FILA,
1670,OK,DASS SEST,7,140853,1314385,89667,ATAC. M13725 6MM POLIESTER COR 5508,90CM,15929344,444,135564,15928740BR314855,15/07/2026,30/07/2026,2,,03/08/2026,,30/07/2026,,#N/A,1314385,FILA,
1671,OK,DASS SEST,7,140853,1314385,89667,ATAC. M13725 6MM POLIESTER COR 5508,100CM,15929344,540,135564,15928740BR314855,15/07/2026,30/07/2026,2,,03/08/2026,,30/07/2026,,#N/A,1314385,FILA,
1847,OK,DASS ITABERABA,70,139559,1403527,92950,FITA M32207 C/ GOMA POLIESTER COR 114 / COR 491 / COR 114,15MM,15813978,650,134306,0,11/06/2026,30/07/2026,2,,03/08/2026,,30/07/2026,,#N/A,1403527,FILA,
1848,OK,DASS ITABERABA,70,139560,1051608,73819,ATAC. M21020 8MM POLIESTER COR 114,115CM,15813994,432,134307,15800638FIL001502-,11/06/2026,30/07/2026,2,,03/08/2026,,30/07/2026,,#N/A,1051608,FILA,
1850,OK,DASS ITABERABA,70,139560,1051608,73819,ATAC. M21020 8MM POLIESTER COR 114,125CM,15813994,492,134307,15800638FIL001502-,11/06/2026,30/07/2026,2,,03/08/2026,,30/07/2026,,#N/A,1051608,FILA,
1866,OK,DASS ITABERABA,70,139886,816378,76524,ATAC. M13725 6MM POLIESTER COR 263,100CM,15844940,348,134568,15840444BRITB00536,19/06/2026,30/07/2026,2,,03/08/2026,,30/07/2026,,#N/A,816378,FILA,
1877,OK,DASS ITABERABA,70,139886,816378,76524,ATAC. M13725 6MM POLIESTER COR 263,110CM,15844940,432,134568,15840451BRITB00536,19/06/2026,30/07/2026,2,,03/08/2026,,30/07/2026,,#N/A,816378,FILA,
1882,OK,DASS ITABERABA,70,139918,1404465,94982,ATAC. M13725 6MM POLIESTER COR 6002,90CM,15849176,312,134594,15840455BRITB00537,22/06/2026,30/07/2026,2,,03/08/2026,,30/07/2026,,#N/A,1404465,FILA,
1884,OK,DASS ITABERABA,70,139918,1404465,94982,ATAC. M13725 6MM POLIESTER COR 6002,100CM,15849176,516,134594,15840455BRITB00537,22/06/2026,30/07/2026,2,,03/08/2026,,30/07/2026,,#N/A,1404465,FILA,
1887,OK,DASS ITABERABA,70,140207,1425017,94002,FITA MFGP C/ GOMA POLIESTER COR 6103,15MM,15865298,320,134957,0,26/06/2026,30/07/2026,2,REPROG.,29/07/2026,,30/07/2026,,#N/A,1425017,ASICS,
1888,OK,DASS ITABERABA,70,140208,1400178,93698,CORDAO M9099 POLIESTER COR 5451,1.8MM,15865305,260,134958,0,26/06/2026,30/07/2026,2,REPROG.,29/07/2026,,30/07/2026,,#N/A,1400178,ASICS,
1889,OK,DASS ITABERABA,70,140208,1400177,94876,CORDAO M9099 POLIESTER COR 6103,1.8MM,15865305,720,134958,0,26/06/2026,30/07/2026,2,REPROG.,29/07/2026,,30/07/2026,,#N/A,1400177,ASICS,
1890,OK,DASS ITABERABA,70,140208,1406476,94877,CORDAO M9099 POLIESTER COR 6104,1.8MM,15865305,670,134958,0,26/06/2026,30/07/2026,2,REPROG.,29/07/2026,,30/07/2026,,#N/A,1406476,ASICS,
1892,OK,DASS ITABERABA,70,140210,1310003,87888,ATAC. M18006 POLIESTER COR 5451,120CM,15865300,323,134960,15863744ASB0052860,26/06/2026,30/07/2026,2,REPROG.,29/07/2026,,30/07/2026,,#N/A,1310003,ASICS,
1893,OK,DASS ITABERABA,70,140210,1310003,87888,ATAC. M18006 POLIESTER COR 5451,130CM,15865300,198,134960,15863744ASB0052860,26/06/2026,30/07/2026,2,REPROG.,29/07/2026,,30/07/2026,,#N/A,1310003,ASICS,
1894,OK,DASS ITABERABA,70,140210,1400181,94829,ATAC. M18006 POLIESTER COR 6104,110CM,15865300,890,134960,15863750ASB0052895,26/06/2026,30/07/2026,2,REPROG.,29/07/2026,,30/07/2026,,#N/A,1400181,ASICS,
1895,OK,DASS ITABERABA,70,140210,1400181,94829,ATAC. M18006 POLIESTER COR 6104,120CM,15865300,520,134960,15863750ASB0052895,26/06/2026,30/07/2026,2,REPROG.,29/07/2026,,30/07/2026,,#N/A,1400181,ASICS,
1896,OK,DASS ITABERABA,70,140210,1400182,94830,ATAC. M18006 POLIESTER COR 6103,120CM,15865300,771,134960,15863747ASB0052865,26/06/2026,30/07/2026,2,REPROG.,29/07/2026,,30/07/2026,,#N/A,1400182,ASICS,
1897,OK,DASS ITABERABA,70,140210,1400182,94830,ATAC. M18006 POLIESTER COR 6103,130CM,15865300,677,134960,15863747ASB0052865,26/06/2026,30/07/2026,2,REPROG.,29/07/2026,,30/07/2026,,#N/A,1400182,ASICS,
1898,OK,DASS ITABERABA,70,140210,1307388,87264,ATAC. 6ALN POLIESTER COR 5151,140CM,15865300,311,134960,15863670ASB0052905,26/06/2026,30/07/2026,2,REPROG.,29/07/2026,,30/07/2026,,#N/A,1307388,ASICS,
1899,OK,DASS ITABERABA,70,140210,1341986,89369,ATAC. 6ALN POLIESTER COR 5711,140CM,15865300,373,134960,15863669ASB0052904,26/06/2026,30/07/2026,2,REPROG.,29/07/2026,,30/07/2026,,#N/A,1341986,ASICS,
1900,OK,DASS ITABERABA,70,140210,1231865,85476,ATAC. M22037 6MM REFLEX COR 4085/1,130CM,15865300,1015,134960,15863674ASB0052918,26/06/2026,30/07/2026,2,REPROG.,29/07/2026,,30/07/2026,,#N/A,1231865,ASICS,
1901,OK,DASS ITABERABA,70,140210,1231865,85476,ATAC. M22037 6MM REFLEX COR 4085/1,130CM,15865300,1052,134960,15863675ASB0052918,26/06/2026,30/07/2026,2,REPROG.,29/07/2026,,30/07/2026,,#N/A,1231865,ASICS,
1902,OK,DASS ITABERABA,70,140210,1231865,85476,ATAC. M22037 6MM REFLEX COR 4085/1,130CM,15865300,156,134960,15863673ASB0052919,26/06/2026,30/07/2026,2,REPROG.,29/07/2026,,30/07/2026,,#N/A,1231865,ASICS,
1903,OK,DASS ITABERABA,70,140210,1231865,85476,ATAC. M22037 6MM REFLEX COR 4085/1,140CM,15865300,360,134960,15863674ASB0052918,26/06/2026,30/07/2026,2,REPROG.,29/07/2026,,30/07/2026,,#N/A,1231865,ASICS,
1904,OK,DASS ITABERABA,70,140210,1231865,85476,ATAC. M22037 6MM REFLEX COR 4085/1,140CM,15865300,381,134960,15863675ASB0052918,26/06/2026,30/07/2026,2,REPROG.,29/07/2026,,30/07/2026,,#N/A,1231865,ASICS,
1905,OK,DASS ITABERABA,70,140210,1231865,85476,ATAC. M22037 6MM REFLEX COR 4085/1,140CM,15865300,155,134960,15863673ASB0052919,26/06/2026,30/07/2026,2,REPROG.,29/07/2026,,30/07/2026,,#N/A,1231865,ASICS,
1906,OK,DASS ITABERABA,70,140210,1365482,91133,ATAC. M22037 6MM REFLEX COR 5711,130CM,15865300,942,134960,15863676ASB0052920,26/06/2026,30/07/2026,2,REPROG.,29/07/2026,,30/07/2026,,#N/A,1365482,ASICS,
1907,OK,DASS ITABERABA,70,140210,1365482,91133,ATAC. M22037 6MM REFLEX COR 5711,130CM,15865300,962,134960,15863677ASB0052920,26/06/2026,30/07/2026,2,REPROG.,29/07/2026,,30/07/2026,,#N/A,1365482,ASICS,
1908,OK,DASS ITABERABA,70,140210,1365482,91133,ATAC. M22037 6MM REFLEX COR 5711,140CM,15865300,288,134960,15863676ASB0052920,26/06/2026,30/07/2026,2,REPROG.,29/07/2026,,30/07/2026,,#N/A,1365482,ASICS,
1909,OK,DASS ITABERABA,70,140210,1365482,91133,ATAC. M22037 6MM REFLEX COR 5711,140CM,15865300,305,134960,15863677ASB0052920,26/06/2026,30/07/2026,2,REPROG.,29/07/2026,,30/07/2026,,#N/A,1365482,ASICS,
1910,OK,DASS ITABERABA,70,140210,1392977,94773,ATAC. M22037 6MM REFLEX COR 6127/1,130CM,15865300,834,134960,15863678ASB0052921,26/06/2026,30/07/2026,2,REPROG.,29/07/2026,,30/07/2026,,#N/A,1392977,ASICS,
1911,OK,DASS ITABERABA,70,140210,1392977,94773,ATAC. M22037 6MM REFLEX COR 6127/1,130CM,15865300,873,134960,15863679ASB0052921,26/06/2026,30/07/2026,2,REPROG.,29/07/2026,,30/07/2026,,#N/A,1392977,ASICS,
1912,OK,DASS ITABERABA,70,140210,1392977,94773,ATAC. M22037 6MM REFLEX COR 6127/1,130CM,15865300,57,134960,15863680ASB0052922,26/06/2026,30/07/2026,2,REPROG.,29/07/2026,,30/07/2026,,#N/A,1392977,ASICS,
1913,OK,DASS ITABERABA,70,140210,1392977,94773,ATAC. M22037 6MM REFLEX COR 6127/1,140CM,15865300,300,134960,15863678ASB0052921,26/06/2026,30/07/2026,2,REPROG.,29/07/2026,,30/07/2026,,#N/A,1392977,ASICS,
1914,OK,DASS ITABERABA,70,140210,1392977,94773,ATAC. M22037 6MM REFLEX COR 6127/1,140CM,15865300,343,134960,15863679ASB0052921,26/06/2026,30/07/2026,2,REPROG.,29/07/2026,,30/07/2026,,#N/A,1392977,ASICS,
1915,OK,DASS ITABERABA,70,140210,1392977,94773,ATAC. M22037 6MM REFLEX COR 6127/1,140CM,15865300,56,134960,15863680ASB0052922,26/06/2026,30/07/2026,2,REPROG.,29/07/26,,30/07/2026,,#N/A,1392977,ASICS,
1916,OK,DASS ITABERABA,70,140210,1245215,76319,ATAC. 6AL 6MM POLIESTER COR 4085,130CM,15865300,240,134960,15863728ASB0052936,26/06/2026,30/07/2026,2,REPROG.,29/07/26,,30/07/2026,,#N/A,1245215,ASICS,
1917,OK,DASS ITABERABA,70,140210,1245215,76319,ATAC. 6AL 6MM POLIESTER COR 4085,140CM,15865300,109,134960,15863728ASB0052936,26/06/2026,30/07/2026,2,REPROG.,29/07/26,,30/07/2026,,#N/A,1245215,ASICS,
1918,OK,DASS ITABERABA,70,140210,1245217,85474,ATAC. 6AL 6MM POLIESTER COR 5151,130CM,15865300,225,134960,15863729ASB0052939,26/06/2026,30/07/2026,2,REPROG.,29/07/26,,30/07/2026,,#N/A,1245217,ASICS,
1919,OK,DASS ITABERABA,70,140210,1245217,85474,ATAC. 6AL 6MM POLIESTER COR 5151,140CM,15865300,112,134960,15863729ASB0052939,26/06/2026,30/07/2026,2,REPROG.,29/07/26,,30/07/2026,,#N/A,1245217,ASICS,
1920,OK,DASS ITABERABA,70,140210,1365481,92274,ATAC. 6AL 6MM POLIESTER COR 5711,120CM,15865300,308,134960,15863730ASB0052967,26/06/2026,30/07/2026,2,REPROG.,29/07/26,,30/07/2026,,#N/A,1365481,ASICS,
1921,OK,DASS ITABERABA,70,140210,1365481,92274,ATAC. 6AL 6MM POLIESTER COR 5711,130CM,15865300,164,134960,15863730ASB0052967,26/06/2026,30/07/2026,2,REPROG.,29/07/26,,30/07/2026,,#N/A,1365481,ASICS,
2079,OK,DASS ITABERABA,70,140515,783896,70164,FITA MFGP C/ GOMA POLIESTER COR 100,15MM,15892252,720,135192,0,06/07/2026,30/07/2026,2,,03/08/26,,30/07/2026,,#N/A,783896,FILA,
2080,OK,DASS ITABERABA,70,140515,1354620,90422,FITA MFGP C/ GOMA POLIESTER COR 5703,15MM,15892252,110,135192,0,06/07/2026,30/07/2026,2,,03/08/26,,30/07/2026,,#N/A,1354620,FILA,
2081,OK,DASS ITABERABA,70,140515,1386952,92300,FITA MFGP C/ GOMA POLIESTER COR 788,15MM,15892252,340,135192,0,06/07/2026,30/07/2026,2,,03/08/26,,30/07/2026,,#N/A,1386952,FILA,
2117,OK,DASS ITABERABA,70,140973,1413355,95092,FITA MFGP C/ GOMA POLIESTER COR 599 / COR 100 / COR 599,15MM,15935264,20,135660,0,20/07/2026,30/07/2026,2,,03/08/26,,30/07/2026,,#N/A,1413355,FILA,
2268,OK,DASS VITORIA,391,140709,827533,95643,ATAC. M13801 POLIESTER COR 100,110CM,15911338,300,135432,15909872BRI010359-,09/07/2026,30/07/2026,2,REPROG.,29/07/26,,30/07/2026,,#N/A,827533,UMBRO,CONTA E ORDEM VITÓRIA X ITABERABA
2269,OK,DASS VITORIA,391,140709,827533,95643,ATAC. M13801 POLIESTER COR 100,110CM,15911338,288,135432,15909873BRI010359-,09/07/2026,30/07/2026,2,REPROG.,29/07/26,,30/07/2026,,#N/A,827533,UMBRO,CONTA E ORDEM VITÓRIA X ITABERABA
2270,OK,DASS VITORIA,391,140709,827533,95643,ATAC. M13801 POLIESTER COR 100,110CM,15911338,528,135432,15909874BRI010360,09/07/2026,30/07/2026,2,REPROG.,29/07/26,,30/07/2026,,#N/A,827533,UMBRO,CONTA E ORDEM VITÓRIA X ITABERABA
2271,OK,DASS VITORIA,391,140709,827533,95643,ATAC. M13801 POLIESTER COR 100,120CM,15911338,540,135432,15909872BRI010359-,09/07/2026,30/07/2026,2,REPROG.,29/07/26,,30/07/2026,,#N/A,827533,UMBRO,CONTA E ORDEM VITÓRIA X ITABERABA
2272,OK,DASS VITORIA,391,140709,827533,95643,ATAC. M13801 POLIESTER COR 100,120CM,15911338,540,135432,15909873BRI010359-,09/07/2026,30/07/2026,2,REPROG.,29/07/26,,30/07/2026,,#N/A,827533,UMBRO,CONTA E ORDEM VITÓRIA X ITABERABA
2273,OK,DASS VITORIA,391,140709,827533,95643,ATAC. M13801 POLIESTER COR 100,120CM,15911338,948,135432,15909874BRI010360,09/07/2026,30/07/2026,2,REPROG.,29/07/26,,30/07/2026,,#N/A,827533,UMBRO,CONTA E ORDEM VITÓRIA X ITABERABA
2274,OK,DASS VITORIA,391,140709,827530,95644,ATAC. M13801 POLIESTER COR 102,110CM,15911338,420,135432,15909876BRI010361-,09/07/2026,30/07/2026,2,REPROG.,29/07/26,,30/07/2026,,#N/A,827530,UMBRO,CONTA E ORDEM VITÓRIA X ITABERABA
2275,OK,DASS VITORIA,391,140709,827530,95644,ATAC. M13801 POLIESTER COR 102,110CM,15911338,432,135432,15909877BRI010361-,09/07/2026,30/07/2026,2,REPROG.,29/07/26,,30/07/2026,,#N/A,827530,UMBRO,CONTA E ORDEM VITÓRIA X ITABERABA
2276,OK,DASS VITORIA,391,140709,827530,95644,ATAC. M13801 POLIESTER COR 102,120CM,15911338,540,135432,15909876BRI010361-,09/07/2026,30/07/2026,2,REPROG.,29/07/26,,30/07/2026,,#N/A,827530,UMBRO,CONTA E ORDEM VITÓRIA X ITABERABA
2277,OK,DASS VITORIA,391,140709,827530,95644,ATAC. M13801 POLIESTER COR 102,120CM,15911338,528,135432,15909877BRI010361-,09/07/2026,30/07/2026,2,REPROG.,29/07/26,,30/07/2026,,#N/A,827530,UMBRO,CONTA E ORDEM VITÓRIA X ITABERABA
2278,OK,DASS VITORIA,391,140710,124428,69623,FITA MFGP POLIESTER COR 102,12MM,15912541,30,135433,0,09/07/2026,30/07/2026,2,REPROG.,29/07/26,,30/07/2026,,#N/A,124428,UMBRO,CONTA E ORDEM VITÓRIA X SANTO ANTÔNIO DE JESUS
2411,NÃO,BIBI,805,140881,467297,70253,FITA M4027 C/ GOMA POLIESTER COR 100,15MM,3831720,1000,135588,,16/07/2026,30/07/2026,2,,30/07/26,,,,#N/A,467297,,
2115,OK,DASS ITABERABA,70,140934,1400176,93022,CORDAO M9099 POLIESTER COR 4085,1.8MM,15938286,90,135621,819621,17/07/2026,31/07/2026,3,,31/07/26,,,,#N/A,1400176,Obs: RNC 87667,
2286,OK,DASS VITORIA,391,140935,827530,95644,ATAC. M13801 POLIESTER COR 102,110CM,15939117,444,135622,15936834BRI010392-,17/07/2026,31/07/2026,3,,31/07/26,,,,#N/A,827530,UMBRO,CONTA E ORDEM VITÓRIA X ITABERABA
2287,OK,DASS VITORIA,391,140935,827530,95644,ATAC. M13801 POLIESTER COR 102,110CM,15939117,456,135622,15936836BRI010392-,17/07/2026,31/07/2026,3,,31/07/26,,,,#N/A,827530,UMBRO,CONTA E ORDEM VITÓRIA X ITABERABA
2288,OK,DASS VITORIA,391,140935,827530,95644,ATAC. M13801 POLIESTER COR 102,110CM,15939117,336,135622,15936837BRI010393-,17/07/2026,31/07/2026,3,,31/07/26,,,,#N/A,827530,UMBRO,CONTA E ORDEM VITÓRIA X ITABERABA
2289,OK,DASS VITORIA,391,140935,827530,95644,ATAC. M13801 POLIESTER COR 102,110CM,15939117,348,135622,15936838BRI010393-,17/07/2026,31/07/2026,3,,31/07/26,,,,#N/A,827530,UMBRO,CONTA E ORDEM VITÓRIA X ITABERABA
2290,OK,DASS VITORIA,391,140935,827530,95644,ATAC. M13801 POLIESTER COR 102,110CM,15939117,324,135622,15936839BRI010394-,17/07/2026,31/07/2026,3,,31/07/26,,,,#N/A,827530,UMBRO,CONTA E ORDEM VITÓRIA X ITABERABA
2291,OK,DASS VITORIA,391,140935,827530,95644,ATAC. M13801 POLIESTER COR 102,110CM,15939117,336,135622,15936840BRI010394-,17/07/2026,31/07/2026,3,,31/07/26,,,,#N/A,827530,UMBRO,CONTA E ORDEM VITÓRIA X ITABERABA
2292,OK,DASS VITORIA,391,140935,827530,95644,ATAC. M13801 POLIESTER COR 102,120CM,15939117,612,135622,15936834BRI010392-,17/07/2026,31/07/2026,3,,31/07/26,,,,#N/A,827530,UMBRO,CONTA E ORDEM VITÓRIA X ITABERABA
2293,OK,DASS VITORIA,391,140935,827530,95644,ATAC. M13801 POLIESTER COR 102,120CM,15939117,636,135622,15936836BRI010392-,17/07/2026,31/07/2026,3,,31/07/26,,,,#N/A,827530,UMBRO,CONTA E ORDEM VITÓRIA X ITABERABA
2294,OK,DASS VITORIA,391,140935,827530,95644,ATAC. M13801 POLIESTER COR 102,120CM,15939117,552,135622,15936837BRI010393-,17/07/2026,31/07/2026,3,,31/07/26,,,,#N/A,827530,UMBRO,CONTA E ORDEM VITÓRIA X ITABERABA
2295,OK,DASS VITORIA,391,140935,827530,95644,ATAC. M13801 POLIESTER COR 102,120CM,15939117,588,135622,15936838BRI010393-,17/07/2026,31/07/2026,3,,31/07/26,,,,#N/A,827530,UMBRO,CONTA E ORDEM VITÓRIA X ITABERABA
2296,OK,DASS VITORIA,391,140935,827530,95644,ATAC. M13801 POLIESTER COR 102,120CM,15939117,552,135622,15936839BRI010394-,17/07/2026,31/07/2026,3,,31/07/26,,,,#N/A,827530,UMBRO,CONTA E ORDEM VITÓRIA X ITABERABA
2297,OK,DASS VITORIA,391,140935,827530,95644,ATAC. M13801 POLIESTER COR 102,120CM,15939117,552,135622,15936840BRI010394-,17/07/2026,31/07/2026,3,,31/07/26,,,,#N/A,827530,UMBRO,CONTA E ORDEM VITÓRIA X ITABERABA
2409,OK,DASS VITORIA,391,140954,719432,73276,FITA MFGP POLIESTER COR 057,15MM,15939116,2100,135641,0,17/07/2026,31/07/2026,3,,31/07/26,,,,#N/A,719432,UMBRO,CONTA E ORDEM VITÓRIA X ITABERABA
2410,OK,DASS VITORIA,391,140954,1410184,74780,FITA MFGP POLIESTER COR 263,15MM,15939116,400,135641,0,17/07/2026,31/07/2026,3,,31/07/26,,,,#N/A,1410184,UMBRO,CONTA E ORDEM VITÓRIA X ITABERABA
2412,NÃO,BIBI,805,141031,467297,70253,FITA M4027 C/ GOMA POLIESTER COR 100,15MM,3832146,2000,135724,,21/07/2026,31/07/2026,3,,31/07/26,,,,#N/A,467297,,
2413,NÃO,BIBI,805,141031,514953,75582,FITA M4027 C/ GOMA LEVE POLIESTER COR 088,15MM,3832146,1000,135724,,21/07/2026,31/07/2026,3,,31/07/26,,,,#N/A,514953,,
1,OK,DASS SEST,7,137289,1299257,86978,ATAC. MR130027 6MM RECICLADO COR 4085/PET,95CM,15542040,396,132095,15538731NBR3282691,10/04/2026,03/08/2026,6,,03/08/26,,,,#N/A,1299257,NIKE,
2,OK,DASS SEST,7,137289,1299257,86978,ATAC. MR130027 6MM RECICLADO COR 4085/PET,95CM,15542040,372,132095,15538734NBR3282691,10/04/2026,03/08/2026,6,,03/08/26,,,,#N/A,1299257,NIKE,
3,OK,DASS SEST,7,137289,1299257,86978,ATAC. MR130027 6MM RECICLADO COR 4085/PET,95CM,15542040,414,132095,15538735NBR3282691,10/04/2026,03/08/2026,6,,03/08/26,,,,#N/A,1299257,NIKE,
4,OK,DASS SEST,7,137289,1299257,86978,ATAC. MR130027 6MM RECICLADO COR 4085/PET,100CM,15542040,495,132095,15538731NBR3282691,10/04/2026,03/08/2026,6,,03/08/26,,,,#N/A,1299257,NIKE,
5,OK,DASS SEST,7,137289,1299257,86978,ATAC. MR130027 6MM RECICLADO COR 4085/PET,100CM,15542040,480,132095,15538734NBR3282691,10/04/2026,03/08/2026,6,,03/08/26,,,,#N/A,1299257,NIKE,
6,OK,DASS SEST,7,137289,1299257,86978,ATAC. MR130027 6MM RECICLADO COR 4085/PET,100CM,15542040,516,132095,15538735NBR3282691,10/04/2026,03/08/2026,6,,03/08/26,,,,#N/A,1299257,NIKE,
7,OK,DASS SEST,7,137289,1299257,86978,ATAC. MR130027 6MM RECICLADO COR 4085/PET,105CM,15542040,60,132095,15538731NBR3282691,10/04/2026,03/08/2026,6,,03/08/26,,,,#N/A,1299257,NIKE,
8,OK,DASS SEST,7,137289,1299257,86978,ATAC. MR130027 6MM RECICLADO COR 4085/PET,105CM,15542040,60,132095,15538734NBR3282691,10/04/2026,03/08/2026,6,,03/08/26,,,,#N/A,1299257,NIKE,
9,OK,DASS SEST,7,137289,1299257,86978,ATAC. MR130027 6MM RECICLADO COR 4085/PET,105CM,15542040,60,132095,15538735NBR3282691,10/04/2026,03/08/2026,6,,03/08/26,,,,#N/A,1299257,NIKE,
10,OK,DASS SEST,7,137289,1410668,95028,ATAC. MR130027 6MM RECICLADO COR 5422/PET,100CM,15542040,192,132095,15538743NBR3282679,10/04/2026,03/08/2026,6,,03/08/26,,,,#N/A,1410668,NIKE,
11,OK,DASS SEST,7,137289,1410668,95028,ATAC. MR130027 6MM RECICLADO COR 5422/PET,100CM,15542040,168,132095,15538744NBR3282679,10/04/2026,03/08/2026,6,,03/08/26,,,,#N/A,1410668,NIKE,
12,OK,DASS SEST,7,137289,1410668,95028,ATAC. MR130027 6MM RECICLADO COR 5422/PET,100CM,15542040,216,132095,15538745NBR3282679,10/04/2026,03/08/2026,6,,03/08/26,,,,#N/A,1410668,NIKE,
13,OK,DASS SEST,7,137289,1410668,95028,ATAC. MR130027 6MM RECICLADO COR 5422/PET,105CM,15542040,795,132095,15538743NBR3282679,10/04/2026,03/08/2026,6,,03/08/26,,,,#N/A,1410668,NIKE,
14,OK,DASS SEST,7,137289,1410668,95028,ATAC. MR130027 6MM RECICLADO COR 5422/PET,105CM,15542040,576,132095,15538744NBR3282679,10/04/2026,03/08/2026,6,,03/08/26,,,,#N/A,1410668,NIKE,
15,OK,DASS SEST,7,137289,1410668,95028,ATAC. MR130027 6MM RECICLADO COR 5422/PET,105CM,15542040,402,132095,15538745NBR3282679,10/04/2026,03/08/2026,6,,03/08/26,,,,#N/A,1410668,NIKE,
16,OK,DASS SEST,7,137289,1410668,95028,ATAC. MR130027 6MM RECICLADO COR 5422/PET,110CM,15542040,168,132095,15538743NBR3282679,10/04/2026,03/08/2026,6,,03/08/26,,,,#N/A,1410668,NIKE,
17,OK,DASS SEST,7,137289,1410668,95028,ATAC. MR130027 6MM RECICLADO COR 5422/PET,110CM,15542040,156,132095,15538744NBR3282679,10/04/2026,03/08/2026,6,,03/08/26,,,,#N/A,1410668,NIKE,
18,OK,DASS SEST,7,137289,1410668,95028,ATAC. MR130027 6MM RECICLADO COR 5422/PET,110CM,15542040,192,132095,15538745NBR3282679,10/04/2026,03/08/2026,6,,03/08/26,,,,#N/A,1410668,NIKE,
21,OK,DASS SEST,7,137935,1070873,76555,ATAC. MR130011 5MM RECICLADO COR 4085,90CM,15632088,998,132712,15625162NBR3282680,28/04/2026,03/08/2026,6,,03/08/26,,,,#N/A,1070873,NIKE,
22,OK,DASS SEST,7,137935,1070873,76555,ATAC. MR130011 5MM RECICLADO COR 4085,95CM,15632088,336,132712,15625162NBR3282680,28/04/2026,03/08/2026,6,,03/08/26,,,,#N/A,1070873,NIKE,
23,OK,DASS SEST,7,137935,1027849,92568,ATAC. MR110012 8MM RECICLADO COR 4085/PET,115CM,15632088,222,132712,15625151NBR3282774,28/04/2026,03/08/2026,6,,03/08/26,,,,#N/A,1027849,NIKE,
24,OK,DASS SEST,7,137935,1027849,92568,ATAC. MR110012 8MM RECICLADO COR 4085/PET,115CM,15632088,234,132712,15625152NBR3282774,28/04/2026,03/08/2026,6,,03/08/26,,,,#N/A,1027849,NIKE,
25,OK,DASS SEST,7,137935,1027849,92568,ATAC. MR110012 8MM RECICLADO COR 4085/PET,115CM,15632088,222,132712,15625154NBR3282789,28/04/2026,03/08/2026,6,,03/08/26,,,,#N/A,1027849,NIKE,
26,OK,DASS SEST,7,137935,1027849,92568,ATAC. MR110012 8MM RECICLADO COR 4085/PET,115CM,15632088,192,132712,15625155NBR3282789,28/04/2026,03/08/2026,6,,03/08/26,,,,#N/A,1027849,NIKE,
27,OK,DASS SEST,7,137935,1027849,92568,ATAC. MR110012 8MM RECICLADO COR 4085/PET,115CM,15632088,222,132712,15625156NBR3282789,28/04/2026,03/08/2026,6,,03/08/26,,,,#N/A,1027849,NIKE,
28,OK,DASS SEST,7,137935,1027849,92568,ATAC. MR110012 8MM RECICLADO COR 4085/PET,120CM,15632088,843,132712,15625151NBR3282774,28/04/2026,03/08/2026,6,,03/08/26,,,,#N/A,1027849,NIKE,
29,OK,DASS SEST,7,137935,1027849,92568,ATAC. MR110012 8MM RECICLADO COR 4085/PET,120CM,15632088,864,132712,15625152NBR3282774,28/04/2026,03/08/2026,6,,03/08/26,,,,#N/A,1027849,NIKE,
30,OK,DASS SEST,7,137935,1027849,92568,ATAC. MR110012 8MM RECICLADO COR 4085/PET,120CM,15632088,777,132712,15625154NBR3282789,28/04/2026,03/08/2026,6,,03/08/26,,,,#N/A,1027849,NIKE,
31,OK,DASS SEST,7,137935,1027849,92568,ATAC. MR110012 8MM RECICLADO COR 4085/PET,120CM,15632088,732,132712,15625155NBR3282789,28/04/2026,03/08/2026,6,,03/08/26,,,,#N/A,1027849,NIKE,
32,OK,DASS SEST,7,137935,1027849,92568,ATAC. MR110012 8MM RECICLADO COR 4085/PET,120CM,15632088,786,132712,15625156NBR3282789,28/04/2026,03/08/2026,6,,03/08/26,,,,#N/A,1027849,NIKE,
33,OK,DASS SEST,7,137935,1304277,88668,ATAC. MR110022 7MM RECICLADO COR 4085/PET / COR 496/PET,110CM,15632088,156,132712,15625163NBR3282797,28/04/2026,03/08/2026,6,,03/08/26,,,,#N/A,1304277,NIKE,
34,OK,DASS SEST,7,137935,1304277,88668,ATAC. MR110022 7MM RECICLADO COR 4085/PET / COR 496/PET,110CM,15632088,174,132712,15625164NBR3282797,28/04/2026,03/08/2026,6,,03/08/26,,,,#N/A,1304277,NIKE,
35,OK,DASS SEST,7,137935,1304277,88668,ATAC. MR110022 7MM RECICLADO COR 4085/PET / COR 496/PET,110CM,15632088,276,132712,15625165NBR3282812,28/04/2026,03/08/2026,6,,03/08/26,,,,#N/A,1304277,NIKE,
36,OK,DASS SEST,7,137935,1304277,88668,ATAC. MR110022 7MM RECICLADO COR 4085/PET / COR 496/PET,110CM,15632088,294,132712,15625166NBR3282812,28/04/2026,03/08/2026,6,,03/08/26,,,,#N/A,1304277,NIKE,
37,OK,DASS SEST,7,137935,1304277,88668,ATAC. MR110022 7MM RECICLADO COR 4085/PET / COR 496/PET,110CM,15632088,156,132712,15625167NBR3282825,28/04/2026,03/08/2026,6,,03/08/26,,,,#N/A,1304277,NIKE,
38,OK,DASS SEST,7,137935,1304277,88668,ATAC. MR110022 7MM RECICLADO COR 4085/PET / COR 496/PET,110CM,15632088,174,132712,15625168NBR3282825,28/04/2026,03/08/2026,6,,03/08/26,,,,#N/A,1304277,NIKE,
39,OK,DASS SEST,7,137935,1304277,88668,ATAC. MR110022 7MM RECICLADO COR 4085/PET / COR 496/PET,115CM,15632088,669,132712,15625163NBR3282797,28/04/2026,03/08/2026,6,,03/08/26,,,,#N/A,1304277,NIKE,
40,OK,DASS SEST,7,137935,1304277,88668,ATAC. MR110022 7MM RECICLADO COR 4085/PET / COR 496/PET,115CM,15632088,672,132712,15625164NBR3282797,28/04/2026,03/08/2026,6,,03/08/26,,,,#N/A,1304277,NIKE,
41,OK,DASS SEST,7,137935,1304277,88668,ATAC. MR110022 7MM RECICLADO COR 4085/PET / COR 496/PET,115CM,15632088,807,132712,15625165NBR3282812,28/04/2026,03/08/2026,6,,03/08/26,,,,#N/A,1304277,NIKE,
42,OK,DASS SEST,7,137935,1304277,88668,ATAC. MR110022 7MM RECICLADO COR 4085/PET / COR 496/PET,115CM,15632088,804,132712,15625166NBR3282812,28/04/2026,03/08/2026,6,,03/08/26,,,,#N/A,1304277,NIKE,
43,OK,DASS SEST,7,137935,1304277,88668,ATAC. MR110022 7MM RECICLADO COR 4085/PET / COR 496/PET,115CM,15632088,669,132712,15625167NBR3282825,28/04/2026,03/08/2026,6,,03/08/26,,,,#N/A,1304277,NIKE,
44,OK,DASS SEST,7,137935,1304277,88668,ATAC. MR110022 7MM RECICLADO COR 4085/PET / COR 496/PET,115CM,15632088,672,132712,15625168NBR3282825,28/04/2026,03/08/2026,6,,03/08/26,,,,#N/A,1304277,NIKE,
45,OK,DASS SEST,7,137935,1304277,88668,ATAC. MR110022 7MM RECICLADO COR 4085/PET / COR 496/PET,120CM,15632088,216,132712,15625163NBR3282797,28/04/2026,03/08/2026,6,,03/08/26,,,,#N/A,1304277,NIKE,
46,OK,DASS SEST,7,137935,1304277,88668,ATAC. MR110022 7MM RECICLADO COR 4085/PET / COR 496/PET,120CM,15632088,228,132712,15625164NBR3282797,28/04/2026,03/08/2026,6,,03/08/2026,,,,#N/A,1304277,NIKE,
47,OK,DASS SEST,7,137935,1304277,88668,ATAC. MR110022 7MM RECICLADO COR 4085/PET / COR 496/PET,120CM,15632088,156,132712,15625165NBR3282812,28/04/2026,03/08/2026,6,,03/08/2026,,,,#N/A,1304277,NIKE,
48,OK,DASS SEST,7,137935,1304277,88668,ATAC. MR110022 7MM RECICLADO COR 4085/PET / COR 496/PET,120CM,15632088,174,132712,15625166NBR3282812,28/04/2026,03/08/2026,6,,03/08/2026,,,,#N/A,1304277,NIKE,
49,OK,DASS SEST,7,137935,1304277,88668,ATAC. MR110022 7MM RECICLADO COR 4085/PET / COR 496/PET,120CM,15632088,216,132712,15625167NBR3282825,28/04/2026,03/08/2026,6,,03/08/2026,,,,#N/A,1304277,NIKE,
50,OK,DASS SEST,7,137935,1304277,88668,ATAC. MR110022 7MM RECICLADO COR 4085/PET / COR 496/PET,120CM,15632088,228,132712,15625168NBR3282825,28/04/2026,03/08/2026,6,,03/08/2026,,,,#N/A,1304277,NIKE,
51,OK,DASS SEST,7,137935,1413116,94788,ATAC. MR110022 7MM RECICLADO COR 6140/PET / COR 5687/PET,110CM,15632088,1119,132712,15625187NBR3282809,28/04/2026,03/08/2026,6,,03/08/2026,,,,#N/A,1413116,NIKE,
52,OK,DASS SEST,7,137935,1413116,94788,ATAC. MR110022 7MM RECICLADO COR 6140/PET / COR 5687/PET,110CM,15632088,1188,132712,15625188NBR3282809,28/04/2026,03/08/2026,6,,03/08/2026,,,,#N/A,1413116,NIKE,
53,OK,DASS SEST,7,137935,1413116,94788,ATAC. MR110022 7MM RECICLADO COR 6140/PET / COR 5687/PET,115CM,15632088,12,132712,15625187NBR3282809,28/04/2026,03/08/2026,6,,03/08/2026,,,,#N/A,1413116,NIKE,
54,OK,DASS SEST,7,137935,1413116,94788,ATAC. MR110022 7MM RECICLADO COR 6140/PET / COR 5687/PET,115CM,15632088,24,132712,15625188NBR3282809,28/04/2026,03/08/2026,6,,03/08/2026,,,,#N/A,1413116,NIKE,
55,OK,DASS SEST,7,137935,1413117,95026,ATAC. MR110022 7MM RECICLADO COR 6146/PET / COR 492/PET,110CM,15632088,144,132712,15625181NBR3282796,28/04/2026,03/08/2026,6,,03/08/2026,,,,#N/A,1413117,NIKE,
56,OK,DASS SEST,7,137935,1413117,95026,ATAC. MR110022 7MM RECICLADO COR 6146/PET / COR 492/PET,110CM,15632088,144,132712,15625182NBR3282796,28/04/2026,03/08/2026,6,,03/08/2026,,,,#N/A,1413117,NIKE,
57,OK,DASS SEST,7,137935,1413117,95026,ATAC. MR110022 7MM RECICLADO COR 6146/PET / COR 492/PET,110CM,15632088,132,132712,15625183NBR3282811,28/04/2026,03/08/2026,6,,03/08/2026,,,,#N/A,1413117,NIKE,
58,OK,DASS SEST,7,137935,1413117,95026,ATAC. MR110022 7MM RECICLADO COR 6146/PET / COR 492/PET,110CM,15632088,96,132712,15625184NBR3282811,28/04/2026,03/08/2026,6,,03/08/2026,,,,#N/A,1413117,NIKE,
59,OK,DASS SEST,7,137935,1413117,95026,ATAC. MR110022 7MM RECICLADO COR 6146/PET / COR 492/PET,110CM,15632088,144,132712,15625185NBR3282824,28/04/2026,03/08/2026,6,,03/08/2026,,,,#N/A,1413117,NIKE,
60,OK,DASS SEST,7,137935,1413117,95026,ATAC. MR110022 7MM RECICLADO COR 6146/PET / COR 492/PET,110CM,15632088,144,132712,15625186NBR3282824,28/04/2026,03/08/2026,6,,03/08/2026,,,,#N/A,1413117,NIKE,
61,OK,DASS SEST,7,137935,1413117,95026,ATAC. MR110022 7MM RECICLADO COR 6146/PET / COR 492/PET,115CM,15632088,663,132712,15625181NBR3282796,28/04/2026,03/08/2026,6,,03/08/2026,,,,#N/A,1413117,NIKE,
62,OK,DASS SEST,7,137935,1413117,95026,ATAC. MR110022 7MM RECICLADO COR 6146/PET / COR 492/PET,115CM,15632088,678,132712,15625182NBR3282796,28/04/2026,03/08/2026,6,,03/08/26,,,,#N/A,1413117,NIKE,
63,OK,DASS SEST,7,137935,1413117,95026,ATAC. MR110022 7MM RECICLADO COR 6146/PET / COR 492/PET,115CM,15632088,669,132712,15625183NBR3282811,28/04/2026,03/08/2026,6,,03/08/26,,,,#N/A,1413117,NIKE,
64,OK,DASS SEST,7,137935,1413117,95026,ATAC. MR110022 7MM RECICLADO COR 6146/PET / COR 492/PET,115CM,15632088,684,132712,15625184NBR3282811,28/04/2026,03/08/2026,6,,03/08/2026,,,,#N/A,1413117,NIKE,
65,OK,DASS SEST,7,137935,1413117,95026,ATAC. MR110022 7MM RECICLADO COR 6146/PET / COR 492/PET,115CM,15632088,663,132712,15625185NBR3282824,28/04/2026,03/08/2026,6,,03/08/2026,,,,#N/A,1413117,NIKE,
66,OK,DASS SEST,7,137935,1413117,95026,ATAC. MR110022 7MM RECICLADO COR 6146/PET / COR 492/PET,115CM,15632088,678,132712,15625186NBR3282824,28/04/2026,03/08/2026,6,,03/08/2026,,,,#N/A,1413117,NIKE,
67,OK,DASS SEST,7,137935,1413117,95026,ATAC. MR110022 7MM RECICLADO COR 6146/PET / COR 492/PET,120CM,15632088,216,132712,15625181NBR3282796,28/04/2026,03/08/2026,6,,03/08/2026,,,,#N/A,1413117,NIKE,
68,OK,DASS SEST,7,137935,1413117,95026,ATAC. MR110022 7MM RECICLADO COR 6146/PET / COR 492/PET,120CM,15632088,240,132712,15625182NBR3282796,28/04/2026,03/08/2026,6,,03/08/2026,,,,#N/A,1413117,NIKE,
69,OK,DASS SEST,7,137935,1413117,95026,ATAC. MR110022 7MM RECICLADO COR 6146/PET / COR 492/PET,120CM,15632088,228,132712,15625183NBR3282811,28/04/2026,03/08/2026,6,,03/08/2026,,,,#N/A,1413117,NIKE,
70,OK,DASS SEST,7,137935,1413117,95026,ATAC. MR110022 7MM RECICLADO COR 6146/PET / COR 492/PET,120CM,15632088,258,132712,15625184NBR3282811,28/04/2026,03/08/2026,6,,03/08/2026,,,,#N/A,1413117,NIKE,
71,OK,DASS SEST,7,137935,1413117,95026,ATAC. MR110022 7MM RECICLADO COR 6146/PET / COR 492/PET,120CM,15632088,216,132712,15625185NBR3282824,28/04/2026,03/08/2026,6,,03/08/2026,,,,#N/A,1413117,NIKE,
72,OK,DASS SEST,7,137935,1413117,95026,ATAC. MR110022 7MM RECICLADO COR 6146/PET / COR 492/PET,120CM,15632088,240,132712,15625186NBR3282824,28/04/2026,03/08/2026,6,,03/08/2026,,,,#N/A,1413117,NIKE,
73,OK,DASS SEST,7,137935,1421417,95044,ATAC. MR110022 7MM RECICLADO COR 6082/PET / COR 5481/PET,110CM,15632088,72,132712,15625189NBR3282799,28/04/2026,03/08/2026,6,,03/08/2026,,,,#N/A,1421417,NIKE,
74,OK,DASS SEST,7,137935,1421417,95044,ATAC. MR110022 7MM RECICLADO COR 6082/PET / COR 5481/PET,110CM,15632088,78,132712,15625190NBR3282799,28/04/2026,03/08/2026,6,,03/08/2026,,,,#N/A,1421417,NIKE,
75,OK,DASS SEST,7,137935,1421417,95044,ATAC. MR110022 7MM RECICLADO COR 6082/PET / COR 5481/PET,110CM,15632088,120,132712,15625191NBR3282827,28/04/2026,03/08/2026,6,,03/08/2026,,,,#N/A,1421417,NIKE,
76,OK,DASS SEST,7,137935,1421417,95044,ATAC. MR110022 7MM RECICLADO COR 6082/PET / COR 5481/PET,110CM,15632088,132,132712,15625192NBR3282827,28/04/2026,03/08/2026,6,,03/08/2026,,,,#N/A,1421417,NIKE,
77,OK,DASS SEST,7,137935,1421417,95044,ATAC. MR110022 7MM RECICLADO COR 6082/PET / COR 5481/PET,110CM,15632088,114,132712,15625193NBR3282827,28/04/2026,03/08/2026,6,,03/08/2026,,,,#N/A,1421417,NIKE,
78,OK,DASS SEST,7,137935,1421417,95044,ATAC. MR110022 7MM RECICLADO COR 6082/PET / COR 5481/PET,115CM,15632088,590,132712,15625189NBR3282799,28/04/2026,03/08/2026,6,,03/08/2026,,,,#N/A,1421417,NIKE,
79,OK,DASS SEST,7,137935,1421417,95044,ATAC. MR110022 7MM RECICLADO COR 6082/PET / COR 5481/PET,115CM,15632088,594,132712,15625190NBR3282799,28/04/2026,03/08/2026,6,,03/08/2026,,,,#N/A,1421417,NIKE,
80,OK,DASS SEST,7,137935,1421417,95044,ATAC. MR110022 7MM RECICLADO COR 6082/PET / COR 5481/PET,115CM,15632088,597,132712,15625191NBR3282827,28/04/2026,03/08/2026,6,,03/08/2026,,,,#N/A,1421417,NIKE,
81,OK,DASS SEST,7,137935,1421417,95044,ATAC. MR110022 7MM RECICLADO COR 6082/PET / COR 5481/PET,115CM,15632088,588,132712,15625192NBR3282827,28/04/2026,03/08/2026,6,,03/08/2026,,,,#N/A,1421417,NIKE,
82,OK,DASS SEST,7,137935,1421417,95044,ATAC. MR110022 7MM RECICLADO COR 6082/PET / COR 5481/PET,115CM,15632088,618,132712,15625193NBR3282827,28/04/2026,03/08/2026,6,,03/08/2026,,,,#N/A,1421417,NIKE,
83,OK,DASS SEST,7,137935,1421417,95044,ATAC. MR110022 7MM RECICLADO COR 6082/PET / COR 5481/PET,120CM,15632088,216,132712,15625189NBR3282799,28/04/2026,03/08/2026,6,,03/08/2026,,,,#N/A,1421417,NIKE,
84,OK,DASS SEST,7,137935,1421417,95044,ATAC. MR110022 7MM RECICLADO COR 6082/PET / COR 5481/PET,120CM,15632088,228,132712,15625190NBR3282799,28/04/2026,03/08/2026,6,,03/08/2026,,,,#N/A,1421417,NIKE,
85,OK,DASS SEST,7,137935,1421417,95044,ATAC. MR110022 7MM RECICLADO COR 6082/PET / COR 5481/PET,120CM,15632088,216,132712,15625191NBR3282827,28/04/2026,03/08/2026,6,,03/08/2026,,,,#N/A,1421417,NIKE,
86,OK,DASS SEST,7,137935,1421417,95044,ATAC. MR110022 7MM RECICLADO COR 6082/PET / COR 5481/PET,120CM,15632088,216,132712,15625192NBR3282827,28/04/2026,03/08/2026,6,,03/08/2026,,,,#N/A,1421417,NIKE,
87,OK,DASS SEST,7,137935,1421417,95044,ATAC. MR110022 7MM RECICLADO COR 6082/PET / COR 5481/PET,120CM,15632088,216,132712,15625193NBR3282827,28/04/2026,03/08/2026,6,,03/08/2026,,,,#N/A,1421417,NIKE,
108,OK,DASS SEST,7,138083,1408914,94118,FITA MR100001 C/ GOMA RECICLADO COR 5298/PET,15MM,15640485,280,132894,0,30/04/2026,03/08/2026,6,,03/08/2026,,,,#N/A,1408914,NIKE,
109,OK,DASS SEST,7,138083,1074423,74005,FITA MFGP C/ GOMA POLIESTER COR 4699,10MM,15640485,110,132894,0,30/04/2026,03/08/2026,6,,03/08/2026,,,,#N/A,1074423,NIKE,
112,OK,DASS SEST,7,139042,1098384,74030,FITA MFGP C/ GOMA POLIESTER COR 114,10MM,15756812,200,133753,0,27/05/2026,03/08/2026,6,,03/08/2026,,,,#N/A,1098384,FILA,
113,OK,DASS SEST,7,139042,1353470,92963,FITA M31119 C/ GOMA POLIESTER COR 102 / COR 100 / COR 100,16MM,15756812,570,133753,0,27/05/2026,03/08/2026,6,,03/08/2026,,,,#N/A,1353470,FILA,
114,OK,DASS SEST,7,139042,1416938,95491,FITA M31119 C/ GOMA POLIESTER COR 6001 / COR 5508 / COR 5508,16MM,15756812,280,133753,0,27/05/2026,03/08/2026,6,,03/08/2026,,,,#N/A,1416938,FILA,
156,OK,DASS SEST,7,139224,1220520,82624,FITA MR100037 C/ GOMA RECICLADO COR 100/PET,18MM,15775239,510,133925,0,01/06/2026,03/08/2026,6,,03/08/2026,,,,#N/A,1220520,NIKE,
233,OK,DASS SEST,7,139297,108955,70164,FITA MFGP C/ GOMA POLIESTER COR 100,8MM,15777758,140,133934,0,02/06/2026,03/08/2026,6,,03/08/2026,,,,#N/A,108955,FILA,
235,OK,DASS SEST,7,139297,1403347,92488,FITA MFGP C/ GOMA POLIESTER COR 6001,8MM,15777758,60,133934,0,02/06/2026,03/08/2026,6,,03/08/2026,,,,#N/A,1403347,FILA,
236,OK,DASS SEST,7,139297,1403346,92488,FITA MFGP C/ GOMA POLIESTER COR 6001,10MM,15777758,40,133934,0,02/06/2026,03/08/2026,6,,03/08/2026,,,,#N/A,1403346,FILA,
237,OK,DASS SEST,7,139297,1316829,87946,FITA M31119 C/ GOMA POLIESTER COR 100/ COR 5535/ COR 102,16MM,15777758,440,133934,0,02/06/2026,03/08/2026,6,,03/08/2026,,,,#N/A,1316829,FILA,
238,OK,DASS SEST,7,139297,1358112,92574,FITA M31119 C/ GOMA POLIESTER COR 057 / COR 102 / COR 102,16MM,15777758,130,133934,0,02/06/2026,03/08/2026,6,,03/08/2026,,,,#N/A,1358112,FILA,
239,OK,DASS SEST,7,139297,1411433,95384,FITA M31119 C/ GOMA POLIESTER COR 6008 / COR 102 / COR 102,16MM,15777758,210,133934,0,02/06/2026,03/08/2026,6,,03/08/2026,,,,#N/A,1411433,FILA,
240,OK,DASS SEST,7,139297,1406217,95486,FITA M31119 C/ GOMA POLIESTER COR 447 / COR 100 / COR 100,16MM,15777758,440,133934,0,02/06/2026,03/08/2026,6,,03/08/2026,,,,#N/A,1406217,FILA,
243,OK,DASS SEST,7,139370,108955,70164,FITA MFGP C/ GOMA POLIESTER COR 100,8MM,15786774,40,133997,0,04/06/2026,03/08/2026,6,,03/08/2026,,,,#N/A,108955,FILA,
245,OK,DASS SEST,7,139563,1299257,86978,ATAC. MR130027 6MM RECICLADO COR 4085/PET,100CM,15816406,168,134310,15815472NBR3282760,11/06/2026,03/08/2026,6,,03/08/2026,,,,#N/A,1299257,NIKE,
246,OK,DASS SEST,7,139563,1299257,86978,ATAC. MR130027 6MM RECICLADO COR 4085/PET,100CM,15816406,192,134310,15815473NBR3282760,11/06/2026,03/08/2026,6,,03/08/2026,,,,#N/A,1299257,NIKE,
247,OK,DASS SEST,7,139563,1299257,86978,ATAC. MR130027 6MM RECICLADO COR 4085/PET,105CM,15816406,541,134310,15815472NBR3282760,11/06/2026,03/08/2026,6,,03/08/2026,,,,#N/A,1299257,NIKE,
248,OK,DASS SEST,7,139563,1299257,86978,ATAC. MR130027 6MM RECICLADO COR 4085/PET,105CM,15816406,556,134310,15815473NBR3282760,11/06/2026,03/08/2026,6,,03/08/2026,,,,#N/A,1299257,NIKE,
249,OK,DASS SEST,7,139563,1299257,86978,ATAC. MR130027 6MM RECICLADO COR 4085/PET,110CM,15816406,144,134310,15815472NBR3282760,11/06/2026,03/08/2026,6,,03/08/2026,,,,#N/A,1299257,NIKE,
250,OK,DASS SEST,7,139563,1299257,86978,ATAC. MR130027 6MM RECICLADO COR 4085/PET,110CM,15816406,179,134310,15815473NBR3282760,11/06/2026,03/08/2026,6,,03/08/2026,,,,#N/A,1299257,NIKE,
284,OK,DASS SEST,7,139571,1216678,83727,FITA M32164 C/ GOMA POLIESTER COR 4411,10MM,15816705,60,134322,0,11/06/2026,03/08/2026,6,,03/08/2026,,,,#N/A,1216678,NIKE,
330,OK,DASS SEST,7,139648,1200469,74007,FITA M32164 C/ GOMA POLIESTER COR 4085,10MM,15820052,140,134358,0,12/06/2026,03/08/2026,6,,03/08/2026,,,,#N/A,1200469,NIKE,
383,OK,DASS SEST,7,139797,1048885,70164,FITA MFGP C/ GOMA POLIESTER COR 100,6MM,15831721,10,134490,0,17/06/2026,03/08/2026,6,,03/08/2026,,,,#N/A,1048885,FILA,
384,OK,DASS SEST,7,139797,1358112,92574,FITA M31119 C/ GOMA POLIESTER COR 057 / COR 102 / COR 102,16MM,15831721,10,134490,0,17/06/2026,03/08/2026,6,,03/08/2026,,,,#N/A,1358112,FILA,
388,OK,DASS SEST,7,139931,1287984,89070,FITA M41476 C/ GOMA POLIESTER COR 114/ COR 5508,12MM,15849654,70,134607,0,22/06/2026,03/08/2026,6,,03/08/2026,,,,#N/A,1287984,FILA,
389,OK,DASS SEST,7,139931,1356824,90475,FITA M41476 C/ GOMA POLIESTER COR 5508 / COR 102,12MM,15849654,70,134607,0,22/06/2026,03/08/2026,6,,03/08/2026,,,,#N/A,1356824,FILA,
390,OK,DASS SEST,7,139931,1394708,92487,FITA M41476 C/ GOMA POLIESTER COR 114 / COR 599,12MM,15849654,270,134607,0,22/06/2026,03/08/2026,6,,03/08/2026,,,,#N/A,1394708,FILA,
391,OK,DASS SEST,7,139931,903140,72801,FITA MFGP C/ GOMA POLIESTER COR 057,10MM,15849654,240,134607,0,22/06/2026,03/08/2026,6,,03/08/2026,,,,#N/A,903140,FILA,
393,OK,DASS SEST,7,139931,1417375,93286,FITA MFGP C/ GOMA POLIESTER COR 6038,8MM,15849654,190,134607,0,22/06/2026,03/08/2026,6,,03/08/2026,,,,#N/A,1417375,FILA,
394,OK,DASS SEST,7,139931,1416908,95301,FITA M31119 C/ GOMA POLIESTER COR 6038 / COR 5508 / COR 5508,16MM,15849654,210,134607,0,22/06/2026,03/08/2026,6,,03/08/2026,,,,#N/A,1416908,FILA,
461,OK,DASS SEST,7,140089,1188919,82628,ATAC. MR140014 6MM RECICLADO COR 4085/PET,105CM,15855782,6,134779,15850222NBR3282874,25/06/2026,03/08/2026,6,,03/08/2026,,,,#N/A,1188919,NIKE,
462,OK,DASS SEST,7,140089,1188919,82628,ATAC. MR140014 6MM RECICLADO COR 4085/PET,105CM,15855782,6,134779,15850238NBR3282875,25/06/2026,03/08/2026,6,,03/08/2026,,,,#N/A,1188919,NIKE,
463,OK,DASS SEST,7,140089,1188919,82628,ATAC. MR140014 6MM RECICLADO COR 4085/PET,110CM,15855782,914,134779,15850222NBR3282874,25/06/2026,03/08/2026,6,,03/08/2026,,,,#N/A,1188919,NIKE,
464,OK,DASS SEST,7,140089,1188919,82628,ATAC. MR140014 6MM RECICLADO COR 4085/PET,110CM,15855782,872,134779,15850238NBR3282875,25/06/2026,03/08/2026,6,,03/08/2026,,,,#N/A,1188919,NIKE,
465,OK,DASS SEST,7,140089,1188919,82628,ATAC. MR140014 6MM RECICLADO COR 4085/PET,115CM,15855782,144,134779,15850222NBR3282874,25/06/2026,03/08/2026,6,,03/08/2026,,,,#N/A,1188919,NIKE,
466,OK,DASS SEST,7,140089,1188919,82628,ATAC. MR140014 6MM RECICLADO COR 4085/PET,115CM,15855782,132,134779,15850238NBR3282875,25/06/2026,03/08/2026,6,,03/08/2026,,,,#N/A,1188919,NIKE,
467,OK,DASS SEST,7,140089,1065806,93661,ATAC. MR110029 RECICLADO COR 4662/PET,130CM,15855782,444,134779,15850172NBR3283109,25/06/2026,03/08/2026,6,,03/08/2026,,,,#N/A,1065806,NIKE,
468,OK,DASS SEST,7,140089,1065806,93661,ATAC. MR110029 RECICLADO COR 4662/PET,130CM,15855782,456,134779,15850173NBR3283109,25/06/2026,03/08/2026,6,,03/08/2026,,,,#N/A,1065806,NIKE,
469,OK,DASS SEST,7,140089,1065806,93661,ATAC. MR110029 RECICLADO COR 4662/PET,130CM,15855782,534,134779,15850174NBR3283111,25/06/2026,03/08/2026,6,,03/08/2026,,,,#N/A,1065806,NIKE,
470,OK,DASS SEST,7,140089,1065806,93661,ATAC. MR110029 RECICLADO COR 4662/PET,135CM,15855782,440,134779,15850172NBR3283109,25/06/2026,03/08/2026,6,,03/08/2026,,,,#N/A,1065806,NIKE,
471,OK,DASS SEST,7,140089,1065806,93661,ATAC. MR110029 RECICLADO COR 4662/PET,135CM,15855782,462,134779,15850173NBR3283109,25/06/2026,03/08/2026,6,,03/08/2026,,,,#N/A,1065806,NIKE,
472,OK,DASS SEST,7,140089,1065806,93661,ATAC. MR110029 RECICLADO COR 4662/PET,135CM,15855782,530,134779,15850174NBR3283111,25/06/2026,03/08/2026,6,,03/08/2026,,,,#N/A,1065806,NIKE,
473,OK,DASS SEST,7,140089,1065806,93661,ATAC. MR110029 RECICLADO COR 4662/PET,135CM,15855782,884,134779,15850181NBR3283124,25/06/2026,03/08/2026,6,,03/08/2026,,,,#N/A,1065806,NIKE,
474,OK,DASS SEST,7,140089,1065806,93661,ATAC. MR110029 RECICLADO COR 4662/PET,135CM,15855782,894,134779,15850182NBR3283124,25/06/2026,03/08/2026,6,,03/08/2026,,,,#N/A,1065806,NIKE,
475,OK,DASS SEST,7,140089,1065806,93661,ATAC. MR110029 RECICLADO COR 4662/PET,140CM,15855782,108,134779,15850181NBR3283124,25/06/2026,03/08/2026,6,,03/08/2026,,,,#N/A,1065806,NIKE,
476,OK,DASS SEST,7,140089,1065806,93661,ATAC. MR110029 RECICLADO COR 4662/PET,140CM,15855782,96,134779,15850182NBR3283124,25/06/2026,03/08/2026,6,,03/08/2026,,,,#N/A,1065806,NIKE,
610,OK,DASS SEST,7,140123,1188919,82628,ATAC. MR140014 6MM RECICLADO COR 4085/PET,100CM,15859150,240,134814,15858546NBR3282913,25/06/2026,03/08/2026,6,,03/08/2026,,,,#N/A,1188919,NIKE,
611,OK,DASS SEST,7,140123,1188919,82628,ATAC. MR140014 6MM RECICLADO COR 4085/PET,100CM,15859150,270,134814,15858547NBR3282913,25/06/2026,03/08/2026,6,,03/08/2026,,,,#N/A,1188919,NIKE,
612,OK,DASS SEST,7,140123,1188919,82628,ATAC. MR140014 6MM RECICLADO COR 4085/PET,105CM,15859150,843,134814,15858546NBR3282913,25/06/2026,03/08/2026,6,,03/08/2026,,,,#N/A,1188919,NIKE,
613,OK,DASS SEST,7,140123,1188919,82628,ATAC. MR140014 6MM RECICLADO COR 4085/PET,105CM,15859150,888,134814,15858547NBR3282913,25/06/2026,03/08/2026,6,,03/08/2026,,,,#N/A,1188919,NIKE,
614,OK,DASS SEST,7,140123,1188919,82628,ATAC. MR140014 6MM RECICLADO COR 4085/PET,110CM,15859150,24,134814,15858546NBR3282913,25/06/2026,03/08/2026,6,,03/08/2026,,,,#N/A,1188919,NIKE,
615,OK,DASS SEST,7,140123,1324864,88451,ATAC. MR140014 6MM RECICLADO COR 5687/PET,105CM,15859150,204,134814,15858561NBR3282911,25/06/2026,03/08/2026,6,,03/08/2026,,,,#N/A,1324864,NIKE,
616,OK,DASS SEST,7,140123,1324864,88451,ATAC. MR140014 6MM RECICLADO COR 5687/PET,110CM,15859150,1286,134814,15858561NBR3282911,25/06/2026,03/08/2026,6,,03/08/2026,,,,#N/A,1324864,NIKE,
617,OK,DASS SEST,7,140123,1324864,88451,ATAC. MR140014 6MM RECICLADO COR 5687/PET,115CM,15859150,432,134814,15858561NBR3282911,25/06/2026,03/08/2026,6,,03/08/2026,,,,#N/A,1324864,NIKE,
618,OK,DASS SEST,7,140123,1405625,94884,ATAC. MR140014 6MM RECICLADO COR 6149/PET,100CM,15859150,414,134814,15858558NBR3282806,25/06/2026,03/08/2026,6,,03/08/2026,,,,#N/A,1405625,NIKE,
619,OK,DASS SEST,7,140123,1405625,94884,ATAC. MR140014 6MM RECICLADO COR 6149/PET,105CM,15859150,1442,134814,15858558NBR3282806,25/06/2026,03/08/2026,6,,03/08/2026,,,,#N/A,1405625,NIKE,
620,OK,DASS SEST,7,140123,1405625,94884,ATAC. MR140014 6MM RECICLADO COR 6149/PET,110CM,15859150,24,134814,15858558NBR3282806,25/06/2026,03/08/2026,6,,03/08/2026,,,,#N/A,1405625,NIKE,
621,OK,DASS SEST,7,140123,1421357,95283,ATAC. MR140014 6MM RECICLADO COR 6180/PET,105CM,15859150,240,134814,15858559NBR3282710,25/06/2026,03/08/2026,6,,03/08/2026,,,,#N/A,1421357,NIKE,
622,OK,DASS SEST,7,140123,1421357,95283,ATAC. MR140014 6MM RECICLADO COR 6180/PET,105CM,15859150,300,134814,15858560NBR3282732,25/06/2026,03/08/2026,6,,03/08/2026,,,,#N/A,1421357,NIKE,
623,OK,DASS SEST,7,140123,1421357,95283,ATAC. MR140014 6MM RECICLADO COR 6180/PET,110CM,15859150,854,134814,15858559NBR3282710,25/06/2026,03/08/2026,6,,03/08/2026,,,,#N/A,1421357,NIKE,
624,OK,DASS SEST,7,140123,1421357,95283,ATAC. MR140014 6MM RECICLADO COR 6180/PET,110CM,15859150,872,134814,15858560NBR3282732,25/06/2026,03/08/2026,6,,03/08/2026,,,,#N/A,1421357,NIKE,
625,OK,DASS SEST,7,140123,1421357,95283,ATAC. MR140014 6MM RECICLADO COR 6180/PET,115CM,15859150,342,134814,15858559NBR3282710,25/06/2026,03/08/2026,6,,03/08/2026,,,,#N/A,1421357,NIKE,
626,OK,DASS SEST,7,140123,1421357,95283,ATAC. MR140014 6MM RECICLADO COR 6180/PET,115CM,15859150,324,134814,15858560NBR3282732,25/06/2026,03/08/2026,6,,03/08/2026,,,,#N/A,1421357,NIKE,
627,OK,DASS SEST,7,140123,1425041,95894,ATAC. MR140014 6MM RECICLADO COR 6179/PET,105CM,15859150,132,134814,15858562NBR3282857,25/06/2026,03/08/2026,6,,03/08/2026,,,,#N/A,1425041,NIKE,
628,OK,DASS SEST,7,140123,1425041,95894,ATAC. MR140014 6MM RECICLADO COR 6179/PET,105CM,15859150,138,134814,15858563NBR3282857,25/06/2026,03/08/2026,6,,03/08/2026,,,,#N/A,1425041,NIKE,
629,OK,DASS SEST,7,140123,1425041,95894,ATAC. MR140014 6MM RECICLADO COR 6179/PET,105CM,15859150,132,134814,15858564NBR3282871,25/06/2026,03/08/2026,6,,03/08/2026,,,,#N/A,1425041,NIKE,
630,OK,DASS SEST,7,140123,1425041,95894,ATAC. MR140014 6MM RECICLADO COR 6179/PET,105CM,15859150,138,134814,15858565NBR3282871,25/06/2026,03/08/2026,6,,03/08/2026,,,,#N/A,1425041,NIKE,
631,OK,DASS SEST,7,140123,1425041,95894,ATAC. MR140014 6MM RECICLADO COR 6179/PET,105CM,15859150,132,134814,15858566NBR3282872,25/06/2026,03/08/2026,6,,03/08/2026,,,,#N/A,1425041,NIKE,
632,OK,DASS SEST,7,140123,1425041,95894,ATAC. MR140014 6MM RECICLADO COR 6179/PET,105CM,15859150,138,134814,15858567NBR3282872,25/06/2026,03/08/2026,6,,03/08/2026,,,,#N/A,1425041,NIKE,
633,OK,DASS SEST,7,140123,1425041,95894,ATAC. MR140014 6MM RECICLADO COR 6179/PET,110CM,15859150,771,134814,15858562NBR3282857,25/06/2026,03/08/2026,6,,03/08/26,,,,#N/A,1425041,NIKE,
634,OK,DASS SEST,7,140123,1425041,95894,ATAC. MR140014 6MM RECICLADO COR 6179/PET,110CM,15859150,792,134814,15858563NBR3282857,25/06/2026,03/08/2026,6,,03/08/26,,,,#N/A,1425041,NIKE,
635,OK,DASS SEST,7,140123,1425041,95894,ATAC. MR140014 6MM RECICLADO COR 6179/PET,110CM,15859150,771,134814,15858564NBR3282871,25/06/2026,03/08/2026,6,,03/08/26,,,,#N/A,1425041,NIKE,
636,OK,DASS SEST,7,140123,1425041,95894,ATAC. MR140014 6MM RECICLADO COR 6179/PET,110CM,15859150,792,134814,15858565NBR3282871,25/06/2026,03/08/2026,6,,03/08/26,,,,#N/A,1425041,NIKE,
637,OK,DASS SEST,7,140123,1425041,95894,ATAC. MR140014 6MM RECICLADO COR 6179/PET,110CM,15859150,771,134814,15858566NBR3282872,25/06/2026,03/08/2026,6,,03/08/2026,,,,#N/A,1425041,NIKE,
638,OK,DASS SEST,7,140123,1425041,95894,ATAC. MR140014 6MM RECICLADO COR 6179/PET,110CM,15859150,792,134814,15858567NBR3282872,25/06/2026,03/08/2026,6,,03/08/2026,,,,#N/A,1425041,NIKE,
639,OK,DASS SEST,7,140123,1425041,95894,ATAC. MR140014 6MM RECICLADO COR 6179/PET,115CM,15859150,228,134814,15858562NBR3282857,25/06/2026,03/08/2026,6,,03/08/2026,,,,#N/A,1425041,NIKE,
640,OK,DASS SEST,7,140123,1425041,95894,ATAC. MR140014 6MM RECICLADO COR 6179/PET,115CM,15859150,234,134814,15858563NBR3282857,25/06/2026,03/08/2026,6,,03/08/2026,,,,#N/A,1425041,NIKE,
641,OK,DASS SEST,7,140123,1425041,95894,ATAC. MR140014 6MM RECICLADO COR 6179/PET,115CM,15859150,228,134814,15858564NBR3282871,25/06/2026,03/08/2026,6,,03/08/2026,,,,#N/A,1425041,NIKE,
642,OK,DASS SEST,7,140123,1425041,95894,ATAC. MR140014 6MM RECICLADO COR 6179/PET,115CM,15859150,234,134814,15858565NBR3282871,25/06/2026,03/08/2026,6,,03/08/2026,,,,#N/A,1425041,NIKE,
643,OK,DASS SEST,7,140123,1425041,95894,ATAC. MR140014 6MM RECICLADO COR 6179/PET,115CM,15859150,228,134814,15858566NBR3282872,25/06/2026,03/08/2026,6,,03/08/2026,,,,#N/A,1425041,NIKE,
644,OK,DASS SEST,7,140123,1425041,95894,ATAC. MR140014 6MM RECICLADO COR 6179/PET,115CM,15859150,234,134814,15858567NBR3282872,25/06/2026,03/08/2026,6,,03/08/2026,,,,#N/A,1425041,NIKE,
645,OK,DASS SEST,7,140123,1299257,86978,ATAC. MR130027 6MM RECICLADO COR 4085/PET,110CM,15859150,23,134814,15856834NBR3282853,25/06/2026,03/08/2026,6,,03/08/2026,,,,#N/A,1299257,NIKE,
646,OK,DASS SEST,7,140123,1299257,86978,ATAC. MR130027 6MM RECICLADO COR 4085/PET,115CM,15859150,72,134814,15856834NBR3282853,25/06/2026,03/08/2026,6,,03/08/2026,,,,#N/A,1299257,NIKE,
647,OK,DASS SEST,7,140123,1299257,86978,ATAC. MR130027 6MM RECICLADO COR 4085/PET,120CM,15859150,21,134814,15856834NBR3282853,25/06/2026,03/08/2026,6,,03/08/2026,,,,#N/A,1299257,NIKE,
648,OK,DASS SEST,7,140123,1424088,95799,ATAC. MR130027 6MM RECICLADO COR 5820/PET,105CM,15859150,396,134814,15856852NBR3282855,25/06/2026,03/08/2026,6,,03/08/2026,,,,#N/A,1424088,NIKE,
649,OK,DASS SEST,7,140123,1424088,95799,ATAC. MR130027 6MM RECICLADO COR 5820/PET,105CM,15859150,414,134814,15856853NBR3282855,25/06/2026,03/08/2026,6,,03/08/2026,,,,#N/A,1424088,NIKE,
650,OK,DASS SEST,7,140123,1424088,95799,ATAC. MR130027 6MM RECICLADO COR 5820/PET,105CM,15859150,396,134814,15856854NBR3282869,25/06/2026,03/08/2026,6,,03/08/2026,,,,#N/A,1424088,NIKE,
651,OK,DASS SEST,7,140123,1424088,95799,ATAC. MR130027 6MM RECICLADO COR 5820/PET,105CM,15859150,414,134814,15856855NBR3282869,25/06/2026,03/08/2026,6,,03/08/2026,,,,#N/A,1424088,NIKE,
652,OK,DASS SEST,7,140123,1424088,95799,ATAC. MR130027 6MM RECICLADO COR 5820/PET,110CM,15859150,470,134814,15856852NBR3282855,25/06/2026,03/08/2026,6,,03/08/2026,,,,#N/A,1424088,NIKE,
653,OK,DASS SEST,7,140123,1424088,95799,ATAC. MR130027 6MM RECICLADO COR 5820/PET,110CM,15859150,498,134814,15856853NBR3282855,25/06/2026,03/08/2026,6,,03/08/2026,,,,#N/A,1424088,NIKE,
654,OK,DASS SEST,7,140123,1424088,95799,ATAC. MR130027 6MM RECICLADO COR 5820/PET,110CM,15859150,470,134814,15856854NBR3282869,25/06/2026,03/08/2026,6,,03/08/2026,,,,#N/A,1424088,NIKE,
655,OK,DASS SEST,7,140123,1424088,95799,ATAC. MR130027 6MM RECICLADO COR 5820/PET,110CM,15859150,504,134814,15856855NBR3282869,25/06/2026,03/08/2026,6,,03/08/2026,,,,#N/A,1424088,NIKE,
656,OK,DASS SEST,7,140123,1424088,95799,ATAC. MR130027 6MM RECICLADO COR 5820/PET,115CM,15859150,78,134814,15856852NBR3282855,25/06/2026,03/08/2026,6,,03/08/2026,,,,#N/A,1424088,NIKE,
657,OK,DASS SEST,7,140123,1424088,95799,ATAC. MR130027 6MM RECICLADO COR 5820/PET,115CM,15859150,60,134814,15856853NBR3282855,25/06/2026,03/08/2026,6,,03/08/2026,,,,#N/A,1424088,NIKE,
658,OK,DASS SEST,7,140123,1424088,95799,ATAC. MR130027 6MM RECICLADO COR 5820/PET,115CM,15859150,78,134814,15856854NBR3282869,25/06/2026,03/08/2026,6,,03/08/2026,,,,#N/A,1424088,NIKE,
659,OK,DASS SEST,7,140123,1424088,95799,ATAC. MR130027 6MM RECICLADO COR 5820/PET,115CM,15859150,60,134814,15856855NBR3282869,25/06/2026,03/08/2026,6,,03/08/2026,,,,#N/A,1424088,NIKE,
1364,OK,DASS SEST,7,140285,1454466,95945,ATAC. MR140014 6MM RECICLADO COR 6248/PET,100CM,15874784,252,135007,15865472NBR3282914,30/06/2026,03/08/2026,6,,03/08/2026,,,,#N/A,1454466,NIKE,
1365,OK,DASS SEST,7,140285,1454466,95945,ATAC. MR140014 6MM RECICLADO COR 6248/PET,100CM,15874784,264,135007,15865473NBR3282914,30/06/2026,03/08/2026,6,,03/08/2026,,,,#N/A,1454466,NIKE,
1366,OK,DASS SEST,7,140285,1454466,95945,ATAC. MR140014 6MM RECICLADO COR 6248/PET,105CM,15874784,819,135007,15865472NBR3282914,30/06/2026,03/08/2026,6,,03/08/26,,,,#N/A,1454466,NIKE,
1367,OK,DASS SEST,7,140285,1454466,95945,ATAC. MR140014 6MM RECICLADO COR 6248/PET,105CM,15874784,846,135007,15865473NBR3282914,30/06/2026,03/08/2026,6,,03/08/26,,,,#N/A,1454466,NIKE,
1368,OK,DASS SEST,7,140285,1454466,95945,ATAC. MR140014 6MM RECICLADO COR 6248/PET,110CM,15874784,18,135007,15865472NBR3282914,30/06/2026,03/08/2026,6,,03/08/26,,,,#N/A,1454466,NIKE,
1369,OK,DASS SEST,7,140285,1454466,95945,ATAC. MR140014 6MM RECICLADO COR 6248/PET,110CM,15874784,12,135007,15865473NBR3282914,30/06/2026,03/08/2026,6,,03/08/26,,,,#N/A,1454466,NIKE,
1663,OK,DASS SEST,7,140852,1268009,86031,FITA MFGP C/ GOMA POLIESTER COR 5512,12MM,15929342,180,135563,0,15/07/2026,03/08/2026,6,,03/08/26,,,,#N/A,1268009,FILA,
1664,OK,DASS SEST,7,140852,1314368,87520,FITA MFGP C/ GOMA POLIESTER COR 324,12MM,15929342,180,135563,0,15/07/2026,03/08/2026,6,,03/08/26,,,,#N/A,1314368,FILA,
1666,OK,DASS SEST,7,140852,1409207,93287,FITA MFGP C/ GOMA POLIESTER COR 5758,12MM,15929342,230,135563,0,15/07/2026,03/08/2026,6,,03/08/26,,,,#N/A,1409207,FILA,
1672,OK,DASS SEST,7,140936,1065276,74236,FITA MR100001 C/ GOMA RECICLADO COR 4662/PET,10MM,15944119,130,135623,0,17/07/2026,03/08/2026,6,,03/08/26,,,,#N/A,1065276,NIKE,
1673,OK,DASS SEST,7,140936,1065278,74237,FITA MR100001 C/ GOMA RECICLADO COR 4085/PET,10MM,15944119,410,135623,0,17/07/2026,03/08/2026,6,,03/08/26,,,,#N/A,1065278,NIKE,
1674,OK,DASS SEST,7,140937,1065276,74236,FITA MR100001 C/ GOMA RECICLADO COR 4662/PET,10MM,15944150,350,135624,0,17/07/2026,03/08/2026,6,,03/08/26,,,,#N/A,1065276,NIKE,
1675,OK,DASS SEST,7,140937,1065278,74237,FITA MR100001 C/ GOMA RECICLADO COR 4085/PET,10MM,15944150,320,135624,0,17/07/2026,03/08/2026,6,,03/08/26,,,,#N/A,1065278,NIKE,
1676,OK,DASS SEST,7,140937,965421,74014,FITA MFGP C/ GOMA POLIESTER COR 4085,10MM,15944150,70,135624,0,17/07/2026,03/08/2026,6,,03/08/26,,,,#N/A,965421,NIKE,
1677,OK,DASS SEST,7,140937,1341133,91535,FITA MFGP C/ GOMA POLIESTER COR 5149,10MM,15944150,70,135624,0,17/07/2026,03/08/2026,6,,03/08/26,,,,#N/A,1341133,NIKE,
1811,OK,DASS SEST,7,140975,1421357,95283,ATAC. MR140014 6MM RECICLADO COR 6180/PET,115CM,15950681,18,135662,8209316,20/07/2026,03/08/2026,6,,03/08/26,,,,#N/A,1421357,NIKE,
1845,OK,DASS SEST,7,141239,1405625,94884,ATAC. MR140014 6MM RECICLADO COR 6149/PET,105CM,15973894,12,135913,823823,27/07/2026,03/08/2026,6,,03/08/26,,,,#N/A,1405625,NIKE,NORMAL
1846,OK,DASS SEST,7,141239,1301800,88695,ATAC. MR130027 6MM RECICLADO COR 4662/PET,100CM,15973894,24,135913,823825,27/07/2026,03/08/2026,6,,03/08/26,,,,#N/A,1301800,NIKE,NORMAL
1849,OK,DASS ITABERABA,70,139560,1051608,73819,ATAC. M21020 8MM POLIESTER COR 114,115CM,15813994,612,134307,15800640SBF806267,11/06/2026,03/08/2026,6,,03/08/26,,,,#N/A,1051608,FILA,
1851,OK,DASS ITABERABA,70,139560,1051608,73819,ATAC. M21020 8MM POLIESTER COR 114,125CM,15813994,612,134307,15800640SBF806267,11/06/2026,03/08/2026,6,,03/08/26,,,,#N/A,1051608,FILA,
1865,OK,DASS ITABERABA,70,139885,898941,70164,FITA MFGP C/ GOMA POLIESTER COR 100,12MM,15844152,1170,134567,0,19/06/2026,03/08/2026,6,,03/08/26,,,,#N/A,898941,FILA,
1867,OK,DASS ITABERABA,70,139886,816378,76524,ATAC. M13725 6MM POLIESTER COR 263,100CM,15844940,360,134568,15840446BRITB00536,19/06/2026,03/08/2026,6,,03/08/26,,,,#N/A,816378,FILA,
1868,OK,DASS ITABERABA,70,139886,816378,76524,ATAC. M13725 6MM POLIESTER COR 263,100CM,15844940,348,134568,15840448BRITB00536,19/06/2026,03/08/2026,6,,03/08/26,,,,#N/A,816378,FILA,
1869,OK,DASS ITABERABA,70,139886,816378,76524,ATAC. M13725 6MM POLIESTER COR 263,100CM,15844940,348,134568,15840449BRITB00536,19/06/2026,03/08/2026,6,,03/08/26,,,,#N/A,816378,FILA,
1870,OK,DASS ITABERABA,70,139886,816378,76524,ATAC. M13725 6MM POLIESTER COR 263,100CM,15844940,336,134568,15840450BRITB00536,19/06/2026,03/08/2026,6,,03/08/26,,,,#N/A,816378,FILA,
1871,OK,DASS ITABERABA,70,139886,816378,76524,ATAC. M13725 6MM POLIESTER COR 263,100CM,15844940,348,134568,15840451BRITB00536,19/06/2026,03/08/2026,6,,03/08/26,,,,#N/A,816378,FILA,
1872,OK,DASS ITABERABA,70,139886,816378,76524,ATAC. M13725 6MM POLIESTER COR 263,110CM,15844940,432,134568,15840444BRITB00536,19/06/2026,03/08/2026,6,,03/08/26,,,,#N/A,816378,FILA,
1873,OK,DASS ITABERABA,70,139886,816378,76524,ATAC. M13725 6MM POLIESTER COR 263,110CM,15844940,444,134568,15840446BRITB00536,19/06/2026,03/08/2026,6,,03/08/26,,,,#N/A,816378,FILA,
1874,OK,DASS ITABERABA,70,139886,816378,76524,ATAC. M13725 6MM POLIESTER COR 263,110CM,15844940,420,134568,15840448BRITB00536,19/06/2026,03/08/2026,6,,03/08/26,,,,#N/A,816378,FILA,
1875,OK,DASS ITABERABA,70,139886,816378,76524,ATAC. M13725 6MM POLIESTER COR 263,110CM,15844940,444,134568,15840449BRITB00536,19/06/2026,03/08/2026,6,,03/08/26,,,,#N/A,816378,FILA,
1876,OK,DASS ITABERABA,70,139886,816378,76524,ATAC. M13725 6MM POLIESTER COR 263,110CM,15844940,408,134568,15840450BRITB00536,19/06/2026,03/08/2026,6,,03/08/26,,,,#N/A,816378,FILA,
1879,OK,DASS ITABERABA,70,139917,1240579,70375,FITA MFGP C/ GOMA POLIESTER COR 678,12MM,15849143,260,134593,0,22/06/2026,03/08/2026,6,,03/08/26,,,,#N/A,1240579,FILA,
1880,OK,DASS ITABERABA,70,139917,1411787,86298,FITA MFGP C/ GOMA POLIESTER COR 486,12MM,15849143,280,134593,0,22/06/2026,03/08/2026,6,,03/08/26,,,,#N/A,1411787,FILA,
1881,OK,DASS ITABERABA,70,139918,1404465,94982,ATAC. M13725 6MM POLIESTER COR 6002,90CM,15849176,324,134594,15840454BRITB00537,22/06/2026,03/08/2026,6,,03/08/26,,,,#N/A,1404465,FILA,
1883,OK,DASS ITABERABA,70,139918,1404465,94982,ATAC. M13725 6MM POLIESTER COR 6002,100CM,15849176,492,134594,15840454BRITB00537,22/06/2026,03/08/2026,6,,03/08/26,,,,#N/A,1404465,FILA,
2082,OK,DASS ITABERABA,70,140520,1285852,87505,ELAST. M21180 2.5MM POLIESTER COR 100 / COR 263,80CM,15891672,564,135195,15888356FIL001514,06/07/2026,03/08/2026,6,,03/08/26,,,,#N/A,1285852,FILA,
2083,OK,DASS ITABERABA,70,140520,1285852,87505,ELAST. M21180 2.5MM POLIESTER COR 100 / COR 263,80CM,15891672,516,135195,15888359FIL001515,06/07/2026,03/08/2026,6,,03/08/26,,,,#N/A,1285852,FILA,
2084,OK,DASS ITABERABA,70,140520,1285852,87505,ELAST. M21180 2.5MM POLIESTER COR 100 / COR 263,85CM,15891672,300,135195,15888356FIL001514,06/07/2026,03/08/2026,6,,03/08/26,,,,#N/A,1285852,FILA,
2085,OK,DASS ITABERABA,70,140520,1285852,87505,ELAST. M21180 2.5MM POLIESTER COR 100 / COR 263,85CM,15891672,336,135195,15888359FIL001515,06/07/2026,03/08/2026,6,,03/08/26,,,,#N/A,1285852,FILA,
2086,OK,DASS ITABERABA,70,140520,1410950,93531,ELAST. M21180 POLIESTER COR 5508 / COR 100,75CM,15891672,300,135195,15888357FIL001516,06/07/2026,03/08/2026,6,,03/08/26,,,,#N/A,1410950,FILA,
2087,OK,DASS ITABERABA,70,140520,1410950,93531,ELAST. M21180 POLIESTER COR 5508 / COR 100,80CM,15891672,588,135195,15888354FIL001512,06/07/2026,03/08/2026,6,,03/08/26,,,,#N/A,1410950,FILA,
2088,OK,DASS ITABERABA,70,140520,1410950,93531,ELAST. M21180 POLIESTER COR 5508 / COR 100,80CM,15891672,348,135195,15888357FIL001516,06/07/2026,03/08/2026,6,,03/08/26,,,,#N/A,1410950,FILA,
2089,OK,DASS ITABERABA,70,140520,1410950,93531,ELAST. M21180 POLIESTER COR 5508 / COR 100,85CM,15891672,276,135195,15888354FIL001512,06/07/2026,03/08/2026,6,,03/08/26,,,,#N/A,1410950,FILA,
2090,OK,DASS ITABERABA,70,140520,1410962,93533,ELAST. M21180 POLIESTER COR 599 / COR 100,75CM,15891672,384,135195,15888358FIL001517,06/07/2026,03/08/2026,6,,03/08/26,,,,#N/A,1410962,FILA,
2091,OK,DASS ITABERABA,70,140520,1410962,93533,ELAST. M21180 POLIESTER COR 599 / COR 100,80CM,15891672,468,135195,15888358FIL001517,06/07/2026,03/08/2026,6,,03/08/26,,,,#N/A,1410962,FILA,
2116,OK,DASS ITABERABA,70,140973,1355763,90466,FITA MFGP C/ GOMA POLIESTER COR 931,6MM,15935264,60,135660,0,20/07/2026,03/08/2026,6,,03/08/26,,,,#N/A,1355763,FILA,
2118,OK,DASS ITABERABA,70,140973,1401459,95095,FITA MFGP C/ GOMA POLIESTER COR 100 / COR 5982 / COR 100,15MM,15935264,10,135660,0,20/07/2026,03/08/2026,6,,03/08/26,,,,#N/A,1401459,FILA,
2119,OK,DASS ITABERABA,70,140974,1285852,87505,ELAST. M21180 2.5MM POLIESTER COR 100 / COR 263,30CM,15935274,24,135661,15922869REPBRITB00,20/07/2026,03/08/2026,6,,03/08/26,,,,#N/A,1285852,FILA,
2252,OK,DASS ITABERABA,70,141240,1386952,92300,FITA MFGP C/ GOMA POLIESTER COR 788,15MM,15975296,70,135914,823951,27/07/2026,03/08/2026,6,,03/08/26,,,,#N/A,1386952,FILA,NORMAL
2414,OK,DASS SANTO ANTONIO,1526,140090,783896,70164,FITA MFGP C/ GOMA POLIESTER COR 100,15MM,15856701,510,134806,0,25/06/2026,03/08/2026,6,,03/08/26,,,,#N/A,783896,FILA,
2415,OK,DASS SANTO ANTONIO,1526,140091,1260166,73756,ATAC. M10110 5MM POLIESTER COR 100 / COR 263,115CM,15856710,612,134780,15842133BRSA001825,25/06/2026,03/08/2026,6,,03/08/26,,,,#N/A,1260166,FILA,
2416,OK,DASS SANTO ANTONIO,1526,140091,1260166,73756,ATAC. M10110 5MM POLIESTER COR 100 / COR 263,115CM,15856710,648,134780,15842134BRSA001825,25/06/2026,03/08/2026,6,,03/08/26,,,,#N/A,1260166,FILA,
2417,OK,DASS SANTO ANTONIO,1526,140091,1260166,73756,ATAC. M10110 5MM POLIESTER COR 100 / COR 263,115CM,15856710,576,134780,15842135BRSA001826,25/06/2026,03/08/2026,6,,03/08/26,,,,#N/A,1260166,FILA,
2418,OK,DASS SANTO ANTONIO,1526,140091,1260166,73756,ATAC. M10110 5MM POLIESTER COR 100 / COR 263,115CM,15856710,588,134780,15842136BRSA001826,25/06/2026,03/08/2026,6,,03/08/26,,,,#N/A,1260166,FILA,
2419,OK,DASS SANTO ANTONIO,1526,140091,1260166,73756,ATAC. M10110 5MM POLIESTER COR 100 / COR 263,125CM,15856710,288,134780,15842133BRSA001825,25/06/2026,03/08/2026,6,,03/08/26,,,,#N/A,1260166,FILA,
2420,OK,DASS SANTO ANTONIO,1526,140091,1260166,73756,ATAC. M10110 5MM POLIESTER COR 100 / COR 263,125CM,15856710,300,134780,15842134BRSA001825,25/06/2026,03/08/2026,6,,03/08/26,,,,#N/A,1260166,FILA,
2421,OK,DASS SANTO ANTONIO,1526,140091,1260166,73756,ATAC. M10110 5MM POLIESTER COR 100 / COR 263,125CM,15856710,228,134780,15842135BRSA001826,25/06/2026,03/08/2026,6,,03/08/26,,,,#N/A,1260166,FILA,
2422,OK,DASS SANTO ANTONIO,1526,140091,1260166,73756,ATAC. M10110 5MM POLIESTER COR 100 / COR 263,125CM,15856710,240,134780,15842136BRSA001826,25/06/2026,03/08/2026,6,,03/08/26,,,,#N/A,1260166,FILA,
2423,OK,DASS SANTO ANTONIO,1526,140091,1294817,87843,ATAC. M10110 5MM POLIESTER COR 599 / COR 114,105CM,15856710,336,134780,15842144BRSA001837,25/06/2026,03/08/2026,6,,03/08/26,,,,#N/A,1294817,FILA,
2424,OK,DASS SANTO ANTONIO,1526,140091,1294817,87843,ATAC. M10110 5MM POLIESTER COR 599 / COR 114,105CM,15856710,336,134780,15842145BRSA001837,25/06/2026,03/08/2026,6,,03/08/26,,,,#N/A,1294817,FILA,
2425,OK,DASS SANTO ANTONIO,1526,140091,1294817,87843,ATAC. M10110 5MM POLIESTER COR 599 / COR 114,115CM,15856710,528,134780,15842144BRSA001837,25/06/2026,03/08/2026,6,,03/08/26,,,,#N/A,1294817,FILA,
2426,OK,DASS SANTO ANTONIO,1526,140091,1294817,87843,ATAC. M10110 5MM POLIESTER COR 599 / COR 114,115CM,15856710,552,134780,15842145BRSA001837,25/06/2026,03/08/2026,6,,03/08/26,,,,#N/A,1294817,FILA,
2427,OK,DASS SANTO ANTONIO,1526,140091,1404592,95032,ATAC. M10110 5MM POLIESTER COR 5094 / COR 102,115CM,15856710,900,134780,15842138BRSA001828,25/06/2026,03/08/2026,6,,03/08/26,,,,#N/A,1404592,FILA,
2428,OK,DASS SANTO ANTONIO,1526,140091,1404592,95032,ATAC. M10110 5MM POLIESTER COR 5094 / COR 102,125CM,15856710,348,134780,15842138BRSA001828,25/06/2026,03/08/2026,6,,03/08/26,,,,#N/A,1404592,FILA,
2429,OK,DASS SANTO ANTONIO,1526,140091,1404591,95039,ATAC. M10110 5MM POLIESTER COR 102 / COR 6038,105CM,15856710,540,134780,15842146BRSA001838,25/06/2026,03/08/2026,6,,03/08/26,,,,#N/A,1404591,FILA,
2430,OK,DASS SANTO ANTONIO,1526,140091,1404591,95039,ATAC. M10110 5MM POLIESTER COR 102 / COR 6038,105CM,15856710,408,134780,15842147BRSA001839,25/06/2026,03/08/2026,6,,03/08/26,,,,#N/A,1404591,FILA,
2431,OK,DASS SANTO ANTONIO,1526,140091,1404591,95039,ATAC. M10110 5MM POLIESTER COR 102 / COR 6038,115CM,15856710,636,134780,15842146BRSA001838,25/06/2026,03/08/2026,6,,03/08/26,,,,#N/A,1404591,FILA,
2432,OK,DASS SANTO ANTONIO,1526,140091,1404591,95039,ATAC. M10110 5MM POLIESTER COR 102 / COR 6038,115CM,15856710,456,134780,15842147BRSA001839,25/06/2026,03/08/2026,6,,03/08/26,,,,#N/A,1404591,FILA,
2485,NÃO,MARFIM PERDIGÃO,2251,134442,,83038,ATAC. 4000MG PARES POLIESTER COR 100,100CM,I/2026,20000,129454,,27/01/2026,03/08/2026,6,,27/02/26,,03/08/2026,,#N/A,,,
2486,NÃO,MARFIM PERDIGÃO,2251,134442,,83038,ATAC. 4000MG PARES POLIESTER COR 100,140CM,I/2026,15368,129454,,27/01/2026,03/08/2026,6,,27/02/26,,03/08/2026,,#N/A,,,
2487,NÃO,MARFIM PERDIGÃO,2251,134442,,83047,ATAC. 4000MG PARES POLIESTER COR 101,140CM,I/2026,6132,129454,,27/01/2026,03/08/2026,6,,27/02/26,,03/08/2026,,#N/A,,,
2488,NÃO,MARFIM PERDIGÃO,2251,135163,,1808,ATAC. 8DL POLIESTER COR 100,110CM,III/2026,385662,130088,,13/02/2026,03/08/2026,6,,10/04/26,,03/08/2026,,#N/A,,,
2489,NÃO,MARFIM PERDIGÃO,2251,135163,,1808,ATAC. 8DL POLIESTER COR 100,120CM,III/2026,241320,130088,,13/02/2026,03/08/2026,6,,10/04/26,,03/08/2026,,#N/A,,,
2490,NÃO,MARFIM PERDIGÃO,2251,135283,,83038,ATAC. 4000MG PARES POLIESTER COR 100,120CM,IV/2026,90206,130239,,18/02/2026,03/08/2026,6,,27/02/26,,03/08/2026,,#N/A,,,
2491,NÃO,MARFIM PERDIGÃO,2251,135283,,83047,ATAC. 4000MG PARES POLIESTER COR 101,120CM,IV/2026,93452,130239,,18/02/2026,03/08/2026,6,,27/02/26,,03/08/2026,,#N/A,,,
2253,NÃO,MARFIM CEARA,105,140639,,89560,ATAC. MR140019 6MM RECICLADO COR 5709,6MM,1,49786,135415,,08/07/2026,04/08/2026,7,,04/08/26,,,,#N/A,,,
2254,NÃO,MARFIM CEARA,105,140639,,96045,ATAC. MR140019 6MM RECICLADO COR 6052/PET,6MM,1,7928,135415,,08/07/2026,04/08/2026,7,,04/08/26,,,,#N/A,,,
2255,NÃO,MARFIM CEARA,105,140639,,96046,ATAC. MR140019 6MM RECICLADO COR 6253/PET,6MM,1,21239,135415,,08/07/2026,04/08/2026,7,,04/08/26,,,,#N/A,,,
1861,OK,DASS ITABERABA,70,139713,1328498,95645,ATAC. M13801 POLIESTER COR 058,120CM,15816746,270,134420,15816094UARG000146,15/06/2026,05/08/2026,8,,05/08/26,,,,#N/A,1328498,UMBRO,
1862,OK,DASS ITABERABA,70,139713,1328498,95645,ATAC. M13801 POLIESTER COR 058,120CM,15816746,270,134420,15816095UARG000148,15/06/2026,05/08/2026,8,,05/08/26,,,,#N/A,1328498,UMBRO,
1863,OK,DASS ITABERABA,70,139713,1328498,95645,ATAC. M13801 POLIESTER COR 058,130CM,15816746,810,134420,15816094UARG000146,15/06/2026,05/08/2026,8,,05/08/26,,,,#N/A,1328498,UMBRO,
1864,OK,DASS ITABERABA,70,139713,1328498,95645,ATAC. M13801 POLIESTER COR 058,130CM,15816746,810,134420,15816095UARG000148,15/06/2026,05/08/2026,8,,05/08/26,,,,#N/A,1328498,UMBRO,
1891,OK,DASS ITABERABA,70,140209,1425016,94160,FITA MFGP C/ GOMA POLIESTER COR 5451,15MM,15865431,420,134959,0,26/06/2026,05/08/2026,8,,05/08/26,,,,#N/A,1425016,ASICS,
1922,OK,DASS ITABERABA,70,140211,1310003,87888,ATAC. M18006 POLIESTER COR 5451,120CM,15865436,878,134961,15863743ASB0052859,26/06/2026,05/08/2026,8,,05/08/26,,,,#N/A,1310003,ASICS,
1923,OK,DASS ITABERABA,70,140211,1310003,87888,ATAC. M18006 POLIESTER COR 5451,120CM,15865436,347,134961,15863745ASB0052862,26/06/2026,05/08/2026,8,,05/08/26,,,,#N/A,1310003,ASICS,
1924,OK,DASS ITABERABA,70,140211,1310003,87888,ATAC. M18006 POLIESTER COR 5451,130CM,15865436,333,134961,15863743ASB0052859,26/06/2026,05/08/2026,8,,05/08/26,,,,#N/A,1310003,ASICS,
1925,OK,DASS ITABERABA,70,140211,1310003,87888,ATAC. M18006 POLIESTER COR 5451,130CM,15865436,346,134961,15863745ASB0052862,26/06/2026,05/08/2026,8,,05/08/26,,,,#N/A,1310003,ASICS,
1926,OK,DASS ITABERABA,70,140211,1245215,76319,ATAC. 6AL 6MM POLIESTER COR 4085,120CM,15865436,591,134961,15863698ASB0052832,26/06/2026,05/08/2026,8,,05/08/26,,,,#N/A,1245215,ASICS,
1927,OK,DASS ITABERABA,70,140211,1245215,76319,ATAC. 6AL 6MM POLIESTER COR 4085,120CM,15865436,678,134961,15863699ASB0052953,26/06/2026,05/08/2026,8,,05/08/26,,,,#N/A,1245215,ASICS,
1928,OK,DASS ITABERABA,70,140211,1245215,76319,ATAC. 6AL 6MM POLIESTER COR 4085,130CM,15865436,635,134961,15863690ASB0052829,26/06/2026,05/08/2026,8,,05/08/26,,,,#N/A,1245215,ASICS,
1929,OK,DASS ITABERABA,70,140211,1245215,76319,ATAC. 6AL 6MM POLIESTER COR 4085,130CM,15865436,410,134961,15863698ASB0052832,26/06/2026,05/08/2026,8,,05/08/26,,,,#N/A,1245215,ASICS,
1930,OK,DASS ITABERABA,70,140211,1245215,76319,ATAC. 6AL 6MM POLIESTER COR 4085,130CM,15865436,760,134961,15863692ASB0052925,26/06/2026,05/08/2026,8,,05/08/26,,,,#N/A,1245215,ASICS,
1931,OK,DASS ITABERABA,70,140211,1245215,76319,ATAC. 6AL 6MM POLIESTER COR 4085,130CM,15865436,774,134961,15863693ASB0052925,26/06/2026,05/08/2026,8,,05/08/26,,,,#N/A,1245215,ASICS,
1932,OK,DASS ITABERABA,70,140211,1245215,76319,ATAC. 6AL 6MM POLIESTER COR 4085,130CM,15865436,225,134961,15863699ASB0052953,26/06/2026,05/08/2026,8,,05/08/26,,,,#N/A,1245215,ASICS,
1933,OK,DASS ITABERABA,70,140211,1245215,76319,ATAC. 6AL 6MM POLIESTER COR 4085,140CM,15865436,196,134961,15863690ASB0052829,26/06/2026,05/08/2026,8,,05/08/26,,,,#N/A,1245215,ASICS,
1934,OK,DASS ITABERABA,70,140211,1245215,76319,ATAC. 6AL 6MM POLIESTER COR 4085,140CM,15865436,744,134961,15863692ASB0052925,26/06/2026,05/08/2026,8,,05/08/26,,,,#N/A,1245215,ASICS,
1935,OK,DASS ITABERABA,70,140211,1245215,76319,ATAC. 6AL 6MM POLIESTER COR 4085,140CM,15865436,788,134961,15863693ASB0052925,26/06/2026,05/08/2026,8,,05/08/26,,,,#N/A,1245215,ASICS,
1936,OK,DASS ITABERABA,70,140211,1274143,87203,ATAC. 6AL 6MM POLIESTER COR 5604,120CM,15865436,216,134961,15863700ASB0052956,26/06/2026,05/08/2026,8,,05/08/26,,,,#N/A,1274143,ASICS,
1937,OK,DASS ITABERABA,70,140211,1274143,87203,ATAC. 6AL 6MM POLIESTER COR 5604,130CM,15865436,117,134961,15863700ASB0052956,26/06/2026,05/08/2026,8,,05/08/26,,,,#N/A,1274143,ASICS,
1938,OK,DASS ITABERABA,70,140211,1313035,87706,ATAC. 6AL 6MM POLIESTER COR 987,120CM,15865436,877,134961,15863702ASB0052833,26/06/2026,05/08/2026,8,,05/08/26,,,,#N/A,1313035,ASICS,
1939,OK,DASS ITABERABA,70,140211,1313035,87706,ATAC. 6AL 6MM POLIESTER COR 987,120CM,15865436,332,134961,15863701ASB0052958,26/06/2026,05/08/2026,8,,05/08/26,,,,#N/A,1313035,ASICS,
1940,OK,DASS ITABERABA,70,140211,1313035,87706,ATAC. 6AL 6MM POLIESTER COR 987,130CM,15865436,218,134961,15863696ASB0052831,26/06/2026,05/08/2026,8,,05/08/26,,,,#N/A,1313035,ASICS,
1941,OK,DASS ITABERABA,70,140211,1313035,87706,ATAC. 6AL 6MM POLIESTER COR 987,130CM,15865436,436,134961,15863702ASB0052833,26/06/2026,05/08/2026,8,,05/08/26,,,,#N/A,1313035,ASICS,
1942,OK,DASS ITABERABA,70,140211,1313035,87706,ATAC. 6AL 6MM POLIESTER COR 987,130CM,15865436,251,134961,15863701ASB0052958,26/06/2026,05/08/2026,8,,05/08/26,,,,#N/A,1313035,ASICS,
1943,OK,DASS ITABERABA,70,140211,1313035,87706,ATAC. 6AL 6MM POLIESTER COR 987,140CM,15865436,217,134961,15863696ASB0052831,26/06/2026,05/08/2026,8,,05/08/26,,,,#N/A,1313035,ASICS,
1944,OK,DASS ITABERABA,70,140211,1313036,89518,ATAC. 6AL 6MM POLIESTER COR 5217,130CM,15865436,833,134961,15863694ASB0052830,26/06/2026,05/08/2026,8,,05/08/26,,,,#N/A,1313036,ASICS,
1945,OK,DASS ITABERABA,70,140211,1313036,89518,ATAC. 6AL 6MM POLIESTER COR 5217,140CM,15865436,504,134961,15863694ASB0052830,26/06/2026,05/08/2026,8,,05/08/26,,,,#N/A,1313036,ASICS,
1946,OK,DASS ITABERABA,70,140211,1392983,92836,ATAC. 6AL 6MM POLIESTER COR 5936,130CM,15865436,418,134961,15863695ASB0052929,26/06/2026,05/08/2026,8,,05/08/26,,,,#N/A,1392983,ASICS,
1947,OK,DASS ITABERABA,70,140211,1392983,92836,ATAC. 6AL 6MM POLIESTER COR 5936,130CM,15865436,234,134961,15863697ASB0052933,26/06/2026,05/08/2026,8,,05/08/26,,,,#N/A,1392983,ASICS,
1948,OK,DASS ITABERABA,70,140211,1392983,92836,ATAC. 6AL 6MM POLIESTER COR 5936,140CM,15865436,179,134961,15863695ASB0052929,26/06/2026,05/08/2026,8,,05/08/26,,,,#N/A,1392983,ASICS,
1949,OK,DASS ITABERABA,70,140211,1392983,92836,ATAC. 6AL 6MM POLIESTER COR 5936,140CM,15865436,103,134961,15863697ASB0052933,26/06/2026,05/08/2026,8,,05/08/26,,,,#N/A,1392983,ASICS,
1950,OK,DASS ITABERABA,70,140211,1392984,94364,ATAC. 6AL 6MM POLIESTER COR 6105,120CM,15865436,603,134961,15863703ASB0052964,26/06/2026,05/08/2026,8,,05/08/26,,,,#N/A,1392984,ASICS,
1951,OK,DASS ITABERABA,70,140211,1392984,94364,ATAC. 6AL 6MM POLIESTER COR 6105,130CM,15865436,214,134961,15863703ASB0052964,26/06/2026,05/08/2026,8,,05/08/26,,,,#N/A,1392984,ASICS,
1952,OK,DASS ITABERABA,70,140212,1400178,93698,CORDAO M9099 POLIESTER COR 5451,1.8MM,15865439,990,134962,0,26/06/2026,05/08/2026,8,,05/08/26,,,,#N/A,1400178,ASICS,
2260,OK,DASS VITORIA,391,139904,827533,95643,ATAC. M13801 POLIESTER COR 100,120CM,15848197,468,134579,15838871BRI010317,20/06/2026,05/08/2026,8,,05/08/26,,,,#N/A,827533,UMBRO,CONTA E ORDEM VITÓRIA X ITABERABA
2261,OK,DASS VITORIA,391,139904,827533,95643,ATAC. M13801 POLIESTER COR 100,120CM,15848197,312,134579,15838900BRI010318,20/06/2026,05/08/2026,8,,05/08/26,,,,#N/A,827533,UMBRO,CONTA E ORDEM VITÓRIA X ITABERABA
2262,OK,DASS VITORIA,391,139904,827533,95643,ATAC. M13801 POLIESTER COR 100,120CM,15848197,360,134579,15838872BRI010321,20/06/2026,05/08/2026,8,,05/08/2026,,,,#N/A,827533,UMBRO,CONTA E ORDEM VITÓRIA X ITABERABA
2263,OK,DASS VITORIA,391,139904,827533,95643,ATAC. M13801 POLIESTER COR 100,130CM,15848197,564,134579,15838871BRI010317,20/06/2026,05/08/2026,8,,05/08/2026,,,,#N/A,827533,UMBRO,CONTA E ORDEM VITÓRIA X ITABERABA
2264,OK,DASS VITORIA,391,139904,827533,95643,ATAC. M13801 POLIESTER COR 100,130CM,15848197,72,134579,15838900BRI010318,20/06/2026,05/08/2026,8,,05/08/2026,,,,#N/A,827533,UMBRO,CONTA E ORDEM VITÓRIA X ITABERABA
2265,OK,DASS VITORIA,391,139904,827533,95643,ATAC. M13801 POLIESTER COR 100,130CM,15848197,624,134579,15838872BRI010321,20/06/2026,05/08/2026,8,,05/08/2026,,,,#N/A,827533,UMBRO,CONTA E ORDEM VITÓRIA X ITABERABA
2266,OK,DASS VITORIA,391,139904,827530,95644,ATAC. M13801 POLIESTER COR 102,120CM,15848197,420,134579,15838870BRI010316,20/06/2026,05/08/2026,8,,05/08/2026,,,,#N/A,827530,UMBRO,CONTA E ORDEM VITÓRIA X ITABERABA
2267,OK,DASS VITORIA,391,139904,827530,95644,ATAC. M13801 POLIESTER COR 102,130CM,15848197,492,134579,15838870BRI010316,20/06/2026,05/08/2026,8,,05/08/2026,,,,#N/A,827530,UMBRO,CONTA E ORDEM VITÓRIA X ITABERABA
2279,OK,DASS VITORIA,391,140711,827530,95644,ATAC. M13801 POLIESTER COR 102,110CM,15911480,300,135434,15909879BRI010362-,09/07/2026,05/08/2026,8,,05/08/2026,,,,#N/A,827530,UMBRO,CONTA E ORDEM VITÓRIA X ITABERABA
2280,OK,DASS VITORIA,391,140711,827530,95644,ATAC. M13801 POLIESTER COR 102,110CM,15911480,300,135434,15909880BRI010362-,09/07/2026,05/08/2026,8,,05/08/2026,,,,#N/A,827530,UMBRO,CONTA E ORDEM VITÓRIA X ITABERABA
2281,OK,DASS VITORIA,391,140711,827530,95644,ATAC. M13801 POLIESTER COR 102,120CM,15911480,468,135434,15909879BRI010362-,09/07/2026,05/08/2026,8,,05/08/2026,,,,#N/A,827530,UMBRO,CONTA E ORDEM VITÓRIA X ITABERABA
2282,OK,DASS VITORIA,391,140711,827530,95644,ATAC. M13801 POLIESTER COR 102,120CM,15911480,480,135434,15909880BRI010362-,09/07/2026,05/08/2026,8,,05/08/2026,,,,#N/A,827530,UMBRO,CONTA E ORDEM VITÓRIA X ITABERABA
2298,OK,DASS VITORIA,391,140938,827533,95643,ATAC. M13801 POLIESTER COR 100,110CM,15939210,216,135625,15936881BRI010416-,17/07/2026,05/08/2026,8,,05/08/2026,,,,#N/A,827533,UMBRO,CONTA E ORDEM VITÓRIA X ITABERABA
2299,OK,DASS VITORIA,391,140938,827533,95643,ATAC. M13801 POLIESTER COR 100,110CM,15939210,216,135625,15936882BRI010416-,17/07/2026,05/08/2026,8,,05/08/2026,,,,#N/A,827533,UMBRO,CONTA E ORDEM VITÓRIA X ITABERABA
2300,OK,DASS VITORIA,391,140938,827533,95643,ATAC. M13801 POLIESTER COR 100,110CM,15939210,504,135625,15936826BRI010418,17/07/2026,05/08/2026,8,,05/08/2026,,,,#N/A,827533,UMBRO,CONTA E ORDEM VITÓRIA X ITABERABA
2301,OK,DASS VITORIA,391,140938,827533,95643,ATAC. M13801 POLIESTER COR 100,110CM,15939210,240,135625,15936828BRI010419,17/07/2026,05/08/2026,8,,05/08/2026,,,,#N/A,827533,UMBRO,CONTA E ORDEM VITÓRIA X ITABERABA
2302,OK,DASS VITORIA,391,140938,827533,95643,ATAC. M13801 POLIESTER COR 100,110CM,15939210,384,135625,15936829BRI010420,17/07/2026,05/08/2026,8,,05/08/2026,,,,#N/A,827533,UMBRO,CONTA E ORDEM VITÓRIA X ITABERABA
2303,OK,DASS VITORIA,391,140938,827533,95643,ATAC. M13801 POLIESTER COR 100,120CM,15939210,348,135625,15936824BRI010382-,17/07/2026,05/08/2026,8,,05/08/2026,,,,#N/A,827533,UMBRO,CONTA E ORDEM VITÓRIA X ITABERABA
2304,OK,DASS VITORIA,391,140938,827533,95643,ATAC. M13801 POLIESTER COR 100,120CM,15939210,324,135625,15936825BRI010382-,17/07/2026,05/08/2026,8,,05/08/2026,,,,#N/A,827533,UMBRO,CONTA E ORDEM VITÓRIA X ITABERABA
2305,OK,DASS VITORIA,391,140938,827533,95643,ATAC. M13801 POLIESTER COR 100,120CM,15939210,552,135625,15936881BRI010416-,17/07/2026,05/08/2026,8,,05/08/2026,,,,#N/A,827533,UMBRO,CONTA E ORDEM VITÓRIA X ITABERABA
2306,OK,DASS VITORIA,391,140938,827533,95643,ATAC. M13801 POLIESTER COR 100,120CM,15939210,588,135625,15936882BRI010416-,17/07/2026,05/08/2026,8,,05/08/2026,,,,#N/A,827533,UMBRO,CONTA E ORDEM VITÓRIA X ITABERABA
2307,OK,DASS VITORIA,391,140938,827533,95643,ATAC. M13801 POLIESTER COR 100,120CM,15939210,972,135625,15936826BRI010418,17/07/2026,05/08/2026,8,,05/08/2026,,,,#N/A,827533,UMBRO,CONTA E ORDEM VITÓRIA X ITABERABA
2308,OK,DASS VITORIA,391,140938,827533,95643,ATAC. M13801 POLIESTER COR 100,120CM,15939210,264,135625,15936828BRI010419,17/07/2026,05/08/2026,8,,05/08/2026,,,,#N/A,827533,UMBRO,CONTA E ORDEM VITÓRIA X ITABERABA
2309,OK,DASS VITORIA,391,140938,827533,95643,ATAC. M13801 POLIESTER COR 100,120CM,15939210,60,135625,15936829BRI010420,17/07/2026,05/08/2026,8,,05/08/2026,,,,#N/A,827533,UMBRO,CONTA E ORDEM VITÓRIA X ITABERABA
2310,OK,DASS VITORIA,391,140938,827533,95643,ATAC. M13801 POLIESTER COR 100,130CM,15939210,600,135625,15936824BRI010382-,17/07/2026,05/08/2026,8,,05/08/2026,,,,#N/A,827533,UMBRO,CONTA E ORDEM VITÓRIA X ITABERABA
2311,OK,DASS VITORIA,391,140938,827533,95643,ATAC. M13801 POLIESTER COR 100,130CM,15939210,624,135625,15936825BRI010382-,17/07/2026,05/08/2026,8,,05/08/2026,,,,#N/A,827533,UMBRO,CONTA E ORDEM VITÓRIA X ITABERABA
2312,OK,DASS VITORIA,391,140939,715810,70162,FITA MFGP POLIESTER COR 100,15MM,15939211,780,135626,0,17/07/2026,05/08/2026,8,,05/08/2026,,,,#N/A,715810,UMBRO,CONTA E ORDEM VITÓRIA X ITABERABA
2313,OK,DASS VITORIA,391,140939,818744,74846,FITA MFGP POLIESTER COR 218,15MM,15939211,530,135626,0,17/07/2026,05/08/2026,8,,05/08/2026,,,,#N/A,818744,UMBRO,CONTA E ORDEM VITÓRIA X ITABERABA
2314,OK,DASS VITORIA,391,140939,1304586,77167,FITA MFGP POLIESTER COR 206,15MM,15939211,720,135626,0,17/07/2026,05/08/2026,8,,05/08/2026,,,,#N/A,1304586,UMBRO,CONTA E ORDEM VITÓRIA X ITABERABA
1844,OK,DASS SEST,7,141122,838994,70375,FITA MFGP C/ GOMA POLIESTER COR 678,15MM,15965624,10,135810,0,23/07/2026,06/08/2026,9,,06/08/26,,,,#N/A,838994,OSKLEN,NORMAL
88,OK,DASS SEST,7,137936,1027849,92568,ATAC. MR110012 8MM RECICLADO COR 4085/PET,115CM,15632090,318,132713,15625146NBR3282768,28/04/2026,10/08/2026,13,,10/08/26,,,,#N/A,1027849,NIKE,
89,OK,DASS SEST,7,137936,1027849,92568,ATAC. MR110012 8MM RECICLADO COR 4085/PET,115CM,15632090,312,132713,15625147NBR3282768,28/04/2026,10/08/2026,13,,10/08/26,,,,#N/A,1027849,NIKE,
90,OK,DASS SEST,7,137936,1027849,92568,ATAC. MR110012 8MM RECICLADO COR 4085/PET,115CM,15632090,198,132713,15625148NBR3282769,28/04/2026,10/08/2026,13,,10/08/2026,,,,#N/A,1027849,NIKE,
91,OK,DASS SEST,7,137936,1027849,92568,ATAC. MR110012 8MM RECICLADO COR 4085/PET,115CM,15632090,180,132713,15625149NBR3282769,28/04/2026,10/08/2026,13,,10/08/2026,,,,#N/A,1027849,NIKE,
92,OK,DASS SEST,7,137936,1027849,92568,ATAC. MR110012 8MM RECICLADO COR 4085/PET,115CM,15632090,198,132713,15625150NBR3282769,28/04/2026,10/08/2026,13,,10/08/2026,,,,#N/A,1027849,NIKE,
93,OK,DASS SEST,7,137936,1027849,92568,ATAC. MR110012 8MM RECICLADO COR 4085/PET,120CM,15632090,759,132713,15625146NBR3282768,28/04/2026,10/08/2026,13,,10/08/2026,,,,#N/A,1027849,NIKE,
94,OK,DASS SEST,7,137936,1027849,92568,ATAC. MR110012 8MM RECICLADO COR 4085/PET,120CM,15632090,786,132713,15625147NBR3282768,28/04/2026,10/08/2026,13,,10/08/2026,,,,#N/A,1027849,NIKE,
95,OK,DASS SEST,7,137936,1027849,92568,ATAC. MR110012 8MM RECICLADO COR 4085/PET,120CM,15632090,705,132713,15625148NBR3282769,28/04/2026,10/08/2026,13,,10/08/2026,,,,#N/A,1027849,NIKE,
96,OK,DASS SEST,7,137936,1027849,92568,ATAC. MR110012 8MM RECICLADO COR 4085/PET,120CM,15632090,672,132713,15625149NBR3282769,28/04/2026,10/08/2026,13,,10/08/2026,,,,#N/A,1027849,NIKE,
97,OK,DASS SEST,7,137936,1027849,92568,ATAC. MR110012 8MM RECICLADO COR 4085/PET,120CM,15632090,732,132713,15625150NBR3282769,28/04/2026,10/08/2026,13,,10/08/2026,,,,#N/A,1027849,NIKE,
98,OK,DASS SEST,7,137936,1304277,88668,ATAC. MR110022 7MM RECICLADO COR 4085/PET / COR 496/PET,110CM,15632090,1203,132713,15625169NBR3282810,28/04/2026,10/08/2026,13,,10/08/2026,,,,#N/A,1304277,NIKE,
99,OK,DASS SEST,7,137936,1304277,88668,ATAC. MR110022 7MM RECICLADO COR 4085/PET / COR 496/PET,110CM,15632090,1236,132713,15625170NBR3282810,28/04/2026,10/08/2026,13,,10/08/26,,,,#N/A,1304277,NIKE,
100,OK,DASS SEST,7,137936,1304277,88668,ATAC. MR110022 7MM RECICLADO COR 4085/PET / COR 496/PET,115CM,15632090,18,132713,15625169NBR3282810,28/04/2026,10/08/2026,13,,10/08/26,,,,#N/A,1304277,NIKE,
101,OK,DASS SEST,7,137936,1304277,88668,ATAC. MR110022 7MM RECICLADO COR 4085/PET / COR 496/PET,115CM,15632090,24,132713,15625170NBR3282810,28/04/2026,10/08/2026,13,,10/08/26,,,,#N/A,1304277,NIKE,
102,OK,DASS SEST,7,137936,1408855,95027,ATAC. MR110022 7MM RECICLADO COR 4085/PET / COR 596/PET,110CM,15632090,186,132713,15625177NBR3282815,28/04/2026,10/08/2026,13,,10/08/26,,,,#N/A,1408855,NIKE,
103,OK,DASS SEST,7,137936,1408855,95027,ATAC. MR110022 7MM RECICLADO COR 4085/PET / COR 596/PET,110CM,15632090,192,132713,15625178NBR3282815,28/04/2026,10/08/2026,13,,10/08/26,,,,#N/A,1408855,NIKE,
104,OK,DASS SEST,7,137936,1408855,95027,ATAC. MR110022 7MM RECICLADO COR 4085/PET / COR 596/PET,115CM,15632090,536,132713,15625177NBR3282815,28/04/2026,10/08/2026,13,,10/08/26,,,,#N/A,1408855,NIKE,
105,OK,DASS SEST,7,137936,1408855,95027,ATAC. MR110022 7MM RECICLADO COR 4085/PET / COR 596/PET,115CM,15632090,546,132713,15625178NBR3282815,28/04/2026,10/08/2026,13,,10/08/26,,,,#N/A,1408855,NIKE,
106,OK,DASS SEST,7,137936,1408855,95027,ATAC. MR110022 7MM RECICLADO COR 4085/PET / COR 596/PET,120CM,15632090,84,132713,15625177NBR3282815,28/04/2026,10/08/2026,13,,10/08/26,,,,#N/A,1408855,NIKE,
107,OK,DASS SEST,7,137936,1408855,95027,ATAC. MR110022 7MM RECICLADO COR 4085/PET / COR 596/PET,120CM,15632090,72,132713,15625178NBR3282815,28/04/2026,10/08/2026,13,,10/08/26,,,,#N/A,1408855,NIKE,
115,OK,DASS SEST,7,139043,1316829,87946,FITA M31119 C/ GOMA POLIESTER COR 100/ COR 5535/ COR 102,16MM,15756875,220,133754,0,27/05/2026,10/08/2026,13,,10/08/26,,,,#N/A,1316829,FILA,
116,OK,DASS SEST,7,139043,1353470,92963,FITA M31119 C/ GOMA POLIESTER COR 102 / COR 100 / COR 100,16MM,15756875,200,133754,0,27/05/2026,10/08/2026,13,,10/08/26,,,,#N/A,1353470,FILA,
117,OK,DASS SEST,7,139043,1320199,95176,FITA M31119 C/ GOMA POLIESTER COR 053 / COR 114 / COR 114,16MM,15756875,370,133754,0,27/05/2026,10/08/2026,13,,10/08/26,,,,#N/A,1320199,FILA,
118,OK,DASS SEST,7,139044,1423777,95490,ATAC. M60132 ALPINA COR 2001,125CM,15757057,480,133755,15744405BR314695,27/05/2026,10/08/2026,13,,10/08/26,,,,#N/A,1423777,FILA,
119,OK,DASS SEST,7,139044,1423777,95490,ATAC. M60132 ALPINA COR 2001,135CM,15757057,492,133755,15744405BR314695,27/05/2026,10/08/2026,13,,10/08/26,,,,#N/A,1423777,FILA,
157,OK,DASS SEST,7,139225,1220520,82624,FITA MR100037 C/ GOMA RECICLADO COR 100/PET,18MM,15775260,260,133926,0,01/06/2026,10/08/2026,13,,10/08/26,,,,#N/A,1220520,NIKE,
158,OK,DASS SEST,7,139225,1220522,82626,FITA MR100038 C/ GOMA RECICLADO COR 4662/PET / COR 5400/B,18MM,15775260,270,133926,0,01/06/2026,10/08/2026,13,,10/08/26,,,,#N/A,1220522,NIKE,
196,OK,DASS SEST,7,139279,1237086,84942,ATAC. MR140014 6MM RECICLADO COR 956/PET,105CM,15775190,204,133899,15773824NBR3282862,02/06/2026,10/08/2026,13,,10/08/26,,,,#N/A,1237086,NIKE,
197,OK,DASS SEST,7,139279,1237086,84942,ATAC. MR140014 6MM RECICLADO COR 956/PET,110CM,15775190,584,133899,15773824NBR3282862,02/06/2026,10/08/2026,13,,10/08/26,,,,#N/A,1237086,NIKE,
198,OK,DASS SEST,7,139279,1237086,84942,ATAC. MR140014 6MM RECICLADO COR 956/PET,115CM,15775190,228,133899,15773824NBR3282862,02/06/2026,10/08/2026,13,,10/08/26,,,,#N/A,1237086,NIKE,
199,OK,DASS SEST,7,139279,1360726,95705,ATAC. MR140014 6MM RECICLADO COR 057/PET,105CM,15775190,216,133899,15773832NBR3282851,02/06/2026,10/08/2026,13,,10/08/26,,,,#N/A,1360726,NIKE,
200,OK,DASS SEST,7,139279,1360726,95705,ATAC. MR140014 6MM RECICLADO COR 057/PET,105CM,15775190,234,133899,15773833NBR3282851,02/06/2026,10/08/2026,13,,10/08/26,,,,#N/A,1360726,NIKE,
201,OK,DASS SEST,7,139279,1360726,95705,ATAC. MR140014 6MM RECICLADO COR 057/PET,110CM,15775190,633,133899,15773832NBR3282851,02/06/2026,10/08/2026,13,,10/08/26,,,,#N/A,1360726,NIKE,
202,OK,DASS SEST,7,139279,1360726,95705,ATAC. MR140014 6MM RECICLADO COR 057/PET,110CM,15775190,636,133899,15773833NBR3282851,02/06/2026,10/08/2026,13,,10/08/26,,,,#N/A,1360726,NIKE,
203,OK,DASS SEST,7,139279,1360726,95705,ATAC. MR140014 6MM RECICLADO COR 057/PET,115CM,15775190,252,133899,15773832NBR3282851,02/06/2026,10/08/2026,13,,10/08/26,,,,#N/A,1360726,NIKE,
204,OK,DASS SEST,7,139279,1360726,95705,ATAC. MR140014 6MM RECICLADO COR 057/PET,115CM,15775190,264,133899,15773833NBR3282851,02/06/2026,10/08/2026,13,,10/08/26,,,,#N/A,1360726,NIKE,
232,OK,DASS SEST,7,139294,1406217,95486,FITA M31119 C/ GOMA POLIESTER COR 447 / COR 100 / COR 100,16MM,15777761,320,133931,0,02/06/2026,10/08/2026,13,,10/08/26,,,,#N/A,1406217,FILA,
251,OK,DASS SEST,7,139564,1299257,86978,ATAC. MR130027 6MM RECICLADO COR 4085/PET,100CM,15816408,216,134311,15815470NBR3282759,11/06/2026,10/08/2026,13,,10/08/26,,,,#N/A,1299257,NIKE,
252,OK,DASS SEST,7,139564,1299257,86978,ATAC. MR130027 6MM RECICLADO COR 4085/PET,100CM,15816408,259,134311,15815471NBR3282759,11/06/2026,10/08/2026,13,,10/08/26,,,,#N/A,1299257,NIKE,
253,OK,DASS SEST,7,139564,1299257,86978,ATAC. MR130027 6MM RECICLADO COR 4085/PET,105CM,15816408,730,134311,15815470NBR3282759,11/06/2026,10/08/2026,13,,10/08/26,,,,#N/A,1299257,NIKE,
254,OK,DASS SEST,7,139564,1299257,86978,ATAC. MR130027 6MM RECICLADO COR 4085/PET,105CM,15816408,746,134311,15815471NBR3282759,11/06/2026,10/08/2026,13,,10/08/26,,,,#N/A,1299257,NIKE,
255,OK,DASS SEST,7,139564,1299257,86978,ATAC. MR130027 6MM RECICLADO COR 4085/PET,110CM,15816408,192,134311,15815470NBR3282759,11/06/2026,10/08/2026,13,,10/08/26,,,,#N/A,1299257,NIKE,
256,OK,DASS SEST,7,139564,1299257,86978,ATAC. MR130027 6MM RECICLADO COR 4085/PET,110CM,15816408,234,134311,15815471NBR3282759,11/06/2026,10/08/2026,13,,10/08/26,,,,#N/A,1299257,NIKE,
285,OK,DASS SEST,7,139572,1200469,74007,FITA M32164 C/ GOMA POLIESTER COR 4085,10MM,15816765,70,134323,0,11/06/2026,10/08/2026,13,,10/08/26,,,,#N/A,1200469,NIKE,
286,OK,DASS SEST,7,139572,1247438,83739,FITA M32164 C/ GOMA POLIESTER COR 4662,10MM,15816765,100,134323,0,11/06/2026,10/08/2026,13,,10/08/26,,,,#N/A,1247438,NIKE,
287,OK,DASS SEST,7,139572,1233820,84961,FITA M32164 C/ GOMA POLIESTER COR 4021,10MM,15816765,130,134323,0,11/06/2026,10/08/2026,13,,10/08/26,,,,#N/A,1233820,NIKE,
331,OK,DASS SEST,7,139649,1247438,83739,FITA M32164 C/ GOMA POLIESTER COR 4662,10MM,15820075,80,134359,0,12/06/2026,10/08/2026,13,,10/08/26,,,,#N/A,1247438,NIKE,
332,OK,DASS SEST,7,139649,1233820,84961,FITA M32164 C/ GOMA POLIESTER COR 4021,10MM,15820075,90,134359,0,12/06/2026,10/08/2026,13,,10/08/26,,,,#N/A,1233820,NIKE,
395,OK,DASS SEST,7,139932,1271908,86226,FITA M32207 C/ GOMA POLIESTER COR 100 / COR 5535 / COR 100,15MM,15849658,300,134608,0,22/06/2026,10/08/2026,13,,10/08/26,,,,#N/A,1271908,FILA,
396,OK,DASS SEST,7,139932,1289388,87886,FITA M32207 C/ GOMA POLIESTER COR 100 / COR 102 / COR 100,15MM,15849658,160,134608,0,22/06/2026,10/08/2026,13,,10/08/26,,,,#N/A,1289388,FILA,
397,OK,DASS SEST,7,139932,1287981,87581,FITA M41476 C/ GOMA POLIESTER COR 102 / COR 5508,12MM,15849658,420,134608,0,22/06/2026,10/08/2026,13,,10/08/26,,,,#N/A,1287981,FILA,
398,OK,DASS SEST,7,139932,1287984,89070,FITA M41476 C/ GOMA POLIESTER COR 114/ COR 5508,12MM,15849658,130,134608,0,22/06/2026,10/08/2026,13,,10/08/26,,,,#N/A,1287984,FILA,
399,OK,DASS SEST,7,139932,1356824,90475,FITA M41476 C/ GOMA POLIESTER COR 5508 / COR 102,12MM,15849658,80,134608,0,22/06/2026,10/08/2026,13,,10/08/26,,,,#N/A,1356824,FILA,
400,OK,DASS SEST,7,139932,1356830,90932,FITA M41476 C/ GOMA POLIESTER COR 5855 / COR 114,12MM,15849658,120,134608,0,22/06/2026,10/08/2026,13,,10/08/26,,,,#N/A,1356830,FILA,
401,OK,DASS SEST,7,139932,1287983,95045,FITA M41476 C/ GOMA POLIESTER COR 100 / COR 5508,12MM,15849658,120,134608,0,22/06/2026,10/08/2026,13,,10/08/26,,,,#N/A,1287983,FILA,
402,OK,DASS SEST,7,139932,108955,70164,FITA MFGP C/ GOMA POLIESTER COR 100,8MM,15849658,120,134608,0,22/06/2026,10/08/2026,13,,10/08/26,,,,#N/A,108955,FILA,
404,OK,DASS SEST,7,139932,112354,71376,FITA MFGP C/ GOMA POLIESTER COR 102,8MM,15849658,80,134608,0,22/06/2026,10/08/2026,13,,10/08/26,,,,#N/A,112354,FILA,
405,OK,DASS SEST,7,139932,1104263,74279,FITA MFGP C/ GOMA POLIESTER COR 447,8MM,15849658,110,134608,0,22/06/2026,10/08/2026,13,,10/08/26,,,,#N/A,1104263,FILA,
406,OK,DASS SEST,7,139932,998349,84560,FITA MFGP C/ GOMA POLIESTER COR 142,10MM,15849658,100,134608,0,22/06/2026,10/08/2026,13,,10/08/26,,,,#N/A,998349,FILA,
407,OK,DASS SEST,7,139932,1287881,85789,FITA MFGP C/ GOMA POLIESTER COR 5508,8MM,15849658,100,134608,0,22/06/2026,10/08/2026,13,,10/08/26,,,,#N/A,1287881,FILA,
408,OK,DASS SEST,7,139932,1264051,85789,FITA MFGP C/ GOMA POLIESTER COR 5508,10MM,15849658,60,134608,0,22/06/2026,10/08/2026,13,,10/08/26,,,,#N/A,1264051,FILA,
410,OK,DASS SEST,7,139932,1397607,85854,FITA MFGP C/ GOMA POLIESTER COR 4039,10MM,15849658,20,134608,0,22/06/2026,10/08/2026,13,,10/08/26,,,,#N/A,1397607,FILA,
411,OK,DASS SEST,7,139932,1397485,92595,FITA MFGP C/ GOMA POLIESTER COR 986,10MM,15849658,110,134608,0,22/06/2026,10/08/2026,13,,10/08/26,,,,#N/A,1397485,FILA,
412,OK,DASS SEST,7,139932,1316829,87946,FITA M31119 C/ GOMA POLIESTER COR 100/ COR 5535/ COR 102,16MM,15849658,560,134608,0,22/06/2026,10/08/2026,13,,10/08/26,,,,#N/A,1316829,FILA,
414,OK,DASS SEST,7,139932,1379936,92571,FITA M31119 C/ GOMA POLIESTER COR 678 / COR 100 / COR 100,16MM,15849658,120,134608,0,22/06/2026,10/08/2026,13,,10/08/26,,,,#N/A,1379936,FILA,
415,OK,DASS SEST,7,139932,1379938,92573,FITA M31119 C/ GOMA POLIESTER COR 161 / COR 324 / COR 324,16MM,15849658,130,134608,0,22/06/2026,10/08/2026,13,,10/08/26,,,,#N/A,1379938,FILA,
416,OK,DASS SEST,7,139932,1358279,92619,FITA M31119 C/ GOMA POLIESTER COR 5508 / COR 102 / COR 102,16MM,15849658,410,134608,0,22/06/2026,10/08/2026,13,,10/08/26,,,,#N/A,1358279,FILA,
417,OK,DASS SEST,7,139932,1403700,92881,FITA M31119 C/ GOMA POLIESTER COR 057 / COR 114 / COR 5535,16MM,15849658,190,134608,0,22/06/2026,10/08/2026,13,,10/08/26,,,,#N/A,1403700,FILA,
418,OK,DASS SEST,7,139932,1401826,95145,FITA M31119 C/ GOMA POLIESTER COR 6002 / COR 5508 / COR 5508,16MM,15849658,250,134608,0,22/06/2026,10/08/2026,13,,10/08/26,,,,#N/A,1401826,FILA,
419,OK,DASS SEST,7,139932,1320199,95176,FITA M31119 C/ GOMA POLIESTER COR 053 / COR 114 / COR 114,16MM,15849658,100,134608,0,22/06/2026,10/08/2026,13,,10/08/26,,,,#N/A,1320199,FILA,
428,OK,DASS SEST,7,139934,1416744,95300,FITA M31119 C/ GOMA POLIESTER COR 814 / COR 100 / COR 100,16MM,15849662,130,134610,0,22/06/2026,10/08/2026,13,,31/08/26,,10/08/2026,,#N/A,1416744,FILA,
477,OK,DASS SEST,7,140092,1271908,86226,FITA M32207 C/ GOMA POLIESTER COR 100 / COR 5535 / COR 100,15MM,15854139,50,134781,0,25/06/2026,10/08/2026,13,,10/08/26,,,,#N/A,1271908,FILA,
660,OK,DASS SEST,7,140124,1304277,88668,ATAC. MR110022 7MM RECICLADO COR 4085/PET / COR 496/PET,110CM,15855783,204,134815,15850199NBR3282866,25/06/2026,10/08/2026,13,,10/08/26,,,,#N/A,1304277,NIKE,
661,OK,DASS SEST,7,140124,1304277,88668,ATAC. MR110022 7MM RECICLADO COR 4085/PET / COR 496/PET,110CM,15855783,228,134815,15850193NBR3282879,25/06/2026,10/08/2026,13,,10/08/26,,,,#N/A,1304277,NIKE,
662,OK,DASS SEST,7,140124,1304277,88668,ATAC. MR110022 7MM RECICLADO COR 4085/PET / COR 496/PET,110CM,15855783,246,134815,15850194NBR3282879,25/06/2026,10/08/2026,13,,10/08/26,,,,#N/A,1304277,NIKE,
663,OK,DASS SEST,7,140124,1304277,88668,ATAC. MR110022 7MM RECICLADO COR 4085/PET / COR 496/PET,110CM,15855783,986,134815,15850204NBR3282907,25/06/2026,10/08/2026,13,,10/08/26,,,,#N/A,1304277,NIKE,
664,OK,DASS SEST,7,140124,1304277,88668,ATAC. MR110022 7MM RECICLADO COR 4085/PET / COR 496/PET,115CM,15855783,662,134815,15850199NBR3282866,25/06/2026,10/08/2026,13,,10/08/2026,,,,#N/A,1304277,NIKE,
665,OK,DASS SEST,7,140124,1304277,88668,ATAC. MR110022 7MM RECICLADO COR 4085/PET / COR 496/PET,115CM,15855783,681,134815,15850193NBR3282879,25/06/2026,10/08/2026,13,,10/08/2026,,,,#N/A,1304277,NIKE,
666,OK,DASS SEST,7,140124,1304277,88668,ATAC. MR110022 7MM RECICLADO COR 4085/PET / COR 496/PET,115CM,15855783,684,134815,15850194NBR3282879,25/06/2026,10/08/2026,13,,10/08/2026,,,,#N/A,1304277,NIKE,
667,OK,DASS SEST,7,140124,1304277,88668,ATAC. MR110022 7MM RECICLADO COR 4085/PET / COR 496/PET,115CM,15855783,24,134815,15850204NBR3282907,25/06/2026,10/08/2026,13,,10/08/2026,,,,#N/A,1304277,NIKE,
668,OK,DASS SEST,7,140124,1304277,88668,ATAC. MR110022 7MM RECICLADO COR 4085/PET / COR 496/PET,120CM,15855783,150,134815,15850199NBR3282866,25/06/2026,10/08/2026,13,,10/08/2026,,,,#N/A,1304277,NIKE,
669,OK,DASS SEST,7,140124,1304277,88668,ATAC. MR110022 7MM RECICLADO COR 4085/PET / COR 496/PET,120CM,15855783,168,134815,15850193NBR3282879,25/06/2026,10/08/2026,13,,10/08/2026,,,,#N/A,1304277,NIKE,
670,OK,DASS SEST,7,140124,1304277,88668,ATAC. MR110022 7MM RECICLADO COR 4085/PET / COR 496/PET,120CM,15855783,192,134815,15850194NBR3282879,25/06/2026,10/08/2026,13,,10/08/2026,,,,#N/A,1304277,NIKE,
671,OK,DASS SEST,7,140124,1315210,88700,ATAC. MR110022 7MM RECICLADO COR 4662/PET,110CM,15855783,216,134815,15850195NBR3282880,25/06/2026,10/08/2026,13,,10/08/2026,,,,#N/A,1315210,NIKE,
672,OK,DASS SEST,7,140124,1315210,88700,ATAC. MR110022 7MM RECICLADO COR 4662/PET,110CM,15855783,240,134815,15850196NBR3282880,25/06/2026,10/08/2026,13,,10/08/2026,,,,#N/A,1315210,NIKE,
673,OK,DASS SEST,7,140124,1315210,88700,ATAC. MR110022 7MM RECICLADO COR 4662/PET,115CM,15855783,590,134815,15850195NBR3282880,25/06/2026,10/08/2026,13,,10/08/2026,,,,#N/A,1315210,NIKE,
674,OK,DASS SEST,7,140124,1315210,88700,ATAC. MR110022 7MM RECICLADO COR 4662/PET,115CM,15855783,588,134815,15850196NBR3282880,25/06/2026,10/08/2026,13,,10/08/2026,,,,#N/A,1315210,NIKE,
675,OK,DASS SEST,7,140124,1315210,88700,ATAC. MR110022 7MM RECICLADO COR 4662/PET,120CM,15855783,120,134815,15850195NBR3282880,25/06/2026,10/08/2026,13,,10/08/2026,,,,#N/A,1315210,NIKE,
676,OK,DASS SEST,7,140124,1315210,88700,ATAC. MR110022 7MM RECICLADO COR 4662/PET,120CM,15855783,138,134815,15850196NBR3282880,25/06/2026,10/08/2026,13,,10/08/2026,,,,#N/A,1315210,NIKE,
677,OK,DASS SEST,7,140124,1413117,95026,ATAC. MR110022 7MM RECICLADO COR 6146/PET / COR 492/PET,110CM,15855783,210,134815,15850241NBR3282878,25/06/2026,10/08/2026,13,,10/08/2026,,,,#N/A,1413117,NIKE,
678,OK,DASS SEST,7,140124,1413117,95026,ATAC. MR110022 7MM RECICLADO COR 6146/PET / COR 492/PET,115CM,15855783,698,134815,15850241NBR3282878,25/06/2026,10/08/2026,13,,10/08/2026,,,,#N/A,1413117,NIKE,
679,OK,DASS SEST,7,140124,1413117,95026,ATAC. MR110022 7MM RECICLADO COR 6146/PET / COR 492/PET,120CM,15855783,150,134815,15850241NBR3282878,25/06/2026,10/08/2026,13,,10/08/2026,,,,#N/A,1413117,NIKE,
680,OK,DASS SEST,7,140124,1424201,95897,ATAC. MR110022 7MM RECICLADO COR 4662/PET / COR 4638/PET,110CM,15855783,746,134815,15850255NBR3282876,25/06/2026,10/08/2026,13,,10/08/2026,,,,#N/A,1424201,NIKE,
681,OK,DASS SEST,7,140124,1424201,95897,ATAC. MR110022 7MM RECICLADO COR 4662/PET / COR 4638/PET,110CM,15855783,804,134815,15850256NBR3282876,25/06/2026,10/08/2026,13,,10/08/2026,,,,#N/A,1424201,NIKE,
682,OK,DASS SEST,7,140124,1424201,95897,ATAC. MR110022 7MM RECICLADO COR 4662/PET / COR 4638/PET,110CM,15855783,1035,134815,15850257NBR3282931,25/06/2026,10/08/2026,13,,10/08/2026,,,,#N/A,1424201,NIKE,
683,OK,DASS SEST,7,140124,1424201,95897,ATAC. MR110022 7MM RECICLADO COR 4662/PET / COR 4638/PET,110CM,15855783,1068,134815,15850258NBR3282931,25/06/2026,10/08/2026,13,,10/08/2026,,,,#N/A,1424201,NIKE,
684,OK,DASS SEST,7,140124,1424201,95897,ATAC. MR110022 7MM RECICLADO COR 4662/PET / COR 4638/PET,115CM,15855783,24,134815,15850255NBR3282876,25/06/2026,10/08/2026,13,,10/08/2026,,,,#N/A,1424201,NIKE,
685,OK,DASS SEST,7,140124,1424201,95897,ATAC. MR110022 7MM RECICLADO COR 4662/PET / COR 4638/PET,115CM,15855783,18,134815,15850257NBR3282931,25/06/2026,10/08/2026,13,,10/08/2026,,,,#N/A,1424201,NIKE,
686,OK,DASS SEST,7,140124,1424201,95897,ATAC. MR110022 7MM RECICLADO COR 4662/PET / COR 4638/PET,115CM,15855783,12,134815,15850258NBR3282931,25/06/2026,10/08/2026,13,,10/08/2026,,,,#N/A,1424201,NIKE,
687,OK,DASS SEST,7,140124,1424204,95898,ATAC. MR110022 7MM RECICLADO COR 6222/PET / COR 4259/PET,110CM,15855783,168,134815,15850249NBR3282881,25/06/2026,10/08/2026,13,,10/08/2026,,,,#N/A,1424204,NIKE,
688,OK,DASS SEST,7,140124,1424204,95898,ATAC. MR110022 7MM RECICLADO COR 6222/PET / COR 4259/PET,110CM,15855783,186,134815,15850250NBR3282881,25/06/2026,10/08/2026,13,,10/08/2026,,,,#N/A,1424204,NIKE,
689,OK,DASS SEST,7,140124,1424204,95898,ATAC. MR110022 7MM RECICLADO COR 6222/PET / COR 4259/PET,115CM,15855783,608,134815,15850249NBR3282881,25/06/2026,10/08/2026,13,,10/08/2026,,,,#N/A,1424204,NIKE,
690,OK,DASS SEST,7,140124,1424204,95898,ATAC. MR110022 7MM RECICLADO COR 6222/PET / COR 4259/PET,115CM,15855783,606,134815,15850250NBR3282881,25/06/2026,10/08/2026,13,,10/08/2026,,,,#N/A,1424204,NIKE,
691,OK,DASS SEST,7,140124,1424204,95898,ATAC. MR110022 7MM RECICLADO COR 6222/PET / COR 4259/PET,120CM,15855783,120,134815,15850249NBR3282881,25/06/2026,10/08/2026,13,,10/08/2026,,,,#N/A,1424204,NIKE,
692,OK,DASS SEST,7,140124,1424204,95898,ATAC. MR110022 7MM RECICLADO COR 6222/PET / COR 4259/PET,120CM,15855783,138,134815,15850250NBR3282881,25/06/2026,10/08/2026,13,,10/08/2026,,,,#N/A,1424204,NIKE,
693,OK,DASS SEST,7,140124,1424203,95899,ATAC. MR110022 7MM RECICLADO COR 4085/PET / COR 422/PET,110CM,15855783,986,134815,15850254NBR3282864,25/06/2026,10/08/2026,13,,10/08/2026,,,,#N/A,1424203,NIKE,
694,OK,DASS SEST,7,140124,1424203,95899,ATAC. MR110022 7MM RECICLADO COR 4085/PET / COR 422/PET,115CM,15855783,30,134815,15850254NBR3282864,25/06/2026,10/08/2026,13,,10/08/2026,,,,#N/A,1424203,NIKE,
695,OK,DASS SEST,7,140124,1424205,95900,ATAC. MR110022 7MM RECICLADO COR 057/PET / COR 5946/PET,110CM,15855783,216,134815,15850245NBR3282852,25/06/2026,10/08/2026,13,,10/08/2026,,,,#N/A,1424205,NIKE,
696,OK,DASS SEST,7,140124,1424205,95900,ATAC. MR110022 7MM RECICLADO COR 057/PET / COR 5946/PET,110CM,15855783,228,134815,15850246NBR3282852,25/06/2026,10/08/2026,13,,10/08/2026,,,,#N/A,1424205,NIKE,
697,OK,DASS SEST,7,140124,1424205,95900,ATAC. MR110022 7MM RECICLADO COR 057/PET / COR 5946/PET,115CM,15855783,741,134815,15850245NBR3282852,25/06/2026,10/08/2026,13,,10/08/2026,,,,#N/A,1424205,NIKE,
698,OK,DASS SEST,7,140124,1424205,95900,ATAC. MR110022 7MM RECICLADO COR 057/PET / COR 5946/PET,115CM,15855783,744,134815,15850246NBR3282852,25/06/2026,10/08/2026,13,,10/08/2026,,,,#N/A,1424205,NIKE,
699,OK,DASS SEST,7,140124,1424205,95900,ATAC. MR110022 7MM RECICLADO COR 057/PET / COR 5946/PET,120CM,15855783,144,134815,15850245NBR3282852,25/06/2026,10/08/2026,13,,10/08/2026,,,,#N/A,1424205,NIKE,
700,OK,DASS SEST,7,140124,1424205,95900,ATAC. MR110022 7MM RECICLADO COR 057/PET / COR 5946/PET,120CM,15855783,150,134815,15850246NBR3282852,25/06/2026,10/08/2026,13,,10/08/2026,,,,#N/A,1424205,NIKE,
701,OK,DASS SEST,7,140125,1188919,82628,ATAC. MR140014 6MM RECICLADO COR 4085/PET,100CM,15859151,240,134816,15858549NBR3282924,25/06/2026,10/08/2026,13,,10/08/2026,,,,#N/A,1188919,NIKE,
702,OK,DASS SEST,7,140125,1188919,82628,ATAC. MR140014 6MM RECICLADO COR 4085/PET,100CM,15859151,270,134816,15858551NBR3282924,25/06/2026,10/08/2026,13,,10/08/2026,,,,#N/A,1188919,NIKE,
703,OK,DASS SEST,7,140125,1188919,82628,ATAC. MR140014 6MM RECICLADO COR 4085/PET,100CM,15859151,240,134816,15858552NBR3282930,25/06/2026,10/08/2026,13,,10/08/2026,,,,#N/A,1188919,NIKE,
704,OK,DASS SEST,7,140125,1188919,82628,ATAC. MR140014 6MM RECICLADO COR 4085/PET,100CM,15859151,270,134816,15858553NBR3282930,25/06/2026,10/08/2026,13,,10/08/2026,,,,#N/A,1188919,NIKE,
705,OK,DASS SEST,7,140125,1188919,82628,ATAC. MR140014 6MM RECICLADO COR 4085/PET,100CM,15859151,240,134816,15858554NBR3282934,25/06/2026,10/08/2026,13,,10/08/2026,,,,#N/A,1188919,NIKE,
706,OK,DASS SEST,7,140125,1188919,82628,ATAC. MR140014 6MM RECICLADO COR 4085/PET,100CM,15859151,270,134816,15858555NBR3282934,25/06/2026,10/08/2026,13,,10/08/2026,,,,#N/A,1188919,NIKE,
707,OK,DASS SEST,7,140125,1188919,82628,ATAC. MR140014 6MM RECICLADO COR 4085/PET,105CM,15859151,843,134816,15858549NBR3282924,25/06/2026,10/08/2026,13,,10/08/2026,,,,#N/A,1188919,NIKE,
708,OK,DASS SEST,7,140125,1188919,82628,ATAC. MR140014 6MM RECICLADO COR 4085/PET,105CM,15859151,888,134816,15858551NBR3282924,25/06/2026,10/08/2026,13,,10/08/2026,,,,#N/A,1188919,NIKE,
709,OK,DASS SEST,7,140125,1188919,82628,ATAC. MR140014 6MM RECICLADO COR 4085/PET,105CM,15859151,855,134816,15858552NBR3282930,25/06/2026,10/08/2026,13,,10/08/2026,,,,#N/A,1188919,NIKE,
710,OK,DASS SEST,7,140125,1188919,82628,ATAC. MR140014 6MM RECICLADO COR 4085/PET,105CM,15859151,882,134816,15858553NBR3282930,25/06/2026,10/08/2026,13,,10/08/2026,,,,#N/A,1188919,NIKE,
711,OK,DASS SEST,7,140125,1188919,82628,ATAC. MR140014 6MM RECICLADO COR 4085/PET,105CM,15859151,843,134816,15858554NBR3282934,25/06/2026,10/08/2026,13,,10/08/2026,,,,#N/A,1188919,NIKE,
712,OK,DASS SEST,7,140125,1188919,82628,ATAC. MR140014 6MM RECICLADO COR 4085/PET,105CM,15859151,888,134816,15858555NBR3282934,25/06/2026,10/08/2026,13,,10/08/2026,,,,#N/A,1188919,NIKE,
713,OK,DASS SEST,7,140125,1188919,82628,ATAC. MR140014 6MM RECICLADO COR 4085/PET,110CM,15859151,24,134816,15858549NBR3282924,25/06/2026,10/08/2026,13,,10/08/2026,,,,#N/A,1188919,NIKE,
714,OK,DASS SEST,7,140125,1188919,82628,ATAC. MR140014 6MM RECICLADO COR 4085/PET,110CM,15859151,24,134816,15858552NBR3282930,25/06/2026,10/08/2026,13,,10/08/2026,,,,#N/A,1188919,NIKE,
715,OK,DASS SEST,7,140125,1188919,82628,ATAC. MR140014 6MM RECICLADO COR 4085/PET,110CM,15859151,24,134816,15858554NBR3282934,25/06/2026,10/08/2026,13,,10/08/2026,,,,#N/A,1188919,NIKE,
716,OK,DASS SEST,7,140125,1301800,88695,ATAC. MR130027 6MM RECICLADO COR 4662/PET,105CM,15859151,450,134816,15856856NBR3282856,25/06/2026,10/08/2026,13,,10/08/2026,,,,#N/A,1301800,NIKE,
717,OK,DASS SEST,7,140125,1301800,88695,ATAC. MR130027 6MM RECICLADO COR 4662/PET,110CM,15859151,542,134816,15856856NBR3282856,25/06/2026,10/08/2026,13,,10/08/2026,,,,#N/A,1301800,NIKE,
718,OK,DASS SEST,7,140125,1301800,88695,ATAC. MR130027 6MM RECICLADO COR 4662/PET,115CM,15859151,18,134816,15856856NBR3282856,25/06/2026,10/08/2026,13,,10/08/2026,,,,#N/A,1301800,NIKE,
719,OK,DASS SEST,7,140125,1409834,93450,ATAC. MR130027 6MM RECICLADO COR 057/PET,110CM,15859151,132,134816,15856849NBR3282937,25/06/2026,10/08/2026,13,,10/08/2026,,,,#N/A,1409834,NIKE,
720,OK,DASS SEST,7,140125,1409834,93450,ATAC. MR130027 6MM RECICLADO COR 057/PET,110CM,15859151,138,134816,15856850NBR3282937,25/06/2026,10/08/2026,13,,10/08/2026,,,,#N/A,1409834,NIKE,
721,OK,DASS SEST,7,140125,1409834,93450,ATAC. MR130027 6MM RECICLADO COR 057/PET,110CM,15859151,132,134816,15856851NBR3282937,25/06/2026,10/08/2026,13,,10/08/2026,,,,#N/A,1409834,NIKE,
722,OK,DASS SEST,7,140125,1409834,93450,ATAC. MR130027 6MM RECICLADO COR 057/PET,115CM,15859151,759,134816,15856849NBR3282937,25/06/2026,10/08/2026,13,,10/08/2026,,,,#N/A,1409834,NIKE,
723,OK,DASS SEST,7,140125,1409834,93450,ATAC. MR130027 6MM RECICLADO COR 057/PET,115CM,15859151,564,134816,15856850NBR3282937,25/06/2026,10/08/2026,13,,10/08/2026,,,,#N/A,1409834,NIKE,
724,OK,DASS SEST,7,140125,1409834,93450,ATAC. MR130027 6MM RECICLADO COR 057/PET,115CM,15859151,396,134816,15856851NBR3282937,25/06/2026,10/08/2026,13,,10/08/2026,,,,#N/A,1409834,NIKE,
725,OK,DASS SEST,7,140125,1409834,93450,ATAC. MR130027 6MM RECICLADO COR 057/PET,120CM,15859151,156,134816,15856849NBR3282937,25/06/2026,10/08/2026,13,,10/08/2026,,,,#N/A,1409834,NIKE,
726,OK,DASS SEST,7,140125,1409834,93450,ATAC. MR130027 6MM RECICLADO COR 057/PET,120CM,15859151,156,134816,15856850NBR3282937,25/06/2026,10/08/2026,13,,10/08/2026,,,,#N/A,1409834,NIKE,
727,OK,DASS SEST,7,140125,1409834,93450,ATAC. MR130027 6MM RECICLADO COR 057/PET,120CM,15859151,174,134816,15856851NBR3282937,25/06/2026,10/08/2026,13,,10/08/2026,,,,#N/A,1409834,NIKE,
728,OK,DASS SEST,7,140125,1426514,95893,ATAC. MR130027 6MM RECICLADO COR 6249/PET,110CM,15859151,84,134816,15856847NBR3282883,25/06/2026,10/08/2026,13,,10/08/2026,,,,#N/A,1426514,NIKE,
729,OK,DASS SEST,7,140125,1426514,95893,ATAC. MR130027 6MM RECICLADO COR 6249/PET,110CM,15859151,96,134816,15856848NBR3282883,25/06/2026,10/08/2026,13,,10/08/2026,,,,#N/A,1426514,NIKE,
730,OK,DASS SEST,7,140125,1426514,95893,ATAC. MR130027 6MM RECICLADO COR 6249/PET,115CM,15859151,452,134816,15856847NBR3282883,25/06/2026,10/08/2026,13,,10/08/2026,,,,#N/A,1426514,NIKE,
731,OK,DASS SEST,7,140125,1426514,95893,ATAC. MR130027 6MM RECICLADO COR 6249/PET,115CM,15859151,462,134816,15856848NBR3282883,25/06/2026,10/08/2026,13,,10/08/2026,,,,#N/A,1426514,NIKE,
732,OK,DASS SEST,7,140125,1426514,95893,ATAC. MR130027 6MM RECICLADO COR 6249/PET,120CM,15859151,144,134816,15856847NBR3282883,25/06/2026,10/08/2026,13,,10/08/2026,,,,#N/A,1426514,NIKE,
733,OK,DASS SEST,7,140125,1426514,95893,ATAC. MR130027 6MM RECICLADO COR 6249/PET,120CM,15859151,156,134816,15856848NBR3282883,25/06/2026,10/08/2026,13,,10/08/2026,,,,#N/A,1426514,NIKE,
997,OK,DASS SEST,7,140188,1269460,85472,ATAC. MR140014 6MM RECICLADO COR 5481/PET,100CM,15872663,240,134938,15865492NBR3282916,26/06/2026,10/08/2026,13,,10/08/2026,,,,#N/A,1269460,NIKE,
998,OK,DASS SEST,7,140188,1269460,85472,ATAC. MR140014 6MM RECICLADO COR 5481/PET,100CM,15872663,258,134938,15865493NBR3282916,26/06/2026,10/08/2026,13,,10/08/2026,,,,#N/A,1269460,NIKE,
999,OK,DASS SEST,7,140188,1269460,85472,ATAC. MR140014 6MM RECICLADO COR 5481/PET,100CM,15872663,240,134938,15865494NBR3282927,26/06/2026,10/08/2026,13,,10/08/2026,,,,#N/A,1269460,NIKE,
1000,OK,DASS SEST,7,140188,1269460,85472,ATAC. MR140014 6MM RECICLADO COR 5481/PET,100CM,15872663,258,134938,15865495NBR3282927,26/06/2026,10/08/2026,13,,10/08/2026,,,,#N/A,1269460,NIKE,
1001,OK,DASS SEST,7,140188,1269460,85472,ATAC. MR140014 6MM RECICLADO COR 5481/PET,100CM,15872663,240,134938,15865496NBR3282932,26/06/2026,10/08/2026,13,,10/08/2026,,,,#N/A,1269460,NIKE,
1002,OK,DASS SEST,7,140188,1269460,85472,ATAC. MR140014 6MM RECICLADO COR 5481/PET,100CM,15872663,258,134938,15865497NBR3282932,26/06/2026,10/08/2026,13,,10/08/2026,,,,#N/A,1269460,NIKE,
1003,OK,DASS SEST,7,140188,1269460,85472,ATAC. MR140014 6MM RECICLADO COR 5481/PET,105CM,15872663,843,134938,15865492NBR3282916,26/06/2026,10/08/2026,13,,10/08/2026,,,,#N/A,1269460,NIKE,
1004,OK,DASS SEST,7,140188,1269460,85472,ATAC. MR140014 6MM RECICLADO COR 5481/PET,105CM,15872663,870,134938,15865493NBR3282916,26/06/2026,10/08/2026,13,,10/08/2026,,,,#N/A,1269460,NIKE,
1005,OK,DASS SEST,7,140188,1269460,85472,ATAC. MR140014 6MM RECICLADO COR 5481/PET,105CM,15872663,843,134938,15865494NBR3282927,26/06/2026,10/08/2026,13,,10/08/2026,,,,#N/A,1269460,NIKE,
1006,OK,DASS SEST,7,140188,1269460,85472,ATAC. MR140014 6MM RECICLADO COR 5481/PET,105CM,15872663,870,134938,15865495NBR3282927,26/06/2026,10/08/2026,13,,10/08/2026,,,,#N/A,1269460,NIKE,
1007,OK,DASS SEST,7,140188,1269460,85472,ATAC. MR140014 6MM RECICLADO COR 5481/PET,105CM,15872663,831,134938,15865496NBR3282932,26/06/2026,10/08/2026,13,,10/08/2026,,,,#N/A,1269460,NIKE,
1008,OK,DASS SEST,7,140188,1269460,85472,ATAC. MR140014 6MM RECICLADO COR 5481/PET,105CM,15872663,876,134938,15865497NBR3282932,26/06/2026,10/08/2026,13,,10/08/2026,,,,#N/A,1269460,NIKE,
1009,OK,DASS SEST,7,140188,1269460,85472,ATAC. MR140014 6MM RECICLADO COR 5481/PET,110CM,15872663,18,134938,15865492NBR3282916,26/06/2026,10/08/2026,13,,10/08/2026,,,,#N/A,1269460,NIKE,
1010,OK,DASS SEST,7,140188,1269460,85472,ATAC. MR140014 6MM RECICLADO COR 5481/PET,110CM,15872663,12,134938,15865493NBR3282916,26/06/2026,10/08/2026,13,,10/08/2026,,,,#N/A,1269460,NIKE,
1011,OK,DASS SEST,7,140188,1269460,85472,ATAC. MR140014 6MM RECICLADO COR 5481/PET,110CM,15872663,18,134938,15865494NBR3282927,26/06/2026,10/08/2026,13,,10/08/2026,,,,#N/A,1269460,NIKE,
1012,OK,DASS SEST,7,140188,1269460,85472,ATAC. MR140014 6MM RECICLADO COR 5481/PET,110CM,15872663,12,134938,15865495NBR3282927,26/06/2026,10/08/2026,13,,10/08/2026,,,,#N/A,1269460,NIKE,
1013,OK,DASS SEST,7,140188,1269460,85472,ATAC. MR140014 6MM RECICLADO COR 5481/PET,110CM,15872663,18,134938,15865496NBR3282932,26/06/2026,10/08/2026,13,,10/08/2026,,,,#N/A,1269460,NIKE,
1014,OK,DASS SEST,7,140188,1269460,85472,ATAC. MR140014 6MM RECICLADO COR 5481/PET,110CM,15872663,12,134938,15865497NBR3282932,26/06/2026,10/08/2026,13,,10/08/2026,,,,#N/A,1269460,NIKE,
1370,OK,DASS SEST,7,140286,1454466,95945,ATAC. MR140014 6MM RECICLADO COR 6248/PET,100CM,15874807,516,135008,15865474NBR3282925,30/06/2026,10/08/2026,13,,10/08/2026,,,,#N/A,1454466,NIKE,
1371,OK,DASS SEST,7,140286,1454466,95945,ATAC. MR140014 6MM RECICLADO COR 6248/PET,105CM,15874807,1665,135008,15865474NBR3282925,30/06/2026,10/08/2026,13,,10/08/2026,,,,#N/A,1454466,NIKE,
1372,OK,DASS SEST,7,140286,1454466,95945,ATAC. MR140014 6MM RECICLADO COR 6248/PET,110CM,15874807,30,135008,15865474NBR3282925,30/06/2026,10/08/2026,13,,10/08/2026,,,,#N/A,1454466,NIKE,
1402,OK,DASS SEST,7,140569,112354,71376,FITA MFGP C/ GOMA POLIESTER COR 102,8MM,15901025,110,135277,0,07/07/2026,10/08/2026,13,,10/08/2026,,,,#N/A,112354,FILA,
1403,OK,DASS SEST,7,140569,816595,71376,FITA MFGP C/ GOMA POLIESTER COR 102,10MM,15901025,40,135277,0,07/07/2026,10/08/2026,13,,10/08/2026,,,,#N/A,816595,FILA,
1404,OK,DASS SEST,7,140569,1287881,85789,FITA MFGP C/ GOMA POLIESTER COR 5508,8MM,15901025,50,135277,0,07/07/2026,10/08/2026,13,,10/08/2026,,,,#N/A,1287881,FILA,
1405,OK,DASS SEST,7,140569,1264051,85789,FITA MFGP C/ GOMA POLIESTER COR 5508,10MM,15901025,30,135277,0,07/07/2026,10/08/2026,13,,10/08/2026,,,,#N/A,1264051,FILA,
1406,OK,DASS SEST,7,140569,1269691,85854,FITA MFGP C/ GOMA POLIESTER COR 4039,8MM,15901025,60,135277,0,07/07/2026,10/08/2026,13,,10/08/2026,,,,#N/A,1269691,FILA,
1407,OK,DASS SEST,7,140569,1294763,89100,FITA M31119 C/ GOMA POLIESTER COR 102 / COR 5535 / COR 5535,16MM,15901025,20,135277,0,07/07/2026,10/08/2026,13,,10/08/2026,,,,#N/A,1294763,FILA,
1422,OK,DASS SEST,7,140571,1287984,89070,FITA M41476 C/ GOMA POLIESTER COR 114/ COR 5508,12MM,15899917,70,135527,0,07/07/2026,10/08/2026,13,,24/08/2026,,10/08/2026,,#N/A,1287984,FILA,
1423,OK,DASS SEST,7,140571,1356824,90475,FITA M41476 C/ GOMA POLIESTER COR 5508 / COR 102,12MM,15899917,160,135527,0,07/07/2026,10/08/2026,13,,24/08/2026,,10/08/2026,,#N/A,1356824,FILA,
1424,OK,DASS SEST,7,140571,1394708,92487,FITA M41476 C/ GOMA POLIESTER COR 114 / COR 599,12MM,15899917,150,135527,0,07/07/2026,10/08/2026,13,,24/08/2026,,10/08/2026,,#N/A,1394708,FILA,
1425,OK,DASS SEST,7,140571,1394642,92688,FITA M41476 C/ GOMA POLIESTER COR 5512 / COR 5535,12MM,15899917,80,135527,0,07/07/2026,10/08/2026,13,,24/08/2026,,10/08/2026,,#N/A,1394642,FILA,
1678,OK,DASS SEST,7,140940,1065806,93661,ATAC. MR110029 RECICLADO COR 4662/PET,135CM,15944080,560,135627,15941773NBR3283286,17/07/2026,10/08/2026,13,,10/08/2026,,,,#N/A,1065806,NIKE,
1679,OK,DASS SEST,7,140940,1065806,93661,ATAC. MR110029 RECICLADO COR 4662/PET,135CM,15944080,588,135627,15941775NBR3283286,17/07/2026,10/08/2026,13,,10/08/2026,,,,#N/A,1065806,NIKE,
1680,OK,DASS SEST,7,140940,1065806,93661,ATAC. MR110029 RECICLADO COR 4662/PET,140CM,15944080,216,135627,15941773NBR3283286,17/07/2026,10/08/2026,13,,10/08/2026,,,,#N/A,1065806,NIKE,
1681,OK,DASS SEST,7,140940,1065806,93661,ATAC. MR110029 RECICLADO COR 4662/PET,140CM,15944080,222,135627,15941775NBR3283286,17/07/2026,10/08/2026,13,,10/08/2026,,,,#N/A,1065806,NIKE,
1682,OK,DASS SEST,7,140940,1069210,93696,ATAC. MR110029 RECICLADO COR 4085/PET,135CM,15944080,662,135627,15941766NBR3283303,17/07/2026,10/08/2026,13,,10/08/2026,,,,#N/A,1069210,NIKE,
1683,OK,DASS SEST,7,140940,1069210,93696,ATAC. MR110029 RECICLADO COR 4085/PET,135CM,15944080,690,135627,15941767NBR3283303,17/07/2026,10/08/2026,13,,10/08/2026,,,,#N/A,1069210,NIKE,
1684,OK,DASS SEST,7,140940,1069210,93696,ATAC. MR110029 RECICLADO COR 4085/PET,135CM,15944080,662,135627,15941770NBR3283305,17/07/2026,10/08/2026,13,,10/08/2026,,,,#N/A,1069210,NIKE,
1685,OK,DASS SEST,7,140940,1069210,93696,ATAC. MR110029 RECICLADO COR 4085/PET,135CM,15944080,690,135627,15941771NBR3283305,17/07/2026,10/08/2026,13,,10/08/2026,,,,#N/A,1069210,NIKE,
1686,OK,DASS SEST,7,140940,1069210,93696,ATAC. MR110029 RECICLADO COR 4085/PET,135CM,15944080,572,135627,15941783NBR3283309,17/07/2026,10/08/2026,13,,10/08/2026,,,,#N/A,1069210,NIKE,
1687,OK,DASS SEST,7,140940,1069210,93696,ATAC. MR110029 RECICLADO COR 4085/PET,135CM,15944080,540,135627,15941784NBR3283309,17/07/2026,10/08/2026,13,,10/08/2026,,,,#N/A,1069210,NIKE,
1688,OK,DASS SEST,7,140940,1069210,93696,ATAC. MR110029 RECICLADO COR 4085/PET,140CM,15944080,156,135627,15941766NBR3283303,17/07/2026,10/08/2026,13,,10/08/2026,,,,#N/A,1069210,NIKE,
1689,OK,DASS SEST,7,140940,1069210,93696,ATAC. MR110029 RECICLADO COR 4085/PET,140CM,15944080,168,135627,15941767NBR3283303,17/07/2026,10/08/2026,13,,10/08/2026,,,,#N/A,1069210,NIKE,
1690,OK,DASS SEST,7,140940,1069210,93696,ATAC. MR110029 RECICLADO COR 4085/PET,140CM,15944080,156,135627,15941770NBR3283305,17/07/2026,10/08/2026,13,,10/08/2026,,,,#N/A,1069210,NIKE,
1691,OK,DASS SEST,7,140940,1069210,93696,ATAC. MR110029 RECICLADO COR 4085/PET,140CM,15944080,168,135627,15941771NBR3283305,17/07/2026,10/08/2026,13,,10/08/2026,,,,#N/A,1069210,NIKE,
1692,OK,DASS SEST,7,140940,1069210,93696,ATAC. MR110029 RECICLADO COR 4085/PET,140CM,15944080,228,135627,15941783NBR3283309,17/07/2026,10/08/2026,13,,10/08/2026,,,,#N/A,1069210,NIKE,
1693,OK,DASS SEST,7,140940,1069210,93696,ATAC. MR110029 RECICLADO COR 4085/PET,140CM,15944080,264,135627,15941784NBR3283309,17/07/2026,10/08/2026,13,,10/08/2026,,,,#N/A,1069210,NIKE,
1812,OK,DASS SEST,7,140977,1065276,74236,FITA MR100001 C/ GOMA RECICLADO COR 4662/PET,10MM,15951749,560,135664,0,20/07/2026,10/08/2026,13,,10/08/2026,,,,#N/A,1065276,NIKE,
1813,OK,DASS SEST,7,140978,1074423,74005,FITA MFGP C/ GOMA POLIESTER COR 4699,10MM,15951760,70,135665,0,20/07/2026,10/08/2026,13,,10/08/2026,,,,#N/A,1074423,NIKE,
1814,OK,DASS SEST,7,140978,965421,74014,FITA MFGP C/ GOMA POLIESTER COR 4085,10MM,15951760,70,135665,0,20/07/2026,10/08/2026,13,,10/08/2026,,,,#N/A,965421,NIKE,
1815,OK,DASS SEST,7,140978,1341133,91535,FITA MFGP C/ GOMA POLIESTER COR 5149,10MM,15951760,130,135665,0,20/07/2026,10/08/2026,13,,10/08/2026,,,,#N/A,1341133,NIKE,
1841,OK,DASS SEST,7,141100,1356830,90932,FITA M41476 C/ GOMA POLIESTER COR 5855 / COR 114,12MM,15963574,10,135790,0,23/07/2026,10/08/2026,13,,10/08/2026,,,,#N/A,1356830,FILA,NORMAL
1842,OK,DASS SEST,7,141100,1358279,92619,FITA M31119 C/ GOMA POLIESTER COR 5508 / COR 102 / COR 102,16MM,15963574,240,135790,0,23/07/2026,10/08/2026,13,,10/08/2026,,,,#N/A,1358279,FILA,NORMAL
1878,OK,DASS ITABERABA,70,139887,898941,70164,FITA MFGP C/ GOMA POLIESTER COR 100,12MM,15844154,240,134569,0,19/06/2026,10/08/2026,13,,10/08/2026,,,,#N/A,898941,FILA,
1885,OK,DASS ITABERABA,70,139919,1273335,85997,FITA MFGP C/ GOMA POLIESTER COR 5507,12MM,15849135,350,134595,0,22/06/2026,10/08/2026,13,,10/08/2026,,,,#N/A,1273335,FILA,
1886,OK,DASS ITABERABA,70,139919,1411787,86298,FITA MFGP C/ GOMA POLIESTER COR 486,12MM,15849135,230,134595,0,22/06/2026,10/08/2026,13,,10/08/2026,,,,#N/A,1411787,FILA,
2028,OK,DASS ITABERABA,70,140512,1179318,75593,ATAC. M13725 6MM POLIESTER COR 057,90CM,15895711,336,135189,15889212BRITB00544,06/07/2026,10/08/2026,13,,10/08/2026,,,,#N/A,1179318,FILA,
2029,OK,DASS ITABERABA,70,140512,1179318,75593,ATAC. M13725 6MM POLIESTER COR 057,90CM,15895711,312,135189,15889213BRITB00544,06/07/2026,10/08/2026,13,,10/08/2026,,,,#N/A,1179318,FILA,
2030,OK,DASS ITABERABA,70,140512,1179318,75593,ATAC. M13725 6MM POLIESTER COR 057,100CM,15895711,492,135189,15889212BRITB00544,06/07/2026,10/08/2026,13,,10/08/2026,,,,#N/A,1179318,FILA,
2031,OK,DASS ITABERABA,70,140512,1179318,75593,ATAC. M13725 6MM POLIESTER COR 057,100CM,15895711,492,135189,15889213BRITB00544,06/07/2026,10/08/2026,13,,10/08/2026,,,,#N/A,1179318,FILA,
2032,OK,DASS ITABERABA,70,140512,816378,76524,ATAC. M13725 6MM POLIESTER COR 263,100CM,15895711,396,135189,15889202BRITB00543,06/07/2026,10/08/2026,13,,10/08/2026,,,,#N/A,816378,FILA,
2033,OK,DASS ITABERABA,70,140512,816378,76524,ATAC. M13725 6MM POLIESTER COR 263,100CM,15895711,420,135189,15889203BRITB00543,06/07/2026,10/08/2026,13,,10/08/2026,,,,#N/A,816378,FILA,
2034,OK,DASS ITABERABA,70,140512,816378,76524,ATAC. M13725 6MM POLIESTER COR 263,100CM,15895711,348,135189,15889204BRITB00543,06/07/2026,10/08/2026,13,,10/08/2026,,,,#N/A,816378,FILA,
2035,OK,DASS ITABERABA,70,140512,816378,76524,ATAC. M13725 6MM POLIESTER COR 263,100CM,15895711,348,135189,15889205BRITB00543,06/07/2026,10/08/2026,13,,10/08/2026,,,,#N/A,816378,FILA,
2036,OK,DASS ITABERABA,70,140512,816378,76524,ATAC. M13725 6MM POLIESTER COR 263,100CM,15895711,276,135189,15889206BRITB00544,06/07/2026,10/08/2026,13,,10/08/2026,,,,#N/A,816378,FILA,
2037,OK,DASS ITABERABA,70,140512,816378,76524,ATAC. M13725 6MM POLIESTER COR 263,100CM,15895711,276,135189,15889209BRITB00544,06/07/2026,10/08/2026,13,,10/08/2026,,,,#N/A,816378,FILA,
2038,OK,DASS ITABERABA,70,140512,816378,76524,ATAC. M13725 6MM POLIESTER COR 263,110CM,15895711,540,135189,15889202BRITB00543,06/07/2026,10/08/2026,13,,10/08/2026,,,,#N/A,816378,FILA,
2039,OK,DASS ITABERABA,70,140512,816378,76524,ATAC. M13725 6MM POLIESTER COR 263,110CM,15895711,576,135189,15889203BRITB00543,06/07/2026,10/08/2026,13,,10/08/2026,,,,#N/A,816378,FILA,
2040,OK,DASS ITABERABA,70,140512,816378,76524,ATAC. M13725 6MM POLIESTER COR 263,110CM,15895711,504,135189,15889204BRITB00543,06/07/2026,10/08/2026,13,,10/08/2026,,,,#N/A,816378,FILA,
2041,OK,DASS ITABERABA,70,140512,816378,76524,ATAC. M13725 6MM POLIESTER COR 263,110CM,15895711,540,135189,15889205BRITB00543,06/07/2026,10/08/2026,13,,10/08/2026,,,,#N/A,816378,FILA,
2042,OK,DASS ITABERABA,70,140512,816378,76524,ATAC. M13725 6MM POLIESTER COR 263,110CM,15895711,504,135189,15889206BRITB00544,06/07/2026,10/08/2026,13,,10/08/2026,,,,#N/A,816378,FILA,
2043,OK,DASS ITABERABA,70,140512,816378,76524,ATAC. M13725 6MM POLIESTER COR 263,110CM,15895711,504,135189,15889209BRITB00544,06/07/2026,10/08/2026,13,,10/08/2026,,,,#N/A,816378,FILA,
2044,OK,DASS ITABERABA,70,140512,1404465,94982,ATAC. M13725 6MM POLIESTER COR 6002,90CM,15895711,540,135189,15889210BRITB00544,06/07/2026,10/08/2026,13,,10/08/2026,,,,#N/A,1404465,FILA,
2045,OK,DASS ITABERABA,70,140512,1404465,94982,ATAC. M13725 6MM POLIESTER COR 6002,90CM,15895711,384,135189,15889211BRITB00544,06/07/2026,10/08/2026,13,,10/08/2026,,,,#N/A,1404465,FILA,
2046,OK,DASS ITABERABA,70,140512,1404465,94982,ATAC. M13725 6MM POLIESTER COR 6002,100CM,15895711,576,135189,15889210BRITB00544,06/07/2026,10/08/2026,13,,10/08/2026,,,,#N/A,1404465,FILA,
2047,OK,DASS ITABERABA,70,140512,1404465,94982,ATAC. M13725 6MM POLIESTER COR 6002,100CM,15895711,540,135189,15889211BRITB00544,06/07/2026,10/08/2026,13,,10/08/2026,,,,#N/A,1404465,FILA,
2048,OK,DASS ITABERABA,70,140512,1417979,94984,ATAC. M13725 6MM POLIESTER COR 053,105CM,15895711,276,135189,15889227BRITB00540,06/07/2026,10/08/2026,13,,10/08/2026,,,,#N/A,1417979,FILA,
2049,OK,DASS ITABERABA,70,140512,1417979,94984,ATAC. M13725 6MM POLIESTER COR 053,110CM,15895711,228,135189,15889227BRITB00540,06/07/2026,10/08/2026,13,,10/08/2026,,,,#N/A,1417979,FILA,
2050,OK,DASS ITABERABA,70,140512,1051608,73819,ATAC. M21020 8MM POLIESTER COR 114,115CM,15895711,348,135189,15889193BRITB00542,06/07/2026,10/08/2026,13,,10/08/2026,,,,#N/A,1051608,FILA,
2051,OK,DASS ITABERABA,70,140512,1051608,73819,ATAC. M21020 8MM POLIESTER COR 114,115CM,15895711,360,135189,15889194BRITB00542,06/07/2026,10/08/2026,13,,10/08/2026,,,,#N/A,1051608,FILA,
2052,OK,DASS ITABERABA,70,140512,1051608,73819,ATAC. M21020 8MM POLIESTER COR 114,125CM,15895711,420,135189,15889193BRITB00542,06/07/2026,10/08/2026,13,,10/08/2026,,,,#N/A,1051608,FILA,
2053,OK,DASS ITABERABA,70,140512,1051608,73819,ATAC. M21020 8MM POLIESTER COR 114,125CM,15895711,408,135189,15889194BRITB00542,06/07/2026,10/08/2026,13,,10/08/2026,,,,#N/A,1051608,FILA,
2054,OK,DASS ITABERABA,70,140512,1163455,73821,ATAC. M21020 8MM POLIESTER COR 100,120CM,15895711,288,135189,15889133BRITB00537,06/07/2026,10/08/2026,13,,10/08/2026,,,,#N/A,1163455,FILA,
2055,OK,DASS ITABERABA,70,140512,1163455,73821,ATAC. M21020 8MM POLIESTER COR 100,130CM,15895711,348,135189,15889133BRITB00537,06/07/2026,10/08/2026,13,,10/08/2026,,,,#N/A,1163455,FILA,
2056,OK,DASS ITABERABA,70,140512,1421812,95779,ATAC. M21020 8MM REFLEX COR 5998/1,115CM,15895711,336,135189,15889195BRITB00542,06/07/2026,10/08/2026,13,,10/08/2026,,,,#N/A,1421812,FILA,
2057,OK,DASS ITABERABA,70,140512,1421812,95779,ATAC. M21020 8MM REFLEX COR 5998/1,115CM,15895711,348,135189,15889196BRITB00542,06/07/2026,10/08/2026,13,,10/08/2026,,,,#N/A,1421812,FILA,
2058,OK,DASS ITABERABA,70,140512,1421812,95779,ATAC. M21020 8MM REFLEX COR 5998/1,125CM,15895711,432,135189,15889195BRITB00542,06/07/2026,10/08/2026,13,,10/08/2026,,,,#N/A,1421812,FILA,
2059,OK,DASS ITABERABA,70,140512,1421812,95779,ATAC. M21020 8MM REFLEX COR 5998/1,125CM,15895711,444,135189,15889196BRITB00542,06/07/2026,10/08/2026,13,,10/08/2026,,,,#N/A,1421812,FILA,
2060,OK,DASS ITABERABA,70,140513,1403524,92945,FITA M32207 C/ GOMA POLIESTER COR 788 / COR 174 / COR 788,15MM,15895641,470,135525,0,06/07/2026,10/08/2026,13,,10/08/2026,,,,#N/A,1403524,FILA,
2061,OK,DASS ITABERABA,70,140513,1403527,92950,FITA M32207 C/ GOMA POLIESTER COR 114 / COR 491 / COR 114,15MM,15895641,440,135525,0,06/07/2026,10/08/2026,13,,10/08/2026,,,,#N/A,1403527,FILA,
2062,OK,DASS ITABERABA,70,140513,108955,70164,FITA MFGP C/ GOMA POLIESTER COR 100,8MM,15895641,120,135525,0,06/07/2026,10/08/2026,13,,10/08/2026,,,,#N/A,108955,FILA,
2063,OK,DASS ITABERABA,70,140513,1072623,72801,FITA MFGP C/ GOMA POLIESTER COR 057,8MM,15895641,60,135525,0,06/07/2026,10/08/2026,13,,10/08/2026,,,,#N/A,1072623,FILA,
2064,OK,DASS ITABERABA,70,140513,902057,73522,FITA MFGP C/ GOMA POLIESTER COR 057,15MM,15895641,190,135525,0,06/07/2026,10/08/2026,13,,10/08/2026,,,,#N/A,902057,FILA,
2065,OK,DASS ITABERABA,70,140513,1413356,73872,FITA MFGP C/ GOMA POLIESTER COR 057 / COR 114 / COR 057,15MM,15895641,130,135525,0,06/07/2026,10/08/2026,13,,10/08/2026,,,,#N/A,1413356,FILA,
2066,OK,DASS ITABERABA,70,140513,1104264,74030,FITA MFGP C/ GOMA POLIESTER COR 114,8MM,15895641,150,135525,0,06/07/2026,10/08/2026,13,,10/08/2026,,,,#N/A,1104264,FILA,
2067,OK,DASS ITABERABA,70,140513,1146621,78187,FITA MFGP C/ GOMA POLIESTER COR 053,8MM,15895641,230,135525,0,06/07/2026,10/08/2026,13,,10/08/2026,,,,#N/A,1146621,FILA,
2068,OK,DASS ITABERABA,70,140513,1342143,79466,FITA MFGP C/ GOMA POLIESTER COR 599,20MM,15895641,80,135525,0,06/07/2026,10/08/2026,13,,10/08/2026,,,,#N/A,1342143,FILA,
2069,OK,DASS ITABERABA,70,140513,1386952,92300,FITA MFGP C/ GOMA POLIESTER COR 788,15MM,15895641,320,135525,0,06/07/2026,10/08/2026,13,,10/08/2026,,,,#N/A,1386952,FILA,
2070,OK,DASS ITABERABA,70,140513,1401452,95090,FITA MFGP C/ GOMA POLIESTER COR 6009 / COR 174 / COR 6009,15MM,15895641,100,135525,0,06/07/2026,10/08/2026,13,,10/08/2026,,,,#N/A,1401452,FILA,
2071,OK,DASS ITABERABA,70,140513,1413354,95091,FITA MFGP C/ GOMA POLIESTER COR 114 / COR 5998 / COR 114,15MM,15895641,530,135525,0,06/07/2026,10/08/2026,13,,10/08/2026,,,,#N/A,1413354,FILA,
2072,OK,DASS ITABERABA,70,140513,1401457,95093,FITA MFGP C/ GOMA POLIESTER COR 6038 / COR 4039 / COR 6038,15MM,15895641,170,135525,0,06/07/2026,10/08/2026,13,,10/08/2026,,,,#N/A,1401457,FILA,
2073,OK,DASS ITABERABA,70,140513,1316829,87946,FITA M31119 C/ GOMA POLIESTER COR 100/ COR 5535/ COR 102,16MM,15895641,90,135525,0,06/07/2026,10/08/2026,13,,10/08/2026,,,,#N/A,1316829,FILA,
2074,OK,DASS ITABERABA,70,140513,1358112,92574,FITA M31119 C/ GOMA POLIESTER COR 057 / COR 102 / COR 102,16MM,15895641,90,135525,0,06/07/2026,10/08/2026,13,,10/08/2026,,,,#N/A,1358112,FILA,
2075,OK,DASS ITABERABA,70,140513,1404666,92991,FITA M31119 C/ GOMA POLIESTER COR 100 / COR 5768 / COR 599,16MM,15895641,140,135525,0,06/07/2026,10/08/2026,13,,10/08/2026,,,,#N/A,1404666,FILA,
2076,OK,DASS ITABERABA,70,140513,1416908,95301,FITA M31119 C/ GOMA POLIESTER COR 6038 / COR 5508 / COR 5508,16MM,15895641,70,135525,0,06/07/2026,10/08/2026,13,,10/08/2026,,,,#N/A,1416908,FILA,
2077,OK,DASS ITABERABA,70,140513,1417771,95383,FITA M31119 C/ GOMA POLIESTER COR 5855 / COR 5768 / COR 5768,16MM,15895641,140,135525,0,06/07/2026,10/08/2026,13,,10/08/2026,,,,#N/A,1417771,FILA,
2078,OK,DASS ITABERABA,70,140513,1411433,95384,FITA M31119 C/ GOMA POLIESTER COR 6008 / COR 102 / COR 102,16MM,15895641,80,135525,0,06/07/2026,10/08/2026,13,,10/08/2026,,,,#N/A,1411433,FILA,
2120,OK,DASS ITABERABA,70,140976,1404666,92991,FITA M31119 C/ GOMA POLIESTER COR 100 / COR 5768 / COR 599,16MM,15935264,10,135663,0,20/07/2026,10/08/2026,13,,10/08/2026,,,,#N/A,1404666,FILA,
2458,OK,DASS SANTO ANTONIO,1526,140529,1260166,73756,ATAC. M10110 5MM POLIESTER COR 100 / COR 263,115CM,15886053,684,135203,15884397BRSA001868,06/07/2026,10/08/2026,13,,10/08/2026,,,,#N/A,1260166,FILA,
2459,OK,DASS SANTO ANTONIO,1526,140529,1260166,73756,ATAC. M10110 5MM POLIESTER COR 100 / COR 263,115CM,15886053,708,135203,15884398BRSA001868,06/07/2026,10/08/2026,13,,10/08/2026,,,,#N/A,1260166,FILA,
2460,OK,DASS SANTO ANTONIO,1526,140529,1260166,73756,ATAC. M10110 5MM POLIESTER COR 100 / COR 263,125CM,15886053,312,135203,15884397BRSA001868,06/07/2026,10/08/2026,13,,10/08/2026,,,,#N/A,1260166,FILA,
2461,OK,DASS SANTO ANTONIO,1526,140529,1260166,73756,ATAC. M10110 5MM POLIESTER COR 100 / COR 263,125CM,15886053,360,135203,15884398BRSA001868,06/07/2026,10/08/2026,13,,10/08/2026,,,,#N/A,1260166,FILA,
2462,OK,DASS SANTO ANTONIO,1526,140529,1294817,87843,ATAC. M10110 5MM POLIESTER COR 599 / COR 114,105CM,15886053,360,135203,15884407BRSA001878,06/07/2026,10/08/2026,13,,10/08/2026,,,,#N/A,1294817,FILA,
2463,OK,DASS SANTO ANTONIO,1526,140529,1294817,87843,ATAC. M10110 5MM POLIESTER COR 599 / COR 114,105CM,15886053,360,135203,15884408BRSA001878,06/07/2026,10/08/2026,13,,10/08/2026,,,,#N/A,1294817,FILA,
2464,OK,DASS SANTO ANTONIO,1526,140529,1294817,87843,ATAC. M10110 5MM POLIESTER COR 599 / COR 114,105CM,15886053,540,135203,15884409BRSA001879,06/07/2026,10/08/2026,13,,10/08/2026,,,,#N/A,1294817,FILA,
2465,OK,DASS SANTO ANTONIO,1526,140529,1294817,87843,ATAC. M10110 5MM POLIESTER COR 599 / COR 114,115CM,15886053,408,135203,15884407BRSA001878,06/07/2026,10/08/2026,13,,10/08/2026,,,,#N/A,1294817,FILA,
2466,OK,DASS SANTO ANTONIO,1526,140529,1294817,87843,ATAC. M10110 5MM POLIESTER COR 599 / COR 114,115CM,15886053,432,135203,15884408BRSA001878,06/07/2026,10/08/2026,13,,10/08/2026,,,,#N/A,1294817,FILA,
2467,OK,DASS SANTO ANTONIO,1526,140529,1294817,87843,ATAC. M10110 5MM POLIESTER COR 599 / COR 114,115CM,15886053,756,135203,15884409BRSA001879,06/07/2026,10/08/2026,13,,10/08/2026,,,,#N/A,1294817,FILA,
2121,OK,DASS ITABERABA,70,141185,1425014,94000,FITA MFGP C/ GOMA POLIESTER COR 5598,15MM,15971071,110,135860,0,24/07/2026,12/08/2026,15,,12/08/26,,,,#N/A,1425014,ASICS,NORMAL
2122,OK,DASS ITABERABA,70,141185,1425015,94116,FITA MFGP C/ GOMA POLIESTER COR 5938,15MM,15971071,140,135860,0,24/07/2026,12/08/2026,15,,12/08/26,,,,#N/A,1425015,ASICS,NORMAL
2123,OK,DASS ITABERABA,70,141185,1425016,94160,FITA MFGP C/ GOMA POLIESTER COR 5451,15MM,15971071,410,135860,0,24/07/2026,12/08/2026,15,,12/08/26,,,,#N/A,1425016,ASICS,NORMAL
2124,OK,DASS ITABERABA,70,141186,1229330,84206,ATAC. M18006 POLIESTER COR 4085,120CM,15971078,325,135861,15966155ASB0053031,24/07/2026,12/08/2026,15,,12/08/26,,,,#N/A,1229330,ASICS,NORMAL
2125,OK,DASS ITABERABA,70,141186,1229330,84206,ATAC. M18006 POLIESTER COR 4085,130CM,15971078,108,135861,15966155ASB0053031,24/07/2026,12/08/2026,15,,12/08/26,,,,#N/A,1229330,ASICS,NORMAL
2126,OK,DASS ITABERABA,70,141186,1224351,87178,ATAC. M18006 POLIESTER COR 5227,120CM,15971078,233,135861,15966154ASB0053032,24/07/2026,12/08/2026,15,,12/08/26,,,,#N/A,1224351,ASICS,NORMAL
2127,OK,DASS ITABERABA,70,141186,1224351,87178,ATAC. M18006 POLIESTER COR 5227,130CM,15971078,78,135861,15966154ASB0053032,24/07/2026,12/08/2026,15,,12/08/26,,,,#N/A,1224351,ASICS,NORMAL
2128,OK,DASS ITABERABA,70,141186,1275982,87249,ATAC. M18006 POLIESTER COR 5604,120CM,15971078,233,135861,15966152ASB0053033,24/07/2026,12/08/2026,15,,12/08/26,,,,#N/A,1275982,ASICS,NORMAL
2129,OK,DASS ITABERABA,70,141186,1275982,87249,ATAC. M18006 POLIESTER COR 5604,130CM,15971078,78,135861,15966152ASB0053033,24/07/2026,12/08/2026,15,,12/08/26,,,,#N/A,1275982,ASICS,NORMAL
2130,OK,DASS ITABERABA,70,141186,1310003,87888,ATAC. M18006 POLIESTER COR 5451,110CM,15971078,285,135861,15966177ASB0053023,24/07/2026,12/08/2026,15,,12/08/26,,,,#N/A,1310003,ASICS,NORMAL
2131,OK,DASS ITABERABA,70,141186,1310003,87888,ATAC. M18006 POLIESTER COR 5451,120CM,15971078,1063,135861,15966167ASB0052996,24/07/2026,12/08/2026,15,,12/08/26,,,,#N/A,1310003,ASICS,NORMAL
2132,OK,DASS ITABERABA,70,141186,1310003,87888,ATAC. M18006 POLIESTER COR 5451,120CM,15971078,325,135861,15966169ASB0052998,24/07/2026,12/08/2026,15,,12/08/26,,,,#N/A,1310003,ASICS,NORMAL
2133,OK,DASS ITABERABA,70,141186,1310003,87888,ATAC. M18006 POLIESTER COR 5451,120CM,15971078,284,135861,15966177ASB0053023,24/07/2026,12/08/2026,15,,12/08/26,,,,#N/A,1310003,ASICS,NORMAL
2134,OK,DASS ITABERABA,70,141186,1310003,87888,ATAC. M18006 POLIESTER COR 5451,130CM,15971078,433,135861,15966167ASB0052996,24/07/2026,12/08/2026,15,,12/08/26,,,,#N/A,1310003,ASICS,NORMAL
2135,OK,DASS ITABERABA,70,141186,1310003,87888,ATAC. M18006 POLIESTER COR 5451,130CM,15971078,108,135861,15966169ASB0052998,24/07/2026,12/08/2026,15,,12/08/26,,,,#N/A,1310003,ASICS,NORMAL
2136,OK,DASS ITABERABA,70,141186,1393574,92387,ATAC. M18006 POLIESTER COR 230,120CM,15971078,233,135861,15966153ASB0053034,24/07/2026,12/08/2026,15,,12/08/26,,,,#N/A,1393574,ASICS,NORMAL
2137,OK,DASS ITABERABA,70,141186,1393574,92387,ATAC. M18006 POLIESTER COR 230,130CM,15971078,78,135861,15966153ASB0053034,24/07/2026,12/08/2026,15,,12/08/26,,,,#N/A,1393574,ASICS,NORMAL
2138,OK,DASS ITABERABA,70,141186,1400181,94829,ATAC. M18006 POLIESTER COR 6104,110CM,15971078,436,135861,15966175ASB0053020,24/07/2026,12/08/2026,15,,12/08/26,,,,#N/A,1400181,ASICS,NORMAL
2139,OK,DASS ITABERABA,70,141186,1400181,94829,ATAC. M18006 POLIESTER COR 6104,120CM,15971078,145,135861,15966175ASB0053020,24/07/2026,12/08/2026,15,,12/08/26,,,,#N/A,1400181,ASICS,NORMAL
2140,OK,DASS ITABERABA,70,141186,1248962,84199,ATAC. 6ALN POLIESTER COR 4085,140CM,15971078,581,135861,15966113ASB0053024,24/07/2026,12/08/2026,15,,12/08/26,,,,#N/A,1248962,ASICS,NORMAL
2141,OK,DASS ITABERABA,70,141186,1248962,84199,ATAC. 6ALN POLIESTER COR 4085,140CM,15971078,593,135861,15966115ASB0053025,24/07/2026,12/08/2026,15,,12/08/26,,,,#N/A,1248962,ASICS,NORMAL
2142,OK,DASS ITABERABA,70,141186,1341986,89369,ATAC. 6ALN POLIESTER COR 5711,130CM,15971078,349,135861,15966120ASB0053026,24/07/2026,12/08/2026,15,,12/08/26,,,,#N/A,1341986,ASICS,NORMAL
2143,OK,DASS ITABERABA,70,141186,1392404,92608,ATAC. 6ALN POLIESTER COR 4588,130CM,15971078,335,135861,15966129ASB0053027,24/07/2026,12/08/2026,15,,12/08/26,,,,#N/A,1392404,ASICS,NORMAL
2144,OK,DASS ITABERABA,70,141186,1245215,76319,ATAC. 6AL 6MM POLIESTER COR 4085,130CM,15971078,697,135861,15966130ASB0052971,24/07/2026,12/08/2026,15,,12/08/26,,,,#N/A,1245215,ASICS,NORMAL
2145,OK,DASS ITABERABA,70,141186,1245215,76319,ATAC. 6AL 6MM POLIESTER COR 4085,130CM,15971078,654,135861,15966131ASB0053039,24/07/2026,12/08/2026,15,,12/08/26,,,,#N/A,1245215,ASICS,NORMAL
2146,OK,DASS ITABERABA,70,141186,1245215,76319,ATAC. 6AL 6MM POLIESTER COR 4085,130CM,15971078,676,135861,15966132ASB0053039,24/07/2026,12/08/2026,15,,12/08/26,,,,#N/A,1245215,ASICS,NORMAL
2147,OK,DASS ITABERABA,70,141186,1245215,76319,ATAC. 6AL 6MM POLIESTER COR 4085,140CM,15971078,232,135861,15966130ASB0052971,24/07/2026,12/08/2026,15,,12/08/26,,,,#N/A,1245215,ASICS,NORMAL
2148,OK,DASS ITABERABA,70,141186,1245215,76319,ATAC. 6AL 6MM POLIESTER COR 4085,140CM,15971078,648,135861,15966131ASB0053039,24/07/2026,12/08/2026,15,,12/08/26,,,,#N/A,1245215,ASICS,NORMAL
2149,OK,DASS ITABERABA,70,141186,1245215,76319,ATAC. 6AL 6MM POLIESTER COR 4085,140CM,15971078,680,135861,15966132ASB0053039,24/07/2026,12/08/2026,15,,12/08/26,,,,#N/A,1245215,ASICS,NORMAL
2150,OK,DASS ITABERABA,70,141186,1313035,87706,ATAC. 6AL 6MM POLIESTER COR 987,130CM,15971078,532,135861,15966134ASB0053042,24/07/2026,12/08/2026,15,,12/08/26,,,,#N/A,1313035,ASICS,NORMAL
2151,OK,DASS ITABERABA,70,141186,1313035,87706,ATAC. 6AL 6MM POLIESTER COR 987,140CM,15971078,333,135861,15966134ASB0053042,24/07/2026,12/08/2026,15,,12/08/26,,,,#N/A,1313035,ASICS,NORMAL
2152,OK,DASS ITABERABA,70,141186,1313036,89518,ATAC. 6AL 6MM POLIESTER COR 5217,130CM,15971078,431,135861,15966133ASB0052972,24/07/2026,12/08/2026,15,,12/08/26,,,,#N/A,1313036,ASICS,NORMAL
2153,OK,DASS ITABERABA,70,141186,1313036,89518,ATAC. 6AL 6MM POLIESTER COR 5217,140CM,15971078,350,135861,15966133ASB0052972,24/07/2026,12/08/2026,15,,12/08/26,,,,#N/A,1313036,ASICS,NORMAL
2154,OK,DASS ITABERABA,70,141186,1392983,92836,ATAC. 6AL 6MM POLIESTER COR 5936,130CM,15971078,583,135861,15966135ASB0053044,24/07/2026,12/08/2026,15,,12/08/26,,,,#N/A,1392983,ASICS,NORMAL
2155,OK,DASS ITABERABA,70,141186,1392983,92836,ATAC. 6AL 6MM POLIESTER COR 5936,140CM,15971078,210,135861,15966135ASB0053044,24/07/2026,12/08/2026,15,,12/08/26,,,,#N/A,1392983,ASICS,NORMAL
2156,OK,DASS ITABERABA,70,141187,1400178,93698,CORDAO M9099 POLIESTER COR 5451,1.8MM,15971081,1280,135862,0,24/07/2026,12/08/2026,15,,12/08/26,,,,#N/A,1400178,ASICS,NORMAL
2157,OK,DASS ITABERABA,70,141187,1406476,94877,CORDAO M9099 POLIESTER COR 6104,1.8MM,15971081,280,135862,0,24/07/2026,12/08/2026,15,,12/08/26,,,,#N/A,1406476,ASICS,NORMAL
2283,OK,DASS VITORIA,391,140712,1328498,95645,ATAC. M13801 POLIESTER COR 058,120CM,15911493,552,135435,15909882BRI010353,09/07/2026,12/08/2026,15,,12/08/26,,,,#N/A,1328498,UMBRO,CONTA E ORDEM VITÓRIA X ITABERABA
2284,OK,DASS VITORIA,391,140712,1328498,95645,ATAC. M13801 POLIESTER COR 058,130CM,15911493,204,135435,15909882BRI010353,09/07/2026,12/08/2026,15,,12/08/26,,,,#N/A,1328498,UMBRO,CONTA E ORDEM VITÓRIA X ITABERABA
2285,OK,DASS VITORIA,391,140804,124428,69623,FITA MFGP POLIESTER COR 102,12MM,15920680,50,135511,0,13/07/2026,12/08/2026,15,,12/08/26,,,,#N/A,124428,UMBRO,CONTA E ORDEM VITÓRIA X SANTO ANTÔNIO DE JESUS
2315,OK,DASS VITORIA,391,140941,827533,95643,ATAC. M13801 POLIESTER COR 100,120CM,15939236,432,135628,15936813BRI010385-,17/07/2026,12/08/2026,15,,12/08/26,,,,#N/A,827533,UMBRO,CONTA E ORDEM VITÓRIA X ITABERABA
2316,OK,DASS VITORIA,391,140941,827533,95643,ATAC. M13801 POLIESTER COR 100,120CM,15939236,444,135628,15936814BRI010385-,17/07/2026,12/08/2026,15,,12/08/26,,,,#N/A,827533,UMBRO,CONTA E ORDEM VITÓRIA X ITABERABA
2317,OK,DASS VITORIA,391,140941,827533,95643,ATAC. M13801 POLIESTER COR 100,120CM,15939236,384,135628,15936815BRI010386-,17/07/2026,12/08/2026,15,,12/08/26,,,,#N/A,827533,UMBRO,CONTA E ORDEM VITÓRIA X ITABERABA
2318,OK,DASS VITORIA,391,140941,827533,95643,ATAC. M13801 POLIESTER COR 100,120CM,15939236,408,135628,15936816BRI010386-,17/07/2026,12/08/2026,15,,12/08/26,,,,#N/A,827533,UMBRO,CONTA E ORDEM VITÓRIA X ITABERABA
2319,OK,DASS VITORIA,391,140941,827533,95643,ATAC. M13801 POLIESTER COR 100,130CM,15939236,492,135628,15936813BRI010385-,17/07/2026,12/08/2026,15,,12/08/26,,,,#N/A,827533,UMBRO,CONTA E ORDEM VITÓRIA X ITABERABA
2320,OK,DASS VITORIA,391,140941,827533,95643,ATAC. M13801 POLIESTER COR 100,130CM,15939236,480,135628,15936814BRI010385-,17/07/2026,12/08/2026,15,,12/08/26,,,,#N/A,827533,UMBRO,CONTA E ORDEM VITÓRIA X ITABERABA
2321,OK,DASS VITORIA,391,140941,827533,95643,ATAC. M13801 POLIESTER COR 100,130CM,15939236,504,135628,15936815BRI010386-,17/07/2026,12/08/2026,15,,12/08/26,,,,#N/A,827533,UMBRO,CONTA E ORDEM VITÓRIA X ITABERABA
2322,OK,DASS VITORIA,391,140941,827533,95643,ATAC. M13801 POLIESTER COR 100,130CM,15939236,516,135628,15936816BRI010386-,17/07/2026,12/08/2026,15,,12/08/26,,,,#N/A,827533,UMBRO,CONTA E ORDEM VITÓRIA X ITABERABA
2323,OK,DASS VITORIA,391,140941,827530,95644,ATAC. M13801 POLIESTER COR 102,110CM,15939236,336,135628,15936872BRI010412-,17/07/2026,12/08/2026,15,,12/08/26,,,,#N/A,827530,UMBRO,CONTA E ORDEM VITÓRIA X ITABERABA
2324,OK,DASS VITORIA,391,140941,827530,95644,ATAC. M13801 POLIESTER COR 102,110CM,15939236,336,135628,15936874BRI010412-,17/07/2026,12/08/2026,15,,12/08/26,,,,#N/A,827530,UMBRO,CONTA E ORDEM VITÓRIA X ITABERABA
2325,OK,DASS VITORIA,391,140941,827530,95644,ATAC. M13801 POLIESTER COR 102,110CM,15939236,324,135628,15936875BRI010413-,17/07/2026,12/08/2026,15,,12/08/26,,,,#N/A,827530,UMBRO,CONTA E ORDEM VITÓRIA X ITABERABA
2326,OK,DASS VITORIA,391,140941,827530,95644,ATAC. M13801 POLIESTER COR 102,110CM,15939236,336,135628,15936876BRI010413-,17/07/2026,12/08/2026,15,,12/08/26,,,,#N/A,827530,UMBRO,CONTA E ORDEM VITÓRIA X ITABERABA
2327,OK,DASS VITORIA,391,140941,827530,95644,ATAC. M13801 POLIESTER COR 102,110CM,15939236,324,135628,15936877BRI010414-,17/07/2026,12/08/2026,15,,12/08/26,,,,#N/A,827530,UMBRO,CONTA E ORDEM VITÓRIA X ITABERABA
2328,OK,DASS VITORIA,391,140941,827530,95644,ATAC. M13801 POLIESTER COR 102,110CM,15939236,336,135628,15936878BRI010414-,17/07/2026,12/08/2026,15,,12/08/26,,,,#N/A,827530,UMBRO,CONTA E ORDEM VITÓRIA X ITABERABA
2329,OK,DASS VITORIA,391,140941,827530,95644,ATAC. M13801 POLIESTER COR 102,110CM,15939236,312,135628,15936888BRI010417-,17/07/2026,12/08/2026,15,,12/08/26,,,,#N/A,827530,UMBRO,CONTA E ORDEM VITÓRIA X ITABERABA
2330,OK,DASS VITORIA,391,140941,827530,95644,ATAC. M13801 POLIESTER COR 102,110CM,15939236,300,135628,15936889BRI010417-,17/07/2026,12/08/2026,15,,12/08/26,,,,#N/A,827530,UMBRO,CONTA E ORDEM VITÓRIA X ITABERABA
2331,OK,DASS VITORIA,391,140941,827530,95644,ATAC. M13801 POLIESTER COR 102,120CM,15939236,480,135628,15936872BRI010412-,17/07/2026,12/08/2026,15,,12/08/26,,,,#N/A,827530,UMBRO,CONTA E ORDEM VITÓRIA X ITABERABA
2332,OK,DASS VITORIA,391,140941,827530,95644,ATAC. M13801 POLIESTER COR 102,120CM,15939236,516,135628,15936874BRI010412-,17/07/2026,12/08/2026,15,,12/08/26,,,,#N/A,827530,UMBRO,CONTA E ORDEM VITÓRIA X ITABERABA
2333,OK,DASS VITORIA,391,140941,827530,95644,ATAC. M13801 POLIESTER COR 102,120CM,15939236,480,135628,15936875BRI010413-,17/07/2026,12/08/2026,15,,12/08/26,,,,#N/A,827530,UMBRO,CONTA E ORDEM VITÓRIA X ITABERABA
2334,OK,DASS VITORIA,391,140941,827530,95644,ATAC. M13801 POLIESTER COR 102,120CM,15939236,516,135628,15936876BRI010413-,17/07/2026,12/08/2026,15,,12/08/26,,,,#N/A,827530,UMBRO,CONTA E ORDEM VITÓRIA X ITABERABA
2335,OK,DASS VITORIA,391,140941,827530,95644,ATAC. M13801 POLIESTER COR 102,120CM,15939236,480,135628,15936877BRI010414-,17/07/2026,12/08/2026,15,,12/08/26,,,,#N/A,827530,UMBRO,CONTA E ORDEM VITÓRIA X ITABERABA
2336,OK,DASS VITORIA,391,140941,827530,95644,ATAC. M13801 POLIESTER COR 102,120CM,15939236,516,135628,15936878BRI010414-,17/07/2026,12/08/2026,15,,12/08/26,,,,#N/A,827530,UMBRO,CONTA E ORDEM VITÓRIA X ITABERABA
2337,OK,DASS VITORIA,391,140941,827530,95644,ATAC. M13801 POLIESTER COR 102,120CM,15939236,540,135628,15936888BRI010417-,17/07/2026,12/08/2026,15,,12/08/26,,,,#N/A,827530,UMBRO,CONTA E ORDEM VITÓRIA X ITABERABA
2338,OK,DASS VITORIA,391,140941,827530,95644,ATAC. M13801 POLIESTER COR 102,120CM,15939236,576,135628,15936889BRI010417-,17/07/2026,12/08/2026,15,,12/08/26,,,,#N/A,827530,UMBRO,CONTA E ORDEM VITÓRIA X ITABERABA
2339,OK,DASS VITORIA,391,140941,1328498,95645,ATAC. M13801 POLIESTER COR 058,120CM,15939236,120,135628,15936892BRI010389,17/07/2026,12/08/2026,15,,12/08/26,,,,#N/A,1328498,UMBRO,CONTA E ORDEM VITÓRIA X ITABERABA
2340,OK,DASS VITORIA,391,140941,1328498,95645,ATAC. M13801 POLIESTER COR 058,130CM,15939236,180,135628,15936892BRI010389,17/07/2026,12/08/2026,15,,12/08/26,,,,#N/A,1328498,UMBRO,CONTA E ORDEM VITÓRIA X ITABERABA
19,OK,DASS SEST,7,137929,1048514,82631,ATAC. MR110012 8MM RECICLADO COR 4699/PET,115CM,15632091,306,132706,15625153NBR3282776,28/04/2026,17/08/2026,20,,17/08/26,,,,#N/A,1048514,NIKE,
20,OK,DASS SEST,7,137929,1048514,82631,ATAC. MR110012 8MM RECICLADO COR 4699/PET,120CM,15632091,1142,132706,15625153NBR3282776,28/04/2026,17/08/2026,20,,17/08/26,,,,#N/A,1048514,NIKE,
126,OK,DASS SEST,7,139062,1065806,93661,ATAC. MR110029 RECICLADO COR 4662/PET,120CM,15758595,84,133773,15758319NBR3282839,28/05/2026,17/08/2026,20,,17/08/26,,,,#N/A,1065806,NIKE,
127,OK,DASS SEST,7,139062,1065806,93661,ATAC. MR110029 RECICLADO COR 4662/PET,120CM,15758595,84,133773,15758320NBR3282839,28/05/2026,17/08/2026,20,,17/08/26,,,,#N/A,1065806,NIKE,
128,OK,DASS SEST,7,139062,1065806,93661,ATAC. MR110029 RECICLADO COR 4662/PET,120CM,15758595,60,133773,15758322NBR3282957,28/05/2026,17/08/2026,20,,17/08/26,,,,#N/A,1065806,NIKE,
129,OK,DASS SEST,7,139062,1065806,93661,ATAC. MR110029 RECICLADO COR 4662/PET,120CM,15758595,78,133773,15758323NBR3282957,28/05/2026,17/08/2026,20,,17/08/26,,,,#N/A,1065806,NIKE,
130,OK,DASS SEST,7,139062,1065806,93661,ATAC. MR110029 RECICLADO COR 4662/PET,130CM,15758595,771,133773,15758319NBR3282839,28/05/2026,17/08/2026,20,,17/08/26,,,,#N/A,1065806,NIKE,
131,OK,DASS SEST,7,139062,1065806,93661,ATAC. MR110029 RECICLADO COR 4662/PET,130CM,15758595,786,133773,15758320NBR3282839,28/05/2026,17/08/2026,20,,17/08/2026,,,,#N/A,1065806,NIKE,
132,OK,DASS SEST,7,139062,1065806,93661,ATAC. MR110029 RECICLADO COR 4662/PET,130CM,15758595,963,133773,15758322NBR3282957,28/05/2026,17/08/2026,20,,17/08/2026,,,,#N/A,1065806,NIKE,
133,OK,DASS SEST,7,139062,1065806,93661,ATAC. MR110029 RECICLADO COR 4662/PET,130CM,15758595,1020,133773,15758323NBR3282957,28/05/2026,17/08/2026,20,,17/08/2026,,,,#N/A,1065806,NIKE,
134,OK,DASS SEST,7,139062,1065806,93661,ATAC. MR110029 RECICLADO COR 4662/PET,140CM,15758595,174,133773,15758319NBR3282839,28/05/2026,17/08/2026,20,,17/08/2026,,,,#N/A,1065806,NIKE,
135,OK,DASS SEST,7,139062,1065806,93661,ATAC. MR110029 RECICLADO COR 4662/PET,140CM,15758595,156,133773,15758320NBR3282839,28/05/2026,17/08/2026,20,,17/08/2026,,,,#N/A,1065806,NIKE,
136,OK,DASS SEST,7,139062,1065806,93661,ATAC. MR110029 RECICLADO COR 4662/PET,140CM,15758595,120,133773,15758322NBR3282957,28/05/2026,17/08/2026,20,,17/08/2026,,,,#N/A,1065806,NIKE,
137,OK,DASS SEST,7,139062,1065806,93661,ATAC. MR110029 RECICLADO COR 4662/PET,140CM,15758595,120,133773,15758323NBR3282957,28/05/2026,17/08/2026,20,,17/08/2026,,,,#N/A,1065806,NIKE,
159,OK,DASS SEST,7,139226,1188919,82628,ATAC. MR140014 6MM RECICLADO COR 4085/PET,105CM,15775192,306,133927,15773813NBR3282910,01/06/2026,17/08/2026,20,,17/08/2026,,,,#N/A,1188919,NIKE,
160,OK,DASS SEST,7,139226,1188919,82628,ATAC. MR140014 6MM RECICLADO COR 4085/PET,105CM,15775192,306,133927,15773814NBR3282917,01/06/2026,17/08/2026,20,,17/08/2026,,,,#N/A,1188919,NIKE,
161,OK,DASS SEST,7,139226,1188919,82628,ATAC. MR140014 6MM RECICLADO COR 4085/PET,110CM,15775192,866,133927,15773813NBR3282910,01/06/2026,17/08/2026,20,,17/08/2026,,,,#N/A,1188919,NIKE,
162,OK,DASS SEST,7,139226,1188919,82628,ATAC. MR140014 6MM RECICLADO COR 4085/PET,110CM,15775192,866,133927,15773814NBR3282917,01/06/2026,17/08/2026,20,,17/08/2026,,,,#N/A,1188919,NIKE,
163,OK,DASS SEST,7,139226,1188919,82628,ATAC. MR140014 6MM RECICLADO COR 4085/PET,115CM,15775192,348,133927,15773813NBR3282910,01/06/2026,17/08/2026,20,,17/08/2026,,,,#N/A,1188919,NIKE,
164,OK,DASS SEST,7,139226,1188919,82628,ATAC. MR140014 6MM RECICLADO COR 4085/PET,115CM,15775192,348,133927,15773814NBR3282917,01/06/2026,17/08/2026,20,,17/08/2026,,,,#N/A,1188919,NIKE,
165,OK,DASS SEST,7,139227,1220520,82624,FITA MR100037 C/ GOMA RECICLADO COR 100/PET,18MM,15775271,860,133928,0,01/06/2026,17/08/2026,20,,17/08/2026,,,,#N/A,1220520,NIKE,
288,OK,DASS SEST,7,139573,1200469,74007,FITA M32164 C/ GOMA POLIESTER COR 4085,10MM,15816781,290,134324,0,11/06/2026,17/08/2026,20,,17/08/2026,,,,#N/A,1200469,NIKE,
289,OK,DASS SEST,7,139573,1247438,83739,FITA M32164 C/ GOMA POLIESTER COR 4662,10MM,15816781,110,134324,0,11/06/2026,17/08/2026,20,,17/08/2026,,,,#N/A,1247438,NIKE,
315,OK,DASS SEST,7,139635,1426278,95798,ATAC. MR130027 6MM RECICLADO COR 4409/PET,100CM,15816409,207,134338,15815485NBR3282845,12/06/2026,17/08/2026,20,,17/08/2026,,,,#N/A,1426278,NIKE,
316,OK,DASS SEST,7,139635,1426278,95798,ATAC. MR130027 6MM RECICLADO COR 4409/PET,105CM,15816409,629,134338,15815485NBR3282845,12/06/2026,17/08/2026,20,,17/08/2026,,,,#N/A,1426278,NIKE,
317,OK,DASS SEST,7,139635,1426278,95798,ATAC. MR130027 6MM RECICLADO COR 4409/PET,110CM,15816409,183,134338,15815485NBR3282845,12/06/2026,17/08/2026,20,,17/08/2026,,,,#N/A,1426278,NIKE,
333,OK,DASS SEST,7,139650,1188919,82628,ATAC. MR140014 6MM RECICLADO COR 4085/PET,100CM,15819908,602,134360,15818124NBR3282900,12/06/2026,17/08/2026,20,,17/08/2026,,,,#N/A,1188919,NIKE,
334,OK,DASS SEST,7,139650,1188919,82628,ATAC. MR140014 6MM RECICLADO COR 4085/PET,100CM,15819908,667,134360,15818125NBR3282900,12/06/2026,17/08/2026,20,,17/08/2026,,,,#N/A,1188919,NIKE,
335,OK,DASS SEST,7,139650,1188919,82628,ATAC. MR140014 6MM RECICLADO COR 4085/PET,105CM,15819908,313,134360,15818124NBR3282900,12/06/2026,17/08/2026,20,,17/08/2026,,,,#N/A,1188919,NIKE,
336,OK,DASS SEST,7,139650,1188919,82628,ATAC. MR140014 6MM RECICLADO COR 4085/PET,105CM,15819908,335,134360,15818125NBR3282900,12/06/2026,17/08/2026,20,,17/08/2026,,,,#N/A,1188919,NIKE,
337,OK,DASS SEST,7,139651,1233820,84961,FITA M32164 C/ GOMA POLIESTER COR 4021,10MM,15820133,140,134361,0,12/06/2026,17/08/2026,20,,17/08/2026,,,,#N/A,1233820,NIKE,
338,OK,DASS SEST,7,139651,1301286,87678,FITA M32164 C/ GOMA POLIESTER COR 4588,10MM,15820133,160,134361,0,12/06/2026,17/08/2026,20,,17/08/2026,,,,#N/A,1301286,NIKE,
421,OK,DASS SEST,7,139933,1353470,92963,FITA M31119 C/ GOMA POLIESTER COR 102 / COR 100 / COR 100,16MM,15849660,1230,134609,0,22/06/2026,17/08/2026,20,,17/08/2026,,,,#N/A,1353470,FILA,
422,OK,DASS SEST,7,139933,1400623,95146,FITA M31119 C/ GOMA POLIESTER COR 447 / COR 114 / COR 114,16MM,15849660,180,134609,0,22/06/2026,17/08/2026,20,,17/08/2026,,,,#N/A,1400623,FILA,
423,OK,DASS SEST,7,139933,1406217,95486,FITA M31119 C/ GOMA POLIESTER COR 447 / COR 100 / COR 100,16MM,15849660,110,134609,0,22/06/2026,17/08/2026,20,,17/08/2026,,,,#N/A,1406217,FILA,
478,OK,DASS SEST,7,140093,1332602,88808,ATAC. M12176 5MM POLIESTER COR 4085,105CM,15859152,402,134782,15858557NBR3282961,25/06/2026,17/08/2026,20,,17/08/2026,,,,#N/A,1332602,NIKE,
479,OK,DASS SEST,7,140093,1332602,88808,ATAC. M12176 5MM POLIESTER COR 4085,110CM,15859152,764,134782,15858557NBR3282961,25/06/2026,17/08/2026,20,,17/08/2026,,,,#N/A,1332602,NIKE,
480,OK,DASS SEST,7,140093,1332602,88808,ATAC. M12176 5MM POLIESTER COR 4085,115CM,15859152,246,134782,15858557NBR3282961,25/06/2026,17/08/2026,20,,17/08/2026,,,,#N/A,1332602,NIKE,
481,OK,DASS SEST,7,140093,1299257,86978,ATAC. MR130027 6MM RECICLADO COR 4085/PET,105CM,15859152,384,134782,15856844NBR3282938,25/06/2026,17/08/2026,20,,17/08/2026,,,,#N/A,1299257,NIKE,
482,OK,DASS SEST,7,140093,1299257,86978,ATAC. MR130027 6MM RECICLADO COR 4085/PET,105CM,15859152,402,134782,15856845NBR3282938,25/06/2026,17/08/2026,20,,17/08/2026,,,,#N/A,1299257,NIKE,
483,OK,DASS SEST,7,140093,1299257,86978,ATAC. MR130027 6MM RECICLADO COR 4085/PET,110CM,15859152,132,134782,15856840NBR3282936,25/06/2026,17/08/2026,20,,17/08/2026,,,,#N/A,1299257,NIKE,
484,OK,DASS SEST,7,140093,1299257,86978,ATAC. MR130027 6MM RECICLADO COR 4085/PET,110CM,15859152,120,134782,15856841NBR3282936,25/06/2026,17/08/2026,20,,17/08/2026,,,,#N/A,1299257,NIKE,
485,OK,DASS SEST,7,140093,1299257,86978,ATAC. MR130027 6MM RECICLADO COR 4085/PET,110CM,15859152,126,134782,15856842NBR3282936,25/06/2026,17/08/2026,20,,17/08/2026,,,,#N/A,1299257,NIKE,
486,OK,DASS SEST,7,140093,1299257,86978,ATAC. MR130027 6MM RECICLADO COR 4085/PET,110CM,15859152,470,134782,15856844NBR3282938,25/06/2026,17/08/2026,20,,17/08/2026,,,,#N/A,1299257,NIKE,
487,OK,DASS SEST,7,140093,1299257,86978,ATAC. MR130027 6MM RECICLADO COR 4085/PET,110CM,15859152,486,134782,15856845NBR3282938,25/06/2026,17/08/2026,20,,17/08/2026,,,,#N/A,1299257,NIKE,
488,OK,DASS SEST,7,140093,1299257,86978,ATAC. MR130027 6MM RECICLADO COR 4085/PET,115CM,15859152,627,134782,15856840NBR3282936,25/06/2026,17/08/2026,20,,17/08/2026,,,,#N/A,1299257,NIKE,
489,OK,DASS SEST,7,140093,1299257,86978,ATAC. MR130027 6MM RECICLADO COR 4085/PET,115CM,15859152,600,134782,15856841NBR3282936,25/06/2026,17/08/2026,20,,17/08/2026,,,,#N/A,1299257,NIKE,
490,OK,DASS SEST,7,140093,1299257,86978,ATAC. MR130027 6MM RECICLADO COR 4085/PET,115CM,15859152,618,134782,15856842NBR3282936,25/06/2026,17/08/2026,20,,17/08/2026,,,,#N/A,1299257,NIKE,
491,OK,DASS SEST,7,140093,1299257,86978,ATAC. MR130027 6MM RECICLADO COR 4085/PET,115CM,15859152,84,134782,15856844NBR3282938,25/06/2026,17/08/2026,20,,17/08/2026,,,,#N/A,1299257,NIKE,
492,OK,DASS SEST,7,140093,1299257,86978,ATAC. MR130027 6MM RECICLADO COR 4085/PET,115CM,15859152,72,134782,15856845NBR3282938,25/06/2026,17/08/2026,20,,17/08/2026,,,,#N/A,1299257,NIKE,
493,OK,DASS SEST,7,140093,1299257,86978,ATAC. MR130027 6MM RECICLADO COR 4085/PET,120CM,15859152,192,134782,15856840NBR3282936,25/06/2026,17/08/2026,20,,17/08/2026,,,,#N/A,1299257,NIKE,
494,OK,DASS SEST,7,140093,1299257,86978,ATAC. MR130027 6MM RECICLADO COR 4085/PET,120CM,15859152,192,134782,15856841NBR3282936,25/06/2026,17/08/2026,20,,17/08/2026,,,,#N/A,1299257,NIKE,
495,OK,DASS SEST,7,140093,1299257,86978,ATAC. MR130027 6MM RECICLADO COR 4085/PET,120CM,15859152,204,134782,15856842NBR3282936,25/06/2026,17/08/2026,20,,17/08/2026,,,,#N/A,1299257,NIKE,
496,OK,DASS SEST,7,140093,1301800,88695,ATAC. MR130027 6MM RECICLADO COR 4662/PET,105CM,15859152,540,134782,15856857NBR3282928,25/06/2026,17/08/2026,20,,17/08/2026,,,,#N/A,1301800,NIKE,
497,OK,DASS SEST,7,140093,1301800,88695,ATAC. MR130027 6MM RECICLADO COR 4662/PET,110CM,15859152,626,134782,15856857NBR3282928,25/06/2026,17/08/2026,20,,17/08/2026,,,,#N/A,1301800,NIKE,
498,OK,DASS SEST,7,140093,1301800,88695,ATAC. MR130027 6MM RECICLADO COR 4662/PET,115CM,15859152,54,134782,15856857NBR3282928,25/06/2026,17/08/2026,20,,17/08/2026,,,,#N/A,1301800,NIKE,
734,OK,DASS SEST,7,140126,1304277,88668,ATAC. MR110022 7MM RECICLADO COR 4085/PET / COR 496/PET,110CM,15855784,204,134817,15850197NBR3282865,25/06/2026,17/08/2026,20,,17/08/2026,,,,#N/A,1304277,NIKE,
735,OK,DASS SEST,7,140126,1304277,88668,ATAC. MR110022 7MM RECICLADO COR 4085/PET / COR 496/PET,110CM,15855784,246,134817,15850198NBR3282865,25/06/2026,17/08/2026,20,,17/08/2026,,,,#N/A,1304277,NIKE,
736,OK,DASS SEST,7,140126,1304277,88668,ATAC. MR110022 7MM RECICLADO COR 4085/PET / COR 496/PET,110CM,15855784,204,134817,15850200NBR3282877,25/06/2026,17/08/2026,20,,17/08/2026,,,,#N/A,1304277,NIKE,
737,OK,DASS SEST,7,140126,1304277,88668,ATAC. MR110022 7MM RECICLADO COR 4085/PET / COR 496/PET,110CM,15855784,246,134817,15850201NBR3282877,25/06/2026,17/08/2026,20,,17/08/2026,,,,#N/A,1304277,NIKE,
738,OK,DASS SEST,7,140126,1304277,88668,ATAC. MR110022 7MM RECICLADO COR 4085/PET / COR 496/PET,110CM,15855784,1071,134817,15850202NBR3282882,25/06/2026,17/08/2026,20,,17/08/2026,,,,#N/A,1304277,NIKE,
739,OK,DASS SEST,7,140126,1304277,88668,ATAC. MR110022 7MM RECICLADO COR 4085/PET / COR 496/PET,110CM,15855784,1140,134817,15850203NBR3282882,25/06/2026,17/08/2026,20,,17/08/2026,,,,#N/A,1304277,NIKE,
740,OK,DASS SEST,7,140126,1304277,88668,ATAC. MR110022 7MM RECICLADO COR 4085/PET / COR 496/PET,110CM,15855784,1290,134817,15854336NEX0000070,25/06/2026,17/08/2026,20,,17/08/2026,,,,#N/A,1304277,NIKE,
741,OK,DASS SEST,7,140126,1304277,88668,ATAC. MR110022 7MM RECICLADO COR 4085/PET / COR 496/PET,110CM,15855784,1284,134817,15854337NEX0000070,25/06/2026,17/08/2026,20,,17/08/2026,,,,#N/A,1304277,NIKE,
742,OK,DASS SEST,7,140126,1304277,88668,ATAC. MR110022 7MM RECICLADO COR 4085/PET / COR 496/PET,110CM,15855784,1284,134817,15854338NEX0000070,25/06/2026,17/08/2026,20,,17/08/2026,,,,#N/A,1304277,NIKE,
743,OK,DASS SEST,7,140126,1304277,88668,ATAC. MR110022 7MM RECICLADO COR 4085/PET / COR 496/PET,110CM,15855784,1368,134817,15854339NEX0000070,25/06/2026,17/08/2026,20,,17/08/2026,,,,#N/A,1304277,NIKE,
744,OK,DASS SEST,7,140126,1304277,88668,ATAC. MR110022 7MM RECICLADO COR 4085/PET / COR 496/PET,115CM,15855784,494,134817,15850197NBR3282865,25/06/2026,17/08/2026,20,,17/08/2026,,,,#N/A,1304277,NIKE,
745,OK,DASS SEST,7,140126,1304277,88668,ATAC. MR110022 7MM RECICLADO COR 4085/PET / COR 496/PET,115CM,15855784,498,134817,15850198NBR3282865,25/06/2026,17/08/2026,20,,17/08/2026,,,,#N/A,1304277,NIKE,
746,OK,DASS SEST,7,140126,1304277,88668,ATAC. MR110022 7MM RECICLADO COR 4085/PET / COR 496/PET,115CM,15855784,494,134817,15850200NBR3282877,25/06/2026,17/08/2026,20,,17/08/2026,,,,#N/A,1304277,NIKE,
747,OK,DASS SEST,7,140126,1304277,88668,ATAC. MR110022 7MM RECICLADO COR 4085/PET / COR 496/PET,115CM,15855784,498,134817,15850201NBR3282877,25/06/2026,17/08/2026,20,,17/08/2026,,,,#N/A,1304277,NIKE,
748,OK,DASS SEST,7,140126,1304277,88668,ATAC. MR110022 7MM RECICLADO COR 4085/PET / COR 496/PET,115CM,15855784,24,134817,15850202NBR3282882,25/06/2026,17/08/2026,20,,17/08/2026,,,,#N/A,1304277,NIKE,
749,OK,DASS SEST,7,140126,1304277,88668,ATAC. MR110022 7MM RECICLADO COR 4085/PET / COR 496/PET,115CM,15855784,24,134817,15850203NBR3282882,25/06/2026,17/08/2026,20,,17/08/2026,,,,#N/A,1304277,NIKE,
750,OK,DASS SEST,7,140126,1304277,88668,ATAC. MR110022 7MM RECICLADO COR 4085/PET / COR 496/PET,115CM,15855784,108,134817,15854336NEX0000070,25/06/2026,17/08/2026,20,,17/08/2026,,,,#N/A,1304277,NIKE,
751,OK,DASS SEST,7,140126,1304277,88668,ATAC. MR110022 7MM RECICLADO COR 4085/PET / COR 496/PET,115CM,15855784,108,134817,15854337NEX0000070,25/06/2026,17/08/2026,20,,17/08/2026,,,,#N/A,1304277,NIKE,
752,OK,DASS SEST,7,140126,1304277,88668,ATAC. MR110022 7MM RECICLADO COR 4085/PET / COR 496/PET,115CM,15855784,96,134817,15854338NEX0000070,25/06/2026,17/08/2026,20,,17/08/2026,,,,#N/A,1304277,NIKE,
753,OK,DASS SEST,7,140126,1304277,88668,ATAC. MR110022 7MM RECICLADO COR 4085/PET / COR 496/PET,115CM,15855784,102,134817,15854339NEX0000070,25/06/2026,17/08/2026,20,,17/08/2026,,,,#N/A,1304277,NIKE,
754,OK,DASS SEST,7,140126,1304277,88668,ATAC. MR110022 7MM RECICLADO COR 4085/PET / COR 496/PET,120CM,15855784,132,134817,15850197NBR3282865,25/06/2026,17/08/2026,20,,17/08/2026,,,,#N/A,1304277,NIKE,
755,OK,DASS SEST,7,140126,1304277,88668,ATAC. MR110022 7MM RECICLADO COR 4085/PET / COR 496/PET,120CM,15855784,138,134817,15850198NBR3282865,25/06/2026,17/08/2026,20,,17/08/2026,,,,#N/A,1304277,NIKE,
756,OK,DASS SEST,7,140126,1304277,88668,ATAC. MR110022 7MM RECICLADO COR 4085/PET / COR 496/PET,120CM,15855784,132,134817,15850200NBR3282877,25/06/2026,17/08/2026,20,,17/08/2026,,,,#N/A,1304277,NIKE,
757,OK,DASS SEST,7,140126,1304277,88668,ATAC. MR110022 7MM RECICLADO COR 4085/PET / COR 496/PET,120CM,15855784,138,134817,15850201NBR3282877,25/06/2026,17/08/2026,20,,17/08/2026,,,,#N/A,1304277,NIKE,
758,OK,DASS SEST,7,140126,1413117,95026,ATAC. MR110022 7MM RECICLADO COR 6146/PET / COR 492/PET,110CM,15855784,204,134817,15850242NBR3282895,25/06/2026,17/08/2026,20,,17/08/2026,,,,#N/A,1413117,NIKE,
759,OK,DASS SEST,7,140126,1413117,95026,ATAC. MR110022 7MM RECICLADO COR 6146/PET / COR 492/PET,110CM,15855784,210,134817,15850243NBR3282895,25/06/2026,17/08/2026,20,,17/08/2026,,,,#N/A,1413117,NIKE,
760,OK,DASS SEST,7,140126,1413117,95026,ATAC. MR110022 7MM RECICLADO COR 6146/PET / COR 492/PET,115CM,15855784,476,134817,15850242NBR3282895,25/06/2026,17/08/2026,20,,17/08/2026,,,,#N/A,1413117,NIKE,
761,OK,DASS SEST,7,140126,1413117,95026,ATAC. MR110022 7MM RECICLADO COR 6146/PET / COR 492/PET,115CM,15855784,492,134817,15850243NBR3282895,25/06/2026,17/08/2026,20,,17/08/2026,,,,#N/A,1413117,NIKE,
762,OK,DASS SEST,7,140126,1413117,95026,ATAC. MR110022 7MM RECICLADO COR 6146/PET / COR 492/PET,120CM,15855784,156,134817,15850242NBR3282895,25/06/2026,17/08/2026,20,,17/08/2026,,,,#N/A,1413117,NIKE,
763,OK,DASS SEST,7,140126,1413117,95026,ATAC. MR110022 7MM RECICLADO COR 6146/PET / COR 492/PET,120CM,15855784,162,134817,15850243NBR3282895,25/06/2026,17/08/2026,20,,17/08/2026,,,,#N/A,1413117,NIKE,
764,OK,DASS SEST,7,140126,1424204,95898,ATAC. MR110022 7MM RECICLADO COR 6222/PET / COR 4259/PET,110CM,15855784,144,134817,15850251NBR3282908,25/06/2026,17/08/2026,20,,17/08/2026,,,,#N/A,1424204,NIKE,
765,OK,DASS SEST,7,140126,1424204,95898,ATAC. MR110022 7MM RECICLADO COR 6222/PET / COR 4259/PET,110CM,15855784,174,134817,15850252NBR3282908,25/06/2026,17/08/2026,20,,17/08/2026,,,,#N/A,1424204,NIKE,
766,OK,DASS SEST,7,140126,1424204,95898,ATAC. MR110022 7MM RECICLADO COR 6222/PET / COR 4259/PET,115CM,15855784,428,134817,15850251NBR3282908,25/06/2026,17/08/2026,20,,17/08/2026,,,,#N/A,1424204,NIKE,
767,OK,DASS SEST,7,140126,1424204,95898,ATAC. MR110022 7MM RECICLADO COR 6222/PET / COR 4259/PET,115CM,15855784,420,134817,15850252NBR3282908,25/06/2026,17/08/2026,20,,17/08/2026,,,,#N/A,1424204,NIKE,
768,OK,DASS SEST,7,140126,1424204,95898,ATAC. MR110022 7MM RECICLADO COR 6222/PET / COR 4259/PET,120CM,15855784,108,134817,15850251NBR3282908,25/06/2026,17/08/2026,20,,17/08/2026,,,,#N/A,1424204,NIKE,
769,OK,DASS SEST,7,140126,1424204,95898,ATAC. MR110022 7MM RECICLADO COR 6222/PET / COR 4259/PET,120CM,15855784,132,134817,15850252NBR3282908,25/06/2026,17/08/2026,20,,17/08/2026,,,,#N/A,1424204,NIKE,
770,OK,DASS SEST,7,140126,1424205,95900,ATAC. MR110022 7MM RECICLADO COR 057/PET / COR 5946/PET,110CM,15855784,264,134817,15850247NBR3282894,25/06/2026,17/08/2026,20,,17/08/2026,,,,#N/A,1424205,NIKE,
771,OK,DASS SEST,7,140126,1424205,95900,ATAC. MR110022 7MM RECICLADO COR 057/PET / COR 5946/PET,110CM,15855784,288,134817,15850248NBR3282894,25/06/2026,17/08/2026,20,,17/08/2026,,,,#N/A,1424205,NIKE,
772,OK,DASS SEST,7,140126,1424205,95900,ATAC. MR110022 7MM RECICLADO COR 057/PET / COR 5946/PET,115CM,15855784,657,134817,15850247NBR3282894,25/06/2026,17/08/2026,20,,17/08/2026,,,,#N/A,1424205,NIKE,
773,OK,DASS SEST,7,140126,1424205,95900,ATAC. MR110022 7MM RECICLADO COR 057/PET / COR 5946/PET,115CM,15855784,678,134817,15850248NBR3282894,25/06/2026,17/08/2026,20,,17/08/2026,,,,#N/A,1424205,NIKE,
774,OK,DASS SEST,7,140126,1424205,95900,ATAC. MR110022 7MM RECICLADO COR 057/PET / COR 5946/PET,120CM,15855784,168,134817,15850247NBR3282894,25/06/2026,17/08/2026,20,,17/08/2026,,,,#N/A,1424205,NIKE,
775,OK,DASS SEST,7,140126,1424205,95900,ATAC. MR110022 7MM RECICLADO COR 057/PET / COR 5946/PET,120CM,15855784,186,134817,15850248NBR3282894,25/06/2026,17/08/2026,20,,17/08/2026,,,,#N/A,1424205,NIKE,
1115,OK,DASS SEST,7,140192,1188919,82628,ATAC. MR140014 6MM RECICLADO COR 4085/PET,105CM,15872665,120,134942,15865440NBR3282922,26/06/2026,17/08/2026,20,,17/08/2026,,,,#N/A,1188919,NIKE,
1116,OK,DASS SEST,7,140192,1188919,82628,ATAC. MR140014 6MM RECICLADO COR 4085/PET,105CM,15872665,114,134942,15865441NBR3282922,26/06/2026,17/08/2026,20,,17/08/2026,,,,#N/A,1188919,NIKE,
1117,OK,DASS SEST,7,140192,1188919,82628,ATAC. MR140014 6MM RECICLADO COR 4085/PET,105CM,15872665,120,134942,15865442NBR3282929,26/06/2026,17/08/2026,20,,17/08/2026,,,,#N/A,1188919,NIKE,
1118,OK,DASS SEST,7,140192,1188919,82628,ATAC. MR140014 6MM RECICLADO COR 4085/PET,105CM,15872665,114,134942,15865444NBR3282929,26/06/2026,17/08/2026,20,,17/08/2026,,,,#N/A,1188919,NIKE,
1119,OK,DASS SEST,7,140192,1188919,82628,ATAC. MR140014 6MM RECICLADO COR 4085/PET,105CM,15872665,114,134942,15865445NBR3282933,26/06/2026,17/08/2026,20,,17/08/2026,,,,#N/A,1188919,NIKE,
1120,OK,DASS SEST,7,140192,1188919,82628,ATAC. MR140014 6MM RECICLADO COR 4085/PET,105CM,15872665,108,134942,15865446NBR3282933,26/06/2026,17/08/2026,20,,17/08/2026,,,,#N/A,1188919,NIKE,
1121,OK,DASS SEST,7,140192,1188919,82628,ATAC. MR140014 6MM RECICLADO COR 4085/PET,105CM,15872665,120,134942,15865447NBR3282941,26/06/2026,17/08/2026,20,,17/08/2026,,,,#N/A,1188919,NIKE,
1122,OK,DASS SEST,7,140192,1188919,82628,ATAC. MR140014 6MM RECICLADO COR 4085/PET,105CM,15872665,114,134942,15865448NBR3282941,26/06/2026,17/08/2026,20,,17/08/2026,,,,#N/A,1188919,NIKE,
1123,OK,DASS SEST,7,140192,1188919,82628,ATAC. MR140014 6MM RECICLADO COR 4085/PET,110CM,15872665,699,134942,15865440NBR3282922,26/06/2026,17/08/2026,20,,17/08/2026,,,,#N/A,1188919,NIKE,
1124,OK,DASS SEST,7,140192,1188919,82628,ATAC. MR140014 6MM RECICLADO COR 4085/PET,110CM,15872665,714,134942,15865441NBR3282922,26/06/2026,17/08/2026,20,,17/08/2026,,,,#N/A,1188919,NIKE,
1125,OK,DASS SEST,7,140192,1188919,82628,ATAC. MR140014 6MM RECICLADO COR 4085/PET,110CM,15872665,699,134942,15865442NBR3282929,26/06/2026,17/08/2026,20,,17/08/2026,,,,#N/A,1188919,NIKE,
1126,OK,DASS SEST,7,140192,1188919,82628,ATAC. MR140014 6MM RECICLADO COR 4085/PET,110CM,15872665,714,134942,15865444NBR3282929,26/06/2026,17/08/2026,20,,17/08/2026,,,,#N/A,1188919,NIKE,
1127,OK,DASS SEST,7,140192,1188919,82628,ATAC. MR140014 6MM RECICLADO COR 4085/PET,110CM,15872665,693,134942,15865445NBR3282933,26/06/2026,17/08/2026,20,,17/08/2026,,,,#N/A,1188919,NIKE,
1128,OK,DASS SEST,7,140192,1188919,82628,ATAC. MR140014 6MM RECICLADO COR 4085/PET,110CM,15872665,696,134942,15865446NBR3282933,26/06/2026,17/08/2026,20,,17/08/2026,,,,#N/A,1188919,NIKE,
1129,OK,DASS SEST,7,140192,1188919,82628,ATAC. MR140014 6MM RECICLADO COR 4085/PET,110CM,15872665,699,134942,15865447NBR3282941,26/06/2026,17/08/2026,20,,17/08/2026,,,,#N/A,1188919,NIKE,
1130,OK,DASS SEST,7,140192,1188919,82628,ATAC. MR140014 6MM RECICLADO COR 4085/PET,110CM,15872665,714,134942,15865448NBR3282941,26/06/2026,17/08/2026,20,,17/08/2026,,,,#N/A,1188919,NIKE,
1131,OK,DASS SEST,7,140192,1188919,82628,ATAC. MR140014 6MM RECICLADO COR 4085/PET,115CM,15872665,204,134942,15865440NBR3282922,26/06/2026,17/08/2026,20,,17/08/2026,,,,#N/A,1188919,NIKE,
1132,OK,DASS SEST,7,140192,1188919,82628,ATAC. MR140014 6MM RECICLADO COR 4085/PET,115CM,15872665,228,134942,15865441NBR3282922,26/06/2026,17/08/2026,20,,17/08/2026,,,,#N/A,1188919,NIKE,
1133,OK,DASS SEST,7,140192,1188919,82628,ATAC. MR140014 6MM RECICLADO COR 4085/PET,115CM,15872665,204,134942,15865442NBR3282929,26/06/2026,17/08/2026,20,,17/08/2026,,,,#N/A,1188919,NIKE,
1134,OK,DASS SEST,7,140192,1188919,82628,ATAC. MR140014 6MM RECICLADO COR 4085/PET,115CM,15872665,228,134942,15865444NBR3282929,26/06/2026,17/08/2026,20,,17/08/2026,,,,#N/A,1188919,NIKE,
1135,OK,DASS SEST,7,140192,1188919,82628,ATAC. MR140014 6MM RECICLADO COR 4085/PET,115CM,15872665,204,134942,15865445NBR3282933,26/06/2026,17/08/2026,20,,17/08/2026,,,,#N/A,1188919,NIKE,
1136,OK,DASS SEST,7,140192,1188919,82628,ATAC. MR140014 6MM RECICLADO COR 4085/PET,115CM,15872665,216,134942,15865446NBR3282933,26/06/2026,17/08/2026,20,,17/08/2026,,,,#N/A,1188919,NIKE,
1137,OK,DASS SEST,7,140192,1188919,82628,ATAC. MR140014 6MM RECICLADO COR 4085/PET,115CM,15872665,204,134942,15865447NBR3282941,26/06/2026,17/08/2026,20,,17/08/2026,,,,#N/A,1188919,NIKE,
1138,OK,DASS SEST,7,140192,1188919,82628,ATAC. MR140014 6MM RECICLADO COR 4085/PET,115CM,15872665,228,134942,15865448NBR3282941,26/06/2026,17/08/2026,20,,17/08/2026,,,,#N/A,1188919,NIKE,
1139,OK,DASS SEST,7,140192,1269460,85472,ATAC. MR140014 6MM RECICLADO COR 5481/PET,100CM,15872665,240,134942,15865498NBR3282935,26/06/2026,17/08/2026,20,,17/08/2026,,,,#N/A,1269460,NIKE,
1140,OK,DASS SEST,7,140192,1269460,85472,ATAC. MR140014 6MM RECICLADO COR 5481/PET,100CM,15872665,258,134942,15865499NBR3282935,26/06/2026,17/08/2026,20,,17/08/2026,,,,#N/A,1269460,NIKE,
1141,OK,DASS SEST,7,140192,1269460,85472,ATAC. MR140014 6MM RECICLADO COR 5481/PET,105CM,15872665,843,134942,15865498NBR3282935,26/06/2026,17/08/2026,20,,17/08/2026,,,,#N/A,1269460,NIKE,
1142,OK,DASS SEST,7,140192,1269460,85472,ATAC. MR140014 6MM RECICLADO COR 5481/PET,105CM,15872665,870,134942,15865499NBR3282935,26/06/2026,17/08/2026,20,,17/08/2026,,,,#N/A,1269460,NIKE,
1143,OK,DASS SEST,7,140192,1269460,85472,ATAC. MR140014 6MM RECICLADO COR 5481/PET,110CM,15872665,18,134942,15865498NBR3282935,26/06/2026,17/08/2026,20,,17/08/2026,,,,#N/A,1269460,NIKE,
1144,OK,DASS SEST,7,140192,1269460,85472,ATAC. MR140014 6MM RECICLADO COR 5481/PET,110CM,15872665,12,134942,15865499NBR3282935,26/06/2026,17/08/2026,20,,17/08/2026,,,,#N/A,1269460,NIKE,
1145,OK,DASS SEST,7,140192,1324864,88451,ATAC. MR140014 6MM RECICLADO COR 5687/PET,105CM,15872665,108,134942,15865460NBR3282923,26/06/2026,17/08/2026,20,,17/08/2026,,,,#N/A,1324864,NIKE,
1146,OK,DASS SEST,7,140192,1324864,88451,ATAC. MR140014 6MM RECICLADO COR 5687/PET,105CM,15872665,96,134942,15865461NBR3282923,26/06/2026,17/08/2026,20,,17/08/2026,,,,#N/A,1324864,NIKE,
1147,OK,DASS SEST,7,140192,1324864,88451,ATAC. MR140014 6MM RECICLADO COR 5687/PET,110CM,15872665,644,134942,15865460NBR3282923,26/06/2026,17/08/2026,20,,17/08/2026,,,,#N/A,1324864,NIKE,
1148,OK,DASS SEST,7,140192,1324864,88451,ATAC. MR140014 6MM RECICLADO COR 5687/PET,110CM,15872665,648,134942,15865461NBR3282923,26/06/2026,17/08/2026,20,,17/08/2026,,,,#N/A,1324864,NIKE,
1149,OK,DASS SEST,7,140192,1324864,88451,ATAC. MR140014 6MM RECICLADO COR 5687/PET,115CM,15872665,204,134942,15865460NBR3282923,26/06/2026,17/08/2026,20,,17/08/2026,,,,#N/A,1324864,NIKE,
1150,OK,DASS SEST,7,140192,1324864,88451,ATAC. MR140014 6MM RECICLADO COR 5687/PET,115CM,15872665,228,134942,15865461NBR3282923,26/06/2026,17/08/2026,20,,17/08/2026,,,,#N/A,1324864,NIKE,
1151,OK,DASS SEST,7,140192,1425041,95894,ATAC. MR140014 6MM RECICLADO COR 6179/PET,105CM,15872665,156,134942,15865464NBR3282912,26/06/2026,17/08/2026,20,,17/08/2026,,,,#N/A,1425041,NIKE,
1152,OK,DASS SEST,7,140192,1425041,95894,ATAC. MR140014 6MM RECICLADO COR 6179/PET,105CM,15872665,204,134942,15865465NBR3282912,26/06/2026,17/08/2026,20,,17/08/2026,,,,#N/A,1425041,NIKE,
1153,OK,DASS SEST,7,140192,1425041,95894,ATAC. MR140014 6MM RECICLADO COR 6179/PET,110CM,15872665,512,134942,15865464NBR3282912,26/06/2026,17/08/2026,20,,17/08/2026,,,,#N/A,1425041,NIKE,
1154,OK,DASS SEST,7,140192,1425041,95894,ATAC. MR140014 6MM RECICLADO COR 6179/PET,110CM,15872665,528,134942,15865465NBR3282912,26/06/2026,17/08/2026,20,,17/08/2026,,,,#N/A,1425041,NIKE,
1155,OK,DASS SEST,7,140192,1425041,95894,ATAC. MR140014 6MM RECICLADO COR 6179/PET,115CM,15872665,120,134942,15865464NBR3282912,26/06/2026,17/08/2026,20,,17/08/2026,,,,#N/A,1425041,NIKE,
1156,OK,DASS SEST,7,140192,1425041,95894,ATAC. MR140014 6MM RECICLADO COR 6179/PET,115CM,15872665,150,134942,15865465NBR3282912,26/06/2026,17/08/2026,20,,17/08/2026,,,,#N/A,1425041,NIKE,
1373,OK,DASS SEST,7,140287,1454466,95945,ATAC. MR140014 6MM RECICLADO COR 6248/PET,100CM,15874833,240,135009,15865485NBR3282998,30/06/2026,17/08/2026,20,,17/08/2026,,,,#N/A,1454466,NIKE,
1374,OK,DASS SEST,7,140287,1454466,95945,ATAC. MR140014 6MM RECICLADO COR 6248/PET,100CM,15874833,270,135009,15865486NBR3282998,30/06/2026,17/08/2026,20,,17/08/2026,,,,#N/A,1454466,NIKE,
1375,OK,DASS SEST,7,140287,1454466,95945,ATAC. MR140014 6MM RECICLADO COR 6248/PET,105CM,15874833,819,135009,15865485NBR3282998,30/06/2026,17/08/2026,20,,17/08/2026,,,,#N/A,1454466,NIKE,
1376,OK,DASS SEST,7,140287,1454466,95945,ATAC. MR140014 6MM RECICLADO COR 6248/PET,105CM,15874833,846,135009,15865486NBR3282998,30/06/2026,17/08/2026,20,,17/08/2026,,,,#N/A,1454466,NIKE,
1377,OK,DASS SEST,7,140287,1454466,95945,ATAC. MR140014 6MM RECICLADO COR 6248/PET,110CM,15874833,24,135009,15865485NBR3282998,30/06/2026,17/08/2026,20,,17/08/2026,,,,#N/A,1454466,NIKE,
1408,OK,DASS SEST,7,140570,1271908,86226,FITA M32207 C/ GOMA POLIESTER COR 100 / COR 5535 / COR 100,15MM,15898990,50,135526,0,07/07/2026,17/08/2026,20,,17/08/2026,,,,#N/A,1271908,FILA,
1409,OK,DASS SEST,7,140570,1289388,87886,FITA M32207 C/ GOMA POLIESTER COR 100 / COR 102 / COR 100,15MM,15898990,130,135526,0,07/07/2026,17/08/2026,20,,17/08/2026,,,,#N/A,1289388,FILA,
1410,OK,DASS SEST,7,140570,108955,70164,FITA MFGP C/ GOMA POLIESTER COR 100,8MM,15898990,360,135526,0,07/07/2026,17/08/2026,20,,17/08/2026,,,,#N/A,108955,FILA,
1411,OK,DASS SEST,7,140570,998350,70164,FITA MFGP C/ GOMA POLIESTER COR 100,10MM,15898990,220,135526,0,07/07/2026,17/08/2026,20,,17/08/2026,,,,#N/A,998350,FILA,
1412,OK,DASS SEST,7,140570,903140,72801,FITA MFGP C/ GOMA POLIESTER COR 057,10MM,15898990,30,135526,0,07/07/2026,17/08/2026,20,,17/08/2026,,,,#N/A,903140,FILA,
1413,OK,DASS SEST,7,140570,1403347,92488,FITA MFGP C/ GOMA POLIESTER COR 6001,8MM,15898990,140,135526,0,07/07/2026,17/08/2026,20,,17/08/2026,,,,#N/A,1403347,FILA,
1415,OK,DASS SEST,7,140570,1397485,92595,FITA MFGP C/ GOMA POLIESTER COR 986,10MM,15898990,50,135526,0,07/07/2026,17/08/2026,20,,17/08/2026,,,,#N/A,1397485,FILA,
1416,OK,DASS SEST,7,140570,1316829,87946,FITA M31119 C/ GOMA POLIESTER COR 100/ COR 5535/ COR 102,16MM,15898990,490,135526,0,07/07/2026,17/08/2026,20,,17/08/2026,,,,#N/A,1316829,FILA,
1417,OK,DASS SEST,7,140570,1320253,88146,FITA M31119 C/ GOMA POLIESTER COR 100/ COR 114/ COR 263,16MM,15898990,340,135526,0,07/07/2026,17/08/2026,20,,17/08/2026,,,,#N/A,1320253,FILA,
1418,OK,DASS SEST,7,140570,1358112,92574,FITA M31119 C/ GOMA POLIESTER COR 057 / COR 102 / COR 102,16MM,15898990,200,135526,0,07/07/2026,17/08/2026,20,,17/08/2026,,,,#N/A,1358112,FILA,
1419,OK,DASS SEST,7,140570,1358279,92619,FITA M31119 C/ GOMA POLIESTER COR 5508 / COR 102 / COR 102,16MM,15898990,480,135526,0,07/07/2026,17/08/2026,20,,17/08/2026,,,,#N/A,1358279,FILA,
1420,OK,DASS SEST,7,140570,1403700,92881,FITA M31119 C/ GOMA POLIESTER COR 057 / COR 114 / COR 5535,16MM,15898990,270,135526,0,07/07/2026,17/08/2026,20,,17/08/2026,,,,#N/A,1403700,FILA,
1421,OK,DASS SEST,7,140570,1401826,95145,FITA M31119 C/ GOMA POLIESTER COR 6002 / COR 5508 / COR 5508,16MM,15898990,110,135526,0,07/07/2026,17/08/2026,20,,17/08/2026,,,,#N/A,1401826,FILA,
1453,OK,DASS SEST,7,140750,1146621,78187,FITA MFGP C/ GOMA POLIESTER COR 053,8MM,15914017,40,135469,0,10/07/2026,17/08/2026,20,,17/08/2026,,,,#N/A,1146621,FILA,
1454,OK,DASS SEST,7,140750,1417375,93286,FITA MFGP C/ GOMA POLIESTER COR 6038,8MM,15914017,40,135469,0,10/07/2026,17/08/2026,20,,17/08/2026,,,,#N/A,1417375,FILA,
1455,OK,DASS SEST,7,140750,1320199,95176,FITA M31119 C/ GOMA POLIESTER COR 053 / COR 114 / COR 114,16MM,15914017,40,135469,0,10/07/2026,17/08/2026,20,,17/08/2026,,,,#N/A,1320199,FILA,
1456,OK,DASS SEST,7,140750,1416908,95301,FITA M31119 C/ GOMA POLIESTER COR 6038 / COR 5508 / COR 5508,16MM,15914017,30,135469,0,10/07/2026,17/08/2026,20,,17/08/2026,,,,#N/A,1416908,FILA,
1694,OK,DASS SEST,7,140942,1341808,91524,ATAC. MR110012 8MM RECICLADO COR 5149/PET,115CM,15944081,264,135629,15941796NBR3283297,17/07/2026,17/08/2026,20,,17/08/2026,,,,#N/A,1341808,NIKE,
1695,OK,DASS SEST,7,140942,1341808,91524,ATAC. MR110012 8MM RECICLADO COR 5149/PET,120CM,15944081,746,135629,15941796NBR3283297,17/07/2026,17/08/2026,20,,17/08/2026,,,,#N/A,1341808,NIKE,
1696,OK,DASS SEST,7,140942,1027849,92568,ATAC. MR110012 8MM RECICLADO COR 4085/PET,115CM,15944081,270,135629,15941752NBR3283295,17/07/2026,17/08/2026,20,,17/08/2026,,,,#N/A,1027849,NIKE,
1697,OK,DASS SEST,7,140942,1027849,92568,ATAC. MR110012 8MM RECICLADO COR 4085/PET,120CM,15944081,740,135629,15941752NBR3283295,17/07/2026,17/08/2026,20,,17/08/2026,,,,#N/A,1027849,NIKE,
1698,OK,DASS SEST,7,140942,1065806,93661,ATAC. MR110029 RECICLADO COR 4662/PET,130CM,15944081,384,135629,15941785NBR3283282,17/07/2026,17/08/2026,20,,17/08/2026,,,,#N/A,1065806,NIKE,
1699,OK,DASS SEST,7,140942,1065806,93661,ATAC. MR110029 RECICLADO COR 4662/PET,130CM,15944081,432,135629,15941786NBR3283282,17/07/2026,17/08/2026,20,,17/08/2026,,,,#N/A,1065806,NIKE,
1700,OK,DASS SEST,7,140942,1065806,93661,ATAC. MR110029 RECICLADO COR 4662/PET,135CM,15944081,584,135629,15941785NBR3283282,17/07/2026,17/08/2026,20,,17/08/2026,,,,#N/A,1065806,NIKE,
1701,OK,DASS SEST,7,140942,1065806,93661,ATAC. MR110029 RECICLADO COR 4662/PET,135CM,15944081,600,135629,15941786NBR3283282,17/07/2026,17/08/2026,20,,17/08/2026,,,,#N/A,1065806,NIKE,
1702,OK,DASS SEST,7,140942,1065806,93661,ATAC. MR110029 RECICLADO COR 4662/PET,135CM,15944081,890,135629,15941772NBR3283306,17/07/2026,17/08/2026,20,,17/08/2026,,,,#N/A,1065806,NIKE,
1703,OK,DASS SEST,7,140942,1065806,93661,ATAC. MR110029 RECICLADO COR 4662/PET,135CM,15944081,560,135629,15941776NBR3283307,17/07/2026,17/08/2026,20,,17/08/2026,,,,#N/A,1065806,NIKE,
1704,OK,DASS SEST,7,140942,1065806,93661,ATAC. MR110029 RECICLADO COR 4662/PET,135CM,15944081,588,135629,15941777NBR3283307,17/07/2026,17/08/2026,20,,17/08/2026,,,,#N/A,1065806,NIKE,
1705,OK,DASS SEST,7,140942,1065806,93661,ATAC. MR110029 RECICLADO COR 4662/PET,135CM,15944081,560,135629,15941778NBR3283308,17/07/2026,17/08/2026,20,,17/08/2026,,,,#N/A,1065806,NIKE,
1706,OK,DASS SEST,7,140942,1065806,93661,ATAC. MR110029 RECICLADO COR 4662/PET,135CM,15944081,588,135629,15941779NBR3283308,17/07/2026,17/08/2026,20,,17/08/2026,,,,#N/A,1065806,NIKE,
1707,OK,DASS SEST,7,140942,1065806,93661,ATAC. MR110029 RECICLADO COR 4662/PET,140CM,15944081,126,135629,15941772NBR3283306,17/07/2026,17/08/2026,20,,17/08/2026,,,,#N/A,1065806,NIKE,
1708,OK,DASS SEST,7,140942,1065806,93661,ATAC. MR110029 RECICLADO COR 4662/PET,140CM,15944081,216,135629,15941776NBR3283307,17/07/2026,17/08/2026,20,,17/08/2026,,,,#N/A,1065806,NIKE,
1709,OK,DASS SEST,7,140942,1065806,93661,ATAC. MR110029 RECICLADO COR 4662/PET,140CM,15944081,222,135629,15941777NBR3283307,17/07/2026,17/08/2026,20,,17/08/26,,,,#N/A,1065806,NIKE,
1710,OK,DASS SEST,7,140942,1065806,93661,ATAC. MR110029 RECICLADO COR 4662/PET,140CM,15944081,216,135629,15941778NBR3283308,17/07/2026,17/08/2026,20,,17/08/2026,,,,#N/A,1065806,NIKE,
1711,OK,DASS SEST,7,140942,1065806,93661,ATAC. MR110029 RECICLADO COR 4662/PET,140CM,15944081,222,135629,15941779NBR3283308,17/07/2026,17/08/2026,20,,17/08/2026,,,,#N/A,1065806,NIKE,
1712,OK,DASS SEST,7,140942,1069210,93696,ATAC. MR110029 RECICLADO COR 4085/PET,135CM,15944081,662,135629,15941768NBR3283304,17/07/2026,17/08/2026,20,,17/08/2026,,,,#N/A,1069210,NIKE,
1713,OK,DASS SEST,7,140942,1069210,93696,ATAC. MR110029 RECICLADO COR 4085/PET,135CM,15944081,690,135629,15941769NBR3283304,17/07/2026,17/08/2026,20,,17/08/26,,,,#N/A,1069210,NIKE,
1714,OK,DASS SEST,7,140942,1069210,93696,ATAC. MR110029 RECICLADO COR 4085/PET,140CM,15944081,156,135629,15941768NBR3283304,17/07/2026,17/08/2026,20,,17/08/26,,,,#N/A,1069210,NIKE,
1715,OK,DASS SEST,7,140942,1069210,93696,ATAC. MR110029 RECICLADO COR 4085/PET,140CM,15944081,168,135629,15941769NBR3283304,17/07/2026,17/08/2026,20,,17/08/26,,,,#N/A,1069210,NIKE,
1824,OK,DASS SEST,7,140985,1065278,74237,FITA MR100001 C/ GOMA RECICLADO COR 4085/PET,10MM,15951923,150,135672,0,20/07/2026,17/08/2026,20,,17/08/26,,,,#N/A,1065278,NIKE,
1825,OK,DASS SEST,7,140985,1425052,95647,FITA MR100001 C/ GOMA REFLEX PET COR 6149/1PET,10MM,15951923,260,135672,0,20/07/2026,17/08/2026,20,,17/08/26,,,,#N/A,1425052,NIKE,
1826,OK,DASS SEST,7,140985,1425053,96157,FITA MR100001 C/ GOMA RECICLADO COR 6220/PET,10MM,15951923,140,135672,0,20/07/2026,17/08/2026,20,,17/08/26,,,,#N/A,1425053,NIKE,
1827,OK,DASS SEST,7,140985,965421,74014,FITA MFGP C/ GOMA POLIESTER COR 4085,10MM,15951923,240,135672,0,20/07/2026,17/08/2026,20,,17/08/26,,,,#N/A,965421,NIKE,
1828,OK,DASS SEST,7,140985,1425129,94348,FITA MFGP C/ GOMA POLIESTER COR 5845,10MM,15951923,90,135672,0,20/07/2026,17/08/2026,20,,17/08/26,,,,#N/A,1425129,NIKE,
1843,OK,DASS SEST,7,141104,1358279,92619,FITA M31119 C/ GOMA POLIESTER COR 5508 / COR 102 / COR 102,16MM,15964603,1420,135791,0,23/07/2026,17/08/2026,20,,17/08/26,,,,#N/A,1358279,FILA,NORMAL
1959,OK,DASS ITABERABA,70,140509,898941,70164,FITA MFGP C/ GOMA POLIESTER COR 100,12MM,15895935,1370,135186,0,06/07/2026,17/08/2026,20,,17/08/26,,,,#N/A,898941,FILA,
1960,OK,DASS ITABERABA,70,140509,783896,70164,FITA MFGP C/ GOMA POLIESTER COR 100,15MM,15895935,280,135186,0,06/07/2026,17/08/2026,20,,17/08/26,,,,#N/A,783896,FILA,
1961,OK,DASS ITABERABA,70,140509,816595,71376,FITA MFGP C/ GOMA POLIESTER COR 102,10MM,15895935,1010,135186,0,06/07/2026,17/08/2026,20,,17/08/26,,,,#N/A,816595,FILA,
1962,OK,DASS ITABERABA,70,140509,975119,73589,FITA MFGP C/ GOMA POLIESTER COR 263,15MM,15895935,180,135186,0,06/07/2026,17/08/2026,20,,17/08/26,,,,#N/A,975119,FILA,
1963,OK,DASS ITABERABA,70,140509,1104264,74030,FITA MFGP C/ GOMA POLIESTER COR 114,8MM,15895935,400,135186,0,06/07/2026,17/08/2026,20,,17/08/26,,,,#N/A,1104264,FILA,
1964,OK,DASS ITABERABA,70,140509,1386809,76010,FITA MFGP C/ GOMA POLIESTER COR 447,12MM,15895935,320,135186,0,06/07/2026,17/08/2026,20,,17/08/26,,,,#N/A,1386809,FILA,
1965,OK,DASS ITABERABA,70,140509,1104256,84559,FITA MFGP C/ GOMA POLIESTER COR 114,12MM,15895935,240,135186,0,06/07/2026,17/08/2026,20,,17/08/26,,,,#N/A,1104256,FILA,
1966,OK,DASS ITABERABA,70,140509,1387454,84574,FITA MFGP C/ GOMA POLIESTER COR 4039,15MM,15895935,180,135186,0,06/07/2026,17/08/2026,20,,17/08/26,,,,#N/A,1387454,FILA,
1967,OK,DASS ITABERABA,70,140509,1387456,92181,FITA MFGP C/ GOMA POLIESTER COR 5094,15MM,15895935,260,135186,0,06/07/2026,17/08/2026,20,,17/08/26,,,,#N/A,1387456,FILA,
1968,OK,DASS ITABERABA,70,140509,1294761,87944,FITA M31119 C/ GOMA POLIESTER COR 102/ COR 100/ COR 678,16MM,15895935,100,135186,0,06/07/2026,17/08/2026,20,,17/08/26,,,,#N/A,1294761,FILA,
1969,OK,DASS ITABERABA,70,140509,1316829,87946,FITA M31119 C/ GOMA POLIESTER COR 100/ COR 5535/ COR 102,16MM,15895935,210,135186,0,06/07/2026,17/08/2026,20,,17/08/26,,,,#N/A,1316829,FILA,
1998,OK,DASS ITABERABA,70,140511,991872,76013,ATAC. M13723 6MM POLIESTER COR 102,115CM,15896042,324,135188,15889162BRITB00542,06/07/2026,17/08/2026,20,,17/08/26,,,,#N/A,991872,FILA,
1999,OK,DASS ITABERABA,70,140511,991872,76013,ATAC. M13723 6MM POLIESTER COR 102,115CM,15896042,312,135188,15889163BRITB00542,06/07/2026,17/08/2026,20,,17/08/26,,,,#N/A,991872,FILA,
2000,OK,DASS ITABERABA,70,140511,991872,76013,ATAC. M13723 6MM POLIESTER COR 102,125CM,15896042,408,135188,15889162BRITB00542,06/07/2026,17/08/2026,20,,17/08/26,,,,#N/A,991872,FILA,
2001,OK,DASS ITABERABA,70,140511,991872,76013,ATAC. M13723 6MM POLIESTER COR 102,125CM,15896042,408,135188,15889163BRITB00542,06/07/2026,17/08/2026,20,,17/08/26,,,,#N/A,991872,FILA,
2002,OK,DASS ITABERABA,70,140511,1179318,75593,ATAC. M13725 6MM POLIESTER COR 057,100CM,15896042,300,135188,15889175BRITB00543,06/07/2026,17/08/2026,20,,17/08/26,,,,#N/A,1179318,FILA,
2003,OK,DASS ITABERABA,70,140511,1179318,75593,ATAC. M13725 6MM POLIESTER COR 057,100CM,15896042,276,135188,15889176BRITB00543,06/07/2026,17/08/2026,20,,17/08/26,,,,#N/A,1179318,FILA,
2004,OK,DASS ITABERABA,70,140511,1179318,75593,ATAC. M13725 6MM POLIESTER COR 057,110CM,15896042,492,135188,15889175BRITB00543,06/07/2026,17/08/2026,20,,17/08/26,,,,#N/A,1179318,FILA,
2005,OK,DASS ITABERABA,70,140511,1179318,75593,ATAC. M13725 6MM POLIESTER COR 057,110CM,15896042,516,135188,15889176BRITB00543,06/07/2026,17/08/2026,20,,17/08/26,,,,#N/A,1179318,FILA,
2006,OK,DASS ITABERABA,70,140511,1175396,75595,ATAC. M13725 6MM POLIESTER COR 100,90CM,15896042,528,135188,15889189BRITB00544,06/07/2026,17/08/2026,20,,17/08/26,,,,#N/A,1175396,FILA,
2007,OK,DASS ITABERABA,70,140511,1175396,75595,ATAC. M13725 6MM POLIESTER COR 100,90CM,15896042,396,135188,15889190BRITB00544,06/07/2026,17/08/2026,20,,17/08/26,,,,#N/A,1175396,FILA,
2008,OK,DASS ITABERABA,70,140511,1175396,75595,ATAC. M13725 6MM POLIESTER COR 100,100CM,15896042,372,135188,15889165BRITB00543,06/07/2026,17/08/2026,20,,17/08/26,,,,#N/A,1175396,FILA,
2009,OK,DASS ITABERABA,70,140511,1175396,75595,ATAC. M13725 6MM POLIESTER COR 100,100CM,15896042,396,135188,15889166BRITB00543,06/07/2026,17/08/2026,20,,17/08/26,,,,#N/A,1175396,FILA,
2010,OK,DASS ITABERABA,70,140511,1175396,75595,ATAC. M13725 6MM POLIESTER COR 100,100CM,15896042,252,135188,15889167BRITB00543,06/07/2026,17/08/2026,20,,17/08/26,,,,#N/A,1175396,FILA,
2011,OK,DASS ITABERABA,70,140511,1175396,75595,ATAC. M13725 6MM POLIESTER COR 100,100CM,15896042,252,135188,15889168BRITB00543,06/07/2026,17/08/2026,20,,17/08/26,,,,#N/A,1175396,FILA,
2012,OK,DASS ITABERABA,70,140511,1175396,75595,ATAC. M13725 6MM POLIESTER COR 100,100CM,15896042,240,135188,15889169BRITB00543,06/07/2026,17/08/2026,20,,17/08/26,,,,#N/A,1175396,FILA,
2013,OK,DASS ITABERABA,70,140511,1175396,75595,ATAC. M13725 6MM POLIESTER COR 100,100CM,15896042,252,135188,15889170BRITB00543,06/07/2026,17/08/2026,20,,17/08/26,,,,#N/A,1175396,FILA,
2014,OK,DASS ITABERABA,70,140511,1175396,75595,ATAC. M13725 6MM POLIESTER COR 100,100CM,15896042,708,135188,15889189BRITB00544,06/07/2026,17/08/2026,20,,17/08/26,,,,#N/A,1175396,FILA,
2015,OK,DASS ITABERABA,70,140511,1175396,75595,ATAC. M13725 6MM POLIESTER COR 100,100CM,15896042,612,135188,15889190BRITB00544,06/07/2026,17/08/2026,20,,17/08/26,,,,#N/A,1175396,FILA,
2016,OK,DASS ITABERABA,70,140511,1175396,75595,ATAC. M13725 6MM POLIESTER COR 100,110CM,15896042,480,135188,15889165BRITB00543,06/07/2026,17/08/2026,20,,17/08/26,,,,#N/A,1175396,FILA,
2017,OK,DASS ITABERABA,70,140511,1175396,75595,ATAC. M13725 6MM POLIESTER COR 100,110CM,15896042,504,135188,15889166BRITB00543,06/07/2026,17/08/2026,20,,17/08/26,,,,#N/A,1175396,FILA,
2018,OK,DASS ITABERABA,70,140511,1175396,75595,ATAC. M13725 6MM POLIESTER COR 100,110CM,15896042,456,135188,15889167BRITB00543,06/07/2026,17/08/2026,20,,17/08/26,,,,#N/A,1175396,FILA,
2019,OK,DASS ITABERABA,70,140511,1175396,75595,ATAC. M13725 6MM POLIESTER COR 100,110CM,15896042,456,135188,15889168BRITB00543,06/07/2026,17/08/2026,20,,17/08/26,,,,#N/A,1175396,FILA,
2020,OK,DASS ITABERABA,70,140511,1175396,75595,ATAC. M13725 6MM POLIESTER COR 100,110CM,15896042,432,135188,15889169BRITB00543,06/07/2026,17/08/2026,20,,17/08/26,,,,#N/A,1175396,FILA,
2021,OK,DASS ITABERABA,70,140511,1175396,75595,ATAC. M13725 6MM POLIESTER COR 100,110CM,15896042,456,135188,15889170BRITB00543,06/07/2026,17/08/2026,20,,17/08/26,,,,#N/A,1175396,FILA,
2022,OK,DASS ITABERABA,70,140511,1321091,90891,ATAC. M13725 6MM POLIESTER COR 5703,90CM,15896042,312,135188,15889183BRITB00544,06/07/2026,17/08/2026,20,,17/08/26,,,,#N/A,1321091,FILA,
2023,OK,DASS ITABERABA,70,140511,1321091,90891,ATAC. M13725 6MM POLIESTER COR 5703,100CM,15896042,420,135188,15889183BRITB00544,06/07/2026,17/08/2026,20,,17/08/26,,,,#N/A,1321091,FILA,
2024,OK,DASS ITABERABA,70,140511,974551,75617,ATAC. M13727 POLIESTER COR 102 / COR 057,100CM,15896042,588,135188,15889145BRITB00538,06/07/2026,17/08/2026,20,,17/08/26,,,,#N/A,974551,FILA,
2025,OK,DASS ITABERABA,70,140511,974551,75617,ATAC. M13727 POLIESTER COR 102 / COR 057,105CM,15896042,264,135188,15889145BRITB00538,06/07/2026,17/08/2026,20,,17/08/26,,,,#N/A,974551,FILA,
2026,OK,DASS ITABERABA,70,140511,1285852,87505,ELAST. M21180 2.5MM POLIESTER COR 100 / COR 263,65CM,15896042,144,135188,15889147BRITB00542,06/07/2026,17/08/2026,20,,17/08/26,,,,#N/A,1285852,FILA,
2027,OK,DASS ITABERABA,70,140511,1285852,87505,ELAST. M21180 2.5MM POLIESTER COR 100 / COR 263,70CM,15896042,372,135188,15889147BRITB00542,06/07/2026,17/08/2026,20,,17/08/26,,,,#N/A,1285852,FILA,
2468,OK,DASS SANTO ANTONIO,1526,140530,738314,87444,ELAST. MTM POLIESTER COR 057,6MM,15886128,1247,135204,0,06/07/2026,17/08/2026,20,,17/08/26,,,,#N/A,738314,FILA,
2469,OK,DASS SANTO ANTONIO,1526,140530,783896,70164,FITA MFGP C/ GOMA POLIESTER COR 100,15MM,15886128,360,135204,0,06/07/2026,17/08/2026,20,,17/08/26,,,,#N/A,783896,FILA,
2470,OK,DASS SANTO ANTONIO,1526,140530,902057,73522,FITA MFGP C/ GOMA POLIESTER COR 057,15MM,15886128,130,135204,0,06/07/2026,17/08/2026,20,,17/08/26,,,,#N/A,902057,FILA,
2471,OK,DASS SANTO ANTONIO,1526,140530,1354721,86191,FITA MFGP C/ GOMA POLIESTER COR 5535,15MM,15886128,250,135204,0,06/07/2026,17/08/2026,20,,17/08/26,,,,#N/A,1354721,FILA,
2472,OK,DASS SANTO ANTONIO,1526,140530,1418464,93720,FITA MFGP C/ GOMA POLIESTER COR 5998,15MM,15886128,195,135204,0,06/07/2026,17/08/2026,20,,17/08/26,,,,#N/A,1418464,FILA,
2473,OK,DASS SANTO ANTONIO,1526,140531,1260166,73756,ATAC. M10110 5MM POLIESTER COR 100 / COR 263,115CM,15886236,660,135205,15884399BRSA001869,06/07/2026,17/08/2026,20,,17/08/26,,,,#N/A,1260166,FILA,
2474,OK,DASS SANTO ANTONIO,1526,140531,1260166,73756,ATAC. M10110 5MM POLIESTER COR 100 / COR 263,115CM,15886236,684,135205,15884400BRSA001869,06/07/2026,17/08/2026,20,,17/08/26,,,,#N/A,1260166,FILA,
2475,OK,DASS SANTO ANTONIO,1526,140531,1260166,73756,ATAC. M10110 5MM POLIESTER COR 100 / COR 263,115CM,15886236,408,135205,15884401BRSA001870,06/07/2026,17/08/2026,20,,17/08/26,,,,#N/A,1260166,FILA,
2476,OK,DASS SANTO ANTONIO,1526,140531,1260166,73756,ATAC. M10110 5MM POLIESTER COR 100 / COR 263,125CM,15886236,216,135205,15884399BRSA001869,06/07/2026,17/08/2026,20,,17/08/26,,,,#N/A,1260166,FILA,
2477,OK,DASS SANTO ANTONIO,1526,140531,1260166,73756,ATAC. M10110 5MM POLIESTER COR 100 / COR 263,125CM,15886236,228,135205,15884400BRSA001869,06/07/2026,17/08/2026,20,,17/08/26,,,,#N/A,1260166,FILA,
2478,OK,DASS SANTO ANTONIO,1526,140531,1260166,73756,ATAC. M10110 5MM POLIESTER COR 100 / COR 263,125CM,15886236,240,135205,15884401BRSA001870,06/07/2026,17/08/2026,20,,17/08/26,,,,#N/A,1260166,FILA,
2479,OK,DASS SANTO ANTONIO,1526,140531,1404590,95031,ATAC. M10110 5MM POLIESTER COR 5497 / COR 102,105CM,15886236,276,135205,15884450BRSA001883,06/07/2026,17/08/2026,20,,17/08/26,,,,#N/A,1404590,FILA,
2480,OK,DASS SANTO ANTONIO,1526,140531,1404590,95031,ATAC. M10110 5MM POLIESTER COR 5497 / COR 102,115CM,15886236,348,135205,15884450BRSA001883,06/07/2026,17/08/2026,20,,17/08/26,,,,#N/A,1404590,FILA,
2481,OK,DASS SANTO ANTONIO,1526,140531,1418185,95101,ATAC. M10110 5MM POLIESTER COR 5998 / COR 114,105CM,15886236,456,135205,15884448BRSA001881,06/07/2026,17/08/2026,20,,17/08/26,,,,#N/A,1418185,FILA,
2482,OK,DASS SANTO ANTONIO,1526,140531,1418185,95101,ATAC. M10110 5MM POLIESTER COR 5998 / COR 114,105CM,15886236,432,135205,15884449BRSA001882,06/07/2026,17/08/2026,20,,17/08/26,,,,#N/A,1418185,FILA,
2483,OK,DASS SANTO ANTONIO,1526,140531,1418185,95101,ATAC. M10110 5MM POLIESTER COR 5998 / COR 114,115CM,15886236,564,135205,15884448BRSA001881,06/07/2026,17/08/2026,20,,17/08/26,,,,#N/A,1418185,FILA,
2484,OK,DASS SANTO ANTONIO,1526,140531,1418185,95101,ATAC. M10110 5MM POLIESTER COR 5998 / COR 114,115CM,15886236,552,135205,15884449BRSA001882,06/07/2026,17/08/2026,20,,17/08/26,,,,#N/A,1418185,FILA,
2158,OK,DASS ITABERABA,70,141188,1425014,94000,FITA MFGP C/ GOMA POLIESTER COR 5598,15MM,15971107,290,135863,0,24/07/2026,19/08/2026,22,,19/08/26,,,,#N/A,1425014,ASICS,NORMAL
2159,OK,DASS ITABERABA,70,141188,1425017,94002,FITA MFGP C/ GOMA POLIESTER COR 6103,15MM,15971107,200,135863,0,24/07/2026,19/08/2026,22,,19/08/26,,,,#N/A,1425017,ASICS,NORMAL
2160,OK,DASS ITABERABA,70,141188,1425016,94160,FITA MFGP C/ GOMA POLIESTER COR 5451,15MM,15971107,210,135863,0,24/07/2026,19/08/2026,22,,19/08/26,,,,#N/A,1425016,ASICS,NORMAL
2161,OK,DASS ITABERABA,70,141189,1229330,84206,ATAC. M18006 POLIESTER COR 4085,110CM,15971113,157,135864,15966149ASB0052986,24/07/2026,19/08/2026,22,,19/08/26,,,,#N/A,1229330,ASICS,NORMAL
2162,OK,DASS ITABERABA,70,141189,1229330,84206,ATAC. M18006 POLIESTER COR 4085,110CM,15971113,26,135864,15966150ASB0052988,24/07/2026,19/08/2026,22,,19/08/26,,,,#N/A,1229330,ASICS,NORMAL
2163,OK,DASS ITABERABA,70,141189,1229330,84206,ATAC. M18006 POLIESTER COR 4085,110CM,15971113,97,135864,15966151ASB0052989,24/07/2026,19/08/2026,22,,19/08/26,,,,#N/A,1229330,ASICS,NORMAL
2164,OK,DASS ITABERABA,70,141189,1229330,84206,ATAC. M18006 POLIESTER COR 4085,120CM,15971113,1008,135864,15966149ASB0052986,24/07/2026,19/08/2026,22,,19/08/26,,,,#N/A,1229330,ASICS,NORMAL
2165,OK,DASS ITABERABA,70,141189,1229330,84206,ATAC. M18006 POLIESTER COR 4085,120CM,15971113,285,135864,15966150ASB0052988,24/07/2026,19/08/2026,22,,19/08/26,,,,#N/A,1229330,ASICS,NORMAL
2166,OK,DASS ITABERABA,70,141189,1229330,84206,ATAC. M18006 POLIESTER COR 4085,120CM,15971113,524,135864,15966151ASB0052989,24/07/2026,19/08/2026,22,,19/08/26,,,,#N/A,1229330,ASICS,NORMAL
2167,OK,DASS ITABERABA,70,141189,1310003,87888,ATAC. M18006 POLIESTER COR 5451,110CM,15971113,1394,135864,15966176ASB0053021,24/07/2026,19/08/2026,22,,19/08/26,,,,#N/A,1310003,ASICS,NORMAL
2168,OK,DASS ITABERABA,70,141189,1310003,87888,ATAC. M18006 POLIESTER COR 5451,120CM,15971113,464,135864,15966168ASB0052997,24/07/2026,19/08/2026,22,,19/08/26,,,,#N/A,1310003,ASICS,NORMAL
2169,OK,DASS ITABERABA,70,141189,1310003,87888,ATAC. M18006 POLIESTER COR 5451,120CM,15971113,139,135864,15966176ASB0053021,24/07/2026,19/08/2026,22,,19/08/26,,,,#N/A,1310003,ASICS,NORMAL
2170,OK,DASS ITABERABA,70,141189,1310003,87888,ATAC. M18006 POLIESTER COR 5451,130CM,15971113,450,135864,15966168ASB0052997,24/07/2026,19/08/2026,22,,19/08/26,,,,#N/A,1310003,ASICS,NORMAL
2171,OK,DASS ITABERABA,70,141189,1394004,94826,ATAC. M18006 POLIESTER COR 6086,100CM,15971113,186,135864,15966156ASB0053007,24/07/2026,19/08/2026,22,,19/08/26,,,,#N/A,1394004,ASICS,NORMAL
2172,OK,DASS ITABERABA,70,141189,1394004,94826,ATAC. M18006 POLIESTER COR 6086,110CM,15971113,187,135864,15966156ASB0053007,24/07/2026,19/08/2026,22,,19/08/26,,,,#N/A,1394004,ASICS,NORMAL
2173,OK,DASS ITABERABA,70,141189,1400182,94830,ATAC. M18006 POLIESTER COR 6103,120CM,15971113,539,135864,15966172ASB0053005,24/07/2026,19/08/2026,22,,19/08/26,,,,#N/A,1400182,ASICS,NORMAL
2174,OK,DASS ITABERABA,70,141189,1400182,94830,ATAC. M18006 POLIESTER COR 6103,130CM,15971113,340,135864,15966172ASB0053005,24/07/2026,19/08/2026,22,,19/08/26,,,,#N/A,1400182,ASICS,NORMAL
2175,OK,DASS ITABERABA,70,141189,1245215,76319,ATAC. 6AL 6MM POLIESTER COR 4085,120CM,15971113,654,135864,15966136ASB0052973,24/07/2026,19/08/2026,22,,19/08/26,,,,#N/A,1245215,ASICS,NORMAL
2176,OK,DASS ITABERABA,70,141189,1245215,76319,ATAC. 6AL 6MM POLIESTER COR 4085,120CM,15971113,1030,135864,15966137ASB0053058,24/07/2026,19/08/2026,22,,19/08/26,,,,#N/A,1245215,ASICS,NORMAL
2177,OK,DASS ITABERABA,70,141189,1245215,76319,ATAC. 6AL 6MM POLIESTER COR 4085,130CM,15971113,597,135864,15966136ASB0052973,24/07/2026,19/08/2026,22,,19/08/26,,,,#N/A,1245215,ASICS,NORMAL
2178,OK,DASS ITABERABA,70,141189,1245215,76319,ATAC. 6AL 6MM POLIESTER COR 4085,130CM,15971113,343,135864,15966137ASB0053058,24/07/2026,19/08/2026,22,,19/08/26,,,,#N/A,1245215,ASICS,NORMAL
2179,OK,DASS ITABERABA,70,141189,1313035,87706,ATAC. 6AL 6MM POLIESTER COR 987,120CM,15971113,633,135864,15966138ASB0053060,24/07/2026,19/08/2026,22,,19/08/26,,,,#N/A,1313035,ASICS,NORMAL
2180,OK,DASS ITABERABA,70,141189,1313035,87706,ATAC. 6AL 6MM POLIESTER COR 987,120CM,15971113,853,135864,15966139ASB0053062,24/07/2026,19/08/2026,22,,19/08/26,,,,#N/A,1313035,ASICS,NORMAL
2181,OK,DASS ITABERABA,70,141189,1313035,87706,ATAC. 6AL 6MM POLIESTER COR 987,120CM,15971113,874,135864,15966140ASB0053062,24/07/2026,19/08/2026,22,,19/08/26,,,,#N/A,1313035,ASICS,NORMAL
2182,OK,DASS ITABERABA,70,141189,1313035,87706,ATAC. 6AL 6MM POLIESTER COR 987,120CM,15971113,242,135864,15966142ASB0053063,24/07/2026,19/08/2026,22,,19/08/26,,,,#N/A,1313035,ASICS,NORMAL
2183,OK,DASS ITABERABA,70,141189,1313035,87706,ATAC. 6AL 6MM POLIESTER COR 987,130CM,15971113,322,135864,15966138ASB0053060,24/07/2026,19/08/2026,22,,19/08/26,,,,#N/A,1313035,ASICS,NORMAL
2184,OK,DASS ITABERABA,70,141189,1313035,87706,ATAC. 6AL 6MM POLIESTER COR 987,130CM,15971113,276,135864,15966139ASB0053062,24/07/2026,19/08/2026,22,,19/08/26,,,,#N/A,1313035,ASICS,NORMAL
2185,OK,DASS ITABERABA,70,141189,1313035,87706,ATAC. 6AL 6MM POLIESTER COR 987,130CM,15971113,299,135864,15966140ASB0053062,24/07/2026,19/08/2026,22,,19/08/26,,,,#N/A,1313035,ASICS,NORMAL
2186,OK,DASS ITABERABA,70,141189,1313035,87706,ATAC. 6AL 6MM POLIESTER COR 987,130CM,15971113,241,135864,15966142ASB0053063,24/07/2026,19/08/2026,22,,19/08/26,,,,#N/A,1313035,ASICS,NORMAL
2187,OK,DASS ITABERABA,70,141189,1392984,94364,ATAC. 6AL 6MM POLIESTER COR 6105,120CM,15971113,259,135864,15966143ASB0053064,24/07/2026,19/08/2026,22,,19/08/26,,,,#N/A,1392984,ASICS,NORMAL
2188,OK,DASS ITABERABA,70,141189,1392984,94364,ATAC. 6AL 6MM POLIESTER COR 6105,130CM,15971113,52,135864,15966143ASB0053064,24/07/2026,19/08/2026,22,,19/08/26,,,,#N/A,1392984,ASICS,NORMAL
2189,OK,DASS ITABERABA,70,141190,1400178,93698,CORDAO M9099 POLIESTER COR 5451,1.8MM,15971116,1200,135865,0,24/07/2026,19/08/2026,22,,19/08/26,,,,#N/A,1400178,ASICS,NORMAL
2190,OK,DASS ITABERABA,70,141190,1400177,94876,CORDAO M9099 POLIESTER COR 6103,1.8MM,15971116,460,135865,0,24/07/2026,19/08/2026,22,,19/08/26,,,,#N/A,1400177,ASICS,NORMAL
2341,OK,DASS VITORIA,391,140943,827533,95643,ATAC. M13801 POLIESTER COR 100,110CM,15939277,312,135630,15936879BRI010415-,17/07/2026,19/08/2026,22,,19/08/26,,,,#N/A,827533,UMBRO,CONTA E ORDEM VITÓRIA X ITABERABA
2342,OK,DASS VITORIA,391,140943,827533,95643,ATAC. M13801 POLIESTER COR 100,110CM,15939277,312,135630,15936880BRI010415-,17/07/2026,19/08/2026,22,,19/08/2026,,,,#N/A,827533,UMBRO,CONTA E ORDEM VITÓRIA X ITABERABA
2343,OK,DASS VITORIA,391,140943,827533,95643,ATAC. M13801 POLIESTER COR 100,120CM,15939277,696,135630,15936890BRI010388,17/07/2026,19/08/2026,22,,19/08/2026,,,,#N/A,827533,UMBRO,CONTA E ORDEM VITÓRIA X ITABERABA
2344,OK,DASS VITORIA,391,140943,827533,95643,ATAC. M13801 POLIESTER COR 100,120CM,15939277,636,135630,15936879BRI010415-,17/07/2026,19/08/2026,22,,19/08/2026,,,,#N/A,827533,UMBRO,CONTA E ORDEM VITÓRIA X ITABERABA
2345,OK,DASS VITORIA,391,140943,827533,95643,ATAC. M13801 POLIESTER COR 100,120CM,15939277,672,135630,15936880BRI010415-,17/07/2026,19/08/2026,22,,19/08/2026,,,,#N/A,827533,UMBRO,CONTA E ORDEM VITÓRIA X ITABERABA
2346,OK,DASS VITORIA,391,140943,827533,95643,ATAC. M13801 POLIESTER COR 100,130CM,15939277,672,135630,15936890BRI010388,17/07/2026,19/08/2026,22,,19/08/2026,,,,#N/A,827533,UMBRO,CONTA E ORDEM VITÓRIA X ITABERABA
2347,OK,DASS VITORIA,391,140943,827530,95644,ATAC. M13801 POLIESTER COR 102,110CM,15939277,372,135630,15936866BRI010410-,17/07/2026,19/08/2026,22,,19/08/2026,,,,#N/A,827530,UMBRO,CONTA E ORDEM VITÓRIA X ITABERABA
2348,OK,DASS VITORIA,391,140943,827530,95644,ATAC. M13801 POLIESTER COR 102,110CM,15939277,396,135630,15936867BRI010410-,17/07/2026,19/08/2026,22,,19/08/2026,,,,#N/A,827530,UMBRO,CONTA E ORDEM VITÓRIA X ITABERABA
2349,OK,DASS VITORIA,391,140943,827530,95644,ATAC. M13801 POLIESTER COR 102,110CM,15939277,336,135630,15936868BRI010411-,17/07/2026,19/08/2026,22,,19/08/2026,,,,#N/A,827530,UMBRO,CONTA E ORDEM VITÓRIA X ITABERABA
2350,OK,DASS VITORIA,391,140943,827530,95644,ATAC. M13801 POLIESTER COR 102,110CM,15939277,336,135630,15936871BRI010411-,17/07/2026,19/08/2026,22,,19/08/2026,,,,#N/A,827530,UMBRO,CONTA E ORDEM VITÓRIA X ITABERABA
2351,OK,DASS VITORIA,391,140943,827530,95644,ATAC. M13801 POLIESTER COR 102,120CM,15939277,408,135630,15936808BRI010383-,17/07/2026,19/08/2026,22,,19/08/2026,,,,#N/A,827530,UMBRO,CONTA E ORDEM VITÓRIA X ITABERABA
2352,OK,DASS VITORIA,391,140943,827530,95644,ATAC. M13801 POLIESTER COR 102,120CM,15939277,396,135630,15936809BRI010383-,17/07/2026,19/08/2026,22,,19/08/2026,,,,#N/A,827530,UMBRO,CONTA E ORDEM VITÓRIA X ITABERABA
2353,OK,DASS VITORIA,391,140943,827530,95644,ATAC. M13801 POLIESTER COR 102,120CM,15939277,312,135630,15936810BRI010384-,17/07/2026,19/08/2026,22,,19/08/2026,,,,#N/A,827530,UMBRO,CONTA E ORDEM VITÓRIA X ITABERABA
2354,OK,DASS VITORIA,391,140943,827530,95644,ATAC. M13801 POLIESTER COR 102,120CM,15939277,324,135630,15936811BRI010384-,17/07/2026,19/08/2026,22,,19/08/2026,,,,#N/A,827530,UMBRO,CONTA E ORDEM VITÓRIA X ITABERABA
2355,OK,DASS VITORIA,391,140943,827530,95644,ATAC. M13801 POLIESTER COR 102,120CM,15939277,492,135630,15936866BRI010410-,17/07/2026,19/08/2026,22,,19/08/2026,,,,#N/A,827530,UMBRO,CONTA E ORDEM VITÓRIA X ITABERABA
2356,OK,DASS VITORIA,391,140943,827530,95644,ATAC. M13801 POLIESTER COR 102,120CM,15939277,516,135630,15936867BRI010410-,17/07/2026,19/08/2026,22,,19/08/26,,,,#N/A,827530,UMBRO,CONTA E ORDEM VITÓRIA X ITABERABA
2357,OK,DASS VITORIA,391,140943,827530,95644,ATAC. M13801 POLIESTER COR 102,120CM,15939277,492,135630,15936868BRI010411-,17/07/2026,19/08/2026,22,,19/08/26,,,,#N/A,827530,UMBRO,CONTA E ORDEM VITÓRIA X ITABERABA
2358,OK,DASS VITORIA,391,140943,827530,95644,ATAC. M13801 POLIESTER COR 102,120CM,15939277,516,135630,15936871BRI010411-,17/07/2026,19/08/2026,22,,19/08/26,,,,#N/A,827530,UMBRO,CONTA E ORDEM VITÓRIA X ITABERABA
2359,OK,DASS VITORIA,391,140943,827530,95644,ATAC. M13801 POLIESTER COR 102,130CM,15939277,552,135630,15936808BRI010383-,17/07/2026,19/08/2026,22,,19/08/26,,,,#N/A,827530,UMBRO,CONTA E ORDEM VITÓRIA X ITABERABA
2360,OK,DASS VITORIA,391,140943,827530,95644,ATAC. M13801 POLIESTER COR 102,130CM,15939277,540,135630,15936809BRI010383-,17/07/2026,19/08/2026,22,,19/08/26,,,,#N/A,827530,UMBRO,CONTA E ORDEM VITÓRIA X ITABERABA
2361,OK,DASS VITORIA,391,140943,827530,95644,ATAC. M13801 POLIESTER COR 102,130CM,15939277,480,135630,15936810BRI010384-,17/07/2026,19/08/2026,22,,19/08/26,,,,#N/A,827530,UMBRO,CONTA E ORDEM VITÓRIA X ITABERABA
2362,OK,DASS VITORIA,391,140943,827530,95644,ATAC. M13801 POLIESTER COR 102,130CM,15939277,492,135630,15936811BRI010384-,17/07/2026,19/08/2026,22,,19/08/26,,,,#N/A,827530,UMBRO,CONTA E ORDEM VITÓRIA X ITABERABA
2363,OK,DASS VITORIA,391,140943,1328498,95645,ATAC. M13801 POLIESTER COR 058,120CM,15939277,492,135630,15936817BRI010387,17/07/2026,19/08/2026,22,,19/08/2026,,,,#N/A,1328498,UMBRO,CONTA E ORDEM VITÓRIA X ITABERABA
2364,OK,DASS VITORIA,391,140943,1328498,95645,ATAC. M13801 POLIESTER COR 058,130CM,15939277,276,135630,15936817BRI010387,17/07/2026,19/08/2026,22,,19/08/2026,,,,#N/A,1328498,UMBRO,CONTA E ORDEM VITÓRIA X ITABERABA
2256,NÃO,MARFIM CEARA,105,140645,,90306,ATAC. MR140019 6MM RECICLADO COR 5481,6MM,3,8494,135416,,08/07/2026,21/08/2026,24,,21/08/2026,,,,#N/A,,,
2257,NÃO,MARFIM CEARA,105,140645,,89710,ATAC. MR140019 6MM RECICLADO COR 4662,6MM,3,9074,135416,,08/07/2026,21/08/2026,24,,21/08/2026,,,,#N/A,,,
2258,NÃO,MARFIM CEARA,105,140645,,89560,ATAC. MR140019 6MM RECICLADO COR 5709,6MM,3,8443,135416,,08/07/2026,21/08/2026,24,,21/08/2026,,,,#N/A,,,
120,OK,DASS SEST,7,139045,1316829,87946,FITA M31119 C/ GOMA POLIESTER COR 100/ COR 5535/ COR 102,16MM,15757165,110,133756,0,27/05/2026,24/08/2026,27,,24/08/2026,,,,#N/A,1316829,FILA,
121,OK,DASS SEST,7,139045,1320254,91023,FITA M31119 C/ GOMA POLIESTER COR 114 / COR 100 / COR 100,16MM,15757165,160,133756,0,27/05/2026,24/08/2026,27,,24/08/2026,,,,#N/A,1320254,FILA,
122,OK,DASS SEST,7,139045,1353470,92963,FITA M31119 C/ GOMA POLIESTER COR 102 / COR 100 / COR 100,16MM,15757165,270,133756,0,27/05/2026,24/08/2026,27,,24/08/2026,,,,#N/A,1353470,FILA,
124,OK,DASS SEST,7,139046,1423777,95490,ATAC. M60132 ALPINA COR 2001,135CM,15757173,216,133757,15744418SBF806248,27/05/2026,24/08/2026,27,,24/08/2026,,,,#N/A,1423777,FILA,
125,OK,DASS SEST,7,139046,1423777,95490,ATAC. M60132 ALPINA COR 2001,145CM,15757173,216,133757,15744418SBF806248,27/05/2026,24/08/2026,27,,24/08/2026,,,,#N/A,1423777,FILA,
138,OK,DASS SEST,7,139063,1065806,93661,ATAC. MR110029 RECICLADO COR 4662/PET,120CM,15758596,84,133774,15758317NBR3282838,28/05/2026,24/08/2026,27,,24/08/2026,,,,#N/A,1065806,NIKE,
139,OK,DASS SEST,7,139063,1065806,93661,ATAC. MR110029 RECICLADO COR 4662/PET,120CM,15758596,72,133774,15758318NBR3282838,28/05/2026,24/08/2026,27,,24/08/2026,,,,#N/A,1065806,NIKE,
140,OK,DASS SEST,7,139063,1065806,93661,ATAC. MR110029 RECICLADO COR 4662/PET,120CM,15758596,72,133774,15758324NBR3282958,28/05/2026,24/08/2026,27,,24/08/2026,,,,#N/A,1065806,NIKE,
141,OK,DASS SEST,7,139063,1065806,93661,ATAC. MR110029 RECICLADO COR 4662/PET,120CM,15758596,72,133774,15758325NBR3282958,28/05/2026,24/08/2026,27,,24/08/2026,,,,#N/A,1065806,NIKE,
142,OK,DASS SEST,7,139063,1065806,93661,ATAC. MR110029 RECICLADO COR 4662/PET,130CM,15758596,746,133774,15758317NBR3282838,28/05/2026,24/08/2026,27,,24/08/2026,,,,#N/A,1065806,NIKE,
143,OK,DASS SEST,7,139063,1065806,93661,ATAC. MR110029 RECICLADO COR 4662/PET,130CM,15758596,792,133774,15758318NBR3282838,28/05/2026,24/08/2026,27,,24/08/2026,,,,#N/A,1065806,NIKE,
144,OK,DASS SEST,7,139063,1065806,93661,ATAC. MR110029 RECICLADO COR 4662/PET,130CM,15758596,806,133774,15758324NBR3282958,28/05/2026,24/08/2026,27,,24/08/2026,,,,#N/A,1065806,NIKE,
145,OK,DASS SEST,7,139063,1065806,93661,ATAC. MR110029 RECICLADO COR 4662/PET,130CM,15758596,852,133774,15758325NBR3282958,28/05/2026,24/08/2026,27,,24/08/26,,,,#N/A,1065806,NIKE,
146,OK,DASS SEST,7,139063,1065806,93661,ATAC. MR110029 RECICLADO COR 4662/PET,140CM,15758596,72,133774,15758317NBR3282838,28/05/2026,24/08/2026,27,,24/08/26,,,,#N/A,1065806,NIKE,
147,OK,DASS SEST,7,139063,1065806,93661,ATAC. MR110029 RECICLADO COR 4662/PET,140CM,15758596,84,133774,15758318NBR3282838,28/05/2026,24/08/2026,27,,24/08/26,,,,#N/A,1065806,NIKE,
148,OK,DASS SEST,7,139063,1065806,93661,ATAC. MR110029 RECICLADO COR 4662/PET,140CM,15758596,90,133774,15758324NBR3282958,28/05/2026,24/08/2026,27,,24/08/26,,,,#N/A,1065806,NIKE,
149,OK,DASS SEST,7,139063,1065806,93661,ATAC. MR110029 RECICLADO COR 4662/PET,140CM,15758596,90,133774,15758325NBR3282958,28/05/2026,24/08/2026,27,,24/08/26,,,,#N/A,1065806,NIKE,
166,OK,DASS SEST,7,139228,1188919,82628,ATAC. MR140014 6MM RECICLADO COR 4085/PET,100CM,15775193,96,133929,15773818NBR3283033,01/06/2026,24/08/2026,27,,24/08/26,,,,#N/A,1188919,NIKE,
167,OK,DASS SEST,7,139228,1188919,82628,ATAC. MR140014 6MM RECICLADO COR 4085/PET,100CM,15775193,120,133929,15773819NBR3283033,01/06/2026,24/08/2026,27,,24/08/26,,,,#N/A,1188919,NIKE,
168,OK,DASS SEST,7,139228,1188919,82628,ATAC. MR140014 6MM RECICLADO COR 4085/PET,105CM,15775193,734,133929,15773818NBR3283033,01/06/2026,24/08/2026,27,,24/08/26,,,,#N/A,1188919,NIKE,
169,OK,DASS SEST,7,139228,1188919,82628,ATAC. MR140014 6MM RECICLADO COR 4085/PET,105CM,15775193,762,133929,15773819NBR3283033,01/06/2026,24/08/2026,27,,24/08/26,,,,#N/A,1188919,NIKE,
170,OK,DASS SEST,7,139228,1188919,82628,ATAC. MR140014 6MM RECICLADO COR 4085/PET,110CM,15775193,54,133929,15773818NBR3283033,01/06/2026,24/08/2026,27,,24/08/26,,,,#N/A,1188919,NIKE,
171,OK,DASS SEST,7,139228,1188919,82628,ATAC. MR140014 6MM RECICLADO COR 4085/PET,110CM,15775193,36,133929,15773819NBR3283033,01/06/2026,24/08/2026,27,,24/08/26,,,,#N/A,1188919,NIKE,
172,OK,DASS SEST,7,139228,1278311,86418,ATAC. MR140014 6MM RECICLADO COR 4662/PET,100CM,15775193,108,133929,15773828NBR3282886,01/06/2026,24/08/2026,27,,24/08/26,,,,#N/A,1278311,NIKE,
173,OK,DASS SEST,7,139228,1278311,86418,ATAC. MR140014 6MM RECICLADO COR 4662/PET,100CM,15775193,114,133929,15773829NBR3282886,01/06/2026,24/08/2026,27,,24/08/26,,,,#N/A,1278311,NIKE,
174,OK,DASS SEST,7,139228,1278311,86418,ATAC. MR140014 6MM RECICLADO COR 4662/PET,105CM,15775193,746,133929,15773828NBR3282886,01/06/2026,24/08/2026,27,,24/08/26,,,,#N/A,1278311,NIKE,
175,OK,DASS SEST,7,139228,1278311,86418,ATAC. MR140014 6MM RECICLADO COR 4662/PET,105CM,15775193,792,133929,15773829NBR3282886,01/06/2026,24/08/2026,27,,24/08/26,,,,#N/A,1278311,NIKE,
176,OK,DASS SEST,7,139228,1278311,86418,ATAC. MR140014 6MM RECICLADO COR 4662/PET,110CM,15775193,48,133929,15773828NBR3282886,01/06/2026,24/08/2026,27,,24/08/26,,,,#N/A,1278311,NIKE,
177,OK,DASS SEST,7,139228,1278311,86418,ATAC. MR140014 6MM RECICLADO COR 4662/PET,110CM,15775193,48,133929,15773829NBR3282886,01/06/2026,24/08/2026,27,,24/08/26,,,,#N/A,1278311,NIKE,
205,OK,DASS SEST,7,139280,1220522,82626,FITA MR100038 C/ GOMA RECICLADO COR 4662/PET / COR 5400/B,18MM,15775321,340,133900,0,02/06/2026,24/08/2026,27,,24/08/26,,,,#N/A,1220522,NIKE,
241,OK,DASS SEST,7,139298,1359543,95706,FITA MR100038 C/ GOMA RECICLADO COR 057/PET / COR 5911/B,18MM,15775321,320,133935,0,02/06/2026,24/08/2026,27,,24/08/26,,,,#N/A,1359543,NIKE,
242,OK,DASS SEST,7,139299,1411433,95384,FITA M31119 C/ GOMA POLIESTER COR 6008 / COR 102 / COR 102,16MM,15777765,390,133936,0,02/06/2026,24/08/2026,27,,24/08/26,,,,#N/A,1411433,FILA,
244,OK,DASS SEST,7,139371,1316829,87946,FITA M31119 C/ GOMA POLIESTER COR 100/ COR 5535/ COR 102,16MM,15786775,100,133998,0,04/06/2026,24/08/2026,27,,24/08/26,,,,#N/A,1316829,FILA,
311,OK,DASS SEST,7,139626,1200469,74007,FITA M32164 C/ GOMA POLIESTER COR 4085,10MM,15817156,170,134336,0,12/06/2026,24/08/2026,27,,24/08/26,,,,#N/A,1200469,NIKE,
312,OK,DASS SEST,7,139626,1247438,83739,FITA M32164 C/ GOMA POLIESTER COR 4662,10MM,15817156,190,134336,0,12/06/2026,24/08/2026,27,,24/08/26,,,,#N/A,1247438,NIKE,
318,OK,DASS SEST,7,139636,1299257,86978,ATAC. MR130027 6MM RECICLADO COR 4085/PET,95CM,15816411,427,134339,15815486NBR3282846,12/06/2026,24/08/2026,27,,24/08/26,,,,#N/A,1299257,NIKE,
319,OK,DASS SEST,7,139636,1299257,86978,ATAC. MR130027 6MM RECICLADO COR 4085/PET,100CM,15816411,538,134339,15815486NBR3282846,12/06/2026,24/08/2026,27,,24/08/26,,,,#N/A,1299257,NIKE,
320,OK,DASS SEST,7,139636,1299257,86978,ATAC. MR130027 6MM RECICLADO COR 4085/PET,105CM,15816411,67,134339,15815486NBR3282846,12/06/2026,24/08/2026,27,,24/08/26,,,,#N/A,1299257,NIKE,
321,OK,DASS SEST,7,139636,1301800,88695,ATAC. MR130027 6MM RECICLADO COR 4662/PET,95CM,15816411,427,134339,15815492NBR3282848,12/06/2026,24/08/2026,27,,24/08/26,,,,#N/A,1301800,NIKE,
322,OK,DASS SEST,7,139636,1301800,88695,ATAC. MR130027 6MM RECICLADO COR 4662/PET,100CM,15816411,532,134339,15815492NBR3282848,12/06/2026,24/08/2026,27,,24/08/2026,,,,#N/A,1301800,NIKE,
323,OK,DASS SEST,7,139636,1301800,88695,ATAC. MR130027 6MM RECICLADO COR 4662/PET,105CM,15816411,67,134339,15815492NBR3282848,12/06/2026,24/08/2026,27,,24/08/2026,,,,#N/A,1301800,NIKE,
324,OK,DASS SEST,7,139636,1424088,95799,ATAC. MR130027 6MM RECICLADO COR 5820/PET,95CM,15816411,300,134339,15815489NBR3282849,12/06/2026,24/08/2026,27,,24/08/2026,,,,#N/A,1424088,NIKE,
325,OK,DASS SEST,7,139636,1424088,95799,ATAC. MR130027 6MM RECICLADO COR 5820/PET,95CM,15816411,333,134339,15815490NBR3282849,12/06/2026,24/08/2026,27,,24/08/2026,,,,#N/A,1424088,NIKE,
326,OK,DASS SEST,7,139636,1424088,95799,ATAC. MR130027 6MM RECICLADO COR 5820/PET,100CM,15816411,374,134339,15815489NBR3282849,12/06/2026,24/08/2026,27,,24/08/2026,,,,#N/A,1424088,NIKE,
327,OK,DASS SEST,7,139636,1424088,95799,ATAC. MR130027 6MM RECICLADO COR 5820/PET,100CM,15816411,426,134339,15815490NBR3282849,12/06/2026,24/08/2026,27,,24/08/2026,,,,#N/A,1424088,NIKE,
328,OK,DASS SEST,7,139636,1424088,95799,ATAC. MR130027 6MM RECICLADO COR 5820/PET,105CM,15816411,49,134339,15815489NBR3282849,12/06/2026,24/08/2026,27,,24/08/2026,,,,#N/A,1424088,NIKE,
329,OK,DASS SEST,7,139636,1424088,95799,ATAC. MR130027 6MM RECICLADO COR 5820/PET,105CM,15816411,48,134339,15815490NBR3282849,12/06/2026,24/08/2026,27,,24/08/2026,,,,#N/A,1424088,NIKE,
339,OK,DASS SEST,7,139652,1241008,84943,ATAC. MR140014 6MM RECICLADO COR 4021/PET,100CM,15819907,773,134362,15818128NBR3282890,12/06/2026,24/08/2026,27,,24/08/2026,,,,#N/A,1241008,NIKE,
340,OK,DASS SEST,7,139652,1241008,84943,ATAC. MR140014 6MM RECICLADO COR 4021/PET,105CM,15819907,394,134362,15818128NBR3282890,12/06/2026,24/08/2026,27,,24/08/2026,,,,#N/A,1241008,NIKE,
341,OK,DASS SEST,7,139652,1278311,86418,ATAC. MR140014 6MM RECICLADO COR 4662/PET,100CM,15819907,673,134362,15818135NBR3282843,12/06/2026,24/08/2026,27,,24/08/2026,,,,#N/A,1278311,NIKE,
342,OK,DASS SEST,7,139652,1278311,86418,ATAC. MR140014 6MM RECICLADO COR 4662/PET,105CM,15819907,346,134362,15818135NBR3282843,12/06/2026,24/08/2026,27,,24/08/2026,,,,#N/A,1278311,NIKE,
385,OK,DASS SEST,7,139798,1316829,87946,FITA M31119 C/ GOMA POLIESTER COR 100/ COR 5535/ COR 102,16MM,15831720,40,134491,0,17/06/2026,24/08/2026,27,,24/08/2026,,,,#N/A,1316829,FILA,
386,OK,DASS SEST,7,139798,1320254,91023,FITA M31119 C/ GOMA POLIESTER COR 114 / COR 100 / COR 100,16MM,15831720,10,134491,0,17/06/2026,24/08/2026,27,,24/08/2026,,,,#N/A,1320254,FILA,
387,OK,DASS SEST,7,139798,1353470,92963,FITA M31119 C/ GOMA POLIESTER COR 102 / COR 100 / COR 100,16MM,15831720,10,134491,0,17/06/2026,24/08/2026,27,,24/08/2026,,,,#N/A,1353470,FILA,
455,OK,DASS SEST,7,139939,1316829,87946,FITA M31119 C/ GOMA POLIESTER COR 100/ COR 5535/ COR 102,16MM,15849661,330,134615,0,22/06/2026,24/08/2026,27,,24/08/2026,,,,#N/A,1316829,FILA,
456,OK,DASS SEST,7,139939,1320254,91023,FITA M31119 C/ GOMA POLIESTER COR 114 / COR 100 / COR 100,16MM,15849661,70,134615,0,22/06/2026,24/08/2026,27,,24/08/2026,,,,#N/A,1320254,FILA,
457,OK,DASS SEST,7,139939,1353470,92963,FITA M31119 C/ GOMA POLIESTER COR 102 / COR 100 / COR 100,16MM,15849661,1330,134615,0,22/06/2026,24/08/2026,27,,24/08/2026,,,,#N/A,1353470,FILA,
458,OK,DASS SEST,7,139939,1400623,95146,FITA M31119 C/ GOMA POLIESTER COR 447 / COR 114 / COR 114,16MM,15849661,190,134615,0,22/06/2026,24/08/2026,27,,24/08/2026,,,,#N/A,1400623,FILA,
459,OK,DASS SEST,7,139939,1320199,95176,FITA M31119 C/ GOMA POLIESTER COR 053 / COR 114 / COR 114,16MM,15849661,380,134615,0,22/06/2026,24/08/2026,27,,24/08/2026,,,,#N/A,1320199,FILA,
460,OK,DASS SEST,7,139939,1416908,95301,FITA M31119 C/ GOMA POLIESTER COR 6038 / COR 5508 / COR 5508,16MM,15849661,410,134615,0,22/06/2026,24/08/2026,27,,24/08/2026,,,,#N/A,1416908,FILA,
499,OK,DASS SEST,7,140094,1299257,86978,ATAC. MR130027 6MM RECICLADO COR 4085/PET,105CM,15859154,552,134783,15856843NBR3282919,25/06/2026,24/08/2026,27,,24/08/2026,,,,#N/A,1299257,NIKE,
500,OK,DASS SEST,7,140094,1299257,86978,ATAC. MR130027 6MM RECICLADO COR 4085/PET,110CM,15859154,144,134783,15856836NBR3282867,25/06/2026,24/08/2026,27,,24/08/2026,,,,#N/A,1299257,NIKE,
501,OK,DASS SEST,7,140094,1299257,86978,ATAC. MR130027 6MM RECICLADO COR 4085/PET,110CM,15859154,150,134783,15856837NBR3282867,25/06/2026,24/08/2026,27,,24/08/26,,,,#N/A,1299257,NIKE,
502,OK,DASS SEST,7,140094,1299257,86978,ATAC. MR130027 6MM RECICLADO COR 4085/PET,110CM,15859154,548,134783,15856843NBR3282919,25/06/2026,24/08/2026,27,,24/08/26,,,,#N/A,1299257,NIKE,
503,OK,DASS SEST,7,140094,1299257,86978,ATAC. MR130027 6MM RECICLADO COR 4085/PET,115CM,15859154,518,134783,15856836NBR3282867,25/06/2026,24/08/2026,27,,24/08/26,,,,#N/A,1299257,NIKE,
504,OK,DASS SEST,7,140094,1299257,86978,ATAC. MR130027 6MM RECICLADO COR 4085/PET,115CM,15859154,528,134783,15856837NBR3282867,25/06/2026,24/08/2026,27,,24/08/26,,,,#N/A,1299257,NIKE,
505,OK,DASS SEST,7,140094,1299257,86978,ATAC. MR130027 6MM RECICLADO COR 4085/PET,115CM,15859154,24,134783,15856843NBR3282919,25/06/2026,24/08/2026,27,,24/08/26,,,,#N/A,1299257,NIKE,
506,OK,DASS SEST,7,140094,1299257,86978,ATAC. MR130027 6MM RECICLADO COR 4085/PET,120CM,15859154,120,134783,15856836NBR3282867,25/06/2026,24/08/2026,27,,24/08/26,,,,#N/A,1299257,NIKE,
507,OK,DASS SEST,7,140094,1299257,86978,ATAC. MR130027 6MM RECICLADO COR 4085/PET,120CM,15859154,156,134783,15856837NBR3282867,25/06/2026,24/08/2026,27,,24/08/26,,,,#N/A,1299257,NIKE,
508,OK,DASS SEST,7,140094,1301800,88695,ATAC. MR130027 6MM RECICLADO COR 4662/PET,110CM,15859154,144,134783,15856846NBR3282868,25/06/2026,24/08/2026,27,,24/08/26,,,,#N/A,1301800,NIKE,
509,OK,DASS SEST,7,140094,1301800,88695,ATAC. MR130027 6MM RECICLADO COR 4662/PET,115CM,15859154,836,134783,15856846NBR3282868,25/06/2026,24/08/2026,27,,24/08/26,,,,#N/A,1301800,NIKE,
510,OK,DASS SEST,7,140094,1301800,88695,ATAC. MR130027 6MM RECICLADO COR 4662/PET,120CM,15859154,264,134783,15856846NBR3282868,25/06/2026,24/08/2026,27,,24/08/26,,,,#N/A,1301800,NIKE,
776,OK,DASS SEST,7,140127,1304277,88668,ATAC. MR110022 7MM RECICLADO COR 4085/PET / COR 496/PET,110CM,15855785,1048,134818,15854344NEX0000076,25/06/2026,24/08/2026,27,,24/08/26,,,,#N/A,1304277,NIKE,
777,OK,DASS SEST,7,140127,1304277,88668,ATAC. MR110022 7MM RECICLADO COR 4085/PET / COR 496/PET,110CM,15855785,1032,134818,15854345NEX0000076,25/06/2026,24/08/2026,27,,24/08/26,,,,#N/A,1304277,NIKE,
778,OK,DASS SEST,7,140127,1304277,88668,ATAC. MR110022 7MM RECICLADO COR 4085/PET / COR 496/PET,110CM,15855785,1110,134818,15854346NEX0000076,25/06/2026,24/08/2026,27,,24/08/2026,,,,#N/A,1304277,NIKE,
779,OK,DASS SEST,7,140127,1304277,88668,ATAC. MR110022 7MM RECICLADO COR 4085/PET / COR 496/PET,115CM,15855785,138,134818,15854344NEX0000076,25/06/2026,24/08/2026,27,,24/08/2026,,,,#N/A,1304277,NIKE,
780,OK,DASS SEST,7,140127,1304277,88668,ATAC. MR110022 7MM RECICLADO COR 4085/PET / COR 496/PET,115CM,15855785,120,134818,15854345NEX0000076,25/06/2026,24/08/2026,27,,24/08/2026,,,,#N/A,1304277,NIKE,
781,OK,DASS SEST,7,140127,1304277,88668,ATAC. MR110022 7MM RECICLADO COR 4085/PET / COR 496/PET,115CM,15855785,126,134818,15854346NEX0000076,25/06/2026,24/08/2026,27,,24/08/2026,,,,#N/A,1304277,NIKE,
782,OK,DASS SEST,7,140127,1315210,88700,ATAC. MR110022 7MM RECICLADO COR 4662/PET,110CM,15855785,144,134818,15854327NEX0000069,25/06/2026,24/08/2026,27,,24/08/2026,,,,#N/A,1315210,NIKE,
783,OK,DASS SEST,7,140127,1315210,88700,ATAC. MR110022 7MM RECICLADO COR 4662/PET,110CM,15855785,162,134818,15854328NEX0000069,25/06/2026,24/08/2026,27,,24/08/2026,,,,#N/A,1315210,NIKE,
784,OK,DASS SEST,7,140127,1315210,88700,ATAC. MR110022 7MM RECICLADO COR 4662/PET,115CM,15855785,554,134818,15854327NEX0000069,25/06/2026,24/08/2026,27,,24/08/2026,,,,#N/A,1315210,NIKE,
785,OK,DASS SEST,7,140127,1315210,88700,ATAC. MR110022 7MM RECICLADO COR 4662/PET,115CM,15855785,558,134818,15854328NEX0000069,25/06/2026,24/08/2026,27,,24/08/2026,,,,#N/A,1315210,NIKE,
786,OK,DASS SEST,7,140127,1315210,88700,ATAC. MR110022 7MM RECICLADO COR 4662/PET,120CM,15855785,156,134818,15854327NEX0000069,25/06/2026,24/08/2026,27,,24/08/2026,,,,#N/A,1315210,NIKE,
787,OK,DASS SEST,7,140127,1315210,88700,ATAC. MR110022 7MM RECICLADO COR 4662/PET,120CM,15855785,174,134818,15854328NEX0000069,25/06/2026,24/08/2026,27,,24/08/2026,,,,#N/A,1315210,NIKE,
788,OK,DASS SEST,7,140127,1362000,92431,ATAC. MR110022 7MM RECICLADO COR 4662/PET / COR 4758/PET,110CM,15855785,758,134818,15854350NEX0000078,25/06/2026,24/08/2026,27,,24/08/2026,,,,#N/A,1362000,NIKE,
789,OK,DASS SEST,7,140127,1362000,92431,ATAC. MR110022 7MM RECICLADO COR 4662/PET / COR 4758/PET,110CM,15855785,810,134818,15854351NEX0000078,25/06/2026,24/08/2026,27,,24/08/2026,,,,#N/A,1362000,NIKE,
790,OK,DASS SEST,7,140127,1362000,92431,ATAC. MR110022 7MM RECICLADO COR 4662/PET / COR 4758/PET,115CM,15855785,72,134818,15854350NEX0000078,25/06/2026,24/08/2026,27,,24/08/2026,,,,#N/A,1362000,NIKE,
791,OK,DASS SEST,7,140127,1362000,92431,ATAC. MR110022 7MM RECICLADO COR 4662/PET / COR 4758/PET,115CM,15855785,36,134818,15854351NEX0000078,25/06/2026,24/08/2026,27,,24/08/2026,,,,#N/A,1362000,NIKE,
792,OK,DASS SEST,7,140127,1424201,95897,ATAC. MR110022 7MM RECICLADO COR 4662/PET / COR 4638/PET,110CM,15855785,1226,134818,15854361NEX0000077,25/06/2026,24/08/2026,27,,24/08/2026,,,,#N/A,1424201,NIKE,
793,OK,DASS SEST,7,140127,1424201,95897,ATAC. MR110022 7MM RECICLADO COR 4662/PET / COR 4638/PET,115CM,15855785,78,134818,15854361NEX0000077,25/06/2026,24/08/2026,27,,24/08/2026,,,,#N/A,1424201,NIKE,
794,OK,DASS SEST,7,140127,1424204,95898,ATAC. MR110022 7MM RECICLADO COR 6222/PET / COR 4259/PET,110CM,15855785,228,134818,15854356NEX0000072,25/06/2026,24/08/2026,27,,24/08/2026,,,,#N/A,1424204,NIKE,
795,OK,DASS SEST,7,140127,1424204,95898,ATAC. MR110022 7MM RECICLADO COR 6222/PET / COR 4259/PET,110CM,15855785,204,134818,15854357NEX0000072,25/06/2026,24/08/2026,27,,24/08/2026,,,,#N/A,1424204,NIKE,
796,OK,DASS SEST,7,140127,1424204,95898,ATAC. MR110022 7MM RECICLADO COR 6222/PET / COR 4259/PET,110CM,15855785,246,134818,15854358NEX0000072,25/06/2026,24/08/2026,27,,24/08/2026,,,,#N/A,1424204,NIKE,
797,OK,DASS SEST,7,140127,1424204,95898,ATAC. MR110022 7MM RECICLADO COR 6222/PET / COR 4259/PET,115CM,15855785,1054,134818,15854356NEX0000072,25/06/2026,24/08/2026,27,,24/08/2026,,,,#N/A,1424204,NIKE,
798,OK,DASS SEST,7,140127,1424204,95898,ATAC. MR110022 7MM RECICLADO COR 6222/PET / COR 4259/PET,115CM,15855785,780,134818,15854357NEX0000072,25/06/2026,24/08/2026,27,,24/08/2026,,,,#N/A,1424204,NIKE,
799,OK,DASS SEST,7,140127,1424204,95898,ATAC. MR110022 7MM RECICLADO COR 6222/PET / COR 4259/PET,115CM,15855785,552,134818,15854358NEX0000072,25/06/2026,24/08/2026,27,,24/08/2026,,,,#N/A,1424204,NIKE,
800,OK,DASS SEST,7,140127,1424204,95898,ATAC. MR110022 7MM RECICLADO COR 6222/PET / COR 4259/PET,120CM,15855785,216,134818,15854356NEX0000072,25/06/2026,24/08/2026,27,,24/08/2026,,,,#N/A,1424204,NIKE,
801,OK,DASS SEST,7,140127,1424204,95898,ATAC. MR110022 7MM RECICLADO COR 6222/PET / COR 4259/PET,120CM,15855785,204,134818,15854357NEX0000072,25/06/2026,24/08/2026,27,,24/08/2026,,,,#N/A,1424204,NIKE,
802,OK,DASS SEST,7,140127,1424204,95898,ATAC. MR110022 7MM RECICLADO COR 6222/PET / COR 4259/PET,120CM,15855785,234,134818,15854358NEX0000072,25/06/2026,24/08/2026,27,,24/08/2026,,,,#N/A,1424204,NIKE,
803,OK,DASS SEST,7,140127,1424205,95900,ATAC. MR110022 7MM RECICLADO COR 057/PET / COR 5946/PET,110CM,15855785,252,134818,15854354NEX0000071,25/06/2026,24/08/2026,27,,24/08/2026,,,,#N/A,1424205,NIKE,
804,OK,DASS SEST,7,140127,1424205,95900,ATAC. MR110022 7MM RECICLADO COR 057/PET / COR 5946/PET,110CM,15855785,300,134818,15854355NEX0000071,25/06/2026,24/08/2026,27,,24/08/2026,,,,#N/A,1424205,NIKE,
805,OK,DASS SEST,7,140127,1424205,95900,ATAC. MR110022 7MM RECICLADO COR 057/PET / COR 5946/PET,115CM,15855785,789,134818,15854354NEX0000071,25/06/2026,24/08/2026,27,,24/08/2026,,,,#N/A,1424205,NIKE,
806,OK,DASS SEST,7,140127,1424205,95900,ATAC. MR110022 7MM RECICLADO COR 057/PET / COR 5946/PET,115CM,15855785,786,134818,15854355NEX0000071,25/06/2026,24/08/2026,27,,24/08/2026,,,,#N/A,1424205,NIKE,
807,OK,DASS SEST,7,140127,1424205,95900,ATAC. MR110022 7MM RECICLADO COR 057/PET / COR 5946/PET,120CM,15855785,228,134818,15854354NEX0000071,25/06/2026,24/08/2026,27,,24/08/2026,,,,#N/A,1424205,NIKE,
808,OK,DASS SEST,7,140127,1424205,95900,ATAC. MR110022 7MM RECICLADO COR 057/PET / COR 5946/PET,120CM,15855785,252,134818,15854355NEX0000071,25/06/2026,24/08/2026,27,,24/08/2026,,,,#N/A,1424205,NIKE,
809,OK,DASS SEST,7,140127,1424202,95901,ATAC. MR110022 7MM RECICLADO COR 298/PET / COR 5820/PET,110CM,15855785,1022,134818,15850253NBR3282996,25/06/2026,24/08/2026,27,,24/08/2026,,,,#N/A,1424202,NIKE,
810,OK,DASS SEST,7,140127,1424202,95901,ATAC. MR110022 7MM RECICLADO COR 298/PET / COR 5820/PET,110CM,15855785,867,134818,15854359NEX0000079,25/06/2026,24/08/2026,27,,24/08/2026,,,,#N/A,1424202,NIKE,
811,OK,DASS SEST,7,140127,1424202,95901,ATAC. MR110022 7MM RECICLADO COR 298/PET / COR 5820/PET,110CM,15855785,936,134818,15854360NEX0000079,25/06/2026,24/08/2026,27,,24/08/2026,,,,#N/A,1424202,NIKE,
812,OK,DASS SEST,7,140127,1424202,95901,ATAC. MR110022 7MM RECICLADO COR 298/PET / COR 5820/PET,115CM,15855785,36,134818,15850253NBR3282996,25/06/2026,24/08/2026,27,,24/08/2026,,,,#N/A,1424202,NIKE,
813,OK,DASS SEST,7,140127,1424202,95901,ATAC. MR110022 7MM RECICLADO COR 298/PET / COR 5820/PET,115CM,15855785,114,134818,15854359NEX0000079,25/06/2026,24/08/2026,27,,24/08/2026,,,,#N/A,1424202,NIKE,
814,OK,DASS SEST,7,140127,1424202,95901,ATAC. MR110022 7MM RECICLADO COR 298/PET / COR 5820/PET,115CM,15855785,96,134818,15854360NEX0000079,25/06/2026,24/08/2026,27,,24/08/2026,,,,#N/A,1424202,NIKE,
1157,OK,DASS SEST,7,140193,1188919,82628,ATAC. MR140014 6MM RECICLADO COR 4085/PET,100CM,15872666,216,134943,15865487NBR3282915,26/06/2026,24/08/2026,27,,24/08/2026,,,,#N/A,1188919,NIKE,
1158,OK,DASS SEST,7,140193,1188919,82628,ATAC. MR140014 6MM RECICLADO COR 4085/PET,100CM,15872666,222,134943,15865488NBR3282915,26/06/2026,24/08/2026,27,,24/08/2026,,,,#N/A,1188919,NIKE,
1159,OK,DASS SEST,7,140193,1188919,82628,ATAC. MR140014 6MM RECICLADO COR 4085/PET,100CM,15872666,216,134943,15865489NBR3282926,26/06/2026,24/08/2026,27,,24/08/2026,,,,#N/A,1188919,NIKE,
1160,OK,DASS SEST,7,140193,1188919,82628,ATAC. MR140014 6MM RECICLADO COR 4085/PET,100CM,15872666,222,134943,15865490NBR3282926,26/06/2026,24/08/2026,27,,24/08/2026,,,,#N/A,1188919,NIKE,
1161,OK,DASS SEST,7,140193,1188919,82628,ATAC. MR140014 6MM RECICLADO COR 4085/PET,100CM,15872666,180,134943,15865454NBR3282995,26/06/2026,24/08/2026,27,,24/08/2026,,,,#N/A,1188919,NIKE,
1162,OK,DASS SEST,7,140193,1188919,82628,ATAC. MR140014 6MM RECICLADO COR 4085/PET,100CM,15872666,198,134943,15865455NBR3282995,26/06/2026,24/08/2026,27,,24/08/2026,,,,#N/A,1188919,NIKE,
1163,OK,DASS SEST,7,140193,1188919,82628,ATAC. MR140014 6MM RECICLADO COR 4085/PET,105CM,15872666,662,134943,15865487NBR3282915,26/06/2026,24/08/2026,27,,24/08/2026,,,,#N/A,1188919,NIKE,
1164,OK,DASS SEST,7,140193,1188919,82628,ATAC. MR140014 6MM RECICLADO COR 4085/PET,105CM,15872666,708,134943,15865488NBR3282915,26/06/2026,24/08/2026,27,,24/08/2026,,,,#N/A,1188919,NIKE,
1165,OK,DASS SEST,7,140193,1188919,82628,ATAC. MR140014 6MM RECICLADO COR 4085/PET,105CM,15872666,662,134943,15865489NBR3282926,26/06/2026,24/08/2026,27,,24/08/2026,,,,#N/A,1188919,NIKE,
1166,OK,DASS SEST,7,140193,1188919,82628,ATAC. MR140014 6MM RECICLADO COR 4085/PET,105CM,15872666,708,134943,15865490NBR3282926,26/06/2026,24/08/2026,27,,24/08/26,,,,#N/A,1188919,NIKE,
1167,OK,DASS SEST,7,140193,1188919,82628,ATAC. MR140014 6MM RECICLADO COR 4085/PET,105CM,15872666,216,134943,15865458NBR3282987,26/06/2026,24/08/2026,27,,24/08/26,,,,#N/A,1188919,NIKE,
1168,OK,DASS SEST,7,140193,1188919,82628,ATAC. MR140014 6MM RECICLADO COR 4085/PET,105CM,15872666,234,134943,15865459NBR3282987,26/06/2026,24/08/2026,27,,24/08/26,,,,#N/A,1188919,NIKE,
1169,OK,DASS SEST,7,140193,1188919,82628,ATAC. MR140014 6MM RECICLADO COR 4085/PET,105CM,15872666,360,134943,15865449NBR3282988,26/06/2026,24/08/2026,27,,24/08/26,,,,#N/A,1188919,NIKE,
1170,OK,DASS SEST,7,140193,1188919,82628,ATAC. MR140014 6MM RECICLADO COR 4085/PET,105CM,15872666,360,134943,15865450NBR3282989,26/06/2026,24/08/2026,27,,24/08/26,,,,#N/A,1188919,NIKE,
1171,OK,DASS SEST,7,140193,1188919,82628,ATAC. MR140014 6MM RECICLADO COR 4085/PET,105CM,15872666,366,134943,15865453NBR3282991,26/06/2026,24/08/2026,27,,24/08/26,,,,#N/A,1188919,NIKE,
1172,OK,DASS SEST,7,140193,1188919,82628,ATAC. MR140014 6MM RECICLADO COR 4085/PET,105CM,15872666,578,134943,15865454NBR3282995,26/06/2026,24/08/2026,27,,24/08/26,,,,#N/A,1188919,NIKE,
1173,OK,DASS SEST,7,140193,1188919,82628,ATAC. MR140014 6MM RECICLADO COR 4085/PET,105CM,15872666,624,134943,15865455NBR3282995,26/06/2026,24/08/2026,27,,24/08/26,,,,#N/A,1188919,NIKE,
1174,OK,DASS SEST,7,140193,1188919,82628,ATAC. MR140014 6MM RECICLADO COR 4085/PET,110CM,15872666,6,134943,15865487NBR3282915,26/06/2026,24/08/2026,27,,24/08/26,,,,#N/A,1188919,NIKE,
1175,OK,DASS SEST,7,140193,1188919,82628,ATAC. MR140014 6MM RECICLADO COR 4085/PET,110CM,15872666,6,134943,15865489NBR3282926,26/06/2026,24/08/2026,27,,24/08/26,,,,#N/A,1188919,NIKE,
1176,OK,DASS SEST,7,140193,1188919,82628,ATAC. MR140014 6MM RECICLADO COR 4085/PET,110CM,15872666,530,134943,15865458NBR3282987,26/06/2026,24/08/2026,27,,24/08/26,,,,#N/A,1188919,NIKE,
1177,OK,DASS SEST,7,140193,1188919,82628,ATAC. MR140014 6MM RECICLADO COR 4085/PET,110CM,15872666,546,134943,15865459NBR3282987,26/06/2026,24/08/2026,27,,24/08/26,,,,#N/A,1188919,NIKE,
1178,OK,DASS SEST,7,140193,1188919,82628,ATAC. MR140014 6MM RECICLADO COR 4085/PET,110CM,15872666,908,134943,15865449NBR3282988,26/06/2026,24/08/2026,27,,24/08/26,,,,#N/A,1188919,NIKE,
1179,OK,DASS SEST,7,140193,1188919,82628,ATAC. MR140014 6MM RECICLADO COR 4085/PET,110CM,15872666,908,134943,15865450NBR3282989,26/06/2026,24/08/2026,27,,24/08/26,,,,#N/A,1188919,NIKE,
1180,OK,DASS SEST,7,140193,1188919,82628,ATAC. MR140014 6MM RECICLADO COR 4085/PET,110CM,15872666,926,134943,15865453NBR3282991,26/06/2026,24/08/2026,27,,24/08/26,,,,#N/A,1188919,NIKE,
1181,OK,DASS SEST,7,140193,1188919,82628,ATAC. MR140014 6MM RECICLADO COR 4085/PET,110CM,15872666,24,134943,15865454NBR3282995,26/06/2026,24/08/2026,27,,24/08/26,,,,#N/A,1188919,NIKE,
1182,OK,DASS SEST,7,140193,1188919,82628,ATAC. MR140014 6MM RECICLADO COR 4085/PET,110CM,15872666,24,134943,15865455NBR3282995,26/06/2026,24/08/2026,27,,24/08/26,,,,#N/A,1188919,NIKE,
1183,OK,DASS SEST,7,140193,1188919,82628,ATAC. MR140014 6MM RECICLADO COR 4085/PET,115CM,15872666,156,134943,15865458NBR3282987,26/06/2026,24/08/2026,27,,24/08/26,,,,#N/A,1188919,NIKE,
1184,OK,DASS SEST,7,140193,1188919,82628,ATAC. MR140014 6MM RECICLADO COR 4085/PET,115CM,15872666,186,134943,15865459NBR3282987,26/06/2026,24/08/2026,27,,24/08/26,,,,#N/A,1188919,NIKE,
1185,OK,DASS SEST,7,140193,1188919,82628,ATAC. MR140014 6MM RECICLADO COR 4085/PET,115CM,15872666,264,134943,15865449NBR3282988,26/06/2026,24/08/2026,27,,24/08/26,,,,#N/A,1188919,NIKE,
1186,OK,DASS SEST,7,140193,1188919,82628,ATAC. MR140014 6MM RECICLADO COR 4085/PET,115CM,15872666,264,134943,15865450NBR3282989,26/06/2026,24/08/2026,27,,24/08/26,,,,#N/A,1188919,NIKE,
1187,OK,DASS SEST,7,140193,1188919,82628,ATAC. MR140014 6MM RECICLADO COR 4085/PET,115CM,15872666,270,134943,15865453NBR3282991,26/06/2026,24/08/2026,27,,24/08/26,,,,#N/A,1188919,NIKE,
1188,OK,DASS SEST,7,140193,1324864,88451,ATAC. MR140014 6MM RECICLADO COR 5687/PET,105CM,15872666,108,134943,15865462NBR3282942,26/06/2026,24/08/2026,27,,24/08/26,,,,#N/A,1324864,NIKE,
1189,OK,DASS SEST,7,140193,1324864,88451,ATAC. MR140014 6MM RECICLADO COR 5687/PET,105CM,15872666,114,134943,15865463NBR3282942,26/06/2026,24/08/2026,27,,24/08/26,,,,#N/A,1324864,NIKE,
1190,OK,DASS SEST,7,140193,1324864,88451,ATAC. MR140014 6MM RECICLADO COR 5687/PET,110CM,15872666,644,134943,15865462NBR3282942,26/06/2026,24/08/2026,27,,24/08/26,,,,#N/A,1324864,NIKE,
1191,OK,DASS SEST,7,140193,1324864,88451,ATAC. MR140014 6MM RECICLADO COR 5687/PET,110CM,15872666,660,134943,15865463NBR3282942,26/06/2026,24/08/2026,27,,24/08/26,,,,#N/A,1324864,NIKE,
1192,OK,DASS SEST,7,140193,1324864,88451,ATAC. MR140014 6MM RECICLADO COR 5687/PET,115CM,15872666,204,134943,15865462NBR3282942,26/06/2026,24/08/2026,27,,24/08/26,,,,#N/A,1324864,NIKE,
1193,OK,DASS SEST,7,140193,1324864,88451,ATAC. MR140014 6MM RECICLADO COR 5687/PET,115CM,15872666,228,134943,15865463NBR3282942,26/06/2026,24/08/2026,27,,24/08/26,,,,#N/A,1324864,NIKE,
1426,OK,DASS SEST,7,140571,1316829,87946,FITA M31119 C/ GOMA POLIESTER COR 100/ COR 5535/ COR 102,16MM,15899917,490,135527,0,07/07/2026,24/08/2026,27,,24/08/26,,,,#N/A,1316829,FILA,
1427,OK,DASS SEST,7,140571,1324887,88286,FITA M31119 C/ GOMA POLIESTER COR 057/ COR 102/ COR 678,16MM,15899917,130,135527,0,07/07/2026,24/08/2026,27,,24/08/26,,,,#N/A,1324887,FILA,
1428,OK,DASS SEST,7,140571,1324782,88618,FITA M31119 C/ GOMA POLIESTER COR 114/ COR 053/ COR 4529,16MM,15899917,80,135527,0,07/07/2026,24/08/2026,27,,24/08/26,,,,#N/A,1324782,FILA,
1429,OK,DASS SEST,7,140571,1379936,92571,FITA M31119 C/ GOMA POLIESTER COR 678 / COR 100 / COR 100,16MM,15899917,80,135527,0,07/07/2026,24/08/2026,27,,24/08/26,,,,#N/A,1379936,FILA,
1430,OK,DASS SEST,7,140571,1379938,92573,FITA M31119 C/ GOMA POLIESTER COR 161 / COR 324 / COR 324,16MM,15899917,80,135527,0,07/07/2026,24/08/2026,27,,24/08/26,,,,#N/A,1379938,FILA,
1431,OK,DASS SEST,7,140571,1358112,92574,FITA M31119 C/ GOMA POLIESTER COR 057 / COR 102 / COR 102,16MM,15899917,150,135527,0,07/07/2026,24/08/2026,27,,24/08/26,,,,#N/A,1358112,FILA,
1432,OK,DASS SEST,7,140571,1401202,92829,FITA M31119 C/ GOMA POLIESTER COR 6001 / COR 114 / COR 282,16MM,15899917,360,135527,0,07/07/2026,24/08/2026,27,,24/08/2026,,,,#N/A,1401202,FILA,
1433,OK,DASS SEST,7,140571,1320199,95176,FITA M31119 C/ GOMA POLIESTER COR 053 / COR 114 / COR 114,16MM,15899917,170,135527,0,07/07/2026,24/08/2026,27,,24/08/2026,,,,#N/A,1320199,FILA,
1434,OK,DASS SEST,7,140572,1159608,81667,ATAC. M15041 POLIESTER COR 100,120CM,15900086,564,135528,15888628BR314828-A,07/07/2026,24/08/2026,27,,24/08/2026,,,,#N/A,1159608,FILA,
1435,OK,DASS SEST,7,140572,1159608,81667,ATAC. M15041 POLIESTER COR 100,120CM,15900086,600,135528,15888629BR314828-B,07/07/2026,24/08/2026,27,,24/08/2026,,,,#N/A,1159608,FILA,
1436,OK,DASS SEST,7,140572,1159608,81667,ATAC. M15041 POLIESTER COR 100,130CM,15900086,312,135528,15888628BR314828-A,07/07/2026,24/08/2026,27,,24/08/2026,,,,#N/A,1159608,FILA,
1437,OK,DASS SEST,7,140572,1159608,81667,ATAC. M15041 POLIESTER COR 100,130CM,15900086,336,135528,15888629BR314828-B,07/07/2026,24/08/2026,27,,24/08/2026,,,,#N/A,1159608,FILA,
1438,OK,DASS SEST,7,140572,1159608,81667,ATAC. M15041 POLIESTER COR 100,140CM,15900086,12,135528,15888628BR314828-A,07/07/2026,24/08/2026,27,,24/08/2026,,,,#N/A,1159608,FILA,
1439,OK,DASS SEST,7,140572,1159608,81667,ATAC. M15041 POLIESTER COR 100,140CM,15900086,24,135528,15888629BR314828-B,07/07/2026,24/08/2026,27,,24/08/2026,,,,#N/A,1159608,FILA,
1440,OK,DASS SEST,7,140572,1159609,82596,ATAC. M15041 POLIESTER COR 114,110CM,15900086,504,135528,15888631ARG202001,07/07/2026,24/08/2026,27,,24/08/2026,,,,#N/A,1159609,FILA,
1441,OK,DASS SEST,7,140572,1159609,82596,ATAC. M15041 POLIESTER COR 114,120CM,15900086,648,135528,15888631ARG202001,07/07/2026,24/08/2026,27,,24/08/2026,,,,#N/A,1159609,FILA,
1716,OK,DASS SEST,7,140944,1048514,82631,ATAC. MR110012 8MM RECICLADO COR 4699/PET,115CM,15944082,270,135631,15941757NBR3283292,17/07/2026,24/08/2026,27,,24/08/2026,,,,#N/A,1048514,NIKE,
1717,OK,DASS SEST,7,140944,1048514,82631,ATAC. MR110012 8MM RECICLADO COR 4699/PET,120CM,15944082,764,135631,15941757NBR3283292,17/07/2026,24/08/2026,27,,24/08/2026,,,,#N/A,1048514,NIKE,
1718,OK,DASS SEST,7,140944,1341808,91524,ATAC. MR110012 8MM RECICLADO COR 5149/PET,115CM,15944082,216,135631,15941794NBR3283296,17/07/2026,24/08/2026,27,,24/08/2026,,,,#N/A,1341808,NIKE,
1719,OK,DASS SEST,7,140944,1341808,91524,ATAC. MR110012 8MM RECICLADO COR 5149/PET,115CM,15944082,234,135631,15941795NBR3283296,17/07/2026,24/08/2026,27,,24/08/2026,,,,#N/A,1341808,NIKE,
1720,OK,DASS SEST,7,140944,1341808,91524,ATAC. MR110012 8MM RECICLADO COR 5149/PET,120CM,15944082,620,135631,15941794NBR3283296,17/07/2026,24/08/2026,27,,24/08/2026,,,,#N/A,1341808,NIKE,
1721,OK,DASS SEST,7,140944,1341808,91524,ATAC. MR110012 8MM RECICLADO COR 5149/PET,120CM,15944082,672,135631,15941795NBR3283296,17/07/2026,24/08/2026,27,,24/08/2026,,,,#N/A,1341808,NIKE,
1722,OK,DASS SEST,7,140944,1027849,92568,ATAC. MR110012 8MM RECICLADO COR 4085/PET,115CM,15944082,258,135631,15941754NBR3283288,17/07/2026,24/08/2026,27,,24/08/2026,,,,#N/A,1027849,NIKE,
1723,OK,DASS SEST,7,140944,1027849,92568,ATAC. MR110012 8MM RECICLADO COR 4085/PET,120CM,15944082,746,135631,15941754NBR3283288,17/07/2026,24/08/2026,27,,24/08/2026,,,,#N/A,1027849,NIKE,
1724,OK,DASS SEST,7,140944,1065806,93661,ATAC. MR110029 RECICLADO COR 4662/PET,130CM,15944082,360,135631,15941758NBR3283278,17/07/2026,24/08/2026,27,,24/08/2026,,,,#N/A,1065806,NIKE,
1725,OK,DASS SEST,7,140944,1065806,93661,ATAC. MR110029 RECICLADO COR 4662/PET,130CM,15944082,384,135631,15941759NBR3283278,17/07/2026,24/08/2026,27,,24/08/2026,,,,#N/A,1065806,NIKE,
1726,OK,DASS SEST,7,140944,1065806,93661,ATAC. MR110029 RECICLADO COR 4662/PET,130CM,15944082,324,135631,15941764NBR3283280,17/07/2026,24/08/2026,27,,24/08/2026,,,,#N/A,1065806,NIKE,
1727,OK,DASS SEST,7,140944,1065806,93661,ATAC. MR110029 RECICLADO COR 4662/PET,130CM,15944082,360,135631,15941765NBR3283280,17/07/2026,24/08/2026,27,,24/08/2026,,,,#N/A,1065806,NIKE,
1728,OK,DASS SEST,7,140944,1065806,93661,ATAC. MR110029 RECICLADO COR 4662/PET,130CM,15944082,360,135631,15941760NBR3283281,17/07/2026,24/08/2026,27,,24/08/2026,,,,#N/A,1065806,NIKE,
1729,OK,DASS SEST,7,140944,1065806,93661,ATAC. MR110029 RECICLADO COR 4662/PET,130CM,15944082,384,135631,15941761NBR3283281,17/07/2026,24/08/2026,27,,24/08/2026,,,,#N/A,1065806,NIKE,
1730,OK,DASS SEST,7,140944,1065806,93661,ATAC. MR110029 RECICLADO COR 4662/PET,130CM,15944082,360,135631,15941762NBR3283284,17/07/2026,24/08/2026,27,,24/08/2026,,,,#N/A,1065806,NIKE,
1731,OK,DASS SEST,7,140944,1065806,93661,ATAC. MR110029 RECICLADO COR 4662/PET,130CM,15944082,384,135631,15941763NBR3283284,17/07/2026,24/08/2026,27,,24/08/2026,,,,#N/A,1065806,NIKE,
1732,OK,DASS SEST,7,140944,1065806,93661,ATAC. MR110029 RECICLADO COR 4662/PET,135CM,15944082,470,135631,15941758NBR3283278,17/07/2026,24/08/2026,27,,24/08/2026,,,,#N/A,1065806,NIKE,
1733,OK,DASS SEST,7,140944,1065806,93661,ATAC. MR110029 RECICLADO COR 4662/PET,135CM,15944082,492,135631,15941759NBR3283278,17/07/2026,24/08/2026,27,,24/08/2026,,,,#N/A,1065806,NIKE,
1734,OK,DASS SEST,7,140944,1065806,93661,ATAC. MR110029 RECICLADO COR 4662/PET,135CM,15944082,440,135631,15941764NBR3283280,17/07/2026,24/08/2026,27,,24/08/2026,,,,#N/A,1065806,NIKE,
1735,OK,DASS SEST,7,140944,1065806,93661,ATAC. MR110029 RECICLADO COR 4662/PET,135CM,15944082,438,135631,15941765NBR3283280,17/07/2026,24/08/2026,27,,24/08/2026,,,,#N/A,1065806,NIKE,
1736,OK,DASS SEST,7,140944,1065806,93661,ATAC. MR110029 RECICLADO COR 4662/PET,135CM,15944082,470,135631,15941760NBR3283281,17/07/2026,24/08/2026,27,,24/08/2026,,,,#N/A,1065806,NIKE,
1737,OK,DASS SEST,7,140944,1065806,93661,ATAC. MR110029 RECICLADO COR 4662/PET,135CM,15944082,492,135631,15941761NBR3283281,17/07/2026,24/08/2026,27,,24/08/2026,,,,#N/A,1065806,NIKE,
1738,OK,DASS SEST,7,140944,1065806,93661,ATAC. MR110029 RECICLADO COR 4662/PET,135CM,15944082,470,135631,15941762NBR3283284,17/07/2026,24/08/2026,27,,24/08/2026,,,,#N/A,1065806,NIKE,
1739,OK,DASS SEST,7,140944,1065806,93661,ATAC. MR110029 RECICLADO COR 4662/PET,135CM,15944082,492,135631,15941763NBR3283284,17/07/2026,24/08/2026,27,,24/08/2026,,,,#N/A,1065806,NIKE,
1852,OK,DASS ITABERABA,70,139561,1403524,92945,FITA M32207 C/ GOMA POLIESTER COR 788 / COR 174 / COR 788,15MM,15813999,230,134308,0,11/06/2026,24/08/2026,27,,24/08/2026,,,,#N/A,1403524,FILA,
1853,OK,DASS ITABERABA,70,139561,1403526,92948,FITA M32207 C/ GOMA POLIESTER COR 100 / COR 282 / COR 100,15MM,15813999,130,134308,0,11/06/2026,24/08/2026,27,OK,24/08/2026,,,,#N/A,1403526,FILA,
1854,OK,DASS ITABERABA,70,139561,1403527,92950,FITA M32207 C/ GOMA POLIESTER COR 114 / COR 491 / COR 114,15MM,15813999,130,134308,0,11/06/2026,24/08/2026,27,,24/08/2026,,,,#N/A,1403527,FILA,
1855,OK,DASS ITABERABA,70,139562,1051608,73819,ATAC. M21020 8MM POLIESTER COR 114,115CM,15814013,216,134309,15800641SBF806269,11/06/2026,24/08/2026,27,,24/08/2026,,,,#N/A,1051608,FILA,
1856,OK,DASS ITABERABA,70,139562,1051608,73819,ATAC. M21020 8MM POLIESTER COR 114,125CM,15814013,216,134309,15800641SBF806269,11/06/2026,24/08/2026,27,,24/08/2026,,,,#N/A,1051608,FILA,
1857,OK,DASS ITABERABA,70,139562,813443,73821,ATAC. M21020 8MM POLIESTER COR 100,115CM,15814013,216,134309,15800633SBF806268,11/06/2026,24/08/2026,27,,24/08/2026,,,,#N/A,813443,FILA,
1858,OK,DASS ITABERABA,70,139562,813443,73821,ATAC. M21020 8MM POLIESTER COR 100,125CM,15814013,216,134309,15800633SBF806268,11/06/2026,24/08/2026,27,,24/08/2026,,,,#N/A,813443,FILA,
1859,OK,DASS ITABERABA,70,139562,1421812,95779,ATAC. M21020 8MM REFLEX COR 5998/1,115CM,15814013,396,134309,15800648SBF806270,11/06/2026,24/08/2026,27,,24/08/2026,,,,#N/A,1421812,FILA,
1860,OK,DASS ITABERABA,70,139562,1421812,95779,ATAC. M21020 8MM REFLEX COR 5998/1,125CM,15814013,396,134309,15800648SBF806270,11/06/2026,24/08/2026,27,,24/08/2026,,,,#N/A,1421812,FILA,
1953,OK,DASS ITABERABA,70,140508,898941,70164,FITA MFGP C/ GOMA POLIESTER COR 100,12MM,15896290,170,135185,0,06/07/2026,24/08/2026,27,,24/08/2026,,,,#N/A,898941,FILA,
1954,OK,DASS ITABERABA,70,140508,783896,70164,FITA MFGP C/ GOMA POLIESTER COR 100,15MM,15896290,310,135185,0,06/07/2026,24/08/2026,27,,24/08/2026,,,,#N/A,783896,FILA,
1955,OK,DASS ITABERABA,70,140508,1104264,74030,FITA MFGP C/ GOMA POLIESTER COR 114,8MM,15896290,100,135185,0,06/07/2026,24/08/2026,27,,24/08/2026,,,,#N/A,1104264,FILA,
1956,OK,DASS ITABERABA,70,140508,1273335,85997,FITA MFGP C/ GOMA POLIESTER COR 5507,12MM,15896290,430,135185,0,06/07/2026,24/08/2026,27,,24/08/2026,,,,#N/A,1273335,FILA,
1957,OK,DASS ITABERABA,70,140508,1411787,86298,FITA MFGP C/ GOMA POLIESTER COR 486,12MM,15896290,460,135185,0,06/07/2026,24/08/2026,27,,24/08/2026,,,,#N/A,1411787,FILA,
1958,OK,DASS ITABERABA,70,140508,1324782,88618,FITA M31119 C/ GOMA POLIESTER COR 114/ COR 053/ COR 4529,16MM,15896290,100,135185,0,06/07/2026,24/08/2026,27,,24/08/2026,,,,#N/A,1324782,FILA,
1970,OK,DASS ITABERABA,70,140510,1179318,75593,ATAC. M13725 6MM POLIESTER COR 057,100CM,15896320,264,135187,15889177BRITB00543,06/07/2026,24/08/2026,27,,24/08/2026,,,,#N/A,1179318,FILA,
1971,OK,DASS ITABERABA,70,140510,1179318,75593,ATAC. M13725 6MM POLIESTER COR 057,100CM,15896320,264,135187,15889178BRITB00543,06/07/2026,24/08/2026,27,,24/08/2026,,,,#N/A,1179318,FILA,
1972,OK,DASS ITABERABA,70,140510,1179318,75593,ATAC. M13725 6MM POLIESTER COR 057,110CM,15896320,456,135187,15889177BRITB00543,06/07/2026,24/08/2026,27,,24/08/2026,,,,#N/A,1179318,FILA,
1973,OK,DASS ITABERABA,70,140510,1179318,75593,ATAC. M13725 6MM POLIESTER COR 057,110CM,15896320,480,135187,15889178BRITB00543,06/07/2026,24/08/2026,27,,24/08/2026,,,,#N/A,1179318,FILA,
1974,OK,DASS ITABERABA,70,140510,1175396,75595,ATAC. M13725 6MM POLIESTER COR 100,100CM,15896320,336,135187,15889171BRITB00543,06/07/2026,24/08/2026,27,,24/08/2026,,,,#N/A,1175396,FILA,
1975,OK,DASS ITABERABA,70,140510,1175396,75595,ATAC. M13725 6MM POLIESTER COR 100,100CM,15896320,336,135187,15889172BRITB00543,06/07/2026,24/08/2026,27,,24/08/2026,,,,#N/A,1175396,FILA,
1976,OK,DASS ITABERABA,70,140510,1175396,75595,ATAC. M13725 6MM POLIESTER COR 100,100CM,15896320,276,135187,15889173BRITB00543,06/07/2026,24/08/2026,27,,24/08/2026,,,,#N/A,1175396,FILA,
1977,OK,DASS ITABERABA,70,140510,1175396,75595,ATAC. M13725 6MM POLIESTER COR 100,100CM,15896320,288,135187,15889174BRITB00543,06/07/2026,24/08/2026,27,,24/08/2026,,,,#N/A,1175396,FILA,
1978,OK,DASS ITABERABA,70,140510,1175396,75595,ATAC. M13725 6MM POLIESTER COR 100,110CM,15896320,516,135187,15889171BRITB00543,06/07/2026,24/08/2026,27,,24/08/2026,,,,#N/A,1175396,FILA,
1979,OK,DASS ITABERABA,70,140510,1175396,75595,ATAC. M13725 6MM POLIESTER COR 100,110CM,15896320,516,135187,15889172BRITB00543,06/07/2026,24/08/2026,27,,24/08/2026,,,,#N/A,1175396,FILA,
1980,OK,DASS ITABERABA,70,140510,1175396,75595,ATAC. M13725 6MM POLIESTER COR 100,110CM,15896320,480,135187,15889173BRITB00543,06/07/2026,24/08/2026,27,,24/08/2026,,,,#N/A,1175396,FILA,
1981,OK,DASS ITABERABA,70,140510,1175396,75595,ATAC. M13725 6MM POLIESTER COR 100,110CM,15896320,504,135187,15889174BRITB00543,06/07/2026,24/08/2026,27,,24/08/2026,,,,#N/A,1175396,FILA,
1982,OK,DASS ITABERABA,70,140510,1321091,90891,ATAC. M13725 6MM POLIESTER COR 5703,90CM,15896320,324,135187,15889184BRITB00544,06/07/2026,24/08/2026,27,,24/08/2026,,,,#N/A,1321091,FILA,
1983,OK,DASS ITABERABA,70,140510,1321091,90891,ATAC. M13725 6MM POLIESTER COR 5703,90CM,15896320,312,135187,15889185BRITB00544,06/07/2026,24/08/2026,27,,24/08/2026,,,,#N/A,1321091,FILA,
1984,OK,DASS ITABERABA,70,140510,1321091,90891,ATAC. M13725 6MM POLIESTER COR 5703,90CM,15896320,324,135187,15889188BRITB00544,06/07/2026,24/08/2026,27,,24/08/2026,,,,#N/A,1321091,FILA,
1985,OK,DASS ITABERABA,70,140510,1321091,90891,ATAC. M13725 6MM POLIESTER COR 5703,100CM,15896320,336,135187,15889139BRITB00543,06/07/2026,24/08/2026,27,,24/08/2026,,,,#N/A,1321091,FILA,
1986,OK,DASS ITABERABA,70,140510,1321091,90891,ATAC. M13725 6MM POLIESTER COR 5703,100CM,15896320,324,135187,15889140BRITB00543,06/07/2026,24/08/2026,27,,24/08/2026,,,,#N/A,1321091,FILA,
1987,OK,DASS ITABERABA,70,140510,1321091,90891,ATAC. M13725 6MM POLIESTER COR 5703,100CM,15896320,456,135187,15889184BRITB00544,06/07/2026,24/08/2026,27,,24/08/2026,,,,#N/A,1321091,FILA,
1988,OK,DASS ITABERABA,70,140510,1321091,90891,ATAC. M13725 6MM POLIESTER COR 5703,100CM,15896320,384,135187,15889185BRITB00544,06/07/2026,24/08/2026,27,,24/08/2026,,,,#N/A,1321091,FILA,
1989,OK,DASS ITABERABA,70,140510,1321091,90891,ATAC. M13725 6MM POLIESTER COR 5703,100CM,15896320,396,135187,15889188BRITB00544,06/07/2026,24/08/2026,27,,24/08/2026,,,,#N/A,1321091,FILA,
1990,OK,DASS ITABERABA,70,140510,1321091,90891,ATAC. M13725 6MM POLIESTER COR 5703,110CM,15896320,576,135187,15889139BRITB00543,06/07/2026,24/08/2026,27,,24/08/2026,,,,#N/A,1321091,FILA,
1991,OK,DASS ITABERABA,70,140510,1321091,90891,ATAC. M13725 6MM POLIESTER COR 5703,110CM,15896320,588,135187,15889140BRITB00543,06/07/2026,24/08/2026,27,,24/08/2026,,,,#N/A,1321091,FILA,
1992,OK,DASS ITABERABA,70,140510,1176326,75611,ATAC. M13727 POLIESTER COR 100 / COR 263,100CM,15896320,372,135187,15889217BRITB00539,06/07/2026,24/08/2026,27,,24/08/2026,,,,#N/A,1176326,FILA,
1993,OK,DASS ITABERABA,70,140510,1176326,75611,ATAC. M13727 POLIESTER COR 100 / COR 263,110CM,15896320,264,135187,15889217BRITB00539,06/07/2026,24/08/2026,27,,24/08/2026,,,,#N/A,1176326,FILA,
1994,OK,DASS ITABERABA,70,140510,1286937,87968,ATAC. M13727 POLIESTER COR 114 / COR 5535,90CM,15896320,288,135187,15889240BRITB00542,06/07/2026,24/08/2026,27,,24/08/2026,,,,#N/A,1286937,FILA,
1995,OK,DASS ITABERABA,70,140510,1286937,87968,ATAC. M13727 POLIESTER COR 114 / COR 5535,100CM,15896320,228,135187,15889240BRITB00542,06/07/2026,24/08/2026,27,,24/08/2026,,,,#N/A,1286937,FILA,
1996,OK,DASS ITABERABA,70,140510,1403289,95778,ATAC. M13727 POLIESTER COR 4039 / COR 114,100CM,15896320,432,135187,15889239BRITB00539,06/07/2026,24/08/2026,27,,24/08/2026,,,,#N/A,1403289,FILA,
1997,OK,DASS ITABERABA,70,140510,1403289,95778,ATAC. M13727 POLIESTER COR 4039 / COR 114,110CM,15896320,216,135187,15889239BRITB00539,06/07/2026,24/08/2026,27,,24/08/2026,,,,#N/A,1403289,FILA,
2092,OK,DASS ITABERABA,70,140547,783896,70164,FITA MFGP C/ GOMA POLIESTER COR 100,15MM,15897308,20,135233,0,06/07/2026,24/08/2026,27,,24/08/2026,,,,#N/A,783896,FILA,
2111,OK,DASS ITABERABA,70,140888,998350,70164,FITA MFGP C/ GOMA POLIESTER COR 100,10MM,15933918,200,135589,0,16/07/2026,24/08/2026,27,,24/08/2026,,,,#N/A,998350,FILA,
2112,OK,DASS ITABERABA,70,140888,816595,71376,FITA MFGP C/ GOMA POLIESTER COR 102,10MM,15933918,380,135589,0,16/07/2026,24/08/2026,27,,24/08/2026,,,,#N/A,816595,FILA,
2113,OK,DASS ITABERABA,70,140888,903140,72801,FITA MFGP C/ GOMA POLIESTER COR 057,10MM,15933918,70,135589,0,16/07/2026,24/08/2026,27,,24/08/2026,,,,#N/A,903140,FILA,
2114,OK,DASS ITABERABA,70,140888,1403309,92883,FITA MFGP C/ GOMA POLIESTER COR 6008,10MM,15933918,60,135589,0,16/07/2026,24/08/2026,27,,24/08/2026,,,,#N/A,1403309,FILA,
2442,OK,DASS SANTO ANTONIO,1526,140526,1260166,73756,ATAC. M10110 5MM POLIESTER COR 100 / COR 263,115CM,15888263,408,135201,15884402BRSA001870,06/07/2026,24/08/2026,27,,24/08/2026,,,,#N/A,1260166,FILA,
2443,OK,DASS SANTO ANTONIO,1526,140526,1260166,73756,ATAC. M10110 5MM POLIESTER COR 100 / COR 263,115CM,15888263,720,135201,15884403BRSA001871,06/07/2026,24/08/2026,27,,24/08/2026,,,,#N/A,1260166,FILA,
2444,OK,DASS SANTO ANTONIO,1526,140526,1260166,73756,ATAC. M10110 5MM POLIESTER COR 100 / COR 263,125CM,15888263,264,135201,15884402BRSA001870,06/07/2026,24/08/2026,27,,24/08/2026,,,,#N/A,1260166,FILA,
2445,OK,DASS SANTO ANTONIO,1526,140526,1260166,73756,ATAC. M10110 5MM POLIESTER COR 100 / COR 263,125CM,15888263,312,135201,15884403BRSA001871,06/07/2026,24/08/2026,27,,24/08/2026,,,,#N/A,1260166,FILA,
2446,OK,DASS SANTO ANTONIO,1526,140526,1404592,95032,ATAC. M10110 5MM POLIESTER COR 5094 / COR 102,115CM,15888263,852,135201,15884406BRSA001874,06/07/2026,24/08/2026,27,,24/08/2026,,,,#N/A,1404592,FILA,
2447,OK,DASS SANTO ANTONIO,1526,140526,1404592,95032,ATAC. M10110 5MM POLIESTER COR 5094 / COR 102,125CM,15888263,348,135201,15884406BRSA001874,06/07/2026,24/08/2026,27,,24/08/2026,,,,#N/A,1404592,FILA,
2448,OK,DASS SANTO ANTONIO,1526,140526,1404591,95039,ATAC. M10110 5MM POLIESTER COR 102 / COR 6038,105CM,15888263,432,135201,15884410BRSA001880,06/07/2026,24/08/2026,27,,24/08/2026,,,,#N/A,1404591,FILA,
2449,OK,DASS SANTO ANTONIO,1526,140526,1404591,95039,ATAC. M10110 5MM POLIESTER COR 102 / COR 6038,105CM,15888263,432,135201,15884411BRSA001880,06/07/2026,24/08/2026,27,,24/08/2026,,,,#N/A,1404591,FILA,
2450,OK,DASS SANTO ANTONIO,1526,140526,1404591,95039,ATAC. M10110 5MM POLIESTER COR 102 / COR 6038,115CM,15888263,480,135201,15884410BRSA001880,06/07/2026,24/08/2026,27,,24/08/2026,,,,#N/A,1404591,FILA,
2451,OK,DASS SANTO ANTONIO,1526,140526,1404591,95039,ATAC. M10110 5MM POLIESTER COR 102 / COR 6038,115CM,15888263,492,135201,15884411BRSA001880,06/07/2026,24/08/2026,27,,24/08/2026,,,,#N/A,1404591,FILA,
2452,OK,DASS SANTO ANTONIO,1526,140526,1404580,95043,ATAC. M10110 5MM POLIESTER COR 057 / COR 102,115CM,15888263,672,135201,15884405BRSA001873,06/07/2026,24/08/2026,27,,24/08/2026,,,,#N/A,1404580,FILA,
2453,OK,DASS SANTO ANTONIO,1526,140526,1404580,95043,ATAC. M10110 5MM POLIESTER COR 057 / COR 102,125CM,15888263,168,135201,15884405BRSA001873,06/07/2026,24/08/2026,27,,24/08/2026,,,,#N/A,1404580,FILA,
2454,OK,DASS SANTO ANTONIO,1526,140527,738314,87444,ELAST. MTM POLIESTER COR 057,6MM,15888202,1175,135202,0,06/07/2026,24/08/2026,27,,24/08/2026,,,,#N/A,738314,FILA,
2455,OK,DASS SANTO ANTONIO,1526,140527,783896,70164,FITA MFGP C/ GOMA POLIESTER COR 100,15MM,15888202,520,135202,0,06/07/2026,24/08/2026,27,,24/08/2026,,,,#N/A,783896,FILA,
2456,OK,DASS SANTO ANTONIO,1526,140527,902057,73522,FITA MFGP C/ GOMA POLIESTER COR 057,15MM,15888202,160,135202,0,06/07/2026,24/08/2026,27,,24/08/2026,,,,#N/A,902057,FILA,
2457,OK,DASS SANTO ANTONIO,1526,140527,975119,76910,FITA MFGP C/ GOMA POLIESTER COR 263,15MM,15888202,140,135202,0,06/07/2026,24/08/2026,27,,24/08/2026,,,,#N/A,975119,FILA,
2191,OK,DASS ITABERABA,70,141191,1425019,74014,FITA MFGP C/ GOMA POLIESTER COR 4085,15MM,15971142,150,135866,0,24/07/2026,26/08/2026,29,,26/08/2026,,,,#N/A,1425019,ASICS,NORMAL
2192,OK,DASS ITABERABA,70,141191,1425013,94003,FITA MFGP C/ GOMA POLIESTER COR 6106,15MM,15971142,420,135866,0,24/07/2026,26/08/2026,29,,26/08/2026,,,,#N/A,1425013,ASICS,NORMAL
2193,OK,DASS ITABERABA,70,141192,1229330,84206,ATAC. M18006 POLIESTER COR 4085,110CM,15971148,569,135867,15966174ASB0053017,24/07/2026,26/08/2026,29,,26/08/2026,,,,#N/A,1229330,ASICS,NORMAL
2194,OK,DASS ITABERABA,70,141192,1229330,84206,ATAC. M18006 POLIESTER COR 4085,120CM,15971148,198,135867,15966174ASB0053017,24/07/2026,26/08/2026,29,,26/08/2026,,,,#N/A,1229330,ASICS,NORMAL
2195,OK,DASS ITABERABA,70,141192,1400180,94827,ATAC. M18006 POLIESTER COR 6106,120CM,15971148,420,135867,15966170ASB0053001,24/07/2026,26/08/2026,29,,26/08/2026,,,,#N/A,1400180,ASICS,NORMAL
2196,OK,DASS ITABERABA,70,141192,1400180,94827,ATAC. M18006 POLIESTER COR 6106,120CM,15971148,867,135867,15966171ASB0053004,24/07/2026,26/08/2026,29,,26/08/2026,,,,#N/A,1400180,ASICS,NORMAL
2197,OK,DASS ITABERABA,70,141192,1400180,94827,ATAC. M18006 POLIESTER COR 6106,130CM,15971148,333,135867,15966170ASB0053001,24/07/2026,26/08/2026,29,,26/08/2026,,,,#N/A,1400180,ASICS,NORMAL
2198,OK,DASS ITABERABA,70,141192,1400180,94827,ATAC. M18006 POLIESTER COR 6106,130CM,15971148,309,135867,15966171ASB0053004,24/07/2026,26/08/2026,29,,26/08/2026,,,,#N/A,1400180,ASICS,NORMAL
2199,OK,DASS ITABERABA,70,141192,1015432,74802,ATAC. M22031 REFLEX COR 4219/1,130CM,15971148,647,135867,15966161ASB0052975,24/07/2026,26/08/2026,29,,26/08/2026,,,,#N/A,1015432,ASICS,NORMAL
2200,OK,DASS ITABERABA,70,141192,1015432,74802,ATAC. M22031 REFLEX COR 4219/1,140CM,15971148,480,135867,15966161ASB0052975,24/07/2026,26/08/2026,29,,26/08/2026,,,,#N/A,1015432,ASICS,NORMAL
2201,OK,DASS ITABERABA,70,141192,1249007,84768,ATAC. M22031 REFLEX COR 4085/1,120CM,15971148,1091,135867,15966160ASB0052976,24/07/2026,26/08/2026,29,,26/08/2026,,,,#N/A,1249007,ASICS,NORMAL
2202,OK,DASS ITABERABA,70,141192,1249007,84768,ATAC. M22031 REFLEX COR 4085/1,130CM,15971148,623,135867,15966162ASB0052974,24/07/2026,26/08/2026,29,,26/08/2026,,,,#N/A,1249007,ASICS,NORMAL
2203,OK,DASS ITABERABA,70,141192,1249007,84768,ATAC. M22031 REFLEX COR 4085/1,130CM,15971148,428,135867,15966160ASB0052976,24/07/2026,26/08/2026,29,,26/08/2026,,,,#N/A,1249007,ASICS,NORMAL
2204,OK,DASS ITABERABA,70,141192,1249007,84768,ATAC. M22031 REFLEX COR 4085/1,130CM,15971148,601,135867,15966163ASB0052983,24/07/2026,26/08/2026,29,,26/08/2026,,,,#N/A,1249007,ASICS,NORMAL
2205,OK,DASS ITABERABA,70,141192,1249007,84768,ATAC. M22031 REFLEX COR 4085/1,140CM,15971148,208,135867,15966162ASB0052974,24/07/2026,26/08/2026,29,,26/08/2026,,,,#N/A,1249007,ASICS,NORMAL
2206,OK,DASS ITABERABA,70,141192,1249007,84768,ATAC. M22031 REFLEX COR 4085/1,140CM,15971148,600,135867,15966163ASB0052983,24/07/2026,26/08/2026,29,,26/08/2026,,,,#N/A,1249007,ASICS,NORMAL
2207,OK,DASS ITABERABA,70,141192,1393890,92609,ATAC. M22031 REFLEX COR 214/1,120CM,15971148,200,135867,15966158ASB0053013,24/07/2026,26/08/2026,29,,26/08/2026,,,,#N/A,1393890,ASICS,NORMAL
2208,OK,DASS ITABERABA,70,141192,1393890,92609,ATAC. M22031 REFLEX COR 214/1,130CM,15971148,125,135867,15966158ASB0053013,24/07/2026,26/08/2026,29,,26/08/2026,,,,#N/A,1393890,ASICS,NORMAL
2209,OK,DASS ITABERABA,70,141192,1393892,92717,ATAC. M22031 REFLEX COR 5108/1,120CM,15971148,322,135867,15966157ASB0052977,24/07/2026,26/08/2026,29,,26/08/2026,,,,#N/A,1393892,ASICS,NORMAL
2210,OK,DASS ITABERABA,70,141192,1393892,92717,ATAC. M22031 REFLEX COR 5108/1,130CM,15971148,161,135867,15966157ASB0052977,24/07/2026,26/08/2026,29,,26/08/2026,,,,#N/A,1393892,ASICS,NORMAL
2211,OK,DASS ITABERABA,70,141192,1393891,92801,ATAC. M22031 REFLEX COR 4313/1,120CM,15971148,336,135867,15966159ASB0053011,24/07/2026,26/08/2026,29,,26/08/2026,,,,#N/A,1393891,ASICS,NORMAL
2212,OK,DASS ITABERABA,70,141192,1393891,92801,ATAC. M22031 REFLEX COR 4313/1,130CM,15971148,99,135867,15966159ASB0053011,24/07/2026,26/08/2026,29,,26/08/2026,,,,#N/A,1393891,ASICS,NORMAL
2213,OK,DASS ITABERABA,70,141192,1345837,85480,ATAC. M22037 6MM REFLEX COR 987/1,120CM,15971148,434,135867,15966127ASB0053055,24/07/2026,26/08/2026,29,,26/08/2026,,,,#N/A,1345837,ASICS,NORMAL
2214,OK,DASS ITABERABA,70,141192,1345837,85480,ATAC. M22037 6MM REFLEX COR 987/1,130CM,15971148,210,135867,15966127ASB0053055,24/07/2026,26/08/2026,29,,26/08/2026,,,,#N/A,1345837,ASICS,NORMAL
2215,OK,DASS ITABERABA,70,141192,1332512,90397,ATAC. M22037 6MM REFLEX COR 5217/1,120CM,15971148,928,135867,15966125ASB0053053,24/07/2026,26/08/2026,29,,26/08/2026,,,,#N/A,1332512,ASICS,NORMAL
2216,OK,DASS ITABERABA,70,141192,1332512,90397,ATAC. M22037 6MM REFLEX COR 5217/1,130CM,15971148,544,135867,15966125ASB0053053,24/07/2026,26/08/2026,29,,26/08/2026,,,,#N/A,1332512,ASICS,NORMAL
2217,OK,DASS ITABERABA,70,141192,1365482,91133,ATAC. M22037 6MM REFLEX COR 5711,120CM,15971148,1052,135867,15966126ASB0053054,24/07/2026,26/08/2026,29,,26/08/2026,,,,#N/A,1365482,ASICS,NORMAL
2218,OK,DASS ITABERABA,70,141192,1365482,91133,ATAC. M22037 6MM REFLEX COR 5711,130CM,15971148,371,135867,15966126ASB0053054,24/07/2026,26/08/2026,29,,26/08/2026,,,,#N/A,1365482,ASICS,NORMAL
2219,OK,DASS ITABERABA,70,141192,1392976,94360,ATAC. M22037 6MM REFLEX COR 6105/1,120CM,15971148,336,135867,15966128ASB0053056,24/07/2026,26/08/2026,29,,26/08/2026,,,,#N/A,1392976,ASICS,NORMAL
2220,OK,DASS ITABERABA,70,141192,1392976,94360,ATAC. M22037 6MM REFLEX COR 6105/1,130CM,15971148,149,135867,15966128ASB0053056,24/07/2026,26/08/2026,29,,26/08/2026,,,,#N/A,1392976,ASICS,NORMAL
2221,OK,DASS ITABERABA,70,141193,1400176,93022,CORDAO M9099 POLIESTER COR 4085,1.8MM,15971150,320,135868,0,24/07/2026,26/08/2026,29,,26/08/2026,,,,#N/A,1400176,ASICS,NORMAL
2222,OK,DASS ITABERABA,70,141193,1400179,94878,CORDAO M9099 POLIESTER COR 6106,1.8MM,15971150,1000,135868,0,24/07/2026,26/08/2026,29,,26/08/2026,,,,#N/A,1400179,ASICS,NORMAL
2365,OK,DASS VITORIA,391,140945,827533,95643,ATAC. M13801 POLIESTER COR 100,110CM,15939308,444,135632,15936859BRI010406-,17/07/2026,26/08/2026,29,,26/08/2026,,,,#N/A,827533,UMBRO,CONTA E ORDEM VITÓRIA X ITABERABA
2366,OK,DASS VITORIA,391,140945,827533,95643,ATAC. M13801 POLIESTER COR 100,110CM,15939308,480,135632,15936860BRI010406-,17/07/2026,26/08/2026,29,,26/08/2026,,,,#N/A,827533,UMBRO,CONTA E ORDEM VITÓRIA X ITABERABA
2367,OK,DASS VITORIA,391,140945,827533,95643,ATAC. M13801 POLIESTER COR 100,120CM,15939308,420,135632,15936819BRI010396-,17/07/2026,26/08/2026,29,,26/08/2026,,,,#N/A,827533,UMBRO,CONTA E ORDEM VITÓRIA X ITABERABA
2368,OK,DASS VITORIA,391,140945,827533,95643,ATAC. M13801 POLIESTER COR 100,120CM,15939308,408,135632,15936820BRI010396-,17/07/2026,26/08/2026,29,,26/08/2026,,,,#N/A,827533,UMBRO,CONTA E ORDEM VITÓRIA X ITABERABA
2369,OK,DASS VITORIA,391,140945,827533,95643,ATAC. M13801 POLIESTER COR 100,120CM,15939308,288,135632,15936821BRI010397-,17/07/2026,26/08/2026,29,,26/08/2026,,,,#N/A,827533,UMBRO,CONTA E ORDEM VITÓRIA X ITABERABA
2370,OK,DASS VITORIA,391,140945,827533,95643,ATAC. M13801 POLIESTER COR 100,120CM,15939308,288,135632,15936822BRI010397-,17/07/2026,26/08/2026,29,,26/08/2026,,,,#N/A,827533,UMBRO,CONTA E ORDEM VITÓRIA X ITABERABA
2371,OK,DASS VITORIA,391,140945,827533,95643,ATAC. M13801 POLIESTER COR 100,120CM,15939308,372,135632,15936823BRI010398,17/07/2026,26/08/2026,29,,26/08/2026,,,,#N/A,827533,UMBRO,CONTA E ORDEM VITÓRIA X ITABERABA
2372,OK,DASS VITORIA,391,140945,827533,95643,ATAC. M13801 POLIESTER COR 100,120CM,15939308,300,135632,15936859BRI010406-,17/07/2026,26/08/2026,29,,26/08/2026,,,,#N/A,827533,UMBRO,CONTA E ORDEM VITÓRIA X ITABERABA
2373,OK,DASS VITORIA,391,140945,827533,95643,ATAC. M13801 POLIESTER COR 100,120CM,15939308,312,135632,15936860BRI010406-,17/07/2026,26/08/2026,29,,26/08/2026,,,,#N/A,827533,UMBRO,CONTA E ORDEM VITÓRIA X ITABERABA
2374,OK,DASS VITORIA,391,140945,827533,95643,ATAC. M13801 POLIESTER COR 100,130CM,15939308,588,135632,15936819BRI010396-,17/07/2026,26/08/2026,29,,26/08/2026,,,,#N/A,827533,UMBRO,CONTA E ORDEM VITÓRIA X ITABERABA
2375,OK,DASS VITORIA,391,140945,827533,95643,ATAC. M13801 POLIESTER COR 100,130CM,15939308,576,135632,15936820BRI010396-,17/07/2026,26/08/2026,29,,26/08/2026,,,,#N/A,827533,UMBRO,CONTA E ORDEM VITÓRIA X ITABERABA
2376,OK,DASS VITORIA,391,140945,827533,95643,ATAC. M13801 POLIESTER COR 100,130CM,15939308,540,135632,15936821BRI010397-,17/07/2026,26/08/2026,29,,26/08/2026,,,,#N/A,827533,UMBRO,CONTA E ORDEM VITÓRIA X ITABERABA
2377,OK,DASS VITORIA,391,140945,827533,95643,ATAC. M13801 POLIESTER COR 100,130CM,15939308,552,135632,15936822BRI010397-,17/07/2026,26/08/2026,29,,26/08/2026,,,,#N/A,827533,UMBRO,CONTA E ORDEM VITÓRIA X ITABERABA
2378,OK,DASS VITORIA,391,140945,827533,95643,ATAC. M13801 POLIESTER COR 100,130CM,15939308,948,135632,15936823BRI010398,17/07/2026,26/08/2026,29,,26/08/2026,,,,#N/A,827533,UMBRO,CONTA E ORDEM VITÓRIA X ITABERABA
150,OK,DASS SEST,7,139064,1065806,93661,ATAC. MR110029 RECICLADO COR 4662/PET,120CM,15758597,84,133775,15758315NBR3282837,28/05/2026,31/08/2026,34,,31/08/2026,,,,#N/A,1065806,NIKE,
151,OK,DASS SEST,7,139064,1065806,93661,ATAC. MR110029 RECICLADO COR 4662/PET,120CM,15758597,72,133775,15758316NBR3282837,28/05/2026,31/08/2026,34,,31/08/2026,,,,#N/A,1065806,NIKE,
152,OK,DASS SEST,7,139064,1065806,93661,ATAC. MR110029 RECICLADO COR 4662/PET,130CM,15758597,770,133775,15758315NBR3282837,28/05/2026,31/08/2026,34,,31/08/2026,,,,#N/A,1065806,NIKE,
153,OK,DASS SEST,7,139064,1065806,93661,ATAC. MR110029 RECICLADO COR 4662/PET,130CM,15758597,816,133775,15758316NBR3282837,28/05/2026,31/08/2026,34,,31/08/2026,,,,#N/A,1065806,NIKE,
154,OK,DASS SEST,7,139064,1065806,93661,ATAC. MR110029 RECICLADO COR 4662/PET,140CM,15758597,72,133775,15758315NBR3282837,28/05/2026,31/08/2026,34,,31/08/2026,,,,#N/A,1065806,NIKE,
155,OK,DASS SEST,7,139064,1065806,93661,ATAC. MR110029 RECICLADO COR 4662/PET,140CM,15758597,84,133775,15758316NBR3282837,28/05/2026,31/08/2026,34,,31/08/2026,,,,#N/A,1065806,NIKE,
178,OK,DASS SEST,7,139229,1188919,82628,ATAC. MR140014 6MM RECICLADO COR 4085/PET,100CM,15775195,96,133930,15773820NBR3283034,01/06/2026,31/08/2026,34,,31/08/2026,,,,#N/A,1188919,NIKE,
179,OK,DASS SEST,7,139229,1188919,82628,ATAC. MR140014 6MM RECICLADO COR 4085/PET,100CM,15775195,120,133930,15773821NBR3283034,01/06/2026,31/08/2026,34,,31/08/2026,,,,#N/A,1188919,NIKE,
180,OK,DASS SEST,7,139229,1188919,82628,ATAC. MR140014 6MM RECICLADO COR 4085/PET,100CM,15775195,96,133930,15773822NBR3283035,01/06/2026,31/08/2026,34,,31/08/2026,,,,#N/A,1188919,NIKE,
181,OK,DASS SEST,7,139229,1188919,82628,ATAC. MR140014 6MM RECICLADO COR 4085/PET,100CM,15775195,102,133930,15773823NBR3283035,01/06/2026,31/08/2026,34,,31/08/2026,,,,#N/A,1188919,NIKE,
182,OK,DASS SEST,7,139229,1188919,82628,ATAC. MR140014 6MM RECICLADO COR 4085/PET,105CM,15775195,734,133930,15773820NBR3283034,01/06/2026,31/08/2026,34,,31/08/2026,,,,#N/A,1188919,NIKE,
183,OK,DASS SEST,7,139229,1188919,82628,ATAC. MR140014 6MM RECICLADO COR 4085/PET,105CM,15775195,762,133930,15773821NBR3283034,01/06/2026,31/08/2026,34,,31/08/2026,,,,#N/A,1188919,NIKE,
184,OK,DASS SEST,7,139229,1188919,82628,ATAC. MR140014 6MM RECICLADO COR 4085/PET,105CM,15775195,698,133930,15773822NBR3283035,01/06/2026,31/08/2026,34,,31/08/2026,,,,#N/A,1188919,NIKE,
185,OK,DASS SEST,7,139229,1188919,82628,ATAC. MR140014 6MM RECICLADO COR 4085/PET,105CM,15775195,702,133930,15773823NBR3283035,01/06/2026,31/08/2026,34,,31/08/2026,,,,#N/A,1188919,NIKE,
186,OK,DASS SEST,7,139229,1188919,82628,ATAC. MR140014 6MM RECICLADO COR 4085/PET,105CM,15775195,192,133930,15773816NBR3283036,01/06/2026,31/08/2026,34,,31/08/2026,,,,#N/A,1188919,NIKE,
187,OK,DASS SEST,7,139229,1188919,82628,ATAC. MR140014 6MM RECICLADO COR 4085/PET,105CM,15775195,234,133930,15773817NBR3283036,01/06/2026,31/08/2026,34,,31/08/2026,,,,#N/A,1188919,NIKE,
188,OK,DASS SEST,7,139229,1188919,82628,ATAC. MR140014 6MM RECICLADO COR 4085/PET,110CM,15775195,54,133930,15773820NBR3283034,01/06/2026,31/08/2026,34,,31/08/2026,,,,#N/A,1188919,NIKE,
189,OK,DASS SEST,7,139229,1188919,82628,ATAC. MR140014 6MM RECICLADO COR 4085/PET,110CM,15775195,36,133930,15773821NBR3283034,01/06/2026,31/08/2026,34,,31/08/2026,,,,#N/A,1188919,NIKE,
190,OK,DASS SEST,7,139229,1188919,82628,ATAC. MR140014 6MM RECICLADO COR 4085/PET,110CM,15775195,48,133930,15773822NBR3283035,01/06/2026,31/08/2026,34,,31/08/26,,,,#N/A,1188919,NIKE,
191,OK,DASS SEST,7,139229,1188919,82628,ATAC. MR140014 6MM RECICLADO COR 4085/PET,110CM,15775195,36,133930,15773823NBR3283035,01/06/2026,31/08/2026,34,,31/08/26,,,,#N/A,1188919,NIKE,
192,OK,DASS SEST,7,139229,1188919,82628,ATAC. MR140014 6MM RECICLADO COR 4085/PET,110CM,15775195,609,133930,15773816NBR3283036,01/06/2026,31/08/2026,34,,31/08/26,,,,#N/A,1188919,NIKE,
193,OK,DASS SEST,7,139229,1188919,82628,ATAC. MR140014 6MM RECICLADO COR 4085/PET,110CM,15775195,606,133930,15773817NBR3283036,01/06/2026,31/08/2026,34,,31/08/26,,,,#N/A,1188919,NIKE,
194,OK,DASS SEST,7,139229,1188919,82628,ATAC. MR140014 6MM RECICLADO COR 4085/PET,115CM,15775195,240,133930,15773816NBR3283036,01/06/2026,31/08/2026,34,,31/08/26,,,,#N/A,1188919,NIKE,
195,OK,DASS SEST,7,139229,1188919,82628,ATAC. MR140014 6MM RECICLADO COR 4085/PET,115CM,15775195,246,133930,15773817NBR3283036,01/06/2026,31/08/2026,34,,31/08/26,,,,#N/A,1188919,NIKE,
206,OK,DASS SEST,7,139281,1220522,82626,FITA MR100038 C/ GOMA RECICLADO COR 4662/PET / COR 5400/B,18MM,15775331,460,133901,0,02/06/2026,31/08/2026,34,,31/08/26,,,,#N/A,1220522,NIKE,
207,OK,DASS SEST,7,139281,1359543,95706,FITA MR100038 C/ GOMA RECICLADO COR 057/PET / COR 5911/B,18MM,15775331,300,133901,0,02/06/2026,31/08/2026,34,,31/08/26,,,,#N/A,1359543,NIKE,
257,OK,DASS SEST,7,139565,1299257,86978,ATAC. MR130027 6MM RECICLADO COR 4085/PET,100CM,15816413,156,134312,15815480NBR3282906,11/06/2026,31/08/2026,34,,31/08/26,,,,#N/A,1299257,NIKE,
258,OK,DASS SEST,7,139565,1299257,86978,ATAC. MR130027 6MM RECICLADO COR 4085/PET,100CM,15816413,186,134312,15815482NBR3282906,11/06/2026,31/08/2026,34,,31/08/26,,,,#N/A,1299257,NIKE,
259,OK,DASS SEST,7,139565,1299257,86978,ATAC. MR130027 6MM RECICLADO COR 4085/PET,100CM,15816413,168,134312,15815483NBR3282983,11/06/2026,31/08/2026,34,,31/08/26,,,,#N/A,1299257,NIKE,
260,OK,DASS SEST,7,139565,1299257,86978,ATAC. MR130027 6MM RECICLADO COR 4085/PET,100CM,15816413,186,134312,15815484NBR3282983,11/06/2026,31/08/2026,34,,31/08/26,,,,#N/A,1299257,NIKE,
261,OK,DASS SEST,7,139565,1299257,86978,ATAC. MR130027 6MM RECICLADO COR 4085/PET,105CM,15816413,523,134312,15815480NBR3282906,11/06/2026,31/08/2026,34,,31/08/26,,,,#N/A,1299257,NIKE,
262,OK,DASS SEST,7,139565,1299257,86978,ATAC. MR130027 6MM RECICLADO COR 4085/PET,105CM,15816413,520,134312,15815482NBR3282906,11/06/2026,31/08/2026,34,,31/08/26,,,,#N/A,1299257,NIKE,
263,OK,DASS SEST,7,139565,1299257,86978,ATAC. MR130027 6MM RECICLADO COR 4085/PET,105CM,15816413,541,134312,15815483NBR3282983,11/06/2026,31/08/2026,34,,31/08/26,,,,#N/A,1299257,NIKE,
264,OK,DASS SEST,7,139565,1299257,86978,ATAC. MR130027 6MM RECICLADO COR 4085/PET,105CM,15816413,556,134312,15815484NBR3282983,11/06/2026,31/08/2026,34,,31/08/26,,,,#N/A,1299257,NIKE,
265,OK,DASS SEST,7,139565,1299257,86978,ATAC. MR130027 6MM RECICLADO COR 4085/PET,110CM,15816413,144,134312,15815480NBR3282906,11/06/2026,31/08/2026,34,,31/08/26,,,,#N/A,1299257,NIKE,
266,OK,DASS SEST,7,139565,1299257,86978,ATAC. MR130027 6MM RECICLADO COR 4085/PET,110CM,15816413,161,134312,15815482NBR3282906,11/06/2026,31/08/2026,34,,31/08/26,,,,#N/A,1299257,NIKE,
267,OK,DASS SEST,7,139565,1299257,86978,ATAC. MR130027 6MM RECICLADO COR 4085/PET,110CM,15816413,144,134312,15815483NBR3282983,11/06/2026,31/08/2026,34,,31/08/26,,,,#N/A,1299257,NIKE,
268,OK,DASS SEST,7,139565,1299257,86978,ATAC. MR130027 6MM RECICLADO COR 4085/PET,110CM,15816413,173,134312,15815484NBR3282983,11/06/2026,31/08/2026,34,,31/08/26,,,,#N/A,1299257,NIKE,
269,OK,DASS SEST,7,139565,1301800,88695,ATAC. MR130027 6MM RECICLADO COR 4662/PET,100CM,15816413,156,134312,15815493NBR3282892,11/06/2026,31/08/2026,34,,31/08/26,,,,#N/A,1301800,NIKE,
270,OK,DASS SEST,7,139565,1301800,88695,ATAC. MR130027 6MM RECICLADO COR 4662/PET,100CM,15816413,167,134312,15815494NBR3282892,11/06/2026,31/08/2026,34,,31/08/26,,,,#N/A,1301800,NIKE,
271,OK,DASS SEST,7,139565,1301800,88695,ATAC. MR130027 6MM RECICLADO COR 4662/PET,105CM,15816413,487,134312,15815493NBR3282892,11/06/2026,31/08/2026,34,,31/08/26,,,,#N/A,1301800,NIKE,
272,OK,DASS SEST,7,139565,1301800,88695,ATAC. MR130027 6MM RECICLADO COR 4662/PET,105CM,15816413,490,134312,15815494NBR3282892,11/06/2026,31/08/2026,34,,31/08/26,,,,#N/A,1301800,NIKE,
273,OK,DASS SEST,7,139565,1301800,88695,ATAC. MR130027 6MM RECICLADO COR 4662/PET,110CM,15816413,132,134312,15815493NBR3282892,11/06/2026,31/08/2026,34,,31/08/26,,,,#N/A,1301800,NIKE,
274,OK,DASS SEST,7,139565,1301800,88695,ATAC. MR130027 6MM RECICLADO COR 4662/PET,110CM,15816413,154,134312,15815494NBR3282892,11/06/2026,31/08/2026,34,,31/08/26,,,,#N/A,1301800,NIKE,
313,OK,DASS SEST,7,139627,1200469,74007,FITA M32164 C/ GOMA POLIESTER COR 4085,10MM,15817163,370,134337,0,12/06/2026,31/08/2026,34,,31/08/26,,,,#N/A,1200469,NIKE,
314,OK,DASS SEST,7,139627,1247438,83739,FITA M32164 C/ GOMA POLIESTER COR 4662,10MM,15817163,110,134337,0,12/06/2026,31/08/2026,34,,31/08/26,,,,#N/A,1247438,NIKE,
343,OK,DASS SEST,7,139653,1241008,84943,ATAC. MR140014 6MM RECICLADO COR 4021/PET,100CM,15819909,590,134363,15818129NBR3282899,12/06/2026,31/08/2026,34,,31/08/26,,,,#N/A,1241008,NIKE,
344,OK,DASS SEST,7,139653,1241008,84943,ATAC. MR140014 6MM RECICLADO COR 4021/PET,100CM,15819909,649,134363,15818130NBR3282899,12/06/2026,31/08/2026,34,,31/08/26,,,,#N/A,1241008,NIKE,
345,OK,DASS SEST,7,139653,1241008,84943,ATAC. MR140014 6MM RECICLADO COR 4021/PET,105CM,15819909,319,134363,15818129NBR3282899,12/06/2026,31/08/2026,34,,31/08/26,,,,#N/A,1241008,NIKE,
346,OK,DASS SEST,7,139653,1241008,84943,ATAC. MR140014 6MM RECICLADO COR 4021/PET,105CM,15819909,305,134363,15818130NBR3282899,12/06/2026,31/08/2026,34,,31/08/26,,,,#N/A,1241008,NIKE,
347,OK,DASS SEST,7,139653,1324864,88451,ATAC. MR140014 6MM RECICLADO COR 5687/PET,100CM,15819909,673,134363,15818133NBR3282901,12/06/2026,31/08/2026,34,,31/08/26,,,,#N/A,1324864,NIKE,
348,OK,DASS SEST,7,139653,1324864,88451,ATAC. MR140014 6MM RECICLADO COR 5687/PET,105CM,15819909,346,134363,15818133NBR3282901,12/06/2026,31/08/2026,34,,31/08/26,,,,#N/A,1324864,NIKE,
349,OK,DASS SEST,7,139654,1200469,74007,FITA M32164 C/ GOMA POLIESTER COR 4085,10MM,15820152,190,134364,0,12/06/2026,31/08/2026,34,,31/08/26,,,,#N/A,1200469,NIKE,
350,OK,DASS SEST,7,139654,1259457,86840,FITA M32164 C/ GOMA POLIESTER COR 5552,10MM,15820152,180,134364,0,12/06/2026,31/08/2026,34,,31/08/26,,,,#N/A,1259457,NIKE,
351,OK,DASS SEST,7,139655,1200469,74007,FITA M32164 C/ GOMA POLIESTER COR 4085,10MM,15820172,100,134365,0,12/06/2026,31/08/2026,34,,31/08/26,,,,#N/A,1200469,NIKE,
424,OK,DASS SEST,7,139934,1316829,87946,FITA M31119 C/ GOMA POLIESTER COR 100/ COR 5535/ COR 102,16MM,15849662,840,134610,0,22/06/2026,31/08/2026,34,,31/08/26,,,,#N/A,1316829,FILA,
425,OK,DASS SEST,7,139934,1320254,91023,FITA M31119 C/ GOMA POLIESTER COR 114 / COR 100 / COR 100,16MM,15849662,90,134610,0,22/06/2026,31/08/2026,34,,31/08/26,,,,#N/A,1320254,FILA,
426,OK,DASS SEST,7,139934,1353470,92963,FITA M31119 C/ GOMA POLIESTER COR 102 / COR 100 / COR 100,16MM,15849662,330,134610,0,22/06/2026,31/08/2026,34,,31/08/26,,,,#N/A,1353470,FILA,
427,OK,DASS SEST,7,139934,1320199,95176,FITA M31119 C/ GOMA POLIESTER COR 053 / COR 114 / COR 114,16MM,15849662,1050,134610,0,22/06/2026,31/08/2026,34,,31/08/26,,,,#N/A,1320199,FILA,
429,OK,DASS SEST,7,139934,1416908,95301,FITA M31119 C/ GOMA POLIESTER COR 6038 / COR 5508 / COR 5508,16MM,15849662,340,134610,0,22/06/2026,31/08/2026,34,,31/08/26,,,,#N/A,1416908,FILA,
511,OK,DASS SEST,7,140095,1304277,88668,ATAC. MR110022 7MM RECICLADO COR 4085/PET / COR 496/PET,110CM,15855789,819,134784,15851098NBR3282985,25/06/2026,31/08/2026,34,,31/08/26,,,,#N/A,1304277,NIKE,
512,OK,DASS SEST,7,140095,1304277,88668,ATAC. MR110022 7MM RECICLADO COR 4085/PET / COR 496/PET,110CM,15855789,756,134784,15851100NBR3282985,25/06/2026,31/08/2026,34,,31/08/26,,,,#N/A,1304277,NIKE,
513,OK,DASS SEST,7,140095,1304277,88668,ATAC. MR110022 7MM RECICLADO COR 4085/PET / COR 496/PET,110CM,15855789,828,134784,15851101NBR3282985,25/06/2026,31/08/2026,34,,31/08/26,,,,#N/A,1304277,NIKE,
514,OK,DASS SEST,7,140095,1304277,88668,ATAC. MR110022 7MM RECICLADO COR 4085/PET / COR 496/PET,110CM,15855789,252,134784,15851088NBR3283023,25/06/2026,31/08/2026,34,,31/08/26,,,,#N/A,1304277,NIKE,
515,OK,DASS SEST,7,140095,1304277,88668,ATAC. MR110022 7MM RECICLADO COR 4085/PET / COR 496/PET,110CM,15855789,252,134784,15854332NEX0000080,25/06/2026,31/08/2026,34,,31/08/26,,,,#N/A,1304277,NIKE,
516,OK,DASS SEST,7,140095,1304277,88668,ATAC. MR110022 7MM RECICLADO COR 4085/PET / COR 496/PET,110CM,15855789,252,134784,15854333NEX0000080,25/06/2026,31/08/2026,34,,31/08/26,,,,#N/A,1304277,NIKE,
517,OK,DASS SEST,7,140095,1304277,88668,ATAC. MR110022 7MM RECICLADO COR 4085/PET / COR 496/PET,110CM,15855789,216,134784,15854334NEX0000080,25/06/2026,31/08/2026,34,,31/08/26,,,,#N/A,1304277,NIKE,
518,OK,DASS SEST,7,140095,1304277,88668,ATAC. MR110022 7MM RECICLADO COR 4085/PET / COR 496/PET,110CM,15855789,246,134784,15854335NEX0000080,25/06/2026,31/08/2026,34,,31/08/26,,,,#N/A,1304277,NIKE,
519,OK,DASS SEST,7,140095,1304277,88668,ATAC. MR110022 7MM RECICLADO COR 4085/PET / COR 496/PET,110CM,15855789,312,134784,15854323NEX0000081,25/06/2026,31/08/2026,34,,31/08/26,,,,#N/A,1304277,NIKE,
520,OK,DASS SEST,7,140095,1304277,88668,ATAC. MR110022 7MM RECICLADO COR 4085/PET / COR 496/PET,110CM,15855789,312,134784,15854324NEX0000081,25/06/2026,31/08/2026,34,,31/08/26,,,,#N/A,1304277,NIKE,
521,OK,DASS SEST,7,140095,1304277,88668,ATAC. MR110022 7MM RECICLADO COR 4085/PET / COR 496/PET,110CM,15855789,288,134784,15854325NEX0000081,25/06/2026,31/08/2026,34,,31/08/26,,,,#N/A,1304277,NIKE,
522,OK,DASS SEST,7,140095,1304277,88668,ATAC. MR110022 7MM RECICLADO COR 4085/PET / COR 496/PET,110CM,15855789,318,134784,15854326NEX0000081,25/06/2026,31/08/2026,34,,31/08/26,,,,#N/A,1304277,NIKE,
523,OK,DASS SEST,7,140095,1304277,88668,ATAC. MR110022 7MM RECICLADO COR 4085/PET / COR 496/PET,115CM,15855789,66,134784,15851098NBR3282985,25/06/2026,31/08/2026,34,,31/08/26,,,,#N/A,1304277,NIKE,
524,OK,DASS SEST,7,140095,1304277,88668,ATAC. MR110022 7MM RECICLADO COR 4085/PET / COR 496/PET,115CM,15855789,48,134784,15851100NBR3282985,25/06/2026,31/08/2026,34,,31/08/26,,,,#N/A,1304277,NIKE,
525,OK,DASS SEST,7,140095,1304277,88668,ATAC. MR110022 7MM RECICLADO COR 4085/PET / COR 496/PET,115CM,15855789,48,134784,15851101NBR3282985,25/06/2026,31/08/2026,34,,31/08/26,,,,#N/A,1304277,NIKE,
526,OK,DASS SEST,7,140095,1304277,88668,ATAC. MR110022 7MM RECICLADO COR 4085/PET / COR 496/PET,115CM,15855789,656,134784,15851088NBR3283023,25/06/2026,31/08/2026,34,,31/08/26,,,,#N/A,1304277,NIKE,
527,OK,DASS SEST,7,140095,1304277,88668,ATAC. MR110022 7MM RECICLADO COR 4085/PET / COR 496/PET,115CM,15855789,683,134784,15854332NEX0000080,25/06/2026,31/08/2026,34,,31/08/26,,,,#N/A,1304277,NIKE,
528,OK,DASS SEST,7,140095,1304277,88668,ATAC. MR110022 7MM RECICLADO COR 4085/PET / COR 496/PET,115CM,15855789,672,134784,15854333NEX0000080,25/06/2026,31/08/2026,34,,31/08/26,,,,#N/A,1304277,NIKE,
529,OK,DASS SEST,7,140095,1304277,88668,ATAC. MR110022 7MM RECICLADO COR 4085/PET / COR 496/PET,115CM,15855789,660,134784,15854334NEX0000080,25/06/2026,31/08/2026,34,,31/08/26,,,,#N/A,1304277,NIKE,
530,OK,DASS SEST,7,140095,1304277,88668,ATAC. MR110022 7MM RECICLADO COR 4085/PET / COR 496/PET,115CM,15855789,690,134784,15854335NEX0000080,25/06/2026,31/08/2026,34,,31/08/26,,,,#N/A,1304277,NIKE,
531,OK,DASS SEST,7,140095,1304277,88668,ATAC. MR110022 7MM RECICLADO COR 4085/PET / COR 496/PET,115CM,15855789,1140,134784,15854323NEX0000081,25/06/2026,31/08/2026,34,,31/08/26,,,,#N/A,1304277,NIKE,
532,OK,DASS SEST,7,140095,1304277,88668,ATAC. MR110022 7MM RECICLADO COR 4085/PET / COR 496/PET,115CM,15855789,876,134784,15854324NEX0000081,25/06/2026,31/08/2026,34,,31/08/26,,,,#N/A,1304277,NIKE,
533,OK,DASS SEST,7,140095,1304277,88668,ATAC. MR110022 7MM RECICLADO COR 4085/PET / COR 496/PET,115CM,15855789,876,134784,15854325NEX0000081,25/06/2026,31/08/2026,34,,31/08/26,,,,#N/A,1304277,NIKE,
534,OK,DASS SEST,7,140095,1304277,88668,ATAC. MR110022 7MM RECICLADO COR 4085/PET / COR 496/PET,115CM,15855789,642,134784,15854326NEX0000081,25/06/2026,31/08/2026,34,,31/08/26,,,,#N/A,1304277,NIKE,
535,OK,DASS SEST,7,140095,1304277,88668,ATAC. MR110022 7MM RECICLADO COR 4085/PET / COR 496/PET,120CM,15855789,210,134784,15851088NBR3283023,25/06/2026,31/08/2026,34,,31/08/26,,,,#N/A,1304277,NIKE,
536,OK,DASS SEST,7,140095,1304277,88668,ATAC. MR110022 7MM RECICLADO COR 4085/PET / COR 496/PET,120CM,15855789,204,134784,15854332NEX0000080,25/06/2026,31/08/2026,34,,31/08/26,,,,#N/A,1304277,NIKE,
537,OK,DASS SEST,7,140095,1304277,88668,ATAC. MR110022 7MM RECICLADO COR 4085/PET / COR 496/PET,120CM,15855789,204,134784,15854333NEX0000080,25/06/2026,31/08/2026,34,,31/08/26,,,,#N/A,1304277,NIKE,
538,OK,DASS SEST,7,140095,1304277,88668,ATAC. MR110022 7MM RECICLADO COR 4085/PET / COR 496/PET,120CM,15855789,204,134784,15854334NEX0000080,25/06/2026,31/08/2026,34,,31/08/26,,,,#N/A,1304277,NIKE,
539,OK,DASS SEST,7,140095,1304277,88668,ATAC. MR110022 7MM RECICLADO COR 4085/PET / COR 496/PET,120CM,15855789,222,134784,15854335NEX0000080,25/06/2026,31/08/2026,34,,31/08/26,,,,#N/A,1304277,NIKE,
540,OK,DASS SEST,7,140095,1304277,88668,ATAC. MR110022 7MM RECICLADO COR 4085/PET / COR 496/PET,120CM,15855789,252,134784,15854323NEX0000081,25/06/2026,31/08/2026,34,,31/08/26,,,,#N/A,1304277,NIKE,
541,OK,DASS SEST,7,140095,1304277,88668,ATAC. MR110022 7MM RECICLADO COR 4085/PET / COR 496/PET,120CM,15855789,252,134784,15854324NEX0000081,25/06/2026,31/08/2026,34,,31/08/26,,,,#N/A,1304277,NIKE,
542,OK,DASS SEST,7,140095,1304277,88668,ATAC. MR110022 7MM RECICLADO COR 4085/PET / COR 496/PET,120CM,15855789,240,134784,15854325NEX0000081,25/06/2026,31/08/2026,34,,31/08/26,,,,#N/A,1304277,NIKE,
543,OK,DASS SEST,7,140095,1304277,88668,ATAC. MR110022 7MM RECICLADO COR 4085/PET / COR 496/PET,120CM,15855789,270,134784,15854326NEX0000081,25/06/2026,31/08/2026,34,,31/08/26,,,,#N/A,1304277,NIKE,
544,OK,DASS SEST,7,140095,1413117,95026,ATAC. MR110022 7MM RECICLADO COR 6146/PET / COR 492/PET,110CM,15855789,192,134784,15854352NEX0000082,25/06/2026,31/08/2026,34,,31/08/26,,,,#N/A,1413117,NIKE,
545,OK,DASS SEST,7,140095,1413117,95026,ATAC. MR110022 7MM RECICLADO COR 6146/PET / COR 492/PET,110CM,15855789,228,134784,15854353NEX0000082,25/06/2026,31/08/2026,34,,31/08/26,,,,#N/A,1413117,NIKE,
546,OK,DASS SEST,7,140095,1413117,95026,ATAC. MR110022 7MM RECICLADO COR 6146/PET / COR 492/PET,115CM,15855789,717,134784,15854352NEX0000082,25/06/2026,31/08/2026,34,,31/08/26,,,,#N/A,1413117,NIKE,
547,OK,DASS SEST,7,140095,1413117,95026,ATAC. MR110022 7MM RECICLADO COR 6146/PET / COR 492/PET,115CM,15855789,744,134784,15854353NEX0000082,25/06/2026,31/08/2026,34,,31/08/26,,,,#N/A,1413117,NIKE,
548,OK,DASS SEST,7,140095,1413117,95026,ATAC. MR110022 7MM RECICLADO COR 6146/PET / COR 492/PET,120CM,15855789,228,134784,15854352NEX0000082,25/06/2026,31/08/2026,34,,31/08/26,,,,#N/A,1413117,NIKE,
549,OK,DASS SEST,7,140095,1413117,95026,ATAC. MR110022 7MM RECICLADO COR 6146/PET / COR 492/PET,120CM,15855789,240,134784,15854353NEX0000082,25/06/2026,31/08/2026,34,,31/08/26,,,,#N/A,1413117,NIKE,
550,OK,DASS SEST,7,140096,1220520,82624,FITA MR100037 C/ GOMA RECICLADO COR 100/PET,18MM,15856444,700,134785,0,25/06/2026,31/08/2026,34,,31/08/26,,,,#N/A,1220520,NIKE,
1015,OK,DASS SEST,7,140189,1188919,82628,ATAC. MR140014 6MM RECICLADO COR 4085/PET,100CM,15872667,168,134939,15865456NBR3282997,26/06/2026,31/08/2026,34,,31/08/26,,,,#N/A,1188919,NIKE,
1016,OK,DASS SEST,7,140189,1188919,82628,ATAC. MR140014 6MM RECICLADO COR 4085/PET,100CM,15872667,204,134939,15865457NBR3282997,26/06/2026,31/08/2026,34,,31/08/26,,,,#N/A,1188919,NIKE,
1017,OK,DASS SEST,7,140189,1188919,82628,ATAC. MR140014 6MM RECICLADO COR 4085/PET,100CM,15872667,210,134939,15865491NBR3283000,26/06/2026,31/08/2026,34,,31/08/26,,,,#N/A,1188919,NIKE,
1018,OK,DASS SEST,7,140189,1188919,82628,ATAC. MR140014 6MM RECICLADO COR 4085/PET,105CM,15872667,252,134939,15865451NBR3282990,26/06/2026,31/08/2026,34,,31/08/26,,,,#N/A,1188919,NIKE,
1019,OK,DASS SEST,7,140189,1188919,82628,ATAC. MR140014 6MM RECICLADO COR 4085/PET,105CM,15872667,246,134939,15865452NBR3282990,26/06/2026,31/08/2026,34,,31/08/26,,,,#N/A,1188919,NIKE,
1020,OK,DASS SEST,7,140189,1188919,82628,ATAC. MR140014 6MM RECICLADO COR 4085/PET,105CM,15872667,578,134939,15865456NBR3282997,26/06/2026,31/08/2026,34,,31/08/26,,,,#N/A,1188919,NIKE,
1021,OK,DASS SEST,7,140189,1188919,82628,ATAC. MR140014 6MM RECICLADO COR 4085/PET,105CM,15872667,612,134939,15865457NBR3282997,26/06/2026,31/08/2026,34,,31/08/26,,,,#N/A,1188919,NIKE,
1022,OK,DASS SEST,7,140189,1188919,82628,ATAC. MR140014 6MM RECICLADO COR 4085/PET,105CM,15872667,764,134939,15865491NBR3283000,26/06/2026,31/08/2026,34,,31/08/26,,,,#N/A,1188919,NIKE,
1023,OK,DASS SEST,7,140189,1188919,82628,ATAC. MR140014 6MM RECICLADO COR 4085/PET,110CM,15872667,705,134939,15865451NBR3282990,26/06/2026,31/08/2026,34,,31/08/26,,,,#N/A,1188919,NIKE,
1024,OK,DASS SEST,7,140189,1188919,82628,ATAC. MR140014 6MM RECICLADO COR 4085/PET,110CM,15872667,714,134939,15865452NBR3282990,26/06/2026,31/08/2026,34,,31/08/26,,,,#N/A,1188919,NIKE,
1025,OK,DASS SEST,7,140189,1188919,82628,ATAC. MR140014 6MM RECICLADO COR 4085/PET,110CM,15872667,18,134939,15865456NBR3282997,26/06/2026,31/08/2026,34,,31/08/26,,,,#N/A,1188919,NIKE,
1026,OK,DASS SEST,7,140189,1188919,82628,ATAC. MR140014 6MM RECICLADO COR 4085/PET,110CM,15872667,24,134939,15865457NBR3282997,26/06/2026,31/08/2026,34,,31/08/26,,,,#N/A,1188919,NIKE,
1027,OK,DASS SEST,7,140189,1188919,82628,ATAC. MR140014 6MM RECICLADO COR 4085/PET,110CM,15872667,30,134939,15865491NBR3283000,26/06/2026,31/08/2026,34,,31/08/26,,,,#N/A,1188919,NIKE,
1028,OK,DASS SEST,7,140189,1188919,82628,ATAC. MR140014 6MM RECICLADO COR 4085/PET,115CM,15872667,144,134939,15865451NBR3282990,26/06/2026,31/08/2026,34,,31/08/26,,,,#N/A,1188919,NIKE,
1029,OK,DASS SEST,7,140189,1188919,82628,ATAC. MR140014 6MM RECICLADO COR 4085/PET,115CM,15872667,174,134939,15865452NBR3282990,26/06/2026,31/08/2026,34,,31/08/26,,,,#N/A,1188919,NIKE,
1030,OK,DASS SEST,7,140189,1269460,85472,ATAC. MR140014 6MM RECICLADO COR 5481/PET,100CM,15872667,228,134939,15865500NBR3283004,26/06/2026,31/08/2026,34,,31/08/26,,,,#N/A,1269460,NIKE,
1031,OK,DASS SEST,7,140189,1269460,85472,ATAC. MR140014 6MM RECICLADO COR 5481/PET,100CM,15872667,252,134939,15865501NBR3283004,26/06/2026,31/08/2026,34,,31/08/26,,,,#N/A,1269460,NIKE,
1032,OK,DASS SEST,7,140189,1269460,85472,ATAC. MR140014 6MM RECICLADO COR 5481/PET,100CM,15872667,228,134939,15865502NBR3283006,26/06/2026,31/08/2026,34,,31/08/26,,,,#N/A,1269460,NIKE,
1033,OK,DASS SEST,7,140189,1269460,85472,ATAC. MR140014 6MM RECICLADO COR 5481/PET,100CM,15872667,252,134939,15865503NBR3283006,26/06/2026,31/08/2026,34,,31/08/26,,,,#N/A,1269460,NIKE,
1034,OK,DASS SEST,7,140189,1269460,85472,ATAC. MR140014 6MM RECICLADO COR 5481/PET,105CM,15872667,795,134939,15865500NBR3283004,26/06/2026,31/08/2026,34,,31/08/26,,,,#N/A,1269460,NIKE,
1035,OK,DASS SEST,7,140189,1269460,85472,ATAC. MR140014 6MM RECICLADO COR 5481/PET,105CM,15872667,816,134939,15865501NBR3283004,26/06/2026,31/08/2026,34,,31/08/26,,,,#N/A,1269460,NIKE,
1036,OK,DASS SEST,7,140189,1269460,85472,ATAC. MR140014 6MM RECICLADO COR 5481/PET,105CM,15872667,795,134939,15865502NBR3283006,26/06/2026,31/08/2026,34,,31/08/26,,,,#N/A,1269460,NIKE,
1037,OK,DASS SEST,7,140189,1269460,85472,ATAC. MR140014 6MM RECICLADO COR 5481/PET,105CM,15872667,804,134939,15865503NBR3283006,26/06/2026,31/08/2026,34,,31/08/26,,,,#N/A,1269460,NIKE,
1038,OK,DASS SEST,7,140189,1269460,85472,ATAC. MR140014 6MM RECICLADO COR 5481/PET,110CM,15872667,12,134939,15865500NBR3283004,26/06/2026,31/08/2026,34,,31/08/26,,,,#N/A,1269460,NIKE,
1039,OK,DASS SEST,7,140189,1269460,85472,ATAC. MR140014 6MM RECICLADO COR 5481/PET,110CM,15872667,24,134939,15865501NBR3283004,26/06/2026,31/08/2026,34,,31/08/26,,,,#N/A,1269460,NIKE,
1040,OK,DASS SEST,7,140189,1269460,85472,ATAC. MR140014 6MM RECICLADO COR 5481/PET,110CM,15872667,12,134939,15865502NBR3283006,26/06/2026,31/08/2026,34,,31/08/26,,,,#N/A,1269460,NIKE,
1041,OK,DASS SEST,7,140189,1269460,85472,ATAC. MR140014 6MM RECICLADO COR 5481/PET,110CM,15872667,24,134939,15865503NBR3283006,26/06/2026,31/08/2026,34,,31/08/26,,,,#N/A,1269460,NIKE,
1042,OK,DASS SEST,7,140189,1425041,95894,ATAC. MR140014 6MM RECICLADO COR 6179/PET,105CM,15872667,156,134939,15865466NBR3282992,26/06/2026,31/08/2026,34,,31/08/26,,,,#N/A,1425041,NIKE,
1043,OK,DASS SEST,7,140189,1425041,95894,ATAC. MR140014 6MM RECICLADO COR 6179/PET,105CM,15872667,204,134939,15865467NBR3282992,26/06/2026,31/08/2026,34,,31/08/26,,,,#N/A,1425041,NIKE,
1044,OK,DASS SEST,7,140189,1425041,95894,ATAC. MR140014 6MM RECICLADO COR 6179/PET,110CM,15872667,524,134939,15865466NBR3282992,26/06/2026,31/08/2026,34,,31/08/26,,,,#N/A,1425041,NIKE,
1045,OK,DASS SEST,7,140189,1425041,95894,ATAC. MR140014 6MM RECICLADO COR 6179/PET,110CM,15872667,528,134939,15865467NBR3282992,26/06/2026,31/08/2026,34,,31/08/26,,,,#N/A,1425041,NIKE,
1046,OK,DASS SEST,7,140189,1425041,95894,ATAC. MR140014 6MM RECICLADO COR 6179/PET,115CM,15872667,120,134939,15865466NBR3282992,26/06/2026,31/08/2026,34,,31/08/26,,,,#N/A,1425041,NIKE,
1047,OK,DASS SEST,7,140189,1425041,95894,ATAC. MR140014 6MM RECICLADO COR 6179/PET,115CM,15872667,156,134939,15865467NBR3282992,26/06/2026,31/08/2026,34,,31/08/26,,,,#N/A,1425041,NIKE,
1048,OK,DASS SEST,7,140189,1425040,95895,ATAC. MR140014 6MM RECICLADO COR 6176/PET,105CM,15872667,156,134939,15865468NBR3282993,26/06/2026,31/08/2026,34,,31/08/26,,,,#N/A,1425040,NIKE,
1049,OK,DASS SEST,7,140189,1425040,95895,ATAC. MR140014 6MM RECICLADO COR 6176/PET,105CM,15872667,150,134939,15865469NBR3282993,26/06/2026,31/08/2026,34,,31/08/26,,,,#N/A,1425040,NIKE,
1050,OK,DASS SEST,7,140189,1425040,95895,ATAC. MR140014 6MM RECICLADO COR 6176/PET,105CM,15872667,276,134939,15865470NBR3282994,26/06/2026,31/08/2026,34,,31/08/26,,,,#N/A,1425040,NIKE,
1051,OK,DASS SEST,7,140189,1425040,95895,ATAC. MR140014 6MM RECICLADO COR 6176/PET,105CM,15872667,306,134939,15865471NBR3282994,26/06/2026,31/08/2026,34,,31/08/26,,,,#N/A,1425040,NIKE,
1052,OK,DASS SEST,7,140189,1425040,95895,ATAC. MR140014 6MM RECICLADO COR 6176/PET,110CM,15872667,536,134939,15865468NBR3282993,26/06/2026,31/08/2026,34,,31/08/26,,,,#N/A,1425040,NIKE,
1053,OK,DASS SEST,7,140189,1425040,95895,ATAC. MR140014 6MM RECICLADO COR 6176/PET,110CM,15872667,552,134939,15865469NBR3282993,26/06/2026,31/08/2026,34,,31/08/26,,,,#N/A,1425040,NIKE,
1054,OK,DASS SEST,7,140189,1425040,95895,ATAC. MR140014 6MM RECICLADO COR 6176/PET,110CM,15872667,741,134939,15865470NBR3282994,26/06/2026,31/08/2026,34,,31/08/26,,,,#N/A,1425040,NIKE,
1055,OK,DASS SEST,7,140189,1425040,95895,ATAC. MR140014 6MM RECICLADO COR 6176/PET,110CM,15872667,732,134939,15865471NBR3282994,26/06/2026,31/08/2026,34,,31/08/26,,,,#N/A,1425040,NIKE,
1056,OK,DASS SEST,7,140189,1425040,95895,ATAC. MR140014 6MM RECICLADO COR 6176/PET,115CM,15872667,132,134939,15865468NBR3282993,26/06/2026,31/08/2026,34,,31/08/26,,,,#N/A,1425040,NIKE,
1057,OK,DASS SEST,7,140189,1425040,95895,ATAC. MR140014 6MM RECICLADO COR 6176/PET,115CM,15872667,162,134939,15865469NBR3282993,26/06/2026,31/08/2026,34,,31/08/26,,,,#N/A,1425040,NIKE,
1058,OK,DASS SEST,7,140189,1425040,95895,ATAC. MR140014 6MM RECICLADO COR 6176/PET,115CM,15872667,204,134939,15865470NBR3282994,26/06/2026,31/08/2026,34,,31/08/26,,,,#N/A,1425040,NIKE,
1059,OK,DASS SEST,7,140189,1425040,95895,ATAC. MR140014 6MM RECICLADO COR 6176/PET,115CM,15872667,216,134939,15865471NBR3282994,26/06/2026,31/08/2026,34,,31/08/26,,,,#N/A,1425040,NIKE,
1378,OK,DASS SEST,7,140288,1454466,95945,ATAC. MR140014 6MM RECICLADO COR 6248/PET,100CM,15874842,204,135010,15866732NBR3283048,30/06/2026,31/08/2026,34,,31/08/26,,,,#N/A,1454466,NIKE,
1379,OK,DASS SEST,7,140288,1454466,95945,ATAC. MR140014 6MM RECICLADO COR 6248/PET,100CM,15874842,240,135010,15866733NBR3283048,30/06/2026,31/08/2026,34,,31/08/26,,,,#N/A,1454466,NIKE,
1380,OK,DASS SEST,7,140288,1454466,95945,ATAC. MR140014 6MM RECICLADO COR 6248/PET,105CM,15874842,710,135010,15866732NBR3283048,30/06/2026,31/08/2026,34,,31/08/26,,,,#N/A,1454466,NIKE,
1381,OK,DASS SEST,7,140288,1454466,95945,ATAC. MR140014 6MM RECICLADO COR 6248/PET,105CM,15874842,744,135010,15866733NBR3283048,30/06/2026,31/08/2026,34,,31/08/26,,,,#N/A,1454466,NIKE,
1382,OK,DASS SEST,7,140288,1454466,95945,ATAC. MR140014 6MM RECICLADO COR 6248/PET,110CM,15874842,18,135010,15866732NBR3283048,30/06/2026,31/08/2026,34,,31/08/26,,,,#N/A,1454466,NIKE,
1442,OK,DASS SEST,7,140573,1316829,87946,FITA M31119 C/ GOMA POLIESTER COR 100/ COR 5535/ COR 102,16MM,15900424,170,135281,0,07/07/2026,31/08/2026,34,,31/08/26,,,,#N/A,1316829,FILA,
1443,OK,DASS SEST,7,140573,1324887,88286,FITA M31119 C/ GOMA POLIESTER COR 057/ COR 102/ COR 678,16MM,15900424,140,135281,0,07/07/2026,31/08/2026,34,,31/08/26,,,,#N/A,1324887,FILA,
1444,OK,DASS SEST,7,140573,1401826,95145,FITA M31119 C/ GOMA POLIESTER COR 6002 / COR 5508 / COR 5508,16MM,15900424,220,135281,0,07/07/2026,31/08/2026,34,,31/08/26,,,,#N/A,1401826,FILA,
1445,OK,DASS SEST,7,140573,1400623,95146,FITA M31119 C/ GOMA POLIESTER COR 447 / COR 114 / COR 114,16MM,15900424,430,135281,0,07/07/2026,31/08/2026,34,,31/08/26,,,,#N/A,1400623,FILA,
1446,OK,DASS SEST,7,140574,1159608,81667,ATAC. M15041 POLIESTER COR 100,120CM,15900487,768,135282,15888625ARG201996-,07/07/2026,31/08/2026,34,,31/08/26,,,,#N/A,1159608,FILA,
1447,OK,DASS SEST,7,140574,1159608,81667,ATAC. M15041 POLIESTER COR 100,120CM,15900487,768,135282,15888627ARG201996-,07/07/2026,31/08/2026,34,,31/08/26,,,,#N/A,1159608,FILA,
1448,OK,DASS SEST,7,140574,1159608,81667,ATAC. M15041 POLIESTER COR 100,130CM,15900487,192,135282,15888625ARG201996-,07/07/2026,31/08/2026,34,,31/08/26,,,,#N/A,1159608,FILA,
1449,OK,DASS SEST,7,140574,1159608,81667,ATAC. M15041 POLIESTER COR 100,130CM,15900487,192,135282,15888627ARG201996-,07/07/2026,31/08/2026,34,,31/08/26,,,,#N/A,1159608,FILA,
1450,OK,DASS SEST,7,140575,1416744,95300,FITA M31119 C/ GOMA POLIESTER COR 814 / COR 100 / COR 100,16MM,15901023,10,135283,0,07/07/2026,31/08/2026,34,,31/08/26,,,,#N/A,1416744,FILA,
1457,OK,DASS SEST,7,140753,1299257,86978,ATAC. MR130027 6MM RECICLADO COR 4085/PET,105CM,15915176,420,135470,15903732NBR3283014,10/07/2026,31/08/2026,34,,31/08/26,,,,#N/A,1299257,NIKE,
1458,OK,DASS SEST,7,140753,1299257,86978,ATAC. MR130027 6MM RECICLADO COR 4085/PET,105CM,15915176,408,135470,15903734NBR3283014,10/07/2026,31/08/2026,34,,31/08/26,,,,#N/A,1299257,NIKE,
1459,OK,DASS SEST,7,140753,1299257,86978,ATAC. MR130027 6MM RECICLADO COR 4085/PET,105CM,15915176,420,135470,15903735NBR3283014,10/07/2026,31/08/2026,34,,31/08/26,,,,#N/A,1299257,NIKE,
1460,OK,DASS SEST,7,140753,1299257,86978,ATAC. MR130027 6MM RECICLADO COR 4085/PET,110CM,15915176,507,135470,15903732NBR3283014,10/07/2026,31/08/2026,34,,31/08/26,,,,#N/A,1299257,NIKE,
1461,OK,DASS SEST,7,140753,1299257,86978,ATAC. MR130027 6MM RECICLADO COR 4085/PET,110CM,15915176,492,135470,15903734NBR3283014,10/07/2026,31/08/2026,34,,31/08/26,,,,#N/A,1299257,NIKE,
1462,OK,DASS SEST,7,140753,1299257,86978,ATAC. MR130027 6MM RECICLADO COR 4085/PET,110CM,15915176,516,135470,15903735NBR3283014,10/07/2026,31/08/2026,34,,31/08/26,,,,#N/A,1299257,NIKE,
1463,OK,DASS SEST,7,140753,1299257,86978,ATAC. MR130027 6MM RECICLADO COR 4085/PET,110CM,15915176,108,135470,15903670NBR3283025,10/07/2026,31/08/2026,34,,31/08/26,,,,#N/A,1299257,NIKE,
1464,OK,DASS SEST,7,140753,1299257,86978,ATAC. MR130027 6MM RECICLADO COR 4085/PET,110CM,15915176,72,135470,15903671NBR3283025,10/07/2026,31/08/2026,34,,31/08/26,,,,#N/A,1299257,NIKE,
1465,OK,DASS SEST,7,140753,1299257,86978,ATAC. MR130027 6MM RECICLADO COR 4085/PET,110CM,15915176,90,135470,15903672NBR3283025,10/07/2026,31/08/2026,34,,31/08/26,,,,#N/A,1299257,NIKE,
1466,OK,DASS SEST,7,140753,1299257,86978,ATAC. MR130027 6MM RECICLADO COR 4085/PET,115CM,15915176,72,135470,15903732NBR3283014,10/07/2026,31/08/2026,34,,31/08/26,,,,#N/A,1299257,NIKE,
1467,OK,DASS SEST,7,140753,1299257,86978,ATAC. MR130027 6MM RECICLADO COR 4085/PET,115CM,15915176,60,135470,15903734NBR3283014,10/07/2026,31/08/2026,34,,31/08/26,,,,#N/A,1299257,NIKE,
1468,OK,DASS SEST,7,140753,1299257,86978,ATAC. MR130027 6MM RECICLADO COR 4085/PET,115CM,15915176,60,135470,15903735NBR3283014,10/07/2026,31/08/2026,34,,31/08/26,,,,#N/A,1299257,NIKE,
1469,OK,DASS SEST,7,140753,1299257,86978,ATAC. MR130027 6MM RECICLADO COR 4085/PET,115CM,15915176,735,135470,15903670NBR3283025,10/07/2026,31/08/2026,34,,31/08/26,,,,#N/A,1299257,NIKE,
1470,OK,DASS SEST,7,140753,1299257,86978,ATAC. MR130027 6MM RECICLADO COR 4085/PET,115CM,15915176,552,135470,15903671NBR3283025,10/07/2026,31/08/2026,34,,31/08/26,,,,#N/A,1299257,NIKE,
1471,OK,DASS SEST,7,140753,1299257,86978,ATAC. MR130027 6MM RECICLADO COR 4085/PET,115CM,15915176,378,135470,15903672NBR3283025,10/07/2026,31/08/2026,34,,31/08/26,,,,#N/A,1299257,NIKE,
1472,OK,DASS SEST,7,140753,1299257,86978,ATAC. MR130027 6MM RECICLADO COR 4085/PET,120CM,15915176,156,135470,15903670NBR3283025,10/07/2026,31/08/2026,34,,31/08/26,,,,#N/A,1299257,NIKE,
1473,OK,DASS SEST,7,140753,1299257,86978,ATAC. MR130027 6MM RECICLADO COR 4085/PET,120CM,15915176,156,135470,15903671NBR3283025,10/07/2026,31/08/2026,34,,31/08/26,,,,#N/A,1299257,NIKE,
1474,OK,DASS SEST,7,140753,1299257,86978,ATAC. MR130027 6MM RECICLADO COR 4085/PET,120CM,15915176,186,135470,15903672NBR3283025,10/07/2026,31/08/2026,34,,31/08/26,,,,#N/A,1299257,NIKE,
1475,OK,DASS SEST,7,140753,1424088,95799,ATAC. MR130027 6MM RECICLADO COR 5820/PET,105CM,15915176,582,135470,15903739NBR3282939,10/07/2026,31/08/2026,34,,31/08/26,,,,#N/A,1424088,NIKE,
1476,OK,DASS SEST,7,140753,1424088,95799,ATAC. MR130027 6MM RECICLADO COR 5820/PET,110CM,15915176,656,135470,15903739NBR3282939,10/07/2026,31/08/2026,34,,31/08/26,,,,#N/A,1424088,NIKE,
1477,OK,DASS SEST,7,140753,1424088,95799,ATAC. MR130027 6MM RECICLADO COR 5820/PET,115CM,15915176,36,135470,15903739NBR3282939,10/07/2026,31/08/2026,34,,31/08/26,,,,#N/A,1424088,NIKE,
1740,OK,DASS SEST,7,140946,1027849,92568,ATAC. MR110012 8MM RECICLADO COR 4085/PET,110CM,15944083,318,135633,15941789NBR3283312,17/07/2026,31/08/2026,34,,31/08/26,,,,#N/A,1027849,NIKE,
1741,OK,DASS SEST,7,140946,1027849,92568,ATAC. MR110012 8MM RECICLADO COR 4085/PET,110CM,15944083,336,135633,15941790NBR3283312,17/07/2026,31/08/2026,34,,31/08/26,,,,#N/A,1027849,NIKE,
1742,OK,DASS SEST,7,140946,1027849,92568,ATAC. MR110012 8MM RECICLADO COR 4085/PET,115CM,15944083,216,135633,15941780NBR3283293,17/07/2026,31/08/2026,34,,31/08/26,,,,#N/A,1027849,NIKE,
1743,OK,DASS SEST,7,140946,1027849,92568,ATAC. MR110012 8MM RECICLADO COR 4085/PET,115CM,15944083,216,135633,15941781NBR3283293,17/07/2026,31/08/2026,34,,31/08/26,,,,#N/A,1027849,NIKE,
1744,OK,DASS SEST,7,140946,1027849,92568,ATAC. MR110012 8MM RECICLADO COR 4085/PET,115CM,15944083,434,135633,15941789NBR3283312,17/07/2026,31/08/2026,34,,31/08/26,,,,#N/A,1027849,NIKE,
1745,OK,DASS SEST,7,140946,1027849,92568,ATAC. MR110012 8MM RECICLADO COR 4085/PET,115CM,15944083,444,135633,15941790NBR3283312,17/07/2026,31/08/2026,34,,31/08/26,,,,#N/A,1027849,NIKE,
1746,OK,DASS SEST,7,140946,1027849,92568,ATAC. MR110012 8MM RECICLADO COR 4085/PET,120CM,15944083,584,135633,15941780NBR3283293,17/07/2026,31/08/2026,34,,31/08/26,,,,#N/A,1027849,NIKE,
1747,OK,DASS SEST,7,140946,1027849,92568,ATAC. MR110012 8MM RECICLADO COR 4085/PET,120CM,15944083,624,135633,15941781NBR3283293,17/07/2026,31/08/2026,34,,31/08/26,,,,#N/A,1027849,NIKE,
1748,OK,DASS SEST,7,140946,1069210,93696,ATAC. MR110029 RECICLADO COR 4085/PET,135CM,15944083,734,135633,15941797NBR3283285,17/07/2026,31/08/2026,34,,31/08/26,,,,#N/A,1069210,NIKE,
1749,OK,DASS SEST,7,140946,1069210,93696,ATAC. MR110029 RECICLADO COR 4085/PET,135CM,15944083,726,135633,15941798NBR3283285,17/07/2026,31/08/2026,34,,31/08/26,,,,#N/A,1069210,NIKE,
1750,OK,DASS SEST,7,140946,1069210,93696,ATAC. MR110029 RECICLADO COR 4085/PET,140CM,15944083,144,135633,15941797NBR3283285,17/07/2026,31/08/2026,34,,31/08/26,,,,#N/A,1069210,NIKE,
1751,OK,DASS SEST,7,140946,1069210,93696,ATAC. MR110029 RECICLADO COR 4085/PET,140CM,15944083,162,135633,15941798NBR3283285,17/07/2026,31/08/2026,34,,31/08/26,,,,#N/A,1069210,NIKE,
1816,OK,DASS SEST,7,140980,965421,74014,FITA MFGP C/ GOMA POLIESTER COR 4085,10MM,15952272,430,135667,0,20/07/2026,31/08/2026,34,,31/08/26,,,,#N/A,965421,NIKE,
1817,OK,DASS SEST,7,140980,1341133,91535,FITA MFGP C/ GOMA POLIESTER COR 5149,10MM,15952272,260,135667,0,20/07/2026,31/08/2026,34,,31/08/26,,,,#N/A,1341133,NIKE,
1829,NÃO,DASS SEST,7,140986,1425209,96158,ATAC. MR110012 8MM POLIESTER COR 5845/PET,115CM,15953532,324,135673,15941805NBR3283290,20/07/2026,31/08/2026,34,,31/08/26,,,,#N/A,1425209,NIKE,
1830,NÃO,DASS SEST,7,140986,1425209,96158,ATAC. MR110012 8MM POLIESTER COR 5845/PET,120CM,15953532,908,135673,15941805NBR3283290,20/07/2026,31/08/2026,34,,31/08/26,,,,#N/A,1425209,NIKE,
1831,OK,DASS SEST,7,140986,1425323,95611,ATAC. MR110029 RECICLADO COR 4758/1PET,130CM,15953532,348,135673,15941799NBR3283279,20/07/2026,31/08/2026,34,,31/08/26,,,,#N/A,1425323,NIKE,
1832,OK,DASS SEST,7,140986,1425323,95611,ATAC. MR110029 RECICLADO COR 4758/1PET,130CM,15953532,378,135673,15941800NBR3283279,20/07/2026,31/08/2026,34,,31/08/26,,,,#N/A,1425323,NIKE,
1833,OK,DASS SEST,7,140986,1425323,95611,ATAC. MR110029 RECICLADO COR 4758/1PET,135CM,15953532,422,135673,15941799NBR3283279,20/07/2026,31/08/2026,34,,31/08/26,,,,#N/A,1425323,NIKE,
1834,OK,DASS SEST,7,140986,1425323,95611,ATAC. MR110029 RECICLADO COR 4758/1PET,135CM,15953532,426,135673,15941800NBR3283279,20/07/2026,31/08/2026,34,,31/08/26,,,,#N/A,1425323,NIKE,
1835,OK,DASS SEST,7,140986,1425322,96159,ATAC. MR110029 RECICLADO COR 6216/PET,130CM,15953532,468,135673,15941801NBR3283283,20/07/2026,31/08/2026,34,,31/08/26,,,,#N/A,1425322,NIKE,
1836,OK,DASS SEST,7,140986,1425322,96159,ATAC. MR110029 RECICLADO COR 6216/PET,130CM,15953532,468,135673,15941802NBR3283283,20/07/2026,31/08/2026,34,,31/08/26,,,,#N/A,1425322,NIKE,
1837,OK,DASS SEST,7,140986,1425322,96159,ATAC. MR110029 RECICLADO COR 6216/PET,130CM,15953532,498,135673,15941804NBR3283283,20/07/2026,31/08/2026,34,,31/08/26,,,,#N/A,1425322,NIKE,
1838,OK,DASS SEST,7,140986,1425322,96159,ATAC. MR110029 RECICLADO COR 6216/PET,135CM,15953532,525,135673,15941801NBR3283283,20/07/2026,31/08/2026,34,,31/08/26,,,,#N/A,1425322,NIKE,
1839,OK,DASS SEST,7,140986,1425322,96159,ATAC. MR110029 RECICLADO COR 6216/PET,135CM,15953532,504,135673,15941802NBR3283283,20/07/2026,31/08/2026,34,,31/08/26,,,,#N/A,1425322,NIKE,
1840,OK,DASS SEST,7,140986,1425322,96159,ATAC. MR110029 RECICLADO COR 6216/PET,135CM,15953532,540,135673,15941804NBR3283283,20/07/2026,31/08/2026,34,,31/08/26,,,,#N/A,1425322,NIKE,
2093,OK,DASS ITABERABA,70,140548,1179318,75593,ATAC. M13725 6MM POLIESTER COR 057,100CM,15897391,396,135234,15890452ARG202021-,06/07/2026,31/08/2026,34,,31/08/26,,,,#N/A,1179318,FILA,
2094,OK,DASS ITABERABA,70,140548,1179318,75593,ATAC. M13725 6MM POLIESTER COR 057,100CM,15897391,396,135234,15890453ARG202021-,06/07/2026,31/08/2026,34,,31/08/26,,,,#N/A,1179318,FILA,
2095,OK,DASS ITABERABA,70,140548,1179318,75593,ATAC. M13725 6MM POLIESTER COR 057,110CM,15897391,324,135234,15890452ARG202021-,06/07/2026,31/08/2026,34,,31/08/26,,,,#N/A,1179318,FILA,
2096,OK,DASS ITABERABA,70,140548,1179318,75593,ATAC. M13725 6MM POLIESTER COR 057,110CM,15897391,324,135234,15890453ARG202021-,06/07/2026,31/08/2026,34,,31/08/26,,,,#N/A,1179318,FILA,
2097,OK,DASS ITABERABA,70,140548,1175396,75595,ATAC. M13725 6MM POLIESTER COR 100,100CM,15897391,396,135234,15890450ARG202020-,06/07/2026,31/08/2026,34,,31/08/26,,,,#N/A,1175396,FILA,
2098,OK,DASS ITABERABA,70,140548,1175396,75595,ATAC. M13725 6MM POLIESTER COR 100,100CM,15897391,396,135234,15890451ARG202020-,06/07/2026,31/08/2026,34,,31/08/26,,,,#N/A,1175396,FILA,
2099,OK,DASS ITABERABA,70,140548,1314384,75662,ATAC. M13725 6MM POLIESTER COR 114,90CM,15897391,504,135234,15890454ARG202022,06/07/2026,31/08/2026,34,,31/08/26,,,,#N/A,1314384,FILA,
2100,OK,DASS ITABERABA,70,140548,1314384,75662,ATAC. M13725 6MM POLIESTER COR 114,90CM,15897391,396,135234,15889179BRITB00544,06/07/2026,31/08/2026,34,,31/08/26,,,,#N/A,1314384,FILA,
2101,OK,DASS ITABERABA,70,140548,1314384,75662,ATAC. M13725 6MM POLIESTER COR 114,90CM,15897391,384,135234,15889180BRITB00544,06/07/2026,31/08/2026,34,,31/08/26,,,,#N/A,1314384,FILA,
2102,OK,DASS ITABERABA,70,140548,1314384,75662,ATAC. M13725 6MM POLIESTER COR 114,90CM,15897391,348,135234,15889181BRITB00544,06/07/2026,31/08/2026,34,,31/08/26,,,,#N/A,1314384,FILA,
2103,OK,DASS ITABERABA,70,140548,1314384,75662,ATAC. M13725 6MM POLIESTER COR 114,90CM,15897391,348,135234,15889182BRITB00544,06/07/2026,31/08/2026,34,,31/08/26,,,,#N/A,1314384,FILA,
2104,OK,DASS ITABERABA,70,140548,1314384,75662,ATAC. M13725 6MM POLIESTER COR 114,100CM,15897391,648,135234,15890454ARG202022,06/07/2026,31/08/2026,34,,31/08/26,,,,#N/A,1314384,FILA,
2105,OK,DASS ITABERABA,70,140548,1314384,75662,ATAC. M13725 6MM POLIESTER COR 114,100CM,15897391,552,135234,15889179BRITB00544,06/07/2026,31/08/2026,34,,31/08/26,,,,#N/A,1314384,FILA,
2106,OK,DASS ITABERABA,70,140548,1314384,75662,ATAC. M13725 6MM POLIESTER COR 114,100CM,15897391,600,135234,15889180BRITB00544,06/07/2026,31/08/2026,34,,31/08/26,,,,#N/A,1314384,FILA,
2107,OK,DASS ITABERABA,70,140548,1314384,75662,ATAC. M13725 6MM POLIESTER COR 114,100CM,15897391,492,135234,15889181BRITB00544,06/07/2026,31/08/2026,34,,31/08/26,,,,#N/A,1314384,FILA,
2108,OK,DASS ITABERABA,70,140548,1314384,75662,ATAC. M13725 6MM POLIESTER COR 114,100CM,15897391,516,135234,15889182BRITB00544,06/07/2026,31/08/2026,34,,31/08/26,,,,#N/A,1314384,FILA,
2433,OK,DASS SANTO ANTONIO,1526,140522,1294817,87843,ATAC. M10110 5MM POLIESTER COR 599 / COR 114,115CM,15888301,540,135197,15884404BRSA001872,06/07/2026,31/08/2026,34,,31/08/26,,,,#N/A,1294817,FILA,
2434,OK,DASS SANTO ANTONIO,1526,140522,1294817,87843,ATAC. M10110 5MM POLIESTER COR 599 / COR 114,125CM,15888301,84,135197,15884404BRSA001872,06/07/2026,31/08/2026,34,,31/08/26,,,,#N/A,1294817,FILA,
2440,OK,DASS SANTO ANTONIO,1526,140525,738316,1053,ELAST. MTM POLIESTER COR 100,6MM,15888286,2259,135200,0,06/07/2026,31/08/2026,34,,31/08/26,,,,#N/A,738316,FILA,
2441,OK,DASS SANTO ANTONIO,1526,140525,1362716,83202,ELAST. MTM POLIESTER COR 334,6MM,15888286,1112,135200,0,06/07/2026,31/08/2026,34,,31/08/26,,,,#N/A,1362716,FILA,
2223,OK,DASS ITABERABA,70,141194,1425019,74014,FITA MFGP C/ GOMA POLIESTER COR 4085,15MM,15971253,500,135869,0,24/07/2026,02/09/2026,36,,02/09/26,,,,#N/A,1425019,ASICS,NORMAL
2224,OK,DASS ITABERABA,70,141195,1229356,84194,ATAC. M13741 6MM POLIESTER BRILHANTE COR 4085/BT,130CM,15971259,193,135870,15966119ASB0052978,24/07/2026,02/09/2026,36,,02/09/26,,,,#N/A,1229356,ASICS,NORMAL
2225,OK,DASS ITABERABA,70,141195,1229356,84194,ATAC. M13741 6MM POLIESTER BRILHANTE COR 4085/BT,140CM,15971259,192,135870,15966119ASB0052978,24/07/2026,02/09/2026,36,,02/09/26,,,,#N/A,1229356,ASICS,NORMAL
2226,OK,DASS ITABERABA,70,141195,1259764,84785,ATAC. M13741 6MM POLIESTER COR 5461/BT,130CM,15971259,488,135870,15966148ASB0052979,24/07/2026,02/09/2026,36,,02/09/26,,,,#N/A,1259764,ASICS,NORMAL
2227,OK,DASS ITABERABA,70,141195,1259764,84785,ATAC. M13741 6MM POLIESTER COR 5461/BT,140CM,15971259,253,135870,15966148ASB0052979,24/07/2026,02/09/2026,36,,02/09/26,,,,#N/A,1259764,ASICS,NORMAL
2228,OK,DASS ITABERABA,70,141195,1229330,84206,ATAC. M18006 POLIESTER COR 4085,110CM,15971259,726,135870,15966173ASB0053016,24/07/2026,02/09/2026,36,,02/09/26,,,,#N/A,1229330,ASICS,NORMAL
2229,OK,DASS ITABERABA,70,141195,1229330,84206,ATAC. M18006 POLIESTER COR 4085,120CM,15971259,964,135870,15966166ASB0052994,24/07/2026,02/09/2026,36,,02/09/26,,,,#N/A,1229330,ASICS,NORMAL
2230,OK,DASS ITABERABA,70,141195,1229330,84206,ATAC. M18006 POLIESTER COR 4085,120CM,15971259,410,135870,15966173ASB0053016,24/07/2026,02/09/2026,36,,02/09/26,,,,#N/A,1229330,ASICS,NORMAL
2231,OK,DASS ITABERABA,70,141195,1229330,84206,ATAC. M18006 POLIESTER COR 4085,130CM,15971259,346,135870,15966166ASB0052994,24/07/2026,02/09/2026,36,,02/09/26,,,,#N/A,1229330,ASICS,NORMAL
2232,OK,DASS ITABERABA,70,141195,1231865,85476,ATAC. M22037 6MM REFLEX COR 4085/1,130CM,15971259,605,135870,15966121ASB0053035,24/07/2026,02/09/2026,36,,02/09/26,,,,#N/A,1231865,ASICS,NORMAL
2233,OK,DASS ITABERABA,70,141195,1231865,85476,ATAC. M22037 6MM REFLEX COR 4085/1,130CM,15971259,621,135870,15966122ASB0053035,24/07/2026,02/09/2026,36,,02/09/26,,,,#N/A,1231865,ASICS,NORMAL
2234,OK,DASS ITABERABA,70,141195,1231865,85476,ATAC. M22037 6MM REFLEX COR 4085/1,140CM,15971259,192,135870,15966121ASB0053035,24/07/2026,02/09/2026,36,,02/09/26,,,,#N/A,1231865,ASICS,NORMAL
2235,OK,DASS ITABERABA,70,141195,1231865,85476,ATAC. M22037 6MM REFLEX COR 4085/1,140CM,15971259,228,135870,15966122ASB0053035,24/07/2026,02/09/2026,36,,02/09/26,,,,#N/A,1231865,ASICS,NORMAL
2236,OK,DASS ITABERABA,70,141195,1365482,91133,ATAC. M22037 6MM REFLEX COR 5711,130CM,15971259,1145,135870,15966123ASB0053036,24/07/2026,02/09/2026,36,,02/09/26,,,,#N/A,1365482,ASICS,NORMAL
2237,OK,DASS ITABERABA,70,141195,1365482,91133,ATAC. M22037 6MM REFLEX COR 5711,140CM,15971259,328,135870,15966123ASB0053036,24/07/2026,02/09/2026,36,,02/09/26,,,,#N/A,1365482,ASICS,NORMAL
2238,OK,DASS ITABERABA,70,141195,1392977,94773,ATAC. M22037 6MM REFLEX COR 6127/1,130CM,15971259,779,135870,15966124ASB0053038,24/07/2026,02/09/2026,36,,02/09/26,,,,#N/A,1392977,ASICS,NORMAL
2239,OK,DASS ITABERABA,70,141195,1392977,94773,ATAC. M22037 6MM REFLEX COR 6127/1,140CM,15971259,346,135870,15966124ASB0053038,24/07/2026,02/09/2026,36,,02/09/26,,,,#N/A,1392977,ASICS,NORMAL
2240,OK,DASS ITABERABA,70,141195,1313035,87706,ATAC. 6AL 6MM POLIESTER COR 987,130CM,15971259,326,135870,15966164ASB0053047,24/07/2026,02/09/2026,36,,02/09/26,,,,#N/A,1313035,ASICS,NORMAL
2241,OK,DASS ITABERABA,70,141195,1313035,87706,ATAC. 6AL 6MM POLIESTER COR 987,140CM,15971259,95,135870,15966164ASB0053047,24/07/2026,02/09/2026,36,,02/09/26,,,,#N/A,1313035,ASICS,NORMAL
2242,OK,DASS ITABERABA,70,141195,980687,84269,ATAC. M12109 8MM POLIESTER COR 987,120CM,15971259,559,135870,15966147ASB0053050,24/07/2026,02/09/2026,36,,02/09/26,,,,#N/A,980687,ASICS,NORMAL
2243,OK,DASS ITABERABA,70,141195,980687,84269,ATAC. M12109 8MM POLIESTER COR 987,130CM,15971259,457,135870,15966145ASB0053030,24/07/2026,02/09/2026,36,,02/09/26,,,,#N/A,980687,ASICS,NORMAL
2244,OK,DASS ITABERABA,70,141195,1365268,90989,ATAC. M12109 8MM POLIESTER COR 4085,120CM,15971259,187,135870,15966146ASB0053049,24/07/2026,02/09/2026,36,,02/09/26,,,,#N/A,1365268,ASICS,NORMAL
2245,OK,DASS ITABERABA,70,141195,1365268,90989,ATAC. M12109 8MM POLIESTER COR 4085,130CM,15971259,717,135870,15966144ASB0053028,24/07/2026,02/09/2026,36,,02/09/26,,,,#N/A,1365268,ASICS,NORMAL
2246,OK,DASS ITABERABA,70,141195,1365268,90989,ATAC. M12109 8MM POLIESTER COR 4085,130CM,15971259,186,135870,15966146ASB0053049,24/07/2026,02/09/2026,36,,02/09/26,,,,#N/A,1365268,ASICS,NORMAL
2247,OK,DASS ITABERABA,70,141196,1400176,93022,CORDAO M9099 POLIESTER COR 4085,1.8MM,15971263,1200,135871,0,24/07/2026,02/09/2026,36,,02/09/26,,,,#N/A,1400176,ASICS,NORMAL
2379,OK,DASS VITORIA,391,140947,827533,95643,ATAC. M13801 POLIESTER COR 100,110CM,15939328,288,135634,15936850BRI010403-,17/07/2026,02/09/2026,36,,02/09/26,,,,#N/A,827533,UMBRO,CONTA E ORDEM VITÓRIA X ITABERABA
2380,OK,DASS VITORIA,391,140947,827533,95643,ATAC. M13801 POLIESTER COR 100,110CM,15939328,288,135634,15936851BRI010403-,17/07/2026,02/09/2026,36,,02/09/26,,,,#N/A,827533,UMBRO,CONTA E ORDEM VITÓRIA X ITABERABA
2381,OK,DASS VITORIA,391,140947,827533,95643,ATAC. M13801 POLIESTER COR 100,110CM,15939328,288,135634,15936853BRI010404-,17/07/2026,02/09/2026,36,,02/09/26,,,,#N/A,827533,UMBRO,CONTA E ORDEM VITÓRIA X ITABERABA
2382,OK,DASS VITORIA,391,140947,827533,95643,ATAC. M13801 POLIESTER COR 100,110CM,15939328,288,135634,15936854BRI010404-,17/07/2026,02/09/2026,36,,02/09/26,,,,#N/A,827533,UMBRO,CONTA E ORDEM VITÓRIA X ITABERABA
2383,OK,DASS VITORIA,391,140947,827533,95643,ATAC. M13801 POLIESTER COR 100,110CM,15939328,276,135634,15936856BRI010405-,17/07/2026,02/09/2026,36,,02/09/26,,,,#N/A,827533,UMBRO,CONTA E ORDEM VITÓRIA X ITABERABA
2384,OK,DASS VITORIA,391,140947,827533,95643,ATAC. M13801 POLIESTER COR 100,110CM,15939328,288,135634,15936858BRI010405-,17/07/2026,02/09/2026,36,,02/09/26,,,,#N/A,827533,UMBRO,CONTA E ORDEM VITÓRIA X ITABERABA
2385,OK,DASS VITORIA,391,140947,827533,95643,ATAC. M13801 POLIESTER COR 100,120CM,15939328,468,135634,15936850BRI010403-,17/07/2026,02/09/2026,36,,02/09/26,,,,#N/A,827533,UMBRO,CONTA E ORDEM VITÓRIA X ITABERABA
2386,OK,DASS VITORIA,391,140947,827533,95643,ATAC. M13801 POLIESTER COR 100,120CM,15939328,504,135634,15936851BRI010403-,17/07/2026,02/09/2026,36,,02/09/26,,,,#N/A,827533,UMBRO,CONTA E ORDEM VITÓRIA X ITABERABA
2387,OK,DASS VITORIA,391,140947,827533,95643,ATAC. M13801 POLIESTER COR 100,120CM,15939328,456,135634,15936853BRI010404-,17/07/2026,02/09/2026,36,,02/09/26,,,,#N/A,827533,UMBRO,CONTA E ORDEM VITÓRIA X ITABERABA
2388,OK,DASS VITORIA,391,140947,827533,95643,ATAC. M13801 POLIESTER COR 100,120CM,15939328,492,135634,15936854BRI010404-,17/07/2026,02/09/2026,36,,02/09/26,,,,#N/A,827533,UMBRO,CONTA E ORDEM VITÓRIA X ITABERABA
2389,OK,DASS VITORIA,391,140947,827533,95643,ATAC. M13801 POLIESTER COR 100,120CM,15939328,456,135634,15936856BRI010405-,17/07/2026,02/09/2026,36,,02/09/26,,,,#N/A,827533,UMBRO,CONTA E ORDEM VITÓRIA X ITABERABA
2390,OK,DASS VITORIA,391,140947,827533,95643,ATAC. M13801 POLIESTER COR 100,120CM,15939328,492,135634,15936858BRI010405-,17/07/2026,02/09/2026,36,,02/09/26,,,,#N/A,827533,UMBRO,CONTA E ORDEM VITÓRIA X ITABERABA
2391,OK,DASS VITORIA,391,140947,827530,95644,ATAC. M13801 POLIESTER COR 102,120CM,15939328,324,135634,15936818BRI010395,17/07/2026,02/09/2026,36,,02/09/26,,,,#N/A,827530,UMBRO,CONTA E ORDEM VITÓRIA X ITABERABA
2392,OK,DASS VITORIA,391,140947,827530,95644,ATAC. M13801 POLIESTER COR 102,130CM,15939328,696,135634,15936818BRI010395,17/07/2026,02/09/2026,36,,02/09/26,,,,#N/A,827530,UMBRO,CONTA E ORDEM VITÓRIA X ITABERABA
2393,OK,DASS VITORIA,391,140947,1328498,95645,ATAC. M13801 POLIESTER COR 058,120CM,15939328,324,135634,15936893BRI010399-,17/07/2026,02/09/2026,36,,02/09/26,,,,#N/A,1328498,UMBRO,CONTA E ORDEM VITÓRIA X ITABERABA
2394,OK,DASS VITORIA,391,140947,1328498,95645,ATAC. M13801 POLIESTER COR 058,120CM,15939328,324,135634,15936895BRI010399-,17/07/2026,02/09/2026,36,,02/09/26,,,,#N/A,1328498,UMBRO,CONTA E ORDEM VITÓRIA X ITABERABA
2395,OK,DASS VITORIA,391,140947,1328498,95645,ATAC. M13801 POLIESTER COR 058,130CM,15939328,444,135634,15936893BRI010399-,17/07/2026,02/09/2026,36,,02/09/26,,,,#N/A,1328498,UMBRO,CONTA E ORDEM VITÓRIA X ITABERABA
2396,OK,DASS VITORIA,391,140947,1328498,95645,ATAC. M13801 POLIESTER COR 058,130CM,15939328,456,135634,15936895BRI010399-,17/07/2026,02/09/2026,36,,02/09/26,,,,#N/A,1328498,UMBRO,CONTA E ORDEM VITÓRIA X ITABERABA
208,OK,DASS SEST,7,139282,1278311,86418,ATAC. MR140014 6MM RECICLADO COR 4662/PET,100CM,15775198,144,133902,15773825NBR3282885,02/06/2026,08/09/2026,42,REPROG.,07/09/26,,08/09/2026,,#N/A,1278311,NIKE,
209,OK,DASS SEST,7,139282,1278311,86418,ATAC. MR140014 6MM RECICLADO COR 4662/PET,100CM,15775198,144,133902,15773827NBR3282885,02/06/2026,08/09/2026,42,REPROG.,07/09/26,,08/09/2026,,#N/A,1278311,NIKE,
210,OK,DASS SEST,7,139282,1278311,86418,ATAC. MR140014 6MM RECICLADO COR 4662/PET,105CM,15775198,963,133902,15773825NBR3282885,02/06/2026,08/09/2026,42,REPROG.,07/09/26,,08/09/2026,,#N/A,1278311,NIKE,
211,OK,DASS SEST,7,139282,1278311,86418,ATAC. MR140014 6MM RECICLADO COR 4662/PET,105CM,15775198,1014,133902,15773827NBR3282885,02/06/2026,08/09/2026,42,REPROG.,07/09/26,,08/09/2026,,#N/A,1278311,NIKE,
212,OK,DASS SEST,7,139282,1278311,86418,ATAC. MR140014 6MM RECICLADO COR 4662/PET,110CM,15775198,60,133902,15773825NBR3282885,02/06/2026,08/09/2026,42,REPROG.,07/09/26,,08/09/2026,,#N/A,1278311,NIKE,
213,OK,DASS SEST,7,139282,1278311,86418,ATAC. MR140014 6MM RECICLADO COR 4662/PET,110CM,15775198,60,133902,15773827NBR3282885,02/06/2026,08/09/2026,42,REPROG.,07/09/26,,08/09/2026,,#N/A,1278311,NIKE,
214,OK,DASS SEST,7,139282,1360726,95705,ATAC. MR140014 6MM RECICLADO COR 057/PET,105CM,15775198,168,133902,15773834NBR3282918,02/06/2026,08/09/2026,42,REPROG.,07/09/26,,08/09/2026,,#N/A,1360726,NIKE,
215,OK,DASS SEST,7,139282,1360726,95705,ATAC. MR140014 6MM RECICLADO COR 057/PET,105CM,15775198,210,133902,15773835NBR3282918,02/06/2026,08/09/2026,42,REPROG.,07/09/26,,08/09/2026,,#N/A,1360726,NIKE,
216,OK,DASS SEST,7,139282,1360726,95705,ATAC. MR140014 6MM RECICLADO COR 057/PET,110CM,15775198,542,133902,15773834NBR3282918,02/06/2026,08/09/2026,42,REPROG.,07/09/26,,08/09/2026,,#N/A,1360726,NIKE,
217,OK,DASS SEST,7,139282,1360726,95705,ATAC. MR140014 6MM RECICLADO COR 057/PET,110CM,15775198,534,133902,15773835NBR3282918,02/06/2026,08/09/2026,42,REPROG.,07/09/26,,08/09/2026,,#N/A,1360726,NIKE,
218,OK,DASS SEST,7,139282,1360726,95705,ATAC. MR140014 6MM RECICLADO COR 057/PET,115CM,15775198,204,133902,15773834NBR3282918,02/06/2026,08/09/2026,42,REPROG.,07/09/26,,08/09/2026,,#N/A,1360726,NIKE,
219,OK,DASS SEST,7,139282,1360726,95705,ATAC. MR140014 6MM RECICLADO COR 057/PET,115CM,15775198,228,133902,15773835NBR3282918,02/06/2026,08/09/2026,42,REPROG.,07/09/26,,08/09/2026,,#N/A,1360726,NIKE,
290,OK,DASS SEST,7,139574,1299257,86978,ATAC. MR130027 6MM RECICLADO COR 4085/PET,100CM,15816414,192,134325,15815477NBR3282905,11/06/2026,08/09/2026,42,REPROG.,07/09/26,,08/09/2026,,#N/A,1299257,NIKE,
291,OK,DASS SEST,7,139574,1299257,86978,ATAC. MR130027 6MM RECICLADO COR 4085/PET,100CM,15816414,241,134325,15815478NBR3282905,11/06/2026,08/09/2026,42,REPROG.,07/09/26,,08/09/2026,,#N/A,1299257,NIKE,
292,OK,DASS SEST,7,139574,1299257,86978,ATAC. MR130027 6MM RECICLADO COR 4085/PET,105CM,15816414,658,134325,15815477NBR3282905,11/06/2026,08/09/2026,42,REPROG.,07/09/26,,08/09/2026,,#N/A,1299257,NIKE,
293,OK,DASS SEST,7,139574,1299257,86978,ATAC. MR130027 6MM RECICLADO COR 4085/PET,105CM,15816414,673,134325,15815478NBR3282905,11/06/2026,08/09/2026,42,REPROG.,07/09/26,,08/09/2026,,#N/A,1299257,NIKE,
294,OK,DASS SEST,7,139574,1299257,86978,ATAC. MR130027 6MM RECICLADO COR 4085/PET,110CM,15816414,180,134325,15815477NBR3282905,11/06/2026,08/09/2026,42,REPROG.,07/09/26,,08/09/2026,,#N/A,1299257,NIKE,
295,OK,DASS SEST,7,139574,1299257,86978,ATAC. MR130027 6MM RECICLADO COR 4085/PET,110CM,15816414,204,134325,15815478NBR3282905,11/06/2026,08/09/2026,42,REPROG.,07/09/26,,08/09/2026,,#N/A,1299257,NIKE,
296,OK,DASS SEST,7,139574,1301800,88695,ATAC. MR130027 6MM RECICLADO COR 4662/PET,95CM,15816414,427,134325,15815491NBR3282847,11/06/2026,08/09/2026,42,REPROG.,07/09/26,,08/09/2026,,#N/A,1301800,NIKE,
297,OK,DASS SEST,7,139574,1301800,88695,ATAC. MR130027 6MM RECICLADO COR 4662/PET,100CM,15816414,538,134325,15815491NBR3282847,11/06/2026,08/09/2026,42,REPROG.,07/09/26,,08/09/2026,,#N/A,1301800,NIKE,
298,OK,DASS SEST,7,139574,1301800,88695,ATAC. MR130027 6MM RECICLADO COR 4662/PET,100CM,15816414,256,134325,15815497NBR3282893,11/06/2026,08/09/2026,42,REPROG.,07/09/26,,08/09/2026,,#N/A,1301800,NIKE,
299,OK,DASS SEST,7,139574,1301800,88695,ATAC. MR130027 6MM RECICLADO COR 4662/PET,105CM,15816414,61,134325,15815491NBR3282847,11/06/2026,08/09/2026,42,REPROG.,07/09/26,,08/09/2026,,#N/A,1301800,NIKE,
300,OK,DASS SEST,7,139574,1301800,88695,ATAC. MR130027 6MM RECICLADO COR 4662/PET,105CM,15816414,788,134325,15815497NBR3282893,11/06/2026,08/09/2026,42,REPROG.,07/09/26,,08/09/2026,,#N/A,1301800,NIKE,
301,OK,DASS SEST,7,139574,1301800,88695,ATAC. MR130027 6MM RECICLADO COR 4662/PET,110CM,15816414,231,134325,15815497NBR3282893,11/06/2026,08/09/2026,42,REPROG.,07/09/26,,08/09/2026,,#N/A,1301800,NIKE,
352,OK,DASS SEST,7,139656,1188919,82628,ATAC. MR140014 6MM RECICLADO COR 4085/PET,100CM,15819910,12,134366,15818122NBR3283039,12/06/2026,08/09/2026,42,REPROG.,07/09/26,,08/09/2026,,#N/A,1188919,NIKE,
353,OK,DASS SEST,7,139656,1188919,82628,ATAC. MR140014 6MM RECICLADO COR 4085/PET,105CM,15819910,264,134366,15818122NBR3283039,12/06/2026,08/09/2026,42,REPROG.,07/09/26,,08/09/2026,,#N/A,1188919,NIKE,
354,OK,DASS SEST,7,139656,1188919,82628,ATAC. MR140014 6MM RECICLADO COR 4085/PET,105CM,15819910,276,134366,15818123NBR3283039,12/06/2026,08/09/2026,42,REPROG.,07/09/26,,08/09/2026,,#N/A,1188919,NIKE,
355,OK,DASS SEST,7,139656,1188919,82628,ATAC. MR140014 6MM RECICLADO COR 4085/PET,110CM,15819910,389,134366,15818122NBR3283039,12/06/2026,08/09/2026,42,REPROG.,07/09/26,,08/09/2026,,#N/A,1188919,NIKE,
356,OK,DASS SEST,7,139656,1188919,82628,ATAC. MR140014 6MM RECICLADO COR 4085/PET,110CM,15819910,413,134366,15818123NBR3283039,12/06/2026,08/09/2026,42,REPROG.,07/09/26,,08/09/2026,,#N/A,1188919,NIKE,
357,OK,DASS SEST,7,139656,1188919,82628,ATAC. MR140014 6MM RECICLADO COR 4085/PET,115CM,15819910,48,134366,15818122NBR3283039,12/06/2026,08/09/2026,42,REPROG.,07/09/26,,08/09/2026,,#N/A,1188919,NIKE,
358,OK,DASS SEST,7,139656,1188919,82628,ATAC. MR140014 6MM RECICLADO COR 4085/PET,115CM,15819910,55,134366,15818123NBR3283039,12/06/2026,08/09/2026,42,REPROG.,07/09/26,,08/09/2026,,#N/A,1188919,NIKE,
359,OK,DASS SEST,7,139656,1324864,88451,ATAC. MR140014 6MM RECICLADO COR 5687/PET,100CM,15819910,680,134366,15818134NBR3282902,12/06/2026,08/09/2026,42,REPROG.,07/09/26,,08/09/2026,,#N/A,1324864,NIKE,
360,OK,DASS SEST,7,139656,1324864,88451,ATAC. MR140014 6MM RECICLADO COR 5687/PET,105CM,15819910,340,134366,15818134NBR3282902,12/06/2026,08/09/2026,42,REPROG.,07/09/26,,08/09/2026,,#N/A,1324864,NIKE,
361,OK,DASS SEST,7,139657,1200469,74007,FITA M32164 C/ GOMA POLIESTER COR 4085,10MM,15820170,80,134367,0,12/06/2026,08/09/2026,42,REPROG.,07/09/26,,08/09/2026,,#N/A,1200469,NIKE,
362,OK,DASS SEST,7,139657,1247438,83739,FITA M32164 C/ GOMA POLIESTER COR 4662,10MM,15820170,140,134367,0,12/06/2026,08/09/2026,42,REPROG.,07/09/26,,08/09/2026,,#N/A,1247438,NIKE,
431,OK,DASS SEST,7,139935,1353470,92963,FITA M31119 C/ GOMA POLIESTER COR 102 / COR 100 / COR 100,16MM,15849663,430,134611,0,22/06/2026,08/09/2026,42,REPROG.,07/09/26,,08/09/2026,,#N/A,1353470,FILA,
432,OK,DASS SEST,7,139935,1416908,95301,FITA M31119 C/ GOMA POLIESTER COR 6038 / COR 5508 / COR 5508,16MM,15849663,180,134611,0,22/06/2026,08/09/2026,42,REPROG.,07/09/2026,,08/09/2026,,#N/A,1416908,FILA,
433,OK,DASS SEST,7,139935,1416741,95302,FITA M31119 C/ GOMA POLIESTER COR 102 / COR 5508 / COR 5508,16MM,15849663,210,134611,0,22/06/2026,08/09/2026,42,REPROG.,07/09/2026,,08/09/2026,,#N/A,1416741,FILA,
434,OK,DASS SEST,7,139935,1353472,95487,FITA M31119 C/ GOMA POLIESTER COR 5703 / COR 114 / COR 114,16MM,15849663,690,134611,0,22/06/2026,08/09/2026,42,REPROG.,07/09/2026,,08/09/2026,,#N/A,1353472,FILA,
435,OK,DASS SEST,7,139935,1416938,95491,FITA M31119 C/ GOMA POLIESTER COR 6001 / COR 5508 / COR 5508,16MM,15849663,810,134611,0,22/06/2026,08/09/2026,42,REPROG.,07/09/2026,,08/09/2026,,#N/A,1416938,FILA,
436,OK,DASS SEST,7,139936,1423776,95488,ATAC. M60132 ALPINA COR 2000,135CM,15849681,528,134612,15845708BR314794-A,22/06/2026,08/09/2026,42,REPROG.,07/09/2026,,08/09/2026,,#N/A,1423776,FILA,
437,OK,DASS SEST,7,139936,1423776,95488,ATAC. M60132 ALPINA COR 2000,145CM,15849681,336,134612,15845708BR314794-A,22/06/2026,08/09/2026,42,REPROG.,07/09/2026,,08/09/2026,,#N/A,1423776,FILA,
551,OK,DASS SEST,7,140097,1220520,82624,FITA MR100037 C/ GOMA RECICLADO COR 100/PET,18MM,15856467,410,134786,0,25/06/2026,08/09/2026,42,REPROG.,07/09/2026,,08/09/2026,,#N/A,1220520,NIKE,
552,OK,DASS SEST,7,140097,1359567,92356,FITA MR100005 C/ GOMA RECICLADO COR 5481/1PET,10MM,15856467,190,134786,0,25/06/2026,08/09/2026,42,REPROG.,07/09/2026,,08/09/2026,,#N/A,1359567,NIKE,
553,OK,DASS SEST,7,140098,1187785,74236,FITA MR100001 C/ GOMA RECICLADO COR 4662/PET,15MM,15859818,310,134787,0,25/06/2026,08/09/2026,42,REPROG.,07/09/2026,,08/09/2026,,#N/A,1187785,NIKE,
815,OK,DASS SEST,7,140128,1304277,88668,ATAC. MR110022 7MM RECICLADO COR 4085/PET / COR 496/PET,110CM,15855790,186,134819,15851096NBR3283017,25/06/2026,08/09/2026,42,REPROG.,07/09/2026,,08/09/2026,,#N/A,1304277,NIKE,
816,OK,DASS SEST,7,140128,1304277,88668,ATAC. MR110022 7MM RECICLADO COR 4085/PET / COR 496/PET,110CM,15855790,1112,134819,15851102NBR3283021,25/06/2026,08/09/2026,42,REPROG.,07/09/2026,,08/09/2026,,#N/A,1304277,NIKE,
817,OK,DASS SEST,7,140128,1304277,88668,ATAC. MR110022 7MM RECICLADO COR 4085/PET / COR 496/PET,110CM,15855790,228,134819,15851089NBR3283044,25/06/2026,08/09/2026,42,REPROG.,07/09/2026,,08/09/2026,,#N/A,1304277,NIKE,
818,OK,DASS SEST,7,140128,1304277,88668,ATAC. MR110022 7MM RECICLADO COR 4085/PET / COR 496/PET,110CM,15855790,216,134819,15851090NBR3283044,25/06/2026,08/09/2026,42,REPROG.,07/09/2026,,08/09/2026,,#N/A,1304277,NIKE,
819,OK,DASS SEST,7,140128,1304277,88668,ATAC. MR110022 7MM RECICLADO COR 4085/PET / COR 496/PET,110CM,15855790,240,134819,15851091NBR3283044,25/06/2026,08/09/2026,42,REPROG.,07/09/2026,,08/09/2026,,#N/A,1304277,NIKE,
820,OK,DASS SEST,7,140128,1304277,88668,ATAC. MR110022 7MM RECICLADO COR 4085/PET / COR 496/PET,115CM,15855790,650,134819,15851096NBR3283017,25/06/2026,08/09/2026,42,REPROG.,07/09/2026,,08/09/2026,,#N/A,1304277,NIKE,
821,OK,DASS SEST,7,140128,1304277,88668,ATAC. MR110022 7MM RECICLADO COR 4085/PET / COR 496/PET,115CM,15855790,18,134819,15851102NBR3283021,25/06/2026,08/09/2026,42,REPROG.,07/09/2026,,08/09/2026,,#N/A,1304277,NIKE,
822,OK,DASS SEST,7,140128,1304277,88668,ATAC. MR110022 7MM RECICLADO COR 4085/PET / COR 496/PET,115CM,15855790,573,134819,15851089NBR3283044,25/06/2026,08/09/2026,42,REPROG.,07/09/2026,,08/09/2026,,#N/A,1304277,NIKE,
823,OK,DASS SEST,7,140128,1304277,88668,ATAC. MR110022 7MM RECICLADO COR 4085/PET / COR 496/PET,115CM,15855790,552,134819,15851090NBR3283044,25/06/2026,08/09/2026,42,REPROG.,07/09/2026,,08/09/2026,,#N/A,1304277,NIKE,
824,OK,DASS SEST,7,140128,1304277,88668,ATAC. MR110022 7MM RECICLADO COR 4085/PET / COR 496/PET,115CM,15855790,570,134819,15851091NBR3283044,25/06/2026,08/09/2026,42,REPROG.,07/09/2026,,08/09/2026,,#N/A,1304277,NIKE,
825,OK,DASS SEST,7,140128,1304277,88668,ATAC. MR110022 7MM RECICLADO COR 4085/PET / COR 496/PET,120CM,15855790,174,134819,15851096NBR3283017,25/06/2026,08/09/2026,42,REPROG.,07/09/2026,,08/09/2026,,#N/A,1304277,NIKE,
826,OK,DASS SEST,7,140128,1304277,88668,ATAC. MR110022 7MM RECICLADO COR 4085/PET / COR 496/PET,120CM,15855790,168,134819,15851089NBR3283044,25/06/2026,08/09/2026,42,REPROG.,07/09/2026,,08/09/2026,,#N/A,1304277,NIKE,
827,OK,DASS SEST,7,140128,1304277,88668,ATAC. MR110022 7MM RECICLADO COR 4085/PET / COR 496/PET,120CM,15855790,168,134819,15851090NBR3283044,25/06/2026,08/09/2026,42,REPROG.,07/09/2026,,08/09/2026,,#N/A,1304277,NIKE,
828,OK,DASS SEST,7,140128,1304277,88668,ATAC. MR110022 7MM RECICLADO COR 4085/PET / COR 496/PET,120CM,15855790,192,134819,15851091NBR3283044,25/06/2026,08/09/2026,42,REPROG.,07/09/2026,,08/09/2026,,#N/A,1304277,NIKE,
829,OK,DASS SEST,7,140128,1362000,92431,ATAC. MR110022 7MM RECICLADO COR 4662/PET / COR 4758/PET,110CM,15855790,770,134819,15851105NBR3283011,25/06/2026,08/09/2026,42,REPROG.,07/09/2026,,08/09/2026,,#N/A,1362000,NIKE,
830,OK,DASS SEST,7,140128,1362000,92431,ATAC. MR110022 7MM RECICLADO COR 4662/PET / COR 4758/PET,110CM,15855790,822,134819,15851106NBR3283011,25/06/2026,08/09/2026,42,REPROG.,07/09/2026,,08/09/2026,,#N/A,1362000,NIKE,
831,OK,DASS SEST,7,140128,1362000,92431,ATAC. MR110022 7MM RECICLADO COR 4662/PET / COR 4758/PET,110CM,15855790,794,134819,15851107NBR3283012,25/06/2026,08/09/2026,42,REPROG.,07/09/2026,,08/09/2026,,#N/A,1362000,NIKE,
832,OK,DASS SEST,7,140128,1362000,92431,ATAC. MR110022 7MM RECICLADO COR 4662/PET / COR 4758/PET,110CM,15855790,828,134819,15851108NBR3283012,25/06/2026,08/09/2026,42,REPROG.,07/09/2026,,08/09/2026,,#N/A,1362000,NIKE,
833,OK,DASS SEST,7,140128,1362000,92431,ATAC. MR110022 7MM RECICLADO COR 4662/PET / COR 4758/PET,115CM,15855790,12,134819,15851105NBR3283011,25/06/2026,08/09/2026,42,REPROG.,07/09/2026,,08/09/2026,,#N/A,1362000,NIKE,
834,OK,DASS SEST,7,140128,1362000,92431,ATAC. MR110022 7MM RECICLADO COR 4662/PET / COR 4758/PET,115CM,15855790,24,134819,15851106NBR3283011,25/06/2026,08/09/2026,42,REPROG.,07/09/2026,,08/09/2026,,#N/A,1362000,NIKE,
835,OK,DASS SEST,7,140128,1362000,92431,ATAC. MR110022 7MM RECICLADO COR 4662/PET / COR 4758/PET,115CM,15855790,12,134819,15851107NBR3283012,25/06/2026,08/09/2026,42,REPROG.,07/09/2026,,08/09/2026,,#N/A,1362000,NIKE,
836,OK,DASS SEST,7,140128,1362000,92431,ATAC. MR110022 7MM RECICLADO COR 4662/PET / COR 4758/PET,115CM,15855790,24,134819,15851108NBR3283012,25/06/2026,08/09/2026,42,REPROG.,07/09/2026,,08/09/2026,,#N/A,1362000,NIKE,
837,OK,DASS SEST,7,140128,1413117,95026,ATAC. MR110022 7MM RECICLADO COR 6146/PET / COR 492/PET,110CM,15855790,222,134819,15851109NBR3283024,25/06/2026,08/09/2026,42,REPROG.,07/09/2026,,08/09/2026,,#N/A,1413117,NIKE,
838,OK,DASS SEST,7,140128,1413117,95026,ATAC. MR110022 7MM RECICLADO COR 6146/PET / COR 492/PET,115CM,15855790,668,134819,15851109NBR3283024,25/06/2026,08/09/2026,42,REPROG.,07/09/2026,,08/09/2026,,#N/A,1413117,NIKE,
839,OK,DASS SEST,7,140128,1413117,95026,ATAC. MR110022 7MM RECICLADO COR 6146/PET / COR 492/PET,120CM,15855790,120,134819,15851109NBR3283024,25/06/2026,08/09/2026,42,REPROG.,07/09/2026,,08/09/2026,,#N/A,1413117,NIKE,
840,OK,DASS SEST,7,140128,1424201,95897,ATAC. MR110022 7MM RECICLADO COR 4662/PET / COR 4638/PET,110CM,15855790,1040,134819,15851128NBR3283013,25/06/2026,08/09/2026,42,REPROG.,07/09/2026,,08/09/2026,,#N/A,1424201,NIKE,
841,OK,DASS SEST,7,140128,1424201,95897,ATAC. MR110022 7MM RECICLADO COR 4662/PET / COR 4638/PET,115CM,15855790,6,134819,15851128NBR3283013,25/06/2026,08/09/2026,42,REPROG.,07/09/2026,,08/09/2026,,#N/A,1424201,NIKE,
842,OK,DASS SEST,7,140128,1424203,95899,ATAC. MR110022 7MM RECICLADO COR 4085/PET / COR 422/PET,110CM,15855790,992,134819,15851122NBR3282861,25/06/2026,08/09/2026,42,REPROG.,07/09/2026,,08/09/2026,,#N/A,1424203,NIKE,
843,OK,DASS SEST,7,140128,1424203,95899,ATAC. MR110022 7MM RECICLADO COR 4085/PET / COR 422/PET,110CM,15855790,806,134819,15851124NBR3282863,25/06/2026,08/09/2026,42,REPROG.,07/09/2026,,08/09/2026,,#N/A,1424203,NIKE,
844,OK,DASS SEST,7,140128,1424203,95899,ATAC. MR110022 7MM RECICLADO COR 4085/PET / COR 422/PET,110CM,15855790,888,134819,15851125NBR3282863,25/06/2026,08/09/2026,42,REPROG.,07/09/2026,,08/09/2026,,#N/A,1424203,NIKE,
845,OK,DASS SEST,7,140128,1424203,95899,ATAC. MR110022 7MM RECICLADO COR 4085/PET / COR 422/PET,115CM,15855790,18,134819,15851122NBR3282861,25/06/2026,08/09/2026,42,REPROG.,07/09/2026,,08/09/2026,,#N/A,1424203,NIKE,
846,OK,DASS SEST,7,140128,1424203,95899,ATAC. MR110022 7MM RECICLADO COR 4085/PET / COR 422/PET,115CM,15855790,30,134819,15851124NBR3282863,25/06/2026,08/09/2026,42,REPROG.,07/09/2026,,08/09/2026,,#N/A,1424203,NIKE,
847,OK,DASS SEST,7,140128,1424203,95899,ATAC. MR110022 7MM RECICLADO COR 4085/PET / COR 422/PET,115CM,15855790,24,134819,15851125NBR3282863,25/06/2026,08/09/2026,42,REPROG.,07/09/2026,,08/09/2026,,#N/A,1424203,NIKE,
848,OK,DASS SEST,7,140128,1424202,95901,ATAC. MR110022 7MM RECICLADO COR 298/PET / COR 5820/PET,110CM,15855790,842,134819,15851120NBR3283007,25/06/2026,08/09/2026,42,REPROG.,07/09/2026,,08/09/2026,,#N/A,1424202,NIKE,
849,OK,DASS SEST,7,140128,1424202,95901,ATAC. MR110022 7MM RECICLADO COR 298/PET / COR 5820/PET,110CM,15855790,900,134819,15851121NBR3283007,25/06/2026,08/09/2026,42,REPROG.,07/09/2026,,08/09/2026,,#N/A,1424202,NIKE,
850,OK,DASS SEST,7,140128,1424202,95901,ATAC. MR110022 7MM RECICLADO COR 298/PET / COR 5820/PET,115CM,15855790,36,134819,15851120NBR3283007,25/06/2026,08/09/2026,42,REPROG.,07/09/2026,,08/09/2026,,#N/A,1424202,NIKE,
851,OK,DASS SEST,7,140128,1424202,95901,ATAC. MR110022 7MM RECICLADO COR 298/PET / COR 5820/PET,115CM,15855790,36,134819,15851121NBR3283007,25/06/2026,08/09/2026,42,REPROG.,07/09/2026,,08/09/2026,,#N/A,1424202,NIKE,
1194,OK,DASS SEST,7,140194,1188919,82628,ATAC. MR140014 6MM RECICLADO COR 4085/PET,100CM,15872668,216,134944,15866738NBR3282999,26/06/2026,08/09/2026,42,REPROG.,07/09/2026,,08/09/2026,,#N/A,1188919,NIKE,
1195,OK,DASS SEST,7,140194,1188919,82628,ATAC. MR140014 6MM RECICLADO COR 4085/PET,100CM,15872668,216,134944,15866739NBR3282999,26/06/2026,08/09/2026,42,REPROG.,07/09/2026,,08/09/2026,,#N/A,1188919,NIKE,
1196,OK,DASS SEST,7,140194,1188919,82628,ATAC. MR140014 6MM RECICLADO COR 4085/PET,105CM,15872668,650,134944,15866738NBR3282999,26/06/2026,08/09/2026,42,REPROG.,07/09/2026,,08/09/2026,,#N/A,1188919,NIKE,
1197,OK,DASS SEST,7,140194,1188919,82628,ATAC. MR140014 6MM RECICLADO COR 4085/PET,105CM,15872668,666,134944,15866739NBR3282999,26/06/2026,08/09/2026,42,REPROG.,07/09/2026,,08/09/2026,,#N/A,1188919,NIKE,
1198,OK,DASS SEST,7,140194,1188919,82628,ATAC. MR140014 6MM RECICLADO COR 4085/PET,105CM,15872668,198,134944,15866714NBR3283077,26/06/2026,08/09/2026,42,REPROG.,07/09/2026,,08/09/2026,,#N/A,1188919,NIKE,
1199,OK,DASS SEST,7,140194,1188919,82628,ATAC. MR140014 6MM RECICLADO COR 4085/PET,105CM,15872668,108,134944,15866711NBR3283078,26/06/2026,08/09/2026,42,REPROG.,07/09/2026,,08/09/2026,,#N/A,1188919,NIKE,
1200,OK,DASS SEST,7,140194,1188919,82628,ATAC. MR140014 6MM RECICLADO COR 4085/PET,105CM,15872668,96,134944,15866712NBR3283078,26/06/2026,08/09/2026,42,REPROG.,07/09/2026,,08/09/2026,,#N/A,1188919,NIKE,
1201,OK,DASS SEST,7,140194,1188919,82628,ATAC. MR140014 6MM RECICLADO COR 4085/PET,110CM,15872668,6,134944,15866738NBR3282999,26/06/2026,08/09/2026,42,REPROG.,07/09/2026,,08/09/2026,,#N/A,1188919,NIKE,
1202,OK,DASS SEST,7,140194,1188919,82628,ATAC. MR140014 6MM RECICLADO COR 4085/PET,110CM,15872668,617,134944,15866714NBR3283077,26/06/2026,08/09/2026,42,REPROG.,07/09/2026,,08/09/2026,,#N/A,1188919,NIKE,
1203,OK,DASS SEST,7,140194,1188919,82628,ATAC. MR140014 6MM RECICLADO COR 4085/PET,110CM,15872668,699,134944,15866711NBR3283078,26/06/2026,08/09/2026,42,REPROG.,07/09/2026,,08/09/2026,,#N/A,1188919,NIKE,
1204,OK,DASS SEST,7,140194,1188919,82628,ATAC. MR140014 6MM RECICLADO COR 4085/PET,110CM,15872668,708,134944,15866712NBR3283078,26/06/2026,08/09/2026,42,REPROG.,07/09/2026,,08/09/2026,,#N/A,1188919,NIKE,
1205,OK,DASS SEST,7,140194,1188919,82628,ATAC. MR140014 6MM RECICLADO COR 4085/PET,115CM,15872668,186,134944,15866714NBR3283077,26/06/2026,08/09/2026,42,REPROG.,07/09/2026,,08/09/2026,,#N/A,1188919,NIKE,
1206,OK,DASS SEST,7,140194,1188919,82628,ATAC. MR140014 6MM RECICLADO COR 4085/PET,115CM,15872668,228,134944,15866711NBR3283078,26/06/2026,08/09/2026,42,REPROG.,07/09/2026,,08/09/2026,,#N/A,1188919,NIKE,
1207,OK,DASS SEST,7,140194,1188919,82628,ATAC. MR140014 6MM RECICLADO COR 4085/PET,115CM,15872668,252,134944,15866712NBR3283078,26/06/2026,08/09/2026,42,REPROG.,07/09/2026,,08/09/2026,,#N/A,1188919,NIKE,
1208,OK,DASS SEST,7,140194,1269460,85472,ATAC. MR140014 6MM RECICLADO COR 5481/PET,100CM,15872668,216,134944,15866743NBR3283001,26/06/2026,08/09/2026,42,REPROG.,07/09/2026,,08/09/2026,,#N/A,1269460,NIKE,
1209,OK,DASS SEST,7,140194,1269460,85472,ATAC. MR140014 6MM RECICLADO COR 5481/PET,100CM,15872668,240,134944,15866744NBR3283001,26/06/2026,08/09/2026,42,REPROG.,07/09/2026,,08/09/2026,,#N/A,1269460,NIKE,
1210,OK,DASS SEST,7,140194,1269460,85472,ATAC. MR140014 6MM RECICLADO COR 5481/PET,100CM,15872668,216,134944,15866745NBR3283002,26/06/2026,08/09/2026,42,REPROG.,07/09/2026,,08/09/2026,,#N/A,1269460,NIKE,
1211,OK,DASS SEST,7,140194,1269460,85472,ATAC. MR140014 6MM RECICLADO COR 5481/PET,100CM,15872668,240,134944,15866746NBR3283002,26/06/2026,08/09/2026,42,REPROG.,07/09/2026,,08/09/2026,,#N/A,1269460,NIKE,
1212,OK,DASS SEST,7,140194,1269460,85472,ATAC. MR140014 6MM RECICLADO COR 5481/PET,100CM,15872668,216,134944,15866747NBR3283003,26/06/2026,08/09/2026,42,REPROG.,07/09/2026,,08/09/2026,,#N/A,1269460,NIKE,
1213,OK,DASS SEST,7,140194,1269460,85472,ATAC. MR140014 6MM RECICLADO COR 5481/PET,100CM,15872668,240,134944,15866748NBR3283003,26/06/2026,08/09/2026,42,REPROG.,07/09/2026,,08/09/2026,,#N/A,1269460,NIKE,
1214,OK,DASS SEST,7,140194,1269460,85472,ATAC. MR140014 6MM RECICLADO COR 5481/PET,100CM,15872668,366,134944,15866749NBR3283005,26/06/2026,08/09/2026,42,REPROG.,07/09/2026,,08/09/2026,,#N/A,1269460,NIKE,
1215,OK,DASS SEST,7,140194,1269460,85472,ATAC. MR140014 6MM RECICLADO COR 5481/PET,100CM,15872668,216,134944,15866750NBR3283008,26/06/2026,08/09/2026,42,REPROG.,07/09/2026,,08/09/2026,,#N/A,1269460,NIKE,
1216,OK,DASS SEST,7,140194,1269460,85472,ATAC. MR140014 6MM RECICLADO COR 5481/PET,100CM,15872668,240,134944,15866751NBR3283008,26/06/2026,08/09/2026,42,REPROG.,07/09/2026,,08/09/2026,,#N/A,1269460,NIKE,
1217,OK,DASS SEST,7,140194,1269460,85472,ATAC. MR140014 6MM RECICLADO COR 5481/PET,105CM,15872668,783,134944,15866743NBR3283001,26/06/2026,08/09/2026,42,REPROG.,07/09/2026,,08/09/2026,,#N/A,1269460,NIKE,
1218,OK,DASS SEST,7,140194,1269460,85472,ATAC. MR140014 6MM RECICLADO COR 5481/PET,105CM,15872668,846,134944,15866744NBR3283001,26/06/2026,08/09/2026,42,REPROG.,07/09/2026,,08/09/2026,,#N/A,1269460,NIKE,
1219,OK,DASS SEST,7,140194,1269460,85472,ATAC. MR140014 6MM RECICLADO COR 5481/PET,105CM,15872668,783,134944,15866745NBR3283002,26/06/2026,08/09/2026,42,REPROG.,07/09/2026,,08/09/2026,,#N/A,1269460,NIKE,
1220,OK,DASS SEST,7,140194,1269460,85472,ATAC. MR140014 6MM RECICLADO COR 5481/PET,105CM,15872668,846,134944,15866746NBR3283002,26/06/2026,08/09/2026,42,REPROG.,07/09/2026,,08/09/2026,,#N/A,1269460,NIKE,
1221,OK,DASS SEST,7,140194,1269460,85472,ATAC. MR140014 6MM RECICLADO COR 5481/PET,105CM,15872668,783,134944,15866747NBR3283003,26/06/2026,08/09/2026,42,REPROG.,07/09/2026,,08/09/2026,,#N/A,1269460,NIKE,
1222,OK,DASS SEST,7,140194,1269460,85472,ATAC. MR140014 6MM RECICLADO COR 5481/PET,105CM,15872668,846,134944,15866748NBR3283003,26/06/2026,08/09/2026,42,REPROG.,07/09/2026,,08/09/2026,,#N/A,1269460,NIKE,
1223,OK,DASS SEST,7,140194,1269460,85472,ATAC. MR140014 6MM RECICLADO COR 5481/PET,105CM,15872668,1142,134944,15866749NBR3283005,26/06/2026,08/09/2026,42,REPROG.,07/09/2026,,08/09/2026,,#N/A,1269460,NIKE,
1224,OK,DASS SEST,7,140194,1269460,85472,ATAC. MR140014 6MM RECICLADO COR 5481/PET,105CM,15872668,783,134944,15866750NBR3283008,26/06/2026,08/09/2026,42,REPROG.,07/09/2026,,08/09/2026,,#N/A,1269460,NIKE,
1225,OK,DASS SEST,7,140194,1269460,85472,ATAC. MR140014 6MM RECICLADO COR 5481/PET,105CM,15872668,846,134944,15866751NBR3283008,26/06/2026,08/09/2026,42,REPROG.,07/09/2026,,08/09/2026,,#N/A,1269460,NIKE,
1226,OK,DASS SEST,7,140194,1269460,85472,ATAC. MR140014 6MM RECICLADO COR 5481/PET,110CM,15872668,18,134944,15866743NBR3283001,26/06/2026,08/09/2026,42,REPROG.,07/09/2026,,08/09/2026,,#N/A,1269460,NIKE,
1227,OK,DASS SEST,7,140194,1269460,85472,ATAC. MR140014 6MM RECICLADO COR 5481/PET,110CM,15872668,12,134944,15866744NBR3283001,26/06/2026,08/09/2026,42,REPROG.,07/09/2026,,08/09/2026,,#N/A,1269460,NIKE,
1228,OK,DASS SEST,7,140194,1269460,85472,ATAC. MR140014 6MM RECICLADO COR 5481/PET,110CM,15872668,18,134944,15866745NBR3283002,26/06/2026,08/09/2026,42,REPROG.,07/09/2026,,08/09/2026,,#N/A,1269460,NIKE,
1229,OK,DASS SEST,7,140194,1269460,85472,ATAC. MR140014 6MM RECICLADO COR 5481/PET,110CM,15872668,12,134944,15866746NBR3283002,26/06/2026,08/09/2026,42,REPROG.,07/09/2026,,08/09/2026,,#N/A,1269460,NIKE,
1230,OK,DASS SEST,7,140194,1269460,85472,ATAC. MR140014 6MM RECICLADO COR 5481/PET,110CM,15872668,18,134944,15866747NBR3283003,26/06/2026,08/09/2026,42,REPROG.,07/09/2026,,08/09/2026,,#N/A,1269460,NIKE,
1231,OK,DASS SEST,7,140194,1269460,85472,ATAC. MR140014 6MM RECICLADO COR 5481/PET,110CM,15872668,12,134944,15866748NBR3283003,26/06/2026,08/09/2026,42,REPROG.,07/09/2026,,08/09/2026,,#N/A,1269460,NIKE,
1232,OK,DASS SEST,7,140194,1269460,85472,ATAC. MR140014 6MM RECICLADO COR 5481/PET,110CM,15872668,30,134944,15866749NBR3283005,26/06/2026,08/09/2026,42,REPROG.,07/09/2026,,08/09/2026,,#N/A,1269460,NIKE,
1233,OK,DASS SEST,7,140194,1269460,85472,ATAC. MR140014 6MM RECICLADO COR 5481/PET,110CM,15872668,18,134944,15866750NBR3283008,26/06/2026,08/09/2026,42,REPROG.,07/09/2026,,08/09/2026,,#N/A,1269460,NIKE,
1234,OK,DASS SEST,7,140194,1269460,85472,ATAC. MR140014 6MM RECICLADO COR 5481/PET,110CM,15872668,12,134944,15866751NBR3283008,26/06/2026,08/09/2026,42,REPROG.,07/09/2026,,08/09/2026,,#N/A,1269460,NIKE,
1383,OK,DASS SEST,7,140289,1454466,95945,ATAC. MR140014 6MM RECICLADO COR 6248/PET,100CM,15874844,204,135011,15866734NBR3283062,30/06/2026,08/09/2026,42,REPROG.,07/09/2026,,08/09/2026,,#N/A,1454466,NIKE,
1384,OK,DASS SEST,7,140289,1454466,95945,ATAC. MR140014 6MM RECICLADO COR 6248/PET,100CM,15874844,234,135011,15866735NBR3283062,30/06/2026,08/09/2026,42,REPROG.,07/09/2026,,08/09/2026,,#N/A,1454466,NIKE,
1385,OK,DASS SEST,7,140289,1454466,95945,ATAC. MR140014 6MM RECICLADO COR 6248/PET,100CM,15874844,204,135011,15866736NBR3283072,30/06/2026,08/09/2026,42,REPROG.,07/09/2026,,08/09/2026,,#N/A,1454466,NIKE,
1386,OK,DASS SEST,7,140289,1454466,95945,ATAC. MR140014 6MM RECICLADO COR 6248/PET,100CM,15874844,240,135011,15866737NBR3283072,30/06/2026,08/09/2026,42,REPROG.,07/09/2026,,08/09/2026,,#N/A,1454466,NIKE,
1387,OK,DASS SEST,7,140289,1454466,95945,ATAC. MR140014 6MM RECICLADO COR 6248/PET,105CM,15874844,698,135011,15866734NBR3283062,30/06/2026,08/09/2026,42,REPROG.,07/09/2026,,08/09/2026,,#N/A,1454466,NIKE,
1388,OK,DASS SEST,7,140289,1454466,95945,ATAC. MR140014 6MM RECICLADO COR 6248/PET,105CM,15874844,744,135011,15866735NBR3283062,30/06/2026,08/09/2026,42,REPROG.,07/09/2026,,08/09/2026,,#N/A,1454466,NIKE,
1389,OK,DASS SEST,7,140289,1454466,95945,ATAC. MR140014 6MM RECICLADO COR 6248/PET,105CM,15874844,710,135011,15866736NBR3283072,30/06/2026,08/09/2026,42,REPROG.,07/09/2026,,08/09/2026,,#N/A,1454466,NIKE,
1390,OK,DASS SEST,7,140289,1454466,95945,ATAC. MR140014 6MM RECICLADO COR 6248/PET,105CM,15874844,744,135011,15866737NBR3283072,30/06/2026,08/09/2026,42,REPROG.,07/09/2026,,08/09/2026,,#N/A,1454466,NIKE,
1391,OK,DASS SEST,7,140289,1454466,95945,ATAC. MR140014 6MM RECICLADO COR 6248/PET,110CM,15874844,18,135011,15866734NBR3283062,30/06/2026,08/09/2026,42,REPROG.,07/09/2026,,08/09/2026,,#N/A,1454466,NIKE,
1392,OK,DASS SEST,7,140289,1454466,95945,ATAC. MR140014 6MM RECICLADO COR 6248/PET,110CM,15874844,18,135011,15866736NBR3283072,30/06/2026,08/09/2026,42,REPROG.,07/09/2026,,08/09/2026,,#N/A,1454466,NIKE,
1451,OK,DASS SEST,7,140576,1353470,92963,FITA M31119 C/ GOMA POLIESTER COR 102 / COR 100 / COR 100,16MM,15901018,140,135284,0,07/07/2026,08/09/2026,42,REPROG.,07/09/2026,,08/09/2026,,#N/A,1353470,FILA,
1478,OK,DASS SEST,7,140754,1299257,86978,ATAC. MR130027 6MM RECICLADO COR 4085/PET,110CM,15915178,240,135471,15903680NBR3283045,10/07/2026,08/09/2026,42,REPROG.,07/09/2026,,08/09/2026,,#N/A,1299257,NIKE,
1479,OK,DASS SEST,7,140754,1299257,86978,ATAC. MR130027 6MM RECICLADO COR 4085/PET,110CM,15915178,246,135471,15903681NBR3283045,10/07/2026,08/09/2026,42,REPROG.,07/09/2026,,08/09/2026,,#N/A,1299257,NIKE,
1480,OK,DASS SEST,7,140754,1299257,86978,ATAC. MR130027 6MM RECICLADO COR 4085/PET,110CM,15915178,240,135471,15903673NBR3283057,10/07/2026,08/09/2026,42,REPROG.,07/09/2026,,08/09/2026,,#N/A,1299257,NIKE,
1481,OK,DASS SEST,7,140754,1299257,86978,ATAC. MR130027 6MM RECICLADO COR 4085/PET,110CM,15915178,258,135471,15903674NBR3283057,10/07/2026,08/09/2026,42,REPROG.,07/09/2026,,08/09/2026,,#N/A,1299257,NIKE,
1482,OK,DASS SEST,7,140754,1299257,86978,ATAC. MR130027 6MM RECICLADO COR 4085/PET,115CM,15915178,687,135471,15903680NBR3283045,10/07/2026,08/09/2026,42,REPROG.,07/09/2026,,08/09/2026,,#N/A,1299257,NIKE,
1483,OK,DASS SEST,7,140754,1299257,86978,ATAC. MR130027 6MM RECICLADO COR 4085/PET,115CM,15915178,690,135471,15903681NBR3283045,10/07/2026,08/09/2026,42,REPROG.,07/09/2026,,08/09/2026,,#N/A,1299257,NIKE,
1484,OK,DASS SEST,7,140754,1299257,86978,ATAC. MR130027 6MM RECICLADO COR 4085/PET,115CM,15915178,687,135471,15903673NBR3283057,10/07/2026,08/09/2026,42,REPROG.,07/09/2026,,08/09/2026,,#N/A,1299257,NIKE,
1485,OK,DASS SEST,7,140754,1299257,86978,ATAC. MR130027 6MM RECICLADO COR 4085/PET,115CM,15915178,708,135471,15903674NBR3283057,10/07/2026,08/09/2026,42,REPROG.,07/09/2026,,08/09/2026,,#N/A,1299257,NIKE,
1486,OK,DASS SEST,7,140754,1299257,86978,ATAC. MR130027 6MM RECICLADO COR 4085/PET,120CM,15915178,108,135471,15903680NBR3283045,10/07/2026,08/09/2026,42,REPROG.,07/09/26,,08/09/2026,,#N/A,1299257,NIKE,
1487,OK,DASS SEST,7,140754,1299257,86978,ATAC. MR130027 6MM RECICLADO COR 4085/PET,120CM,15915178,120,135471,15903681NBR3283045,10/07/2026,08/09/2026,42,REPROG.,07/09/26,,08/09/2026,,#N/A,1299257,NIKE,
1488,OK,DASS SEST,7,140754,1299257,86978,ATAC. MR130027 6MM RECICLADO COR 4085/PET,120CM,15915178,90,135471,15903673NBR3283057,10/07/2026,08/09/2026,42,REPROG.,07/09/26,,08/09/2026,,#N/A,1299257,NIKE,
1489,OK,DASS SEST,7,140754,1299257,86978,ATAC. MR130027 6MM RECICLADO COR 4085/PET,120CM,15915178,84,135471,15903674NBR3283057,10/07/2026,08/09/2026,42,REPROG.,07/09/26,,08/09/2026,,#N/A,1299257,NIKE,
1490,OK,DASS SEST,7,140754,1301800,88695,ATAC. MR130027 6MM RECICLADO COR 4662/PET,105CM,15915178,480,135471,15903745NBR3282940,10/07/2026,08/09/2026,42,REPROG.,07/09/26,,08/09/2026,,#N/A,1301800,NIKE,
1491,OK,DASS SEST,7,140754,1301800,88695,ATAC. MR130027 6MM RECICLADO COR 4662/PET,110CM,15915178,192,135471,15903721NBR3282870,10/07/2026,08/09/2026,42,REPROG.,07/09/26,,08/09/2026,,#N/A,1301800,NIKE,
1492,OK,DASS SEST,7,140754,1301800,88695,ATAC. MR130027 6MM RECICLADO COR 4662/PET,110CM,15915178,192,135471,15903722NBR3282870,10/07/2026,08/09/2026,42,REPROG.,07/09/26,,08/09/2026,,#N/A,1301800,NIKE,
1493,OK,DASS SEST,7,140754,1301800,88695,ATAC. MR130027 6MM RECICLADO COR 4662/PET,110CM,15915178,515,135471,15903745NBR3282940,10/07/2026,08/09/2026,42,REPROG.,07/09/26,,08/09/2026,,#N/A,1301800,NIKE,
1494,OK,DASS SEST,7,140754,1301800,88695,ATAC. MR130027 6MM RECICLADO COR 4662/PET,115CM,15915178,518,135471,15903721NBR3282870,10/07/2026,08/09/2026,42,REPROG.,07/09/26,,08/09/2026,,#N/A,1301800,NIKE,
1495,OK,DASS SEST,7,140754,1301800,88695,ATAC. MR130027 6MM RECICLADO COR 4662/PET,115CM,15915178,546,135471,15903722NBR3282870,10/07/2026,08/09/2026,42,REPROG.,07/09/26,,08/09/2026,,#N/A,1301800,NIKE,
1496,OK,DASS SEST,7,140754,1301800,88695,ATAC. MR130027 6MM RECICLADO COR 4662/PET,115CM,15915178,6,135471,15903745NBR3282940,10/07/2026,08/09/2026,42,REPROG.,07/09/26,,08/09/2026,,#N/A,1301800,NIKE,
1497,OK,DASS SEST,7,140754,1301800,88695,ATAC. MR130027 6MM RECICLADO COR 4662/PET,120CM,15915178,66,135471,15903721NBR3282870,10/07/2026,08/09/2026,42,REPROG.,07/09/26,,08/09/2026,,#N/A,1301800,NIKE,
1498,OK,DASS SEST,7,140754,1301800,88695,ATAC. MR130027 6MM RECICLADO COR 4662/PET,120CM,15915178,72,135471,15903722NBR3282870,10/07/2026,08/09/2026,42,REPROG.,07/09/26,,08/09/2026,,#N/A,1301800,NIKE,
1752,OK,DASS SEST,7,140948,1027849,92568,ATAC. MR110012 8MM RECICLADO COR 4085/PET,110CM,15944084,504,135635,15941787NBR3283299,17/07/2026,08/09/2026,42,REPROG.,07/09/26,,08/09/2026,,#N/A,1027849,NIKE,
1753,OK,DASS SEST,7,140948,1027849,92568,ATAC. MR110012 8MM RECICLADO COR 4085/PET,110CM,15944084,510,135635,15941788NBR3283300,17/07/2026,08/09/2026,42,REPROG.,07/09/26,,08/09/2026,,#N/A,1027849,NIKE,
1754,OK,DASS SEST,7,140948,1027849,92568,ATAC. MR110012 8MM RECICLADO COR 4085/PET,115CM,15944084,674,135635,15941787NBR3283299,17/07/2026,08/09/2026,42,REPROG.,07/09/26,,08/09/2026,,#N/A,1027849,NIKE,
1755,OK,DASS SEST,7,140948,1027849,92568,ATAC. MR110012 8MM RECICLADO COR 4085/PET,115CM,15944084,674,135635,15941788NBR3283300,17/07/2026,08/09/2026,42,REPROG.,07/09/26,,08/09/2026,,#N/A,1027849,NIKE,
2248,OK,DASS ITABERABA,70,141197,1425019,74014,FITA MFGP C/ GOMA POLIESTER COR 4085,15MM,15971278,200,135872,0,24/07/2026,09/09/2026,43,,09/09/26,,,,#N/A,1425019,ASICS,NORMAL
2249,OK,DASS ITABERABA,70,141198,1229330,84206,ATAC. M18006 POLIESTER COR 4085,120CM,15971280,506,135873,15966165ASB0052991,24/07/2026,09/09/2026,43,,09/09/26,,,,#N/A,1229330,ASICS,NORMAL
2250,OK,DASS ITABERABA,70,141198,1229330,84206,ATAC. M18006 POLIESTER COR 4085,130CM,15971280,424,135873,15966165ASB0052991,24/07/2026,09/09/2026,43,,09/09/26,,,,#N/A,1229330,ASICS,NORMAL
2251,OK,DASS ITABERABA,70,141199,1400176,93022,CORDAO M9099 POLIESTER COR 4085,1.8MM,15971283,480,135874,0,24/07/2026,09/09/2026,43,,09/09/26,,,,#N/A,1400176,ASICS,NORMAL
2397,OK,DASS VITORIA,391,140949,827533,95643,ATAC. M13801 POLIESTER COR 100,110CM,15939351,468,135636,15936842BRI010400-,17/07/2026,09/09/2026,43,,09/09/26,,,,#N/A,827533,UMBRO,CONTA E ORDEM VITÓRIA X ITABERABA
2398,OK,DASS VITORIA,391,140949,827533,95643,ATAC. M13801 POLIESTER COR 100,110CM,15939351,468,135636,15936845BRI010400-,17/07/2026,09/09/2026,43,,09/09/26,,,,#N/A,827533,UMBRO,CONTA E ORDEM VITÓRIA X ITABERABA
2399,OK,DASS VITORIA,391,140949,827533,95643,ATAC. M13801 POLIESTER COR 100,110CM,15939351,348,135636,15936846BRI010401-,17/07/2026,09/09/2026,43,,09/09/26,,,,#N/A,827533,UMBRO,CONTA E ORDEM VITÓRIA X ITABERABA
2400,OK,DASS VITORIA,391,140949,827533,95643,ATAC. M13801 POLIESTER COR 100,110CM,15939351,360,135636,15936847BRI010401-,17/07/2026,09/09/2026,43,,09/09/26,,,,#N/A,827533,UMBRO,CONTA E ORDEM VITÓRIA X ITABERABA
2401,OK,DASS VITORIA,391,140949,827533,95643,ATAC. M13801 POLIESTER COR 100,110CM,15939351,288,135636,15936848BRI010402-,17/07/2026,09/09/2026,43,,09/09/26,,,,#N/A,827533,UMBRO,CONTA E ORDEM VITÓRIA X ITABERABA
2402,OK,DASS VITORIA,391,140949,827533,95643,ATAC. M13801 POLIESTER COR 100,110CM,15939351,288,135636,15936849BRI010402-,17/07/2026,09/09/2026,43,,09/09/26,,,,#N/A,827533,UMBRO,CONTA E ORDEM VITÓRIA X ITABERABA
2403,OK,DASS VITORIA,391,140949,827533,95643,ATAC. M13801 POLIESTER COR 100,120CM,15939351,600,135636,15936842BRI010400-,17/07/2026,09/09/2026,43,,09/09/26,,,,#N/A,827533,UMBRO,CONTA E ORDEM VITÓRIA X ITABERABA
2404,OK,DASS VITORIA,391,140949,827533,95643,ATAC. M13801 POLIESTER COR 100,120CM,15939351,600,135636,15936845BRI010400-,17/07/2026,09/09/2026,43,,09/09/26,,,,#N/A,827533,UMBRO,CONTA E ORDEM VITÓRIA X ITABERABA
2405,OK,DASS VITORIA,391,140949,827533,95643,ATAC. M13801 POLIESTER COR 100,120CM,15939351,528,135636,15936846BRI010401-,17/07/2026,09/09/2026,43,,09/09/26,,,,#N/A,827533,UMBRO,CONTA E ORDEM VITÓRIA X ITABERABA
2406,OK,DASS VITORIA,391,140949,827533,95643,ATAC. M13801 POLIESTER COR 100,120CM,15939351,576,135636,15936847BRI010401-,17/07/2026,09/09/2026,43,,09/09/26,,,,#N/A,827533,UMBRO,CONTA E ORDEM VITÓRIA X ITABERABA
2407,OK,DASS VITORIA,391,140949,827533,95643,ATAC. M13801 POLIESTER COR 100,120CM,15939351,468,135636,15936848BRI010402-,17/07/2026,09/09/2026,43,,09/09/26,,,,#N/A,827533,UMBRO,CONTA E ORDEM VITÓRIA X ITABERABA
2408,OK,DASS VITORIA,391,140949,827533,95643,ATAC. M13801 POLIESTER COR 100,120CM,15939351,504,135636,15936849BRI010402-,17/07/2026,09/09/2026,43,,09/09/26,,,,#N/A,827533,UMBRO,CONTA E ORDEM VITÓRIA X ITABERABA
220,OK,DASS SEST,7,139283,1278311,86418,ATAC. MR140014 6MM RECICLADO COR 4662/PET,100CM,15775199,192,133903,15773830NBR3282887,02/06/2026,14/09/2026,48,,14/09/26,,,,#N/A,1278311,NIKE,
221,OK,DASS SEST,7,139283,1278311,86418,ATAC. MR140014 6MM RECICLADO COR 4662/PET,100CM,15775199,192,133903,15773831NBR3282898,02/06/2026,14/09/2026,48,,14/09/26,,,,#N/A,1278311,NIKE,
222,OK,DASS SEST,7,139283,1278311,86418,ATAC. MR140014 6MM RECICLADO COR 4662/PET,105CM,15775199,1322,133903,15773830NBR3282887,02/06/2026,14/09/2026,48,,14/09/26,,,,#N/A,1278311,NIKE,
223,OK,DASS SEST,7,139283,1278311,86418,ATAC. MR140014 6MM RECICLADO COR 4662/PET,105CM,15775199,1328,133903,15773831NBR3282898,02/06/2026,14/09/2026,48,,14/09/26,,,,#N/A,1278311,NIKE,
224,OK,DASS SEST,7,139283,1278311,86418,ATAC. MR140014 6MM RECICLADO COR 4662/PET,110CM,15775199,78,133903,15773830NBR3282887,02/06/2026,14/09/2026,48,,14/09/26,,,,#N/A,1278311,NIKE,
225,OK,DASS SEST,7,139283,1278311,86418,ATAC. MR140014 6MM RECICLADO COR 4662/PET,110CM,15775199,78,133903,15773831NBR3282898,02/06/2026,14/09/2026,48,,14/09/26,,,,#N/A,1278311,NIKE,
226,OK,DASS SEST,7,139283,1360726,95705,ATAC. MR140014 6MM RECICLADO COR 057/PET,105CM,15775199,168,133903,15773836NBR3282920,02/06/2026,14/09/2026,48,,14/09/26,,,,#N/A,1360726,NIKE,
227,OK,DASS SEST,7,139283,1360726,95705,ATAC. MR140014 6MM RECICLADO COR 057/PET,105CM,15775199,186,133903,15773837NBR3282920,02/06/2026,14/09/2026,48,,14/09/26,,,,#N/A,1360726,NIKE,
228,OK,DASS SEST,7,139283,1360726,95705,ATAC. MR140014 6MM RECICLADO COR 057/PET,110CM,15775199,500,133903,15773836NBR3282920,02/06/2026,14/09/2026,48,,14/09/26,,,,#N/A,1360726,NIKE,
229,OK,DASS SEST,7,139283,1360726,95705,ATAC. MR140014 6MM RECICLADO COR 057/PET,110CM,15775199,504,133903,15773837NBR3282920,02/06/2026,14/09/2026,48,,14/09/26,,,,#N/A,1360726,NIKE,
230,OK,DASS SEST,7,139283,1360726,95705,ATAC. MR140014 6MM RECICLADO COR 057/PET,115CM,15775199,192,133903,15773836NBR3282920,02/06/2026,14/09/2026,48,,14/09/26,,,,#N/A,1360726,NIKE,
231,OK,DASS SEST,7,139283,1360726,95705,ATAC. MR140014 6MM RECICLADO COR 057/PET,115CM,15775199,210,133903,15773837NBR3282920,02/06/2026,14/09/2026,48,,14/09/26,,,,#N/A,1360726,NIKE,
302,OK,DASS SEST,7,139575,1299257,86978,ATAC. MR130027 6MM RECICLADO COR 4085/PET,95CM,15816416,300,134326,15815487NBR3282850,11/06/2026,14/09/2026,48,,14/09/26,,,,#N/A,1299257,NIKE,
303,OK,DASS SEST,7,139575,1299257,86978,ATAC. MR130027 6MM RECICLADO COR 4085/PET,95CM,15816416,333,134326,15815488NBR3282850,11/06/2026,14/09/2026,48,,14/09/26,,,,#N/A,1299257,NIKE,
304,OK,DASS SEST,7,139575,1299257,86978,ATAC. MR130027 6MM RECICLADO COR 4085/PET,100CM,15816416,374,134326,15815487NBR3282850,11/06/2026,14/09/2026,48,,14/09/26,,,,#N/A,1299257,NIKE,
305,OK,DASS SEST,7,139575,1299257,86978,ATAC. MR130027 6MM RECICLADO COR 4085/PET,100CM,15816416,426,134326,15815488NBR3282850,11/06/2026,14/09/2026,48,,14/09/26,,,,#N/A,1299257,NIKE,
306,OK,DASS SEST,7,139575,1299257,86978,ATAC. MR130027 6MM RECICLADO COR 4085/PET,105CM,15816416,49,134326,15815487NBR3282850,11/06/2026,14/09/2026,48,,14/09/26,,,,#N/A,1299257,NIKE,
307,OK,DASS SEST,7,139575,1299257,86978,ATAC. MR130027 6MM RECICLADO COR 4085/PET,105CM,15816416,48,134326,15815488NBR3282850,11/06/2026,14/09/2026,48,,14/09/26,,,,#N/A,1299257,NIKE,
308,OK,DASS SEST,7,139575,1301800,88695,ATAC. MR130027 6MM RECICLADO COR 4662/PET,100CM,15816416,280,134326,15815498NBR3282903,11/06/2026,14/09/2026,48,,14/09/26,,,,#N/A,1301800,NIKE,
309,OK,DASS SEST,7,139575,1301800,88695,ATAC. MR130027 6MM RECICLADO COR 4662/PET,105CM,15816416,848,134326,15815498NBR3282903,11/06/2026,14/09/2026,48,,14/09/26,,,,#N/A,1301800,NIKE,
310,OK,DASS SEST,7,139575,1301800,88695,ATAC. MR130027 6MM RECICLADO COR 4662/PET,110CM,15816416,249,134326,15815498NBR3282903,11/06/2026,14/09/2026,48,,14/09/26,,,,#N/A,1301800,NIKE,
363,OK,DASS SEST,7,139658,1188919,82628,ATAC. MR140014 6MM RECICLADO COR 4085/PET,100CM,15819943,783,134368,15818126NBR3283019,12/06/2026,14/09/2026,48,,14/09/26,,,,#N/A,1188919,NIKE,
364,OK,DASS SEST,7,139658,1188919,82628,ATAC. MR140014 6MM RECICLADO COR 4085/PET,100CM,15819943,838,134368,15818127NBR3283019,12/06/2026,14/09/2026,48,,14/09/26,,,,#N/A,1188919,NIKE,
365,OK,DASS SEST,7,139658,1188919,82628,ATAC. MR140014 6MM RECICLADO COR 4085/PET,105CM,15819943,404,134368,15818126NBR3283019,12/06/2026,14/09/2026,48,,14/09/26,,,,#N/A,1188919,NIKE,
366,OK,DASS SEST,7,139658,1188919,82628,ATAC. MR140014 6MM RECICLADO COR 4085/PET,105CM,15819943,420,134368,15818127NBR3283019,12/06/2026,14/09/2026,48,,14/09/26,,,,#N/A,1188919,NIKE,
367,OK,DASS SEST,7,139658,1262674,86842,ATAC. MR140014 6MM RECICLADO COR 5552/PET,100CM,15819943,12,134368,15818131NBR3282888,12/06/2026,14/09/2026,48,,14/09/26,,,,#N/A,1262674,NIKE,
368,OK,DASS SEST,7,139658,1262674,86842,ATAC. MR140014 6MM RECICLADO COR 5552/PET,105CM,15819943,468,134368,15818131NBR3282888,12/06/2026,14/09/2026,48,,14/09/26,,,,#N/A,1262674,NIKE,
369,OK,DASS SEST,7,139658,1262674,86842,ATAC. MR140014 6MM RECICLADO COR 5552/PET,110CM,15819943,700,134368,15818131NBR3282888,12/06/2026,14/09/2026,48,,14/09/26,,,,#N/A,1262674,NIKE,
370,OK,DASS SEST,7,139658,1262674,86842,ATAC. MR140014 6MM RECICLADO COR 5552/PET,115CM,15819943,91,134368,15818131NBR3282888,12/06/2026,14/09/2026,48,,14/09/26,,,,#N/A,1262674,NIKE,
438,OK,DASS SEST,7,139937,1316829,87946,FITA M31119 C/ GOMA POLIESTER COR 100/ COR 5535/ COR 102,16MM,15849665,980,134613,0,22/06/2026,14/09/2026,48,,14/09/26,,,,#N/A,1316829,FILA,
439,OK,DASS SEST,7,139937,1320158,91407,FITA M31119 C/ GOMA POLIESTER COR 324 / COR 5508 / COR 5508,16MM,15849665,220,134613,0,22/06/2026,14/09/2026,48,,14/09/26,,,,#N/A,1320158,FILA,
440,OK,DASS SEST,7,139937,1416741,95302,FITA M31119 C/ GOMA POLIESTER COR 102 / COR 5508 / COR 5508,16MM,15849665,810,134613,0,22/06/2026,14/09/2026,48,,14/09/26,,,,#N/A,1416741,FILA,
441,OK,DASS SEST,7,139938,1423776,95488,ATAC. M60132 ALPINA COR 2000,125CM,15849678,624,134614,15845737BR314801,22/06/2026,14/09/2026,48,,14/09/26,,,,#N/A,1423776,FILA,
442,OK,DASS SEST,7,139938,1423776,95488,ATAC. M60132 ALPINA COR 2000,125CM,15849678,492,134614,15845738BR314802,22/06/2026,14/09/2026,48,,14/09/26,,,,#N/A,1423776,FILA,
443,OK,DASS SEST,7,139938,1423776,95488,ATAC. M60132 ALPINA COR 2000,135CM,15849678,552,134614,15845709BR314794-B,22/06/2026,14/09/2026,48,,14/09/26,,,,#N/A,1423776,FILA,
444,OK,DASS SEST,7,139938,1423776,95488,ATAC. M60132 ALPINA COR 2000,135CM,15849678,744,134614,15845737BR314801,22/06/2026,14/09/2026,48,,14/09/26,,,,#N/A,1423776,FILA,
445,OK,DASS SEST,7,139938,1423776,95488,ATAC. M60132 ALPINA COR 2000,135CM,15849678,684,134614,15845738BR314802,22/06/2026,14/09/2026,48,,14/09/26,,,,#N/A,1423776,FILA,
446,OK,DASS SEST,7,139938,1423776,95488,ATAC. M60132 ALPINA COR 2000,145CM,15849678,348,134614,15845709BR314794-B,22/06/2026,14/09/2026,48,,14/09/26,,,,#N/A,1423776,FILA,
447,OK,DASS SEST,7,139938,1423777,95490,ATAC. M60132 ALPINA COR 2001,125CM,15849678,456,134614,15845747BR314804,22/06/2026,14/09/2026,48,,14/09/26,,,,#N/A,1423777,FILA,
448,OK,DASS SEST,7,139938,1423777,95490,ATAC. M60132 ALPINA COR 2001,135CM,15849678,504,134614,15845748BR314796-A,22/06/2026,14/09/2026,48,,14/09/26,,,,#N/A,1423777,FILA,
449,OK,DASS SEST,7,139938,1423777,95490,ATAC. M60132 ALPINA COR 2001,135CM,15849678,564,134614,15845749BR314796-B,22/06/2026,14/09/2026,48,,14/09/26,,,,#N/A,1423777,FILA,
450,OK,DASS SEST,7,139938,1423777,95490,ATAC. M60132 ALPINA COR 2001,135CM,15849678,876,134614,15845750BR314797,22/06/2026,14/09/2026,48,,14/09/26,,,,#N/A,1423777,FILA,
451,OK,DASS SEST,7,139938,1423777,95490,ATAC. M60132 ALPINA COR 2001,135CM,15849678,588,134614,15845747BR314804,22/06/2026,14/09/2026,48,,14/09/26,,,,#N/A,1423777,FILA,
452,OK,DASS SEST,7,139938,1423777,95490,ATAC. M60132 ALPINA COR 2001,145CM,15849678,312,134614,15845748BR314796-A,22/06/2026,14/09/2026,48,,14/09/26,,,,#N/A,1423777,FILA,
453,OK,DASS SEST,7,139938,1423777,95490,ATAC. M60132 ALPINA COR 2001,145CM,15849678,324,134614,15845749BR314796-B,22/06/2026,14/09/2026,48,,14/09/26,,,,#N/A,1423777,FILA,
454,OK,DASS SEST,7,139938,1423777,95490,ATAC. M60132 ALPINA COR 2001,145CM,15849678,468,134614,15845750BR314797,22/06/2026,14/09/2026,48,,14/09/26,,,,#N/A,1423777,FILA,
554,OK,DASS SEST,7,140099,1342875,89905,FITA M31132 C/GOMA POLIESTER COR 4085,18MM,15859846,650,134788,0,25/06/2026,14/09/2026,48,,14/09/26,,,,#N/A,1342875,NIKE,
555,OK,DASS SEST,7,140099,1181716,74237,FITA MR100001 C/ GOMA RECICLADO COR 4085/PET,15MM,15859846,260,134788,0,25/06/2026,14/09/2026,48,,14/09/26,,,,#N/A,1181716,NIKE,
556,OK,DASS SEST,7,140099,1194659,82625,FITA MR100001 C/ GOMA RECICLADO COR 4593/PET,15MM,15859846,380,134788,0,25/06/2026,14/09/2026,48,,14/09/26,,,,#N/A,1194659,NIKE,
606,OK,DASS SEST,7,140112,1200469,74007,FITA M32164 C/ GOMA POLIESTER COR 4085,10MM,15856617,220,134809,0,25/06/2026,14/09/2026,48,,14/09/26,,,,#N/A,1200469,NIKE,
607,OK,DASS SEST,7,140112,1142481,73127,FITA MR100005 C/ GOMA RECICLADO COR 4085,10MM,15856617,220,134809,0,25/06/2026,14/09/2026,48,,14/09/26,,,,#N/A,1142481,NIKE,
608,OK,DASS SEST,7,140112,1359564,90803,FITA MR100005 C/ GOMA RECICLADO COR 101,10MM,15856617,130,134809,0,25/06/2026,14/09/2026,48,,14/09/26,,,,#N/A,1359564,NIKE,
609,OK,DASS SEST,7,140120,1425159,94239,FITA M32164 C/ GOMA POLIESTER COR 920,10MM,15860381,80,134810,0,25/06/2026,14/09/2026,48,,14/09/26,,,,#N/A,1425159,NIKE,
852,OK,DASS SEST,7,140129,1188919,82628,ATAC. MR140014 6MM RECICLADO COR 4085/PET,100CM,15855791,96,134820,15851084NBR3283088,25/06/2026,14/09/2026,48,,14/09/26,,,,#N/A,1188919,NIKE,
853,OK,DASS SEST,7,140129,1188919,82628,ATAC. MR140014 6MM RECICLADO COR 4085/PET,100CM,15855791,102,134820,15851085NBR3283088,25/06/2026,14/09/2026,48,,14/09/26,,,,#N/A,1188919,NIKE,
854,OK,DASS SEST,7,140129,1188919,82628,ATAC. MR140014 6MM RECICLADO COR 4085/PET,105CM,15855791,686,134820,15851084NBR3283088,25/06/2026,14/09/2026,48,,14/09/26,,,,#N/A,1188919,NIKE,
855,OK,DASS SEST,7,140129,1188919,82628,ATAC. MR140014 6MM RECICLADO COR 4085/PET,105CM,15855791,708,134820,15851085NBR3283088,25/06/2026,14/09/2026,48,,14/09/26,,,,#N/A,1188919,NIKE,
856,OK,DASS SEST,7,140129,1188919,82628,ATAC. MR140014 6MM RECICLADO COR 4085/PET,105CM,15855791,192,134820,15851079NBR3283098,25/06/2026,14/09/2026,48,,14/09/26,,,,#N/A,1188919,NIKE,
857,OK,DASS SEST,7,140129,1188919,82628,ATAC. MR140014 6MM RECICLADO COR 4085/PET,105CM,15855791,234,134820,15851080NBR3283098,25/06/2026,14/09/2026,48,,14/09/26,,,,#N/A,1188919,NIKE,
858,OK,DASS SEST,7,140129,1188919,82628,ATAC. MR140014 6MM RECICLADO COR 4085/PET,110CM,15855791,48,134820,15851084NBR3283088,25/06/2026,14/09/2026,48,,14/09/26,,,,#N/A,1188919,NIKE,
859,OK,DASS SEST,7,140129,1188919,82628,ATAC. MR140014 6MM RECICLADO COR 4085/PET,110CM,15855791,36,134820,15851085NBR3283088,25/06/2026,14/09/2026,48,,14/09/26,,,,#N/A,1188919,NIKE,
860,OK,DASS SEST,7,140129,1188919,82628,ATAC. MR140014 6MM RECICLADO COR 4085/PET,110CM,15855791,603,134820,15851079NBR3283098,25/06/2026,14/09/2026,48,,14/09/26,,,,#N/A,1188919,NIKE,
861,OK,DASS SEST,7,140129,1188919,82628,ATAC. MR140014 6MM RECICLADO COR 4085/PET,110CM,15855791,606,134820,15851080NBR3283098,25/06/2026,14/09/2026,48,,14/09/26,,,,#N/A,1188919,NIKE,
862,OK,DASS SEST,7,140129,1188919,82628,ATAC. MR140014 6MM RECICLADO COR 4085/PET,115CM,15855791,240,134820,15851079NBR3283098,25/06/2026,14/09/2026,48,,14/09/26,,,,#N/A,1188919,NIKE,
863,OK,DASS SEST,7,140129,1188919,82628,ATAC. MR140014 6MM RECICLADO COR 4085/PET,115CM,15855791,246,134820,15851080NBR3283098,25/06/2026,14/09/2026,48,,14/09/26,,,,#N/A,1188919,NIKE,
864,OK,DASS SEST,7,140129,1304277,88668,ATAC. MR110022 7MM RECICLADO COR 4085/PET / COR 496/PET,110CM,15855791,1266,134820,15854340NEX0000073,25/06/2026,14/09/2026,48,,14/09/26,,,,#N/A,1304277,NIKE,
865,OK,DASS SEST,7,140129,1304277,88668,ATAC. MR110022 7MM RECICLADO COR 4085/PET / COR 496/PET,110CM,15855791,1260,134820,15854341NEX0000073,25/06/2026,14/09/2026,48,,14/09/26,,,,#N/A,1304277,NIKE,
866,OK,DASS SEST,7,140129,1304277,88668,ATAC. MR110022 7MM RECICLADO COR 4085/PET / COR 496/PET,110CM,15855791,1212,134820,15854342NEX0000073,25/06/2026,14/09/2026,48,,14/09/26,,,,#N/A,1304277,NIKE,
867,OK,DASS SEST,7,140129,1304277,88668,ATAC. MR110022 7MM RECICLADO COR 4085/PET / COR 496/PET,110CM,15855791,1314,134820,15854343NEX0000073,25/06/2026,14/09/2026,48,,14/09/26,,,,#N/A,1304277,NIKE,
868,OK,DASS SEST,7,140129,1304277,88668,ATAC. MR110022 7MM RECICLADO COR 4085/PET / COR 496/PET,110CM,15855791,288,134820,15854329NEX0000074,25/06/2026,14/09/2026,48,,14/09/26,,,,#N/A,1304277,NIKE,
869,OK,DASS SEST,7,140129,1304277,88668,ATAC. MR110022 7MM RECICLADO COR 4085/PET / COR 496/PET,110CM,15855791,288,134820,15854330NEX0000074,25/06/2026,14/09/2026,48,,14/09/26,,,,#N/A,1304277,NIKE,
870,OK,DASS SEST,7,140129,1304277,88668,ATAC. MR110022 7MM RECICLADO COR 4085/PET / COR 496/PET,110CM,15855791,312,134820,15854331NEX0000074,25/06/2026,14/09/2026,48,,14/09/26,,,,#N/A,1304277,NIKE,
871,OK,DASS SEST,7,140129,1304277,88668,ATAC. MR110022 7MM RECICLADO COR 4085/PET / COR 496/PET,110CM,15855791,288,134820,15854319NEX0000075,25/06/2026,14/09/2026,48,,14/09/26,,,,#N/A,1304277,NIKE,
872,OK,DASS SEST,7,140129,1304277,88668,ATAC. MR110022 7MM RECICLADO COR 4085/PET / COR 496/PET,110CM,15855791,288,134820,15854320NEX0000075,25/06/2026,14/09/2026,48,,14/09/26,,,,#N/A,1304277,NIKE,
873,OK,DASS SEST,7,140129,1304277,88668,ATAC. MR110022 7MM RECICLADO COR 4085/PET / COR 496/PET,110CM,15855791,276,134820,15854321NEX0000075,25/06/2026,14/09/2026,48,,14/09/26,,,,#N/A,1304277,NIKE,
874,OK,DASS SEST,7,140129,1304277,88668,ATAC. MR110022 7MM RECICLADO COR 4085/PET / COR 496/PET,110CM,15855791,312,134820,15854322NEX0000075,25/06/2026,14/09/2026,48,,14/09/26,,,,#N/A,1304277,NIKE,
875,OK,DASS SEST,7,140129,1304277,88668,ATAC. MR110022 7MM RECICLADO COR 4085/PET / COR 496/PET,115CM,15855791,108,134820,15854340NEX0000073,25/06/2026,14/09/2026,48,,14/09/26,,,,#N/A,1304277,NIKE,
876,OK,DASS SEST,7,140129,1304277,88668,ATAC. MR110022 7MM RECICLADO COR 4085/PET / COR 496/PET,115CM,15855791,84,134820,15854341NEX0000073,25/06/2026,14/09/2026,48,,14/09/2026,,,,#N/A,1304277,NIKE,
877,OK,DASS SEST,7,140129,1304277,88668,ATAC. MR110022 7MM RECICLADO COR 4085/PET / COR 496/PET,115CM,15855791,84,134820,15854342NEX0000073,25/06/2026,14/09/2026,48,,14/09/2026,,,,#N/A,1304277,NIKE,
878,OK,DASS SEST,7,140129,1304277,88668,ATAC. MR110022 7MM RECICLADO COR 4085/PET / COR 496/PET,115CM,15855791,84,134820,15854343NEX0000073,25/06/2026,14/09/2026,48,,14/09/2026,,,,#N/A,1304277,NIKE,
879,OK,DASS SEST,7,140129,1304277,88668,ATAC. MR110022 7MM RECICLADO COR 4085/PET / COR 496/PET,115CM,15855791,899,134820,15854329NEX0000074,25/06/2026,14/09/2026,48,,14/09/2026,,,,#N/A,1304277,NIKE,
880,OK,DASS SEST,7,140129,1304277,88668,ATAC. MR110022 7MM RECICLADO COR 4085/PET / COR 496/PET,115CM,15855791,852,134820,15854330NEX0000074,25/06/2026,14/09/2026,48,,14/09/26,,,,#N/A,1304277,NIKE,
881,OK,DASS SEST,7,140129,1304277,88668,ATAC. MR110022 7MM RECICLADO COR 4085/PET / COR 496/PET,115CM,15855791,876,134820,15854331NEX0000074,25/06/2026,14/09/2026,48,,14/09/26,,,,#N/A,1304277,NIKE,
882,OK,DASS SEST,7,140129,1304277,88668,ATAC. MR110022 7MM RECICLADO COR 4085/PET / COR 496/PET,115CM,15855791,870,134820,15854319NEX0000075,25/06/2026,14/09/2026,48,,14/09/26,,,,#N/A,1304277,NIKE,
883,OK,DASS SEST,7,140129,1304277,88668,ATAC. MR110022 7MM RECICLADO COR 4085/PET / COR 496/PET,115CM,15855791,864,134820,15854320NEX0000075,25/06/2026,14/09/2026,48,,14/09/26,,,,#N/A,1304277,NIKE,
884,OK,DASS SEST,7,140129,1304277,88668,ATAC. MR110022 7MM RECICLADO COR 4085/PET / COR 496/PET,115CM,15855791,840,134820,15854321NEX0000075,25/06/2026,14/09/2026,48,,14/09/26,,,,#N/A,1304277,NIKE,
885,OK,DASS SEST,7,140129,1304277,88668,ATAC. MR110022 7MM RECICLADO COR 4085/PET / COR 496/PET,115CM,15855791,876,134820,15854322NEX0000075,25/06/2026,14/09/2026,48,,14/09/26,,,,#N/A,1304277,NIKE,
886,OK,DASS SEST,7,140129,1304277,88668,ATAC. MR110022 7MM RECICLADO COR 4085/PET / COR 496/PET,120CM,15855791,264,134820,15854329NEX0000074,25/06/2026,14/09/2026,48,,14/09/26,,,,#N/A,1304277,NIKE,
887,OK,DASS SEST,7,140129,1304277,88668,ATAC. MR110022 7MM RECICLADO COR 4085/PET / COR 496/PET,120CM,15855791,240,134820,15854330NEX0000074,25/06/2026,14/09/2026,48,,14/09/26,,,,#N/A,1304277,NIKE,
888,OK,DASS SEST,7,140129,1304277,88668,ATAC. MR110022 7MM RECICLADO COR 4085/PET / COR 496/PET,120CM,15855791,270,134820,15854331NEX0000074,25/06/2026,14/09/2026,48,,14/09/26,,,,#N/A,1304277,NIKE,
889,OK,DASS SEST,7,140129,1304277,88668,ATAC. MR110022 7MM RECICLADO COR 4085/PET / COR 496/PET,120CM,15855791,240,134820,15854319NEX0000075,25/06/2026,14/09/2026,48,,14/09/26,,,,#N/A,1304277,NIKE,
890,OK,DASS SEST,7,140129,1304277,88668,ATAC. MR110022 7MM RECICLADO COR 4085/PET / COR 496/PET,120CM,15855791,240,134820,15854320NEX0000075,25/06/2026,14/09/2026,48,,14/09/26,,,,#N/A,1304277,NIKE,
891,OK,DASS SEST,7,140129,1304277,88668,ATAC. MR110022 7MM RECICLADO COR 4085/PET / COR 496/PET,120CM,15855791,228,134820,15854321NEX0000075,25/06/2026,14/09/2026,48,,14/09/26,,,,#N/A,1304277,NIKE,
892,OK,DASS SEST,7,140129,1304277,88668,ATAC. MR110022 7MM RECICLADO COR 4085/PET / COR 496/PET,120CM,15855791,258,134820,15854322NEX0000075,25/06/2026,14/09/2026,48,,14/09/26,,,,#N/A,1304277,NIKE,
893,OK,DASS SEST,7,140129,1424204,95898,ATAC. MR110022 7MM RECICLADO COR 6222/PET / COR 4259/PET,110CM,15855791,228,134820,15851119NBR3283043,25/06/2026,14/09/2026,48,,14/09/26,,,,#N/A,1424204,NIKE,
894,OK,DASS SEST,7,140129,1424204,95898,ATAC. MR110022 7MM RECICLADO COR 6222/PET / COR 4259/PET,115CM,15855791,830,134820,15851119NBR3283043,25/06/2026,14/09/2026,48,,14/09/26,,,,#N/A,1424204,NIKE,
895,OK,DASS SEST,7,140129,1424204,95898,ATAC. MR110022 7MM RECICLADO COR 6222/PET / COR 4259/PET,120CM,15855791,186,134820,15851119NBR3283043,25/06/2026,14/09/2026,48,,14/09/26,,,,#N/A,1424204,NIKE,
896,OK,DASS SEST,7,140129,1424205,95900,ATAC. MR110022 7MM RECICLADO COR 057/PET / COR 5946/PET,110CM,15855791,264,134820,15851113NBR3283022,25/06/2026,14/09/2026,48,,14/09/26,,,,#N/A,1424205,NIKE,
897,OK,DASS SEST,7,140129,1424205,95900,ATAC. MR110022 7MM RECICLADO COR 057/PET / COR 5946/PET,115CM,15855791,884,134820,15851113NBR3283022,25/06/2026,14/09/2026,48,,14/09/26,,,,#N/A,1424205,NIKE,
898,OK,DASS SEST,7,140129,1424205,95900,ATAC. MR110022 7MM RECICLADO COR 057/PET / COR 5946/PET,120CM,15855791,180,134820,15851113NBR3283022,25/06/2026,14/09/2026,48,,14/09/26,,,,#N/A,1424205,NIKE,
1322,OK,DASS SEST,7,140218,1188919,82628,ATAC. MR140014 6MM RECICLADO COR 4085/PET,105CM,15872669,108,134968,15866706NBR3283059,29/06/2026,14/09/2026,48,,14/09/26,,,,#N/A,1188919,NIKE,
1323,OK,DASS SEST,7,140218,1188919,82628,ATAC. MR140014 6MM RECICLADO COR 4085/PET,105CM,15872669,96,134968,15866707NBR3283059,29/06/2026,14/09/2026,48,,14/09/26,,,,#N/A,1188919,NIKE,
1324,OK,DASS SEST,7,140218,1188919,82628,ATAC. MR140014 6MM RECICLADO COR 4085/PET,105CM,15872669,108,134968,15866708NBR3283069,29/06/2026,14/09/2026,48,,14/09/26,,,,#N/A,1188919,NIKE,
1325,OK,DASS SEST,7,140218,1188919,82628,ATAC. MR140014 6MM RECICLADO COR 4085/PET,105CM,15872669,96,134968,15866709NBR3283069,29/06/2026,14/09/2026,48,,14/09/26,,,,#N/A,1188919,NIKE,
1326,OK,DASS SEST,7,140218,1188919,82628,ATAC. MR140014 6MM RECICLADO COR 4085/PET,110CM,15872669,699,134968,15866706NBR3283059,29/06/2026,14/09/2026,48,,14/09/26,,,,#N/A,1188919,NIKE,
1327,OK,DASS SEST,7,140218,1188919,82628,ATAC. MR140014 6MM RECICLADO COR 4085/PET,110CM,15872669,708,134968,15866707NBR3283059,29/06/2026,14/09/2026,48,,14/09/26,,,,#N/A,1188919,NIKE,
1328,OK,DASS SEST,7,140218,1188919,82628,ATAC. MR140014 6MM RECICLADO COR 4085/PET,110CM,15872669,705,134968,15866708NBR3283069,29/06/2026,14/09/2026,48,,14/09/26,,,,#N/A,1188919,NIKE,
1329,OK,DASS SEST,7,140218,1188919,82628,ATAC. MR140014 6MM RECICLADO COR 4085/PET,110CM,15872669,720,134968,15866709NBR3283069,29/06/2026,14/09/2026,48,,14/09/26,,,,#N/A,1188919,NIKE,
1330,OK,DASS SEST,7,140218,1188919,82628,ATAC. MR140014 6MM RECICLADO COR 4085/PET,115CM,15872669,228,134968,15866706NBR3283059,29/06/2026,14/09/2026,48,,14/09/26,,,,#N/A,1188919,NIKE,
1331,OK,DASS SEST,7,140218,1188919,82628,ATAC. MR140014 6MM RECICLADO COR 4085/PET,115CM,15872669,252,134968,15866707NBR3283059,29/06/2026,14/09/2026,48,,14/09/26,,,,#N/A,1188919,NIKE,
1332,OK,DASS SEST,7,140218,1188919,82628,ATAC. MR140014 6MM RECICLADO COR 4085/PET,115CM,15872669,228,134968,15866708NBR3283069,29/06/2026,14/09/2026,48,,14/09/26,,,,#N/A,1188919,NIKE,
1333,OK,DASS SEST,7,140218,1188919,82628,ATAC. MR140014 6MM RECICLADO COR 4085/PET,115CM,15872669,252,134968,15866709NBR3283069,29/06/2026,14/09/2026,48,,14/09/26,,,,#N/A,1188919,NIKE,
1334,OK,DASS SEST,7,140218,1278311,86418,ATAC. MR140014 6MM RECICLADO COR 4662/PET,105CM,15872669,120,134968,15866719NBR3283079,29/06/2026,14/09/2026,48,,14/09/26,,,,#N/A,1278311,NIKE,
1335,OK,DASS SEST,7,140218,1278311,86418,ATAC. MR140014 6MM RECICLADO COR 4662/PET,105CM,15872669,102,134968,15866720NBR3283079,29/06/2026,14/09/2026,48,,14/09/26,,,,#N/A,1278311,NIKE,
1336,OK,DASS SEST,7,140218,1278311,86418,ATAC. MR140014 6MM RECICLADO COR 4662/PET,110CM,15872669,626,134968,15866719NBR3283079,29/06/2026,14/09/2026,48,,14/09/26,,,,#N/A,1278311,NIKE,
1337,OK,DASS SEST,7,140218,1278311,86418,ATAC. MR140014 6MM RECICLADO COR 4662/PET,110CM,15872669,636,134968,15866720NBR3283079,29/06/2026,14/09/2026,48,,14/09/26,,,,#N/A,1278311,NIKE,
1338,OK,DASS SEST,7,140218,1278311,86418,ATAC. MR140014 6MM RECICLADO COR 4662/PET,115CM,15872669,204,134968,15866719NBR3283079,29/06/2026,14/09/2026,48,,14/09/26,,,,#N/A,1278311,NIKE,
1339,OK,DASS SEST,7,140218,1278311,86418,ATAC. MR140014 6MM RECICLADO COR 4662/PET,115CM,15872669,234,134968,15866720NBR3283079,29/06/2026,14/09/2026,48,,14/09/26,,,,#N/A,1278311,NIKE,
1340,OK,DASS SEST,7,140218,1425041,95894,ATAC. MR140014 6MM RECICLADO COR 6179/PET,105CM,15872669,132,134968,15866721NBR3283061,29/06/2026,14/09/2026,48,,14/09/26,,,,#N/A,1425041,NIKE,
1341,OK,DASS SEST,7,140218,1425041,95894,ATAC. MR140014 6MM RECICLADO COR 6179/PET,105CM,15872669,156,134968,15866722NBR3283061,29/06/2026,14/09/2026,48,,14/09/26,,,,#N/A,1425041,NIKE,
1342,OK,DASS SEST,7,140218,1425041,95894,ATAC. MR140014 6MM RECICLADO COR 6179/PET,105CM,15872669,132,134968,15866723NBR3283071,29/06/2026,14/09/2026,48,,14/09/26,,,,#N/A,1425041,NIKE,
1343,OK,DASS SEST,7,140218,1425041,95894,ATAC. MR140014 6MM RECICLADO COR 6179/PET,105CM,15872669,156,134968,15866724NBR3283071,29/06/2026,14/09/2026,48,,14/09/26,,,,#N/A,1425041,NIKE,
1344,OK,DASS SEST,7,140218,1425041,95894,ATAC. MR140014 6MM RECICLADO COR 6179/PET,105CM,15872669,132,134968,15866725NBR3283080,29/06/2026,14/09/2026,48,,14/09/26,,,,#N/A,1425041,NIKE,
1345,OK,DASS SEST,7,140218,1425041,95894,ATAC. MR140014 6MM RECICLADO COR 6179/PET,105CM,15872669,156,134968,15866728NBR3283080,29/06/2026,14/09/2026,48,,14/09/26,,,,#N/A,1425041,NIKE,
1346,OK,DASS SEST,7,140218,1425041,95894,ATAC. MR140014 6MM RECICLADO COR 6179/PET,110CM,15872669,765,134968,15866721NBR3283061,29/06/2026,14/09/2026,48,,14/09/26,,,,#N/A,1425041,NIKE,
1347,OK,DASS SEST,7,140218,1425041,95894,ATAC. MR140014 6MM RECICLADO COR 6179/PET,110CM,15872669,774,134968,15866722NBR3283061,29/06/2026,14/09/2026,48,,14/09/26,,,,#N/A,1425041,NIKE,
1348,OK,DASS SEST,7,140218,1425041,95894,ATAC. MR140014 6MM RECICLADO COR 6179/PET,110CM,15872669,771,134968,15866723NBR3283071,29/06/2026,14/09/2026,48,,14/09/26,,,,#N/A,1425041,NIKE,
1349,OK,DASS SEST,7,140218,1425041,95894,ATAC. MR140014 6MM RECICLADO COR 6179/PET,110CM,15872669,774,134968,15866724NBR3283071,29/06/2026,14/09/2026,48,,14/09/26,,,,#N/A,1425041,NIKE,
1350,OK,DASS SEST,7,140218,1425041,95894,ATAC. MR140014 6MM RECICLADO COR 6179/PET,110CM,15872669,771,134968,15866725NBR3283080,29/06/2026,14/09/2026,48,,14/09/26,,,,#N/A,1425041,NIKE,
1351,OK,DASS SEST,7,140218,1425041,95894,ATAC. MR140014 6MM RECICLADO COR 6179/PET,110CM,15872669,774,134968,15866728NBR3283080,29/06/2026,14/09/2026,48,,14/09/26,,,,#N/A,1425041,NIKE,
1352,OK,DASS SEST,7,140218,1425041,95894,ATAC. MR140014 6MM RECICLADO COR 6179/PET,115CM,15872669,216,134968,15866721NBR3283061,29/06/2026,14/09/2026,48,,14/09/26,,,,#N/A,1425041,NIKE,
1353,OK,DASS SEST,7,140218,1425041,95894,ATAC. MR140014 6MM RECICLADO COR 6179/PET,115CM,15872669,234,134968,15866722NBR3283061,29/06/2026,14/09/2026,48,,14/09/26,,,,#N/A,1425041,NIKE,
1354,OK,DASS SEST,7,140218,1425041,95894,ATAC. MR140014 6MM RECICLADO COR 6179/PET,115CM,15872669,216,134968,15866723NBR3283071,29/06/2026,14/09/2026,48,,14/09/26,,,,#N/A,1425041,NIKE,
1355,OK,DASS SEST,7,140218,1425041,95894,ATAC. MR140014 6MM RECICLADO COR 6179/PET,115CM,15872669,234,134968,15866724NBR3283071,29/06/2026,14/09/2026,48,,14/09/26,,,,#N/A,1425041,NIKE,
1356,OK,DASS SEST,7,140218,1425041,95894,ATAC. MR140014 6MM RECICLADO COR 6179/PET,115CM,15872669,216,134968,15866725NBR3283080,29/06/2026,14/09/2026,48,,14/09/26,,,,#N/A,1425041,NIKE,
1357,OK,DASS SEST,7,140218,1425041,95894,ATAC. MR140014 6MM RECICLADO COR 6179/PET,115CM,15872669,234,134968,15866728NBR3283080,29/06/2026,14/09/2026,48,,14/09/26,,,,#N/A,1425041,NIKE,
1358,OK,DASS SEST,7,140218,1425040,95895,ATAC. MR140014 6MM RECICLADO COR 6176/PET,105CM,15872669,144,134968,15866730NBR3283047,29/06/2026,14/09/2026,48,,14/09/26,,,,#N/A,1425040,NIKE,
1359,OK,DASS SEST,7,140218,1425040,95895,ATAC. MR140014 6MM RECICLADO COR 6176/PET,105CM,15872669,156,134968,15866731NBR3283047,29/06/2026,14/09/2026,48,,14/09/26,,,,#N/A,1425040,NIKE,
1360,OK,DASS SEST,7,140218,1425040,95895,ATAC. MR140014 6MM RECICLADO COR 6176/PET,110CM,15872669,590,134968,15866730NBR3283047,29/06/2026,14/09/2026,48,,14/09/26,,,,#N/A,1425040,NIKE,
1361,OK,DASS SEST,7,140218,1425040,95895,ATAC. MR140014 6MM RECICLADO COR 6176/PET,110CM,15872669,594,134968,15866731NBR3283047,29/06/2026,14/09/2026,48,,14/09/26,,,,#N/A,1425040,NIKE,
1362,OK,DASS SEST,7,140218,1425040,95895,ATAC. MR140014 6MM RECICLADO COR 6176/PET,115CM,15872669,60,134968,15866730NBR3283047,29/06/2026,14/09/2026,48,,14/09/26,,,,#N/A,1425040,NIKE,
1363,OK,DASS SEST,7,140218,1425040,95895,ATAC. MR140014 6MM RECICLADO COR 6176/PET,115CM,15872669,84,134968,15866731NBR3283047,29/06/2026,14/09/2026,48,,14/09/26,,,,#N/A,1425040,NIKE,
1393,OK,DASS SEST,7,140290,1454466,95945,ATAC. MR140014 6MM RECICLADO COR 6248/PET,100CM,15874852,240,135012,15868626NBR3283152,30/06/2026,14/09/2026,48,,14/09/26,,,,#N/A,1454466,NIKE,
1394,OK,DASS SEST,7,140290,1454466,95945,ATAC. MR140014 6MM RECICLADO COR 6248/PET,105CM,15874852,896,135012,15868626NBR3283152,30/06/2026,14/09/2026,48,,14/09/26,,,,#N/A,1454466,NIKE,
1395,OK,DASS SEST,7,140290,1454466,95945,ATAC. MR140014 6MM RECICLADO COR 6248/PET,110CM,15874852,48,135012,15868626NBR3283152,30/06/2026,14/09/2026,48,,14/09/26,,,,#N/A,1454466,NIKE,
1452,OK,DASS SEST,7,140577,1320158,91407,FITA M31119 C/ GOMA POLIESTER COR 324 / COR 5508 / COR 5508,16MM,15901017,10,135285,0,07/07/2026,14/09/2026,48,,14/09/26,,,,#N/A,1320158,FILA,
1499,OK,DASS SEST,7,140755,1188919,82628,ATAC. MR140014 6MM RECICLADO COR 4085/PET,105CM,15915179,800,135472,15903693NBR3283064,10/07/2026,14/09/2026,48,,14/09/26,,,,#N/A,1188919,NIKE,
1500,OK,DASS SEST,7,140755,1188919,82628,ATAC. MR140014 6MM RECICLADO COR 4085/PET,110CM,15915179,366,135472,15903693NBR3283064,10/07/2026,14/09/2026,48,,14/09/26,,,,#N/A,1188919,NIKE,
1501,OK,DASS SEST,7,140755,1241008,84943,ATAC. MR140014 6MM RECICLADO COR 4021/PET,105CM,15915179,519,135472,15903696NBR3283052,10/07/2026,14/09/2026,48,,14/09/26,,,,#N/A,1241008,NIKE,
1502,OK,DASS SEST,7,140755,1241008,84943,ATAC. MR140014 6MM RECICLADO COR 4021/PET,105CM,15915179,516,135472,15903698NBR3283052,10/07/2026,14/09/2026,48,,14/09/26,,,,#N/A,1241008,NIKE,
1503,OK,DASS SEST,7,140755,1241008,84943,ATAC. MR140014 6MM RECICLADO COR 4021/PET,105CM,15915179,534,135472,15903699NBR3283052,10/07/2026,14/09/2026,48,,14/09/26,,,,#N/A,1241008,NIKE,
1504,OK,DASS SEST,7,140755,1241008,84943,ATAC. MR140014 6MM RECICLADO COR 4021/PET,110CM,15915179,234,135472,15903696NBR3283052,10/07/2026,14/09/2026,48,,14/09/26,,,,#N/A,1241008,NIKE,
1505,OK,DASS SEST,7,140755,1241008,84943,ATAC. MR140014 6MM RECICLADO COR 4021/PET,110CM,15915179,228,135472,15903698NBR3283052,10/07/2026,14/09/2026,48,,14/09/26,,,,#N/A,1241008,NIKE,
1506,OK,DASS SEST,7,140755,1241008,84943,ATAC. MR140014 6MM RECICLADO COR 4021/PET,110CM,15915179,252,135472,15903699NBR3283052,10/07/2026,14/09/2026,48,,14/09/26,,,,#N/A,1241008,NIKE,
1507,OK,DASS SEST,7,140755,1299257,86978,ATAC. MR130027 6MM RECICLADO COR 4085/PET,105CM,15915179,384,135472,15903684NBR3283102,10/07/2026,14/09/2026,48,,14/09/26,,,,#N/A,1299257,NIKE,
1508,OK,DASS SEST,7,140755,1299257,86978,ATAC. MR130027 6MM RECICLADO COR 4085/PET,105CM,15915179,408,135472,15903686NBR3283102,10/07/2026,14/09/2026,48,,14/09/26,,,,#N/A,1299257,NIKE,
1509,OK,DASS SEST,7,140755,1299257,86978,ATAC. MR130027 6MM RECICLADO COR 4085/PET,110CM,15915179,398,135472,15903684NBR3283102,10/07/2026,14/09/2026,48,,14/09/26,,,,#N/A,1299257,NIKE,
1510,OK,DASS SEST,7,140755,1299257,86978,ATAC. MR130027 6MM RECICLADO COR 4085/PET,110CM,15915179,438,135472,15903686NBR3283102,10/07/2026,14/09/2026,48,,14/09/26,,,,#N/A,1299257,NIKE,
1511,OK,DASS SEST,7,140755,1299257,86978,ATAC. MR130027 6MM RECICLADO COR 4085/PET,115CM,15915179,24,135472,15903684NBR3283102,10/07/2026,14/09/2026,48,,14/09/26,,,,#N/A,1299257,NIKE,
1512,OK,DASS SEST,7,140755,1409834,93450,ATAC. MR130027 6MM RECICLADO COR 057/PET,110CM,15915179,276,135472,15903726NBR3283075,10/07/2026,14/09/2026,48,,14/09/26,,,,#N/A,1409834,NIKE,
1513,OK,DASS SEST,7,140755,1409834,93450,ATAC. MR130027 6MM RECICLADO COR 057/PET,115CM,15915179,776,135472,15903726NBR3283075,10/07/2026,14/09/2026,48,,14/09/26,,,,#N/A,1409834,NIKE,
1514,OK,DASS SEST,7,140755,1409834,93450,ATAC. MR130027 6MM RECICLADO COR 057/PET,120CM,15915179,198,135472,15903726NBR3283075,10/07/2026,14/09/2026,48,,14/09/26,,,,#N/A,1409834,NIKE,
1515,OK,DASS SEST,7,140755,1424088,95799,ATAC. MR130027 6MM RECICLADO COR 5820/PET,105CM,15915179,420,135472,15903740NBR3283117,10/07/2026,14/09/2026,48,,14/09/26,,,,#N/A,1424088,NIKE,
1516,OK,DASS SEST,7,140755,1424088,95799,ATAC. MR130027 6MM RECICLADO COR 5820/PET,105CM,15915179,396,135472,15903741NBR3283117,10/07/2026,14/09/2026,48,,14/09/26,,,,#N/A,1424088,NIKE,
1517,OK,DASS SEST,7,140755,1424088,95799,ATAC. MR130027 6MM RECICLADO COR 5820/PET,105CM,15915179,432,135472,15903742NBR3283117,10/07/2026,14/09/2026,48,,14/09/26,,,,#N/A,1424088,NIKE,
1518,OK,DASS SEST,7,140755,1424088,95799,ATAC. MR130027 6MM RECICLADO COR 5820/PET,110CM,15915179,435,135472,15903740NBR3283117,10/07/2026,14/09/2026,48,,14/09/26,,,,#N/A,1424088,NIKE,
1519,OK,DASS SEST,7,140755,1424088,95799,ATAC. MR130027 6MM RECICLADO COR 5820/PET,110CM,15915179,420,135472,15903741NBR3283117,10/07/2026,14/09/2026,48,,14/09/26,,,,#N/A,1424088,NIKE,
1520,OK,DASS SEST,7,140755,1424088,95799,ATAC. MR130027 6MM RECICLADO COR 5820/PET,110CM,15915179,462,135472,15903742NBR3283117,10/07/2026,14/09/2026,48,,14/09/26,,,,#N/A,1424088,NIKE,
1521,OK,DASS SEST,7,140755,1424088,95799,ATAC. MR130027 6MM RECICLADO COR 5820/PET,115CM,15915179,24,135472,15903740NBR3283117,10/07/2026,14/09/2026,48,,14/09/26,,,,#N/A,1424088,NIKE,
1756,OK,DASS SEST,7,140950,1341808,91524,ATAC. MR110012 8MM RECICLADO COR 5149/PET,115CM,15944086,216,135637,15941791NBR3283289,17/07/2026,14/09/2026,48,,14/09/26,,,,#N/A,1341808,NIKE,
1757,OK,DASS SEST,7,140950,1341808,91524,ATAC. MR110012 8MM RECICLADO COR 5149/PET,115CM,15944086,234,135637,15941793NBR3283289,17/07/2026,14/09/2026,48,,14/09/26,,,,#N/A,1341808,NIKE,
1758,OK,DASS SEST,7,140950,1341808,91524,ATAC. MR110012 8MM RECICLADO COR 5149/PET,120CM,15944086,620,135637,15941791NBR3283289,17/07/2026,14/09/2026,48,,14/09/26,,,,#N/A,1341808,NIKE,
1759,OK,DASS SEST,7,140950,1341808,91524,ATAC. MR110012 8MM RECICLADO COR 5149/PET,120CM,15944086,666,135637,15941793NBR3283289,17/07/2026,14/09/2026,48,,14/09/26,,,,#N/A,1341808,NIKE,
1760,OK,DASS SEST,7,140950,1027849,92568,ATAC. MR110012 8MM RECICLADO COR 4085/PET,115CM,15944086,270,135637,15941782NBR3283311,17/07/2026,14/09/2026,48,,14/09/26,,,,#N/A,1027849,NIKE,
1761,OK,DASS SEST,7,140950,1027849,92568,ATAC. MR110012 8MM RECICLADO COR 4085/PET,120CM,15944086,776,135637,15941782NBR3283311,17/07/2026,14/09/2026,48,,14/09/26,,,,#N/A,1027849,NIKE,
2109,OK,DASS ITABERABA,70,140549,1321091,90891,ATAC. M13725 6MM POLIESTER COR 5703,90CM,15897473,504,135235,15890455ARG202023,06/07/2026,14/09/2026,48,,14/09/26,,,,#N/A,1321091,FILA,
2110,OK,DASS ITABERABA,70,140549,1321091,90891,ATAC. M13725 6MM POLIESTER COR 5703,100CM,15897473,648,135235,15890455ARG202023,06/07/2026,14/09/2026,48,,14/09/26,,,,#N/A,1321091,FILA,
275,OK,DASS SEST,7,139566,1299257,86978,ATAC. MR130027 6MM RECICLADO COR 4085/PET,100CM,15816418,192,134313,15815474NBR3282904,11/06/2026,21/09/2026,55,,21/09/26,,,,#N/A,1299257,NIKE,
276,OK,DASS SEST,7,139566,1299257,86978,ATAC. MR130027 6MM RECICLADO COR 4085/PET,100CM,15816418,168,134313,15815475NBR3282904,11/06/2026,21/09/2026,55,,21/09/26,,,,#N/A,1299257,NIKE,
277,OK,DASS SEST,7,139566,1299257,86978,ATAC. MR130027 6MM RECICLADO COR 4085/PET,100CM,15816418,219,134313,15815476NBR3282904,11/06/2026,21/09/2026,55,,21/09/26,,,,#N/A,1299257,NIKE,
278,OK,DASS SEST,7,139566,1299257,86978,ATAC. MR130027 6MM RECICLADO COR 4085/PET,105CM,15816418,798,134313,15815474NBR3282904,11/06/2026,21/09/2026,55,,21/09/26,,,,#N/A,1299257,NIKE,
279,OK,DASS SEST,7,139566,1299257,86978,ATAC. MR130027 6MM RECICLADO COR 4085/PET,105CM,15816418,588,134313,15815475NBR3282904,11/06/2026,21/09/2026,55,,21/09/26,,,,#N/A,1299257,NIKE,
280,OK,DASS SEST,7,139566,1299257,86978,ATAC. MR130027 6MM RECICLADO COR 4085/PET,105CM,15816418,402,134313,15815476NBR3282904,11/06/2026,21/09/2026,55,,21/09/26,,,,#N/A,1299257,NIKE,
281,OK,DASS SEST,7,139566,1299257,86978,ATAC. MR130027 6MM RECICLADO COR 4085/PET,110CM,15816418,180,134313,15815474NBR3282904,11/06/2026,21/09/2026,55,,21/09/26,,,,#N/A,1299257,NIKE,
282,OK,DASS SEST,7,139566,1299257,86978,ATAC. MR130027 6MM RECICLADO COR 4085/PET,110CM,15816418,156,134313,15815475NBR3282904,11/06/2026,21/09/2026,55,,21/09/26,,,,#N/A,1299257,NIKE,
283,OK,DASS SEST,7,139566,1299257,86978,ATAC. MR130027 6MM RECICLADO COR 4085/PET,110CM,15816418,182,134313,15815476NBR3282904,11/06/2026,21/09/2026,55,,21/09/26,,,,#N/A,1299257,NIKE,
371,OK,DASS SEST,7,139659,1188919,82628,ATAC. MR140014 6MM RECICLADO COR 4085/PET,100CM,15819944,12,134369,15818121NBR3283037,12/06/2026,21/09/2026,55,,21/09/26,,,,#N/A,1188919,NIKE,
372,OK,DASS SEST,7,139659,1188919,82628,ATAC. MR140014 6MM RECICLADO COR 4085/PET,105CM,15819944,369,134369,15818121NBR3283037,12/06/2026,21/09/2026,55,,21/09/26,,,,#N/A,1188919,NIKE,
373,OK,DASS SEST,7,139659,1188919,82628,ATAC. MR140014 6MM RECICLADO COR 4085/PET,110CM,15819944,557,134369,15818121NBR3283037,12/06/2026,21/09/2026,55,,21/09/26,,,,#N/A,1188919,NIKE,
374,OK,DASS SEST,7,139659,1188919,82628,ATAC. MR140014 6MM RECICLADO COR 4085/PET,115CM,15819944,73,134369,15818121NBR3283037,12/06/2026,21/09/2026,55,,21/09/26,,,,#N/A,1188919,NIKE,
375,OK,DASS SEST,7,139659,1278311,86418,ATAC. MR140014 6MM RECICLADO COR 4662/PET,100CM,15819944,590,134369,15818137NBR3282844,12/06/2026,21/09/2026,55,,21/09/26,,,,#N/A,1278311,NIKE,
376,OK,DASS SEST,7,139659,1278311,86418,ATAC. MR140014 6MM RECICLADO COR 4662/PET,100CM,15819944,642,134369,15818138NBR3282844,12/06/2026,21/09/2026,55,,21/09/26,,,,#N/A,1278311,NIKE,
377,OK,DASS SEST,7,139659,1278311,86418,ATAC. MR140014 6MM RECICLADO COR 4662/PET,105CM,15819944,319,134369,15818137NBR3282844,12/06/2026,21/09/2026,55,,21/09/26,,,,#N/A,1278311,NIKE,
378,OK,DASS SEST,7,139659,1278311,86418,ATAC. MR140014 6MM RECICLADO COR 4662/PET,105CM,15819944,305,134369,15818138NBR3282844,12/06/2026,21/09/2026,55,,21/09/26,,,,#N/A,1278311,NIKE,
379,OK,DASS SEST,7,139659,1262674,86842,ATAC. MR140014 6MM RECICLADO COR 5552/PET,100CM,15819944,12,134369,15818132NBR3282889,12/06/2026,21/09/2026,55,,21/09/26,,,,#N/A,1262674,NIKE,
380,OK,DASS SEST,7,139659,1262674,86842,ATAC. MR140014 6MM RECICLADO COR 5552/PET,105CM,15819944,369,134369,15818132NBR3282889,12/06/2026,21/09/2026,55,,21/09/26,,,,#N/A,1262674,NIKE,
381,OK,DASS SEST,7,139659,1262674,86842,ATAC. MR140014 6MM RECICLADO COR 5552/PET,110CM,15819944,557,134369,15818132NBR3282889,12/06/2026,21/09/2026,55,,21/09/26,,,,#N/A,1262674,NIKE,
382,OK,DASS SEST,7,139659,1262674,86842,ATAC. MR140014 6MM RECICLADO COR 5552/PET,115CM,15819944,73,134369,15818132NBR3282889,12/06/2026,21/09/2026,55,,21/09/26,,,,#N/A,1262674,NIKE,
557,OK,DASS SEST,7,140100,1342875,89905,FITA M31132 C/GOMA POLIESTER COR 4085,18MM,15859874,980,134789,0,25/06/2026,21/09/2026,55,,21/09/26,,,,#N/A,1342875,NIKE,
558,OK,DASS SEST,7,140101,1194659,82625,FITA MR100001 C/ GOMA RECICLADO COR 4593/PET,15MM,15859878,730,134790,0,25/06/2026,21/09/2026,55,,21/09/26,,,,#N/A,1194659,NIKE,
601,OK,DASS SEST,7,140110,1220520,82624,FITA MR100037 C/ GOMA RECICLADO COR 100/PET,18MM,15856753,270,134808,0,25/06/2026,21/09/2026,55,,21/09/26,,,,#N/A,1220520,NIKE,
602,OK,DASS SEST,7,140110,1200469,74007,FITA M32164 C/ GOMA POLIESTER COR 4085,10MM,15856753,120,134808,0,25/06/2026,21/09/2026,55,,21/09/26,,,,#N/A,1200469,NIKE,
603,OK,DASS SEST,7,140110,1233820,84961,FITA M32164 C/ GOMA POLIESTER COR 4021,10MM,15856753,120,134808,0,25/06/2026,21/09/2026,55,,21/09/26,,,,#N/A,1233820,NIKE,
604,OK,DASS SEST,7,140110,1142481,73127,FITA MR100005 C/ GOMA RECICLADO COR 4085,10MM,15856753,120,134808,0,25/06/2026,21/09/2026,55,,21/09/26,,,,#N/A,1142481,NIKE,
605,OK,DASS SEST,7,140110,1424989,94242,FITA MR100005 C/ GOMA RECICLADO COR 4219/PET,10MM,15856753,130,134808,0,25/06/2026,21/09/2026,55,,21/09/26,,,,#N/A,1424989,NIKE,
899,OK,DASS SEST,7,140130,1188919,82628,ATAC. MR140014 6MM RECICLADO COR 4085/PET,100CM,15855792,96,134821,15851086NBR3283097,25/06/2026,21/09/2026,55,,21/09/26,,,,#N/A,1188919,NIKE,
900,OK,DASS SEST,7,140130,1188919,82628,ATAC. MR140014 6MM RECICLADO COR 4085/PET,100CM,15855792,102,134821,15851087NBR3283097,25/06/2026,21/09/2026,55,,21/09/26,,,,#N/A,1188919,NIKE,
901,OK,DASS SEST,7,140130,1188919,82628,ATAC. MR140014 6MM RECICLADO COR 4085/PET,105CM,15855792,686,134821,15851086NBR3283097,25/06/2026,21/09/2026,55,,21/09/26,,,,#N/A,1188919,NIKE,
902,OK,DASS SEST,7,140130,1188919,82628,ATAC. MR140014 6MM RECICLADO COR 4085/PET,105CM,15855792,708,134821,15851087NBR3283097,25/06/2026,21/09/2026,55,,21/09/26,,,,#N/A,1188919,NIKE,
903,OK,DASS SEST,7,140130,1188919,82628,ATAC. MR140014 6MM RECICLADO COR 4085/PET,105CM,15855792,156,134821,15851081NBR3283140,25/06/2026,21/09/2026,55,,21/09/26,,,,#N/A,1188919,NIKE,
904,OK,DASS SEST,7,140130,1188919,82628,ATAC. MR140014 6MM RECICLADO COR 4085/PET,105CM,15855792,162,134821,15851082NBR3283140,25/06/2026,21/09/2026,55,,21/09/26,,,,#N/A,1188919,NIKE,
905,OK,DASS SEST,7,140130,1188919,82628,ATAC. MR140014 6MM RECICLADO COR 4085/PET,110CM,15855792,48,134821,15851086NBR3283097,25/06/2026,21/09/2026,55,,21/09/26,,,,#N/A,1188919,NIKE,
906,OK,DASS SEST,7,140130,1188919,82628,ATAC. MR140014 6MM RECICLADO COR 4085/PET,110CM,15855792,36,134821,15851087NBR3283097,25/06/2026,21/09/2026,55,,21/09/26,,,,#N/A,1188919,NIKE,
907,OK,DASS SEST,7,140130,1188919,82628,ATAC. MR140014 6MM RECICLADO COR 4085/PET,110CM,15855792,464,134821,15851081NBR3283140,25/06/2026,21/09/2026,55,,21/09/26,,,,#N/A,1188919,NIKE,
908,OK,DASS SEST,7,140130,1188919,82628,ATAC. MR140014 6MM RECICLADO COR 4085/PET,110CM,15855792,450,134821,15851082NBR3283140,25/06/2026,21/09/2026,55,,21/09/26,,,,#N/A,1188919,NIKE,
909,OK,DASS SEST,7,140130,1188919,82628,ATAC. MR140014 6MM RECICLADO COR 4085/PET,115CM,15855792,180,134821,15851081NBR3283140,25/06/2026,21/09/2026,55,,21/09/26,,,,#N/A,1188919,NIKE,
910,OK,DASS SEST,7,140130,1188919,82628,ATAC. MR140014 6MM RECICLADO COR 4085/PET,115CM,15855792,186,134821,15851082NBR3283140,25/06/2026,21/09/2026,55,,21/09/26,,,,#N/A,1188919,NIKE,
911,OK,DASS SEST,7,140130,1102648,93674,ATAC. MR140023 RECICLADO COR 4085/PET,100CM,15855792,96,134821,15851078NBR3283086,25/06/2026,21/09/2026,55,,21/09/26,,,,#N/A,1102648,NIKE,
912,OK,DASS SEST,7,140130,1102648,93674,ATAC. MR140023 RECICLADO COR 4085/PET,105CM,15855792,716,134821,15851078NBR3283086,25/06/2026,21/09/2026,55,,21/09/26,,,,#N/A,1102648,NIKE,
913,OK,DASS SEST,7,140130,1102648,93674,ATAC. MR140023 RECICLADO COR 4085/PET,110CM,15855792,198,134821,15851078NBR3283086,25/06/2026,21/09/2026,55,,21/09/26,,,,#N/A,1102648,NIKE,
914,OK,DASS SEST,7,140130,1304277,88668,ATAC. MR110022 7MM RECICLADO COR 4085/PET / COR 496/PET,110CM,15855792,348,134821,15851097NBR3283028,25/06/2026,21/09/2026,55,,21/09/26,,,,#N/A,1304277,NIKE,
915,OK,DASS SEST,7,140130,1304277,88668,ATAC. MR110022 7MM RECICLADO COR 4085/PET / COR 496/PET,110CM,15855792,722,134821,15851103NBR3283091,25/06/2026,21/09/2026,55,,21/09/26,,,,#N/A,1304277,NIKE,
916,OK,DASS SEST,7,140130,1304277,88668,ATAC. MR110022 7MM RECICLADO COR 4085/PET / COR 496/PET,110CM,15855792,744,134821,15851104NBR3283091,25/06/2026,21/09/2026,55,,21/09/26,,,,#N/A,1304277,NIKE,
917,OK,DASS SEST,7,140130,1304277,88668,ATAC. MR110022 7MM RECICLADO COR 4085/PET / COR 496/PET,110CM,15855792,192,134821,15851092NBR3283095,25/06/2026,21/09/2026,55,,21/09/26,,,,#N/A,1304277,NIKE,
918,OK,DASS SEST,7,140130,1304277,88668,ATAC. MR110022 7MM RECICLADO COR 4085/PET / COR 496/PET,110CM,15855792,180,134821,15851093NBR3283095,25/06/2026,21/09/2026,55,,21/09/26,,,,#N/A,1304277,NIKE,
919,OK,DASS SEST,7,140130,1304277,88668,ATAC. MR110022 7MM RECICLADO COR 4085/PET / COR 496/PET,110CM,15855792,228,134821,15851094NBR3283095,25/06/2026,21/09/2026,55,,21/09/26,,,,#N/A,1304277,NIKE,
920,OK,DASS SEST,7,140130,1304277,88668,ATAC. MR110022 7MM RECICLADO COR 4085/PET / COR 496/PET,110CM,15855792,204,134821,15851095NBR3283101,25/06/2026,21/09/2026,55,,21/09/26,,,,#N/A,1304277,NIKE,
921,OK,DASS SEST,7,140130,1304277,88668,ATAC. MR110022 7MM RECICLADO COR 4085/PET / COR 496/PET,110CM,15855792,1012,134821,15854347NEX0000083,25/06/2026,21/09/2026,55,,21/09/26,,,,#N/A,1304277,NIKE,
922,OK,DASS SEST,7,140130,1304277,88668,ATAC. MR110022 7MM RECICLADO COR 4085/PET / COR 496/PET,110CM,15855792,972,134821,15854348NEX0000083,25/06/2026,21/09/2026,55,,21/09/26,,,,#N/A,1304277,NIKE,
923,OK,DASS SEST,7,140130,1304277,88668,ATAC. MR110022 7MM RECICLADO COR 4085/PET / COR 496/PET,110CM,15855792,1056,134821,15854349NEX0000083,25/06/2026,21/09/2026,55,,21/09/26,,,,#N/A,1304277,NIKE,
924,OK,DASS SEST,7,140130,1304277,88668,ATAC. MR110022 7MM RECICLADO COR 4085/PET / COR 496/PET,115CM,15855792,848,134821,15851097NBR3283028,25/06/2026,21/09/2026,55,,21/09/26,,,,#N/A,1304277,NIKE,
925,OK,DASS SEST,7,140130,1304277,88668,ATAC. MR110022 7MM RECICLADO COR 4085/PET / COR 496/PET,115CM,15855792,18,134821,15851103NBR3283091,25/06/2026,21/09/2026,55,,21/09/26,,,,#N/A,1304277,NIKE,
926,OK,DASS SEST,7,140130,1304277,88668,ATAC. MR110022 7MM RECICLADO COR 4085/PET / COR 496/PET,115CM,15855792,525,134821,15851092NBR3283095,25/06/2026,21/09/2026,55,,21/09/26,,,,#N/A,1304277,NIKE,
927,OK,DASS SEST,7,140130,1304277,88668,ATAC. MR110022 7MM RECICLADO COR 4085/PET / COR 496/PET,115CM,15855792,516,134821,15851093NBR3283095,25/06/2026,21/09/2026,55,,21/09/26,,,,#N/A,1304277,NIKE,
928,OK,DASS SEST,7,140130,1304277,88668,ATAC. MR110022 7MM RECICLADO COR 4085/PET / COR 496/PET,115CM,15855792,528,134821,15851094NBR3283095,25/06/2026,21/09/2026,55,,21/09/26,,,,#N/A,1304277,NIKE,
929,OK,DASS SEST,7,140130,1304277,88668,ATAC. MR110022 7MM RECICLADO COR 4085/PET / COR 496/PET,115CM,15855792,788,134821,15851095NBR3283101,25/06/2026,21/09/2026,55,,21/09/26,,,,#N/A,1304277,NIKE,
930,OK,DASS SEST,7,140130,1304277,88668,ATAC. MR110022 7MM RECICLADO COR 4085/PET / COR 496/PET,115CM,15855792,198,134821,15854347NEX0000083,25/06/2026,21/09/2026,55,,21/09/26,,,,#N/A,1304277,NIKE,
931,OK,DASS SEST,7,140130,1304277,88668,ATAC. MR110022 7MM RECICLADO COR 4085/PET / COR 496/PET,115CM,15855792,108,134821,15854348NEX0000083,25/06/2026,21/09/2026,55,,21/09/26,,,,#N/A,1304277,NIKE,
932,OK,DASS SEST,7,140130,1304277,88668,ATAC. MR110022 7MM RECICLADO COR 4085/PET / COR 496/PET,115CM,15855792,24,134821,15854349NEX0000083,25/06/2026,21/09/2026,55,,21/09/26,,,,#N/A,1304277,NIKE,
933,OK,DASS SEST,7,140130,1304277,88668,ATAC. MR110022 7MM RECICLADO COR 4085/PET / COR 496/PET,120CM,15855792,180,134821,15851097NBR3283028,25/06/2026,21/09/2026,55,,21/09/26,,,,#N/A,1304277,NIKE,
934,OK,DASS SEST,7,140130,1304277,88668,ATAC. MR110022 7MM RECICLADO COR 4085/PET / COR 496/PET,120CM,15855792,132,134821,15851092NBR3283095,25/06/2026,21/09/2026,55,,21/09/26,,,,#N/A,1304277,NIKE,
935,OK,DASS SEST,7,140130,1304277,88668,ATAC. MR110022 7MM RECICLADO COR 4085/PET / COR 496/PET,120CM,15855792,120,134821,15851093NBR3283095,25/06/2026,21/09/2026,55,,21/09/26,,,,#N/A,1304277,NIKE,
936,OK,DASS SEST,7,140130,1304277,88668,ATAC. MR110022 7MM RECICLADO COR 4085/PET / COR 496/PET,120CM,15855792,144,134821,15851094NBR3283095,25/06/2026,21/09/2026,55,,21/09/26,,,,#N/A,1304277,NIKE,
937,OK,DASS SEST,7,140130,1304277,88668,ATAC. MR110022 7MM RECICLADO COR 4085/PET / COR 496/PET,120CM,15855792,198,134821,15851095NBR3283101,25/06/2026,21/09/2026,55,,21/09/26,,,,#N/A,1304277,NIKE,
938,OK,DASS SEST,7,140130,1413117,95026,ATAC. MR110022 7MM RECICLADO COR 6146/PET / COR 492/PET,110CM,15855792,216,134821,15851110NBR3283026,25/06/2026,21/09/2026,55,,21/09/26,,,,#N/A,1413117,NIKE,
939,OK,DASS SEST,7,140130,1413117,95026,ATAC. MR110022 7MM RECICLADO COR 6146/PET / COR 492/PET,110CM,15855792,222,134821,15851111NBR3283026,25/06/2026,21/09/2026,55,,21/09/26,,,,#N/A,1413117,NIKE,
940,OK,DASS SEST,7,140130,1413117,95026,ATAC. MR110022 7MM RECICLADO COR 6146/PET / COR 492/PET,115CM,15855792,584,134821,15851110NBR3283026,25/06/2026,21/09/2026,55,,21/09/26,,,,#N/A,1413117,NIKE,
941,OK,DASS SEST,7,140130,1413117,95026,ATAC. MR110022 7MM RECICLADO COR 6146/PET / COR 492/PET,115CM,15855792,576,134821,15851111NBR3283026,25/06/2026,21/09/2026,55,,21/09/26,,,,#N/A,1413117,NIKE,
942,OK,DASS SEST,7,140130,1413117,95026,ATAC. MR110022 7MM RECICLADO COR 6146/PET / COR 492/PET,120CM,15855792,120,134821,15851110NBR3283026,25/06/2026,21/09/2026,55,,21/09/26,,,,#N/A,1413117,NIKE,
943,OK,DASS SEST,7,140130,1413117,95026,ATAC. MR110022 7MM RECICLADO COR 6146/PET / COR 492/PET,120CM,15855792,138,134821,15851111NBR3283026,25/06/2026,21/09/2026,55,,21/09/26,,,,#N/A,1413117,NIKE,
944,OK,DASS SEST,7,140130,1424201,95897,ATAC. MR110022 7MM RECICLADO COR 4662/PET / COR 4638/PET,110CM,15855792,855,134821,15851129NBR3283027,25/06/2026,21/09/2026,55,,21/09/26,,,,#N/A,1424201,NIKE,
945,OK,DASS SEST,7,140130,1424201,95897,ATAC. MR110022 7MM RECICLADO COR 4662/PET / COR 4638/PET,110CM,15855792,852,134821,15851130NBR3283027,25/06/2026,21/09/2026,55,,21/09/26,,,,#N/A,1424201,NIKE,
946,OK,DASS SEST,7,140130,1424201,95897,ATAC. MR110022 7MM RECICLADO COR 4662/PET / COR 4638/PET,110CM,15855792,918,134821,15851131NBR3283027,25/06/2026,21/09/2026,55,,21/09/26,,,,#N/A,1424201,NIKE,
947,OK,DASS SEST,7,140130,1424201,95897,ATAC. MR110022 7MM RECICLADO COR 4662/PET / COR 4638/PET,115CM,15855792,42,134821,15851129NBR3283027,25/06/2026,21/09/2026,55,,21/09/26,,,,#N/A,1424201,NIKE,
948,OK,DASS SEST,7,140130,1424201,95897,ATAC. MR110022 7MM RECICLADO COR 4662/PET / COR 4638/PET,115CM,15855792,24,134821,15851130NBR3283027,25/06/2026,21/09/2026,55,,21/09/26,,,,#N/A,1424201,NIKE,
949,OK,DASS SEST,7,140130,1424204,95898,ATAC. MR110022 7MM RECICLADO COR 6222/PET / COR 4259/PET,110CM,15855792,192,134821,15851116NBR3283041,25/06/2026,21/09/2026,55,,21/09/26,,,,#N/A,1424204,NIKE,
950,OK,DASS SEST,7,140130,1424204,95898,ATAC. MR110022 7MM RECICLADO COR 6222/PET / COR 4259/PET,110CM,15855792,216,134821,15851117NBR3283041,25/06/2026,21/09/2026,55,,21/09/26,,,,#N/A,1424204,NIKE,
951,OK,DASS SEST,7,140130,1424204,95898,ATAC. MR110022 7MM RECICLADO COR 6222/PET / COR 4259/PET,115CM,15855792,596,134821,15851116NBR3283041,25/06/2026,21/09/2026,55,,21/09/26,,,,#N/A,1424204,NIKE,
952,OK,DASS SEST,7,140130,1424204,95898,ATAC. MR110022 7MM RECICLADO COR 6222/PET / COR 4259/PET,115CM,15855792,618,134821,15851117NBR3283041,25/06/2026,21/09/2026,55,,21/09/26,,,,#N/A,1424204,NIKE,
953,OK,DASS SEST,7,140130,1424204,95898,ATAC. MR110022 7MM RECICLADO COR 6222/PET / COR 4259/PET,120CM,15855792,180,134821,15851116NBR3283041,25/06/2026,21/09/2026,55,,21/09/26,,,,#N/A,1424204,NIKE,
954,OK,DASS SEST,7,140130,1424204,95898,ATAC. MR110022 7MM RECICLADO COR 6222/PET / COR 4259/PET,120CM,15855792,186,134821,15851117NBR3283041,25/06/2026,21/09/2026,55,,21/09/26,,,,#N/A,1424204,NIKE,
955,OK,DASS SEST,7,140130,1424203,95899,ATAC. MR110022 7MM RECICLADO COR 4085/PET / COR 422/PET,110CM,15855792,650,134821,15851126NBR3282873,25/06/2026,21/09/2026,55,,21/09/26,,,,#N/A,1424203,NIKE,
956,OK,DASS SEST,7,140130,1424203,95899,ATAC. MR110022 7MM RECICLADO COR 4085/PET / COR 422/PET,110CM,15855792,726,134821,15851127NBR3282873,25/06/2026,21/09/2026,55,,21/09/26,,,,#N/A,1424203,NIKE,
957,OK,DASS SEST,7,140130,1424203,95899,ATAC. MR110022 7MM RECICLADO COR 4085/PET / COR 422/PET,115CM,15855792,36,134821,15851126NBR3282873,25/06/2026,21/09/2026,55,,21/09/26,,,,#N/A,1424203,NIKE,
958,OK,DASS SEST,7,140130,1424203,95899,ATAC. MR110022 7MM RECICLADO COR 4085/PET / COR 422/PET,115CM,15855792,36,134821,15851127NBR3282873,25/06/2026,21/09/2026,55,,21/09/26,,,,#N/A,1424203,NIKE,
959,OK,DASS SEST,7,140130,1424205,95900,ATAC. MR110022 7MM RECICLADO COR 057/PET / COR 5946/PET,110CM,15855792,300,134821,15851114NBR3283042,25/06/2026,21/09/2026,55,,21/09/26,,,,#N/A,1424205,NIKE,
960,OK,DASS SEST,7,140130,1424205,95900,ATAC. MR110022 7MM RECICLADO COR 057/PET / COR 5946/PET,110CM,15855792,330,134821,15851115NBR3283042,25/06/2026,21/09/2026,55,,21/09/26,,,,#N/A,1424205,NIKE,
961,OK,DASS SEST,7,140130,1424205,95900,ATAC. MR110022 7MM RECICLADO COR 057/PET / COR 5946/PET,115CM,15855792,723,134821,15851114NBR3283042,25/06/2026,21/09/2026,55,,21/09/26,,,,#N/A,1424205,NIKE,
962,OK,DASS SEST,7,140130,1424205,95900,ATAC. MR110022 7MM RECICLADO COR 057/PET / COR 5946/PET,115CM,15855792,738,134821,15851115NBR3283042,25/06/2026,21/09/2026,55,,21/09/26,,,,#N/A,1424205,NIKE,
963,OK,DASS SEST,7,140130,1424205,95900,ATAC. MR110022 7MM RECICLADO COR 057/PET / COR 5946/PET,120CM,15855792,144,134821,15851114NBR3283042,25/06/2026,21/09/2026,55,,21/09/26,,,,#N/A,1424205,NIKE,
964,OK,DASS SEST,7,140130,1424205,95900,ATAC. MR110022 7MM RECICLADO COR 057/PET / COR 5946/PET,120CM,15855792,168,134821,15851115NBR3283042,25/06/2026,21/09/2026,55,,21/09/26,,,,#N/A,1424205,NIKE,
1060,OK,DASS SEST,7,140190,1188919,82628,ATAC. MR140014 6MM RECICLADO COR 4085/PET,100CM,15872670,216,134940,15866740NBR3283049,26/06/2026,21/09/2026,55,,21/09/26,,,,#N/A,1188919,NIKE,
1061,OK,DASS SEST,7,140190,1188919,82628,ATAC. MR140014 6MM RECICLADO COR 4085/PET,100CM,15872670,204,134940,15866741NBR3283049,26/06/2026,21/09/2026,55,,21/09/26,,,,#N/A,1188919,NIKE,
1062,OK,DASS SEST,7,140190,1188919,82628,ATAC. MR140014 6MM RECICLADO COR 4085/PET,100CM,15872670,222,134940,15866742NBR3283049,26/06/2026,21/09/2026,55,,21/09/26,,,,#N/A,1188919,NIKE,
1063,OK,DASS SEST,7,140190,1188919,82628,ATAC. MR140014 6MM RECICLADO COR 4085/PET,105CM,15872670,675,134940,15866740NBR3283049,26/06/2026,21/09/2026,55,,21/09/26,,,,#N/A,1188919,NIKE,
1064,OK,DASS SEST,7,140190,1188919,82628,ATAC. MR140014 6MM RECICLADO COR 4085/PET,105CM,15872670,648,134940,15866741NBR3283049,26/06/2026,21/09/2026,55,,21/09/26,,,,#N/A,1188919,NIKE,
1065,OK,DASS SEST,7,140190,1188919,82628,ATAC. MR140014 6MM RECICLADO COR 4085/PET,105CM,15872670,714,134940,15866742NBR3283049,26/06/2026,21/09/2026,55,,21/09/26,,,,#N/A,1188919,NIKE,
1066,OK,DASS SEST,7,140190,1188919,82628,ATAC. MR140014 6MM RECICLADO COR 4085/PET,105CM,15872670,324,134940,15866713NBR3283058,26/06/2026,21/09/2026,55,,21/09/26,,,,#N/A,1188919,NIKE,
1067,OK,DASS SEST,7,140190,1188919,82628,ATAC. MR140014 6MM RECICLADO COR 4085/PET,110CM,15872670,12,134940,15866740NBR3283049,26/06/2026,21/09/2026,55,,21/09/26,,,,#N/A,1188919,NIKE,
1068,OK,DASS SEST,7,140190,1188919,82628,ATAC. MR140014 6MM RECICLADO COR 4085/PET,110CM,15872670,914,134940,15866713NBR3283058,26/06/2026,21/09/2026,55,,21/09/26,,,,#N/A,1188919,NIKE,
1069,OK,DASS SEST,7,140190,1188919,82628,ATAC. MR140014 6MM RECICLADO COR 4085/PET,115CM,15872670,300,134940,15866713NBR3283058,26/06/2026,21/09/2026,55,,21/09/26,,,,#N/A,1188919,NIKE,
1070,OK,DASS SEST,7,140190,1278311,86418,ATAC. MR140014 6MM RECICLADO COR 4662/PET,100CM,15872670,192,134940,15866752NBR3283050,26/06/2026,21/09/2026,55,,21/09/26,,,,#N/A,1278311,NIKE,
1071,OK,DASS SEST,7,140190,1278311,86418,ATAC. MR140014 6MM RECICLADO COR 4662/PET,100CM,15872670,210,134940,15866753NBR3283050,26/06/2026,21/09/2026,55,,21/09/26,,,,#N/A,1278311,NIKE,
1072,OK,DASS SEST,7,140190,1278311,86418,ATAC. MR140014 6MM RECICLADO COR 4662/PET,100CM,15872670,192,134940,15866754NBR3283063,26/06/2026,21/09/2026,55,,21/09/26,,,,#N/A,1278311,NIKE,
1073,OK,DASS SEST,7,140190,1278311,86418,ATAC. MR140014 6MM RECICLADO COR 4662/PET,100CM,15872670,210,134940,15866755NBR3283063,26/06/2026,21/09/2026,55,,21/09/26,,,,#N/A,1278311,NIKE,
1074,OK,DASS SEST,7,140190,1278311,86418,ATAC. MR140014 6MM RECICLADO COR 4662/PET,100CM,15872670,192,134940,15866756NBR3283073,26/06/2026,21/09/2026,55,,21/09/26,,,,#N/A,1278311,NIKE,
1075,OK,DASS SEST,7,140190,1278311,86418,ATAC. MR140014 6MM RECICLADO COR 4662/PET,100CM,15872670,204,134940,15866758NBR3283073,26/06/2026,21/09/2026,55,,21/09/26,,,,#N/A,1278311,NIKE,
1076,OK,DASS SEST,7,140190,1278311,86418,ATAC. MR140014 6MM RECICLADO COR 4662/PET,105CM,15872670,662,134940,15866752NBR3283050,26/06/2026,21/09/2026,55,,21/09/26,,,,#N/A,1278311,NIKE,
1077,OK,DASS SEST,7,140190,1278311,86418,ATAC. MR140014 6MM RECICLADO COR 4662/PET,105CM,15872670,684,134940,15866753NBR3283050,26/06/2026,21/09/2026,55,,21/09/26,,,,#N/A,1278311,NIKE,
1078,OK,DASS SEST,7,140190,1278311,86418,ATAC. MR140014 6MM RECICLADO COR 4662/PET,105CM,15872670,120,134940,15866715NBR3283060,26/06/2026,21/09/2026,55,,21/09/26,,,,#N/A,1278311,NIKE,
1079,OK,DASS SEST,7,140190,1278311,86418,ATAC. MR140014 6MM RECICLADO COR 4662/PET,105CM,15872670,102,134940,15866716NBR3283060,26/06/2026,21/09/2026,55,,21/09/26,,,,#N/A,1278311,NIKE,
1080,OK,DASS SEST,7,140190,1278311,86418,ATAC. MR140014 6MM RECICLADO COR 4662/PET,105CM,15872670,662,134940,15866754NBR3283063,26/06/2026,21/09/2026,55,,21/09/26,,,,#N/A,1278311,NIKE,
1081,OK,DASS SEST,7,140190,1278311,86418,ATAC. MR140014 6MM RECICLADO COR 4662/PET,105CM,15872670,684,134940,15866755NBR3283063,26/06/2026,21/09/2026,55,,21/09/26,,,,#N/A,1278311,NIKE,
1082,OK,DASS SEST,7,140190,1278311,86418,ATAC. MR140014 6MM RECICLADO COR 4662/PET,105CM,15872670,120,134940,15866717NBR3283070,26/06/2026,21/09/2026,55,,21/09/26,,,,#N/A,1278311,NIKE,
1083,OK,DASS SEST,7,140190,1278311,86418,ATAC. MR140014 6MM RECICLADO COR 4662/PET,105CM,15872670,102,134940,15866718NBR3283070,26/06/2026,21/09/2026,55,,21/09/26,,,,#N/A,1278311,NIKE,
1084,OK,DASS SEST,7,140190,1278311,86418,ATAC. MR140014 6MM RECICLADO COR 4662/PET,105CM,15872670,638,134940,15866756NBR3283073,26/06/2026,21/09/2026,55,,21/09/26,,,,#N/A,1278311,NIKE,
1085,OK,DASS SEST,7,140190,1278311,86418,ATAC. MR140014 6MM RECICLADO COR 4662/PET,105CM,15872670,690,134940,15866758NBR3283073,26/06/2026,21/09/2026,55,,21/09/26,,,,#N/A,1278311,NIKE,
1086,OK,DASS SEST,7,140190,1278311,86418,ATAC. MR140014 6MM RECICLADO COR 4662/PET,110CM,15872670,24,134940,15866752NBR3283050,26/06/2026,21/09/2026,55,,21/09/26,,,,#N/A,1278311,NIKE,
1087,OK,DASS SEST,7,140190,1278311,86418,ATAC. MR140014 6MM RECICLADO COR 4662/PET,110CM,15872670,626,134940,15866715NBR3283060,26/06/2026,21/09/2026,55,,21/09/26,,,,#N/A,1278311,NIKE,
1088,OK,DASS SEST,7,140190,1278311,86418,ATAC. MR140014 6MM RECICLADO COR 4662/PET,110CM,15872670,636,134940,15866716NBR3283060,26/06/2026,21/09/2026,55,,21/09/26,,,,#N/A,1278311,NIKE,
1089,OK,DASS SEST,7,140190,1278311,86418,ATAC. MR140014 6MM RECICLADO COR 4662/PET,110CM,15872670,24,134940,15866754NBR3283063,26/06/2026,21/09/2026,55,,21/09/26,,,,#N/A,1278311,NIKE,
1090,OK,DASS SEST,7,140190,1278311,86418,ATAC. MR140014 6MM RECICLADO COR 4662/PET,110CM,15872670,626,134940,15866717NBR3283070,26/06/2026,21/09/2026,55,,21/09/26,,,,#N/A,1278311,NIKE,
1091,OK,DASS SEST,7,140190,1278311,86418,ATAC. MR140014 6MM RECICLADO COR 4662/PET,110CM,15872670,636,134940,15866718NBR3283070,26/06/2026,21/09/2026,55,,21/09/26,,,,#N/A,1278311,NIKE,
1092,OK,DASS SEST,7,140190,1278311,86418,ATAC. MR140014 6MM RECICLADO COR 4662/PET,110CM,15872670,24,134940,15866756NBR3283073,26/06/2026,21/09/2026,55,,21/09/26,,,,#N/A,1278311,NIKE,
1093,OK,DASS SEST,7,140190,1278311,86418,ATAC. MR140014 6MM RECICLADO COR 4662/PET,115CM,15872670,204,134940,15866715NBR3283060,26/06/2026,21/09/2026,55,,21/09/26,,,,#N/A,1278311,NIKE,
1094,OK,DASS SEST,7,140190,1278311,86418,ATAC. MR140014 6MM RECICLADO COR 4662/PET,115CM,15872670,234,134940,15866716NBR3283060,26/06/2026,21/09/2026,55,,21/09/26,,,,#N/A,1278311,NIKE,
1095,OK,DASS SEST,7,140190,1278311,86418,ATAC. MR140014 6MM RECICLADO COR 4662/PET,115CM,15872670,204,134940,15866717NBR3283070,26/06/2026,21/09/2026,55,,21/09/26,,,,#N/A,1278311,NIKE,
1096,OK,DASS SEST,7,140190,1278311,86418,ATAC. MR140014 6MM RECICLADO COR 4662/PET,115CM,15872670,234,134940,15866718NBR3283070,26/06/2026,21/09/2026,55,,21/09/26,,,,#N/A,1278311,NIKE,
1614,OK,DASS SEST,7,140764,1188919,82628,ATAC. MR140014 6MM RECICLADO COR 4085/PET,105CM,15915180,591,135476,15903700NBR3283149,10/07/2026,21/09/2026,55,,21/09/26,,,,#N/A,1188919,NIKE,
1615,OK,DASS SEST,7,140764,1188919,82628,ATAC. MR140014 6MM RECICLADO COR 4085/PET,105CM,15915180,552,135476,15903702NBR3283149,10/07/2026,21/09/2026,55,,21/09/26,,,,#N/A,1188919,NIKE,
1616,OK,DASS SEST,7,140764,1188919,82628,ATAC. MR140014 6MM RECICLADO COR 4085/PET,105CM,15915180,612,135476,15903703NBR3283149,10/07/2026,21/09/2026,55,,21/09/26,,,,#N/A,1188919,NIKE,
1617,OK,DASS SEST,7,140764,1188919,82628,ATAC. MR140014 6MM RECICLADO COR 4085/PET,110CM,15915180,282,135476,15903700NBR3283149,10/07/2026,21/09/2026,55,,21/09/26,,,,#N/A,1188919,NIKE,
1618,OK,DASS SEST,7,140764,1188919,82628,ATAC. MR140014 6MM RECICLADO COR 4085/PET,110CM,15915180,240,135476,15903702NBR3283149,10/07/2026,21/09/2026,55,,21/09/26,,,,#N/A,1188919,NIKE,
1619,OK,DASS SEST,7,140764,1188919,82628,ATAC. MR140014 6MM RECICLADO COR 4085/PET,110CM,15915180,264,135476,15903703NBR3283149,10/07/2026,21/09/2026,55,,21/09/26,,,,#N/A,1188919,NIKE,
1620,OK,DASS SEST,7,140764,1425212,96072,ATAC. MR140014 6MM RECICLADO COR 6255/PET,105CM,15915180,12,135476,15903694NBR3283155,10/07/2026,21/09/2026,55,,21/09/26,,,,#N/A,1425212,NIKE,
1621,OK,DASS SEST,7,140764,1425212,96072,ATAC. MR140014 6MM RECICLADO COR 6255/PET,105CM,15915180,24,135476,15903695NBR3283155,10/07/2026,21/09/2026,55,,21/09/26,,,,#N/A,1425212,NIKE,
1622,OK,DASS SEST,7,140764,1425212,96072,ATAC. MR140014 6MM RECICLADO COR 6255/PET,110CM,15915180,812,135476,15903694NBR3283155,10/07/2026,21/09/2026,55,,21/09/26,,,,#N/A,1425212,NIKE,
1623,OK,DASS SEST,7,140764,1425212,96072,ATAC. MR140014 6MM RECICLADO COR 6255/PET,110CM,15915180,870,135476,15903695NBR3283155,10/07/2026,21/09/2026,55,,21/09/26,,,,#N/A,1425212,NIKE,
1624,OK,DASS SEST,7,140764,1425212,96072,ATAC. MR140014 6MM RECICLADO COR 6255/PET,115CM,15915180,84,135476,15903694NBR3283155,10/07/2026,21/09/2026,55,,21/09/26,,,,#N/A,1425212,NIKE,
1625,OK,DASS SEST,7,140764,1425212,96072,ATAC. MR140014 6MM RECICLADO COR 6255/PET,115CM,15915180,114,135476,15903695NBR3283155,10/07/2026,21/09/2026,55,,21/09/26,,,,#N/A,1425212,NIKE,
1626,OK,DASS SEST,7,140764,1426514,95893,ATAC. MR130027 6MM RECICLADO COR 6249/PET,110CM,15915180,348,135476,15903723NBR3282884,10/07/2026,21/09/2026,55,,21/09/26,,,,#N/A,1426514,NIKE,
1627,OK,DASS SEST,7,140764,1426514,95893,ATAC. MR130027 6MM RECICLADO COR 6249/PET,115CM,15915180,986,135476,15903723NBR3282884,10/07/2026,21/09/2026,55,,21/09/26,,,,#N/A,1426514,NIKE,
1628,OK,DASS SEST,7,140764,1426514,95893,ATAC. MR130027 6MM RECICLADO COR 6249/PET,120CM,15915180,150,135476,15903723NBR3282884,10/07/2026,21/09/2026,55,,21/09/2026,,,,#N/A,1426514,NIKE,
1630,OK,DASS SEST,7,140848,1451084,96119,ATAC. MR130027 6MM RECICLADO COR 5687/PET,110CM,15928195,108,135559,15903707NBR3283055,15/07/2026,21/09/2026,55,,21/09/2026,,,,#N/A,1451084,NIKE,
1631,OK,DASS SEST,7,140848,1451084,96119,ATAC. MR130027 6MM RECICLADO COR 5687/PET,110CM,15928195,120,135559,15903708NBR3283055,15/07/2026,21/09/2026,55,,21/09/2026,,,,#N/A,1451084,NIKE,
1632,OK,DASS SEST,7,140848,1451084,96119,ATAC. MR130027 6MM RECICLADO COR 5687/PET,110CM,15928195,108,135559,15903709NBR3283066,15/07/2026,21/09/2026,55,,21/09/2026,,,,#N/A,1451084,NIKE,
1633,OK,DASS SEST,7,140848,1451084,96119,ATAC. MR130027 6MM RECICLADO COR 5687/PET,110CM,15928195,126,135559,15903710NBR3283066,15/07/2026,21/09/2026,55,,21/09/2026,,,,#N/A,1451084,NIKE,
1634,OK,DASS SEST,7,140848,1451084,96119,ATAC. MR130027 6MM RECICLADO COR 5687/PET,110CM,15928195,108,135559,15903711NBR3283068,15/07/2026,21/09/2026,55,,21/09/2026,,,,#N/A,1451084,NIKE,
1635,OK,DASS SEST,7,140848,1451084,96119,ATAC. MR130027 6MM RECICLADO COR 5687/PET,110CM,15928195,120,135559,15903714NBR3283068,15/07/2026,21/09/2026,55,,21/09/2026,,,,#N/A,1451084,NIKE,
1636,OK,DASS SEST,7,140848,1451084,96119,ATAC. MR130027 6MM RECICLADO COR 5687/PET,115CM,15928195,572,135559,15903707NBR3283055,15/07/2026,21/09/2026,55,,21/09/2026,,,,#N/A,1451084,NIKE,
1637,OK,DASS SEST,7,140848,1451084,96119,ATAC. MR130027 6MM RECICLADO COR 5687/PET,115CM,15928195,570,135559,15903708NBR3283055,15/07/2026,21/09/2026,55,,21/09/2026,,,,#N/A,1451084,NIKE,
1638,OK,DASS SEST,7,140848,1451084,96119,ATAC. MR130027 6MM RECICLADO COR 5687/PET,115CM,15928195,572,135559,15903709NBR3283066,15/07/2026,21/09/2026,55,,21/09/2026,,,,#N/A,1451084,NIKE,
1639,OK,DASS SEST,7,140848,1451084,96119,ATAC. MR130027 6MM RECICLADO COR 5687/PET,115CM,15928195,576,135559,15903710NBR3283066,15/07/2026,21/09/2026,55,,21/09/2026,,,,#N/A,1451084,NIKE,
1640,OK,DASS SEST,7,140848,1451084,96119,ATAC. MR130027 6MM RECICLADO COR 5687/PET,115CM,15928195,572,135559,15903711NBR3283068,15/07/2026,21/09/2026,55,,21/09/2026,,,,#N/A,1451084,NIKE,
1641,OK,DASS SEST,7,140848,1451084,96119,ATAC. MR130027 6MM RECICLADO COR 5687/PET,115CM,15928195,570,135559,15903714NBR3283068,15/07/2026,21/09/2026,55,,21/09/2026,,,,#N/A,1451084,NIKE,
1642,OK,DASS SEST,7,140848,1451084,96119,ATAC. MR130027 6MM RECICLADO COR 5687/PET,120CM,15928195,132,135559,15903707NBR3283055,15/07/2026,21/09/2026,55,,21/09/2026,,,,#N/A,1451084,NIKE,
1643,OK,DASS SEST,7,140848,1451084,96119,ATAC. MR130027 6MM RECICLADO COR 5687/PET,120CM,15928195,138,135559,15903708NBR3283055,15/07/2026,21/09/2026,55,,21/09/2026,,,,#N/A,1451084,NIKE,
1644,OK,DASS SEST,7,140848,1451084,96119,ATAC. MR130027 6MM RECICLADO COR 5687/PET,120CM,15928195,132,135559,15903709NBR3283066,15/07/2026,21/09/2026,55,,21/09/2026,,,,#N/A,1451084,NIKE,
1645,OK,DASS SEST,7,140848,1451084,96119,ATAC. MR130027 6MM RECICLADO COR 5687/PET,120CM,15928195,138,135559,15903710NBR3283066,15/07/2026,21/09/2026,55,,21/09/2026,,,,#N/A,1451084,NIKE,
1646,OK,DASS SEST,7,140848,1451084,96119,ATAC. MR130027 6MM RECICLADO COR 5687/PET,120CM,15928195,132,135559,15903711NBR3283068,15/07/2026,21/09/2026,55,,21/09/2026,,,,#N/A,1451084,NIKE,
1647,OK,DASS SEST,7,140848,1451084,96119,ATAC. MR130027 6MM RECICLADO COR 5687/PET,120CM,15928195,138,135559,15903714NBR3283068,15/07/2026,21/09/2026,55,,21/09/2026,,,,#N/A,1451084,NIKE,
1762,OK,DASS SEST,7,140951,1027849,92568,ATAC. MR110012 8MM RECICLADO COR 4085/PET,115CM,15944095,216,135638,15941755NBR3283291,17/07/2026,21/09/2026,55,,21/09/2026,,,,#N/A,1027849,NIKE,
1763,OK,DASS SEST,7,140951,1027849,92568,ATAC. MR110012 8MM RECICLADO COR 4085/PET,115CM,15944095,234,135638,15941756NBR3283291,17/07/2026,21/09/2026,55,,21/09/2026,,,,#N/A,1027849,NIKE,
1764,OK,DASS SEST,7,140951,1027849,92568,ATAC. MR110012 8MM RECICLADO COR 4085/PET,115CM,15944095,252,135638,15941750NBR3283294,17/07/2026,21/09/2026,55,,21/09/2026,,,,#N/A,1027849,NIKE,
1765,OK,DASS SEST,7,140951,1027849,92568,ATAC. MR110012 8MM RECICLADO COR 4085/PET,115CM,15944095,294,135638,15941751NBR3283294,17/07/2026,21/09/2026,55,,21/09/2026,,,,#N/A,1027849,NIKE,
1766,OK,DASS SEST,7,140951,1027849,92568,ATAC. MR110012 8MM RECICLADO COR 4085/PET,120CM,15944095,626,135638,15941755NBR3283291,17/07/2026,21/09/2026,55,,21/09/26,,,,#N/A,1027849,NIKE,
1767,OK,DASS SEST,7,140951,1027849,92568,ATAC. MR110012 8MM RECICLADO COR 4085/PET,120CM,15944095,660,135638,15941756NBR3283291,17/07/2026,21/09/2026,55,,21/09/26,,,,#N/A,1027849,NIKE,
1768,OK,DASS SEST,7,140951,1027849,92568,ATAC. MR110012 8MM RECICLADO COR 4085/PET,120CM,15944095,765,135638,15941750NBR3283294,17/07/2026,21/09/2026,55,,21/09/26,,,,#N/A,1027849,NIKE,
1769,OK,DASS SEST,7,140951,1027849,92568,ATAC. MR110012 8MM RECICLADO COR 4085/PET,120CM,15944095,774,135638,15941751NBR3283294,17/07/2026,21/09/2026,55,,21/09/26,,,,#N/A,1027849,NIKE,
2435,OK,DASS SANTO ANTONIO,1526,140523,738316,1053,ELAST. MTM POLIESTER COR 100,6MM,15888467,1388,135198,0,06/07/2026,21/09/2026,55,,21/09/26,,,,#N/A,738316,FILA,
2436,OK,DASS SANTO ANTONIO,1526,140523,1362716,83202,ELAST. MTM POLIESTER COR 334,6MM,15888467,670,135198,0,06/07/2026,21/09/2026,55,,21/09/26,,,,#N/A,1362716,FILA,
2437,OK,DASS SANTO ANTONIO,1526,140523,738314,87444,ELAST. MTM POLIESTER COR 057,6MM,15888467,1104,135198,0,06/07/2026,21/09/2026,55,,21/09/26,,,,#N/A,738314,FILA,
598,OK,DASS SEST,7,140108,1220520,82624,FITA MR100037 C/ GOMA RECICLADO COR 100/PET,18MM,15856794,550,134807,0,25/06/2026,28/09/2026,62,,28/09/26,,,,#N/A,1220520,NIKE,
599,OK,DASS SEST,7,140108,1142481,73127,FITA MR100005 C/ GOMA RECICLADO COR 4085,10MM,15856794,200,134807,0,25/06/2026,28/09/2026,62,,28/09/26,,,,#N/A,1142481,NIKE,
600,OK,DASS SEST,7,140108,1359564,90803,FITA MR100005 C/ GOMA RECICLADO COR 101,10MM,15856794,170,134807,0,25/06/2026,28/09/2026,62,,28/09/26,,,,#N/A,1359564,NIKE,
965,OK,DASS SEST,7,140131,1188919,82628,ATAC. MR140014 6MM RECICLADO COR 4085/PET,100CM,15855793,518,134822,15851826NBR3283020,25/06/2026,28/09/2026,62,,28/09/26,,,,#N/A,1188919,NIKE,
966,OK,DASS SEST,7,140131,1188919,82628,ATAC. MR140014 6MM RECICLADO COR 4085/PET,100CM,15855793,558,134822,15851827NBR3283020,25/06/2026,28/09/2026,62,,28/09/26,,,,#N/A,1188919,NIKE,
967,OK,DASS SEST,7,140131,1188919,82628,ATAC. MR140014 6MM RECICLADO COR 4085/PET,100CM,15855793,12,134822,15851825NBR3283038,25/06/2026,28/09/2026,62,,28/09/26,,,,#N/A,1188919,NIKE,
968,OK,DASS SEST,7,140131,1188919,82628,ATAC. MR140014 6MM RECICLADO COR 4085/PET,105CM,15855793,270,134822,15851826NBR3283020,25/06/2026,28/09/2026,62,,28/09/26,,,,#N/A,1188919,NIKE,
969,OK,DASS SEST,7,140131,1188919,82628,ATAC. MR140014 6MM RECICLADO COR 4085/PET,105CM,15855793,282,134822,15851827NBR3283020,25/06/2026,28/09/2026,62,,28/09/26,,,,#N/A,1188919,NIKE,
970,OK,DASS SEST,7,140131,1188919,82628,ATAC. MR140014 6MM RECICLADO COR 4085/PET,105CM,15855793,486,134822,15851825NBR3283038,25/06/2026,28/09/2026,62,,28/09/26,,,,#N/A,1188919,NIKE,
971,OK,DASS SEST,7,140131,1188919,82628,ATAC. MR140014 6MM RECICLADO COR 4085/PET,110CM,15855793,722,134822,15851825NBR3283038,25/06/2026,28/09/2026,62,,28/09/26,,,,#N/A,1188919,NIKE,
972,OK,DASS SEST,7,140131,1188919,82628,ATAC. MR140014 6MM RECICLADO COR 4085/PET,115CM,15855793,90,134822,15851825NBR3283038,25/06/2026,28/09/2026,62,,28/09/26,,,,#N/A,1188919,NIKE,
973,OK,DASS SEST,7,140131,1425163,95896,ATAC. MR140014 6MM RECICLADO COR 6163/PET,100CM,15855793,12,134822,15851846NBR3283046,25/06/2026,28/09/2026,62,,28/09/26,,,,#N/A,1425163,NIKE,
974,OK,DASS SEST,7,140131,1425163,95896,ATAC. MR140014 6MM RECICLADO COR 6163/PET,105CM,15855793,366,134822,15851846NBR3283046,25/06/2026,28/09/2026,62,,28/09/26,,,,#N/A,1425163,NIKE,
975,OK,DASS SEST,7,140131,1425163,95896,ATAC. MR140014 6MM RECICLADO COR 6163/PET,110CM,15855793,554,134822,15851846NBR3283046,25/06/2026,28/09/2026,62,,28/09/26,,,,#N/A,1425163,NIKE,
976,OK,DASS SEST,7,140131,1425163,95896,ATAC. MR140014 6MM RECICLADO COR 6163/PET,115CM,15855793,72,134822,15851846NBR3283046,25/06/2026,28/09/2026,62,,28/09/26,,,,#N/A,1425163,NIKE,
977,OK,DASS SEST,7,140131,1304277,88668,ATAC. MR110022 7MM RECICLADO COR 4085/PET / COR 496/PET,110CM,15855793,270,134822,15851834NBR3283029,25/06/2026,28/09/2026,62,,28/09/26,,,,#N/A,1304277,NIKE,
978,OK,DASS SEST,7,140131,1304277,88668,ATAC. MR110022 7MM RECICLADO COR 4085/PET / COR 496/PET,110CM,15855793,276,134822,15851835NBR3283030,25/06/2026,28/09/2026,62,,28/09/26,,,,#N/A,1304277,NIKE,
979,OK,DASS SEST,7,140131,1304277,88668,ATAC. MR110022 7MM RECICLADO COR 4085/PET / COR 496/PET,110CM,15855793,1088,134822,15851836NBR3283092,25/06/2026,28/09/2026,62,,28/09/26,,,,#N/A,1304277,NIKE,
980,OK,DASS SEST,7,140131,1304277,88668,ATAC. MR110022 7MM RECICLADO COR 4085/PET / COR 496/PET,110CM,15855793,992,134822,15851837NBR3283093,25/06/2026,28/09/2026,62,,28/09/26,,,,#N/A,1304277,NIKE,
981,OK,DASS SEST,7,140131,1304277,88668,ATAC. MR110022 7MM RECICLADO COR 4085/PET / COR 496/PET,110CM,15855793,638,134822,15851838NBR3283094,25/06/2026,28/09/2026,62,,28/09/26,,,,#N/A,1304277,NIKE,
982,OK,DASS SEST,7,140131,1304277,88668,ATAC. MR110022 7MM RECICLADO COR 4085/PET / COR 496/PET,110CM,15855793,696,134822,15851839NBR3283094,25/06/2026,28/09/2026,62,,28/09/26,,,,#N/A,1304277,NIKE,
983,OK,DASS SEST,7,140131,1304277,88668,ATAC. MR110022 7MM RECICLADO COR 4085/PET / COR 496/PET,110CM,15855793,192,134822,15851832NBR3283106,25/06/2026,28/09/2026,62,,28/09/26,,,,#N/A,1304277,NIKE,
984,OK,DASS SEST,7,140131,1304277,88668,ATAC. MR110022 7MM RECICLADO COR 4085/PET / COR 496/PET,110CM,15855793,228,134822,15851833NBR3283106,25/06/2026,28/09/2026,62,,28/09/26,,,,#N/A,1304277,NIKE,
985,OK,DASS SEST,7,140131,1304277,88668,ATAC. MR110022 7MM RECICLADO COR 4085/PET / COR 496/PET,115CM,15855793,758,134822,15851834NBR3283029,25/06/2026,28/09/2026,62,,28/09/26,,,,#N/A,1304277,NIKE,
986,OK,DASS SEST,7,140131,1304277,88668,ATAC. MR110022 7MM RECICLADO COR 4085/PET / COR 496/PET,115CM,15855793,584,134822,15851835NBR3283030,25/06/2026,28/09/2026,62,,28/09/26,,,,#N/A,1304277,NIKE,
987,OK,DASS SEST,7,140131,1304277,88668,ATAC. MR110022 7MM RECICLADO COR 4085/PET / COR 496/PET,115CM,15855793,72,134822,15851836NBR3283092,25/06/2026,28/09/2026,62,,28/09/26,,,,#N/A,1304277,NIKE,
988,OK,DASS SEST,7,140131,1304277,88668,ATAC. MR110022 7MM RECICLADO COR 4085/PET / COR 496/PET,115CM,15855793,12,134822,15851837NBR3283093,25/06/2026,28/09/2026,62,,28/09/26,,,,#N/A,1304277,NIKE,
989,OK,DASS SEST,7,140131,1304277,88668,ATAC. MR110022 7MM RECICLADO COR 4085/PET / COR 496/PET,115CM,15855793,48,134822,15851838NBR3283094,25/06/2026,28/09/2026,62,,28/09/26,,,,#N/A,1304277,NIKE,
990,OK,DASS SEST,7,140131,1304277,88668,ATAC. MR110022 7MM RECICLADO COR 4085/PET / COR 496/PET,115CM,15855793,36,134822,15851839NBR3283094,25/06/2026,28/09/2026,62,,28/09/26,,,,#N/A,1304277,NIKE,
991,OK,DASS SEST,7,140131,1304277,88668,ATAC. MR110022 7MM RECICLADO COR 4085/PET / COR 496/PET,115CM,15855793,560,134822,15851832NBR3283106,25/06/2026,28/09/2026,62,,28/09/26,,,,#N/A,1304277,NIKE,
992,OK,DASS SEST,7,140131,1304277,88668,ATAC. MR110022 7MM RECICLADO COR 4085/PET / COR 496/PET,115CM,15855793,588,134822,15851833NBR3283106,25/06/2026,28/09/2026,62,,28/09/26,,,,#N/A,1304277,NIKE,
993,OK,DASS SEST,7,140131,1304277,88668,ATAC. MR110022 7MM RECICLADO COR 4085/PET / COR 496/PET,120CM,15855793,228,134822,15851834NBR3283029,25/06/2026,28/09/2026,62,,28/09/26,,,,#N/A,1304277,NIKE,
994,OK,DASS SEST,7,140131,1304277,88668,ATAC. MR110022 7MM RECICLADO COR 4085/PET / COR 496/PET,120CM,15855793,198,134822,15851835NBR3283030,25/06/2026,28/09/2026,62,,28/09/26,,,,#N/A,1304277,NIKE,
995,OK,DASS SEST,7,140131,1304277,88668,ATAC. MR110022 7MM RECICLADO COR 4085/PET / COR 496/PET,120CM,15855793,156,134822,15851832NBR3283106,25/06/2026,28/09/2026,62,,28/09/26,,,,#N/A,1304277,NIKE,
996,OK,DASS SEST,7,140131,1304277,88668,ATAC. MR110022 7MM RECICLADO COR 4085/PET / COR 496/PET,120CM,15855793,186,134822,15851833NBR3283106,25/06/2026,28/09/2026,62,,28/09/26,,,,#N/A,1304277,NIKE,
1235,OK,DASS SEST,7,140195,1188919,82628,ATAC. MR140014 6MM RECICLADO COR 4085/PET,100CM,15872672,252,134945,15868594NBR3283151,26/06/2026,28/09/2026,62,,28/09/26,,,,#N/A,1188919,NIKE,
1236,OK,DASS SEST,7,140195,1188919,82628,ATAC. MR140014 6MM RECICLADO COR 4085/PET,100CM,15872672,276,134945,15868595NBR3283151,26/06/2026,28/09/2026,62,,28/09/26,,,,#N/A,1188919,NIKE,
1237,OK,DASS SEST,7,140195,1188919,82628,ATAC. MR140014 6MM RECICLADO COR 4085/PET,100CM,15872672,252,134945,15868601NBR3283159,26/06/2026,28/09/2026,62,,28/09/26,,,,#N/A,1188919,NIKE,
1238,OK,DASS SEST,7,140195,1188919,82628,ATAC. MR140014 6MM RECICLADO COR 4085/PET,100CM,15872672,276,134945,15868602NBR3283159,26/06/2026,28/09/2026,62,,28/09/26,,,,#N/A,1188919,NIKE,
1239,OK,DASS SEST,7,140195,1188919,82628,ATAC. MR140014 6MM RECICLADO COR 4085/PET,100CM,15872672,252,134945,15868604NBR3283161,26/06/2026,28/09/2026,62,,28/09/26,,,,#N/A,1188919,NIKE,
1240,OK,DASS SEST,7,140195,1188919,82628,ATAC. MR140014 6MM RECICLADO COR 4085/PET,100CM,15872672,276,134945,15868605NBR3283161,26/06/2026,28/09/2026,62,,28/09/26,,,,#N/A,1188919,NIKE,
1241,OK,DASS SEST,7,140195,1188919,82628,ATAC. MR140014 6MM RECICLADO COR 4085/PET,105CM,15872672,324,134945,15868606NBR3283067,26/06/2026,28/09/2026,62,,28/09/26,,,,#N/A,1188919,NIKE,
1242,OK,DASS SEST,7,140195,1188919,82628,ATAC. MR140014 6MM RECICLADO COR 4085/PET,105CM,15872672,915,134945,15868594NBR3283151,26/06/2026,28/09/2026,62,,28/09/26,,,,#N/A,1188919,NIKE,
1243,OK,DASS SEST,7,140195,1188919,82628,ATAC. MR140014 6MM RECICLADO COR 4085/PET,105CM,15872672,954,134945,15868595NBR3283151,26/06/2026,28/09/2026,62,,28/09/26,,,,#N/A,1188919,NIKE,
1244,OK,DASS SEST,7,140195,1188919,82628,ATAC. MR140014 6MM RECICLADO COR 4085/PET,105CM,15872672,915,134945,15868601NBR3283159,26/06/2026,28/09/2026,62,,28/09/26,,,,#N/A,1188919,NIKE,
1245,OK,DASS SEST,7,140195,1188919,82628,ATAC. MR140014 6MM RECICLADO COR 4085/PET,105CM,15872672,954,134945,15868602NBR3283159,26/06/2026,28/09/2026,62,,28/09/26,,,,#N/A,1188919,NIKE,
1246,OK,DASS SEST,7,140195,1188919,82628,ATAC. MR140014 6MM RECICLADO COR 4085/PET,105CM,15872672,915,134945,15868604NBR3283161,26/06/2026,28/09/2026,62,,28/09/26,,,,#N/A,1188919,NIKE,
1247,OK,DASS SEST,7,140195,1188919,82628,ATAC. MR140014 6MM RECICLADO COR 4085/PET,105CM,15872672,954,134945,15868605NBR3283161,26/06/2026,28/09/2026,62,,28/09/26,,,,#N/A,1188919,NIKE,
1248,OK,DASS SEST,7,140195,1188919,82628,ATAC. MR140014 6MM RECICLADO COR 4085/PET,105CM,15872672,348,134945,15868591NBR3283193,26/06/2026,28/09/2026,62,,28/09/26,,,,#N/A,1188919,NIKE,
1249,OK,DASS SEST,7,140195,1188919,82628,ATAC. MR140014 6MM RECICLADO COR 4085/PET,105CM,15872672,348,134945,15868593NBR3283197,26/06/2026,28/09/2026,62,,28/09/26,,,,#N/A,1188919,NIKE,
1250,OK,DASS SEST,7,140195,1188919,82628,ATAC. MR140014 6MM RECICLADO COR 4085/PET,110CM,15872672,914,134945,15868606NBR3283067,26/06/2026,28/09/2026,62,,28/09/26,,,,#N/A,1188919,NIKE,
1251,OK,DASS SEST,7,140195,1188919,82628,ATAC. MR140014 6MM RECICLADO COR 4085/PET,110CM,15872672,18,134945,15868594NBR3283151,26/06/2026,28/09/2026,62,,28/09/26,,,,#N/A,1188919,NIKE,
1252,OK,DASS SEST,7,140195,1188919,82628,ATAC. MR140014 6MM RECICLADO COR 4085/PET,110CM,15872672,24,134945,15868595NBR3283151,26/06/2026,28/09/2026,62,,28/09/26,,,,#N/A,1188919,NIKE,
1253,OK,DASS SEST,7,140195,1188919,82628,ATAC. MR140014 6MM RECICLADO COR 4085/PET,110CM,15872672,18,134945,15868601NBR3283159,26/06/2026,28/09/2026,62,,28/09/26,,,,#N/A,1188919,NIKE,
1254,OK,DASS SEST,7,140195,1188919,82628,ATAC. MR140014 6MM RECICLADO COR 4085/PET,110CM,15872672,24,134945,15868602NBR3283159,26/06/2026,28/09/2026,62,,28/09/26,,,,#N/A,1188919,NIKE,
1255,OK,DASS SEST,7,140195,1188919,82628,ATAC. MR140014 6MM RECICLADO COR 4085/PET,110CM,15872672,18,134945,15868604NBR3283161,26/06/2026,28/09/2026,62,,28/09/26,,,,#N/A,1188919,NIKE,
1256,OK,DASS SEST,7,140195,1188919,82628,ATAC. MR140014 6MM RECICLADO COR 4085/PET,110CM,15872672,24,134945,15868605NBR3283161,26/06/2026,28/09/2026,62,,28/09/26,,,,#N/A,1188919,NIKE,
1257,OK,DASS SEST,7,140195,1188919,82628,ATAC. MR140014 6MM RECICLADO COR 4085/PET,110CM,15872672,902,134945,15868591NBR3283193,26/06/2026,28/09/2026,62,,28/09/26,,,,#N/A,1188919,NIKE,
1258,OK,DASS SEST,7,140195,1188919,82628,ATAC. MR140014 6MM RECICLADO COR 4085/PET,110CM,15872672,902,134945,15868593NBR3283197,26/06/2026,28/09/2026,62,,28/09/26,,,,#N/A,1188919,NIKE,
1259,OK,DASS SEST,7,140195,1188919,82628,ATAC. MR140014 6MM RECICLADO COR 4085/PET,115CM,15872672,300,134945,15868606NBR3283067,26/06/2026,28/09/2026,62,,28/09/26,,,,#N/A,1188919,NIKE,
1260,OK,DASS SEST,7,140195,1188919,82628,ATAC. MR140014 6MM RECICLADO COR 4085/PET,115CM,15872672,270,134945,15868591NBR3283193,26/06/2026,28/09/2026,62,,28/09/26,,,,#N/A,1188919,NIKE,
1261,OK,DASS SEST,7,140195,1188919,82628,ATAC. MR140014 6MM RECICLADO COR 4085/PET,115CM,15872672,270,134945,15868593NBR3283197,26/06/2026,28/09/2026,62,,28/09/26,,,,#N/A,1188919,NIKE,
1262,OK,DASS SEST,7,140195,1269460,85472,ATAC. MR140014 6MM RECICLADO COR 5481/PET,100CM,15872672,204,134945,15868632NBR3283164,26/06/2026,28/09/2026,62,,28/09/26,,,,#N/A,1269460,NIKE,
1263,OK,DASS SEST,7,140195,1269460,85472,ATAC. MR140014 6MM RECICLADO COR 5481/PET,100CM,15872672,222,134945,15868633NBR3283164,26/06/2026,28/09/2026,62,,28/09/26,,,,#N/A,1269460,NIKE,
1264,OK,DASS SEST,7,140195,1269460,85472,ATAC. MR140014 6MM RECICLADO COR 5481/PET,105CM,15872672,783,134945,15868632NBR3283164,26/06/2026,28/09/2026,62,,28/09/26,,,,#N/A,1269460,NIKE,
1265,OK,DASS SEST,7,140195,1269460,85472,ATAC. MR140014 6MM RECICLADO COR 5481/PET,105CM,15872672,834,134945,15868633NBR3283164,26/06/2026,28/09/2026,62,,28/09/26,,,,#N/A,1269460,NIKE,
1266,OK,DASS SEST,7,140195,1269460,85472,ATAC. MR140014 6MM RECICLADO COR 5481/PET,110CM,15872672,42,134945,15868632NBR3283164,26/06/2026,28/09/2026,62,,28/09/26,,,,#N/A,1269460,NIKE,
1267,OK,DASS SEST,7,140195,1269460,85472,ATAC. MR140014 6MM RECICLADO COR 5481/PET,110CM,15872672,36,134945,15868633NBR3283164,26/06/2026,28/09/2026,62,,28/09/26,,,,#N/A,1269460,NIKE,
1268,OK,DASS SEST,7,140195,1278311,86418,ATAC. MR140014 6MM RECICLADO COR 4662/PET,100CM,15872672,180,134945,15868634NBR3283165,26/06/2026,28/09/2026,62,,28/09/26,,,,#N/A,1278311,NIKE,
1269,OK,DASS SEST,7,140195,1278311,86418,ATAC. MR140014 6MM RECICLADO COR 4662/PET,100CM,15872672,192,134945,15868635NBR3283165,26/06/2026,28/09/2026,62,,28/09/26,,,,#N/A,1278311,NIKE,
1270,OK,DASS SEST,7,140195,1278311,86418,ATAC. MR140014 6MM RECICLADO COR 4662/PET,105CM,15872672,312,134945,15868608NBR3283145,26/06/2026,28/09/2026,62,,28/09/26,,,,#N/A,1278311,NIKE,
1271,OK,DASS SEST,7,140195,1278311,86418,ATAC. MR140014 6MM RECICLADO COR 4662/PET,105CM,15872672,746,134945,15868634NBR3283165,26/06/2026,28/09/2026,62,,28/09/26,,,,#N/A,1278311,NIKE,
1272,OK,DASS SEST,7,140195,1278311,86418,ATAC. MR140014 6MM RECICLADO COR 4662/PET,105CM,15872672,774,134945,15868635NBR3283165,26/06/2026,28/09/2026,62,,28/09/26,,,,#N/A,1278311,NIKE,
1273,OK,DASS SEST,7,140195,1278311,86418,ATAC. MR140014 6MM RECICLADO COR 4662/PET,110CM,15872672,848,134945,15868608NBR3283145,26/06/2026,28/09/2026,62,,28/09/26,,,,#N/A,1278311,NIKE,
1274,OK,DASS SEST,7,140195,1278311,86418,ATAC. MR140014 6MM RECICLADO COR 4662/PET,110CM,15872672,36,134945,15868634NBR3283165,26/06/2026,28/09/2026,62,,28/09/26,,,,#N/A,1278311,NIKE,
1275,OK,DASS SEST,7,140195,1278311,86418,ATAC. MR140014 6MM RECICLADO COR 4662/PET,110CM,15872672,36,134945,15868635NBR3283165,26/06/2026,28/09/2026,62,,28/09/26,,,,#N/A,1278311,NIKE,
1276,OK,DASS SEST,7,140195,1278311,86418,ATAC. MR140014 6MM RECICLADO COR 4662/PET,115CM,15872672,126,134945,15868608NBR3283145,26/06/2026,28/09/2026,62,,28/09/26,,,,#N/A,1278311,NIKE,
1396,OK,DASS SEST,7,140291,1454466,95945,ATAC. MR140014 6MM RECICLADO COR 6248/PET,100CM,15874987,240,135013,15868627NBR3283162,30/06/2026,28/09/2026,62,,28/09/26,,,,#N/A,1454466,NIKE,
1397,OK,DASS SEST,7,140291,1454466,95945,ATAC. MR140014 6MM RECICLADO COR 6248/PET,100CM,15874987,252,135013,15868628NBR3283162,30/06/2026,28/09/2026,62,,28/09/26,,,,#N/A,1454466,NIKE,
1398,OK,DASS SEST,7,140291,1454466,95945,ATAC. MR140014 6MM RECICLADO COR 6248/PET,105CM,15874987,843,135013,15868627NBR3283162,30/06/2026,28/09/2026,62,,28/09/26,,,,#N/A,1454466,NIKE,
1399,OK,DASS SEST,7,140291,1454466,95945,ATAC. MR140014 6MM RECICLADO COR 6248/PET,105CM,15874987,864,135013,15868628NBR3283162,30/06/2026,28/09/2026,62,,28/09/26,,,,#N/A,1454466,NIKE,
1400,OK,DASS SEST,7,140291,1454466,95945,ATAC. MR140014 6MM RECICLADO COR 6248/PET,110CM,15874987,30,135013,15868627NBR3283162,30/06/2026,28/09/2026,62,,28/09/26,,,,#N/A,1454466,NIKE,
1401,OK,DASS SEST,7,140291,1454466,95945,ATAC. MR140014 6MM RECICLADO COR 6248/PET,110CM,15874987,24,135013,15868628NBR3283162,30/06/2026,28/09/2026,62,,28/09/26,,,,#N/A,1454466,NIKE,
1522,OK,DASS SEST,7,140756,1435014,95284,ATAC. MR140014 6MM RECICLADO COR 6182/PET,105CM,15915181,6,135473,15903692NBR3283167,10/07/2026,28/09/2026,62,,28/09/26,,,,#N/A,1435014,NIKE,
1523,OK,DASS SEST,7,140756,1435014,95284,ATAC. MR140014 6MM RECICLADO COR 6182/PET,110CM,15915181,896,135473,15903692NBR3283167,10/07/2026,28/09/2026,62,,28/09/26,,,,#N/A,1435014,NIKE,
1524,OK,DASS SEST,7,140756,1435014,95284,ATAC. MR140014 6MM RECICLADO COR 6182/PET,115CM,15915181,144,135473,15903692NBR3283167,10/07/2026,28/09/2026,62,,28/09/26,,,,#N/A,1435014,NIKE,
1525,OK,DASS SEST,7,140756,1299257,86978,ATAC. MR130027 6MM RECICLADO COR 4085/PET,105CM,15915181,444,135473,15903736NBR3283146,10/07/2026,28/09/2026,62,,28/09/26,,,,#N/A,1299257,NIKE,
1526,OK,DASS SEST,7,140756,1299257,86978,ATAC. MR130027 6MM RECICLADO COR 4085/PET,105CM,15915181,468,135473,15903737NBR3283146,10/07/2026,28/09/2026,62,,28/09/26,,,,#N/A,1299257,NIKE,
1527,OK,DASS SEST,7,140756,1299257,86978,ATAC. MR130027 6MM RECICLADO COR 4085/PET,110CM,15915181,507,135473,15903736NBR3283146,10/07/2026,28/09/2026,62,,28/09/26,,,,#N/A,1299257,NIKE,
1528,OK,DASS SEST,7,140756,1299257,86978,ATAC. MR130027 6MM RECICLADO COR 4085/PET,110CM,15915181,534,135473,15903737NBR3283146,10/07/2026,28/09/2026,62,,28/09/26,,,,#N/A,1299257,NIKE,
1529,OK,DASS SEST,7,140756,1299257,86978,ATAC. MR130027 6MM RECICLADO COR 4085/PET,115CM,15915181,36,135473,15903736NBR3283146,10/07/2026,28/09/2026,62,,28/09/26,,,,#N/A,1299257,NIKE,
1530,OK,DASS SEST,7,140756,1299257,86978,ATAC. MR130027 6MM RECICLADO COR 4085/PET,115CM,15915181,36,135473,15903737NBR3283146,10/07/2026,28/09/2026,62,,28/09/26,,,,#N/A,1299257,NIKE,
1531,OK,DASS SEST,7,140756,1301800,88695,ATAC. MR130027 6MM RECICLADO COR 4662/PET,105CM,15915181,612,135473,15903743NBR3282921,10/07/2026,28/09/2026,62,,28/09/26,,,,#N/A,1301800,NIKE,
1532,OK,DASS SEST,7,140756,1301800,88695,ATAC. MR130027 6MM RECICLADO COR 4662/PET,110CM,15915181,662,135473,15903743NBR3282921,10/07/2026,28/09/2026,62,,28/09/26,,,,#N/A,1301800,NIKE,
1533,OK,DASS SEST,7,140756,1301800,88695,ATAC. MR130027 6MM RECICLADO COR 4662/PET,115CM,15915181,24,135473,15903743NBR3282921,10/07/2026,28/09/2026,62,,28/09/26,,,,#N/A,1301800,NIKE,
1534,OK,DASS SEST,7,140756,1409834,93450,ATAC. MR130027 6MM RECICLADO COR 057/PET,110CM,15915181,192,135473,15903730NBR3283142,10/07/2026,28/09/2026,62,,28/09/26,,,,#N/A,1409834,NIKE,
1535,OK,DASS SEST,7,140756,1409834,93450,ATAC. MR130027 6MM RECICLADO COR 057/PET,110CM,15915181,228,135473,15903731NBR3283142,10/07/2026,28/09/2026,62,,28/09/26,,,,#N/A,1409834,NIKE,
1536,OK,DASS SEST,7,140756,1409834,93450,ATAC. MR130027 6MM RECICLADO COR 057/PET,115CM,15915181,662,135473,15903730NBR3283142,10/07/2026,28/09/2026,62,,28/09/26,,,,#N/A,1409834,NIKE,
1537,OK,DASS SEST,7,140756,1409834,93450,ATAC. MR130027 6MM RECICLADO COR 057/PET,115CM,15915181,660,135473,15903731NBR3283142,10/07/2026,28/09/2026,62,,28/09/26,,,,#N/A,1409834,NIKE,
1538,OK,DASS SEST,7,140756,1409834,93450,ATAC. MR130027 6MM RECICLADO COR 057/PET,120CM,15915181,72,135473,15903730NBR3283142,10/07/2026,28/09/2026,62,,28/09/26,,,,#N/A,1409834,NIKE,
1539,OK,DASS SEST,7,140756,1409834,93450,ATAC. MR130027 6MM RECICLADO COR 057/PET,120CM,15915181,78,135473,15903731NBR3283142,10/07/2026,28/09/2026,62,,28/09/26,,,,#N/A,1409834,NIKE,
1540,OK,DASS SEST,7,140756,1426514,95893,ATAC. MR130027 6MM RECICLADO COR 6249/PET,110CM,15915181,270,135473,15903724NBR3282909,10/07/2026,28/09/2026,62,,28/09/26,,,,#N/A,1426514,NIKE,
1541,OK,DASS SEST,7,140756,1426514,95893,ATAC. MR130027 6MM RECICLADO COR 6249/PET,115CM,15915181,758,135473,15903724NBR3282909,10/07/2026,28/09/2026,62,,28/09/26,,,,#N/A,1426514,NIKE,
1542,OK,DASS SEST,7,140756,1426514,95893,ATAC. MR130027 6MM RECICLADO COR 6249/PET,120CM,15915181,126,135473,15903724NBR3282909,10/07/2026,28/09/2026,62,,28/09/26,,,,#N/A,1426514,NIKE,
1792,NÃO,DASS SEST,7,140955,1425211,96141,ATAC. MR140014 6MM RECICLADO COR 6296/PET,105CM,15944096,735,135658,15942990NBR3283156,20/07/2026,28/09/2026,62,,28/09/26,,,,#N/A,1425211,NIKE,
1793,NÃO,DASS SEST,7,140955,1425211,96141,ATAC. MR140014 6MM RECICLADO COR 6296/PET,105CM,15944096,762,135658,15942991NBR3283156,20/07/2026,28/09/2026,62,,28/09/26,,,,#N/A,1425211,NIKE,
1794,NÃO,DASS SEST,7,140955,1425211,96141,ATAC. MR140014 6MM RECICLADO COR 6296/PET,110CM,15944096,288,135658,15942990NBR3283156,20/07/2026,28/09/2026,62,,28/09/26,,,,#N/A,1425211,NIKE,
1795,NÃO,DASS SEST,7,140955,1425211,96141,ATAC. MR140014 6MM RECICLADO COR 6296/PET,110CM,15944096,318,135658,15942991NBR3283156,20/07/2026,28/09/2026,62,,28/09/26,,,,#N/A,1425211,NIKE,
1796,OK,DASS SEST,7,140955,1341808,91524,ATAC. MR110012 8MM RECICLADO COR 5149/PET,115CM,15944096,228,135658,15942975NBR3283287,20/07/2026,28/09/2026,62,,28/09/26,,,,#N/A,1341808,NIKE,
1797,OK,DASS SEST,7,140955,1341808,91524,ATAC. MR110012 8MM RECICLADO COR 5149/PET,115CM,15944096,258,135658,15942976NBR3283287,20/07/2026,28/09/2026,62,,28/09/26,,,,#N/A,1341808,NIKE,
1798,OK,DASS SEST,7,140955,1341808,91524,ATAC. MR110012 8MM RECICLADO COR 5149/PET,120CM,15944096,680,135658,15942975NBR3283287,20/07/2026,28/09/2026,62,,28/09/26,,,,#N/A,1341808,NIKE,
1799,OK,DASS SEST,7,140955,1341808,91524,ATAC. MR110012 8MM RECICLADO COR 5149/PET,120CM,15944096,702,135658,15942976NBR3283287,20/07/2026,28/09/2026,62,,28/09/26,,,,#N/A,1341808,NIKE,
1800,OK,DASS SEST,7,140955,1027849,92568,ATAC. MR110012 8MM RECICLADO COR 4085/PET,115CM,15944096,300,135658,15942953NBR3283310,20/07/2026,28/09/2026,62,,28/09/26,,,,#N/A,1027849,NIKE,
1801,OK,DASS SEST,7,140955,1027849,92568,ATAC. MR110012 8MM RECICLADO COR 4085/PET,120CM,15944096,854,135658,15942953NBR3283310,20/07/2026,28/09/2026,62,,28/09/26,,,,#N/A,1027849,NIKE,
1818,OK,DASS SEST,7,140981,965421,74014,FITA MFGP C/ GOMA POLIESTER COR 4085,10MM,15952112,180,135668,0,20/07/2026,04/10/2026,68,,04/10/26,,,,#N/A,965421,NIKE,
559,OK,DASS SEST,7,140102,1188919,82628,ATAC. MR140014 6MM RECICLADO COR 4085/PET,100CM,15855794,518,134791,15851828NBR3283040,25/06/2026,05/10/2026,69,,05/10/26,,,,#N/A,1188919,NIKE,
560,OK,DASS SEST,7,140102,1188919,82628,ATAC. MR140014 6MM RECICLADO COR 4085/PET,100CM,15855794,564,134791,15851829NBR3283040,25/06/2026,05/10/2026,69,,05/10/26,,,,#N/A,1188919,NIKE,
561,OK,DASS SEST,7,140102,1188919,82628,ATAC. MR140014 6MM RECICLADO COR 4085/PET,105CM,15855794,270,134791,15851828NBR3283040,25/06/2026,05/10/2026,69,,05/10/26,,,,#N/A,1188919,NIKE,
562,OK,DASS SEST,7,140102,1188919,82628,ATAC. MR140014 6MM RECICLADO COR 4085/PET,105CM,15855794,282,134791,15851829NBR3283040,25/06/2026,05/10/2026,69,,05/10/26,,,,#N/A,1188919,NIKE,
563,OK,DASS SEST,7,140102,1188919,82628,ATAC. MR140014 6MM RECICLADO COR 4085/PET,105CM,15855794,156,134791,15851817NBR3283187,25/06/2026,05/10/2026,69,,05/10/26,,,,#N/A,1188919,NIKE,
564,OK,DASS SEST,7,140102,1188919,82628,ATAC. MR140014 6MM RECICLADO COR 4085/PET,105CM,15855794,174,134791,15851818NBR3283187,25/06/2026,05/10/2026,69,,05/10/26,,,,#N/A,1188919,NIKE,
565,OK,DASS SEST,7,140102,1188919,82628,ATAC. MR140014 6MM RECICLADO COR 4085/PET,110CM,15855794,464,134791,15851817NBR3283187,25/06/2026,05/10/2026,69,,05/10/26,,,,#N/A,1188919,NIKE,
566,OK,DASS SEST,7,140102,1188919,82628,ATAC. MR140014 6MM RECICLADO COR 4085/PET,110CM,15855794,462,134791,15851818NBR3283187,25/06/2026,05/10/2026,69,,05/10/2026,,,,#N/A,1188919,NIKE,
567,OK,DASS SEST,7,140102,1188919,82628,ATAC. MR140014 6MM RECICLADO COR 4085/PET,115CM,15855794,180,134791,15851817NBR3283187,25/06/2026,05/10/2026,69,,05/10/2026,,,,#N/A,1188919,NIKE,
568,OK,DASS SEST,7,140102,1188919,82628,ATAC. MR140014 6MM RECICLADO COR 4085/PET,115CM,15855794,192,134791,15851818NBR3283187,25/06/2026,05/10/2026,69,,05/10/2026,,,,#N/A,1188919,NIKE,
569,OK,DASS SEST,7,140102,1241008,84943,ATAC. MR140014 6MM RECICLADO COR 4021/PET,100CM,15855794,518,134791,15851830NBR3282891,25/06/2026,05/10/2026,69,,05/10/2026,,,,#N/A,1241008,NIKE,
570,OK,DASS SEST,7,140102,1241008,84943,ATAC. MR140014 6MM RECICLADO COR 4021/PET,100CM,15855794,552,134791,15851831NBR3282891,25/06/2026,05/10/2026,69,,05/10/2026,,,,#N/A,1241008,NIKE,
571,OK,DASS SEST,7,140102,1241008,84943,ATAC. MR140014 6MM RECICLADO COR 4021/PET,105CM,15855794,270,134791,15851830NBR3282891,25/06/2026,05/10/2026,69,,05/10/2026,,,,#N/A,1241008,NIKE,
572,OK,DASS SEST,7,140102,1241008,84943,ATAC. MR140014 6MM RECICLADO COR 4021/PET,105CM,15855794,276,134791,15851831NBR3282891,25/06/2026,05/10/2026,69,,05/10/2026,,,,#N/A,1241008,NIKE,
573,OK,DASS SEST,7,140103,1220520,82624,FITA MR100037 C/ GOMA RECICLADO COR 100/PET,18MM,15856804,560,134792,0,25/06/2026,05/10/2026,69,,05/10/2026,,,,#N/A,1220520,NIKE,
1277,OK,DASS SEST,7,140196,1188919,82628,ATAC. MR140014 6MM RECICLADO COR 4085/PET,100CM,15872673,168,134946,15868596NBR3283158,26/06/2026,05/10/2026,69,,05/10/2026,,,,#N/A,1188919,NIKE,
1278,OK,DASS SEST,7,140196,1188919,82628,ATAC. MR140014 6MM RECICLADO COR 4085/PET,100CM,15872673,180,134946,15868599NBR3283158,26/06/2026,05/10/2026,69,,05/10/2026,,,,#N/A,1188919,NIKE,
1279,OK,DASS SEST,7,140196,1188919,82628,ATAC. MR140014 6MM RECICLADO COR 4085/PET,100CM,15872673,294,134946,15868603NBR3283160,26/06/2026,05/10/2026,69,,05/10/2026,,,,#N/A,1188919,NIKE,
1280,OK,DASS SEST,7,140196,1188919,82628,ATAC. MR140014 6MM RECICLADO COR 4085/PET,100CM,15872673,180,134946,15868629NBR3283163,26/06/2026,05/10/2026,69,,05/10/2026,,,,#N/A,1188919,NIKE,
1281,OK,DASS SEST,7,140196,1188919,82628,ATAC. MR140014 6MM RECICLADO COR 4085/PET,100CM,15872673,180,134946,15868630NBR3283163,26/06/2026,05/10/2026,69,,05/10/2026,,,,#N/A,1188919,NIKE,
1282,OK,DASS SEST,7,140196,1188919,82628,ATAC. MR140014 6MM RECICLADO COR 4085/PET,105CM,15872673,638,134946,15868596NBR3283158,26/06/2026,05/10/2026,69,,05/10/2026,,,,#N/A,1188919,NIKE,
1283,OK,DASS SEST,7,140196,1188919,82628,ATAC. MR140014 6MM RECICLADO COR 4085/PET,105CM,15872673,660,134946,15868599NBR3283158,26/06/2026,05/10/2026,69,,05/10/2026,,,,#N/A,1188919,NIKE,
1284,OK,DASS SEST,7,140196,1188919,82628,ATAC. MR140014 6MM RECICLADO COR 4085/PET,105CM,15872673,902,134946,15868603NBR3283160,26/06/2026,05/10/2026,69,,05/10/2026,,,,#N/A,1188919,NIKE,
1285,OK,DASS SEST,7,140196,1188919,82628,ATAC. MR140014 6MM RECICLADO COR 4085/PET,105CM,15872673,758,134946,15868629NBR3283163,26/06/2026,05/10/2026,69,,05/10/2026,,,,#N/A,1188919,NIKE,
1286,OK,DASS SEST,7,140196,1188919,82628,ATAC. MR140014 6MM RECICLADO COR 4085/PET,105CM,15872673,786,134946,15868630NBR3283163,26/06/2026,05/10/2026,69,,05/10/2026,,,,#N/A,1188919,NIKE,
1287,OK,DASS SEST,7,140196,1188919,82628,ATAC. MR140014 6MM RECICLADO COR 4085/PET,105CM,15872673,348,134946,15868592NBR3283194,26/06/2026,05/10/2026,69,,05/10/2026,,,,#N/A,1188919,NIKE,
1288,OK,DASS SEST,7,140196,1188919,82628,ATAC. MR140014 6MM RECICLADO COR 4085/PET,110CM,15872673,36,134946,15868596NBR3283158,26/06/2026,05/10/2026,69,,05/10/2026,,,,#N/A,1188919,NIKE,
1289,OK,DASS SEST,7,140196,1188919,82628,ATAC. MR140014 6MM RECICLADO COR 4085/PET,110CM,15872673,24,134946,15868599NBR3283158,26/06/2026,05/10/2026,69,,05/10/2026,,,,#N/A,1188919,NIKE,
1290,OK,DASS SEST,7,140196,1188919,82628,ATAC. MR140014 6MM RECICLADO COR 4085/PET,110CM,15872673,12,134946,15868603NBR3283160,26/06/2026,05/10/2026,69,,05/10/2026,,,,#N/A,1188919,NIKE,
1291,OK,DASS SEST,7,140196,1188919,82628,ATAC. MR140014 6MM RECICLADO COR 4085/PET,110CM,15872673,36,134946,15868629NBR3283163,26/06/2026,05/10/2026,69,,05/10/2026,,,,#N/A,1188919,NIKE,
1292,OK,DASS SEST,7,140196,1188919,82628,ATAC. MR140014 6MM RECICLADO COR 4085/PET,110CM,15872673,36,134946,15868630NBR3283163,26/06/2026,05/10/2026,69,,05/10/2026,,,,#N/A,1188919,NIKE,
1293,OK,DASS SEST,7,140196,1188919,82628,ATAC. MR140014 6MM RECICLADO COR 4085/PET,110CM,15872673,902,134946,15868592NBR3283194,26/06/2026,05/10/2026,69,,05/10/2026,,,,#N/A,1188919,NIKE,
1294,OK,DASS SEST,7,140196,1188919,82628,ATAC. MR140014 6MM RECICLADO COR 4085/PET,115CM,15872673,270,134946,15868592NBR3283194,26/06/2026,05/10/2026,69,,05/10/2026,,,,#N/A,1188919,NIKE,
1295,OK,DASS SEST,7,140196,1269460,85472,ATAC. MR140014 6MM RECICLADO COR 5481/PET,100CM,15872673,282,134946,15868631NBR3283153,26/06/2026,05/10/2026,69,,05/10/2026,,,,#N/A,1269460,NIKE,
1296,OK,DASS SEST,7,140196,1269460,85472,ATAC. MR140014 6MM RECICLADO COR 5481/PET,105CM,15872673,1010,134946,15868631NBR3283153,26/06/2026,05/10/2026,69,,05/10/2026,,,,#N/A,1269460,NIKE,
1297,OK,DASS SEST,7,140196,1269460,85472,ATAC. MR140014 6MM RECICLADO COR 5481/PET,110CM,15872673,30,134946,15868631NBR3283153,26/06/2026,05/10/2026,69,,05/10/2026,,,,#N/A,1269460,NIKE,
1298,OK,DASS SEST,7,140196,1425041,95894,ATAC. MR140014 6MM RECICLADO COR 6179/PET,105CM,15872673,156,134946,15868612NBR3283192,26/06/2026,05/10/2026,69,,05/10/2026,,,,#N/A,1425041,NIKE,
1299,OK,DASS SEST,7,140196,1425041,95894,ATAC. MR140014 6MM RECICLADO COR 6179/PET,105CM,15872673,180,134946,15868613NBR3283192,26/06/2026,05/10/2026,69,,05/10/2026,,,,#N/A,1425041,NIKE,
1300,OK,DASS SEST,7,140196,1425041,95894,ATAC. MR140014 6MM RECICLADO COR 6179/PET,105CM,15872673,156,134946,15868615NBR3283195,26/06/2026,05/10/2026,69,,05/10/2026,,,,#N/A,1425041,NIKE,
1301,OK,DASS SEST,7,140196,1425041,95894,ATAC. MR140014 6MM RECICLADO COR 6179/PET,105CM,15872673,180,134946,15868616NBR3283195,26/06/2026,05/10/2026,69,,05/10/2026,,,,#N/A,1425041,NIKE,
1302,OK,DASS SEST,7,140196,1425041,95894,ATAC. MR140014 6MM RECICLADO COR 6179/PET,110CM,15872673,488,134946,15868612NBR3283192,26/06/2026,05/10/2026,69,,05/10/2026,,,,#N/A,1425041,NIKE,
1303,OK,DASS SEST,7,140196,1425041,95894,ATAC. MR140014 6MM RECICLADO COR 6179/PET,110CM,15872673,516,134946,15868613NBR3283192,26/06/2026,05/10/2026,69,,05/10/2026,,,,#N/A,1425041,NIKE,
1304,OK,DASS SEST,7,140196,1425041,95894,ATAC. MR140014 6MM RECICLADO COR 6179/PET,110CM,15872673,488,134946,15868615NBR3283195,26/06/2026,05/10/2026,69,,05/10/2026,,,,#N/A,1425041,NIKE,
1305,OK,DASS SEST,7,140196,1425041,95894,ATAC. MR140014 6MM RECICLADO COR 6179/PET,110CM,15872673,516,134946,15868616NBR3283195,26/06/2026,05/10/2026,69,,05/10/2026,,,,#N/A,1425041,NIKE,
1306,OK,DASS SEST,7,140196,1425041,95894,ATAC. MR140014 6MM RECICLADO COR 6179/PET,115CM,15872673,120,134946,15868612NBR3283192,26/06/2026,05/10/2026,69,,05/10/2026,,,,#N/A,1425041,NIKE,
1307,OK,DASS SEST,7,140196,1425041,95894,ATAC. MR140014 6MM RECICLADO COR 6179/PET,115CM,15872673,156,134946,15868613NBR3283192,26/06/2026,05/10/2026,69,,05/10/2026,,,,#N/A,1425041,NIKE,
1308,OK,DASS SEST,7,140196,1425041,95894,ATAC. MR140014 6MM RECICLADO COR 6179/PET,115CM,15872673,120,134946,15868615NBR3283195,26/06/2026,05/10/2026,69,,05/10/2026,,,,#N/A,1425041,NIKE,
1309,OK,DASS SEST,7,140196,1425041,95894,ATAC. MR140014 6MM RECICLADO COR 6179/PET,115CM,15872673,156,134946,15868616NBR3283195,26/06/2026,05/10/2026,69,,05/10/2026,,,,#N/A,1425041,NIKE,
1310,OK,DASS SEST,7,140196,1425040,95895,ATAC. MR140014 6MM RECICLADO COR 6176/PET,105CM,15872673,240,134946,15868619NBR3283144,26/06/2026,05/10/2026,69,,05/10/2026,,,,#N/A,1425040,NIKE,
1311,OK,DASS SEST,7,140196,1425040,95895,ATAC. MR140014 6MM RECICLADO COR 6176/PET,105CM,15872673,264,134946,15868620NBR3283144,26/06/2026,05/10/2026,69,,05/10/2026,,,,#N/A,1425040,NIKE,
1312,OK,DASS SEST,7,140196,1425040,95895,ATAC. MR140014 6MM RECICLADO COR 6176/PET,105CM,15872673,240,134946,15868621NBR3283196,26/06/2026,05/10/2026,69,,05/10/2026,,,,#N/A,1425040,NIKE,
1313,OK,DASS SEST,7,140196,1425040,95895,ATAC. MR140014 6MM RECICLADO COR 6176/PET,105CM,15872673,264,134946,15868622NBR3283196,26/06/2026,05/10/2026,69,,05/10/2026,,,,#N/A,1425040,NIKE,
1314,OK,DASS SEST,7,140196,1425040,95895,ATAC. MR140014 6MM RECICLADO COR 6176/PET,110CM,15872673,596,134946,15868619NBR3283144,26/06/2026,05/10/2026,69,,05/10/2026,,,,#N/A,1425040,NIKE,
1315,OK,DASS SEST,7,140196,1425040,95895,ATAC. MR140014 6MM RECICLADO COR 6176/PET,110CM,15872673,594,134946,15868620NBR3283144,26/06/2026,05/10/2026,69,,05/10/2026,,,,#N/A,1425040,NIKE,
1316,OK,DASS SEST,7,140196,1425040,95895,ATAC. MR140014 6MM RECICLADO COR 6176/PET,110CM,15872673,596,134946,15868621NBR3283196,26/06/2026,05/10/2026,69,,05/10/2026,,,,#N/A,1425040,NIKE,
1317,OK,DASS SEST,7,140196,1425040,95895,ATAC. MR140014 6MM RECICLADO COR 6176/PET,110CM,15872673,594,134946,15868622NBR3283196,26/06/2026,05/10/2026,69,,05/10/2026,,,,#N/A,1425040,NIKE,
1318,OK,DASS SEST,7,140196,1425040,95895,ATAC. MR140014 6MM RECICLADO COR 6176/PET,115CM,15872673,120,134946,15868619NBR3283144,26/06/2026,05/10/2026,69,,05/10/2026,,,,#N/A,1425040,NIKE,
1319,OK,DASS SEST,7,140196,1425040,95895,ATAC. MR140014 6MM RECICLADO COR 6176/PET,115CM,15872673,138,134946,15868620NBR3283144,26/06/2026,05/10/2026,69,,05/10/2026,,,,#N/A,1425040,NIKE,
1320,OK,DASS SEST,7,140196,1425040,95895,ATAC. MR140014 6MM RECICLADO COR 6176/PET,115CM,15872673,120,134946,15868621NBR3283196,26/06/2026,05/10/2026,69,,05/10/2026,,,,#N/A,1425040,NIKE,
1321,OK,DASS SEST,7,140196,1425040,95895,ATAC. MR140014 6MM RECICLADO COR 6176/PET,115CM,15872673,138,134946,15868622NBR3283196,26/06/2026,05/10/2026,69,,05/10/2026,,,,#N/A,1425040,NIKE,
1543,OK,DASS SEST,7,140757,1299257,86978,ATAC. MR130027 6MM RECICLADO COR 4085/PET,110CM,15915182,222,135474,15903678NBR3283189,10/07/2026,05/10/2026,69,,05/10/2026,,,,#N/A,1299257,NIKE,
1544,OK,DASS SEST,7,140757,1299257,86978,ATAC. MR130027 6MM RECICLADO COR 4085/PET,110CM,15915182,234,135474,15903679NBR3283189,10/07/2026,05/10/2026,69,,05/10/2026,,,,#N/A,1299257,NIKE,
1545,OK,DASS SEST,7,140757,1299257,86978,ATAC. MR130027 6MM RECICLADO COR 4085/PET,115CM,15915182,615,135474,15903678NBR3283189,10/07/2026,05/10/2026,69,,05/10/2026,,,,#N/A,1299257,NIKE,
1546,OK,DASS SEST,7,140757,1299257,86978,ATAC. MR130027 6MM RECICLADO COR 4085/PET,115CM,15915182,636,135474,15903679NBR3283189,10/07/2026,05/10/2026,69,,05/10/2026,,,,#N/A,1299257,NIKE,
1547,OK,DASS SEST,7,140757,1299257,86978,ATAC. MR130027 6MM RECICLADO COR 4085/PET,120CM,15915182,156,135474,15903678NBR3283189,10/07/2026,05/10/2026,69,,05/10/2026,,,,#N/A,1299257,NIKE,
1548,OK,DASS SEST,7,140757,1299257,86978,ATAC. MR130027 6MM RECICLADO COR 4085/PET,120CM,15915182,162,135474,15903679NBR3283189,10/07/2026,05/10/2026,69,,05/10/2026,,,,#N/A,1299257,NIKE,
1648,OK,DASS SEST,7,140849,1451084,96119,ATAC. MR130027 6MM RECICLADO COR 5687/PET,110CM,15928196,342,135560,15903715NBR3283127,15/07/2026,05/10/2026,69,,05/10/2026,,,,#N/A,1451084,NIKE,
1649,OK,DASS SEST,7,140849,1451084,96119,ATAC. MR130027 6MM RECICLADO COR 5687/PET,110CM,15928196,192,135560,15903716NBR3283188,15/07/2026,05/10/2026,69,,05/10/2026,,,,#N/A,1451084,NIKE,
1650,OK,DASS SEST,7,140849,1451084,96119,ATAC. MR130027 6MM RECICLADO COR 5687/PET,110CM,15928196,216,135560,15903717NBR3283188,15/07/2026,05/10/2026,69,,05/10/2026,,,,#N/A,1451084,NIKE,
1651,OK,DASS SEST,7,140849,1451084,96119,ATAC. MR130027 6MM RECICLADO COR 5687/PET,110CM,15928196,192,135560,15903718NBR3283190,15/07/2026,05/10/2026,69,,05/10/2026,,,,#N/A,1451084,NIKE,
1652,OK,DASS SEST,7,140849,1451084,96119,ATAC. MR130027 6MM RECICLADO COR 5687/PET,110CM,15928196,216,135560,15903719NBR3283190,15/07/2026,05/10/2026,69,,05/10/2026,,,,#N/A,1451084,NIKE,
1653,OK,DASS SEST,7,140849,1451084,96119,ATAC. MR130027 6MM RECICLADO COR 5687/PET,115CM,15928196,920,135560,15903715NBR3283127,15/07/2026,05/10/2026,69,,05/10/2026,,,,#N/A,1451084,NIKE,
1654,OK,DASS SEST,7,140849,1451084,96119,ATAC. MR130027 6MM RECICLADO COR 5687/PET,115CM,15928196,536,135560,15903716NBR3283188,15/07/2026,05/10/2026,69,,05/10/2026,,,,#N/A,1451084,NIKE,
1655,OK,DASS SEST,7,140849,1451084,96119,ATAC. MR130027 6MM RECICLADO COR 5687/PET,115CM,15928196,528,135560,15903717NBR3283188,15/07/2026,05/10/2026,69,,05/10/2026,,,,#N/A,1451084,NIKE,
1656,OK,DASS SEST,7,140849,1451084,96119,ATAC. MR130027 6MM RECICLADO COR 5687/PET,115CM,15928196,536,135560,15903718NBR3283190,15/07/2026,05/10/2026,69,,05/10/2026,,,,#N/A,1451084,NIKE,
1657,OK,DASS SEST,7,140849,1451084,96119,ATAC. MR130027 6MM RECICLADO COR 5687/PET,115CM,15928196,528,135560,15903719NBR3283190,15/07/2026,05/10/2026,69,,05/10/2026,,,,#N/A,1451084,NIKE,
1658,OK,DASS SEST,7,140849,1451084,96119,ATAC. MR130027 6MM RECICLADO COR 5687/PET,120CM,15928196,126,135560,15903715NBR3283127,15/07/2026,05/10/2026,69,,05/10/2026,,,,#N/A,1451084,NIKE,
1659,OK,DASS SEST,7,140849,1451084,96119,ATAC. MR130027 6MM RECICLADO COR 5687/PET,120CM,15928196,120,135560,15903716NBR3283188,15/07/2026,05/10/2026,69,,05/10/2026,,,,#N/A,1451084,NIKE,
1660,OK,DASS SEST,7,140849,1451084,96119,ATAC. MR130027 6MM RECICLADO COR 5687/PET,120CM,15928196,138,135560,15903717NBR3283188,15/07/2026,05/10/2026,69,,05/10/2026,,,,#N/A,1451084,NIKE,
1661,OK,DASS SEST,7,140849,1451084,96119,ATAC. MR130027 6MM RECICLADO COR 5687/PET,120CM,15928196,120,135560,15903718NBR3283190,15/07/2026,05/10/2026,69,,05/10/26,,,,#N/A,1451084,NIKE,
1662,OK,DASS SEST,7,140849,1451084,96119,ATAC. MR130027 6MM RECICLADO COR 5687/PET,120CM,15928196,138,135560,15903719NBR3283190,15/07/2026,05/10/2026,69,,05/10/26,,,,#N/A,1451084,NIKE,
1770,OK,DASS SEST,7,140952,1188919,82628,ATAC. MR140014 6MM RECICLADO COR 4085/PET,105CM,15944098,12,135639,15942981NBR3283166,17/07/2026,05/10/2026,69,,05/10/26,,,,#N/A,1188919,NIKE,
1771,OK,DASS SEST,7,140952,1188919,82628,ATAC. MR140014 6MM RECICLADO COR 4085/PET,110CM,15944098,746,135639,15942981NBR3283166,17/07/2026,05/10/2026,69,,05/10/26,,,,#N/A,1188919,NIKE,
1772,OK,DASS SEST,7,140952,1188919,82628,ATAC. MR140014 6MM RECICLADO COR 4085/PET,110CM,15944098,756,135639,15942982NBR3283166,17/07/2026,05/10/2026,69,,05/10/26,,,,#N/A,1188919,NIKE,
1773,OK,DASS SEST,7,140952,1188919,82628,ATAC. MR140014 6MM RECICLADO COR 4085/PET,115CM,15944098,156,135639,15942981NBR3283166,17/07/2026,05/10/2026,69,,05/10/26,,,,#N/A,1188919,NIKE,
1774,OK,DASS SEST,7,140952,1188919,82628,ATAC. MR140014 6MM RECICLADO COR 4085/PET,115CM,15944098,168,135639,15942982NBR3283166,17/07/2026,05/10/2026,69,,05/10/26,,,,#N/A,1188919,NIKE,
1775,OK,DASS SEST,7,140952,1303189,88798,ATAC. MR140014 6MM RECICLADO COR 5645/PET,105CM,15944098,6,135639,15942983NBR3283147,17/07/2026,05/10/2026,69,,05/10/26,,,,#N/A,1303189,NIKE,
1776,OK,DASS SEST,7,140952,1303189,88798,ATAC. MR140014 6MM RECICLADO COR 5645/PET,110CM,15944098,897,135639,15942983NBR3283147,17/07/2026,05/10/2026,69,,05/10/26,,,,#N/A,1303189,NIKE,
1777,OK,DASS SEST,7,140952,1303189,88798,ATAC. MR140014 6MM RECICLADO COR 5645/PET,110CM,15944098,918,135639,15942984NBR3283147,17/07/2026,05/10/2026,69,,05/10/26,,,,#N/A,1303189,NIKE,
1778,OK,DASS SEST,7,140952,1303189,88798,ATAC. MR140014 6MM RECICLADO COR 5645/PET,115CM,15944098,120,135639,15942983NBR3283147,17/07/2026,05/10/2026,69,,05/10/26,,,,#N/A,1303189,NIKE,
1779,OK,DASS SEST,7,140952,1303189,88798,ATAC. MR140014 6MM RECICLADO COR 5645/PET,115CM,15944098,144,135639,15942984NBR3283147,17/07/2026,05/10/2026,69,,05/10/26,,,,#N/A,1303189,NIKE,
1819,OK,DASS SEST,7,140982,1181716,74237,FITA MR100001 C/ GOMA RECICLADO COR 4085/PET,15MM,15954187,620,135669,0,20/07/2026,05/10/2026,69,,05/10/26,,,,#N/A,1181716,NIKE,
1820,OK,DASS SEST,7,140982,1194659,82625,FITA MR100001 C/ GOMA RECICLADO COR 4593/PET,15MM,15954187,360,135669,0,20/07/2026,05/10/2026,69,,05/10/26,,,,#N/A,1194659,NIKE,
574,OK,DASS SEST,7,140104,1188919,82628,ATAC. MR140014 6MM RECICLADO COR 4085/PET,100CM,15855795,108,134793,15851819NBR3283139,25/06/2026,13/10/2026,77,REPROG.,12/10/26,,13/10/2026,,#N/A,1188919,NIKE,
575,OK,DASS SEST,7,140104,1188919,82628,ATAC. MR140014 6MM RECICLADO COR 4085/PET,100CM,15855795,126,134793,15851820NBR3283139,25/06/2026,13/10/2026,77,REPROG.,12/10/26,,13/10/2026,,#N/A,1188919,NIKE,
576,OK,DASS SEST,7,140104,1188919,82628,ATAC. MR140014 6MM RECICLADO COR 4085/PET,100CM,15855795,108,134793,15851821NBR3283185,25/06/2026,13/10/2026,77,REPROG.,12/10/26,,13/10/2026,,#N/A,1188919,NIKE,
577,OK,DASS SEST,7,140104,1188919,82628,ATAC. MR140014 6MM RECICLADO COR 4085/PET,100CM,15855795,126,134793,15851822NBR3283185,25/06/2026,13/10/2026,77,REPROG.,12/10/26,,13/10/2026,,#N/A,1188919,NIKE,
578,OK,DASS SEST,7,140104,1188919,82628,ATAC. MR140014 6MM RECICLADO COR 4085/PET,105CM,15855795,782,134793,15851819NBR3283139,25/06/2026,13/10/2026,77,REPROG.,12/10/26,,13/10/2026,,#N/A,1188919,NIKE,
579,OK,DASS SEST,7,140104,1188919,82628,ATAC. MR140014 6MM RECICLADO COR 4085/PET,105CM,15855795,810,134793,15851820NBR3283139,25/06/2026,13/10/2026,77,REPROG.,12/10/26,,13/10/2026,,#N/A,1188919,NIKE,
580,OK,DASS SEST,7,140104,1188919,82628,ATAC. MR140014 6MM RECICLADO COR 4085/PET,105CM,15855795,782,134793,15851821NBR3283185,25/06/2026,13/10/2026,77,REPROG.,12/10/26,,13/10/2026,,#N/A,1188919,NIKE,
581,OK,DASS SEST,7,140104,1188919,82628,ATAC. MR140014 6MM RECICLADO COR 4085/PET,105CM,15855795,810,134793,15851822NBR3283185,25/06/2026,13/10/2026,77,REPROG.,12/10/26,,13/10/2026,,#N/A,1188919,NIKE,
582,OK,DASS SEST,7,140104,1188919,82628,ATAC. MR140014 6MM RECICLADO COR 4085/PET,110CM,15855795,48,134793,15851819NBR3283139,25/06/2026,13/10/2026,77,REPROG.,12/10/26,,13/10/2026,,#N/A,1188919,NIKE,
583,OK,DASS SEST,7,140104,1188919,82628,ATAC. MR140014 6MM RECICLADO COR 4085/PET,110CM,15855795,48,134793,15851820NBR3283139,25/06/2026,13/10/2026,77,REPROG.,12/10/26,,13/10/2026,,#N/A,1188919,NIKE,
584,OK,DASS SEST,7,140104,1188919,82628,ATAC. MR140014 6MM RECICLADO COR 4085/PET,110CM,15855795,48,134793,15851821NBR3283185,25/06/2026,13/10/2026,77,REPROG.,12/10/26,,13/10/2026,,#N/A,1188919,NIKE,
585,OK,DASS SEST,7,140104,1188919,82628,ATAC. MR140014 6MM RECICLADO COR 4085/PET,110CM,15855795,48,134793,15851822NBR3283185,25/06/2026,13/10/2026,77,REPROG.,12/10/26,,13/10/2026,,#N/A,1188919,NIKE,
1097,OK,DASS SEST,7,140191,1188919,82628,ATAC. MR140014 6MM RECICLADO COR 4085/PET,105CM,15872674,342,134941,15868607NBR3283074,26/06/2026,13/10/2026,77,REPROG.,12/10/26,,13/10/2026,,#N/A,1188919,NIKE,
1098,OK,DASS SEST,7,140191,1188919,82628,ATAC. MR140014 6MM RECICLADO COR 4085/PET,110CM,15872674,812,134941,15868607NBR3283074,26/06/2026,13/10/2026,77,REPROG.,12/10/26,,13/10/2026,,#N/A,1188919,NIKE,
1099,OK,DASS SEST,7,140191,1188919,82628,ATAC. MR140014 6MM RECICLADO COR 4085/PET,115CM,15872674,300,134941,15868607NBR3283074,26/06/2026,13/10/2026,77,REPROG.,12/10/26,,13/10/2026,,#N/A,1188919,NIKE,
1100,OK,DASS SEST,7,140191,1278311,86418,ATAC. MR140014 6MM RECICLADO COR 4662/PET,105CM,15872674,90,134941,15868609NBR3283198,26/06/2026,13/10/2026,77,REPROG.,12/10/26,,13/10/2026,,#N/A,1278311,NIKE,
1101,OK,DASS SEST,7,140191,1278311,86418,ATAC. MR140014 6MM RECICLADO COR 4662/PET,105CM,15872674,90,134941,15868610NBR3283198,26/06/2026,13/10/2026,77,REPROG.,12/10/26,,13/10/2026,,#N/A,1278311,NIKE,
1102,OK,DASS SEST,7,140191,1278311,86418,ATAC. MR140014 6MM RECICLADO COR 4662/PET,110CM,15872674,614,134941,15868609NBR3283198,26/06/2026,13/10/2026,77,REPROG.,12/10/2026,,13/10/2026,,#N/A,1278311,NIKE,
1103,OK,DASS SEST,7,140191,1278311,86418,ATAC. MR140014 6MM RECICLADO COR 4662/PET,110CM,15872674,624,134941,15868610NBR3283198,26/06/2026,13/10/2026,77,REPROG.,12/10/2026,,13/10/2026,,#N/A,1278311,NIKE,
1104,OK,DASS SEST,7,140191,1278311,86418,ATAC. MR140014 6MM RECICLADO COR 4662/PET,115CM,15872674,216,134941,15868609NBR3283198,26/06/2026,13/10/2026,77,REPROG.,12/10/2026,,13/10/2026,,#N/A,1278311,NIKE,
1105,OK,DASS SEST,7,140191,1278311,86418,ATAC. MR140014 6MM RECICLADO COR 4662/PET,115CM,15872674,234,134941,15868610NBR3283198,26/06/2026,13/10/2026,77,REPROG.,12/10/2026,,13/10/2026,,#N/A,1278311,NIKE,
1106,OK,DASS SEST,7,140191,1425041,95894,ATAC. MR140014 6MM RECICLADO COR 6179/PET,105CM,15872674,294,134941,15868611NBR3283129,26/06/2026,13/10/2026,77,REPROG.,12/10/2026,,13/10/2026,,#N/A,1425041,NIKE,
1107,OK,DASS SEST,7,140191,1425041,95894,ATAC. MR140014 6MM RECICLADO COR 6179/PET,110CM,15872674,860,134941,15868611NBR3283129,26/06/2026,13/10/2026,77,REPROG.,12/10/2026,,13/10/2026,,#N/A,1425041,NIKE,
1108,OK,DASS SEST,7,140191,1425041,95894,ATAC. MR140014 6MM RECICLADO COR 6179/PET,115CM,15872674,246,134941,15868611NBR3283129,26/06/2026,13/10/2026,77,REPROG.,12/10/2026,,13/10/2026,,#N/A,1425041,NIKE,
1109,OK,DASS SEST,7,140191,1425040,95895,ATAC. MR140014 6MM RECICLADO COR 6176/PET,105CM,15872674,192,134941,15868617NBR3283130,26/06/2026,13/10/2026,77,REPROG.,12/10/2026,,13/10/2026,,#N/A,1425040,NIKE,
1110,OK,DASS SEST,7,140191,1425040,95895,ATAC. MR140014 6MM RECICLADO COR 6176/PET,105CM,15872674,240,134941,15868618NBR3283130,26/06/2026,13/10/2026,77,REPROG.,12/10/2026,,13/10/2026,,#N/A,1425040,NIKE,
1111,OK,DASS SEST,7,140191,1425040,95895,ATAC. MR140014 6MM RECICLADO COR 6176/PET,110CM,15872674,602,134941,15868617NBR3283130,26/06/2026,13/10/2026,77,REPROG.,12/10/2026,,13/10/2026,,#N/A,1425040,NIKE,
1112,OK,DASS SEST,7,140191,1425040,95895,ATAC. MR140014 6MM RECICLADO COR 6176/PET,110CM,15872674,618,134941,15868618NBR3283130,26/06/2026,13/10/2026,77,REPROG.,12/10/2026,,13/10/2026,,#N/A,1425040,NIKE,
1113,OK,DASS SEST,7,140191,1425040,95895,ATAC. MR140014 6MM RECICLADO COR 6176/PET,115CM,15872674,156,134941,15868617NBR3283130,26/06/2026,13/10/2026,77,REPROG.,12/10/2026,,13/10/2026,,#N/A,1425040,NIKE,
1114,OK,DASS SEST,7,140191,1425040,95895,ATAC. MR140014 6MM RECICLADO COR 6176/PET,115CM,15872674,162,134941,15868618NBR3283130,26/06/2026,13/10/2026,77,REPROG.,12/10/2026,,13/10/2026,,#N/A,1425040,NIKE,
1549,OK,DASS SEST,7,140758,1070873,76555,ATAC. MR130011 5MM RECICLADO COR 4085,95CM,15915184,488,135475,15903690NBR3283249,10/07/2026,13/10/2026,77,REPROG.,12/10/2026,,13/10/2026,,#N/A,1070873,NIKE,
1550,OK,DASS SEST,7,140758,1070873,76555,ATAC. MR130011 5MM RECICLADO COR 4085,95CM,15915184,584,135475,15903691NBR3283250,10/07/2026,13/10/2026,77,REPROG.,12/10/2026,,13/10/2026,,#N/A,1070873,NIKE,
1551,OK,DASS SEST,7,140758,1070873,76555,ATAC. MR130011 5MM RECICLADO COR 4085,100CM,15915184,642,135475,15903690NBR3283249,10/07/2026,13/10/2026,77,REPROG.,12/10/2026,,13/10/2026,,#N/A,1070873,NIKE,
1552,OK,DASS SEST,7,140758,1070873,76555,ATAC. MR130011 5MM RECICLADO COR 4085,100CM,15915184,696,135475,15903691NBR3283250,10/07/2026,13/10/2026,77,REPROG.,12/10/2026,,13/10/2026,,#N/A,1070873,NIKE,
1553,OK,DASS SEST,7,140758,1188919,82628,ATAC. MR140014 6MM RECICLADO COR 4085/PET,100CM,15915184,168,135475,15903668NBR3283274,10/07/2026,13/10/2026,77,REPROG.,12/10/2026,,13/10/2026,,#N/A,1188919,NIKE,
1554,OK,DASS SEST,7,140758,1188919,82628,ATAC. MR140014 6MM RECICLADO COR 4085/PET,100CM,15915184,186,135475,15903669NBR3283274,10/07/2026,13/10/2026,77,REPROG.,12/10/2026,,13/10/2026,,#N/A,1188919,NIKE,
1555,OK,DASS SEST,7,140758,1188919,82628,ATAC. MR140014 6MM RECICLADO COR 4085/PET,105CM,15915184,66,135475,15903656NBR3283248,10/07/2026,13/10/2026,77,REPROG.,12/10/2026,,13/10/2026,,#N/A,1188919,NIKE,
1556,OK,DASS SEST,7,140758,1188919,82628,ATAC. MR140014 6MM RECICLADO COR 4085/PET,105CM,15915184,78,135475,15903657NBR3283248,10/07/2026,13/10/2026,77,REPROG.,12/10/2026,,13/10/2026,,#N/A,1188919,NIKE,
1557,OK,DASS SEST,7,140758,1188919,82628,ATAC. MR140014 6MM RECICLADO COR 4085/PET,105CM,15915184,168,135475,15903658NBR3283269,10/07/2026,13/10/2026,77,REPROG.,12/10/2026,,13/10/2026,,#N/A,1188919,NIKE,
1558,OK,DASS SEST,7,140758,1188919,82628,ATAC. MR140014 6MM RECICLADO COR 4085/PET,105CM,15915184,144,135475,15903659NBR3283269,10/07/2026,13/10/2026,77,REPROG.,12/10/2026,,13/10/2026,,#N/A,1188919,NIKE,
1559,OK,DASS SEST,7,140758,1188919,82628,ATAC. MR140014 6MM RECICLADO COR 4085/PET,105CM,15915184,180,135475,15903661NBR3283269,10/07/2026,13/10/2026,77,REPROG.,12/10/2026,,13/10/2026,,#N/A,1188919,NIKE,
1560,OK,DASS SEST,7,140758,1188919,82628,ATAC. MR140014 6MM RECICLADO COR 4085/PET,105CM,15915184,66,135475,15903662NBR3283270,10/07/2026,13/10/2026,77,REPROG.,12/10/2026,,13/10/2026,,#N/A,1188919,NIKE,
1561,OK,DASS SEST,7,140758,1188919,82628,ATAC. MR140014 6MM RECICLADO COR 4085/PET,105CM,15915184,78,135475,15903663NBR3283270,10/07/2026,13/10/2026,77,REPROG.,12/10/2026,,13/10/2026,,#N/A,1188919,NIKE,
1562,OK,DASS SEST,7,140758,1188919,82628,ATAC. MR140014 6MM RECICLADO COR 4085/PET,105CM,15915184,638,135475,15903668NBR3283274,10/07/2026,13/10/2026,77,REPROG.,12/10/2026,,13/10/2026,,#N/A,1188919,NIKE,
1563,OK,DASS SEST,7,140758,1188919,82628,ATAC. MR140014 6MM RECICLADO COR 4085/PET,105CM,15915184,666,135475,15903669NBR3283274,10/07/2026,13/10/2026,77,REPROG.,12/10/2026,,13/10/2026,,#N/A,1188919,NIKE,
1564,OK,DASS SEST,7,140758,1188919,82628,ATAC. MR140014 6MM RECICLADO COR 4085/PET,110CM,15915184,518,135475,15903656NBR3283248,10/07/2026,13/10/2026,77,REPROG.,12/10/2026,,13/10/2026,,#N/A,1188919,NIKE,
1565,OK,DASS SEST,7,140758,1188919,82628,ATAC. MR140014 6MM RECICLADO COR 4085/PET,110CM,15915184,540,135475,15903657NBR3283248,10/07/2026,13/10/2026,77,REPROG.,12/10/2026,,13/10/2026,,#N/A,1188919,NIKE,
1566,OK,DASS SEST,7,140758,1188919,82628,ATAC. MR140014 6MM RECICLADO COR 4085/PET,110CM,15915184,501,135475,15903658NBR3283269,10/07/2026,13/10/2026,77,REPROG.,12/10/2026,,13/10/2026,,#N/A,1188919,NIKE,
1567,OK,DASS SEST,7,140758,1188919,82628,ATAC. MR140014 6MM RECICLADO COR 4085/PET,110CM,15915184,480,135475,15903659NBR3283269,10/07/2026,13/10/2026,77,REPROG.,12/10/2026,,13/10/2026,,#N/A,1188919,NIKE,
1568,OK,DASS SEST,7,140758,1188919,82628,ATAC. MR140014 6MM RECICLADO COR 4085/PET,110CM,15915184,492,135475,15903661NBR3283269,10/07/2026,13/10/2026,77,REPROG.,12/10/2026,,13/10/2026,,#N/A,1188919,NIKE,
1569,OK,DASS SEST,7,140758,1188919,82628,ATAC. MR140014 6MM RECICLADO COR 4085/PET,110CM,15915184,518,135475,15903662NBR3283270,10/07/2026,13/10/2026,77,REPROG.,12/10/2026,,13/10/2026,,#N/A,1188919,NIKE,
1570,OK,DASS SEST,7,140758,1188919,82628,ATAC. MR140014 6MM RECICLADO COR 4085/PET,110CM,15915184,540,135475,15903663NBR3283270,10/07/2026,13/10/2026,77,REPROG.,12/10/2026,,13/10/2026,,#N/A,1188919,NIKE,
1571,OK,DASS SEST,7,140758,1188919,82628,ATAC. MR140014 6MM RECICLADO COR 4085/PET,110CM,15915184,30,135475,15903668NBR3283274,10/07/2026,13/10/2026,77,REPROG.,12/10/2026,,13/10/2026,,#N/A,1188919,NIKE,
1572,OK,DASS SEST,7,140758,1188919,82628,ATAC. MR140014 6MM RECICLADO COR 4085/PET,110CM,15915184,24,135475,15903669NBR3283274,10/07/2026,13/10/2026,77,REPROG.,12/10/2026,,13/10/2026,,#N/A,1188919,NIKE,
1573,OK,DASS SEST,7,140758,1188919,82628,ATAC. MR140014 6MM RECICLADO COR 4085/PET,115CM,15915184,180,135475,15903656NBR3283248,10/07/2026,13/10/2026,77,REPROG.,12/10/2026,,13/10/2026,,#N/A,1188919,NIKE,
1574,OK,DASS SEST,7,140758,1188919,82628,ATAC. MR140014 6MM RECICLADO COR 4085/PET,115CM,15915184,198,135475,15903657NBR3283248,10/07/2026,13/10/2026,77,REPROG.,12/10/2026,,13/10/2026,,#N/A,1188919,NIKE,
1575,OK,DASS SEST,7,140758,1188919,82628,ATAC. MR140014 6MM RECICLADO COR 4085/PET,115CM,15915184,144,135475,15903658NBR3283269,10/07/2026,13/10/2026,77,REPROG.,12/10/2026,,13/10/2026,,#N/A,1188919,NIKE,
1576,OK,DASS SEST,7,140758,1188919,82628,ATAC. MR140014 6MM RECICLADO COR 4085/PET,115CM,15915184,144,135475,15903659NBR3283269,10/07/2026,13/10/2026,77,REPROG.,12/10/2026,,13/10/2026,,#N/A,1188919,NIKE,
1577,OK,DASS SEST,7,140758,1188919,82628,ATAC. MR140014 6MM RECICLADO COR 4085/PET,115CM,15915184,174,135475,15903661NBR3283269,10/07/2026,13/10/2026,77,REPROG.,12/10/2026,,13/10/2026,,#N/A,1188919,NIKE,
1578,OK,DASS SEST,7,140758,1188919,82628,ATAC. MR140014 6MM RECICLADO COR 4085/PET,115CM,15915184,180,135475,15903662NBR3283270,10/07/2026,13/10/2026,77,REPROG.,12/10/2026,,13/10/2026,,#N/A,1188919,NIKE,
1579,OK,DASS SEST,7,140758,1188919,82628,ATAC. MR140014 6MM RECICLADO COR 4085/PET,115CM,15915184,198,135475,15903663NBR3283270,10/07/2026,13/10/2026,77,REPROG.,12/10/2026,,13/10/2026,,#N/A,1188919,NIKE,
1580,OK,DASS SEST,7,140758,1269460,85472,ATAC. MR140014 6MM RECICLADO COR 5481/PET,100CM,15915184,204,135475,15903704NBR3283272,10/07/2026,13/10/2026,77,REPROG.,12/10/2026,,13/10/2026,,#N/A,1269460,NIKE,
1581,OK,DASS SEST,7,140758,1269460,85472,ATAC. MR140014 6MM RECICLADO COR 5481/PET,100CM,15915184,204,135475,15903705NBR3283272,10/07/2026,13/10/2026,77,REPROG.,12/10/2026,,13/10/2026,,#N/A,1269460,NIKE,
1582,OK,DASS SEST,7,140758,1269460,85472,ATAC. MR140014 6MM RECICLADO COR 5481/PET,100CM,15915184,216,135475,15903706NBR3283272,10/07/2026,13/10/2026,77,REPROG.,12/10/2026,,13/10/2026,,#N/A,1269460,NIKE,
1583,OK,DASS SEST,7,140758,1269460,85472,ATAC. MR140014 6MM RECICLADO COR 5481/PET,105CM,15915184,759,135475,15903704NBR3283272,10/07/2026,13/10/2026,77,REPROG.,12/10/2026,,13/10/2026,,#N/A,1269460,NIKE,
1584,OK,DASS SEST,7,140758,1269460,85472,ATAC. MR140014 6MM RECICLADO COR 5481/PET,105CM,15915184,732,135475,15903705NBR3283272,10/07/2026,13/10/2026,77,REPROG.,12/10/2026,,13/10/2026,,#N/A,1269460,NIKE,
1585,OK,DASS SEST,7,140758,1269460,85472,ATAC. MR140014 6MM RECICLADO COR 5481/PET,105CM,15915184,786,135475,15903706NBR3283272,10/07/2026,13/10/2026,77,REPROG.,12/10/2026,,13/10/2026,,#N/A,1269460,NIKE,
1586,OK,DASS SEST,7,140758,1269460,85472,ATAC. MR140014 6MM RECICLADO COR 5481/PET,110CM,15915184,48,135475,15903704NBR3283272,10/07/2026,13/10/2026,77,REPROG.,12/10/2026,,13/10/2026,,#N/A,1269460,NIKE,
1587,OK,DASS SEST,7,140758,1269460,85472,ATAC. MR140014 6MM RECICLADO COR 5481/PET,110CM,15915184,24,135475,15903705NBR3283272,10/07/2026,13/10/2026,77,REPROG.,12/10/2026,,13/10/2026,,#N/A,1269460,NIKE,
1588,OK,DASS SEST,7,140758,1299257,86978,ATAC. MR130027 6MM RECICLADO COR 4085/PET,105CM,15915184,420,135475,15903687NBR3283107,10/07/2026,13/10/2026,77,REPROG.,12/10/2026,,13/10/2026,,#N/A,1299257,NIKE,
1589,OK,DASS SEST,7,140758,1299257,86978,ATAC. MR130027 6MM RECICLADO COR 4085/PET,105CM,15915184,462,135475,15903689NBR3283107,10/07/2026,13/10/2026,77,REPROG.,12/10/2026,,13/10/2026,,#N/A,1299257,NIKE,
1590,OK,DASS SEST,7,140758,1299257,86978,ATAC. MR130027 6MM RECICLADO COR 4085/PET,110CM,15915184,458,135475,15903687NBR3283107,10/07/2026,13/10/2026,77,REPROG.,12/10/2026,,13/10/2026,,#N/A,1299257,NIKE,
1591,OK,DASS SEST,7,140758,1299257,86978,ATAC. MR130027 6MM RECICLADO COR 4085/PET,110CM,15915184,468,135475,15903689NBR3283107,10/07/2026,13/10/2026,77,REPROG.,12/10/2026,,13/10/2026,,#N/A,1299257,NIKE,
1592,OK,DASS SEST,7,140758,1299257,86978,ATAC. MR130027 6MM RECICLADO COR 4085/PET,110CM,15915184,174,135475,15903675NBR3283126,10/07/2026,13/10/2026,77,REPROG.,12/10/2026,,13/10/2026,,#N/A,1299257,NIKE,
1593,OK,DASS SEST,7,140758,1299257,86978,ATAC. MR130027 6MM RECICLADO COR 4085/PET,110CM,15915184,156,135475,15903676NBR3283126,10/07/2026,13/10/2026,77,REPROG.,12/10/2026,,13/10/2026,,#N/A,1299257,NIKE,
1594,OK,DASS SEST,7,140758,1299257,86978,ATAC. MR130027 6MM RECICLADO COR 4085/PET,110CM,15915184,180,135475,15903677NBR3283126,10/07/2026,13/10/2026,77,REPROG.,12/10/2026,,13/10/2026,,#N/A,1299257,NIKE,
1595,OK,DASS SEST,7,140758,1299257,86978,ATAC. MR130027 6MM RECICLADO COR 4085/PET,115CM,15915184,18,135475,15903687NBR3283107,10/07/2026,13/10/2026,77,REPROG.,12/10/2026,,13/10/2026,,#N/A,1299257,NIKE,
1596,OK,DASS SEST,7,140758,1299257,86978,ATAC. MR130027 6MM RECICLADO COR 4085/PET,115CM,15915184,483,135475,15903675NBR3283126,10/07/2026,13/10/2026,77,REPROG.,12/10/2026,,13/10/2026,,#N/A,1299257,NIKE,
1597,OK,DASS SEST,7,140758,1299257,86978,ATAC. MR130027 6MM RECICLADO COR 4085/PET,115CM,15915184,468,135475,15903676NBR3283126,10/07/2026,13/10/2026,77,REPROG.,12/10/2026,,13/10/2026,,#N/A,1299257,NIKE,
1598,OK,DASS SEST,7,140758,1299257,86978,ATAC. MR130027 6MM RECICLADO COR 4085/PET,115CM,15915184,498,135475,15903677NBR3283126,10/07/2026,13/10/2026,77,REPROG.,12/10/2026,,13/10/2026,,#N/A,1299257,NIKE,
1599,OK,DASS SEST,7,140758,1299257,86978,ATAC. MR130027 6MM RECICLADO COR 4085/PET,120CM,15915184,84,135475,15903675NBR3283126,10/07/2026,13/10/2026,77,REPROG.,12/10/2026,,13/10/2026,,#N/A,1299257,NIKE,
1600,OK,DASS SEST,7,140758,1299257,86978,ATAC. MR130027 6MM RECICLADO COR 4085/PET,120CM,15915184,84,135475,15903676NBR3283126,10/07/2026,13/10/2026,77,REPROG.,12/10/2026,,13/10/2026,,#N/A,1299257,NIKE,
1601,OK,DASS SEST,7,140758,1299257,86978,ATAC. MR130027 6MM RECICLADO COR 4085/PET,120CM,15915184,90,135475,15903677NBR3283126,10/07/2026,13/10/2026,77,REPROG.,12/10/2026,,13/10/2026,,#N/A,1299257,NIKE,
1602,OK,DASS SEST,7,140758,1301800,88695,ATAC. MR130027 6MM RECICLADO COR 4662/PET,110CM,15915184,312,135475,15903720NBR3282854,10/07/2026,13/10/2026,77,REPROG.,12/10/2026,,13/10/2026,,#N/A,1301800,NIKE,
1603,OK,DASS SEST,7,140758,1301800,88695,ATAC. MR130027 6MM RECICLADO COR 4662/PET,115CM,15915184,854,135475,15903720NBR3282854,10/07/2026,13/10/2026,77,REPROG.,12/10/2026,,13/10/2026,,#N/A,1301800,NIKE,
1604,OK,DASS SEST,7,140758,1301800,88695,ATAC. MR130027 6MM RECICLADO COR 4662/PET,120CM,15915184,114,135475,15903720NBR3282854,10/07/2026,13/10/2026,77,REPROG.,12/10/2026,,13/10/2026,,#N/A,1301800,NIKE,
1605,OK,DASS SEST,7,140758,1409834,93450,ATAC. MR130027 6MM RECICLADO COR 057/PET,110CM,15915184,174,135475,15903727NBR3283128,10/07/2026,13/10/2026,77,REPROG.,12/10/2026,,13/10/2026,,#N/A,1409834,NIKE,
1606,OK,DASS SEST,7,140758,1409834,93450,ATAC. MR130027 6MM RECICLADO COR 057/PET,110CM,15915184,156,135475,15903728NBR3283128,10/07/2026,13/10/2026,77,REPROG.,12/10/2026,,13/10/2026,,#N/A,1409834,NIKE,
1607,OK,DASS SEST,7,140758,1409834,93450,ATAC. MR130027 6MM RECICLADO COR 057/PET,110CM,15915184,174,135475,15903729NBR3283128,10/07/2026,13/10/2026,77,REPROG.,12/10/2026,,13/10/2026,,#N/A,1409834,NIKE,
1608,OK,DASS SEST,7,140758,1409834,93450,ATAC. MR130027 6MM RECICLADO COR 057/PET,115CM,15915184,591,135475,15903727NBR3283128,10/07/2026,13/10/2026,77,REPROG.,12/10/2026,,13/10/2026,,#N/A,1409834,NIKE,
1609,OK,DASS SEST,7,140758,1409834,93450,ATAC. MR130027 6MM RECICLADO COR 057/PET,115CM,15915184,468,135475,15903728NBR3283128,10/07/2026,13/10/2026,77,REPROG.,12/10/2026,,13/10/2026,,#N/A,1409834,NIKE,
1610,OK,DASS SEST,7,140758,1409834,93450,ATAC. MR130027 6MM RECICLADO COR 057/PET,115CM,15915184,366,135475,15903729NBR3283128,10/07/2026,13/10/2026,77,REPROG.,12/10/2026,,13/10/2026,,#N/A,1409834,NIKE,
1611,OK,DASS SEST,7,140758,1409834,93450,ATAC. MR130027 6MM RECICLADO COR 057/PET,120CM,15915184,72,135475,15903727NBR3283128,10/07/2026,13/10/2026,77,REPROG.,12/10/2026,,13/10/2026,,#N/A,1409834,NIKE,
1612,OK,DASS SEST,7,140758,1409834,93450,ATAC. MR130027 6MM RECICLADO COR 057/PET,120CM,15915184,72,135475,15903728NBR3283128,10/07/2026,13/10/2026,77,REPROG.,12/10/2026,,13/10/2026,,#N/A,1409834,NIKE,
1613,OK,DASS SEST,7,140758,1409834,93450,ATAC. MR130027 6MM RECICLADO COR 057/PET,120CM,15915184,108,135475,15903729NBR3283128,10/07/2026,13/10/2026,77,REPROG.,12/10/2026,,13/10/2026,,#N/A,1409834,NIKE,
1780,OK,DASS SEST,7,140953,1188919,82628,ATAC. MR140014 6MM RECICLADO COR 4085/PET,105CM,15944099,12,135640,15942979NBR3282859,17/07/2026,13/10/2026,77,REPROG.,12/10/2026,,13/10/2026,,#N/A,1188919,NIKE,
1781,OK,DASS SEST,7,140953,1188919,82628,ATAC. MR140014 6MM RECICLADO COR 4085/PET,105CM,15944099,470,135640,15942977NBR3283051,17/07/2026,13/10/2026,77,REPROG.,12/10/2026,,13/10/2026,,#N/A,1188919,NIKE,
1782,OK,DASS SEST,7,140953,1188919,82628,ATAC. MR140014 6MM RECICLADO COR 4085/PET,105CM,15944099,504,135640,15942978NBR3283051,17/07/2026,13/10/2026,77,REPROG.,12/10/2026,,13/10/2026,,#N/A,1188919,NIKE,
1783,OK,DASS SEST,7,140953,1188919,82628,ATAC. MR140014 6MM RECICLADO COR 4085/PET,110CM,15944099,885,135640,15942979NBR3282859,17/07/2026,13/10/2026,77,REPROG.,12/10/2026,,13/10/2026,,#N/A,1188919,NIKE,
1784,OK,DASS SEST,7,140953,1188919,82628,ATAC. MR140014 6MM RECICLADO COR 4085/PET,110CM,15944099,912,135640,15942980NBR3282859,17/07/2026,13/10/2026,77,REPROG.,12/10/2026,,13/10/2026,,#N/A,1188919,NIKE,
1785,OK,DASS SEST,7,140953,1188919,82628,ATAC. MR140014 6MM RECICLADO COR 4085/PET,110CM,15944099,222,135640,15942977NBR3283051,17/07/2026,13/10/2026,77,REPROG.,12/10/2026,,13/10/2026,,#N/A,1188919,NIKE,
1786,OK,DASS SEST,7,140953,1188919,82628,ATAC. MR140014 6MM RECICLADO COR 4085/PET,110CM,15944099,234,135640,15942978NBR3283051,17/07/2026,13/10/2026,77,REPROG.,12/10/2026,,13/10/2026,,#N/A,1188919,NIKE,
1787,OK,DASS SEST,7,140953,1188919,82628,ATAC. MR140014 6MM RECICLADO COR 4085/PET,115CM,15944099,156,135640,15942979NBR3282859,17/07/2026,13/10/2026,77,REPROG.,12/10/2026,,13/10/2026,,#N/A,1188919,NIKE,
1788,OK,DASS SEST,7,140953,1188919,82628,ATAC. MR140014 6MM RECICLADO COR 4085/PET,115CM,15944099,186,135640,15942980NBR3282859,17/07/2026,13/10/2026,77,REPROG.,12/10/2026,,13/10/2026,,#N/A,1188919,NIKE,
1789,OK,DASS SEST,7,140953,1303189,88798,ATAC. MR140014 6MM RECICLADO COR 5645/PET,105CM,15944099,6,135640,15942985NBR3283154,17/07/2026,13/10/2026,77,REPROG.,12/10/2026,,13/10/2026,,#N/A,1303189,NIKE,
1790,OK,DASS SEST,7,140953,1303189,88798,ATAC. MR140014 6MM RECICLADO COR 5645/PET,110CM,15944099,872,135640,15942985NBR3283154,17/07/2026,13/10/2026,77,REPROG.,12/10/2026,,13/10/2026,,#N/A,1303189,NIKE,
1791,OK,DASS SEST,7,140953,1303189,88798,ATAC. MR140014 6MM RECICLADO COR 5645/PET,115CM,15944099,138,135640,15942985NBR3283154,17/07/2026,13/10/2026,77,REPROG.,12/10/2026,,13/10/2026,,#N/A,1303189,NIKE,
1821,OK,DASS SEST,7,140983,1181716,74237,FITA MR100001 C/ GOMA RECICLADO COR 4085/PET,15MM,15954282,540,135670,0,20/07/2026,13/10/2026,77,REPROG.,12/10/2026,,13/10/2026,,#N/A,1181716,NIKE,
1822,OK,DASS SEST,7,140983,1194659,82625,FITA MR100001 C/ GOMA RECICLADO COR 4593/PET,15MM,15954282,380,135670,0,20/07/2026,13/10/2026,77,REPROG.,12/10/2026,,13/10/2026,,#N/A,1194659,NIKE,
2438,OK,DASS SANTO ANTONIO,1526,140524,738316,1053,ELAST. MTM POLIESTER COR 100,6MM,15888485,1104,135199,0,06/07/2026,13/10/2026,77,REPROG.,12/10/2026,,13/10/2026,,#N/A,738316,FILA,
2439,OK,DASS SANTO ANTONIO,1526,140524,738314,87444,ELAST. MTM POLIESTER COR 057,6MM,15888485,1104,135199,0,06/07/2026,13/10/2026,77,REPROG.,12/10/2026,,13/10/2026,,#N/A,738314,FILA,
586,OK,DASS SEST,7,140105,1188919,82628,ATAC. MR140014 6MM RECICLADO COR 4085/PET,100CM,15855796,108,134794,15851823NBR3283186,25/06/2026,19/10/2026,83,,19/10/2026,,,,#N/A,1188919,NIKE,
587,OK,DASS SEST,7,140105,1188919,82628,ATAC. MR140014 6MM RECICLADO COR 4085/PET,100CM,15855796,126,134794,15851824NBR3283186,25/06/2026,19/10/2026,83,,19/10/2026,,,,#N/A,1188919,NIKE,
588,OK,DASS SEST,7,140105,1188919,82628,ATAC. MR140014 6MM RECICLADO COR 4085/PET,105CM,15855796,156,134794,15851815NBR3283125,25/06/2026,19/10/2026,83,,19/10/2026,,,,#N/A,1188919,NIKE,
589,OK,DASS SEST,7,140105,1188919,82628,ATAC. MR140014 6MM RECICLADO COR 4085/PET,105CM,15855796,174,134794,15851816NBR3283125,25/06/2026,19/10/2026,83,,19/10/2026,,,,#N/A,1188919,NIKE,
590,OK,DASS SEST,7,140105,1188919,82628,ATAC. MR140014 6MM RECICLADO COR 4085/PET,105CM,15855796,782,134794,15851823NBR3283186,25/06/2026,19/10/2026,83,,19/10/2026,,,,#N/A,1188919,NIKE,
591,OK,DASS SEST,7,140105,1188919,82628,ATAC. MR140014 6MM RECICLADO COR 4085/PET,105CM,15855796,810,134794,15851824NBR3283186,25/06/2026,19/10/2026,83,,19/10/2026,,,,#N/A,1188919,NIKE,
592,OK,DASS SEST,7,140105,1188919,82628,ATAC. MR140014 6MM RECICLADO COR 4085/PET,110CM,15855796,464,134794,15851815NBR3283125,25/06/2026,19/10/2026,83,,19/10/2026,,,,#N/A,1188919,NIKE,
593,OK,DASS SEST,7,140105,1188919,82628,ATAC. MR140014 6MM RECICLADO COR 4085/PET,110CM,15855796,462,134794,15851816NBR3283125,25/06/2026,19/10/2026,83,,19/10/2026,,,,#N/A,1188919,NIKE,
594,OK,DASS SEST,7,140105,1188919,82628,ATAC. MR140014 6MM RECICLADO COR 4085/PET,110CM,15855796,48,134794,15851823NBR3283186,25/06/2026,19/10/2026,83,,19/10/2026,,,,#N/A,1188919,NIKE,
595,OK,DASS SEST,7,140105,1188919,82628,ATAC. MR140014 6MM RECICLADO COR 4085/PET,110CM,15855796,48,134794,15851824NBR3283186,25/06/2026,19/10/2026,83,,19/10/2026,,,,#N/A,1188919,NIKE,
596,OK,DASS SEST,7,140105,1188919,82628,ATAC. MR140014 6MM RECICLADO COR 4085/PET,115CM,15855796,180,134794,15851815NBR3283125,25/06/2026,19/10/2026,83,,19/10/2026,,,,#N/A,1188919,NIKE,
597,OK,DASS SEST,7,140105,1188919,82628,ATAC. MR140014 6MM RECICLADO COR 4085/PET,115CM,15855796,192,134794,15851816NBR3283125,25/06/2026,19/10/2026,83,,19/10/2026,,,,#N/A,1188919,NIKE,
1802,OK,DASS SEST,7,140956,1425212,96072,ATAC. MR140014 6MM RECICLADO COR 6255/PET,105CM,15944100,6,135659,15942986NBR3283148,20/07/2026,19/10/2026,83,,19/10/2026,,,,#N/A,1425212,NIKE,
1803,OK,DASS SEST,7,140956,1425212,96072,ATAC. MR140014 6MM RECICLADO COR 6255/PET,110CM,15944100,608,135659,15942986NBR3283148,20/07/2026,19/10/2026,83,,19/10/2026,,,,#N/A,1425212,NIKE,
1804,OK,DASS SEST,7,140956,1425212,96072,ATAC. MR140014 6MM RECICLADO COR 6255/PET,110CM,15944100,624,135659,15942987NBR3283148,20/07/2026,19/10/2026,83,,19/10/2026,,,,#N/A,1425212,NIKE,
1805,OK,DASS SEST,7,140956,1425212,96072,ATAC. MR140014 6MM RECICLADO COR 6255/PET,115CM,15944100,120,135659,15942986NBR3283148,20/07/2026,19/10/2026,83,,19/10/2026,,,,#N/A,1425212,NIKE,
1806,OK,DASS SEST,7,140956,1425212,96072,ATAC. MR140014 6MM RECICLADO COR 6255/PET,115CM,15944100,120,135659,15942987NBR3283148,20/07/2026,19/10/2026,83,,19/10/2026,,,,#N/A,1425212,NIKE,
1807,NÃO,DASS SEST,7,140956,1425211,96141,ATAC. MR140014 6MM RECICLADO COR 6296/PET,105CM,15944100,494,135659,15942988NBR3283150,20/07/2026,19/10/2026,83,,19/10/2026,,,,#N/A,1425211,NIKE,
1808,NÃO,DASS SEST,7,140956,1425211,96141,ATAC. MR140014 6MM RECICLADO COR 6296/PET,105CM,15944100,552,135659,15942989NBR3283150,20/07/2026,19/10/2026,83,,19/10/2026,,,,#N/A,1425211,NIKE,
1809,NÃO,DASS SEST,7,140956,1425211,96141,ATAC. MR140014 6MM RECICLADO COR 6296/PET,110CM,15944100,186,135659,15942988NBR3283150,20/07/2026,19/10/2026,83,,19/10/2026,,,,#N/A,1425211,NIKE,
1810,NÃO,DASS SEST,7,140956,1425211,96141,ATAC. MR140014 6MM RECICLADO COR 6296/PET,110CM,15944100,216,135659,15942989NBR3283150,20/07/2026,19/10/2026,83,,19/10/2026,,,,#N/A,1425211,NIKE,
1823,OK,DASS SEST,7,140984,1194659,82625,FITA MR100001 C/ GOMA RECICLADO COR 4593/PET,15MM,15953522,760,135671,0,20/07/2026,03/11/2026,98,REPROG.,02/11/2026,,03/11/2026,,#N/A,1194659,NIKE,