,,,,,,,,,,,,,,,,,,,,,,
,,,,,,,,,,,,,,,,,,,,,,
,,,,,,,,,,,,,,,,,,,,,,
MARFIM CEARA105140645903066MM320260708-1,NÃO,MARFIM CEARA,105,140645,,90306,ATAC. MR140019 6MM RECICLADO COR 5481 [7ddf3647-2759-434c-a277-f7bc66ac0c35],6MM,3,6394,,08/07/2026,21/08/2026,0,21/08/2026,900000,,7ddf3647-2759-434c-a277-f7bc66ac0c35,,135416,1,
MARFIM CEARA105140645895606MM320260708-1,NÃO,MARFIM CEARA,105,140645,,89560,ATAC. MR140019 6MM RECICLADO COR 5709 [7144b735-c276-47bd-b86b-4fce453b953c],6MM,3,7063,,08/07/2026,21/08/2026,0,21/08/2026,900001,,7144b735-c276-47bd-b86b-4fce453b953c,,135416,2,
DASS SEST713922882628100CM1577519315773818NBR328303320260601-1,OK,DASS SEST,7,139228,1188919,82628,ATAC. MR140014 6MM RECICLADO COR 4085/PET [debc5d8f-7727-4ee4-8ea0-a3a0cd59e6ec],100CM,15775193,96,15773818NBR3283033,01/06/2026,24/08/2026,3,21/08/2026,900002,,debc5d8f-7727-4ee4-8ea0-a3a0cd59e6ec,NIKE,133929,,
DASS SEST713922882628100CM1577519315773819NBR328303320260601-1,OK,DASS SEST,7,139228,1188919,82628,ATAC. MR140014 6MM RECICLADO COR 4085/PET [46f5422d-2af5-4cde-9000-86107ac84abe],100CM,15775193,120,15773819NBR3283033,01/06/2026,24/08/2026,3,21/08/2026,900003,,46f5422d-2af5-4cde-9000-86107ac84abe,NIKE,133929,,
DASS SEST713922882628105CM1577519315773818NBR328303320260601-1,OK,DASS SEST,7,139228,1188919,82628,ATAC. MR140014 6MM RECICLADO COR 4085/PET [32818783-d610-44c6-8407-054f9a6bebae],105CM,15775193,734,15773818NBR3283033,01/06/2026,24/08/2026,3,21/08/2026,900004,,32818783-d610-44c6-8407-054f9a6bebae,NIKE,133929,,
DASS SEST713922882628105CM1577519315773819NBR328303320260601-1,OK,DASS SEST,7,139228,1188919,82628,ATAC. MR140014 6MM RECICLADO COR 4085/PET [6b2895ea-511c-4d07-aff9-6ca3ce1e1215],105CM,15775193,762,15773819NBR3283033,01/06/2026,24/08/2026,3,21/08/2026,900005,,6b2895ea-511c-4d07-aff9-6ca3ce1e1215,NIKE,133929,,
DASS SEST713922882628110CM1577519315773818NBR328303320260601-1,OK,DASS SEST,7,139228,1188919,82628,ATAC. MR140014 6MM RECICLADO COR 4085/PET [a110f286-7174-43b6-9033-a2c67cbeec56],110CM,15775193,54,15773818NBR3283033,01/06/2026,24/08/2026,3,21/08/2026,900006,,a110f286-7174-43b6-9033-a2c67cbeec56,NIKE,133929,,
DASS SEST713922882628110CM1577519315773819NBR328303320260601-1,OK,DASS SEST,7,139228,1188919,82628,ATAC. MR140014 6MM RECICLADO COR 4085/PET [f8a08974-75c4-457d-957c-6e40ed74e4ac],110CM,15775193,36,15773819NBR3283033,01/06/2026,24/08/2026,3,21/08/2026,900007,,f8a08974-75c4-457d-957c-6e40ed74e4ac,NIKE,133929,,
DASS SEST713922886418100CM1577519315773828NBR328288620260601-1,OK,DASS SEST,7,139228,1278311,86418,ATAC. MR140014 6MM RECICLADO COR 4662/PET [7c776b2e-e6ac-4f13-9000-f1b104213193],100CM,15775193,108,15773828NBR3282886,01/06/2026,24/08/2026,3,21/08/2026,900008,,7c776b2e-e6ac-4f13-9000-f1b104213193,NIKE,133929,,
DASS SEST713922886418100CM1577519315773829NBR328288620260601-1,OK,DASS SEST,7,139228,1278311,86418,ATAC. MR140014 6MM RECICLADO COR 4662/PET [d8bd1fca-9191-489f-a033-eca30b48c438],100CM,15775193,114,15773829NBR3282886,01/06/2026,24/08/2026,3,21/08/2026,900009,,d8bd1fca-9191-489f-a033-eca30b48c438,NIKE,133929,,
DASS SEST713922886418105CM1577519315773828NBR328288620260601-1,OK,DASS SEST,7,139228,1278311,86418,ATAC. MR140014 6MM RECICLADO COR 4662/PET [af74eaa1-5ab3-433a-bc46-e272b9ca79a9],105CM,15775193,746,15773828NBR3282886,01/06/2026,24/08/2026,3,21/08/2026,900010,,af74eaa1-5ab3-433a-bc46-e272b9ca79a9,NIKE,133929,,
DASS SEST713922886418105CM1577519315773829NBR328288620260601-1,OK,DASS SEST,7,139228,1278311,86418,ATAC. MR140014 6MM RECICLADO COR 4662/PET [822b6c6b-2604-447d-bead-e3d2e7f155c2],105CM,15775193,792,15773829NBR3282886,01/06/2026,24/08/2026,3,21/08/2026,900011,,822b6c6b-2604-447d-bead-e3d2e7f155c2,NIKE,133929,,
DASS SEST713922886418110CM1577519315773828NBR328288620260601-1,OK,DASS SEST,7,139228,1278311,86418,ATAC. MR140014 6MM RECICLADO COR 4662/PET [edd75563-5f14-4aaa-87c4-20f5dd99b4b6],110CM,15775193,48,15773828NBR3282886,01/06/2026,24/08/2026,3,21/08/2026,900012,,edd75563-5f14-4aaa-87c4-20f5dd99b4b6,NIKE,133929,,
DASS SEST713922886418110CM1577519315773829NBR328288620260601-1,OK,DASS SEST,7,139228,1278311,86418,ATAC. MR140014 6MM RECICLADO COR 4662/PET [ff4a2d15-a3da-4c03-8b1c-6436e6f0a6c5],110CM,15775193,48,15773829NBR3282886,01/06/2026,24/08/2026,3,21/08/2026,900013,,ff4a2d15-a3da-4c03-8b1c-6436e6f0a6c5,NIKE,133929,,
DASS SEST71392808262618MM1577532120260602-1,OK,DASS SEST,7,139280,1220522,82626,FITA MR100038 C/ GOMA RECICLADO COR 4662/PET / COR 5400/B [4ba224f8-6e86-473c-a933-65fb70c1e1d0],18MM,15775321,340,0,02/06/2026,24/08/2026,3,21/08/2026,900014,,4ba224f8-6e86-473c-a933-65fb70c1e1d0,NIKE,133900,,
DASS SEST71392989570618MM1577532120260602-1,OK,DASS SEST,7,139298,1359543,95706,FITA MR100038 C/ GOMA RECICLADO COR 057/PET / COR 5911/B [e09ab5fa-316c-445a-87c4-8c4af1653f95],18MM,15775321,320,0,02/06/2026,24/08/2026,3,21/08/2026,900015,,e09ab5fa-316c-445a-87c4-8c4af1653f95,NIKE,133935,,
DASS SEST71392999538416MM1577776520260602-1,OK,DASS SEST,7,139299,1411433,95384,FITA M31119 C/ GOMA POLIESTER COR 6008 / COR 102 / COR 102 [8e808e33-afdc-40c6-b8bb-83ff782e1caa],16MM,15777765,390,0,02/06/2026,24/08/2026,3,21/08/2026,900016,,8e808e33-afdc-40c6-b8bb-83ff782e1caa,FILA,133936,,
DASS SEST71396267400710MM1581715620260612-1,OK,DASS SEST,7,139626,1200469,74007,FITA M32164 C/ GOMA POLIESTER COR 4085 [27a002b2-0ace-49cb-b10b-cde9ba254815],10MM,15817156,170,0,12/06/2026,24/08/2026,3,21/08/2026,900017,,27a002b2-0ace-49cb-b10b-cde9ba254815,NIKE,134336,1,
DASS SEST71396268373910MM1581715620260612-1,OK,DASS SEST,7,139626,1247438,83739,FITA M32164 C/ GOMA POLIESTER COR 4662 [bf46440b-78ae-4598-8b66-71c978828327],10MM,15817156,190,0,12/06/2026,24/08/2026,3,21/08/2026,900018,,bf46440b-78ae-4598-8b66-71c978828327,NIKE,134336,2,
DASS SEST71396368697895CM1581641115815486NBR328284620260612-1,OK,DASS SEST,7,139636,1299257,86978,ATAC. MR130027 6MM RECICLADO COR 4085/PET [098c99dd-7acd-4fde-97f4-a063f8416caa],95CM,15816411,427,15815486NBR3282846,12/06/2026,24/08/2026,3,21/08/2026,900019,,098c99dd-7acd-4fde-97f4-a063f8416caa,NIKE,134339,1,
DASS SEST713963686978100CM1581641115815486NBR328284620260612-1,OK,DASS SEST,7,139636,1299257,86978,ATAC. MR130027 6MM RECICLADO COR 4085/PET [cde4c2f2-ffc1-4a83-8653-da5f36b75450],100CM,15816411,538,15815486NBR3282846,12/06/2026,24/08/2026,3,21/08/2026,900020,,cde4c2f2-ffc1-4a83-8653-da5f36b75450,NIKE,134339,2,
DASS SEST713963686978105CM1581641115815486NBR328284620260612-1,OK,DASS SEST,7,139636,1299257,86978,ATAC. MR130027 6MM RECICLADO COR 4085/PET [b7e83e32-8823-4170-a345-5618c8b30489],105CM,15816411,67,15815486NBR3282846,12/06/2026,24/08/2026,3,21/08/2026,900021,,b7e83e32-8823-4170-a345-5618c8b30489,NIKE,134339,3,
DASS SEST71396368869595CM1581641115815492NBR328284820260612-1,OK,DASS SEST,7,139636,1301800,88695,ATAC. MR130027 6MM RECICLADO COR 4662/PET [eef6eb9f-2646-431d-b660-029004f80470],95CM,15816411,427,15815492NBR3282848,12/06/2026,24/08/2026,3,21/08/2026,900022,,eef6eb9f-2646-431d-b660-029004f80470,NIKE,134339,4,
DASS SEST713963688695100CM1581641115815492NBR328284820260612-1,OK,DASS SEST,7,139636,1301800,88695,ATAC. MR130027 6MM RECICLADO COR 4662/PET [48d30d3e-bf01-4cf3-af19-384486b12f46],100CM,15816411,532,15815492NBR3282848,12/06/2026,24/08/2026,3,21/08/2026,900023,,48d30d3e-bf01-4cf3-af19-384486b12f46,NIKE,134339,5,
DASS SEST713963688695105CM1581641115815492NBR328284820260612-1,OK,DASS SEST,7,139636,1301800,88695,ATAC. MR130027 6MM RECICLADO COR 4662/PET [ac2e3763-6ec4-41a1-9fde-868b872f3036],105CM,15816411,67,15815492NBR3282848,12/06/2026,24/08/2026,3,21/08/2026,900024,,ac2e3763-6ec4-41a1-9fde-868b872f3036,NIKE,134339,6,
DASS SEST71396369579995CM1581641115815489NBR328284920260612-1,OK,DASS SEST,7,139636,1424088,95799,ATAC. MR130027 6MM RECICLADO COR 5820/PET [99ac03b3-3419-46b7-bb44-eb2ea33fabc6],95CM,15816411,300,15815489NBR3282849,12/06/2026,24/08/2026,3,21/08/2026,900025,,99ac03b3-3419-46b7-bb44-eb2ea33fabc6,NIKE,134339,7,
DASS SEST71396369579995CM1581641115815490NBR328284920260612-1,OK,DASS SEST,7,139636,1424088,95799,ATAC. MR130027 6MM RECICLADO COR 5820/PET [0af74a90-6d5a-45ff-81dd-2e58b073c611],95CM,15816411,333,15815490NBR3282849,12/06/2026,24/08/2026,3,21/08/2026,900026,,0af74a90-6d5a-45ff-81dd-2e58b073c611,NIKE,134339,8,
DASS SEST713963695799100CM1581641115815489NBR328284920260612-1,OK,DASS SEST,7,139636,1424088,95799,ATAC. MR130027 6MM RECICLADO COR 5820/PET [0467d557-dd8d-492b-a758-fba4f721d99a],100CM,15816411,374,15815489NBR3282849,12/06/2026,24/08/2026,3,21/08/2026,900027,,0467d557-dd8d-492b-a758-fba4f721d99a,NIKE,134339,9,
DASS SEST713963695799100CM1581641115815490NBR328284920260612-1,OK,DASS SEST,7,139636,1424088,95799,ATAC. MR130027 6MM RECICLADO COR 5820/PET [c97c76b4-b684-44b0-82df-8bfeba1a0973],100CM,15816411,426,15815490NBR3282849,12/06/2026,24/08/2026,3,21/08/2026,900028,,c97c76b4-b684-44b0-82df-8bfeba1a0973,NIKE,134339,10,
DASS SEST713963695799105CM1581641115815489NBR328284920260612-1,OK,DASS SEST,7,139636,1424088,95799,ATAC. MR130027 6MM RECICLADO COR 5820/PET [59ad6f8c-69c0-48ff-8f56-20c4ed3367c1],105CM,15816411,49,15815489NBR3282849,12/06/2026,24/08/2026,3,21/08/2026,900029,,59ad6f8c-69c0-48ff-8f56-20c4ed3367c1,NIKE,134339,11,
DASS SEST713963695799105CM1581641115815490NBR328284920260612-1,OK,DASS SEST,7,139636,1424088,95799,ATAC. MR130027 6MM RECICLADO COR 5820/PET [51c92be8-e21f-4edf-a11d-2335f5d4d6cc],105CM,15816411,48,15815490NBR3282849,12/06/2026,24/08/2026,3,21/08/2026,900030,,51c92be8-e21f-4edf-a11d-2335f5d4d6cc,NIKE,134339,12,
DASS SEST713965284943100CM1581990715818128NBR328289020260612-1,OK,DASS SEST,7,139652,1241008,84943,ATAC. MR140014 6MM RECICLADO COR 4021/PET [a6ab34d1-e7d0-4c67-997c-08b91f430eea],100CM,15819907,773,15818128NBR3282890,12/06/2026,24/08/2026,3,21/08/2026,900031,,a6ab34d1-e7d0-4c67-997c-08b91f430eea,NIKE,134362,1,
DASS SEST713965284943105CM1581990715818128NBR328289020260612-1,OK,DASS SEST,7,139652,1241008,84943,ATAC. MR140014 6MM RECICLADO COR 4021/PET [5f73f053-0e6c-4db8-a87a-e3983aaca51f],105CM,15819907,394,15818128NBR3282890,12/06/2026,24/08/2026,3,21/08/2026,900032,,5f73f053-0e6c-4db8-a87a-e3983aaca51f,NIKE,134362,2,
DASS SEST713965286418100CM1581990715818135NBR328284320260612-1,OK,DASS SEST,7,139652,1278311,86418,ATAC. MR140014 6MM RECICLADO COR 4662/PET [a7a06435-7cf9-4878-ad8b-4e4ce9993290],100CM,15819907,673,15818135NBR3282843,12/06/2026,24/08/2026,3,21/08/2026,900033,,a7a06435-7cf9-4878-ad8b-4e4ce9993290,NIKE,134362,3,
DASS SEST713965286418105CM1581990715818135NBR328284320260612-1,OK,DASS SEST,7,139652,1278311,86418,ATAC. MR140014 6MM RECICLADO COR 4662/PET [9fe4674a-8390-4fae-9691-066b23b2b29a],105CM,15819907,346,15818135NBR3282843,12/06/2026,24/08/2026,3,21/08/2026,900034,,9fe4674a-8390-4fae-9691-066b23b2b29a,NIKE,134362,4,
DASS SEST71399399514616MM1584966120260622-1,OK,DASS SEST,7,139939,1400623,95146,FITA M31119 C/ GOMA POLIESTER COR 447 / COR 114 / COR 114 [bed314a3-0197-4255-a522-b76d549ad007],16MM,15849661,190,0,22/06/2026,24/08/2026,3,21/08/2026,900035,,bed314a3-0197-4255-a522-b76d549ad007,FILA,134615,1,
DASS SEST714009486978105CM1585915415856843NBR328291920260625-1,OK,DASS SEST,7,140094,1299257,86978,ATAC. MR130027 6MM RECICLADO COR 4085/PET [fc7723bb-b9ca-49be-9a01-34060f50c99e],105CM,15859154,552,15856843NBR3282919,25/06/2026,24/08/2026,3,21/08/2026,900036,,fc7723bb-b9ca-49be-9a01-34060f50c99e,NIKE,134783,1,
DASS SEST714009486978110CM1585915415856836NBR328286720260625-1,OK,DASS SEST,7,140094,1299257,86978,ATAC. MR130027 6MM RECICLADO COR 4085/PET [7d1e0032-4f3f-4deb-b30d-35e321ec21de],110CM,15859154,144,15856836NBR3282867,25/06/2026,24/08/2026,3,21/08/2026,900037,,7d1e0032-4f3f-4deb-b30d-35e321ec21de,NIKE,134783,2,
DASS SEST714009486978110CM1585915415856837NBR328286720260625-1,OK,DASS SEST,7,140094,1299257,86978,ATAC. MR130027 6MM RECICLADO COR 4085/PET [237b617e-63eb-49ce-81fc-71f4be596811],110CM,15859154,150,15856837NBR3282867,25/06/2026,24/08/2026,3,21/08/2026,900038,,237b617e-63eb-49ce-81fc-71f4be596811,NIKE,134783,3,
DASS SEST714009486978110CM1585915415856843NBR328291920260625-1,OK,DASS SEST,7,140094,1299257,86978,ATAC. MR130027 6MM RECICLADO COR 4085/PET [881a840c-d665-437d-a02b-1bd296de74bd],110CM,15859154,548,15856843NBR3282919,25/06/2026,24/08/2026,3,21/08/2026,900039,,881a840c-d665-437d-a02b-1bd296de74bd,NIKE,134783,4,
DASS SEST714009486978115CM1585915415856836NBR328286720260625-1,OK,DASS SEST,7,140094,1299257,86978,ATAC. MR130027 6MM RECICLADO COR 4085/PET [b5544d47-2a7c-4681-9696-1573eea412f8],115CM,15859154,518,15856836NBR3282867,25/06/2026,24/08/2026,3,21/08/2026,900040,,b5544d47-2a7c-4681-9696-1573eea412f8,NIKE,134783,5,
DASS SEST714009486978115CM1585915415856837NBR328286720260625-1,OK,DASS SEST,7,140094,1299257,86978,ATAC. MR130027 6MM RECICLADO COR 4085/PET [f92d4e46-20ba-4302-94ed-a31c91dd1acf],115CM,15859154,528,15856837NBR3282867,25/06/2026,24/08/2026,3,21/08/2026,900041,,f92d4e46-20ba-4302-94ed-a31c91dd1acf,NIKE,134783,6,
DASS SEST714009486978115CM1585915415856843NBR328291920260625-1,OK,DASS SEST,7,140094,1299257,86978,ATAC. MR130027 6MM RECICLADO COR 4085/PET [5040bbcc-5774-4a68-a6c1-0e41738efd79],115CM,15859154,24,15856843NBR3282919,25/06/2026,24/08/2026,3,21/08/2026,900042,,5040bbcc-5774-4a68-a6c1-0e41738efd79,NIKE,134783,7,
DASS SEST714009486978120CM1585915415856836NBR328286720260625-1,OK,DASS SEST,7,140094,1299257,86978,ATAC. MR130027 6MM RECICLADO COR 4085/PET [6478e54b-46a0-44eb-a661-e3bd95e81adb],120CM,15859154,120,15856836NBR3282867,25/06/2026,24/08/2026,3,21/08/2026,900043,,6478e54b-46a0-44eb-a661-e3bd95e81adb,NIKE,134783,8,
DASS SEST714009486978120CM1585915415856837NBR328286720260625-1,OK,DASS SEST,7,140094,1299257,86978,ATAC. MR130027 6MM RECICLADO COR 4085/PET [16157892-3ce0-4a36-9113-ad2732db15a2],120CM,15859154,156,15856837NBR3282867,25/06/2026,24/08/2026,3,21/08/2026,900044,,16157892-3ce0-4a36-9113-ad2732db15a2,NIKE,134783,9,
DASS SEST714009488695110CM1585915415856846NBR328286820260625-1,OK,DASS SEST,7,140094,1301800,88695,ATAC. MR130027 6MM RECICLADO COR 4662/PET [1dc9db9f-1637-48e7-ac18-1795d2ea3c3e],110CM,15859154,144,15856846NBR3282868,25/06/2026,24/08/2026,3,21/08/2026,900045,,1dc9db9f-1637-48e7-ac18-1795d2ea3c3e,NIKE,134783,10,
DASS SEST714009488695115CM1585915415856846NBR328286820260625-1,OK,DASS SEST,7,140094,1301800,88695,ATAC. MR130027 6MM RECICLADO COR 4662/PET [a7c2f91d-1ce2-4224-9694-a2c08796b772],115CM,15859154,836,15856846NBR3282868,25/06/2026,24/08/2026,3,21/08/2026,900046,,a7c2f91d-1ce2-4224-9694-a2c08796b772,NIKE,134783,11,
DASS SEST714009488695120CM1585915415856846NBR328286820260625-1,OK,DASS SEST,7,140094,1301800,88695,ATAC. MR130027 6MM RECICLADO COR 4662/PET [bb47c73e-fc59-4c45-b7ac-fceb679f5283],120CM,15859154,264,15856846NBR3282868,25/06/2026,24/08/2026,3,21/08/2026,900047,,bb47c73e-fc59-4c45-b7ac-fceb679f5283,NIKE,134783,12,
DASS SEST714012788668110CM1585578515854344NEX000007620260625-1,OK,DASS SEST,7,140127,1304277,88668,ATAC. MR110022 7MM RECICLADO COR 4085/PET / COR 496/PET [094eb7f5-1a36-44b2-9b30-4f9a594724c2],110CM,15855785,1048,15854344NEX0000076,25/06/2026,24/08/2026,3,21/08/2026,900048,,094eb7f5-1a36-44b2-9b30-4f9a594724c2,NIKE,134818,1,
DASS SEST714012788668110CM1585578515854345NEX000007620260625-1,OK,DASS SEST,7,140127,1304277,88668,ATAC. MR110022 7MM RECICLADO COR 4085/PET / COR 496/PET [fbfa70f3-b2c0-4091-88f7-87feb9978ffd],110CM,15855785,1032,15854345NEX0000076,25/06/2026,24/08/2026,3,21/08/2026,900049,,fbfa70f3-b2c0-4091-88f7-87feb9978ffd,NIKE,134818,2,
DASS SEST714012788668110CM1585578515854346NEX000007620260625-1,OK,DASS SEST,7,140127,1304277,88668,ATAC. MR110022 7MM RECICLADO COR 4085/PET / COR 496/PET [bfdb78ff-ab2e-4deb-9465-32dda7c27b5c],110CM,15855785,1110,15854346NEX0000076,25/06/2026,24/08/2026,3,21/08/2026,900050,,bfdb78ff-ab2e-4deb-9465-32dda7c27b5c,NIKE,134818,3,
DASS SEST714012788668115CM1585578515854344NEX000007620260625-1,OK,DASS SEST,7,140127,1304277,88668,ATAC. MR110022 7MM RECICLADO COR 4085/PET / COR 496/PET [56873047-2901-4b5a-8e09-e87253301d6d],115CM,15855785,138,15854344NEX0000076,25/06/2026,24/08/2026,3,21/08/2026,900051,,56873047-2901-4b5a-8e09-e87253301d6d,NIKE,134818,4,
DASS SEST714012788668115CM1585578515854345NEX000007620260625-1,OK,DASS SEST,7,140127,1304277,88668,ATAC. MR110022 7MM RECICLADO COR 4085/PET / COR 496/PET [9e6812ab-5b5f-4a54-b19c-68a447fb98e0],115CM,15855785,120,15854345NEX0000076,25/06/2026,24/08/2026,3,21/08/2026,900052,,9e6812ab-5b5f-4a54-b19c-68a447fb98e0,NIKE,134818,5,
DASS SEST714012788668115CM1585578515854346NEX000007620260625-1,OK,DASS SEST,7,140127,1304277,88668,ATAC. MR110022 7MM RECICLADO COR 4085/PET / COR 496/PET [77324466-0478-4bb4-983e-365a0c4ceff9],115CM,15855785,126,15854346NEX0000076,25/06/2026,24/08/2026,3,21/08/2026,900053,,77324466-0478-4bb4-983e-365a0c4ceff9,NIKE,134818,6,
DASS SEST714012788700110CM1585578515854327NEX000006920260625-1,OK,DASS SEST,7,140127,1315210,88700,ATAC. MR110022 7MM RECICLADO COR 4662/PET [616866e1-856b-44e5-90d6-a3ecf36219ab],110CM,15855785,144,15854327NEX0000069,25/06/2026,24/08/2026,3,21/08/2026,900054,,616866e1-856b-44e5-90d6-a3ecf36219ab,NIKE,134818,7,
DASS SEST714012788700110CM1585578515854328NEX000006920260625-1,OK,DASS SEST,7,140127,1315210,88700,ATAC. MR110022 7MM RECICLADO COR 4662/PET [2beb68ed-128d-43a2-b391-61990acdf40d],110CM,15855785,162,15854328NEX0000069,25/06/2026,24/08/2026,3,21/08/2026,900055,,2beb68ed-128d-43a2-b391-61990acdf40d,NIKE,134818,8,
DASS SEST714012788700115CM1585578515854327NEX000006920260625-1,OK,DASS SEST,7,140127,1315210,88700,ATAC. MR110022 7MM RECICLADO COR 4662/PET [82082f8b-2984-47b2-a659-a2082a124791],115CM,15855785,554,15854327NEX0000069,25/06/2026,24/08/2026,3,21/08/2026,900056,,82082f8b-2984-47b2-a659-a2082a124791,NIKE,134818,9,
DASS SEST714012788700115CM1585578515854328NEX000006920260625-1,OK,DASS SEST,7,140127,1315210,88700,ATAC. MR110022 7MM RECICLADO COR 4662/PET [c5e5d1fc-8b12-48b2-a772-de16269d2150],115CM,15855785,558,15854328NEX0000069,25/06/2026,24/08/2026,3,21/08/2026,900057,,c5e5d1fc-8b12-48b2-a772-de16269d2150,NIKE,134818,10,
DASS SEST714012788700120CM1585578515854327NEX000006920260625-1,OK,DASS SEST,7,140127,1315210,88700,ATAC. MR110022 7MM RECICLADO COR 4662/PET [7c9e62ae-29e6-45fd-b59f-b4200c6e7605],120CM,15855785,156,15854327NEX0000069,25/06/2026,24/08/2026,3,21/08/2026,900058,,7c9e62ae-29e6-45fd-b59f-b4200c6e7605,NIKE,134818,11,
DASS SEST714012788700120CM1585578515854328NEX000006920260625-1,OK,DASS SEST,7,140127,1315210,88700,ATAC. MR110022 7MM RECICLADO COR 4662/PET [8c71e4c6-f3c7-49e1-a917-0ca5883df2b6],120CM,15855785,174,15854328NEX0000069,25/06/2026,24/08/2026,3,21/08/2026,900059,,8c71e4c6-f3c7-49e1-a917-0ca5883df2b6,NIKE,134818,12,
DASS SEST714012792431110CM1585578515854350NEX000007820260625-1,OK,DASS SEST,7,140127,1362000,92431,ATAC. MR110022 7MM RECICLADO COR 4662/PET / COR 4758/PET [4ddb3396-0019-4d56-8e97-2538fa02aac4],110CM,15855785,758,15854350NEX0000078,25/06/2026,24/08/2026,3,21/08/2026,900060,,4ddb3396-0019-4d56-8e97-2538fa02aac4,NIKE,134818,13,
DASS SEST714012792431110CM1585578515854351NEX000007820260625-1,OK,DASS SEST,7,140127,1362000,92431,ATAC. MR110022 7MM RECICLADO COR 4662/PET / COR 4758/PET [03a4ac66-e95b-445a-912b-f6afce89a5ae],110CM,15855785,810,15854351NEX0000078,25/06/2026,24/08/2026,3,21/08/2026,900061,,03a4ac66-e95b-445a-912b-f6afce89a5ae,NIKE,134818,14,
DASS SEST714012792431115CM1585578515854350NEX000007820260625-1,OK,DASS SEST,7,140127,1362000,92431,ATAC. MR110022 7MM RECICLADO COR 4662/PET / COR 4758/PET [3fe0e431-5c71-4574-803a-8d648f3adf68],115CM,15855785,72,15854350NEX0000078,25/06/2026,24/08/2026,3,21/08/2026,900062,,3fe0e431-5c71-4574-803a-8d648f3adf68,NIKE,134818,15,
DASS SEST714012792431115CM1585578515854351NEX000007820260625-1,OK,DASS SEST,7,140127,1362000,92431,ATAC. MR110022 7MM RECICLADO COR 4662/PET / COR 4758/PET [02737a7d-d66d-43ed-960c-751b6fbd138b],115CM,15855785,36,15854351NEX0000078,25/06/2026,24/08/2026,3,21/08/2026,900063,,02737a7d-d66d-43ed-960c-751b6fbd138b,NIKE,134818,16,
DASS SEST714012795897110CM1585578515854361NEX000007720260625-1,OK,DASS SEST,7,140127,1424201,95897,ATAC. MR110022 7MM RECICLADO COR 4662/PET / COR 4638/PET [4b866027-0bae-418e-ac16-b59cbe6dafdb],110CM,15855785,1226,15854361NEX0000077,25/06/2026,24/08/2026,3,21/08/2026,900064,,4b866027-0bae-418e-ac16-b59cbe6dafdb,NIKE,134818,17,
DASS SEST714012795897115CM1585578515854361NEX000007720260625-1,OK,DASS SEST,7,140127,1424201,95897,ATAC. MR110022 7MM RECICLADO COR 4662/PET / COR 4638/PET [06fcc19d-c4f6-46b7-ace9-b0ce5814adb7],115CM,15855785,78,15854361NEX0000077,25/06/2026,24/08/2026,3,21/08/2026,900065,,06fcc19d-c4f6-46b7-ace9-b0ce5814adb7,NIKE,134818,18,
DASS SEST714012795898110CM1585578515854356NEX000007220260625-1,OK,DASS SEST,7,140127,1424204,95898,ATAC. MR110022 7MM RECICLADO COR 6222/PET / COR 4259/PET [12abca94-2505-4b7c-a497-4c2810944ea4],110CM,15855785,228,15854356NEX0000072,25/06/2026,24/08/2026,3,21/08/2026,900066,,12abca94-2505-4b7c-a497-4c2810944ea4,NIKE,134818,19,
DASS SEST714012795898110CM1585578515854357NEX000007220260625-1,OK,DASS SEST,7,140127,1424204,95898,ATAC. MR110022 7MM RECICLADO COR 6222/PET / COR 4259/PET [484dc551-b963-4dcf-9531-c8b64873318d],110CM,15855785,204,15854357NEX0000072,25/06/2026,24/08/2026,3,21/08/2026,900067,,484dc551-b963-4dcf-9531-c8b64873318d,NIKE,134818,20,
DASS SEST714012795898110CM1585578515854358NEX000007220260625-1,OK,DASS SEST,7,140127,1424204,95898,ATAC. MR110022 7MM RECICLADO COR 6222/PET / COR 4259/PET [29997a5e-7773-410f-83b7-56993922ce56],110CM,15855785,246,15854358NEX0000072,25/06/2026,24/08/2026,3,21/08/2026,900068,,29997a5e-7773-410f-83b7-56993922ce56,NIKE,134818,21,
DASS SEST714012795898115CM1585578515854356NEX000007220260625-1,OK,DASS SEST,7,140127,1424204,95898,ATAC. MR110022 7MM RECICLADO COR 6222/PET / COR 4259/PET [6d3d964c-4329-4b39-8238-2c6052d7b5cd],115CM,15855785,1054,15854356NEX0000072,25/06/2026,24/08/2026,3,21/08/2026,900069,,6d3d964c-4329-4b39-8238-2c6052d7b5cd,NIKE,134818,22,
DASS SEST714012795898115CM1585578515854357NEX000007220260625-1,OK,DASS SEST,7,140127,1424204,95898,ATAC. MR110022 7MM RECICLADO COR 6222/PET / COR 4259/PET [7dcae19a-4639-4fa8-b3ee-f71c9636b200],115CM,15855785,780,15854357NEX0000072,25/06/2026,24/08/2026,3,21/08/2026,900070,,7dcae19a-4639-4fa8-b3ee-f71c9636b200,NIKE,134818,23,
DASS SEST714012795898115CM1585578515854358NEX000007220260625-1,OK,DASS SEST,7,140127,1424204,95898,ATAC. MR110022 7MM RECICLADO COR 6222/PET / COR 4259/PET [a6b6b064-90f8-40ba-a504-ab60f6287cbd],115CM,15855785,552,15854358NEX0000072,25/06/2026,24/08/2026,3,21/08/2026,900071,,a6b6b064-90f8-40ba-a504-ab60f6287cbd,NIKE,134818,24,
DASS SEST714012795898120CM1585578515854356NEX000007220260625-1,OK,DASS SEST,7,140127,1424204,95898,ATAC. MR110022 7MM RECICLADO COR 6222/PET / COR 4259/PET [d0bfb0b9-67cd-4f3b-824e-ae79470c1366],120CM,15855785,216,15854356NEX0000072,25/06/2026,24/08/2026,3,21/08/2026,900072,,d0bfb0b9-67cd-4f3b-824e-ae79470c1366,NIKE,134818,25,
DASS SEST714012795898120CM1585578515854357NEX000007220260625-1,OK,DASS SEST,7,140127,1424204,95898,ATAC. MR110022 7MM RECICLADO COR 6222/PET / COR 4259/PET [66624ce4-26f9-4737-b936-89218f7ec9d4],120CM,15855785,204,15854357NEX0000072,25/06/2026,24/08/2026,3,21/08/2026,900073,,66624ce4-26f9-4737-b936-89218f7ec9d4,NIKE,134818,26,
DASS SEST714012795898120CM1585578515854358NEX000007220260625-1,OK,DASS SEST,7,140127,1424204,95898,ATAC. MR110022 7MM RECICLADO COR 6222/PET / COR 4259/PET [a7fd645c-72d4-4984-9979-522f6be91b2c],120CM,15855785,234,15854358NEX0000072,25/06/2026,24/08/2026,3,21/08/2026,900074,,a7fd645c-72d4-4984-9979-522f6be91b2c,NIKE,134818,27,
DASS SEST714012795900110CM1585578515854354NEX000007120260625-1,OK,DASS SEST,7,140127,1424205,95900,ATAC. MR110022 7MM RECICLADO COR 057/PET / COR 5946/PET [4f986fb6-b844-4f68-83b9-437a12058b9c],110CM,15855785,252,15854354NEX0000071,25/06/2026,24/08/2026,3,21/08/2026,900075,,4f986fb6-b844-4f68-83b9-437a12058b9c,NIKE,134818,28,
DASS SEST714012795900110CM1585578515854355NEX000007120260625-1,OK,DASS SEST,7,140127,1424205,95900,ATAC. MR110022 7MM RECICLADO COR 057/PET / COR 5946/PET [25d1367e-c508-487f-809b-793fb2115018],110CM,15855785,300,15854355NEX0000071,25/06/2026,24/08/2026,3,21/08/2026,900076,,25d1367e-c508-487f-809b-793fb2115018,NIKE,134818,29,
DASS SEST714012795900115CM1585578515854354NEX000007120260625-1,OK,DASS SEST,7,140127,1424205,95900,ATAC. MR110022 7MM RECICLADO COR 057/PET / COR 5946/PET [1be56fe9-ca55-4a68-bb34-169a6f161266],115CM,15855785,789,15854354NEX0000071,25/06/2026,24/08/2026,3,21/08/2026,900077,,1be56fe9-ca55-4a68-bb34-169a6f161266,NIKE,134818,30,
DASS SEST714012795900115CM1585578515854355NEX000007120260625-1,OK,DASS SEST,7,140127,1424205,95900,ATAC. MR110022 7MM RECICLADO COR 057/PET / COR 5946/PET [93a239a7-1633-4a6a-85be-0eccc864331b],115CM,15855785,786,15854355NEX0000071,25/06/2026,24/08/2026,3,21/08/2026,900078,,93a239a7-1633-4a6a-85be-0eccc864331b,NIKE,134818,31,
DASS SEST714012795900120CM1585578515854354NEX000007120260625-1,OK,DASS SEST,7,140127,1424205,95900,ATAC. MR110022 7MM RECICLADO COR 057/PET / COR 5946/PET [7424a9b8-0026-4911-953a-f5f4e7908db4],120CM,15855785,228,15854354NEX0000071,25/06/2026,24/08/2026,3,21/08/2026,900079,,7424a9b8-0026-4911-953a-f5f4e7908db4,NIKE,134818,32,
DASS SEST714012795900120CM1585578515854355NEX000007120260625-1,OK,DASS SEST,7,140127,1424205,95900,ATAC. MR110022 7MM RECICLADO COR 057/PET / COR 5946/PET [b5bf855a-b497-445a-83cf-3c0dc1e168ef],120CM,15855785,252,15854355NEX0000071,25/06/2026,24/08/2026,3,21/08/2026,900080,,b5bf855a-b497-445a-83cf-3c0dc1e168ef,NIKE,134818,33,
DASS SEST714012795901110CM1585578515850253NBR328299620260625-1,OK,DASS SEST,7,140127,1424202,95901,ATAC. MR110022 7MM RECICLADO COR 298/PET / COR 5820/PET [6993dd71-2f30-4c8e-a4b2-0c71fac6fab3],110CM,15855785,1022,15850253NBR3282996,25/06/2026,24/08/2026,3,21/08/2026,900081,,6993dd71-2f30-4c8e-a4b2-0c71fac6fab3,NIKE,134818,34,
DASS SEST714012795901110CM1585578515854359NEX000007920260625-1,OK,DASS SEST,7,140127,1424202,95901,ATAC. MR110022 7MM RECICLADO COR 298/PET / COR 5820/PET [b35566b1-49fe-4a32-bd63-9a80e93cf687],110CM,15855785,867,15854359NEX0000079,25/06/2026,24/08/2026,3,21/08/2026,900082,,b35566b1-49fe-4a32-bd63-9a80e93cf687,NIKE,134818,35,
DASS SEST714012795901110CM1585578515854360NEX000007920260625-1,OK,DASS SEST,7,140127,1424202,95901,ATAC. MR110022 7MM RECICLADO COR 298/PET / COR 5820/PET [d74b32b0-49e8-4cf4-bc60-23c6eff9ea27],110CM,15855785,936,15854360NEX0000079,25/06/2026,24/08/2026,3,21/08/2026,900083,,d74b32b0-49e8-4cf4-bc60-23c6eff9ea27,NIKE,134818,36,
DASS SEST714012795901115CM1585578515850253NBR328299620260625-1,OK,DASS SEST,7,140127,1424202,95901,ATAC. MR110022 7MM RECICLADO COR 298/PET / COR 5820/PET [fbdba056-fd83-41fa-86ea-fd56f5969df3],115CM,15855785,36,15850253NBR3282996,25/06/2026,24/08/2026,3,21/08/2026,900084,,fbdba056-fd83-41fa-86ea-fd56f5969df3,NIKE,134818,37,
DASS SEST714012795901115CM1585578515854359NEX000007920260625-1,OK,DASS SEST,7,140127,1424202,95901,ATAC. MR110022 7MM RECICLADO COR 298/PET / COR 5820/PET [cf8e7d29-7971-4bbc-97ad-4ee8b1925a93],115CM,15855785,114,15854359NEX0000079,25/06/2026,24/08/2026,3,21/08/2026,900085,,cf8e7d29-7971-4bbc-97ad-4ee8b1925a93,NIKE,134818,38,
DASS SEST714012795901115CM1585578515854360NEX000007920260625-1,OK,DASS SEST,7,140127,1424202,95901,ATAC. MR110022 7MM RECICLADO COR 298/PET / COR 5820/PET [2ef530d9-8bbb-4b72-86b2-c15268bfa021],115CM,15855785,96,15854360NEX0000079,25/06/2026,24/08/2026,3,21/08/2026,900086,,2ef530d9-8bbb-4b72-86b2-c15268bfa021,NIKE,134818,39,
DASS SEST714019382628100CM1587266615865487NBR328291520260626-1,OK,DASS SEST,7,140193,1188919,82628,ATAC. MR140014 6MM RECICLADO COR 4085/PET [96cabc3d-f52f-4449-9075-5d7205172eb9],100CM,15872666,216,15865487NBR3282915,26/06/2026,24/08/2026,3,21/08/2026,900087,,96cabc3d-f52f-4449-9075-5d7205172eb9,NIKE,134943,1,
DASS SEST714019382628100CM1587266615865488NBR328291520260626-1,OK,DASS SEST,7,140193,1188919,82628,ATAC. MR140014 6MM RECICLADO COR 4085/PET [ab17c0be-78b7-4587-8eac-8ac5aaece0b0],100CM,15872666,222,15865488NBR3282915,26/06/2026,24/08/2026,3,21/08/2026,900088,,ab17c0be-78b7-4587-8eac-8ac5aaece0b0,NIKE,134943,2,
DASS SEST714019382628100CM1587266615865489NBR328292620260626-1,OK,DASS SEST,7,140193,1188919,82628,ATAC. MR140014 6MM RECICLADO COR 4085/PET [1688a4a6-25ac-4db0-addf-5bf005c1d5db],100CM,15872666,216,15865489NBR3282926,26/06/2026,24/08/2026,3,21/08/2026,900089,,1688a4a6-25ac-4db0-addf-5bf005c1d5db,NIKE,134943,3,
DASS SEST714019382628100CM1587266615865490NBR328292620260626-1,OK,DASS SEST,7,140193,1188919,82628,ATAC. MR140014 6MM RECICLADO COR 4085/PET [ab55a45a-06af-46db-bf27-97f95f2497dd],100CM,15872666,222,15865490NBR3282926,26/06/2026,24/08/2026,3,21/08/2026,900090,,ab55a45a-06af-46db-bf27-97f95f2497dd,NIKE,134943,4,
DASS SEST714019382628100CM1587266615865454NBR328299520260626-1,OK,DASS SEST,7,140193,1188919,82628,ATAC. MR140014 6MM RECICLADO COR 4085/PET [60be8e43-360b-4645-8705-e254fdf09906],100CM,15872666,180,15865454NBR3282995,26/06/2026,24/08/2026,3,21/08/2026,900091,,60be8e43-360b-4645-8705-e254fdf09906,NIKE,134943,5,
DASS SEST714019382628100CM1587266615865455NBR328299520260626-1,OK,DASS SEST,7,140193,1188919,82628,ATAC. MR140014 6MM RECICLADO COR 4085/PET [9534614b-03ff-4800-b9d2-f5d3d2c0a010],100CM,15872666,198,15865455NBR3282995,26/06/2026,24/08/2026,3,21/08/2026,900092,,9534614b-03ff-4800-b9d2-f5d3d2c0a010,NIKE,134943,6,
DASS SEST714019382628105CM1587266615865487NBR328291520260626-1,OK,DASS SEST,7,140193,1188919,82628,ATAC. MR140014 6MM RECICLADO COR 4085/PET [92940a3e-f8b1-46c1-9fe5-6f76bf3d61f1],105CM,15872666,662,15865487NBR3282915,26/06/2026,24/08/2026,3,21/08/2026,900093,,92940a3e-f8b1-46c1-9fe5-6f76bf3d61f1,NIKE,134943,7,
DASS SEST714019382628105CM1587266615865488NBR328291520260626-1,OK,DASS SEST,7,140193,1188919,82628,ATAC. MR140014 6MM RECICLADO COR 4085/PET [b3c54e18-2563-4985-89ee-ce9b74448478],105CM,15872666,708,15865488NBR3282915,26/06/2026,24/08/2026,3,21/08/2026,900094,,b3c54e18-2563-4985-89ee-ce9b74448478,NIKE,134943,8,
DASS SEST714019382628105CM1587266615865489NBR328292620260626-1,OK,DASS SEST,7,140193,1188919,82628,ATAC. MR140014 6MM RECICLADO COR 4085/PET [5a2d6a1e-0c82-4e68-86ed-11b254a21c25],105CM,15872666,662,15865489NBR3282926,26/06/2026,24/08/2026,3,21/08/2026,900095,,5a2d6a1e-0c82-4e68-86ed-11b254a21c25,NIKE,134943,9,
DASS SEST714019382628105CM1587266615865490NBR328292620260626-1,OK,DASS SEST,7,140193,1188919,82628,ATAC. MR140014 6MM RECICLADO COR 4085/PET [772a4104-0991-4100-89d3-bcf839003acf],105CM,15872666,708,15865490NBR3282926,26/06/2026,24/08/2026,3,21/08/2026,900096,,772a4104-0991-4100-89d3-bcf839003acf,NIKE,134943,10,
DASS SEST714019382628105CM1587266615865458NBR328298720260626-1,OK,DASS SEST,7,140193,1188919,82628,ATAC. MR140014 6MM RECICLADO COR 4085/PET [d7f86087-8b18-4102-9b8b-ed8052e608e4],105CM,15872666,216,15865458NBR3282987,26/06/2026,24/08/2026,3,21/08/2026,900097,,d7f86087-8b18-4102-9b8b-ed8052e608e4,NIKE,134943,11,
DASS SEST714019382628105CM1587266615865459NBR328298720260626-1,OK,DASS SEST,7,140193,1188919,82628,ATAC. MR140014 6MM RECICLADO COR 4085/PET [9ce3801e-bb77-4658-b635-0c0a9f08be73],105CM,15872666,234,15865459NBR3282987,26/06/2026,24/08/2026,3,21/08/2026,900098,,9ce3801e-bb77-4658-b635-0c0a9f08be73,NIKE,134943,12,
DASS SEST714019382628105CM1587266615865449NBR328298820260626-1,OK,DASS SEST,7,140193,1188919,82628,ATAC. MR140014 6MM RECICLADO COR 4085/PET [58d75351-78c0-49d5-9952-98ef64582201],105CM,15872666,360,15865449NBR3282988,26/06/2026,24/08/2026,3,21/08/2026,900099,,58d75351-78c0-49d5-9952-98ef64582201,NIKE,134943,13,
DASS SEST714019382628105CM1587266615865450NBR328298920260626-1,OK,DASS SEST,7,140193,1188919,82628,ATAC. MR140014 6MM RECICLADO COR 4085/PET [3094d361-224b-4319-a168-be11b6b4c734],105CM,15872666,360,15865450NBR3282989,26/06/2026,24/08/2026,3,21/08/2026,900100,,3094d361-224b-4319-a168-be11b6b4c734,NIKE,134943,14,
DASS SEST714019382628105CM1587266615865453NBR328299120260626-1,OK,DASS SEST,7,140193,1188919,82628,ATAC. MR140014 6MM RECICLADO COR 4085/PET [031d7552-6c59-4093-9618-39343c425d3b],105CM,15872666,366,15865453NBR3282991,26/06/2026,24/08/2026,3,21/08/2026,900101,,031d7552-6c59-4093-9618-39343c425d3b,NIKE,134943,15,
DASS SEST714019382628105CM1587266615865454NBR328299520260626-1,OK,DASS SEST,7,140193,1188919,82628,ATAC. MR140014 6MM RECICLADO COR 4085/PET [7c42167f-1496-47ce-bf98-b0d9add8d12b],105CM,15872666,578,15865454NBR3282995,26/06/2026,24/08/2026,3,21/08/2026,900102,,7c42167f-1496-47ce-bf98-b0d9add8d12b,NIKE,134943,16,
DASS SEST714019382628105CM1587266615865455NBR328299520260626-1,OK,DASS SEST,7,140193,1188919,82628,ATAC. MR140014 6MM RECICLADO COR 4085/PET [f4339550-acff-4bf0-9541-7c71fe3b4e48],105CM,15872666,624,15865455NBR3282995,26/06/2026,24/08/2026,3,21/08/2026,900103,,f4339550-acff-4bf0-9541-7c71fe3b4e48,NIKE,134943,17,
DASS SEST714019382628110CM1587266615865487NBR328291520260626-1,OK,DASS SEST,7,140193,1188919,82628,ATAC. MR140014 6MM RECICLADO COR 4085/PET [62ad20c8-dd11-49bd-8af4-976e73855bff],110CM,15872666,6,15865487NBR3282915,26/06/2026,24/08/2026,3,21/08/2026,900104,,62ad20c8-dd11-49bd-8af4-976e73855bff,NIKE,134943,18,
DASS SEST714019382628110CM1587266615865489NBR328292620260626-1,OK,DASS SEST,7,140193,1188919,82628,ATAC. MR140014 6MM RECICLADO COR 4085/PET [5e55afe8-f1d5-4b1c-8b61-e0091173b87a],110CM,15872666,6,15865489NBR3282926,26/06/2026,24/08/2026,3,21/08/2026,900105,,5e55afe8-f1d5-4b1c-8b61-e0091173b87a,NIKE,134943,19,
DASS SEST714019382628110CM1587266615865458NBR328298720260626-1,OK,DASS SEST,7,140193,1188919,82628,ATAC. MR140014 6MM RECICLADO COR 4085/PET [86164f20-39f6-475e-81e7-66ff079d65c0],110CM,15872666,530,15865458NBR3282987,26/06/2026,24/08/2026,3,21/08/2026,900106,,86164f20-39f6-475e-81e7-66ff079d65c0,NIKE,134943,20,
DASS SEST714019382628110CM1587266615865459NBR328298720260626-1,OK,DASS SEST,7,140193,1188919,82628,ATAC. MR140014 6MM RECICLADO COR 4085/PET [763d8ea7-6884-4acd-a608-59e2598c4092],110CM,15872666,546,15865459NBR3282987,26/06/2026,24/08/2026,3,21/08/2026,900107,,763d8ea7-6884-4acd-a608-59e2598c4092,NIKE,134943,21,
DASS SEST714019382628110CM1587266615865449NBR328298820260626-1,OK,DASS SEST,7,140193,1188919,82628,ATAC. MR140014 6MM RECICLADO COR 4085/PET [ad9176c7-350a-43a0-a4d8-e272469110f3],110CM,15872666,908,15865449NBR3282988,26/06/2026,24/08/2026,3,21/08/2026,900108,,ad9176c7-350a-43a0-a4d8-e272469110f3,NIKE,134943,22,
DASS SEST714019382628110CM1587266615865450NBR328298920260626-1,OK,DASS SEST,7,140193,1188919,82628,ATAC. MR140014 6MM RECICLADO COR 4085/PET [17dd2877-6719-4a73-b5ea-30a2ba4e4d00],110CM,15872666,908,15865450NBR3282989,26/06/2026,24/08/2026,3,21/08/2026,900109,,17dd2877-6719-4a73-b5ea-30a2ba4e4d00,NIKE,134943,23,
DASS SEST714019382628110CM1587266615865453NBR328299120260626-1,OK,DASS SEST,7,140193,1188919,82628,ATAC. MR140014 6MM RECICLADO COR 4085/PET [69b06159-4a80-477a-8135-6badea9a97b0],110CM,15872666,926,15865453NBR3282991,26/06/2026,24/08/2026,3,21/08/2026,900110,,69b06159-4a80-477a-8135-6badea9a97b0,NIKE,134943,24,
DASS SEST714019382628110CM1587266615865454NBR328299520260626-1,OK,DASS SEST,7,140193,1188919,82628,ATAC. MR140014 6MM RECICLADO COR 4085/PET [db320ffc-46a3-45f3-9235-371c4e23a491],110CM,15872666,24,15865454NBR3282995,26/06/2026,24/08/2026,3,21/08/2026,900111,,db320ffc-46a3-45f3-9235-371c4e23a491,NIKE,134943,25,
DASS SEST714019382628110CM1587266615865455NBR328299520260626-1,OK,DASS SEST,7,140193,1188919,82628,ATAC. MR140014 6MM RECICLADO COR 4085/PET [d5da468e-97d4-43c2-ba33-24445e5ee008],110CM,15872666,24,15865455NBR3282995,26/06/2026,24/08/2026,3,21/08/2026,900112,,d5da468e-97d4-43c2-ba33-24445e5ee008,NIKE,134943,26,
DASS SEST714019382628115CM1587266615865458NBR328298720260626-1,OK,DASS SEST,7,140193,1188919,82628,ATAC. MR140014 6MM RECICLADO COR 4085/PET [76d1b7c1-fda2-4b42-8953-0784fbca6f30],115CM,15872666,156,15865458NBR3282987,26/06/2026,24/08/2026,3,21/08/2026,900113,,76d1b7c1-fda2-4b42-8953-0784fbca6f30,NIKE,134943,27,
DASS SEST714019382628115CM1587266615865459NBR328298720260626-1,OK,DASS SEST,7,140193,1188919,82628,ATAC. MR140014 6MM RECICLADO COR 4085/PET [4e08c2af-1cb9-4ae2-b227-6b5575ea70b2],115CM,15872666,186,15865459NBR3282987,26/06/2026,24/08/2026,3,21/08/2026,900114,,4e08c2af-1cb9-4ae2-b227-6b5575ea70b2,NIKE,134943,28,
DASS SEST714019382628115CM1587266615865449NBR328298820260626-1,OK,DASS SEST,7,140193,1188919,82628,ATAC. MR140014 6MM RECICLADO COR 4085/PET [c6c258ea-3f41-49ff-be92-1ce759b257df],115CM,15872666,264,15865449NBR3282988,26/06/2026,24/08/2026,3,21/08/2026,900115,,c6c258ea-3f41-49ff-be92-1ce759b257df,NIKE,134943,29,
DASS SEST714019382628115CM1587266615865450NBR328298920260626-1,OK,DASS SEST,7,140193,1188919,82628,ATAC. MR140014 6MM RECICLADO COR 4085/PET [a8622eb1-d772-4d23-b89b-82d147b06b20],115CM,15872666,264,15865450NBR3282989,26/06/2026,24/08/2026,3,21/08/2026,900116,,a8622eb1-d772-4d23-b89b-82d147b06b20,NIKE,134943,30,
DASS SEST714019382628115CM1587266615865453NBR328299120260626-1,OK,DASS SEST,7,140193,1188919,82628,ATAC. MR140014 6MM RECICLADO COR 4085/PET [da274469-cf14-4e39-947f-f97e7cd0762b],115CM,15872666,270,15865453NBR3282991,26/06/2026,24/08/2026,3,21/08/2026,900117,,da274469-cf14-4e39-947f-f97e7cd0762b,NIKE,134943,31,
DASS SEST714019388451105CM1587266615865462NBR328294220260626-1,OK,DASS SEST,7,140193,1324864,88451,ATAC. MR140014 6MM RECICLADO COR 5687/PET [1cb25603-085b-4c6a-9d5a-8032d618d334],105CM,15872666,108,15865462NBR3282942,26/06/2026,24/08/2026,3,21/08/2026,900118,,1cb25603-085b-4c6a-9d5a-8032d618d334,NIKE,134943,32,
DASS SEST714019388451105CM1587266615865463NBR328294220260626-1,OK,DASS SEST,7,140193,1324864,88451,ATAC. MR140014 6MM RECICLADO COR 5687/PET [e40eecc2-96d8-4350-8822-5053a7483681],105CM,15872666,114,15865463NBR3282942,26/06/2026,24/08/2026,3,21/08/2026,900119,,e40eecc2-96d8-4350-8822-5053a7483681,NIKE,134943,33,
DASS SEST714019388451110CM1587266615865462NBR328294220260626-1,OK,DASS SEST,7,140193,1324864,88451,ATAC. MR140014 6MM RECICLADO COR 5687/PET [85eab7c4-87d4-4294-8b67-82bd34f7f9f5],110CM,15872666,644,15865462NBR3282942,26/06/2026,24/08/2026,3,21/08/2026,900120,,85eab7c4-87d4-4294-8b67-82bd34f7f9f5,NIKE,134943,34,
DASS SEST714019388451110CM1587266615865463NBR328294220260626-1,OK,DASS SEST,7,140193,1324864,88451,ATAC. MR140014 6MM RECICLADO COR 5687/PET [7243e80f-cce6-4f47-b5b4-4d160e8cddb5],110CM,15872666,660,15865463NBR3282942,26/06/2026,24/08/2026,3,21/08/2026,900121,,7243e80f-cce6-4f47-b5b4-4d160e8cddb5,NIKE,134943,35,
DASS SEST714019388451115CM1587266615865462NBR328294220260626-1,OK,DASS SEST,7,140193,1324864,88451,ATAC. MR140014 6MM RECICLADO COR 5687/PET [c474e290-a841-4fd8-827e-345906548f69],115CM,15872666,204,15865462NBR3282942,26/06/2026,24/08/2026,3,21/08/2026,900122,,c474e290-a841-4fd8-827e-345906548f69,NIKE,134943,36,
DASS SEST714019388451115CM1587266615865463NBR328294220260626-1,OK,DASS SEST,7,140193,1324864,88451,ATAC. MR140014 6MM RECICLADO COR 5687/PET [9e5c2916-b49e-4b53-8cf9-03ac53b9540f],115CM,15872666,228,15865463NBR3282942,26/06/2026,24/08/2026,3,21/08/2026,900123,,9e5c2916-b49e-4b53-8cf9-03ac53b9540f,NIKE,134943,37,
DASS SEST71405718828616MM1589991720260707-1,OK,DASS SEST,7,140571,1324887,88286,FITA M31119 C/ GOMA POLIESTER COR 057/ COR 102/ COR 678 [190fa1b1-f1fe-4b68-8c0b-5110829ba89a],16MM,15899917,130,0,07/07/2026,24/08/2026,3,21/08/2026,900124,,190fa1b1-f1fe-4b68-8c0b-5110829ba89a,FILA,135527,1,
DASS SEST71405719257116MM1589991720260707-1,OK,DASS SEST,7,140571,1379936,92571,FITA M31119 C/ GOMA POLIESTER COR 678 / COR 100 / COR 100 [dd838b90-1dbd-4c83-a589-467f4b590a37],16MM,15899917,80,0,07/07/2026,24/08/2026,3,21/08/2026,900125,,dd838b90-1dbd-4c83-a589-467f4b590a37,FILA,135527,2,
DASS SEST71405719257316MM1589991720260707-1,OK,DASS SEST,7,140571,1379938,92573,FITA M31119 C/ GOMA POLIESTER COR 161 / COR 324 / COR 324 [40135f37-95ac-45b0-be0e-d09daa2a5c53],16MM,15899917,80,0,07/07/2026,24/08/2026,3,21/08/2026,900126,,40135f37-95ac-45b0-be0e-d09daa2a5c53,FILA,135527,3,
DASS SEST71405719257416MM1589991720260707-1,OK,DASS SEST,7,140571,1358112,92574,FITA M31119 C/ GOMA POLIESTER COR 057 / COR 102 / COR 102 [029b198e-d4b9-4c8d-9a34-68b166e9709e],16MM,15899917,150,0,07/07/2026,24/08/2026,3,21/08/2026,900127,,029b198e-d4b9-4c8d-9a34-68b166e9709e,FILA,135527,4,
DASS SEST71405719282916MM1589991720260707-1,OK,DASS SEST,7,140571,1401202,92829,FITA M31119 C/ GOMA POLIESTER COR 6001 / COR 114 / COR 282 [ca0326b0-5d62-4568-86e1-801a6a62a33e],16MM,15899917,360,0,07/07/2026,24/08/2026,3,21/08/2026,900128,,ca0326b0-5d62-4568-86e1-801a6a62a33e,FILA,135527,5,
DASS SEST714094482631115CM1594408215941757NBR328329220260717-1,OK,DASS SEST,7,140944,1048514,82631,ATAC. MR110012 8MM RECICLADO COR 4699/PET [0b3ee82c-05f9-472a-8c33-e0acc96c0eff],115CM,15944082,270,15941757NBR3283292,17/07/2026,24/08/2026,3,21/08/2026,900129,,0b3ee82c-05f9-472a-8c33-e0acc96c0eff,NIKE,135631,1,
DASS SEST714094482631120CM1594408215941757NBR328329220260717-1,OK,DASS SEST,7,140944,1048514,82631,ATAC. MR110012 8MM RECICLADO COR 4699/PET [c1557695-8e53-46a1-9211-2c142bc7bbec],120CM,15944082,764,15941757NBR3283292,17/07/2026,24/08/2026,3,21/08/2026,900130,,c1557695-8e53-46a1-9211-2c142bc7bbec,NIKE,135631,2,
DASS SEST714094491524115CM1594408215941794NBR328329620260717-1,OK,DASS SEST,7,140944,1341808,91524,ATAC. MR110012 8MM RECICLADO COR 5149/PET [5611c02c-cdb2-453d-ab6e-18c49d041af5],115CM,15944082,216,15941794NBR3283296,17/07/2026,24/08/2026,3,21/08/2026,900131,,5611c02c-cdb2-453d-ab6e-18c49d041af5,NIKE,135631,3,
DASS SEST714094491524115CM1594408215941795NBR328329620260717-1,OK,DASS SEST,7,140944,1341808,91524,ATAC. MR110012 8MM RECICLADO COR 5149/PET [c4c87283-70a4-44ad-93db-6861ecf6a166],115CM,15944082,234,15941795NBR3283296,17/07/2026,24/08/2026,3,21/08/2026,900132,,c4c87283-70a4-44ad-93db-6861ecf6a166,NIKE,135631,4,
DASS SEST714094491524120CM1594408215941794NBR328329620260717-1,OK,DASS SEST,7,140944,1341808,91524,ATAC. MR110012 8MM RECICLADO COR 5149/PET [7ec3761e-fd3c-4b71-baf1-c87ebe9d511b],120CM,15944082,620,15941794NBR3283296,17/07/2026,24/08/2026,3,21/08/2026,900133,,7ec3761e-fd3c-4b71-baf1-c87ebe9d511b,NIKE,135631,5,
DASS SEST714094491524120CM1594408215941795NBR328329620260717-1,OK,DASS SEST,7,140944,1341808,91524,ATAC. MR110012 8MM RECICLADO COR 5149/PET [4e29ad8c-70a2-4b90-8554-673fd699e614],120CM,15944082,672,15941795NBR3283296,17/07/2026,24/08/2026,3,21/08/2026,900134,,4e29ad8c-70a2-4b90-8554-673fd699e614,NIKE,135631,6,
DASS SEST714094492568115CM1594408215941754NBR328328820260717-1,OK,DASS SEST,7,140944,1027849,92568,ATAC. MR110012 8MM RECICLADO COR 4085/PET [c88c8795-0948-4419-8cda-ce755b99925a],115CM,15944082,258,15941754NBR3283288,17/07/2026,24/08/2026,3,21/08/2026,900135,,c88c8795-0948-4419-8cda-ce755b99925a,NIKE,135631,7,
DASS SEST714094492568120CM1594408215941754NBR328328820260717-1,OK,DASS SEST,7,140944,1027849,92568,ATAC. MR110012 8MM RECICLADO COR 4085/PET [3a5d24be-15f7-4cde-856b-19404e4156df],120CM,15944082,746,15941754NBR3283288,17/07/2026,24/08/2026,3,21/08/2026,900136,,3a5d24be-15f7-4cde-856b-19404e4156df,NIKE,135631,8,
DASS SEST71413778622615MM1599112520260730-1,OK,DASS SEST,7,141377,1271908,86226,FITA M32207 C/ GOMA POLIESTER COR 100 / COR 5535 / COR 100 [b2d496f9-e73e-4a14-acd2-44617573a814],15MM,15991125,280,0,30/07/2026,24/08/2026,3,21/08/2026,900137,,b2d496f9-e73e-4a14-acd2-44617573a814,FILA,136029,1,NORMAL
DASS SEST71413778788615MM1599112520260730-1,OK,DASS SEST,7,141377,1289388,87886,FITA M32207 C/ GOMA POLIESTER COR 100 / COR 102 / COR 100 [4462bab9-53c2-44e4-b421-782044f29541],15MM,15991125,150,0,30/07/2026,24/08/2026,3,21/08/2026,900138,,4462bab9-53c2-44e4-b421-782044f29541,FILA,136029,2,NORMAL
DASS SEST71413779295915MM1599112520260730-1,OK,DASS SEST,7,141377,1271907,92959,FITA M32207 C/ GOMA POLIESTER COR 057 / COR 5508 / COR 057 [2770dae5-48ad-4cf1-ac88-8e2ab3e2d56f],15MM,15991125,30,0,30/07/2026,24/08/2026,3,21/08/2026,900139,,2770dae5-48ad-4cf1-ac88-8e2ab3e2d56f,FILA,136029,3,NORMAL
DASS SEST71413778758112MM1599112520260730-1,OK,DASS SEST,7,141377,1287981,87581,FITA M41476 C/ GOMA POLIESTER COR 102 / COR 5508 [6b8d9401-ef69-4112-9ca5-f1fcddfbf583],12MM,15991125,230,0,30/07/2026,24/08/2026,3,21/08/2026,900140,,6b8d9401-ef69-4112-9ca5-f1fcddfbf583,FILA,136029,4,NORMAL
DASS SEST71413779248712MM1599112520260730-1,OK,DASS SEST,7,141377,1394708,92487,FITA M41476 C/ GOMA POLIESTER COR 114 / COR 599 [b91285a5-04b3-4377-bdaf-675d039c68b6],12MM,15991125,340,0,30/07/2026,24/08/2026,3,21/08/2026,900141,,b91285a5-04b3-4377-bdaf-675d039c68b6,FILA,136029,5,NORMAL
DASS SEST71414167423710MM1600348320260731-1,OK,DASS SEST,7,141416,1065278,74237,FITA MR100001 C/ GOMA RECICLADO COR 4085/PET [f8c613d1-ab53-4e9d-88b8-f516820b47d7],10MM,16003483,490,0,31/07/2026,24/08/2026,3,21/08/2026,900142,,f8c613d1-ab53-4e9d-88b8-f516820b47d7,NIKE,136056,1,NORMAL
DASS SEST714149686418100CM1600258316001161NBR328339120260803-1,OK,DASS SEST,7,141496,1278311,86418,ATAC. MR140014 6MM RECICLADO COR 4662/PET [6bbd6371-0301-4bbd-a5b3-def9dc975499],100CM,16002583,740,16001161NBR3283391,03/08/2026,24/08/2026,3,21/08/2026,900143,,6bbd6371-0301-4bbd-a5b3-def9dc975499,NIKE,136134,1,NORMAL
DASS SEST714149686418100CM1600258316001162NBR328339220260803-1,OK,DASS SEST,7,141496,1278311,86418,ATAC. MR140014 6MM RECICLADO COR 4662/PET [3d2cf988-b0b8-4ba1-9584-5468f375aa74],100CM,16002583,701,16001162NBR3283392,03/08/2026,24/08/2026,3,21/08/2026,900144,,3d2cf988-b0b8-4ba1-9584-5468f375aa74,NIKE,136134,2,NORMAL
DASS SEST714149686418105CM1600258316001161NBR328339120260803-1,OK,DASS SEST,7,141496,1278311,86418,ATAC. MR140014 6MM RECICLADO COR 4662/PET [2bdc22bd-ee87-42ed-8893-6b28f6e59236],105CM,16002583,276,16001161NBR3283391,03/08/2026,24/08/2026,3,21/08/2026,900145,,2bdc22bd-ee87-42ed-8893-6b28f6e59236,NIKE,136134,3,NORMAL
DASS SEST714149686418105CM1600258316001162NBR328339220260803-1,OK,DASS SEST,7,141496,1278311,86418,ATAC. MR140014 6MM RECICLADO COR 4662/PET [6e583ae7-1495-463c-bbe8-f8bae07b83e8],105CM,16002583,300,16001162NBR3283392,03/08/2026,24/08/2026,3,21/08/2026,900146,,6e583ae7-1495-463c-bbe8-f8bae07b83e8,NIKE,136134,4,NORMAL
DASS SEST7141562701648MM1601211620260804-1,OK,DASS SEST,7,141562,108955,70164,FITA MFGP C/ GOMA POLIESTER COR 100 [d7b38990-991e-4e33-bf55-dd9a20c3ab9a],8MM,16012116,160,0,04/08/2026,24/08/2026,3,21/08/2026,900147,,d7b38990-991e-4e33-bf55-dd9a20c3ab9a,FILA,136194,1,NORMAL
DASS SEST7141562735898MM1601211620260804-1,OK,DASS SEST,7,141562,1081588,73589,FITA MFGP C/ GOMA POLIESTER COR 263 [cdb7d502-4b59-4db1-98ce-6f356f435191],8MM,16012116,170,0,04/08/2026,24/08/2026,3,21/08/2026,900148,,cdb7d502-4b59-4db1-98ce-6f356f435191,FILA,136194,2,NORMAL
DASS SEST7141562859978MM1601211620260804-1,OK,DASS SEST,7,141562,1287882,85997,FITA MFGP C/ GOMA POLIESTER COR 5507 [cad0d215-1f06-4718-b44a-d185e75b7a14],8MM,16012116,40,0,04/08/2026,24/08/2026,3,21/08/2026,900149,,cad0d215-1f06-4718-b44a-d185e75b7a14,FILA,136194,3,NORMAL
DASS SEST71416939320810MM1602504682940820260807-1,OK,DASS SEST,7,141693,1405825,93208,FITA MR100001 C/ GOMA RECICLADO COR 5987/PET [f549e387-d148-4db5-ae88-d717a9559729],10MM,16025046,10,829408,07/08/2026,24/08/2026,3,21/08/2026,900150,,f549e387-d148-4db5-ae88-d717a9559729,NIKE,136323,1,NORMAL
DASS ITABERABA701395619294515MM1581399920260611-1,OK,DASS ITABERABA,70,139561,1403524,92945,FITA M32207 C/ GOMA POLIESTER COR 788 / COR 174 / COR 788 [0797afe6-02d7-4abd-be9c-16d64f00435d],15MM,15813999,230,0,11/06/2026,24/08/2026,3,21/08/2026,900151,,0797afe6-02d7-4abd-be9c-16d64f00435d,FILA,134308,1,
DASS ITABERABA7013956295779115CM1581401315800648SBF80627020260611-1,OK,DASS ITABERABA,70,139562,1421812,95779,ATAC. M21020 8MM REFLEX COR 5998/1 [f40e72fd-0bde-4f73-a843-f9a8e992db08],115CM,15814013,396,15800648SBF806270,11/06/2026,24/08/2026,3,21/08/2026,900152,,f40e72fd-0bde-4f73-a843-f9a8e992db08,FILA,134309,1,
DASS ITABERABA7013956295779125CM1581401315800648SBF80627020260611-1,OK,DASS ITABERABA,70,139562,1421812,95779,ATAC. M21020 8MM REFLEX COR 5998/1 [f57f308a-c56e-4f91-a1eb-f11bc8830fd5],125CM,15814013,396,15800648SBF806270,11/06/2026,24/08/2026,3,21/08/2026,900153,,f57f308a-c56e-4f91-a1eb-f11bc8830fd5,FILA,134309,2,
DASS ITABERABA70140508740308MM1589629020260706-1,OK,DASS ITABERABA,70,140508,1104264,74030,FITA MFGP C/ GOMA POLIESTER COR 114 [dd435985-3cba-4e9c-9e01-ece7f6e22784],8MM,15896290,100,0,06/07/2026,24/08/2026,3,21/08/2026,900154,,dd435985-3cba-4e9c-9e01-ece7f6e22784,FILA,135185,1,
DASS ITABERABA701405088599712MM1589629020260706-1,OK,DASS ITABERABA,70,140508,1273335,85997,FITA MFGP C/ GOMA POLIESTER COR 5507 [dbf340c0-69dc-4e74-90f8-01f7428db00d],12MM,15896290,430,0,06/07/2026,24/08/2026,3,21/08/2026,900155,,dbf340c0-69dc-4e74-90f8-01f7428db00d,FILA,135185,2,
DASS ITABERABA701405088629812MM1589629020260706-1,OK,DASS ITABERABA,70,140508,1411787,86298,FITA MFGP C/ GOMA POLIESTER COR 486 [5a438c8f-9cf2-40b4-b325-4a0f41c8001d],12MM,15896290,460,0,06/07/2026,24/08/2026,3,21/08/2026,900156,,5a438c8f-9cf2-40b4-b325-4a0f41c8001d,FILA,135185,3,
DASS ITABERABA7014051075593100CM1589632015889177BRITB0054320260706-1,OK,DASS ITABERABA,70,140510,1179318,75593,ATAC. M13725 6MM POLIESTER COR 057 [b606dbaa-eb43-4de8-93f5-821c132df2bc],100CM,15896320,264,15889177BRITB00543,06/07/2026,24/08/2026,3,21/08/2026,900157,,b606dbaa-eb43-4de8-93f5-821c132df2bc,FILA,135187,1,
DASS ITABERABA7014051075593100CM1589632015889178BRITB0054320260706-1,OK,DASS ITABERABA,70,140510,1179318,75593,ATAC. M13725 6MM POLIESTER COR 057 [7912aca5-2ec9-444d-b08b-16f319885ca0],100CM,15896320,264,15889178BRITB00543,06/07/2026,24/08/2026,3,21/08/2026,900158,,7912aca5-2ec9-444d-b08b-16f319885ca0,FILA,135187,2,
DASS ITABERABA7014051075593110CM1589632015889177BRITB0054320260706-1,OK,DASS ITABERABA,70,140510,1179318,75593,ATAC. M13725 6MM POLIESTER COR 057 [0ccda86f-d6fa-42f3-88c8-33f62f86887b],110CM,15896320,456,15889177BRITB00543,06/07/2026,24/08/2026,3,21/08/2026,900159,,0ccda86f-d6fa-42f3-88c8-33f62f86887b,FILA,135187,3,
DASS ITABERABA7014051075593110CM1589632015889178BRITB0054320260706-1,OK,DASS ITABERABA,70,140510,1179318,75593,ATAC. M13725 6MM POLIESTER COR 057 [7a8aa955-b6d5-4231-bcac-cd53ed7c5bf0],110CM,15896320,480,15889178BRITB00543,06/07/2026,24/08/2026,3,21/08/2026,900160,,7a8aa955-b6d5-4231-bcac-cd53ed7c5bf0,FILA,135187,4,
DASS ITABERABA7014051075595100CM1589632015889173BRITB0054320260706-1,OK,DASS ITABERABA,70,140510,1175396,75595,ATAC. M13725 6MM POLIESTER COR 100 [853d261c-c12d-422a-a640-6af9cd22836c],100CM,15896320,6,15889173BRITB00543,06/07/2026,24/08/2026,3,21/08/2026,900161,,853d261c-c12d-422a-a640-6af9cd22836c,FILA,135187,5,
DASS ITABERABA7014051090891100CM1589632015889140BRITB0054320260706-1,OK,DASS ITABERABA,70,140510,1321091,90891,ATAC. M13725 6MM POLIESTER COR 5703 [24b9aeaf-2145-4b06-987c-2409f13542f2],100CM,15896320,324,15889140BRITB00543,06/07/2026,24/08/2026,3,21/08/2026,900162,,24b9aeaf-2145-4b06-987c-2409f13542f2,FILA,135187,6,
DASS ITABERABA7014051090891100CM1589632015889188BRITB0054420260706-1,OK,DASS ITABERABA,70,140510,1321091,90891,ATAC. M13725 6MM POLIESTER COR 5703 [d55f6029-a5a9-4604-b98a-4fb6f5265240],100CM,15896320,396,15889188BRITB00544,06/07/2026,24/08/2026,3,21/08/2026,900163,,d55f6029-a5a9-4604-b98a-4fb6f5265240,FILA,135187,7,
DASS ITABERABA701405477016415MM1589730820260706-1,OK,DASS ITABERABA,70,140547,783896,70164,FITA MFGP C/ GOMA POLIESTER COR 100 [1ea14d63-4e98-4247-933e-6f084b582399],15MM,15897308,20,0,06/07/2026,24/08/2026,3,21/08/2026,900164,,1ea14d63-4e98-4247-933e-6f084b582399,FILA,135233,1,
DASS ITABERABA701408887016410MM1593391820260716-1,OK,DASS ITABERABA,70,140888,998350,70164,FITA MFGP C/ GOMA POLIESTER COR 100 [36a82cc9-77d0-4fd0-9bb0-aa133db95e68],10MM,15933918,200,0,16/07/2026,24/08/2026,3,21/08/2026,900165,,36a82cc9-77d0-4fd0-9bb0-aa133db95e68,FILA,135589,1,
DASS ITABERABA701408887137610MM1593391820260716-1,OK,DASS ITABERABA,70,140888,816595,71376,FITA MFGP C/ GOMA POLIESTER COR 102 [bbcf436f-3287-4e6f-878a-a27200f09851],10MM,15933918,380,0,16/07/2026,24/08/2026,3,21/08/2026,900166,,bbcf436f-3287-4e6f-878a-a27200f09851,FILA,135589,2,
DASS ITABERABA701408887280110MM1593391820260716-1,OK,DASS ITABERABA,70,140888,903140,72801,FITA MFGP C/ GOMA POLIESTER COR 057 [a700f6ff-68c8-4f21-a652-a45841289176],10MM,15933918,70,0,16/07/2026,24/08/2026,3,21/08/2026,900167,,a700f6ff-68c8-4f21-a652-a45841289176,FILA,135589,3,
DASS ITABERABA701408889288310MM1593391820260716-1,OK,DASS ITABERABA,70,140888,1403309,92883,FITA MFGP C/ GOMA POLIESTER COR 6008 [a3b5b3b7-79ce-4352-8c0e-17f58a18752e],10MM,15933918,60,0,16/07/2026,24/08/2026,3,21/08/2026,900168,,a3b5b3b7-79ce-4352-8c0e-17f58a18752e,FILA,135589,4,
DASS ITABERABA7014149495781100CM1600357615994445BRITB0054820260803-1,OK,DASS ITABERABA,70,141494,1390643,95781,ATAC. M13727 POLIESTER COR 114 / COR 100 [da6877ad-4505-42e8-884f-f4d726b3145a],100CM,16003576,348,15994445BRITB00548,03/08/2026,24/08/2026,3,21/08/2026,900169,,da6877ad-4505-42e8-884f-f4d726b3145a,FILA,136132,1,NORMAL
DASS ITABERABA701415107016412MM1600321820260803-1,OK,DASS ITABERABA,70,141510,898941,70164,FITA MFGP C/ GOMA POLIESTER COR 100 [4167b51a-adfd-4ac1-b531-1311cf92eb09],12MM,16003218,1010,0,03/08/2026,24/08/2026,3,21/08/2026,900170,,4167b51a-adfd-4ac1-b531-1311cf92eb09,FILA,136147,1,NORMAL
DASS ITABERABA701415107137615MM1600321820260803-1,OK,DASS ITABERABA,70,141510,902655,71376,FITA MFGP C/ GOMA POLIESTER COR 102 [1516962d-65ac-4ebc-9eb7-a942b558f3e6],15MM,16003218,520,0,03/08/2026,24/08/2026,3,21/08/2026,900171,,1516962d-65ac-4ebc-9eb7-a942b558f3e6,FILA,136147,2,NORMAL
DASS ITABERABA701415107352215MM1600321820260803-1,OK,DASS ITABERABA,70,141510,902057,73522,FITA MFGP C/ GOMA POLIESTER COR 057 [93e51c4c-e21b-4b8e-a83c-aaf045dbb8b5],15MM,16003218,210,0,03/08/2026,24/08/2026,3,21/08/2026,900172,,93e51c4c-e21b-4b8e-a83c-aaf045dbb8b5,FILA,136147,3,NORMAL
DASS ITABERABA701415107358915MM1600321820260803-1,OK,DASS ITABERABA,70,141510,975119,73589,FITA MFGP C/ GOMA POLIESTER COR 263 [4d5ec9ab-698e-4e1f-9157-97ce088b4f3a],15MM,16003218,190,0,03/08/2026,24/08/2026,3,21/08/2026,900173,,4d5ec9ab-698e-4e1f-9157-97ce088b4f3a,FILA,136147,4,NORMAL
DASS ITABERABA701415107387215MM1600321820260803-1,OK,DASS ITABERABA,70,141510,1413356,73872,FITA MFGP C/ GOMA POLIESTER COR 057 / COR 114 / COR 057 [e076c9cb-e785-4230-b344-fda6078000c1],15MM,16003218,130,0,03/08/2026,24/08/2026,3,21/08/2026,900174,,e076c9cb-e785-4230-b344-fda6078000c1,FILA,136147,5,NORMAL
DASS ITABERABA701415108455915MM1600321820260803-1,OK,DASS ITABERABA,70,141510,1097515,84559,FITA MFGP C/ GOMA POLIESTER COR 114 [b7c389ee-ae7c-4246-89f5-7cec299e8d2c],15MM,16003218,250,0,03/08/2026,24/08/2026,3,21/08/2026,900175,,b7c389ee-ae7c-4246-89f5-7cec299e8d2c,FILA,136147,6,NORMAL
DASS ITABERABA701415108757815MM1600321820260803-1,OK,DASS ITABERABA,70,141510,1327438,87578,FITA MFGP C/ GOMA POLIESTER COR 4188 [484484a8-c967-4a00-b097-4d2282afe3f0],15MM,16003218,180,0,03/08/2026,24/08/2026,3,21/08/2026,900176,,484484a8-c967-4a00-b097-4d2282afe3f0,FILA,136147,7,NORMAL
DASS ITABERABA701416069295015MM1601530620260805-1,OK,DASS ITABERABA,70,141606,1403527,92950,FITA M32207 C/ GOMA POLIESTER COR 114 / COR 491 / COR 114 [3f14c698-405d-45fe-9724-9d1ed5539747],15MM,16015306,10,0,05/08/2026,24/08/2026,3,21/08/2026,900177,,3f14c698-405d-45fe-9724-9d1ed5539747,FILA,136239,1,NORMAL
DASS ITABERABA701416067280110MM1601530620260805-1,OK,DASS ITABERABA,70,141606,903140,72801,FITA MFGP C/ GOMA POLIESTER COR 057 [ff8c763e-7e68-4c8c-82be-27b9c5c1cbc1],10MM,16015306,10,0,05/08/2026,24/08/2026,3,21/08/2026,900178,,ff8c763e-7e68-4c8c-82be-27b9c5c1cbc1,FILA,136239,2,NORMAL
BIBI8051419417025315MM383405320260817-1,NÃO,BIBI,805,141941,467297,70253,FITA M4027 C/ GOMA POLIESTER COR 100 [165cbded-fce7-43ad-9e77-f5441f283f9b],15MM,3834053,1000,,17/08/2026,24/08/2026,3,21/08/2026,900179,,165cbded-fce7-43ad-9e77-f5441f283f9b,,136621,1,
DASS SANTO ANTONIO152614052695032115CM1588826315884406BRSA00187420260706-1,OK,DASS SANTO ANTONIO,1526,140526,1404592,95032,ATAC. M10110 5MM POLIESTER COR 5094 / COR 102 [55e118b9-8774-4800-8141-b77a85ff9197],115CM,15888263,852,15884406BRSA001874,06/07/2026,24/08/2026,3,21/08/2026,900180,,55e118b9-8774-4800-8141-b77a85ff9197,FILA,135201,1,
DASS SANTO ANTONIO152614052695032125CM1588826315884406BRSA00187420260706-1,OK,DASS SANTO ANTONIO,1526,140526,1404592,95032,ATAC. M10110 5MM POLIESTER COR 5094 / COR 102 [17fbb959-613b-42de-ba26-c91a18d265c2],125CM,15888263,348,15884406BRSA001874,06/07/2026,24/08/2026,3,21/08/2026,900181,,17fbb959-613b-42de-ba26-c91a18d265c2,FILA,135201,2,
DASS SANTO ANTONIO152614052695039105CM1588826315884410BRSA00188020260706-1,OK,DASS SANTO ANTONIO,1526,140526,1404591,95039,ATAC. M10110 5MM POLIESTER COR 102 / COR 6038 [ad07af53-4d46-4eec-8e32-706b22f14738],105CM,15888263,432,15884410BRSA001880,06/07/2026,24/08/2026,3,21/08/2026,900182,,ad07af53-4d46-4eec-8e32-706b22f14738,FILA,135201,3,
DASS SANTO ANTONIO152614052695039105CM1588826315884411BRSA00188020260706-1,OK,DASS SANTO ANTONIO,1526,140526,1404591,95039,ATAC. M10110 5MM POLIESTER COR 102 / COR 6038 [86b83161-9a66-4ba9-97a2-e51be1286ce6],105CM,15888263,432,15884411BRSA001880,06/07/2026,24/08/2026,3,21/08/2026,900183,,86b83161-9a66-4ba9-97a2-e51be1286ce6,FILA,135201,4,
DASS SANTO ANTONIO152614052695039115CM1588826315884410BRSA00188020260706-1,OK,DASS SANTO ANTONIO,1526,140526,1404591,95039,ATAC. M10110 5MM POLIESTER COR 102 / COR 6038 [bf75d392-e71d-4875-89ab-d3e4eca6f428],115CM,15888263,480,15884410BRSA001880,06/07/2026,24/08/2026,3,21/08/2026,900184,,bf75d392-e71d-4875-89ab-d3e4eca6f428,FILA,135201,5,
DASS SANTO ANTONIO152614052695039115CM1588826315884411BRSA00188020260706-1,OK,DASS SANTO ANTONIO,1526,140526,1404591,95039,ATAC. M10110 5MM POLIESTER COR 102 / COR 6038 [26e26658-fcaf-45b8-8d55-412d0eeb6a27],115CM,15888263,492,15884411BRSA001880,06/07/2026,24/08/2026,3,21/08/2026,900185,,26e26658-fcaf-45b8-8d55-412d0eeb6a27,FILA,135201,6,
DASS SANTO ANTONIO1526140527874446MM1588820220260706-1,OK,DASS SANTO ANTONIO,1526,140527,738314,87444,ELAST. MTM POLIESTER COR 057 [ba26e230-4baa-4192-be0f-a92e037d76b9],6MM,15888202,1175,0,06/07/2026,24/08/2026,3,21/08/2026,900186,,ba26e230-4baa-4192-be0f-a92e037d76b9,FILA,135202,1,
DASS SANTO ANTONIO15261405277352215MM1588820220260706-1,OK,DASS SANTO ANTONIO,1526,140527,902057,73522,FITA MFGP C/ GOMA POLIESTER COR 057 [e679f2c0-0d88-41c0-8ba5-2191f5dbb1fe],15MM,15888202,160,0,06/07/2026,24/08/2026,3,21/08/2026,900187,,e679f2c0-0d88-41c0-8ba5-2191f5dbb1fe,FILA,135202,2,
DASS SANTO ANTONIO15261405277691015MM1588820220260706-1,OK,DASS SANTO ANTONIO,1526,140527,975119,76910,FITA MFGP C/ GOMA POLIESTER COR 263 [87aeac6d-fd9f-4aaa-a2fb-282123ef8376],15MM,15888202,140,0,06/07/2026,24/08/2026,3,21/08/2026,900188,,87aeac6d-fd9f-4aaa-a2fb-282123ef8376,FILA,135202,3,
MARFIM CEARA105140639960466MM120260708-1,NÃO,MARFIM CEARA,105,140639,,96046,ATAC. MR140019 6MM RECICLADO COR 6253/PET [2984759e-4b77-43dc-858b-7c33a546054a],6MM,1,21239,,08/07/2026,25/08/2026,4,21/08/2026,900189,,2984759e-4b77-43dc-858b-7c33a546054a,,135415,1,
BIBI805141994742136MM383429120260819-1,NÃO,BIBI,805,141994,471351,74213,ELAST. MEER POLIESTER COR 102 [1ac8e2f2-b7aa-4b1c-8c2a-4fbd278310bb],6MM,3834291,300,,19/08/2026,25/08/2026,4,21/08/2026,900190,,1ac8e2f2-b7aa-4b1c-8c2a-4fbd278310bb,,136683,1,
DASS ITABERABA701411917401415MM1597114220260724-1,OK,DASS ITABERABA,70,141191,1425019,74014,FITA MFGP C/ GOMA POLIESTER COR 4085 [369e38fc-037e-4940-a065-4e5cf032c8eb],15MM,15971142,150,0,24/07/2026,26/08/2026,5,21/08/2026,900191,,369e38fc-037e-4940-a065-4e5cf032c8eb,ASICS,135866,1,NORMAL
DASS ITABERABA701411919400315MM1597114220260724-1,OK,DASS ITABERABA,70,141191,1425013,94003,FITA MFGP C/ GOMA POLIESTER COR 6106 [c51b013a-4897-4335-a806-8151dd30dead],15MM,15971142,420,0,24/07/2026,26/08/2026,5,21/08/2026,900192,,c51b013a-4897-4335-a806-8151dd30dead,ASICS,135866,2,NORMAL
DASS ITABERABA7014119284206110CM1597114815966174ASB005301720260724-1,OK,DASS ITABERABA,70,141192,1229330,84206,ATAC. M18006 POLIESTER COR 4085 [6f8d4ce8-d2d8-4239-8761-287b8a749062],110CM,15971148,569,15966174ASB0053017,24/07/2026,26/08/2026,5,21/08/2026,900193,,6f8d4ce8-d2d8-4239-8761-287b8a749062,ASICS,135867,1,NORMAL
DASS ITABERABA7014119284206120CM1597114815966174ASB005301720260724-1,OK,DASS ITABERABA,70,141192,1229330,84206,ATAC. M18006 POLIESTER COR 4085 [26eff82f-6d28-44b7-8aca-467cb69bd0fb],120CM,15971148,198,15966174ASB0053017,24/07/2026,26/08/2026,5,21/08/2026,900194,,26eff82f-6d28-44b7-8aca-467cb69bd0fb,ASICS,135867,2,NORMAL
DASS ITABERABA7014119294827120CM1597114815966170ASB005300120260724-1,OK,DASS ITABERABA,70,141192,1400180,94827,ATAC. M18006 POLIESTER COR 6106 [dad7024f-bbae-4caa-b7df-14a0a605579a],120CM,15971148,420,15966170ASB0053001,24/07/2026,26/08/2026,5,21/08/2026,900195,,dad7024f-bbae-4caa-b7df-14a0a605579a,ASICS,135867,3,NORMAL
DASS ITABERABA7014119294827120CM1597114815966171ASB005300420260724-1,OK,DASS ITABERABA,70,141192,1400180,94827,ATAC. M18006 POLIESTER COR 6106 [0b1b8c1f-6116-43b8-b984-74bbd405b74e],120CM,15971148,867,15966171ASB0053004,24/07/2026,26/08/2026,5,21/08/2026,900196,,0b1b8c1f-6116-43b8-b984-74bbd405b74e,ASICS,135867,4,NORMAL
DASS ITABERABA7014119294827130CM1597114815966170ASB005300120260724-1,OK,DASS ITABERABA,70,141192,1400180,94827,ATAC. M18006 POLIESTER COR 6106 [2e545786-a568-486f-9dea-07f7bb111a9a],130CM,15971148,333,15966170ASB0053001,24/07/2026,26/08/2026,5,21/08/2026,900197,,2e545786-a568-486f-9dea-07f7bb111a9a,ASICS,135867,5,NORMAL
DASS ITABERABA7014119294827130CM1597114815966171ASB005300420260724-1,OK,DASS ITABERABA,70,141192,1400180,94827,ATAC. M18006 POLIESTER COR 6106 [bf1efb4f-adfb-47bc-a192-76c85ca3eb90],130CM,15971148,309,15966171ASB0053004,24/07/2026,26/08/2026,5,21/08/2026,900198,,bf1efb4f-adfb-47bc-a192-76c85ca3eb90,ASICS,135867,6,NORMAL
DASS ITABERABA7014119274802130CM1597114815966161ASB005297520260724-1,OK,DASS ITABERABA,70,141192,1015432,74802,ATAC. M22031 REFLEX COR 4219/1 [9f3a103c-c8a7-4c70-9c88-8d2452488cf6],130CM,15971148,647,15966161ASB0052975,24/07/2026,26/08/2026,5,21/08/2026,900199,,9f3a103c-c8a7-4c70-9c88-8d2452488cf6,ASICS,135867,7,NORMAL
DASS ITABERABA7014119274802140CM1597114815966161ASB005297520260724-1,OK,DASS ITABERABA,70,141192,1015432,74802,ATAC. M22031 REFLEX COR 4219/1 [39207a2e-1f4e-4711-809f-8dc612c49ee3],140CM,15971148,480,15966161ASB0052975,24/07/2026,26/08/2026,5,21/08/2026,900200,,39207a2e-1f4e-4711-809f-8dc612c49ee3,ASICS,135867,8,NORMAL
DASS ITABERABA7014119284768120CM1597114815966160ASB005297620260724-1,OK,DASS ITABERABA,70,141192,1249007,84768,ATAC. M22031 REFLEX COR 4085/1 [da0b8564-746e-4c03-8946-e834d09da001],120CM,15971148,1091,15966160ASB0052976,24/07/2026,26/08/2026,5,21/08/2026,900201,,da0b8564-746e-4c03-8946-e834d09da001,ASICS,135867,9,NORMAL
DASS ITABERABA7014119284768130CM1597114815966162ASB005297420260724-1,OK,DASS ITABERABA,70,141192,1249007,84768,ATAC. M22031 REFLEX COR 4085/1 [22adf954-54b6-4031-9d74-92208d40ae2c],130CM,15971148,623,15966162ASB0052974,24/07/2026,26/08/2026,5,21/08/2026,900202,,22adf954-54b6-4031-9d74-92208d40ae2c,ASICS,135867,10,NORMAL
DASS ITABERABA7014119284768130CM1597114815966160ASB005297620260724-1,OK,DASS ITABERABA,70,141192,1249007,84768,ATAC. M22031 REFLEX COR 4085/1 [59f3410b-0800-475b-a7be-4f265065b36e],130CM,15971148,428,15966160ASB0052976,24/07/2026,26/08/2026,5,21/08/2026,900203,,59f3410b-0800-475b-a7be-4f265065b36e,ASICS,135867,11,NORMAL
DASS ITABERABA7014119284768130CM1597114815966163ASB005298320260724-1,OK,DASS ITABERABA,70,141192,1249007,84768,ATAC. M22031 REFLEX COR 4085/1 [5d750e9e-6ad2-4831-860c-927bbb6f9fb0],130CM,15971148,601,15966163ASB0052983,24/07/2026,26/08/2026,5,21/08/2026,900204,,5d750e9e-6ad2-4831-860c-927bbb6f9fb0,ASICS,135867,12,NORMAL
DASS ITABERABA7014119284768140CM1597114815966162ASB005297420260724-1,OK,DASS ITABERABA,70,141192,1249007,84768,ATAC. M22031 REFLEX COR 4085/1 [8d4ae4c5-a2ef-4d46-a9a8-0cfa98391e9c],140CM,15971148,208,15966162ASB0052974,24/07/2026,26/08/2026,5,21/08/2026,900205,,8d4ae4c5-a2ef-4d46-a9a8-0cfa98391e9c,ASICS,135867,13,NORMAL
DASS ITABERABA7014119284768140CM1597114815966163ASB005298320260724-1,OK,DASS ITABERABA,70,141192,1249007,84768,ATAC. M22031 REFLEX COR 4085/1 [f8a93c71-1432-4a3e-874e-f427531d7d95],140CM,15971148,600,15966163ASB0052983,24/07/2026,26/08/2026,5,21/08/2026,900206,,f8a93c71-1432-4a3e-874e-f427531d7d95,ASICS,135867,14,NORMAL
DASS ITABERABA7014119292609120CM1597114815966158ASB005301320260724-1,OK,DASS ITABERABA,70,141192,1393890,92609,ATAC. M22031 REFLEX COR 214/1 [930fe8bd-be42-4d36-9b39-1f53f5bbcc14],120CM,15971148,200,15966158ASB0053013,24/07/2026,26/08/2026,5,21/08/2026,900207,,930fe8bd-be42-4d36-9b39-1f53f5bbcc14,ASICS,135867,15,NORMAL
DASS ITABERABA7014119292609130CM1597114815966158ASB005301320260724-1,OK,DASS ITABERABA,70,141192,1393890,92609,ATAC. M22031 REFLEX COR 214/1 [0366a165-c53e-4ecb-8007-f370e4c7be64],130CM,15971148,125,15966158ASB0053013,24/07/2026,26/08/2026,5,21/08/2026,900208,,0366a165-c53e-4ecb-8007-f370e4c7be64,ASICS,135867,16,NORMAL
DASS ITABERABA7014119292717120CM1597114815966157ASB005297720260724-1,OK,DASS ITABERABA,70,141192,1393892,92717,ATAC. M22031 REFLEX COR 5108/1 [888c3d71-9936-4fc2-b253-501e707488d1],120CM,15971148,322,15966157ASB0052977,24/07/2026,26/08/2026,5,21/08/2026,900209,,888c3d71-9936-4fc2-b253-501e707488d1,ASICS,135867,17,NORMAL
DASS ITABERABA7014119292717130CM1597114815966157ASB005297720260724-1,OK,DASS ITABERABA,70,141192,1393892,92717,ATAC. M22031 REFLEX COR 5108/1 [26ca1ad1-3e6f-4bc6-8bfd-7f84f7fbf158],130CM,15971148,161,15966157ASB0052977,24/07/2026,26/08/2026,5,21/08/2026,900210,,26ca1ad1-3e6f-4bc6-8bfd-7f84f7fbf158,ASICS,135867,18,NORMAL
DASS ITABERABA7014119292801120CM1597114815966159ASB005301120260724-1,OK,DASS ITABERABA,70,141192,1393891,92801,ATAC. M22031 REFLEX COR 4313/1 [ca86ec26-0c95-49c2-a758-85d613c0da5e],120CM,15971148,336,15966159ASB0053011,24/07/2026,26/08/2026,5,21/08/2026,900211,,ca86ec26-0c95-49c2-a758-85d613c0da5e,ASICS,135867,19,NORMAL
DASS ITABERABA7014119292801130CM1597114815966159ASB005301120260724-1,OK,DASS ITABERABA,70,141192,1393891,92801,ATAC. M22031 REFLEX COR 4313/1 [9dbedfb2-d572-40c5-af7d-78998ebfe062],130CM,15971148,99,15966159ASB0053011,24/07/2026,26/08/2026,5,21/08/2026,900212,,9dbedfb2-d572-40c5-af7d-78998ebfe062,ASICS,135867,20,NORMAL
DASS ITABERABA7014119285480120CM1597114815966127ASB005305520260724-1,OK,DASS ITABERABA,70,141192,1345837,85480,ATAC. M22037 6MM REFLEX COR 987/1 [79d912b3-4aea-4443-b48d-ab63fc1ac85f],120CM,15971148,434,15966127ASB0053055,24/07/2026,26/08/2026,5,21/08/2026,900213,,79d912b3-4aea-4443-b48d-ab63fc1ac85f,ASICS,135867,21,NORMAL
DASS ITABERABA7014119285480130CM1597114815966127ASB005305520260724-1,OK,DASS ITABERABA,70,141192,1345837,85480,ATAC. M22037 6MM REFLEX COR 987/1 [f7513c32-86e5-4b50-b285-c597dcded101],130CM,15971148,210,15966127ASB0053055,24/07/2026,26/08/2026,5,21/08/2026,900214,,f7513c32-86e5-4b50-b285-c597dcded101,ASICS,135867,22,NORMAL
DASS ITABERABA7014119290397120CM1597114815966125ASB005305320260724-1,OK,DASS ITABERABA,70,141192,1332512,90397,ATAC. M22037 6MM REFLEX COR 5217/1 [fe272921-a1ef-435e-a130-39c71b1b5033],120CM,15971148,928,15966125ASB0053053,24/07/2026,26/08/2026,5,21/08/2026,900215,,fe272921-a1ef-435e-a130-39c71b1b5033,ASICS,135867,23,NORMAL
DASS ITABERABA7014119290397130CM1597114815966125ASB005305320260724-1,OK,DASS ITABERABA,70,141192,1332512,90397,ATAC. M22037 6MM REFLEX COR 5217/1 [218d9984-677d-4d6a-a6a3-5bbbf27dd913],130CM,15971148,544,15966125ASB0053053,24/07/2026,26/08/2026,5,21/08/2026,900216,,218d9984-677d-4d6a-a6a3-5bbbf27dd913,ASICS,135867,24,NORMAL
DASS ITABERABA7014119291133120CM1597114815966126ASB005305420260724-1,OK,DASS ITABERABA,70,141192,1365482,91133,ATAC. M22037 6MM REFLEX COR 5711 [a5342404-45ae-4e78-872a-5256af8c5b0e],120CM,15971148,1052,15966126ASB0053054,24/07/2026,26/08/2026,5,21/08/2026,900217,,a5342404-45ae-4e78-872a-5256af8c5b0e,ASICS,135867,25,NORMAL
DASS ITABERABA7014119291133130CM1597114815966126ASB005305420260724-1,OK,DASS ITABERABA,70,141192,1365482,91133,ATAC. M22037 6MM REFLEX COR 5711 [327595ca-c91a-48c4-9eee-428992649c15],130CM,15971148,371,15966126ASB0053054,24/07/2026,26/08/2026,5,21/08/2026,900218,,327595ca-c91a-48c4-9eee-428992649c15,ASICS,135867,26,NORMAL
DASS ITABERABA7014119294360120CM1597114815966128ASB005305620260724-1,OK,DASS ITABERABA,70,141192,1392976,94360,ATAC. M22037 6MM REFLEX COR 6105/1 [83dfa2a0-a211-4158-abce-ce72a79f8db4],120CM,15971148,336,15966128ASB0053056,24/07/2026,26/08/2026,5,21/08/2026,900219,,83dfa2a0-a211-4158-abce-ce72a79f8db4,ASICS,135867,27,NORMAL
DASS ITABERABA7014119294360130CM1597114815966128ASB005305620260724-1,OK,DASS ITABERABA,70,141192,1392976,94360,ATAC. M22037 6MM REFLEX COR 6105/1 [662e1066-990f-4dad-a69d-5cb7649ef343],130CM,15971148,149,15966128ASB0053056,24/07/2026,26/08/2026,5,21/08/2026,900220,,662e1066-990f-4dad-a69d-5cb7649ef343,ASICS,135867,28,NORMAL
DASS VITORIA39114094595643110CM1593930815936859BRI010406-20260717-1,OK,DASS VITORIA,391,140945,827533,95643,ATAC. M13801 POLIESTER COR 100 [8fda3f50-ec78-458f-a991-d9c88dced6e5],110CM,15939308,444,15936859BRI010406-,17/07/2026,26/08/2026,5,21/08/2026,900221,,8fda3f50-ec78-458f-a991-d9c88dced6e5,UMBRO,135632,1,CONTA E ORDEM VITÓRIA X ITABERABA
DASS VITORIA39114094595643110CM1593930815936860BRI010406-20260717-1,OK,DASS VITORIA,391,140945,827533,95643,ATAC. M13801 POLIESTER COR 100 [c9aba3d8-2b0f-49d5-a6eb-b495916289fe],110CM,15939308,480,15936860BRI010406-,17/07/2026,26/08/2026,5,21/08/2026,900222,,c9aba3d8-2b0f-49d5-a6eb-b495916289fe,UMBRO,135632,2,CONTA E ORDEM VITÓRIA X ITABERABA
DASS VITORIA39114094595643120CM1593930815936819BRI010396-20260717-1,OK,DASS VITORIA,391,140945,827533,95643,ATAC. M13801 POLIESTER COR 100 [bd011e4d-3af0-466b-9806-e77346e1d736],120CM,15939308,420,15936819BRI010396-,17/07/2026,26/08/2026,5,21/08/2026,900223,,bd011e4d-3af0-466b-9806-e77346e1d736,UMBRO,135632,3,CONTA E ORDEM VITÓRIA X ITABERABA
DASS VITORIA39114094595643120CM1593930815936820BRI010396-20260717-1,OK,DASS VITORIA,391,140945,827533,95643,ATAC. M13801 POLIESTER COR 100 [37169e25-926c-45ab-8361-d84cb5c06e90],120CM,15939308,408,15936820BRI010396-,17/07/2026,26/08/2026,5,21/08/2026,900224,,37169e25-926c-45ab-8361-d84cb5c06e90,UMBRO,135632,4,CONTA E ORDEM VITÓRIA X ITABERABA
DASS VITORIA39114094595643120CM1593930815936821BRI010397-20260717-1,OK,DASS VITORIA,391,140945,827533,95643,ATAC. M13801 POLIESTER COR 100 [173a0b05-a2d1-4192-af7b-03f19cbe3ab9],120CM,15939308,288,15936821BRI010397-,17/07/2026,26/08/2026,5,21/08/2026,900225,,173a0b05-a2d1-4192-af7b-03f19cbe3ab9,UMBRO,135632,5,CONTA E ORDEM VITÓRIA X ITABERABA
DASS VITORIA39114094595643120CM1593930815936822BRI010397-20260717-1,OK,DASS VITORIA,391,140945,827533,95643,ATAC. M13801 POLIESTER COR 100 [e9072f15-2d44-4e8d-b55b-7273c02d56b8],120CM,15939308,288,15936822BRI010397-,17/07/2026,26/08/2026,5,21/08/2026,900226,,e9072f15-2d44-4e8d-b55b-7273c02d56b8,UMBRO,135632,6,CONTA E ORDEM VITÓRIA X ITABERABA
DASS VITORIA39114094595643120CM1593930815936823BRI01039820260717-1,OK,DASS VITORIA,391,140945,827533,95643,ATAC. M13801 POLIESTER COR 100 [b7fe4d17-9a92-4b4f-93ea-e5b8934f4913],120CM,15939308,372,15936823BRI010398,17/07/2026,26/08/2026,5,21/08/2026,900227,,b7fe4d17-9a92-4b4f-93ea-e5b8934f4913,UMBRO,135632,7,CONTA E ORDEM VITÓRIA X ITABERABA
DASS VITORIA39114094595643120CM1593930815936859BRI010406-20260717-1,OK,DASS VITORIA,391,140945,827533,95643,ATAC. M13801 POLIESTER COR 100 [239ba051-4e0f-4d79-ae39-ca08800286e4],120CM,15939308,300,15936859BRI010406-,17/07/2026,26/08/2026,5,21/08/2026,900228,,239ba051-4e0f-4d79-ae39-ca08800286e4,UMBRO,135632,8,CONTA E ORDEM VITÓRIA X ITABERABA
DASS VITORIA39114094595643120CM1593930815936860BRI010406-20260717-1,OK,DASS VITORIA,391,140945,827533,95643,ATAC. M13801 POLIESTER COR 100 [574a96fc-bc42-4800-bf0c-a4fe7a89c5b5],120CM,15939308,312,15936860BRI010406-,17/07/2026,26/08/2026,5,21/08/2026,900229,,574a96fc-bc42-4800-bf0c-a4fe7a89c5b5,UMBRO,135632,9,CONTA E ORDEM VITÓRIA X ITABERABA
DASS VITORIA39114094595643130CM1593930815936819BRI010396-20260717-1,OK,DASS VITORIA,391,140945,827533,95643,ATAC. M13801 POLIESTER COR 100 [416835bf-308f-403b-b9de-e169bd97bacb],130CM,15939308,588,15936819BRI010396-,17/07/2026,26/08/2026,5,21/08/2026,900230,,416835bf-308f-403b-b9de-e169bd97bacb,UMBRO,135632,10,CONTA E ORDEM VITÓRIA X ITABERABA
DASS VITORIA39114094595643130CM1593930815936820BRI010396-20260717-1,OK,DASS VITORIA,391,140945,827533,95643,ATAC. M13801 POLIESTER COR 100 [e2d84017-8da5-4da2-94a0-4a2a025c6e5f],130CM,15939308,576,15936820BRI010396-,17/07/2026,26/08/2026,5,21/08/2026,900231,,e2d84017-8da5-4da2-94a0-4a2a025c6e5f,UMBRO,135632,11,CONTA E ORDEM VITÓRIA X ITABERABA
DASS VITORIA39114094595643130CM1593930815936821BRI010397-20260717-1,OK,DASS VITORIA,391,140945,827533,95643,ATAC. M13801 POLIESTER COR 100 [21fde29c-3c2e-46a1-bee0-aa34ec9fa116],130CM,15939308,540,15936821BRI010397-,17/07/2026,26/08/2026,5,21/08/2026,900232,,21fde29c-3c2e-46a1-bee0-aa34ec9fa116,UMBRO,135632,12,CONTA E ORDEM VITÓRIA X ITABERABA
DASS VITORIA39114094595643130CM1593930815936822BRI010397-20260717-1,OK,DASS VITORIA,391,140945,827533,95643,ATAC. M13801 POLIESTER COR 100 [c5300c4d-4956-4470-88df-90b79cd69ffb],130CM,15939308,552,15936822BRI010397-,17/07/2026,26/08/2026,5,21/08/2026,900233,,c5300c4d-4956-4470-88df-90b79cd69ffb,UMBRO,135632,13,CONTA E ORDEM VITÓRIA X ITABERABA
DASS VITORIA39114094595643130CM1593930815936823BRI01039820260717-1,OK,DASS VITORIA,391,140945,827533,95643,ATAC. M13801 POLIESTER COR 100 [db3a088c-ebec-47c7-947d-b7b2dbb17b30],130CM,15939308,948,15936823BRI010398,17/07/2026,26/08/2026,5,21/08/2026,900234,,db3a088c-ebec-47c7-947d-b7b2dbb17b30,UMBRO,135632,14,CONTA E ORDEM VITÓRIA X ITABERABA
DASS VITORIA3911416586956410MM1602098020260806-1,OK,DASS VITORIA,391,141658,1237409,69564,FITA MFGP POLIESTER COR 100 [6e67bffa-c8ab-4c64-9844-39c73bf4a86f],10MM,16020980,40,0,06/08/2026,26/08/2026,5,21/08/2026,900235,,6e67bffa-c8ab-4c64-9844-39c73bf4a86f,UMBRO,136289,1,CONTA E ORDEM VITÓRIA X ITABERABA
DASS VITORIA3911416586962310MM1602098020260806-1,OK,DASS VITORIA,391,141658,242200,69623,FITA MFGP POLIESTER COR 102 [bfa01b2c-a181-4525-b229-c1a3ff0d1387],10MM,16020980,50,0,06/08/2026,26/08/2026,5,21/08/2026,900236,,bfa01b2c-a181-4525-b229-c1a3ff0d1387,UMBRO,136289,2,CONTA E ORDEM VITÓRIA X ITABERABA
DASS VITORIA3911416587478110MM1602098020260806-1,OK,DASS VITORIA,391,141658,1382734,74781,FITA MFGP POLIESTER COR 114 [9d07c31b-e667-467a-bbe9-24dee9dafdcb],10MM,16020980,80,0,06/08/2026,26/08/2026,5,21/08/2026,900237,,9d07c31b-e667-467a-bbe9-24dee9dafdcb,UMBRO,136289,3,CONTA E ORDEM VITÓRIA X ITABERABA
DASS VITORIA39114165973477115CM1602098116017289BRI01048020260806-1,OK,DASS VITORIA,391,141659,972997,73477,ATAC. M13054 POLIESTER COR 102 [b4cc1280-4b56-4f53-9e2b-55708afb0061],115CM,16020981,240,16017289BRI010480,06/08/2026,26/08/2026,5,21/08/2026,900238,,b4cc1280-4b56-4f53-9e2b-55708afb0061,UMBRO,136290,1,CONTA E ORDEM VITÓRIA X ITABERABA
DASS VITORIA39114165973477125CM1602098116017289BRI01048020260806-1,OK,DASS VITORIA,391,141659,972997,73477,ATAC. M13054 POLIESTER COR 102 [e671d7b7-d258-4af7-baae-b6b5858941dd],125CM,16020981,252,16017289BRI010480,06/08/2026,26/08/2026,5,21/08/2026,900239,,e671d7b7-d258-4af7-baae-b6b5858941dd,UMBRO,136290,2,CONTA E ORDEM VITÓRIA X ITABERABA
DASS VITORIA39114165973478115CM1602098116017285BRI01047620260806-1,OK,DASS VITORIA,391,141659,815019,73478,ATAC. M13054 POLIESTER COR 100 [5c485ffb-87c7-42d1-8a38-f0948d119391],115CM,16020981,660,16017285BRI010476,06/08/2026,26/08/2026,5,21/08/2026,900240,,5c485ffb-87c7-42d1-8a38-f0948d119391,UMBRO,136290,3,CONTA E ORDEM VITÓRIA X ITABERABA
DASS VITORIA39114165973478115CM1602098116017286BRI01047720260806-1,OK,DASS VITORIA,391,141659,815019,73478,ATAC. M13054 POLIESTER COR 100 [fb22984f-74f3-474c-95d1-9b86f4f0d528],115CM,16020981,264,16017286BRI010477,06/08/2026,26/08/2026,5,21/08/2026,900241,,fb22984f-74f3-474c-95d1-9b86f4f0d528,UMBRO,136290,4,CONTA E ORDEM VITÓRIA X ITABERABA
DASS VITORIA39114165973478115CM1602098116017288BRI01047920260806-1,OK,DASS VITORIA,391,141659,815019,73478,ATAC. M13054 POLIESTER COR 100 [c16ebd23-2ab2-41f6-a0ca-c3e074e76223],115CM,16020981,420,16017288BRI010479,06/08/2026,26/08/2026,5,21/08/2026,900242,,c16ebd23-2ab2-41f6-a0ca-c3e074e76223,UMBRO,136290,5,CONTA E ORDEM VITÓRIA X ITABERABA
DASS VITORIA39114165973478125CM1602098116017285BRI01047620260806-1,OK,DASS VITORIA,391,141659,815019,73478,ATAC. M13054 POLIESTER COR 100 [90697a12-eec6-4a24-87ec-d90978219f1d],125CM,16020981,300,16017285BRI010476,06/08/2026,26/08/2026,5,21/08/2026,900243,,90697a12-eec6-4a24-87ec-d90978219f1d,UMBRO,136290,6,CONTA E ORDEM VITÓRIA X ITABERABA
DASS VITORIA39114165973478125CM1602098116017286BRI01047720260806-1,OK,DASS VITORIA,391,141659,815019,73478,ATAC. M13054 POLIESTER COR 100 [5276a78b-cde8-4be2-9d29-1c58d2b3f49d],125CM,16020981,372,16017286BRI010477,06/08/2026,26/08/2026,5,21/08/2026,900244,,5276a78b-cde8-4be2-9d29-1c58d2b3f49d,UMBRO,136290,7,CONTA E ORDEM VITÓRIA X ITABERABA
DASS VITORIA39114165973478125CM1602098116017288BRI01047920260806-1,OK,DASS VITORIA,391,141659,815019,73478,ATAC. M13054 POLIESTER COR 100 [e96bd285-1b28-486b-b2fb-fbc5236dbc7e],125CM,16020981,384,16017288BRI010479,06/08/2026,26/08/2026,5,21/08/2026,900245,,e96bd285-1b28-486b-b2fb-fbc5236dbc7e,UMBRO,136290,8,CONTA E ORDEM VITÓRIA X ITABERABA
DASS VITORIA39114165973479115CM1602098116017287BRI01047820260806-1,OK,DASS VITORIA,391,141659,818742,73479,ATAC. M13054 POLIESTER COR 213 [a5d00936-e472-40f5-b72e-60fa1fd75c9a],115CM,16020981,372,16017287BRI010478,06/08/2026,26/08/2026,5,21/08/2026,900246,,a5d00936-e472-40f5-b72e-60fa1fd75c9a,UMBRO,136290,9,CONTA E ORDEM VITÓRIA X ITABERABA
DASS VITORIA39114165973479125CM1602098116017287BRI01047820260806-1,OK,DASS VITORIA,391,141659,818742,73479,ATAC. M13054 POLIESTER COR 213 [988c0b1a-f602-455c-b773-236c835d04b0],125CM,16020981,252,16017287BRI010478,06/08/2026,26/08/2026,5,21/08/2026,900247,,988c0b1a-f602-455c-b773-236c835d04b0,UMBRO,136290,10,CONTA E ORDEM VITÓRIA X ITABERABA
DASS VITORIA39114165993403120CM1602098116017280BRI01048120260806-1,OK,DASS VITORIA,391,141659,1382619,93403,ATAC. M13768 POLIESTER COR 100 [76ae17b3-b61f-4c49-b99f-d0c56958feca],120CM,16020981,672,16017280BRI010481,06/08/2026,26/08/2026,5,21/08/2026,900248,,76ae17b3-b61f-4c49-b99f-d0c56958feca,UMBRO,136290,11,CONTA E ORDEM VITÓRIA X ITABERABA
DASS VITORIA39114165993403130CM1602098116017280BRI01048120260806-1,OK,DASS VITORIA,391,141659,1382619,93403,ATAC. M13768 POLIESTER COR 100 [42da4987-eace-4750-83dc-688df0dcb186],130CM,16020981,504,16017280BRI010481,06/08/2026,26/08/2026,5,21/08/2026,900249,,42da4987-eace-4750-83dc-688df0dcb186,UMBRO,136290,12,CONTA E ORDEM VITÓRIA X ITABERABA
DASS VITORIA39114165993671120CM1602098116017281BRI01048220260806-1,OK,DASS VITORIA,391,141659,1382651,93671,ATAC. M13768 POLIESTER COR 102 [a8e155d7-45fb-4507-9f41-faa4243c9207],120CM,16020981,348,16017281BRI010482,06/08/2026,26/08/2026,5,21/08/2026,900250,,a8e155d7-45fb-4507-9f41-faa4243c9207,UMBRO,136290,13,CONTA E ORDEM VITÓRIA X ITABERABA
DASS VITORIA39114165993671130CM1602098116017281BRI01048220260806-1,OK,DASS VITORIA,391,141659,1382651,93671,ATAC. M13768 POLIESTER COR 102 [ae53c334-83bf-4e66-9fff-759437efeca6],130CM,16020981,240,16017281BRI010482,06/08/2026,26/08/2026,5,21/08/2026,900251,,ae53c334-83bf-4e66-9fff-759437efeca6,UMBRO,136290,14,CONTA E ORDEM VITÓRIA X ITABERABA
DASS VITORIA39114165993672120CM1602098116017282BRI01048320260806-1,OK,DASS VITORIA,391,141659,1382740,93672,ATAC. M13768 POLIESTER COR 173 [a5764190-eb15-4a1e-bf85-0c21fceb6caf],120CM,16020981,360,16017282BRI010483,06/08/2026,26/08/2026,5,21/08/2026,900252,,a5764190-eb15-4a1e-bf85-0c21fceb6caf,UMBRO,136290,15,CONTA E ORDEM VITÓRIA X ITABERABA
DASS VITORIA39114165993672130CM1602098116017282BRI01048320260806-1,OK,DASS VITORIA,391,141659,1382740,93672,ATAC. M13768 POLIESTER COR 173 [a8545e1b-d343-48ff-adbf-c6bd91b0e494],130CM,16020981,252,16017282BRI010483,06/08/2026,26/08/2026,5,21/08/2026,900253,,a8545e1b-d343-48ff-adbf-c6bd91b0e494,UMBRO,136290,16,CONTA E ORDEM VITÓRIA X ITABERABA
DASS VITORIA39114165993673120CM1602098116017283BRI01048420260806-1,OK,DASS VITORIA,391,141659,1382744,93673,ATAC. M13768 POLIESTER COR 114 [0315d83f-f1c3-43ad-ae75-b4d64b5ce744],120CM,16020981,288,16017283BRI010484,06/08/2026,26/08/2026,5,21/08/2026,900254,,0315d83f-f1c3-43ad-ae75-b4d64b5ce744,UMBRO,136290,17,CONTA E ORDEM VITÓRIA X ITABERABA
DASS VITORIA39114165993673130CM1602098116017283BRI01048420260806-1,OK,DASS VITORIA,391,141659,1382744,93673,ATAC. M13768 POLIESTER COR 114 [b2c9e720-afb5-4e9c-9a65-caba2730f761],130CM,16020981,228,16017283BRI010484,06/08/2026,26/08/2026,5,21/08/2026,900255,,b2c9e720-afb5-4e9c-9a65-caba2730f761,UMBRO,136290,18,CONTA E ORDEM VITÓRIA X ITABERABA
DASS SEST713906493661120CM1575859715758315NBR328283720260528-1-DUP1,OK,DASS SEST,7,139064,1065806,93661,ATAC. MR110029 RECICLADO COR 4662/PET [49fec3ac-1e93-4203-a69a-7101b569f35a],120CM,15758597,84,15758315NBR3282837,28/05/2026,31/08/2026,10,21/08/2026,900256,,49fec3ac-1e93-4203-a69a-7101b569f35a,NIKE,133775,,
DASS SEST713906493661120CM1575859715758316NBR328283720260528-1-DUP1,OK,DASS SEST,7,139064,1065806,93661,ATAC. MR110029 RECICLADO COR 4662/PET [d734676e-422a-408c-bc30-1d58f92916f6],120CM,15758597,72,15758316NBR3282837,28/05/2026,31/08/2026,10,21/08/2026,900257,,d734676e-422a-408c-bc30-1d58f92916f6,NIKE,133775,,
DASS SEST713906493661130CM1575859715758315NBR328283720260528-1-DUP1,OK,DASS SEST,7,139064,1065806,93661,ATAC. MR110029 RECICLADO COR 4662/PET [90ae101b-811b-4ec8-8098-bcd00216a5f6],130CM,15758597,770,15758315NBR3282837,28/05/2026,31/08/2026,10,21/08/2026,900258,,90ae101b-811b-4ec8-8098-bcd00216a5f6,NIKE,133775,,
DASS SEST713906493661130CM1575859715758316NBR328283720260528-1,OK,DASS SEST,7,139064,1065806,93661,ATAC. MR110029 RECICLADO COR 4662/PET [8b93251b-30c1-439d-a536-6655ef4930b9],130CM,15758597,816,15758316NBR3282837,28/05/2026,31/08/2026,10,21/08/2026,900259,,8b93251b-30c1-439d-a536-6655ef4930b9,NIKE,133775,,
DASS SEST713906493661140CM1575859715758315NBR328283720260528-1,OK,DASS SEST,7,139064,1065806,93661,ATAC. MR110029 RECICLADO COR 4662/PET [05393670-3eaf-45bc-be33-1acad7b27bcb],140CM,15758597,72,15758315NBR3282837,28/05/2026,31/08/2026,10,21/08/2026,900260,,05393670-3eaf-45bc-be33-1acad7b27bcb,NIKE,133775,,
DASS SEST713906493661140CM1575859715758316NBR328283720260528-1,OK,DASS SEST,7,139064,1065806,93661,ATAC. MR110029 RECICLADO COR 4662/PET [98de07dc-59bf-473d-a1c6-8e6d744424da],140CM,15758597,84,15758316NBR3282837,28/05/2026,31/08/2026,10,21/08/2026,900261,,98de07dc-59bf-473d-a1c6-8e6d744424da,NIKE,133775,,
DASS SEST713922982628100CM1577519515773820NBR328303420260601-1,OK,DASS SEST,7,139229,1188919,82628,ATAC. MR140014 6MM RECICLADO COR 4085/PET [34677355-0ea0-4767-97c0-6ca4fbb3ada3],100CM,15775195,96,15773820NBR3283034,01/06/2026,31/08/2026,10,21/08/2026,900262,,34677355-0ea0-4767-97c0-6ca4fbb3ada3,NIKE,133930,,
DASS SEST713922982628100CM1577519515773821NBR328303420260601-1,OK,DASS SEST,7,139229,1188919,82628,ATAC. MR140014 6MM RECICLADO COR 4085/PET [19ea90f2-7364-40d2-b956-b60cd3f0f53d],100CM,15775195,120,15773821NBR3283034,01/06/2026,31/08/2026,10,21/08/2026,900263,,19ea90f2-7364-40d2-b956-b60cd3f0f53d,NIKE,133930,,
DASS SEST713922982628100CM1577519515773822NBR328303520260601-1,OK,DASS SEST,7,139229,1188919,82628,ATAC. MR140014 6MM RECICLADO COR 4085/PET [b3e5300d-3de1-4bf0-8795-ef35675c3231],100CM,15775195,96,15773822NBR3283035,01/06/2026,31/08/2026,10,21/08/2026,900264,,b3e5300d-3de1-4bf0-8795-ef35675c3231,NIKE,133930,,
DASS SEST713922982628100CM1577519515773823NBR328303520260601-1,OK,DASS SEST,7,139229,1188919,82628,ATAC. MR140014 6MM RECICLADO COR 4085/PET [1122596a-08af-4e5b-8491-ebe71dc369d7],100CM,15775195,102,15773823NBR3283035,01/06/2026,31/08/2026,10,21/08/2026,900265,,1122596a-08af-4e5b-8491-ebe71dc369d7,NIKE,133930,,
DASS SEST713922982628105CM1577519515773820NBR328303420260601-1,OK,DASS SEST,7,139229,1188919,82628,ATAC. MR140014 6MM RECICLADO COR 4085/PET [39bd0748-7e4f-431a-86ee-c07891b4b2ad],105CM,15775195,734,15773820NBR3283034,01/06/2026,31/08/2026,10,21/08/2026,900266,,39bd0748-7e4f-431a-86ee-c07891b4b2ad,NIKE,133930,,
DASS SEST713922982628105CM1577519515773821NBR328303420260601-1,OK,DASS SEST,7,139229,1188919,82628,ATAC. MR140014 6MM RECICLADO COR 4085/PET [570ceaca-765a-4508-b35e-4e46c4998d39],105CM,15775195,762,15773821NBR3283034,01/06/2026,31/08/2026,10,21/08/2026,900267,,570ceaca-765a-4508-b35e-4e46c4998d39,NIKE,133930,,
DASS SEST713922982628105CM1577519515773822NBR328303520260601-1,OK,DASS SEST,7,139229,1188919,82628,ATAC. MR140014 6MM RECICLADO COR 4085/PET [491d3492-55c0-447f-9485-fca567e69a0b],105CM,15775195,698,15773822NBR3283035,01/06/2026,31/08/2026,10,21/08/2026,900268,,491d3492-55c0-447f-9485-fca567e69a0b,NIKE,133930,,
DASS SEST713922982628105CM1577519515773823NBR328303520260601-1,OK,DASS SEST,7,139229,1188919,82628,ATAC. MR140014 6MM RECICLADO COR 4085/PET [860212e9-e52a-450d-b919-cffb504568ec],105CM,15775195,702,15773823NBR3283035,01/06/2026,31/08/2026,10,21/08/2026,900269,,860212e9-e52a-450d-b919-cffb504568ec,NIKE,133930,,
DASS SEST713922982628105CM1577519515773816NBR328303620260601-1,OK,DASS SEST,7,139229,1188919,82628,ATAC. MR140014 6MM RECICLADO COR 4085/PET [707e7dd6-2eb3-4eff-a63e-029485e507e8],105CM,15775195,192,15773816NBR3283036,01/06/2026,31/08/2026,10,21/08/2026,900270,,707e7dd6-2eb3-4eff-a63e-029485e507e8,NIKE,133930,,
DASS SEST713922982628105CM1577519515773817NBR328303620260601-1,OK,DASS SEST,7,139229,1188919,82628,ATAC. MR140014 6MM RECICLADO COR 4085/PET [8316df2b-1a8a-4161-943b-762b2d43a8ef],105CM,15775195,234,15773817NBR3283036,01/06/2026,31/08/2026,10,21/08/2026,900271,,8316df2b-1a8a-4161-943b-762b2d43a8ef,NIKE,133930,,
DASS SEST713922982628110CM1577519515773820NBR328303420260601-1,OK,DASS SEST,7,139229,1188919,82628,ATAC. MR140014 6MM RECICLADO COR 4085/PET [98a3d456-dc27-448d-ab66-ea772d2c761c],110CM,15775195,54,15773820NBR3283034,01/06/2026,31/08/2026,10,21/08/2026,900272,,98a3d456-dc27-448d-ab66-ea772d2c761c,NIKE,133930,,
DASS SEST713922982628110CM1577519515773821NBR328303420260601-1,OK,DASS SEST,7,139229,1188919,82628,ATAC. MR140014 6MM RECICLADO COR 4085/PET [3bf395e8-83a1-4226-b014-cbb8ce5dec54],110CM,15775195,36,15773821NBR3283034,01/06/2026,31/08/2026,10,21/08/2026,900273,,3bf395e8-83a1-4226-b014-cbb8ce5dec54,NIKE,133930,,
DASS SEST713922982628110CM1577519515773822NBR328303520260601-1,OK,DASS SEST,7,139229,1188919,82628,ATAC. MR140014 6MM RECICLADO COR 4085/PET [ec59c7c4-6aaf-43bc-aabc-d25ec522eb17],110CM,15775195,48,15773822NBR3283035,01/06/2026,31/08/2026,10,21/08/2026,900274,,ec59c7c4-6aaf-43bc-aabc-d25ec522eb17,NIKE,133930,,
DASS SEST713922982628110CM1577519515773823NBR328303520260601-1,OK,DASS SEST,7,139229,1188919,82628,ATAC. MR140014 6MM RECICLADO COR 4085/PET [98449154-882f-49ae-bbbc-fc047b6c9431],110CM,15775195,36,15773823NBR3283035,01/06/2026,31/08/2026,10,21/08/2026,900275,,98449154-882f-49ae-bbbc-fc047b6c9431,NIKE,133930,,
DASS SEST713922982628110CM1577519515773816NBR328303620260601-1,OK,DASS SEST,7,139229,1188919,82628,ATAC. MR140014 6MM RECICLADO COR 4085/PET [0eef81cd-b17b-4c54-83bc-e85d8aa83e1b],110CM,15775195,609,15773816NBR3283036,01/06/2026,31/08/2026,10,21/08/2026,900276,,0eef81cd-b17b-4c54-83bc-e85d8aa83e1b,NIKE,133930,,
DASS SEST713922982628110CM1577519515773817NBR328303620260601-1,OK,DASS SEST,7,139229,1188919,82628,ATAC. MR140014 6MM RECICLADO COR 4085/PET [fa00c2b0-ad0a-44ee-8ad5-0575370b3355],110CM,15775195,606,15773817NBR3283036,01/06/2026,31/08/2026,10,21/08/2026,900277,,fa00c2b0-ad0a-44ee-8ad5-0575370b3355,NIKE,133930,,
DASS SEST713922982628115CM1577519515773816NBR328303620260601-1,OK,DASS SEST,7,139229,1188919,82628,ATAC. MR140014 6MM RECICLADO COR 4085/PET [5f00e1b0-7a99-4ba9-93ba-e474583644b6],115CM,15775195,240,15773816NBR3283036,01/06/2026,31/08/2026,10,21/08/2026,900278,,5f00e1b0-7a99-4ba9-93ba-e474583644b6,NIKE,133930,,
DASS SEST713922982628115CM1577519515773817NBR328303620260601-1,OK,DASS SEST,7,139229,1188919,82628,ATAC. MR140014 6MM RECICLADO COR 4085/PET [9ee27e01-25e1-4a67-8185-8e37417faeaf],115CM,15775195,246,15773817NBR3283036,01/06/2026,31/08/2026,10,21/08/2026,900279,,9ee27e01-25e1-4a67-8185-8e37417faeaf,NIKE,133930,,
DASS SEST71392818262618MM1577533120260602-1,OK,DASS SEST,7,139281,1220522,82626,FITA MR100038 C/ GOMA RECICLADO COR 4662/PET / COR 5400/B [80e0b67c-581a-4f0f-a2dc-50a4e6b95446],18MM,15775331,460,0,02/06/2026,31/08/2026,10,21/08/2026,900280,,80e0b67c-581a-4f0f-a2dc-50a4e6b95446,NIKE,133901,,
DASS SEST71392819570618MM1577533120260602-1,OK,DASS SEST,7,139281,1359543,95706,FITA MR100038 C/ GOMA RECICLADO COR 057/PET / COR 5911/B [fd1404e0-b5bb-4165-9020-28695932911d],18MM,15775331,300,0,02/06/2026,31/08/2026,10,21/08/2026,900281,,fd1404e0-b5bb-4165-9020-28695932911d,NIKE,133901,,
DASS SEST713956586978100CM1581641315815480NBR328290620260611-1,OK,DASS SEST,7,139565,1299257,86978,ATAC. MR130027 6MM RECICLADO COR 4085/PET [1418e6d8-8c3d-454e-b2d5-96300788f726],100CM,15816413,156,15815480NBR3282906,11/06/2026,31/08/2026,10,21/08/2026,900282,,1418e6d8-8c3d-454e-b2d5-96300788f726,NIKE,134312,1,
DASS SEST713956586978100CM1581641315815482NBR328290620260611-1,OK,DASS SEST,7,139565,1299257,86978,ATAC. MR130027 6MM RECICLADO COR 4085/PET [dc07e7f6-1800-4fb6-bcd2-f29ac6eb7913],100CM,15816413,186,15815482NBR3282906,11/06/2026,31/08/2026,10,21/08/2026,900283,,dc07e7f6-1800-4fb6-bcd2-f29ac6eb7913,NIKE,134312,2,
DASS SEST713956586978100CM1581641315815483NBR328298320260611-1,OK,DASS SEST,7,139565,1299257,86978,ATAC. MR130027 6MM RECICLADO COR 4085/PET [b8861f0c-7c08-455b-8a9f-c27c837f5813],100CM,15816413,168,15815483NBR3282983,11/06/2026,31/08/2026,10,21/08/2026,900284,,b8861f0c-7c08-455b-8a9f-c27c837f5813,NIKE,134312,3,
DASS SEST713956586978100CM1581641315815484NBR328298320260611-1,OK,DASS SEST,7,139565,1299257,86978,ATAC. MR130027 6MM RECICLADO COR 4085/PET [0b63db2e-c0ba-43c0-a19e-c0e52df0007e],100CM,15816413,186,15815484NBR3282983,11/06/2026,31/08/2026,10,21/08/2026,900285,,0b63db2e-c0ba-43c0-a19e-c0e52df0007e,NIKE,134312,4,
DASS SEST713956586978105CM1581641315815480NBR328290620260611-1,OK,DASS SEST,7,139565,1299257,86978,ATAC. MR130027 6MM RECICLADO COR 4085/PET [7660e664-8922-461c-93a4-1c1eafe11b1e],105CM,15816413,523,15815480NBR3282906,11/06/2026,31/08/2026,10,21/08/2026,900286,,7660e664-8922-461c-93a4-1c1eafe11b1e,NIKE,134312,5,
DASS SEST713956586978105CM1581641315815482NBR328290620260611-1,OK,DASS SEST,7,139565,1299257,86978,ATAC. MR130027 6MM RECICLADO COR 4085/PET [737f86c9-c7d1-4cdd-a5ff-5a9d6888de3a],105CM,15816413,520,15815482NBR3282906,11/06/2026,31/08/2026,10,21/08/2026,900287,,737f86c9-c7d1-4cdd-a5ff-5a9d6888de3a,NIKE,134312,6,
DASS SEST713956586978105CM1581641315815483NBR328298320260611-1,OK,DASS SEST,7,139565,1299257,86978,ATAC. MR130027 6MM RECICLADO COR 4085/PET [9c6a9cef-7c9d-4874-a19f-494957945504],105CM,15816413,541,15815483NBR3282983,11/06/2026,31/08/2026,10,21/08/2026,900288,,9c6a9cef-7c9d-4874-a19f-494957945504,NIKE,134312,7,
DASS SEST713956586978105CM1581641315815484NBR328298320260611-1,OK,DASS SEST,7,139565,1299257,86978,ATAC. MR130027 6MM RECICLADO COR 4085/PET [e7a4f86d-da06-4c96-845d-33c22cd583e5],105CM,15816413,556,15815484NBR3282983,11/06/2026,31/08/2026,10,21/08/2026,900289,,e7a4f86d-da06-4c96-845d-33c22cd583e5,NIKE,134312,8,
DASS SEST713956586978110CM1581641315815480NBR328290620260611-1,OK,DASS SEST,7,139565,1299257,86978,ATAC. MR130027 6MM RECICLADO COR 4085/PET [9770fbfd-cc32-4f46-9a26-ce6b1e26f634],110CM,15816413,144,15815480NBR3282906,11/06/2026,31/08/2026,10,21/08/2026,900290,,9770fbfd-cc32-4f46-9a26-ce6b1e26f634,NIKE,134312,9,
DASS SEST713956586978110CM1581641315815482NBR328290620260611-1,OK,DASS SEST,7,139565,1299257,86978,ATAC. MR130027 6MM RECICLADO COR 4085/PET [c27097fa-049d-4c70-8ec7-84ccd7fe4ba1],110CM,15816413,161,15815482NBR3282906,11/06/2026,31/08/2026,10,21/08/2026,900291,,c27097fa-049d-4c70-8ec7-84ccd7fe4ba1,NIKE,134312,10,
DASS SEST713956586978110CM1581641315815483NBR328298320260611-1,OK,DASS SEST,7,139565,1299257,86978,ATAC. MR130027 6MM RECICLADO COR 4085/PET [3740f5b0-84a2-4c0b-b294-fdbfce083fb7],110CM,15816413,144,15815483NBR3282983,11/06/2026,31/08/2026,10,21/08/2026,900292,,3740f5b0-84a2-4c0b-b294-fdbfce083fb7,NIKE,134312,11,
DASS SEST713956586978110CM1581641315815484NBR328298320260611-1,OK,DASS SEST,7,139565,1299257,86978,ATAC. MR130027 6MM RECICLADO COR 4085/PET [00564b89-8fc9-43cb-8234-5121967727eb],110CM,15816413,173,15815484NBR3282983,11/06/2026,31/08/2026,10,21/08/2026,900293,,00564b89-8fc9-43cb-8234-5121967727eb,NIKE,134312,12,
DASS SEST713956588695100CM1581641315815493NBR328289220260611-1,OK,DASS SEST,7,139565,1301800,88695,ATAC. MR130027 6MM RECICLADO COR 4662/PET [6a11dd7d-80b0-4ed9-8d26-162fbb55d65e],100CM,15816413,156,15815493NBR3282892,11/06/2026,31/08/2026,10,21/08/2026,900294,,6a11dd7d-80b0-4ed9-8d26-162fbb55d65e,NIKE,134312,13,
DASS SEST713956588695100CM1581641315815494NBR328289220260611-1,OK,DASS SEST,7,139565,1301800,88695,ATAC. MR130027 6MM RECICLADO COR 4662/PET [29b81786-dc3d-465a-990c-c3e4306709c4],100CM,15816413,167,15815494NBR3282892,11/06/2026,31/08/2026,10,21/08/2026,900295,,29b81786-dc3d-465a-990c-c3e4306709c4,NIKE,134312,14,
DASS SEST713956588695105CM1581641315815493NBR328289220260611-1,OK,DASS SEST,7,139565,1301800,88695,ATAC. MR130027 6MM RECICLADO COR 4662/PET [2e1a0fbb-28e8-41eb-ae15-d840ab1cf31a],105CM,15816413,487,15815493NBR3282892,11/06/2026,31/08/2026,10,21/08/2026,900296,,2e1a0fbb-28e8-41eb-ae15-d840ab1cf31a,NIKE,134312,15,
DASS SEST713956588695105CM1581641315815494NBR328289220260611-1,OK,DASS SEST,7,139565,1301800,88695,ATAC. MR130027 6MM RECICLADO COR 4662/PET [2ac93528-4b17-48e2-bd69-fae8001947b1],105CM,15816413,490,15815494NBR3282892,11/06/2026,31/08/2026,10,21/08/2026,900297,,2ac93528-4b17-48e2-bd69-fae8001947b1,NIKE,134312,16,
DASS SEST713956588695110CM1581641315815493NBR328289220260611-1,OK,DASS SEST,7,139565,1301800,88695,ATAC. MR130027 6MM RECICLADO COR 4662/PET [e4bc6f3e-0f68-40d3-bc1f-1a05c1ced301],110CM,15816413,132,15815493NBR3282892,11/06/2026,31/08/2026,10,21/08/2026,900298,,e4bc6f3e-0f68-40d3-bc1f-1a05c1ced301,NIKE,134312,17,
DASS SEST713956588695110CM1581641315815494NBR328289220260611-1,OK,DASS SEST,7,139565,1301800,88695,ATAC. MR130027 6MM RECICLADO COR 4662/PET [320efd8d-c98f-46d9-80f0-c7e7c608b29f],110CM,15816413,154,15815494NBR3282892,11/06/2026,31/08/2026,10,21/08/2026,900299,,320efd8d-c98f-46d9-80f0-c7e7c608b29f,NIKE,134312,18,
DASS SEST71396277400710MM1581716320260612-1,OK,DASS SEST,7,139627,1200469,74007,FITA M32164 C/ GOMA POLIESTER COR 4085 [f07cedec-bc9f-4d90-ba53-48f79ac81f20],10MM,15817163,370,0,12/06/2026,31/08/2026,10,21/08/2026,900300,,f07cedec-bc9f-4d90-ba53-48f79ac81f20,NIKE,134337,1,
DASS SEST71396278373910MM1581716320260612-1,OK,DASS SEST,7,139627,1247438,83739,FITA M32164 C/ GOMA POLIESTER COR 4662 [a614711b-2119-4137-99ad-085212307067],10MM,15817163,110,0,12/06/2026,31/08/2026,10,21/08/2026,900301,,a614711b-2119-4137-99ad-085212307067,NIKE,134337,2,
DASS SEST713965384943100CM1581990915818129NBR328289920260612-1,OK,DASS SEST,7,139653,1241008,84943,ATAC. MR140014 6MM RECICLADO COR 4021/PET [bb4445b1-e012-4a33-8354-91379bcdd6bd],100CM,15819909,590,15818129NBR3282899,12/06/2026,31/08/2026,10,21/08/2026,900302,,bb4445b1-e012-4a33-8354-91379bcdd6bd,NIKE,134363,1,
DASS SEST713965384943100CM1581990915818130NBR328289920260612-1,OK,DASS SEST,7,139653,1241008,84943,ATAC. MR140014 6MM RECICLADO COR 4021/PET [e48d6349-e68c-4992-845e-1f379dc56453],100CM,15819909,649,15818130NBR3282899,12/06/2026,31/08/2026,10,21/08/2026,900303,,e48d6349-e68c-4992-845e-1f379dc56453,NIKE,134363,2,
DASS SEST713965384943105CM1581990915818129NBR328289920260612-1,OK,DASS SEST,7,139653,1241008,84943,ATAC. MR140014 6MM RECICLADO COR 4021/PET [0a9836bd-2e79-41ce-832f-0b4ce1f6eec0],105CM,15819909,319,15818129NBR3282899,12/06/2026,31/08/2026,10,21/08/2026,900304,,0a9836bd-2e79-41ce-832f-0b4ce1f6eec0,NIKE,134363,3,
DASS SEST713965384943105CM1581990915818130NBR328289920260612-1,OK,DASS SEST,7,139653,1241008,84943,ATAC. MR140014 6MM RECICLADO COR 4021/PET [b49c608c-9a75-413b-bf70-c07091c9f8b1],105CM,15819909,305,15818130NBR3282899,12/06/2026,31/08/2026,10,21/08/2026,900305,,b49c608c-9a75-413b-bf70-c07091c9f8b1,NIKE,134363,4,
DASS SEST713965388451100CM1581990915818133NBR328290120260612-1,OK,DASS SEST,7,139653,1324864,88451,ATAC. MR140014 6MM RECICLADO COR 5687/PET [b054ae8d-3a08-479a-98d8-ceedbba95ff2],100CM,15819909,673,15818133NBR3282901,12/06/2026,31/08/2026,10,21/08/2026,900306,,b054ae8d-3a08-479a-98d8-ceedbba95ff2,NIKE,134363,5,
DASS SEST713965388451105CM1581990915818133NBR328290120260612-1,OK,DASS SEST,7,139653,1324864,88451,ATAC. MR140014 6MM RECICLADO COR 5687/PET [a68ca190-7dcf-4b16-b2b0-941a6c469790],105CM,15819909,346,15818133NBR3282901,12/06/2026,31/08/2026,10,21/08/2026,900307,,a68ca190-7dcf-4b16-b2b0-941a6c469790,NIKE,134363,6,
DASS SEST71396547400710MM1582015220260612-1,OK,DASS SEST,7,139654,1200469,74007,FITA M32164 C/ GOMA POLIESTER COR 4085 [cacb7a38-364d-42cd-aa28-f7a76ae00491],10MM,15820152,190,0,12/06/2026,31/08/2026,10,21/08/2026,900308,,cacb7a38-364d-42cd-aa28-f7a76ae00491,NIKE,134364,1,
DASS SEST71396548684010MM1582015220260612-1,OK,DASS SEST,7,139654,1259457,86840,FITA M32164 C/ GOMA POLIESTER COR 5552 [7cf1dbea-b88d-4a6d-a763-34cc1ee56472],10MM,15820152,180,0,12/06/2026,31/08/2026,10,21/08/2026,900309,,7cf1dbea-b88d-4a6d-a763-34cc1ee56472,NIKE,134364,2,
DASS SEST71396557400710MM1582017220260612-1,OK,DASS SEST,7,139655,1200469,74007,FITA M32164 C/ GOMA POLIESTER COR 4085 [3b7983d8-c3dd-4516-9511-77277575dbf4],10MM,15820172,100,0,12/06/2026,31/08/2026,10,21/08/2026,900310,,3b7983d8-c3dd-4516-9511-77277575dbf4,NIKE,134365,1,
DASS SEST71399348794616MM1584966220260622-1,OK,DASS SEST,7,139934,1316829,87946,FITA M31119 C/ GOMA POLIESTER COR 100/ COR 5535/ COR 102 [3cdd4dd3-4cdb-4553-84bd-42f48ee1e43b],16MM,15849662,840,0,22/06/2026,31/08/2026,10,21/08/2026,900311,,3cdd4dd3-4cdb-4553-84bd-42f48ee1e43b,FILA,134610,1,
DASS SEST71399349102316MM1584966220260622-1,OK,DASS SEST,7,139934,1320254,91023,FITA M31119 C/ GOMA POLIESTER COR 114 / COR 100 / COR 100 [522f1cee-d86d-45d0-b49b-7755b152d1e4],16MM,15849662,90,0,22/06/2026,31/08/2026,10,21/08/2026,900312,,522f1cee-d86d-45d0-b49b-7755b152d1e4,FILA,134610,2,
DASS SEST71399349296316MM1584966220260622-1,OK,DASS SEST,7,139934,1353470,92963,FITA M31119 C/ GOMA POLIESTER COR 102 / COR 100 / COR 100 [a85f6ec2-be32-4800-b87c-88e00cc5b786],16MM,15849662,330,0,22/06/2026,31/08/2026,10,21/08/2026,900313,,a85f6ec2-be32-4800-b87c-88e00cc5b786,FILA,134610,3,
DASS SEST71399349517616MM1584966220260622-1,OK,DASS SEST,7,139934,1320199,95176,FITA M31119 C/ GOMA POLIESTER COR 053 / COR 114 / COR 114 [4cdfd6b8-708b-4c91-b259-a22f6f9c5f56],16MM,15849662,1050,0,22/06/2026,31/08/2026,10,21/08/2026,900314,,4cdfd6b8-708b-4c91-b259-a22f6f9c5f56,FILA,134610,4,
DASS SEST71399349530116MM1584966220260622-1,OK,DASS SEST,7,139934,1416908,95301,FITA M31119 C/ GOMA POLIESTER COR 6038 / COR 5508 / COR 5508 [458fdf76-4cc1-448e-9c83-025ae18f2ca7],16MM,15849662,340,0,22/06/2026,31/08/2026,10,21/08/2026,900315,,458fdf76-4cc1-448e-9c83-025ae18f2ca7,FILA,134610,5,
DASS SEST714009588668110CM1585578915851098NBR328298520260625-1,OK,DASS SEST,7,140095,1304277,88668,ATAC. MR110022 7MM RECICLADO COR 4085/PET / COR 496/PET [cd812740-b321-48a8-8add-485e7545891e],110CM,15855789,819,15851098NBR3282985,25/06/2026,31/08/2026,10,21/08/2026,900316,,cd812740-b321-48a8-8add-485e7545891e,NIKE,134784,1,
DASS SEST714009588668110CM1585578915851100NBR328298520260625-1,OK,DASS SEST,7,140095,1304277,88668,ATAC. MR110022 7MM RECICLADO COR 4085/PET / COR 496/PET [a8c30641-ddc9-4490-8ed8-93a5b84888e0],110CM,15855789,756,15851100NBR3282985,25/06/2026,31/08/2026,10,21/08/2026,900317,,a8c30641-ddc9-4490-8ed8-93a5b84888e0,NIKE,134784,2,
DASS SEST714009588668110CM1585578915851101NBR328298520260625-1,OK,DASS SEST,7,140095,1304277,88668,ATAC. MR110022 7MM RECICLADO COR 4085/PET / COR 496/PET [e1d2960a-5752-413a-b2f1-90918a5bdabf],110CM,15855789,828,15851101NBR3282985,25/06/2026,31/08/2026,10,21/08/2026,900318,,e1d2960a-5752-413a-b2f1-90918a5bdabf,NIKE,134784,3,
DASS SEST714009588668110CM1585578915851088NBR328302320260625-1,OK,DASS SEST,7,140095,1304277,88668,ATAC. MR110022 7MM RECICLADO COR 4085/PET / COR 496/PET [3095afd5-6b3b-4e96-914c-daf3371ff6e0],110CM,15855789,252,15851088NBR3283023,25/06/2026,31/08/2026,10,21/08/2026,900319,,3095afd5-6b3b-4e96-914c-daf3371ff6e0,NIKE,134784,4,
DASS SEST714009588668110CM1585578915854332NEX000008020260625-1,OK,DASS SEST,7,140095,1304277,88668,ATAC. MR110022 7MM RECICLADO COR 4085/PET / COR 496/PET [2b17e4b5-1999-4046-bc97-602dce4f5644],110CM,15855789,252,15854332NEX0000080,25/06/2026,31/08/2026,10,21/08/2026,900320,,2b17e4b5-1999-4046-bc97-602dce4f5644,NIKE,134784,5,
DASS SEST714009588668110CM1585578915854333NEX000008020260625-1,OK,DASS SEST,7,140095,1304277,88668,ATAC. MR110022 7MM RECICLADO COR 4085/PET / COR 496/PET [12f00648-b876-4cb1-8cc1-cd78aca9af6b],110CM,15855789,252,15854333NEX0000080,25/06/2026,31/08/2026,10,21/08/2026,900321,,12f00648-b876-4cb1-8cc1-cd78aca9af6b,NIKE,134784,6,
DASS SEST714009588668110CM1585578915854334NEX000008020260625-1,OK,DASS SEST,7,140095,1304277,88668,ATAC. MR110022 7MM RECICLADO COR 4085/PET / COR 496/PET [dce84d68-0917-4f93-8114-e517449a7ce0],110CM,15855789,216,15854334NEX0000080,25/06/2026,31/08/2026,10,21/08/2026,900322,,dce84d68-0917-4f93-8114-e517449a7ce0,NIKE,134784,7,
DASS SEST714009588668110CM1585578915854335NEX000008020260625-1,OK,DASS SEST,7,140095,1304277,88668,ATAC. MR110022 7MM RECICLADO COR 4085/PET / COR 496/PET [949de273-90a2-4c7a-9afa-35ae56d0fa82],110CM,15855789,246,15854335NEX0000080,25/06/2026,31/08/2026,10,21/08/2026,900323,,949de273-90a2-4c7a-9afa-35ae56d0fa82,NIKE,134784,8,
DASS SEST714009588668110CM1585578915854323NEX000008120260625-1,OK,DASS SEST,7,140095,1304277,88668,ATAC. MR110022 7MM RECICLADO COR 4085/PET / COR 496/PET [bbbac233-dc81-4990-a3d7-9e0f24388c6a],110CM,15855789,312,15854323NEX0000081,25/06/2026,31/08/2026,10,21/08/2026,900324,,bbbac233-dc81-4990-a3d7-9e0f24388c6a,NIKE,134784,9,
DASS SEST714009588668110CM1585578915854324NEX000008120260625-1,OK,DASS SEST,7,140095,1304277,88668,ATAC. MR110022 7MM RECICLADO COR 4085/PET / COR 496/PET [89320f66-ec9d-4a1b-9484-9774f1f86455],110CM,15855789,312,15854324NEX0000081,25/06/2026,31/08/2026,10,21/08/2026,900325,,89320f66-ec9d-4a1b-9484-9774f1f86455,NIKE,134784,10,
DASS SEST714009588668110CM1585578915854325NEX000008120260625-1,OK,DASS SEST,7,140095,1304277,88668,ATAC. MR110022 7MM RECICLADO COR 4085/PET / COR 496/PET [7cf2c244-717e-42f2-a894-81eb4173c2d1],110CM,15855789,288,15854325NEX0000081,25/06/2026,31/08/2026,10,21/08/2026,900326,,7cf2c244-717e-42f2-a894-81eb4173c2d1,NIKE,134784,11,
DASS SEST714009588668110CM1585578915854326NEX000008120260625-1,OK,DASS SEST,7,140095,1304277,88668,ATAC. MR110022 7MM RECICLADO COR 4085/PET / COR 496/PET [04cbdab2-1b90-4178-94c4-369174d9d7b7],110CM,15855789,318,15854326NEX0000081,25/06/2026,31/08/2026,10,21/08/2026,900327,,04cbdab2-1b90-4178-94c4-369174d9d7b7,NIKE,134784,12,
DASS SEST714009588668115CM1585578915851098NBR328298520260625-1,OK,DASS SEST,7,140095,1304277,88668,ATAC. MR110022 7MM RECICLADO COR 4085/PET / COR 496/PET [5c28ad66-28a8-445e-9392-84caaab3102b],115CM,15855789,66,15851098NBR3282985,25/06/2026,31/08/2026,10,21/08/2026,900328,,5c28ad66-28a8-445e-9392-84caaab3102b,NIKE,134784,13,
DASS SEST714009588668115CM1585578915851100NBR328298520260625-1,OK,DASS SEST,7,140095,1304277,88668,ATAC. MR110022 7MM RECICLADO COR 4085/PET / COR 496/PET [e4f12ac7-6167-4a28-a59c-cc69d76f1fff],115CM,15855789,48,15851100NBR3282985,25/06/2026,31/08/2026,10,21/08/2026,900329,,e4f12ac7-6167-4a28-a59c-cc69d76f1fff,NIKE,134784,14,
DASS SEST714009588668115CM1585578915851101NBR328298520260625-1,OK,DASS SEST,7,140095,1304277,88668,ATAC. MR110022 7MM RECICLADO COR 4085/PET / COR 496/PET [a8554781-30cc-40c2-85cd-20b1404b9a9c],115CM,15855789,48,15851101NBR3282985,25/06/2026,31/08/2026,10,21/08/2026,900330,,a8554781-30cc-40c2-85cd-20b1404b9a9c,NIKE,134784,15,
DASS SEST714009588668115CM1585578915851088NBR328302320260625-1,OK,DASS SEST,7,140095,1304277,88668,ATAC. MR110022 7MM RECICLADO COR 4085/PET / COR 496/PET [70465ba9-e3d6-487a-b0e0-07ac9993efe8],115CM,15855789,656,15851088NBR3283023,25/06/2026,31/08/2026,10,21/08/2026,900331,,70465ba9-e3d6-487a-b0e0-07ac9993efe8,NIKE,134784,16,
DASS SEST714009588668115CM1585578915854332NEX000008020260625-1,OK,DASS SEST,7,140095,1304277,88668,ATAC. MR110022 7MM RECICLADO COR 4085/PET / COR 496/PET [e8577e50-bcf9-4270-bab0-067a3658d420],115CM,15855789,683,15854332NEX0000080,25/06/2026,31/08/2026,10,21/08/2026,900332,,e8577e50-bcf9-4270-bab0-067a3658d420,NIKE,134784,17,
DASS SEST714009588668115CM1585578915854333NEX000008020260625-1,OK,DASS SEST,7,140095,1304277,88668,ATAC. MR110022 7MM RECICLADO COR 4085/PET / COR 496/PET [583371f7-91c0-4832-a9a2-1e8b23e05c3f],115CM,15855789,672,15854333NEX0000080,25/06/2026,31/08/2026,10,21/08/2026,900333,,583371f7-91c0-4832-a9a2-1e8b23e05c3f,NIKE,134784,18,
DASS SEST714009588668115CM1585578915854334NEX000008020260625-1,OK,DASS SEST,7,140095,1304277,88668,ATAC. MR110022 7MM RECICLADO COR 4085/PET / COR 496/PET [6960e199-f44d-4ea1-80e6-4b556e8a64c0],115CM,15855789,660,15854334NEX0000080,25/06/2026,31/08/2026,10,21/08/2026,900334,,6960e199-f44d-4ea1-80e6-4b556e8a64c0,NIKE,134784,19,
DASS SEST714009588668115CM1585578915854335NEX000008020260625-1,OK,DASS SEST,7,140095,1304277,88668,ATAC. MR110022 7MM RECICLADO COR 4085/PET / COR 496/PET [0687a915-1974-491d-a21d-12324eb7adc5],115CM,15855789,690,15854335NEX0000080,25/06/2026,31/08/2026,10,21/08/2026,900335,,0687a915-1974-491d-a21d-12324eb7adc5,NIKE,134784,20,
DASS SEST714009588668115CM1585578915854323NEX000008120260625-1,OK,DASS SEST,7,140095,1304277,88668,ATAC. MR110022 7MM RECICLADO COR 4085/PET / COR 496/PET [6736a966-8850-4771-822d-b6375bb06942],115CM,15855789,1140,15854323NEX0000081,25/06/2026,31/08/2026,10,21/08/2026,900336,,6736a966-8850-4771-822d-b6375bb06942,NIKE,134784,21,
DASS SEST714009588668115CM1585578915854324NEX000008120260625-1,OK,DASS SEST,7,140095,1304277,88668,ATAC. MR110022 7MM RECICLADO COR 4085/PET / COR 496/PET [6e55ccee-cc51-4585-b172-7a759d6ffbe4],115CM,15855789,876,15854324NEX0000081,25/06/2026,31/08/2026,10,21/08/2026,900337,,6e55ccee-cc51-4585-b172-7a759d6ffbe4,NIKE,134784,22,
DASS SEST714009588668115CM1585578915854325NEX000008120260625-1,OK,DASS SEST,7,140095,1304277,88668,ATAC. MR110022 7MM RECICLADO COR 4085/PET / COR 496/PET [d2777892-1f73-4ec0-812f-fb28ccb84163],115CM,15855789,876,15854325NEX0000081,25/06/2026,31/08/2026,10,21/08/2026,900338,,d2777892-1f73-4ec0-812f-fb28ccb84163,NIKE,134784,23,
DASS SEST714009588668115CM1585578915854326NEX000008120260625-1,OK,DASS SEST,7,140095,1304277,88668,ATAC. MR110022 7MM RECICLADO COR 4085/PET / COR 496/PET [2b4db4eb-0353-4bf0-9fb7-1ae575e8bcf3],115CM,15855789,642,15854326NEX0000081,25/06/2026,31/08/2026,10,21/08/2026,900339,,2b4db4eb-0353-4bf0-9fb7-1ae575e8bcf3,NIKE,134784,24,
DASS SEST714009588668120CM1585578915851088NBR328302320260625-1,OK,DASS SEST,7,140095,1304277,88668,ATAC. MR110022 7MM RECICLADO COR 4085/PET / COR 496/PET [fc7f9505-d61f-4ff5-b8ec-bda4a128b30d],120CM,15855789,210,15851088NBR3283023,25/06/2026,31/08/2026,10,21/08/2026,900340,,fc7f9505-d61f-4ff5-b8ec-bda4a128b30d,NIKE,134784,25,
DASS SEST714009588668120CM1585578915854332NEX000008020260625-1,OK,DASS SEST,7,140095,1304277,88668,ATAC. MR110022 7MM RECICLADO COR 4085/PET / COR 496/PET [bf969654-153d-46ec-a867-33623b54a58f],120CM,15855789,204,15854332NEX0000080,25/06/2026,31/08/2026,10,21/08/2026,900341,,bf969654-153d-46ec-a867-33623b54a58f,NIKE,134784,26,
DASS SEST714009588668120CM1585578915854333NEX000008020260625-1,OK,DASS SEST,7,140095,1304277,88668,ATAC. MR110022 7MM RECICLADO COR 4085/PET / COR 496/PET [71d264b0-e905-4046-b94e-700bbe727bc7],120CM,15855789,204,15854333NEX0000080,25/06/2026,31/08/2026,10,21/08/2026,900342,,71d264b0-e905-4046-b94e-700bbe727bc7,NIKE,134784,27,
DASS SEST714009588668120CM1585578915854334NEX000008020260625-1,OK,DASS SEST,7,140095,1304277,88668,ATAC. MR110022 7MM RECICLADO COR 4085/PET / COR 496/PET [9f657beb-91ac-4dd7-9147-7d7a0f8d8229],120CM,15855789,204,15854334NEX0000080,25/06/2026,31/08/2026,10,21/08/2026,900343,,9f657beb-91ac-4dd7-9147-7d7a0f8d8229,NIKE,134784,28,
DASS SEST714009588668120CM1585578915854335NEX000008020260625-1,OK,DASS SEST,7,140095,1304277,88668,ATAC. MR110022 7MM RECICLADO COR 4085/PET / COR 496/PET [6feebfce-97eb-4fe8-a807-f3988e4a5c31],120CM,15855789,222,15854335NEX0000080,25/06/2026,31/08/2026,10,21/08/2026,900344,,6feebfce-97eb-4fe8-a807-f3988e4a5c31,NIKE,134784,29,
DASS SEST714009588668120CM1585578915854323NEX000008120260625-1,OK,DASS SEST,7,140095,1304277,88668,ATAC. MR110022 7MM RECICLADO COR 4085/PET / COR 496/PET [cf331417-f88e-4a61-bb51-8152ba46bbd9],120CM,15855789,252,15854323NEX0000081,25/06/2026,31/08/2026,10,21/08/2026,900345,,cf331417-f88e-4a61-bb51-8152ba46bbd9,NIKE,134784,30,
DASS SEST714009588668120CM1585578915854324NEX000008120260625-1,OK,DASS SEST,7,140095,1304277,88668,ATAC. MR110022 7MM RECICLADO COR 4085/PET / COR 496/PET [2cf6bfe4-dc29-41a2-9900-4a7914ac9eff],120CM,15855789,252,15854324NEX0000081,25/06/2026,31/08/2026,10,21/08/2026,900346,,2cf6bfe4-dc29-41a2-9900-4a7914ac9eff,NIKE,134784,31,
DASS SEST714009588668120CM1585578915854325NEX000008120260625-1,OK,DASS SEST,7,140095,1304277,88668,ATAC. MR110022 7MM RECICLADO COR 4085/PET / COR 496/PET [13c86f72-ec70-44bf-8f56-60f2bbc46159],120CM,15855789,240,15854325NEX0000081,25/06/2026,31/08/2026,10,21/08/2026,900347,,13c86f72-ec70-44bf-8f56-60f2bbc46159,NIKE,134784,32,
DASS SEST714009588668120CM1585578915854326NEX000008120260625-1,OK,DASS SEST,7,140095,1304277,88668,ATAC. MR110022 7MM RECICLADO COR 4085/PET / COR 496/PET [e06164a9-0350-4604-9134-30f7f1f0f1b7],120CM,15855789,270,15854326NEX0000081,25/06/2026,31/08/2026,10,21/08/2026,900348,,e06164a9-0350-4604-9134-30f7f1f0f1b7,NIKE,134784,33,
DASS SEST714009595026110CM1585578915854352NEX000008220260625-1,OK,DASS SEST,7,140095,1413117,95026,ATAC. MR110022 7MM RECICLADO COR 6146/PET / COR 492/PET [bed6ca8a-1bb1-4a46-b18f-79d3ccf2681b],110CM,15855789,192,15854352NEX0000082,25/06/2026,31/08/2026,10,21/08/2026,900349,,bed6ca8a-1bb1-4a46-b18f-79d3ccf2681b,NIKE,134784,34,
DASS SEST714009595026110CM1585578915854353NEX000008220260625-1,OK,DASS SEST,7,140095,1413117,95026,ATAC. MR110022 7MM RECICLADO COR 6146/PET / COR 492/PET [d3548042-958e-4576-9cb7-25800eaa53d2],110CM,15855789,228,15854353NEX0000082,25/06/2026,31/08/2026,10,21/08/2026,900350,,d3548042-958e-4576-9cb7-25800eaa53d2,NIKE,134784,35,
DASS SEST714009595026115CM1585578915854352NEX000008220260625-1,OK,DASS SEST,7,140095,1413117,95026,ATAC. MR110022 7MM RECICLADO COR 6146/PET / COR 492/PET [c8cc7292-6b87-4dbf-bdcc-781195a061cf],115CM,15855789,717,15854352NEX0000082,25/06/2026,31/08/2026,10,21/08/2026,900351,,c8cc7292-6b87-4dbf-bdcc-781195a061cf,NIKE,134784,36,
DASS SEST714009595026115CM1585578915854353NEX000008220260625-1,OK,DASS SEST,7,140095,1413117,95026,ATAC. MR110022 7MM RECICLADO COR 6146/PET / COR 492/PET [4514ac4c-d6af-414d-9b02-4b4dccfe7ac0],115CM,15855789,744,15854353NEX0000082,25/06/2026,31/08/2026,10,21/08/2026,900352,,4514ac4c-d6af-414d-9b02-4b4dccfe7ac0,NIKE,134784,37,
DASS SEST714009595026120CM1585578915854352NEX000008220260625-1,OK,DASS SEST,7,140095,1413117,95026,ATAC. MR110022 7MM RECICLADO COR 6146/PET / COR 492/PET [1e050ac1-bc0f-4505-94e1-7d63269cb11c],120CM,15855789,228,15854352NEX0000082,25/06/2026,31/08/2026,10,21/08/2026,900353,,1e050ac1-bc0f-4505-94e1-7d63269cb11c,NIKE,134784,38,
DASS SEST714009595026120CM1585578915854353NEX000008220260625-1,OK,DASS SEST,7,140095,1413117,95026,ATAC. MR110022 7MM RECICLADO COR 6146/PET / COR 492/PET [b1ee9ed7-3879-4c04-bf32-d532a0a3c2b8],120CM,15855789,240,15854353NEX0000082,25/06/2026,31/08/2026,10,21/08/2026,900354,,b1ee9ed7-3879-4c04-bf32-d532a0a3c2b8,NIKE,134784,39,
DASS SEST71400968262418MM1585644420260625-1,OK,DASS SEST,7,140096,1220520,82624,FITA MR100037 C/ GOMA RECICLADO COR 100/PET [42ecd346-5121-46e6-bc44-f01a0103251a],18MM,15856444,700,0,25/06/2026,31/08/2026,10,21/08/2026,900355,,42ecd346-5121-46e6-bc44-f01a0103251a,NIKE,134785,1,
DASS SEST714018982628100CM1587266715865456NBR328299720260626-1,OK,DASS SEST,7,140189,1188919,82628,ATAC. MR140014 6MM RECICLADO COR 4085/PET [201c9eb8-7162-47b3-b4da-162af06e1356],100CM,15872667,168,15865456NBR3282997,26/06/2026,31/08/2026,10,21/08/2026,900356,,201c9eb8-7162-47b3-b4da-162af06e1356,NIKE,134939,1,
DASS SEST714018982628100CM1587266715865457NBR328299720260626-1,OK,DASS SEST,7,140189,1188919,82628,ATAC. MR140014 6MM RECICLADO COR 4085/PET [367ee33c-4c6d-4ea6-b2ca-8a529d77bd16],100CM,15872667,204,15865457NBR3282997,26/06/2026,31/08/2026,10,21/08/2026,900357,,367ee33c-4c6d-4ea6-b2ca-8a529d77bd16,NIKE,134939,2,
DASS SEST714018982628100CM1587266715865491NBR328300020260626-1,OK,DASS SEST,7,140189,1188919,82628,ATAC. MR140014 6MM RECICLADO COR 4085/PET [771e7b6c-3683-4086-8100-b65791c5f271],100CM,15872667,210,15865491NBR3283000,26/06/2026,31/08/2026,10,21/08/2026,900358,,771e7b6c-3683-4086-8100-b65791c5f271,NIKE,134939,3,
DASS SEST714018982628105CM1587266715865451NBR328299020260626-1,OK,DASS SEST,7,140189,1188919,82628,ATAC. MR140014 6MM RECICLADO COR 4085/PET [be7c45c0-61f2-46a4-9f7e-3f63607f1f6d],105CM,15872667,252,15865451NBR3282990,26/06/2026,31/08/2026,10,21/08/2026,900359,,be7c45c0-61f2-46a4-9f7e-3f63607f1f6d,NIKE,134939,4,
DASS SEST714018982628105CM1587266715865452NBR328299020260626-1,OK,DASS SEST,7,140189,1188919,82628,ATAC. MR140014 6MM RECICLADO COR 4085/PET [f0a45315-e098-461c-af61-669dd2c187a8],105CM,15872667,246,15865452NBR3282990,26/06/2026,31/08/2026,10,21/08/2026,900360,,f0a45315-e098-461c-af61-669dd2c187a8,NIKE,134939,5,
DASS SEST714018982628105CM1587266715865456NBR328299720260626-1,OK,DASS SEST,7,140189,1188919,82628,ATAC. MR140014 6MM RECICLADO COR 4085/PET [0d2cab1d-43df-46f8-bbcb-059a2ddc08f2],105CM,15872667,578,15865456NBR3282997,26/06/2026,31/08/2026,10,21/08/2026,900361,,0d2cab1d-43df-46f8-bbcb-059a2ddc08f2,NIKE,134939,6,
DASS SEST714018982628105CM1587266715865457NBR328299720260626-1,OK,DASS SEST,7,140189,1188919,82628,ATAC. MR140014 6MM RECICLADO COR 4085/PET [1018fc51-1685-404f-85f1-bb7862684a99],105CM,15872667,612,15865457NBR3282997,26/06/2026,31/08/2026,10,21/08/2026,900362,,1018fc51-1685-404f-85f1-bb7862684a99,NIKE,134939,7,
DASS SEST714018982628105CM1587266715865491NBR328300020260626-1,OK,DASS SEST,7,140189,1188919,82628,ATAC. MR140014 6MM RECICLADO COR 4085/PET [325b57b4-2473-47f8-8158-bd8f52966c61],105CM,15872667,764,15865491NBR3283000,26/06/2026,31/08/2026,10,21/08/2026,900363,,325b57b4-2473-47f8-8158-bd8f52966c61,NIKE,134939,8,
DASS SEST714018982628110CM1587266715865451NBR328299020260626-1,OK,DASS SEST,7,140189,1188919,82628,ATAC. MR140014 6MM RECICLADO COR 4085/PET [50b31c58-2f14-4284-b782-a2f6e202cbd0],110CM,15872667,705,15865451NBR3282990,26/06/2026,31/08/2026,10,21/08/2026,900364,,50b31c58-2f14-4284-b782-a2f6e202cbd0,NIKE,134939,9,
DASS SEST714018982628110CM1587266715865452NBR328299020260626-1,OK,DASS SEST,7,140189,1188919,82628,ATAC. MR140014 6MM RECICLADO COR 4085/PET [6a678b31-7ca6-40be-81bd-d0f9e62119a4],110CM,15872667,714,15865452NBR3282990,26/06/2026,31/08/2026,10,21/08/2026,900365,,6a678b31-7ca6-40be-81bd-d0f9e62119a4,NIKE,134939,10,
DASS SEST714018982628110CM1587266715865456NBR328299720260626-1,OK,DASS SEST,7,140189,1188919,82628,ATAC. MR140014 6MM RECICLADO COR 4085/PET [998fb849-f6b8-4e65-baa8-c4b7e6325482],110CM,15872667,18,15865456NBR3282997,26/06/2026,31/08/2026,10,21/08/2026,900366,,998fb849-f6b8-4e65-baa8-c4b7e6325482,NIKE,134939,11,
DASS SEST714018982628110CM1587266715865457NBR328299720260626-1,OK,DASS SEST,7,140189,1188919,82628,ATAC. MR140014 6MM RECICLADO COR 4085/PET [35f767fe-e32a-48bc-8d62-bb0995686a3f],110CM,15872667,24,15865457NBR3282997,26/06/2026,31/08/2026,10,21/08/2026,900367,,35f767fe-e32a-48bc-8d62-bb0995686a3f,NIKE,134939,12,
DASS SEST714018982628110CM1587266715865491NBR328300020260626-1,OK,DASS SEST,7,140189,1188919,82628,ATAC. MR140014 6MM RECICLADO COR 4085/PET [34718ee9-343f-4e5c-8bcc-fd78a2fc9324],110CM,15872667,30,15865491NBR3283000,26/06/2026,31/08/2026,10,21/08/2026,900368,,34718ee9-343f-4e5c-8bcc-fd78a2fc9324,NIKE,134939,13,
DASS SEST714018982628115CM1587266715865451NBR328299020260626-1,OK,DASS SEST,7,140189,1188919,82628,ATAC. MR140014 6MM RECICLADO COR 4085/PET [c689bc07-08f9-4cbf-9db3-09fd0790c008],115CM,15872667,144,15865451NBR3282990,26/06/2026,31/08/2026,10,21/08/2026,900369,,c689bc07-08f9-4cbf-9db3-09fd0790c008,NIKE,134939,14,
DASS SEST714018982628115CM1587266715865452NBR328299020260626-1,OK,DASS SEST,7,140189,1188919,82628,ATAC. MR140014 6MM RECICLADO COR 4085/PET [9d7654da-a4b5-4fd5-bc86-3f6389cfacb9],115CM,15872667,174,15865452NBR3282990,26/06/2026,31/08/2026,10,21/08/2026,900370,,9d7654da-a4b5-4fd5-bc86-3f6389cfacb9,NIKE,134939,15,
DASS SEST714018985472100CM1587266715865500NBR328300420260626-1,OK,DASS SEST,7,140189,1269460,85472,ATAC. MR140014 6MM RECICLADO COR 5481/PET [de4c7891-8df6-4a1e-8a71-cf9baeb8802c],100CM,15872667,228,15865500NBR3283004,26/06/2026,31/08/2026,10,21/08/2026,900371,,de4c7891-8df6-4a1e-8a71-cf9baeb8802c,NIKE,134939,16,
DASS SEST714018985472100CM1587266715865501NBR328300420260626-1,OK,DASS SEST,7,140189,1269460,85472,ATAC. MR140014 6MM RECICLADO COR 5481/PET [1959b11d-a066-4332-99a6-d1a37febe165],100CM,15872667,252,15865501NBR3283004,26/06/2026,31/08/2026,10,21/08/2026,900372,,1959b11d-a066-4332-99a6-d1a37febe165,NIKE,134939,17,
DASS SEST714018985472100CM1587266715865502NBR328300620260626-1,OK,DASS SEST,7,140189,1269460,85472,ATAC. MR140014 6MM RECICLADO COR 5481/PET [fb6b42ff-00d4-4e36-9f3a-36f83353c2e7],100CM,15872667,228,15865502NBR3283006,26/06/2026,31/08/2026,10,21/08/2026,900373,,fb6b42ff-00d4-4e36-9f3a-36f83353c2e7,NIKE,134939,18,
DASS SEST714018985472100CM1587266715865503NBR328300620260626-1,OK,DASS SEST,7,140189,1269460,85472,ATAC. MR140014 6MM RECICLADO COR 5481/PET [75a58b1a-4957-4bfb-a28f-6dc58494b32a],100CM,15872667,252,15865503NBR3283006,26/06/2026,31/08/2026,10,21/08/2026,900374,,75a58b1a-4957-4bfb-a28f-6dc58494b32a,NIKE,134939,19,
DASS SEST714018985472105CM1587266715865500NBR328300420260626-1,OK,DASS SEST,7,140189,1269460,85472,ATAC. MR140014 6MM RECICLADO COR 5481/PET [8cab6ff0-962f-4668-b261-3d57684966bf],105CM,15872667,795,15865500NBR3283004,26/06/2026,31/08/2026,10,21/08/2026,900375,,8cab6ff0-962f-4668-b261-3d57684966bf,NIKE,134939,20,
DASS SEST714018985472105CM1587266715865501NBR328300420260626-1,OK,DASS SEST,7,140189,1269460,85472,ATAC. MR140014 6MM RECICLADO COR 5481/PET [143eb92e-7052-4b5e-8b04-982ddb946247],105CM,15872667,816,15865501NBR3283004,26/06/2026,31/08/2026,10,21/08/2026,900376,,143eb92e-7052-4b5e-8b04-982ddb946247,NIKE,134939,21,
DASS SEST714018985472105CM1587266715865502NBR328300620260626-1,OK,DASS SEST,7,140189,1269460,85472,ATAC. MR140014 6MM RECICLADO COR 5481/PET [53e7f55b-8bbd-4c40-9474-892c18e0297a],105CM,15872667,795,15865502NBR3283006,26/06/2026,31/08/2026,10,21/08/2026,900377,,53e7f55b-8bbd-4c40-9474-892c18e0297a,NIKE,134939,22,
DASS SEST714018985472105CM1587266715865503NBR328300620260626-1,OK,DASS SEST,7,140189,1269460,85472,ATAC. MR140014 6MM RECICLADO COR 5481/PET [362c904f-5f48-4dea-aa90-b64996464214],105CM,15872667,804,15865503NBR3283006,26/06/2026,31/08/2026,10,21/08/2026,900378,,362c904f-5f48-4dea-aa90-b64996464214,NIKE,134939,23,
DASS SEST714018985472110CM1587266715865500NBR328300420260626-1,OK,DASS SEST,7,140189,1269460,85472,ATAC. MR140014 6MM RECICLADO COR 5481/PET [aa8366c2-48f8-40e8-b68d-083fd23e5618],110CM,15872667,12,15865500NBR3283004,26/06/2026,31/08/2026,10,21/08/2026,900379,,aa8366c2-48f8-40e8-b68d-083fd23e5618,NIKE,134939,24,
DASS SEST714018985472110CM1587266715865501NBR328300420260626-1,OK,DASS SEST,7,140189,1269460,85472,ATAC. MR140014 6MM RECICLADO COR 5481/PET [31136ce5-9538-4d3a-bbb6-ba603f57fdc4],110CM,15872667,24,15865501NBR3283004,26/06/2026,31/08/2026,10,21/08/2026,900380,,31136ce5-9538-4d3a-bbb6-ba603f57fdc4,NIKE,134939,25,
DASS SEST714018985472110CM1587266715865502NBR328300620260626-1,OK,DASS SEST,7,140189,1269460,85472,ATAC. MR140014 6MM RECICLADO COR 5481/PET [92bc03a2-6410-44d1-90fc-4c8795c81c1d],110CM,15872667,12,15865502NBR3283006,26/06/2026,31/08/2026,10,21/08/2026,900381,,92bc03a2-6410-44d1-90fc-4c8795c81c1d,NIKE,134939,26,
DASS SEST714018985472110CM1587266715865503NBR328300620260626-1,OK,DASS SEST,7,140189,1269460,85472,ATAC. MR140014 6MM RECICLADO COR 5481/PET [7551f07a-3b50-44ec-9d0a-a2924cea9d31],110CM,15872667,24,15865503NBR3283006,26/06/2026,31/08/2026,10,21/08/2026,900382,,7551f07a-3b50-44ec-9d0a-a2924cea9d31,NIKE,134939,27,
DASS SEST714018995894105CM1587266715865466NBR328299220260626-1,OK,DASS SEST,7,140189,1425041,95894,ATAC. MR140014 6MM RECICLADO COR 6179/PET [9a083bce-6748-4c66-b0c7-f8c36e2562dd],105CM,15872667,156,15865466NBR3282992,26/06/2026,31/08/2026,10,21/08/2026,900383,,9a083bce-6748-4c66-b0c7-f8c36e2562dd,NIKE,134939,28,
DASS SEST714018995894105CM1587266715865467NBR328299220260626-1,OK,DASS SEST,7,140189,1425041,95894,ATAC. MR140014 6MM RECICLADO COR 6179/PET [82cfc3b5-5a30-4923-96ac-91a8cd7f9dee],105CM,15872667,204,15865467NBR3282992,26/06/2026,31/08/2026,10,21/08/2026,900384,,82cfc3b5-5a30-4923-96ac-91a8cd7f9dee,NIKE,134939,29,
DASS SEST714018995894110CM1587266715865466NBR328299220260626-1,OK,DASS SEST,7,140189,1425041,95894,ATAC. MR140014 6MM RECICLADO COR 6179/PET [439ed420-f677-42c5-a19b-96819e42a6bf],110CM,15872667,524,15865466NBR3282992,26/06/2026,31/08/2026,10,21/08/2026,900385,,439ed420-f677-42c5-a19b-96819e42a6bf,NIKE,134939,30,
DASS SEST714018995894110CM1587266715865467NBR328299220260626-1,OK,DASS SEST,7,140189,1425041,95894,ATAC. MR140014 6MM RECICLADO COR 6179/PET [68457f77-dcec-4046-ae9f-b76393cfdfa8],110CM,15872667,528,15865467NBR3282992,26/06/2026,31/08/2026,10,21/08/2026,900386,,68457f77-dcec-4046-ae9f-b76393cfdfa8,NIKE,134939,31,
DASS SEST714018995894115CM1587266715865466NBR328299220260626-1,OK,DASS SEST,7,140189,1425041,95894,ATAC. MR140014 6MM RECICLADO COR 6179/PET [47c016b9-3929-467e-aa3e-c43bcd8db470],115CM,15872667,120,15865466NBR3282992,26/06/2026,31/08/2026,10,21/08/2026,900387,,47c016b9-3929-467e-aa3e-c43bcd8db470,NIKE,134939,32,
DASS SEST714018995894115CM1587266715865467NBR328299220260626-1,OK,DASS SEST,7,140189,1425041,95894,ATAC. MR140014 6MM RECICLADO COR 6179/PET [dff700f0-49bd-4769-8ca8-567bbcf0c65f],115CM,15872667,156,15865467NBR3282992,26/06/2026,31/08/2026,10,21/08/2026,900388,,dff700f0-49bd-4769-8ca8-567bbcf0c65f,NIKE,134939,33,
DASS SEST714018995895105CM1587266715865468NBR328299320260626-1,OK,DASS SEST,7,140189,1425040,95895,ATAC. MR140014 6MM RECICLADO COR 6176/PET [1397e057-a3ee-4174-9304-7164b3f87e3e],105CM,15872667,156,15865468NBR3282993,26/06/2026,31/08/2026,10,21/08/2026,900389,,1397e057-a3ee-4174-9304-7164b3f87e3e,NIKE,134939,34,
DASS SEST714018995895105CM1587266715865469NBR328299320260626-1,OK,DASS SEST,7,140189,1425040,95895,ATAC. MR140014 6MM RECICLADO COR 6176/PET [dc60e040-e531-40cd-a16d-1d282d5f4416],105CM,15872667,150,15865469NBR3282993,26/06/2026,31/08/2026,10,21/08/2026,900390,,dc60e040-e531-40cd-a16d-1d282d5f4416,NIKE,134939,35,
DASS SEST714018995895105CM1587266715865470NBR328299420260626-1,OK,DASS SEST,7,140189,1425040,95895,ATAC. MR140014 6MM RECICLADO COR 6176/PET [bab7977f-532e-4c1a-ba2a-eba2a6e71e85],105CM,15872667,276,15865470NBR3282994,26/06/2026,31/08/2026,10,21/08/2026,900391,,bab7977f-532e-4c1a-ba2a-eba2a6e71e85,NIKE,134939,36,
DASS SEST714018995895105CM1587266715865471NBR328299420260626-1,OK,DASS SEST,7,140189,1425040,95895,ATAC. MR140014 6MM RECICLADO COR 6176/PET [26dab4b4-7e60-4c7f-9df4-a2545a45e39d],105CM,15872667,306,15865471NBR3282994,26/06/2026,31/08/2026,10,21/08/2026,900392,,26dab4b4-7e60-4c7f-9df4-a2545a45e39d,NIKE,134939,37,
DASS SEST714018995895110CM1587266715865468NBR328299320260626-1,OK,DASS SEST,7,140189,1425040,95895,ATAC. MR140014 6MM RECICLADO COR 6176/PET [4281ab7b-1161-4e28-929a-e7f36f788185],110CM,15872667,536,15865468NBR3282993,26/06/2026,31/08/2026,10,21/08/2026,900393,,4281ab7b-1161-4e28-929a-e7f36f788185,NIKE,134939,38,
DASS SEST714018995895110CM1587266715865469NBR328299320260626-1,OK,DASS SEST,7,140189,1425040,95895,ATAC. MR140014 6MM RECICLADO COR 6176/PET [3d12178a-7adf-4ec4-bc1b-753c1247db4c],110CM,15872667,552,15865469NBR3282993,26/06/2026,31/08/2026,10,21/08/2026,900394,,3d12178a-7adf-4ec4-bc1b-753c1247db4c,NIKE,134939,39,
DASS SEST714018995895110CM1587266715865470NBR328299420260626-1,OK,DASS SEST,7,140189,1425040,95895,ATAC. MR140014 6MM RECICLADO COR 6176/PET [a3122ef4-0d91-41aa-983f-67298f538edb],110CM,15872667,741,15865470NBR3282994,26/06/2026,31/08/2026,10,21/08/2026,900395,,a3122ef4-0d91-41aa-983f-67298f538edb,NIKE,134939,40,
DASS SEST714018995895110CM1587266715865471NBR328299420260626-1,OK,DASS SEST,7,140189,1425040,95895,ATAC. MR140014 6MM RECICLADO COR 6176/PET [c08462ab-f404-4110-a1fc-8c773df78e46],110CM,15872667,732,15865471NBR3282994,26/06/2026,31/08/2026,10,21/08/2026,900396,,c08462ab-f404-4110-a1fc-8c773df78e46,NIKE,134939,41,
DASS SEST714018995895115CM1587266715865468NBR328299320260626-1,OK,DASS SEST,7,140189,1425040,95895,ATAC. MR140014 6MM RECICLADO COR 6176/PET [e2cfc29d-23ff-42ce-ae98-878ef5cd3f1a],115CM,15872667,132,15865468NBR3282993,26/06/2026,31/08/2026,10,21/08/2026,900397,,e2cfc29d-23ff-42ce-ae98-878ef5cd3f1a,NIKE,134939,42,
DASS SEST714018995895115CM1587266715865469NBR328299320260626-1,OK,DASS SEST,7,140189,1425040,95895,ATAC. MR140014 6MM RECICLADO COR 6176/PET [d89417bf-09e3-43f0-a4ae-726bbe56e79e],115CM,15872667,162,15865469NBR3282993,26/06/2026,31/08/2026,10,21/08/2026,900398,,d89417bf-09e3-43f0-a4ae-726bbe56e79e,NIKE,134939,43,
DASS SEST714018995895115CM1587266715865470NBR328299420260626-1,OK,DASS SEST,7,140189,1425040,95895,ATAC. MR140014 6MM RECICLADO COR 6176/PET [a4ac0632-cc60-4d9b-aac1-9f0f68f1403a],115CM,15872667,204,15865470NBR3282994,26/06/2026,31/08/2026,10,21/08/2026,900399,,a4ac0632-cc60-4d9b-aac1-9f0f68f1403a,NIKE,134939,44,
DASS SEST714018995895115CM1587266715865471NBR328299420260626-1,OK,DASS SEST,7,140189,1425040,95895,ATAC. MR140014 6MM RECICLADO COR 6176/PET [ee0a95db-5058-46ab-ba82-6d28f784b98f],115CM,15872667,216,15865471NBR3282994,26/06/2026,31/08/2026,10,21/08/2026,900400,,ee0a95db-5058-46ab-ba82-6d28f784b98f,NIKE,134939,45,
DASS SEST714028895945100CM1587484215866732NBR328304820260630-1,OK,DASS SEST,7,140288,1454466,95945,ATAC. MR140014 6MM RECICLADO COR 6248/PET [e8ee3a7e-8977-4682-b5e8-293c766eecdf],100CM,15874842,204,15866732NBR3283048,30/06/2026,31/08/2026,10,21/08/2026,900401,,e8ee3a7e-8977-4682-b5e8-293c766eecdf,NIKE,135010,1,
DASS SEST714028895945100CM1587484215866733NBR328304820260630-1,OK,DASS SEST,7,140288,1454466,95945,ATAC. MR140014 6MM RECICLADO COR 6248/PET [320b61d9-94ef-4a19-b3da-2bec18b247ff],100CM,15874842,240,15866733NBR3283048,30/06/2026,31/08/2026,10,21/08/2026,900402,,320b61d9-94ef-4a19-b3da-2bec18b247ff,NIKE,135010,2,
DASS SEST714028895945105CM1587484215866732NBR328304820260630-1,OK,DASS SEST,7,140288,1454466,95945,ATAC. MR140014 6MM RECICLADO COR 6248/PET [99acac48-4539-4603-81e6-b1b57af67e7c],105CM,15874842,710,15866732NBR3283048,30/06/2026,31/08/2026,10,21/08/2026,900403,,99acac48-4539-4603-81e6-b1b57af67e7c,NIKE,135010,3,
DASS SEST714028895945105CM1587484215866733NBR328304820260630-1,OK,DASS SEST,7,140288,1454466,95945,ATAC. MR140014 6MM RECICLADO COR 6248/PET [f7b1d00f-a11e-42ef-9ab7-e6ff40905c79],105CM,15874842,744,15866733NBR3283048,30/06/2026,31/08/2026,10,21/08/2026,900404,,f7b1d00f-a11e-42ef-9ab7-e6ff40905c79,NIKE,135010,4,
DASS SEST714028895945110CM1587484215866732NBR328304820260630-1,OK,DASS SEST,7,140288,1454466,95945,ATAC. MR140014 6MM RECICLADO COR 6248/PET [1263753d-8f7d-4b1a-b7ed-8afca3910f5b],110CM,15874842,18,15866732NBR3283048,30/06/2026,31/08/2026,10,21/08/2026,900405,,1263753d-8f7d-4b1a-b7ed-8afca3910f5b,NIKE,135010,5,
DASS SEST71405738794616MM1590042420260707-1,OK,DASS SEST,7,140573,1316829,87946,FITA M31119 C/ GOMA POLIESTER COR 100/ COR 5535/ COR 102 [4494c954-9552-4e2e-8c06-c2aeba16359c],16MM,15900424,170,0,07/07/2026,31/08/2026,10,21/08/2026,900406,,4494c954-9552-4e2e-8c06-c2aeba16359c,FILA,135281,1,
DASS SEST71405738828616MM1590042420260707-1,OK,DASS SEST,7,140573,1324887,88286,FITA M31119 C/ GOMA POLIESTER COR 057/ COR 102/ COR 678 [e35cb5cb-c061-43a2-a97b-78eb33bed90b],16MM,15900424,140,0,07/07/2026,31/08/2026,10,21/08/2026,900407,,e35cb5cb-c061-43a2-a97b-78eb33bed90b,FILA,135281,2,
DASS SEST71405739514516MM1590042420260707-1,OK,DASS SEST,7,140573,1401826,95145,FITA M31119 C/ GOMA POLIESTER COR 6002 / COR 5508 / COR 5508 [ef8343c3-fefa-4429-bbb8-df79513a2e49],16MM,15900424,220,0,07/07/2026,31/08/2026,10,21/08/2026,900408,,ef8343c3-fefa-4429-bbb8-df79513a2e49,FILA,135281,3,
DASS SEST71405739514616MM1590042420260707-1,OK,DASS SEST,7,140573,1400623,95146,FITA M31119 C/ GOMA POLIESTER COR 447 / COR 114 / COR 114 [a5e09367-ac45-447e-a038-cb3a93306d7d],16MM,15900424,430,0,07/07/2026,31/08/2026,10,21/08/2026,900409,,a5e09367-ac45-447e-a038-cb3a93306d7d,FILA,135281,4,
DASS SEST714057481667120CM1590048715888625ARG201996-20260707-1,OK,DASS SEST,7,140574,1159608,81667,ATAC. M15041 POLIESTER COR 100 [0dc6ded6-eee6-4066-9536-1398ff3398cc],120CM,15900487,768,15888625ARG201996-,07/07/2026,31/08/2026,10,21/08/2026,900410,,0dc6ded6-eee6-4066-9536-1398ff3398cc,FILA,135282,1,
DASS SEST714057481667120CM1590048715888627ARG201996-20260707-1,OK,DASS SEST,7,140574,1159608,81667,ATAC. M15041 POLIESTER COR 100 [b89e72ed-5c41-426a-9cbe-b432fadb7cc8],120CM,15900487,768,15888627ARG201996-,07/07/2026,31/08/2026,10,21/08/2026,900411,,b89e72ed-5c41-426a-9cbe-b432fadb7cc8,FILA,135282,2,
DASS SEST714057481667130CM1590048715888625ARG201996-20260707-1,OK,DASS SEST,7,140574,1159608,81667,ATAC. M15041 POLIESTER COR 100 [54e8b67e-f554-45f9-be61-bdef2951ddcd],130CM,15900487,192,15888625ARG201996-,07/07/2026,31/08/2026,10,21/08/2026,900412,,54e8b67e-f554-45f9-be61-bdef2951ddcd,FILA,135282,3,
DASS SEST714057481667130CM1590048715888627ARG201996-20260707-1,OK,DASS SEST,7,140574,1159608,81667,ATAC. M15041 POLIESTER COR 100 [89c9f132-7eae-48c8-829f-447ae5404195],130CM,15900487,192,15888627ARG201996-,07/07/2026,31/08/2026,10,21/08/2026,900413,,89c9f132-7eae-48c8-829f-447ae5404195,FILA,135282,4,
DASS SEST71405759530016MM1590102320260707-1,OK,DASS SEST,7,140575,1416744,95300,FITA M31119 C/ GOMA POLIESTER COR 814 / COR 100 / COR 100 [ac6c9680-da2b-4df6-9097-81dfd89a179e],16MM,15901023,10,0,07/07/2026,31/08/2026,10,21/08/2026,900414,,ac6c9680-da2b-4df6-9097-81dfd89a179e,FILA,135283,1,
DASS SEST714075386978105CM1591517615903732NBR328301420260710-1,OK,DASS SEST,7,140753,1299257,86978,ATAC. MR130027 6MM RECICLADO COR 4085/PET [bd1edf9c-ec3b-41a3-bf4c-e43d44198c77],105CM,15915176,420,15903732NBR3283014,10/07/2026,31/08/2026,10,21/08/2026,900415,,bd1edf9c-ec3b-41a3-bf4c-e43d44198c77,NIKE,135470,1,
DASS SEST714075386978105CM1591517615903734NBR328301420260710-1,OK,DASS SEST,7,140753,1299257,86978,ATAC. MR130027 6MM RECICLADO COR 4085/PET [2fd3eda6-7504-4090-9e73-94bdae3c12c2],105CM,15915176,408,15903734NBR3283014,10/07/2026,31/08/2026,10,21/08/2026,900416,,2fd3eda6-7504-4090-9e73-94bdae3c12c2,NIKE,135470,2,
DASS SEST714075386978105CM1591517615903735NBR328301420260710-1,OK,DASS SEST,7,140753,1299257,86978,ATAC. MR130027 6MM RECICLADO COR 4085/PET [e087806c-8b0c-4874-9bff-f0ef95ac1e87],105CM,15915176,420,15903735NBR3283014,10/07/2026,31/08/2026,10,21/08/2026,900417,,e087806c-8b0c-4874-9bff-f0ef95ac1e87,NIKE,135470,3,
DASS SEST714075386978110CM1591517615903732NBR328301420260710-1,OK,DASS SEST,7,140753,1299257,86978,ATAC. MR130027 6MM RECICLADO COR 4085/PET [24c59652-4ccb-45f2-9427-076f6e480a39],110CM,15915176,507,15903732NBR3283014,10/07/2026,31/08/2026,10,21/08/2026,900418,,24c59652-4ccb-45f2-9427-076f6e480a39,NIKE,135470,4,
DASS SEST714075386978110CM1591517615903734NBR328301420260710-1,OK,DASS SEST,7,140753,1299257,86978,ATAC. MR130027 6MM RECICLADO COR 4085/PET [b8a00482-20e9-45e8-b3c7-7818f6188f70],110CM,15915176,492,15903734NBR3283014,10/07/2026,31/08/2026,10,21/08/2026,900419,,b8a00482-20e9-45e8-b3c7-7818f6188f70,NIKE,135470,5,
DASS SEST714075386978110CM1591517615903735NBR328301420260710-1,OK,DASS SEST,7,140753,1299257,86978,ATAC. MR130027 6MM RECICLADO COR 4085/PET [1590c941-3f78-4293-9355-96075b581ba1],110CM,15915176,516,15903735NBR3283014,10/07/2026,31/08/2026,10,21/08/2026,900420,,1590c941-3f78-4293-9355-96075b581ba1,NIKE,135470,6,
DASS SEST714075386978110CM1591517615903670NBR328302520260710-1,OK,DASS SEST,7,140753,1299257,86978,ATAC. MR130027 6MM RECICLADO COR 4085/PET [ef5ab1dc-592e-4437-a0a0-5ab789f99d41],110CM,15915176,108,15903670NBR3283025,10/07/2026,31/08/2026,10,21/08/2026,900421,,ef5ab1dc-592e-4437-a0a0-5ab789f99d41,NIKE,135470,7,
DASS SEST714075386978110CM1591517615903671NBR328302520260710-1,OK,DASS SEST,7,140753,1299257,86978,ATAC. MR130027 6MM RECICLADO COR 4085/PET [ddb4af33-793d-45c7-b8c7-3cad1cfd2591],110CM,15915176,72,15903671NBR3283025,10/07/2026,31/08/2026,10,21/08/2026,900422,,ddb4af33-793d-45c7-b8c7-3cad1cfd2591,NIKE,135470,8,
DASS SEST714075386978110CM1591517615903672NBR328302520260710-1,OK,DASS SEST,7,140753,1299257,86978,ATAC. MR130027 6MM RECICLADO COR 4085/PET [39a2e3b6-4db2-49d3-99cc-7bc0ed767f62],110CM,15915176,90,15903672NBR3283025,10/07/2026,31/08/2026,10,21/08/2026,900423,,39a2e3b6-4db2-49d3-99cc-7bc0ed767f62,NIKE,135470,9,
DASS SEST714075386978115CM1591517615903732NBR328301420260710-1,OK,DASS SEST,7,140753,1299257,86978,ATAC. MR130027 6MM RECICLADO COR 4085/PET [f6103ad7-e985-49ba-b526-f3fcdc64940f],115CM,15915176,72,15903732NBR3283014,10/07/2026,31/08/2026,10,21/08/2026,900424,,f6103ad7-e985-49ba-b526-f3fcdc64940f,NIKE,135470,10,
DASS SEST714075386978115CM1591517615903734NBR328301420260710-1,OK,DASS SEST,7,140753,1299257,86978,ATAC. MR130027 6MM RECICLADO COR 4085/PET [07b508c3-ec78-49c8-a4fd-9a9229055075],115CM,15915176,60,15903734NBR3283014,10/07/2026,31/08/2026,10,21/08/2026,900425,,07b508c3-ec78-49c8-a4fd-9a9229055075,NIKE,135470,11,
DASS SEST714075386978115CM1591517615903735NBR328301420260710-1,OK,DASS SEST,7,140753,1299257,86978,ATAC. MR130027 6MM RECICLADO COR 4085/PET [8444087b-9ea6-4ca9-b683-826e8d5966d3],115CM,15915176,60,15903735NBR3283014,10/07/2026,31/08/2026,10,21/08/2026,900426,,8444087b-9ea6-4ca9-b683-826e8d5966d3,NIKE,135470,12,
DASS SEST714075386978115CM1591517615903670NBR328302520260710-1,OK,DASS SEST,7,140753,1299257,86978,ATAC. MR130027 6MM RECICLADO COR 4085/PET [38a72a55-d561-424d-a4ba-6c0dd34dd472],115CM,15915176,735,15903670NBR3283025,10/07/2026,31/08/2026,10,21/08/2026,900427,,38a72a55-d561-424d-a4ba-6c0dd34dd472,NIKE,135470,13,
DASS SEST714075386978115CM1591517615903671NBR328302520260710-1,OK,DASS SEST,7,140753,1299257,86978,ATAC. MR130027 6MM RECICLADO COR 4085/PET [99e55b2e-5b29-4f37-8449-0659d97bdcaf],115CM,15915176,552,15903671NBR3283025,10/07/2026,31/08/2026,10,21/08/2026,900428,,99e55b2e-5b29-4f37-8449-0659d97bdcaf,NIKE,135470,14,
DASS SEST714075386978115CM1591517615903672NBR328302520260710-1,OK,DASS SEST,7,140753,1299257,86978,ATAC. MR130027 6MM RECICLADO COR 4085/PET [2c49cd3d-051a-48c7-938d-ce8db790d224],115CM,15915176,378,15903672NBR3283025,10/07/2026,31/08/2026,10,21/08/2026,900429,,2c49cd3d-051a-48c7-938d-ce8db790d224,NIKE,135470,15,
DASS SEST714075386978120CM1591517615903670NBR328302520260710-1,OK,DASS SEST,7,140753,1299257,86978,ATAC. MR130027 6MM RECICLADO COR 4085/PET [114efee5-16b7-4404-9e05-7c0e5b3e9ca3],120CM,15915176,156,15903670NBR3283025,10/07/2026,31/08/2026,10,21/08/2026,900430,,114efee5-16b7-4404-9e05-7c0e5b3e9ca3,NIKE,135470,16,
DASS SEST714075386978120CM1591517615903671NBR328302520260710-1,OK,DASS SEST,7,140753,1299257,86978,ATAC. MR130027 6MM RECICLADO COR 4085/PET [37d8f343-bb30-485f-b864-3ebea8260a8d],120CM,15915176,156,15903671NBR3283025,10/07/2026,31/08/2026,10,21/08/2026,900431,,37d8f343-bb30-485f-b864-3ebea8260a8d,NIKE,135470,17,
DASS SEST714075386978120CM1591517615903672NBR328302520260710-1,OK,DASS SEST,7,140753,1299257,86978,ATAC. MR130027 6MM RECICLADO COR 4085/PET [28d524d3-65d3-4993-aff5-8c732771109b],120CM,15915176,186,15903672NBR3283025,10/07/2026,31/08/2026,10,21/08/2026,900432,,28d524d3-65d3-4993-aff5-8c732771109b,NIKE,135470,18,
DASS SEST714075395799105CM1591517615903739NBR328293920260710-1,OK,DASS SEST,7,140753,1424088,95799,ATAC. MR130027 6MM RECICLADO COR 5820/PET [47cb9b80-0a0e-4a32-b03a-b78c1abeb190],105CM,15915176,582,15903739NBR3282939,10/07/2026,31/08/2026,10,21/08/2026,900433,,47cb9b80-0a0e-4a32-b03a-b78c1abeb190,NIKE,135470,19,
DASS SEST714075395799110CM1591517615903739NBR328293920260710-1,OK,DASS SEST,7,140753,1424088,95799,ATAC. MR130027 6MM RECICLADO COR 5820/PET [917b796e-d5b1-4801-a848-84c5b50eb048],110CM,15915176,656,15903739NBR3282939,10/07/2026,31/08/2026,10,21/08/2026,900434,,917b796e-d5b1-4801-a848-84c5b50eb048,NIKE,135470,20,
DASS SEST714075395799115CM1591517615903739NBR328293920260710-1,OK,DASS SEST,7,140753,1424088,95799,ATAC. MR130027 6MM RECICLADO COR 5820/PET [4856ed35-2f8a-48ab-ab22-c786ae18fa5d],115CM,15915176,36,15903739NBR3282939,10/07/2026,31/08/2026,10,21/08/2026,900435,,4856ed35-2f8a-48ab-ab22-c786ae18fa5d,NIKE,135470,21,
DASS SEST714094692568110CM1594408315941789NBR328331220260717-1,OK,DASS SEST,7,140946,1027849,92568,ATAC. MR110012 8MM RECICLADO COR 4085/PET [cf08572b-76b0-44a0-a187-ae0aa000bec5],110CM,15944083,318,15941789NBR3283312,17/07/2026,31/08/2026,10,21/08/2026,900436,,cf08572b-76b0-44a0-a187-ae0aa000bec5,NIKE,135633,1,
DASS SEST714094692568110CM1594408315941790NBR328331220260717-1,OK,DASS SEST,7,140946,1027849,92568,ATAC. MR110012 8MM RECICLADO COR 4085/PET [984fc852-3406-49f4-b7d6-10550bc1ea30],110CM,15944083,336,15941790NBR3283312,17/07/2026,31/08/2026,10,21/08/2026,900437,,984fc852-3406-49f4-b7d6-10550bc1ea30,NIKE,135633,2,
DASS SEST714094692568115CM1594408315941780NBR328329320260717-1,OK,DASS SEST,7,140946,1027849,92568,ATAC. MR110012 8MM RECICLADO COR 4085/PET [f57e6d34-3f31-4ffd-be63-9fa6709be5e3],115CM,15944083,216,15941780NBR3283293,17/07/2026,31/08/2026,10,21/08/2026,900438,,f57e6d34-3f31-4ffd-be63-9fa6709be5e3,NIKE,135633,3,
DASS SEST714094692568115CM1594408315941781NBR328329320260717-1,OK,DASS SEST,7,140946,1027849,92568,ATAC. MR110012 8MM RECICLADO COR 4085/PET [cbbdacd3-d32c-4c09-83c0-dd67745b77a2],115CM,15944083,216,15941781NBR3283293,17/07/2026,31/08/2026,10,21/08/2026,900439,,cbbdacd3-d32c-4c09-83c0-dd67745b77a2,NIKE,135633,4,
DASS SEST714094692568115CM1594408315941789NBR328331220260717-1,OK,DASS SEST,7,140946,1027849,92568,ATAC. MR110012 8MM RECICLADO COR 4085/PET [190bcb3f-319d-4274-8e49-e153b99c5627],115CM,15944083,434,15941789NBR3283312,17/07/2026,31/08/2026,10,21/08/2026,900440,,190bcb3f-319d-4274-8e49-e153b99c5627,NIKE,135633,5,
DASS SEST714094692568115CM1594408315941790NBR328331220260717-1,OK,DASS SEST,7,140946,1027849,92568,ATAC. MR110012 8MM RECICLADO COR 4085/PET [7ae88c96-68f4-431d-8c81-02b5303c49f1],115CM,15944083,444,15941790NBR3283312,17/07/2026,31/08/2026,10,21/08/2026,900441,,7ae88c96-68f4-431d-8c81-02b5303c49f1,NIKE,135633,6,
DASS SEST714094692568120CM1594408315941780NBR328329320260717-1,OK,DASS SEST,7,140946,1027849,92568,ATAC. MR110012 8MM RECICLADO COR 4085/PET [dff8c877-7b7a-4ee0-b8b8-88cfaa051163],120CM,15944083,584,15941780NBR3283293,17/07/2026,31/08/2026,10,21/08/2026,900442,,dff8c877-7b7a-4ee0-b8b8-88cfaa051163,NIKE,135633,7,
DASS SEST714094692568120CM1594408315941781NBR328329320260717-1,OK,DASS SEST,7,140946,1027849,92568,ATAC. MR110012 8MM RECICLADO COR 4085/PET [cc703df5-1937-4eb1-8ca6-c090c0eb778d],120CM,15944083,624,15941781NBR3283293,17/07/2026,31/08/2026,10,21/08/2026,900443,,cc703df5-1937-4eb1-8ca6-c090c0eb778d,NIKE,135633,8,
DASS SEST714094693696135CM1594408315941797NBR328328520260717-1,OK,DASS SEST,7,140946,1069210,93696,ATAC. MR110029 RECICLADO COR 4085/PET [73d096a4-eeb7-4e02-89a3-7a557b92e68c],135CM,15944083,734,15941797NBR3283285,17/07/2026,31/08/2026,10,21/08/2026,900444,,73d096a4-eeb7-4e02-89a3-7a557b92e68c,NIKE,135633,9,
DASS SEST714094693696135CM1594408315941798NBR328328520260717-1,OK,DASS SEST,7,140946,1069210,93696,ATAC. MR110029 RECICLADO COR 4085/PET [736e90cd-3483-4227-a7c3-fb449ae2b359],135CM,15944083,726,15941798NBR3283285,17/07/2026,31/08/2026,10,21/08/2026,900445,,736e90cd-3483-4227-a7c3-fb449ae2b359,NIKE,135633,10,
DASS SEST714094693696140CM1594408315941797NBR328328520260717-1,OK,DASS SEST,7,140946,1069210,93696,ATAC. MR110029 RECICLADO COR 4085/PET [f17f4a03-8c62-47e8-a845-e31e25f823d5],140CM,15944083,144,15941797NBR3283285,17/07/2026,31/08/2026,10,21/08/2026,900446,,f17f4a03-8c62-47e8-a845-e31e25f823d5,NIKE,135633,11,
DASS SEST714094693696140CM1594408315941798NBR328328520260717-1,OK,DASS SEST,7,140946,1069210,93696,ATAC. MR110029 RECICLADO COR 4085/PET [04a22c46-1120-44be-ba3d-074431b0398f],140CM,15944083,162,15941798NBR3283285,17/07/2026,31/08/2026,10,21/08/2026,900447,,04a22c46-1120-44be-ba3d-074431b0398f,NIKE,135633,12,
DASS SEST71409807401410MM1595227220260720-1,OK,DASS SEST,7,140980,965421,74014,FITA MFGP C/ GOMA POLIESTER COR 4085 [0fef678e-5b09-4921-b8ee-cb8f77889e8d],10MM,15952272,430,0,20/07/2026,31/08/2026,10,21/08/2026,900448,,0fef678e-5b09-4921-b8ee-cb8f77889e8d,NIKE,135667,1,
DASS SEST71409809153510MM1595227220260720-1,OK,DASS SEST,7,140980,1341133,91535,FITA MFGP C/ GOMA POLIESTER COR 5149 [0c12793f-7324-4e48-839d-7345ad2a0f18],10MM,15952272,260,0,20/07/2026,31/08/2026,10,21/08/2026,900449,,0c12793f-7324-4e48-839d-7345ad2a0f18,NIKE,135667,2,
DASS SEST714098696158115CM1595353215941805NBR328329020260720-1,OK,DASS SEST,7,140986,1425209,96158,ATAC. MR110012 8MM POLIESTER COR 5845/PET [b86116a5-ecd0-4dc1-a21a-2fc776b27616],115CM,15953532,324,15941805NBR3283290,20/07/2026,31/08/2026,10,21/08/2026,900450,,b86116a5-ecd0-4dc1-a21a-2fc776b27616,NIKE,135673,1,
DASS SEST714098696158120CM1595353215941805NBR328329020260720-1,OK,DASS SEST,7,140986,1425209,96158,ATAC. MR110012 8MM POLIESTER COR 5845/PET [8f32d10f-a51d-475e-842c-052e68d06e0b],120CM,15953532,908,15941805NBR3283290,20/07/2026,31/08/2026,10,21/08/2026,900451,,8f32d10f-a51d-475e-842c-052e68d06e0b,NIKE,135673,2,
DASS SEST714098695611130CM1595353215941799NBR328327920260720-1,OK,DASS SEST,7,140986,1425323,95611,ATAC. MR110029 RECICLADO COR 4758/1PET [91734aee-f2bb-4187-9de4-31a80ff55463],130CM,15953532,348,15941799NBR3283279,20/07/2026,31/08/2026,10,21/08/2026,900452,,91734aee-f2bb-4187-9de4-31a80ff55463,NIKE,135673,3,
DASS SEST714098695611130CM1595353215941800NBR328327920260720-1,OK,DASS SEST,7,140986,1425323,95611,ATAC. MR110029 RECICLADO COR 4758/1PET [ca493efb-0e6c-4119-bfad-ba2305552681],130CM,15953532,378,15941800NBR3283279,20/07/2026,31/08/2026,10,21/08/2026,900453,,ca493efb-0e6c-4119-bfad-ba2305552681,NIKE,135673,4,
DASS SEST714098695611135CM1595353215941799NBR328327920260720-1,OK,DASS SEST,7,140986,1425323,95611,ATAC. MR110029 RECICLADO COR 4758/1PET [e426b40c-0cf2-4975-9aa6-8a57b081f2ef],135CM,15953532,422,15941799NBR3283279,20/07/2026,31/08/2026,10,21/08/2026,900454,,e426b40c-0cf2-4975-9aa6-8a57b081f2ef,NIKE,135673,5,
DASS SEST714098695611135CM1595353215941800NBR328327920260720-1,OK,DASS SEST,7,140986,1425323,95611,ATAC. MR110029 RECICLADO COR 4758/1PET [121be1ae-2caa-46e4-830e-0bc62efd032c],135CM,15953532,426,15941800NBR3283279,20/07/2026,31/08/2026,10,21/08/2026,900455,,121be1ae-2caa-46e4-830e-0bc62efd032c,NIKE,135673,6,
DASS SEST714098696159130CM1595353215941801NBR328328320260720-1,OK,DASS SEST,7,140986,1425322,96159,ATAC. MR110029 RECICLADO COR 6216/PET [a4abe19a-bad0-4a44-8805-06e935a6845a],130CM,15953532,468,15941801NBR3283283,20/07/2026,31/08/2026,10,21/08/2026,900456,,a4abe19a-bad0-4a44-8805-06e935a6845a,NIKE,135673,7,
DASS SEST714098696159130CM1595353215941802NBR328328320260720-1,OK,DASS SEST,7,140986,1425322,96159,ATAC. MR110029 RECICLADO COR 6216/PET [a05d0182-6f5e-4a4e-a2a1-d4a89e485ca9],130CM,15953532,468,15941802NBR3283283,20/07/2026,31/08/2026,10,21/08/2026,900457,,a05d0182-6f5e-4a4e-a2a1-d4a89e485ca9,NIKE,135673,8,
DASS SEST714098696159130CM1595353215941804NBR328328320260720-1,OK,DASS SEST,7,140986,1425322,96159,ATAC. MR110029 RECICLADO COR 6216/PET [591060f9-4fcd-4e9c-9264-df1c010c0aa6],130CM,15953532,498,15941804NBR3283283,20/07/2026,31/08/2026,10,21/08/2026,900458,,591060f9-4fcd-4e9c-9264-df1c010c0aa6,NIKE,135673,9,
DASS SEST714098696159135CM1595353215941801NBR328328320260720-1,OK,DASS SEST,7,140986,1425322,96159,ATAC. MR110029 RECICLADO COR 6216/PET [155af84e-ae77-42d2-b365-c206f542eb4a],135CM,15953532,525,15941801NBR3283283,20/07/2026,31/08/2026,10,21/08/2026,900459,,155af84e-ae77-42d2-b365-c206f542eb4a,NIKE,135673,10,
DASS SEST714098696159135CM1595353215941802NBR328328320260720-1,OK,DASS SEST,7,140986,1425322,96159,ATAC. MR110029 RECICLADO COR 6216/PET [66abef90-94e3-4648-b050-f9aecdbd018c],135CM,15953532,504,15941802NBR3283283,20/07/2026,31/08/2026,10,21/08/2026,900460,,66abef90-94e3-4648-b050-f9aecdbd018c,NIKE,135673,11,
DASS SEST714098696159135CM1595353215941804NBR328328320260720-1,OK,DASS SEST,7,140986,1425322,96159,ATAC. MR110029 RECICLADO COR 6216/PET [49697158-4a0f-4d68-a627-a30236f269a1],135CM,15953532,540,15941804NBR3283283,20/07/2026,31/08/2026,10,21/08/2026,900461,,49697158-4a0f-4d68-a627-a30236f269a1,NIKE,135673,12,
DASS SEST71413788907012MM1599112620260730-1,OK,DASS SEST,7,141378,1287984,89070,FITA M41476 C/ GOMA POLIESTER COR 114/ COR 5508 [a94d18b2-cd02-47a3-b39f-5505960f241f],12MM,15991126,160,0,30/07/2026,31/08/2026,10,21/08/2026,900462,,a94d18b2-cd02-47a3-b39f-5505960f241f,FILA,136030,1,NORMAL
DASS SEST71413789371912MM1599112620260730-1,OK,DASS SEST,7,141378,1417935,93719,FITA M41476 C/ GOMA POLIESTER COR 008 / COR 114 [b013b020-fb8f-438a-bcf5-ed1126bfd9ff],12MM,15991126,10,0,30/07/2026,31/08/2026,10,21/08/2026,900463,,b013b020-fb8f-438a-bcf5-ed1126bfd9ff,FILA,136030,2,NORMAL
DASS SEST71413789504512MM1599112620260730-1,OK,DASS SEST,7,141378,1287983,95045,FITA M41476 C/ GOMA POLIESTER COR 100 / COR 5508 [aa99cbb3-42d1-4db0-983c-abbfe97b8eb1],12MM,15991126,160,0,30/07/2026,31/08/2026,10,21/08/2026,900464,,aa99cbb3-42d1-4db0-983c-abbfe97b8eb1,FILA,136030,3,NORMAL
DASS SEST71413788603112MM1599112620260730-1,OK,DASS SEST,7,141378,1268009,86031,FITA MFGP C/ GOMA POLIESTER COR 5512 [4f724e84-48b0-4099-abf2-6da6641fdf66],12MM,15991126,230,0,30/07/2026,31/08/2026,10,21/08/2026,900465,,4f724e84-48b0-4099-abf2-6da6641fdf66,FILA,136030,4,NORMAL
DASS SEST71413788752012MM1599112620260730-1,OK,DASS SEST,7,141378,1314368,87520,FITA MFGP C/ GOMA POLIESTER COR 324 [34015980-848a-4c37-bee3-8809da5e2c80],12MM,15991126,110,0,30/07/2026,31/08/2026,10,21/08/2026,900466,,34015980-848a-4c37-bee3-8809da5e2c80,FILA,136030,5,NORMAL
DASS SEST71413789223312MM1599112620260730-1,OK,DASS SEST,7,141378,1357637,92233,FITA MFGP C/ GOMA POLIESTER COR 5834 [f0c80ae9-b13e-450f-882b-d7155a978ebb],12MM,15991126,100,0,30/07/2026,31/08/2026,10,21/08/2026,900467,,f0c80ae9-b13e-450f-882b-d7155a978ebb,FILA,136030,6,NORMAL
DASS SEST71413789327412MM1599112620260730-1,OK,DASS SEST,7,141378,1409206,93274,FITA MFGP C/ GOMA POLIESTER COR 458 [0e64d552-9aa7-4fc4-90dd-949730e84791],12MM,15991126,90,0,30/07/2026,31/08/2026,10,21/08/2026,900468,,0e64d552-9aa7-4fc4-90dd-949730e84791,FILA,136030,7,NORMAL
DASS SEST71413789328612MM1599112620260730-1,OK,DASS SEST,7,141378,1385046,93286,FITA MFGP C/ GOMA POLIESTER COR 6038 [c1f7ca88-6085-483e-a96e-9b6e586430df],12MM,15991126,110,0,30/07/2026,31/08/2026,10,21/08/2026,900469,,c1f7ca88-6085-483e-a96e-9b6e586430df,FILA,136030,8,NORMAL
DASS SEST71413789328712MM1599112620260730-1,OK,DASS SEST,7,141378,1409207,93287,FITA MFGP C/ GOMA POLIESTER COR 5758 [b8779216-d177-4259-b399-1fb0554087db],12MM,15991126,90,0,30/07/2026,31/08/2026,10,21/08/2026,900470,,b8779216-d177-4259-b399-1fb0554087db,FILA,136030,9,NORMAL
DASS SEST71413799504680CM1599115215985578BR31488220260730-1,OK,DASS SEST,7,141379,1409191,95046,ATAC. M10110 5MM POLIESTER COR 100 / COR 5535 [e0f9ad51-6bca-4ae4-aaf2-a1df184a7353],80CM,15991152,24,15985578BR314882,30/07/2026,31/08/2026,10,21/08/2026,900471,,e0f9ad51-6bca-4ae4-aaf2-a1df184a7353,FILA,136031,1,NORMAL
DASS SEST71413799504690CM1599115215985578BR31488220260730-1,OK,DASS SEST,7,141379,1409191,95046,ATAC. M10110 5MM POLIESTER COR 100 / COR 5535 [b6cb5dba-7f81-4d40-89c4-2c0be36efab5],90CM,15991152,228,15985578BR314882,30/07/2026,31/08/2026,10,21/08/2026,900472,,b6cb5dba-7f81-4d40-89c4-2c0be36efab5,FILA,136031,2,NORMAL
DASS SEST714137995046100CM1599115215985578BR31488220260730-1,OK,DASS SEST,7,141379,1409191,95046,ATAC. M10110 5MM POLIESTER COR 100 / COR 5535 [bee1135b-0ce1-451e-b87b-c7f9e85d85b4],100CM,15991152,288,15985578BR314882,30/07/2026,31/08/2026,10,21/08/2026,900473,,bee1135b-0ce1-451e-b87b-c7f9e85d85b4,FILA,136031,3,NORMAL
DASS SEST71413797559580CM1599115215985528BR314879-A20260730-1,OK,DASS SEST,7,141379,1175396,75595,ATAC. M13725 6MM POLIESTER COR 100 [39adfe85-a9b1-4f54-8290-383cc781379b],80CM,15991152,36,15985528BR314879-A,30/07/2026,31/08/2026,10,21/08/2026,900474,,39adfe85-a9b1-4f54-8290-383cc781379b,FILA,136031,4,NORMAL
DASS SEST71413797559580CM1599115215985529BR314879-B20260730-1,OK,DASS SEST,7,141379,1175396,75595,ATAC. M13725 6MM POLIESTER COR 100 [78147a67-1f67-42be-899a-6ba72ed259de],80CM,15991152,24,15985529BR314879-B,30/07/2026,31/08/2026,10,21/08/2026,900475,,78147a67-1f67-42be-899a-6ba72ed259de,FILA,136031,5,NORMAL
DASS SEST71413797559590CM1599115215985528BR314879-A20260730-1,OK,DASS SEST,7,141379,1175396,75595,ATAC. M13725 6MM POLIESTER COR 100 [36bbbec6-f164-40bf-89f2-773dcf3fdd6d],90CM,15991152,372,15985528BR314879-A,30/07/2026,31/08/2026,10,21/08/2026,900476,,36bbbec6-f164-40bf-89f2-773dcf3fdd6d,FILA,136031,6,NORMAL
DASS SEST71413797559590CM1599115215985529BR314879-B20260730-1,OK,DASS SEST,7,141379,1175396,75595,ATAC. M13725 6MM POLIESTER COR 100 [fb897e49-ac24-4101-a70a-b763a5529b0f],90CM,15991152,384,15985529BR314879-B,30/07/2026,31/08/2026,10,21/08/2026,900477,,fb897e49-ac24-4101-a70a-b763a5529b0f,FILA,136031,7,NORMAL
DASS SEST714137975595100CM1599115215985528BR314879-A20260730-1,OK,DASS SEST,7,141379,1175396,75595,ATAC. M13725 6MM POLIESTER COR 100 [6bf07efb-5223-4334-abae-8e449071cd70],100CM,15991152,312,15985528BR314879-A,30/07/2026,31/08/2026,10,21/08/2026,900478,,6bf07efb-5223-4334-abae-8e449071cd70,FILA,136031,8,NORMAL
DASS SEST714137975595100CM1599115215985529BR314879-B20260730-1,OK,DASS SEST,7,141379,1175396,75595,ATAC. M13725 6MM POLIESTER COR 100 [95e37c31-25fb-480a-a436-d2191bdf3f43],100CM,15991152,324,15985529BR314879-B,30/07/2026,31/08/2026,10,21/08/2026,900479,,95e37c31-25fb-480a-a436-d2191bdf3f43,FILA,136031,9,NORMAL
DASS SEST71413798966780CM1599115215985541BR31488020260730-1,OK,DASS SEST,7,141379,1314385,89667,ATAC. M13725 6MM POLIESTER COR 5508 [39e69c09-b597-4b5c-991a-e77bdf2a2a22],80CM,15991152,120,15985541BR314880,30/07/2026,31/08/2026,10,21/08/2026,900480,,39e69c09-b597-4b5c-991a-e77bdf2a2a22,FILA,136031,10,NORMAL
DASS SEST71413798966780CM1599115215985542BR31488120260730-1,OK,DASS SEST,7,141379,1314385,89667,ATAC. M13725 6MM POLIESTER COR 5508 [6a31f85b-c771-4be4-aecc-45d8c4d44991],80CM,15991152,96,15985542BR314881,30/07/2026,31/08/2026,10,21/08/2026,900481,,6a31f85b-c771-4be4-aecc-45d8c4d44991,FILA,136031,11,NORMAL
DASS SEST71413798966790CM1599115215985541BR31488020260730-1,OK,DASS SEST,7,141379,1314385,89667,ATAC. M13725 6MM POLIESTER COR 5508 [cf77318e-640d-4385-89e7-bb2b05042e43],90CM,15991152,300,15985541BR314880,30/07/2026,31/08/2026,10,21/08/2026,900482,,cf77318e-640d-4385-89e7-bb2b05042e43,FILA,136031,12,NORMAL
DASS SEST71413798966790CM1599115215985542BR31488120260730-1,OK,DASS SEST,7,141379,1314385,89667,ATAC. M13725 6MM POLIESTER COR 5508 [02fb5800-a654-4afa-8f65-832da0424132],90CM,15991152,300,15985542BR314881,30/07/2026,31/08/2026,10,21/08/2026,900483,,02fb5800-a654-4afa-8f65-832da0424132,FILA,136031,13,NORMAL
DASS SEST714137989667100CM1599115215985541BR31488020260730-1,OK,DASS SEST,7,141379,1314385,89667,ATAC. M13725 6MM POLIESTER COR 5508 [6f16142c-5fe8-4891-a0f5-876ecf846c08],100CM,15991152,156,15985541BR314880,30/07/2026,31/08/2026,10,21/08/2026,900484,,6f16142c-5fe8-4891-a0f5-876ecf846c08,FILA,136031,14,NORMAL
DASS SEST714137989667100CM1599115215985542BR31488120260730-1,OK,DASS SEST,7,141379,1314385,89667,ATAC. M13725 6MM POLIESTER COR 5508 [2d545268-c464-4c39-b71d-826310664ea7],100CM,15991152,288,15985542BR314881,30/07/2026,31/08/2026,10,21/08/2026,900485,,2d545268-c464-4c39-b71d-826310664ea7,FILA,136031,15,NORMAL
DASS SEST71414177423710MM1600354320260731-1,OK,DASS SEST,7,141417,1065278,74237,FITA MR100001 C/ GOMA RECICLADO COR 4085/PET [69cc1e33-92eb-47c1-939e-4ae2b1ea1149],10MM,16003543,320,0,31/07/2026,31/08/2026,10,21/08/2026,900486,,69cc1e33-92eb-47c1-939e-4ae2b1ea1149,NIKE,136057,1,NORMAL
DASS SEST714142695102105CM1600262916001174NBR328340020260731-1,OK,DASS SEST,7,141426,1418335,95102,ATAC. MR130011 5MM RECICLADO COR 6191/PET [bc6a5474-6dbb-4946-99d2-33bdf6e5ead5],105CM,16002629,180,16001174NBR3283400,31/07/2026,31/08/2026,10,21/08/2026,900487,,bc6a5474-6dbb-4946-99d2-33bdf6e5ead5,NIKE,136066,1,NORMAL
DASS SEST714142695102105CM1600262916001175NBR328340020260731-1,OK,DASS SEST,7,141426,1418335,95102,ATAC. MR130011 5MM RECICLADO COR 6191/PET [b319b22c-3c2d-4abf-8a44-2a4e50d567eb],105CM,16002629,192,16001175NBR3283400,31/07/2026,31/08/2026,10,21/08/2026,900488,,b319b22c-3c2d-4abf-8a44-2a4e50d567eb,NIKE,136066,2,NORMAL
DASS SEST714142695102110CM1600262916001174NBR328340020260731-1,OK,DASS SEST,7,141426,1418335,95102,ATAC. MR130011 5MM RECICLADO COR 6191/PET [42e295c6-60b8-467a-9a7b-b039db9a2943],110CM,16002629,440,16001174NBR3283400,31/07/2026,31/08/2026,10,21/08/2026,900489,,42e295c6-60b8-467a-9a7b-b039db9a2943,NIKE,136066,3,NORMAL
DASS SEST714142695102110CM1600262916001175NBR328340020260731-1,OK,DASS SEST,7,141426,1418335,95102,ATAC. MR130011 5MM RECICLADO COR 6191/PET [7c73dce6-79f6-4cfc-8413-4f12c2c51a88],110CM,16002629,444,16001175NBR3283400,31/07/2026,31/08/2026,10,21/08/2026,900490,,7c73dce6-79f6-4cfc-8413-4f12c2c51a88,NIKE,136066,4,NORMAL
DASS SEST714142695102115CM1600262916001174NBR328340020260731-1,OK,DASS SEST,7,141426,1418335,95102,ATAC. MR130011 5MM RECICLADO COR 6191/PET [f70e48e5-7e42-4526-9c72-f047c196761c],115CM,16002629,96,16001174NBR3283400,31/07/2026,31/08/2026,10,21/08/2026,900491,,f70e48e5-7e42-4526-9c72-f047c196761c,NIKE,136066,5,NORMAL
DASS SEST714142695102115CM1600262916001175NBR328340020260731-1,OK,DASS SEST,7,141426,1418335,95102,ATAC. MR130011 5MM RECICLADO COR 6191/PET [aab0c991-de25-4895-a50e-0f60e685650b],115CM,16002629,114,16001175NBR3283400,31/07/2026,31/08/2026,10,21/08/2026,900492,,aab0c991-de25-4895-a50e-0f60e685650b,NIKE,136066,6,NORMAL
DASS SEST714142686418100CM1600262916001163NBR328339320260731-1,OK,DASS SEST,7,141426,1278311,86418,ATAC. MR140014 6MM RECICLADO COR 4662/PET [ed9c59b4-f3a4-40d5-8710-66ca3ea5bbf8],100CM,16002629,518,16001163NBR3283393,31/07/2026,31/08/2026,10,21/08/2026,900493,,ed9c59b4-f3a4-40d5-8710-66ca3ea5bbf8,NIKE,136066,7,NORMAL
DASS SEST714142686418100CM1600262916001164NBR328339320260731-1,OK,DASS SEST,7,141426,1278311,86418,ATAC. MR140014 6MM RECICLADO COR 4662/PET [5e844025-13d0-49f6-aafc-f3126c58c11d],100CM,16002629,570,16001164NBR3283393,31/07/2026,31/08/2026,10,21/08/2026,900494,,5e844025-13d0-49f6-aafc-f3126c58c11d,NIKE,136066,8,NORMAL
DASS SEST714142686418105CM1600262916001163NBR328339320260731-1,OK,DASS SEST,7,141426,1278311,86418,ATAC. MR140014 6MM RECICLADO COR 4662/PET [11bf5a7a-6139-4ec7-b2a7-d7c17ade9cad],105CM,16002629,204,16001163NBR3283393,31/07/2026,31/08/2026,10,21/08/2026,900495,,11bf5a7a-6139-4ec7-b2a7-d7c17ade9cad,NIKE,136066,9,NORMAL
DASS SEST714142686418105CM1600262916001164NBR328339320260731-1,OK,DASS SEST,7,141426,1278311,86418,ATAC. MR140014 6MM RECICLADO COR 4662/PET [d073843c-6cda-4617-9a83-7d4e3d541ed2],105CM,16002629,222,16001164NBR3283393,31/07/2026,31/08/2026,10,21/08/2026,900496,,d073843c-6cda-4617-9a83-7d4e3d541ed2,NIKE,136066,10,NORMAL
DASS SEST714142692568115CM1600262916001115NBR328338420260731-1,OK,DASS SEST,7,141426,1027849,92568,ATAC. MR110012 8MM RECICLADO COR 4085/PET [483102b0-2de3-4101-bb73-5fddcfe64134],115CM,16002629,228,16001115NBR3283384,31/07/2026,31/08/2026,10,21/08/2026,900497,,483102b0-2de3-4101-bb73-5fddcfe64134,NIKE,136066,11,NORMAL
DASS SEST714142692568115CM1600262916001116NBR328338420260731-1,OK,DASS SEST,7,141426,1027849,92568,ATAC. MR110012 8MM RECICLADO COR 4085/PET [15f88a56-d41e-44ee-946d-2437a8ca8797],115CM,16002629,246,16001116NBR3283384,31/07/2026,31/08/2026,10,21/08/2026,900498,,15f88a56-d41e-44ee-946d-2437a8ca8797,NIKE,136066,12,NORMAL
DASS SEST714142692568120CM1600262916001115NBR328338420260731-1,OK,DASS SEST,7,141426,1027849,92568,ATAC. MR110012 8MM RECICLADO COR 4085/PET [ced53b55-8cdb-4d08-8abd-0e00f3fa4eff],120CM,16002629,650,16001115NBR3283384,31/07/2026,31/08/2026,10,21/08/2026,900499,,ced53b55-8cdb-4d08-8abd-0e00f3fa4eff,NIKE,136066,13,NORMAL
DASS SEST714142692568120CM1600262916001116NBR328338420260731-1,OK,DASS SEST,7,141426,1027849,92568,ATAC. MR110012 8MM RECICLADO COR 4085/PET [d0c07ebd-62df-4376-964a-dd9926957c36],120CM,16002629,666,16001116NBR3283384,31/07/2026,31/08/2026,10,21/08/2026,900500,,d0c07ebd-62df-4376-964a-dd9926957c36,NIKE,136066,14,NORMAL
DASS SEST714142693661130CM1600262916001135NBR328337920260731-1,OK,DASS SEST,7,141426,1065806,93661,ATAC. MR110029 RECICLADO COR 4662/PET [ae3d6a11-2499-435e-88e7-f1f667daf8be],130CM,16002629,408,16001135NBR3283379,31/07/2026,31/08/2026,10,21/08/2026,900501,,ae3d6a11-2499-435e-88e7-f1f667daf8be,NIKE,136066,15,NORMAL
DASS SEST714142693661130CM1600262916001138NBR328337920260731-1,OK,DASS SEST,7,141426,1065806,93661,ATAC. MR110029 RECICLADO COR 4662/PET [282700d5-4bdf-463f-b9b4-4d21e428114c],130CM,16002629,438,16001138NBR3283379,31/07/2026,31/08/2026,10,21/08/2026,900502,,282700d5-4bdf-463f-b9b4-4d21e428114c,NIKE,136066,16,NORMAL
DASS SEST714142693661130CM1600262916001139NBR328338120260731-1,OK,DASS SEST,7,141426,1065806,93661,ATAC. MR110029 RECICLADO COR 4662/PET [5f0f6b97-e35a-4c50-9fcc-51a448c90c6b],130CM,16002629,558,16001139NBR3283381,31/07/2026,31/08/2026,10,21/08/2026,900503,,5f0f6b97-e35a-4c50-9fcc-51a448c90c6b,NIKE,136066,17,NORMAL
DASS SEST714142693661130CM1600262916001131NBR328338220260731-1,OK,DASS SEST,7,141426,1065806,93661,ATAC. MR110029 RECICLADO COR 4662/PET [b6493090-cef2-4b07-b69d-49ac2715f364],130CM,16002629,384,16001131NBR3283382,31/07/2026,31/08/2026,10,21/08/2026,900504,,b6493090-cef2-4b07-b69d-49ac2715f364,NIKE,136066,18,NORMAL
DASS SEST714142693661130CM1600262916001132NBR328338220260731-1,OK,DASS SEST,7,141426,1065806,93661,ATAC. MR110029 RECICLADO COR 4662/PET [22e76a7a-103d-438a-a37d-402144e89100],130CM,16002629,432,16001132NBR3283382,31/07/2026,31/08/2026,10,21/08/2026,900505,,22e76a7a-103d-438a-a37d-402144e89100,NIKE,136066,19,NORMAL
DASS SEST714142693661135CM1600262916001135NBR328337920260731-1,OK,DASS SEST,7,141426,1065806,93661,ATAC. MR110029 RECICLADO COR 4662/PET [08a274a6-ca12-4ca6-9b0c-dfe2f73710d7],135CM,16002629,428,16001135NBR3283379,31/07/2026,31/08/2026,10,21/08/2026,900506,,08a274a6-ca12-4ca6-9b0c-dfe2f73710d7,NIKE,136066,20,NORMAL
DASS SEST714142693661135CM1600262916001138NBR328337920260731-1,OK,DASS SEST,7,141426,1065806,93661,ATAC. MR110029 RECICLADO COR 4662/PET [dea012c4-69fc-437d-9c22-7bb83d621e9a],135CM,16002629,432,16001138NBR3283379,31/07/2026,31/08/2026,10,21/08/2026,900507,,dea012c4-69fc-437d-9c22-7bb83d621e9a,NIKE,136066,21,NORMAL
DASS SEST714142693661135CM1600262916001139NBR328338120260731-1,OK,DASS SEST,7,141426,1065806,93661,ATAC. MR110029 RECICLADO COR 4662/PET [9dda9d24-6d5c-400b-8612-a398041b4710],135CM,16002629,560,16001139NBR3283381,31/07/2026,31/08/2026,10,21/08/2026,900508,,9dda9d24-6d5c-400b-8612-a398041b4710,NIKE,136066,22,NORMAL
DASS SEST714142693661135CM1600262916001131NBR328338220260731-1,OK,DASS SEST,7,141426,1065806,93661,ATAC. MR110029 RECICLADO COR 4662/PET [ca5624e3-9a61-4692-824b-489e86fd2677],135CM,16002629,584,16001131NBR3283382,31/07/2026,31/08/2026,10,21/08/2026,900509,,ca5624e3-9a61-4692-824b-489e86fd2677,NIKE,136066,23,NORMAL
DASS SEST714142693661135CM1600262916001132NBR328338220260731-1,OK,DASS SEST,7,141426,1065806,93661,ATAC. MR110029 RECICLADO COR 4662/PET [4cebdb52-2321-4746-83b0-49a43f7e8d8d],135CM,16002629,600,16001132NBR3283382,31/07/2026,31/08/2026,10,21/08/2026,900510,,4cebdb52-2321-4746-83b0-49a43f7e8d8d,NIKE,136066,24,NORMAL
DASS SEST714142693696135CM1600262916001117NBR328339920260731-1,OK,DASS SEST,7,141426,1069210,93696,ATAC. MR110029 RECICLADO COR 4085/PET [2694e7a8-81f1-4588-8fa8-ec32f175bf79],135CM,16002629,674,16001117NBR3283399,31/07/2026,31/08/2026,10,21/08/2026,900511,,2694e7a8-81f1-4588-8fa8-ec32f175bf79,NIKE,136066,25,NORMAL
DASS SEST714142693696135CM1600262916001118NBR328339920260731-1,OK,DASS SEST,7,141426,1069210,93696,ATAC. MR110029 RECICLADO COR 4085/PET [b276ca1a-a640-40ca-b190-a4c047a04982],135CM,16002629,672,16001118NBR3283399,31/07/2026,31/08/2026,10,21/08/2026,900512,,b276ca1a-a640-40ca-b190-a4c047a04982,NIKE,136066,26,NORMAL
DASS SEST714142693696140CM1600262916001117NBR328339920260731-1,OK,DASS SEST,7,141426,1069210,93696,ATAC. MR110029 RECICLADO COR 4085/PET [bbb88519-34b2-47b5-aa89-8000208f5df3],140CM,16002629,84,16001117NBR3283399,31/07/2026,31/08/2026,10,21/08/2026,900513,,bbb88519-34b2-47b5-aa89-8000208f5df3,NIKE,136066,27,NORMAL
DASS SEST714142693696140CM1600262916001118NBR328339920260731-1,OK,DASS SEST,7,141426,1069210,93696,ATAC. MR110029 RECICLADO COR 4085/PET [6be8d449-f04e-4287-b3b7-eda977a9a802],140CM,16002629,72,16001118NBR3283399,31/07/2026,31/08/2026,10,21/08/2026,900514,,6be8d449-f04e-4287-b3b7-eda977a9a802,NIKE,136066,28,NORMAL
DASS SEST7141556701648MM1601212020260804-1,OK,DASS SEST,7,141556,108955,70164,FITA MFGP C/ GOMA POLIESTER COR 100 [424e004b-72f3-47bb-bb43-b207774e98cf],8MM,16012120,60,0,04/08/2026,31/08/2026,10,21/08/2026,900515,,424e004b-72f3-47bb-bb43-b207774e98cf,FILA,136188,1,NORMAL
DASS SEST7141556735898MM1601212020260804-1,OK,DASS SEST,7,141556,1081588,73589,FITA MFGP C/ GOMA POLIESTER COR 263 [8765922f-2a55-41c6-9fe8-dfcf5bb66420],8MM,16012120,100,0,04/08/2026,31/08/2026,10,21/08/2026,900516,,8765922f-2a55-41c6-9fe8-dfcf5bb66420,FILA,136188,2,NORMAL
DASS SEST7141556740308MM1601212020260804-1,OK,DASS SEST,7,141556,1104264,74030,FITA MFGP C/ GOMA POLIESTER COR 114 [de320a1f-4d3a-4d89-8daa-3be8bcc65ca8],8MM,16012120,210,0,04/08/2026,31/08/2026,10,21/08/2026,900517,,de320a1f-4d3a-4d89-8daa-3be8bcc65ca8,FILA,136188,3,NORMAL
DASS SEST71416558622615MM1602005020260806-1,OK,DASS SEST,7,141655,1271908,86226,FITA M32207 C/ GOMA POLIESTER COR 100 / COR 5535 / COR 100 [0ff0556a-7d09-4a6f-b4c1-c5128898d2cb],15MM,16020050,370,0,06/08/2026,31/08/2026,10,21/08/2026,900518,,0ff0556a-7d09-4a6f-b4c1-c5128898d2cb,FILA,136286,1,NORMAL
DASS SEST71416558758112MM1602005020260806-1,OK,DASS SEST,7,141655,1287981,87581,FITA M41476 C/ GOMA POLIESTER COR 102 / COR 5508 [4a227d8f-b71d-4cc0-966f-6ec3ea96426d],12MM,16020050,500,0,06/08/2026,31/08/2026,10,21/08/2026,900519,,4a227d8f-b71d-4cc0-966f-6ec3ea96426d,FILA,136286,2,NORMAL
DASS SEST71416559248712MM1602005020260806-1,OK,DASS SEST,7,141655,1394708,92487,FITA M41476 C/ GOMA POLIESTER COR 114 / COR 599 [67df98f3-1b1f-45ac-9e31-d9353d0664b6],12MM,16020050,550,0,06/08/2026,31/08/2026,10,21/08/2026,900520,,67df98f3-1b1f-45ac-9e31-d9353d0664b6,FILA,136286,3,NORMAL
DASS SEST71416559355612MM1602005020260806-1,OK,DASS SEST,7,141655,1245602,93556,FITA M41476 C/ GOMA POLIESTER COR 100 / COR 263 [cf3adae5-027f-4459-aa4e-0f8d4344e045],12MM,16020050,310,0,06/08/2026,31/08/2026,10,21/08/2026,900521,,cf3adae5-027f-4459-aa4e-0f8d4344e045,FILA,136286,4,NORMAL
DASS SEST71419147423610MM1604650420260814-1,OK,DASS SEST,7,141914,1065276,74236,FITA MR100001 C/ GOMA RECICLADO COR 4662/PET [75d4d651-4d9f-4c2d-afe0-0292f0b32c44],10MM,16046504,300,0,14/08/2026,31/08/2026,10,21/08/2026,900522,,75d4d651-4d9f-4c2d-afe0-0292f0b32c44,NIKE,136590,1,NORMAL
DASS SEST71419147423710MM1604650420260814-1,OK,DASS SEST,7,141914,1065278,74237,FITA MR100001 C/ GOMA RECICLADO COR 4085/PET [2f658215-d0cd-4a94-9eb8-5701e51ccff4],10MM,16046504,140,0,14/08/2026,31/08/2026,10,21/08/2026,900523,,2f658215-d0cd-4a94-9eb8-5701e51ccff4,NIKE,136590,2,NORMAL
DASS ITABERABA7014054875593100CM1589739115890452ARG202021-20260706-1,OK,DASS ITABERABA,70,140548,1179318,75593,ATAC. M13725 6MM POLIESTER COR 057 [196d6e21-fedf-4520-af3d-8c6683d85678],100CM,15897391,396,15890452ARG202021-,06/07/2026,31/08/2026,10,21/08/2026,900524,,196d6e21-fedf-4520-af3d-8c6683d85678,FILA,135234,1,
DASS ITABERABA7014054875593100CM1589739115890453ARG202021-20260706-1,OK,DASS ITABERABA,70,140548,1179318,75593,ATAC. M13725 6MM POLIESTER COR 057 [d164e37f-9c9a-469a-b4e4-e55fa9630184],100CM,15897391,396,15890453ARG202021-,06/07/2026,31/08/2026,10,21/08/2026,900525,,d164e37f-9c9a-469a-b4e4-e55fa9630184,FILA,135234,2,
DASS ITABERABA7014054875593110CM1589739115890452ARG202021-20260706-1,OK,DASS ITABERABA,70,140548,1179318,75593,ATAC. M13725 6MM POLIESTER COR 057 [5f978454-ba51-419f-89a3-b4a1cc1ed0b7],110CM,15897391,324,15890452ARG202021-,06/07/2026,31/08/2026,10,21/08/2026,900526,,5f978454-ba51-419f-89a3-b4a1cc1ed0b7,FILA,135234,3,
DASS ITABERABA7014054875593110CM1589739115890453ARG202021-20260706-1,OK,DASS ITABERABA,70,140548,1179318,75593,ATAC. M13725 6MM POLIESTER COR 057 [810cf7aa-1194-4fbc-8ecf-3964164dd5a7],110CM,15897391,324,15890453ARG202021-,06/07/2026,31/08/2026,10,21/08/2026,900527,,810cf7aa-1194-4fbc-8ecf-3964164dd5a7,FILA,135234,4,
DASS ITABERABA7014054875595100CM1589739115890450ARG202020-20260706-1,OK,DASS ITABERABA,70,140548,1175396,75595,ATAC. M13725 6MM POLIESTER COR 100 [61facd48-7418-4646-a654-84c331306899],100CM,15897391,396,15890450ARG202020-,06/07/2026,31/08/2026,10,21/08/2026,900528,,61facd48-7418-4646-a654-84c331306899,FILA,135234,5,
DASS ITABERABA7014054875595100CM1589739115890451ARG202020-20260706-1,OK,DASS ITABERABA,70,140548,1175396,75595,ATAC. M13725 6MM POLIESTER COR 100 [54754a7c-2881-4ecc-894d-4269b926421e],100CM,15897391,396,15890451ARG202020-,06/07/2026,31/08/2026,10,21/08/2026,900529,,54754a7c-2881-4ecc-894d-4269b926421e,FILA,135234,6,
DASS ITABERABA701405487566290CM1589739115890454ARG20202220260706-1,OK,DASS ITABERABA,70,140548,1314384,75662,ATAC. M13725 6MM POLIESTER COR 114 [de6ef22a-5d09-4fba-b993-93e18931fba8],90CM,15897391,504,15890454ARG202022,06/07/2026,31/08/2026,10,21/08/2026,900530,,de6ef22a-5d09-4fba-b993-93e18931fba8,FILA,135234,7,
DASS ITABERABA701405487566290CM1589739115889179BRITB0054420260706-1,OK,DASS ITABERABA,70,140548,1314384,75662,ATAC. M13725 6MM POLIESTER COR 114 [6ff630e8-30ce-42ce-86be-edc383309815],90CM,15897391,396,15889179BRITB00544,06/07/2026,31/08/2026,10,21/08/2026,900531,,6ff630e8-30ce-42ce-86be-edc383309815,FILA,135234,8,
DASS ITABERABA701405487566290CM1589739115889180BRITB0054420260706-1,OK,DASS ITABERABA,70,140548,1314384,75662,ATAC. M13725 6MM POLIESTER COR 114 [d1034748-7327-4b2d-b4ce-198550225f90],90CM,15897391,384,15889180BRITB00544,06/07/2026,31/08/2026,10,21/08/2026,900532,,d1034748-7327-4b2d-b4ce-198550225f90,FILA,135234,9,
DASS ITABERABA701405487566290CM1589739115889181BRITB0054420260706-1,OK,DASS ITABERABA,70,140548,1314384,75662,ATAC. M13725 6MM POLIESTER COR 114 [24c58fe8-1c2f-4ad6-b781-761fc6f02615],90CM,15897391,348,15889181BRITB00544,06/07/2026,31/08/2026,10,21/08/2026,900533,,24c58fe8-1c2f-4ad6-b781-761fc6f02615,FILA,135234,10,
DASS ITABERABA701405487566290CM1589739115889182BRITB0054420260706-1,OK,DASS ITABERABA,70,140548,1314384,75662,ATAC. M13725 6MM POLIESTER COR 114 [b0e1ba5b-4d9f-4f0a-a698-71f5d8a52cc6],90CM,15897391,348,15889182BRITB00544,06/07/2026,31/08/2026,10,21/08/2026,900534,,b0e1ba5b-4d9f-4f0a-a698-71f5d8a52cc6,FILA,135234,11,
DASS ITABERABA7014054875662100CM1589739115890454ARG20202220260706-1,OK,DASS ITABERABA,70,140548,1314384,75662,ATAC. M13725 6MM POLIESTER COR 114 [27a4d5b8-304d-4a0d-8b0a-d171b38b46db],100CM,15897391,648,15890454ARG202022,06/07/2026,31/08/2026,10,21/08/2026,900535,,27a4d5b8-304d-4a0d-8b0a-d171b38b46db,FILA,135234,12,
DASS ITABERABA7014054875662100CM1589739115889179BRITB0054420260706-1,OK,DASS ITABERABA,70,140548,1314384,75662,ATAC. M13725 6MM POLIESTER COR 114 [e4cd16ee-a97e-49c6-aebf-b0fb00df658e],100CM,15897391,552,15889179BRITB00544,06/07/2026,31/08/2026,10,21/08/2026,900536,,e4cd16ee-a97e-49c6-aebf-b0fb00df658e,FILA,135234,13,
DASS ITABERABA7014054875662100CM1589739115889180BRITB0054420260706-1,OK,DASS ITABERABA,70,140548,1314384,75662,ATAC. M13725 6MM POLIESTER COR 114 [98d632e4-d9f1-4fc8-b920-a3fb46376081],100CM,15897391,600,15889180BRITB00544,06/07/2026,31/08/2026,10,21/08/2026,900537,,98d632e4-d9f1-4fc8-b920-a3fb46376081,FILA,135234,14,
DASS ITABERABA7014054875662100CM1589739115889181BRITB0054420260706-1,OK,DASS ITABERABA,70,140548,1314384,75662,ATAC. M13725 6MM POLIESTER COR 114 [f515f6c3-9cba-4ce3-9b2e-578604e338f8],100CM,15897391,492,15889181BRITB00544,06/07/2026,31/08/2026,10,21/08/2026,900538,,f515f6c3-9cba-4ce3-9b2e-578604e338f8,FILA,135234,15,
DASS ITABERABA7014054875662100CM1589739115889182BRITB0054420260706-1,OK,DASS ITABERABA,70,140548,1314384,75662,ATAC. M13725 6MM POLIESTER COR 114 [ac52620c-14cd-41f7-8230-ee03a15ae5b3],100CM,15897391,516,15889182BRITB00544,06/07/2026,31/08/2026,10,21/08/2026,900539,,ac52620c-14cd-41f7-8230-ee03a15ae5b3,FILA,135234,16,
DASS ITABERABA701415118275915MM1600322320260803-1,OK,DASS ITABERABA,70,141511,1079018,82759,FITA M32207 C/ GOMA POLIESTER COR 100 / COR 263 / COR 100 [c0fe869a-ac9e-49f9-a8b1-5025c3efe8e7],15MM,16003223,450,0,03/08/2026,31/08/2026,10,21/08/2026,900540,,c0fe869a-ac9e-49f9-a8b1-5025c3efe8e7,FILA,136148,1,NORMAL
DASS ITABERABA701415118788615MM1600322320260803-1,OK,DASS ITABERABA,70,141511,1289388,87886,FITA M32207 C/ GOMA POLIESTER COR 100 / COR 102 / COR 100 [c7bbf65a-f252-4385-b50e-04201cff139a],15MM,16003223,190,0,03/08/2026,31/08/2026,10,21/08/2026,900541,,c7bbf65a-f252-4385-b50e-04201cff139a,FILA,136148,2,NORMAL
DASS ITABERABA701415119294915MM1600322320260803-1,OK,DASS ITABERABA,70,141511,1403528,92949,FITA M32207 C/ GOMA POLIESTER COR 102 / COR 5508 / COR 102 [e65b27c5-44af-4355-bdba-19f5ea69ce26],15MM,16003223,550,0,03/08/2026,31/08/2026,10,21/08/2026,900542,,e65b27c5-44af-4355-bdba-19f5ea69ce26,FILA,136148,3,NORMAL
DASS ITABERABA701415117016410MM1600322320260803-1,OK,DASS ITABERABA,70,141511,998350,70164,FITA MFGP C/ GOMA POLIESTER COR 100 [d9c881c9-ea30-47cb-bae5-7a9016c38dea],10MM,16003223,100,0,03/08/2026,31/08/2026,10,21/08/2026,900543,,d9c881c9-ea30-47cb-bae5-7a9016c38dea,FILA,136148,4,NORMAL
DASS ITABERABA701415117016412MM1600322320260803-1,OK,DASS ITABERABA,70,141511,898941,70164,FITA MFGP C/ GOMA POLIESTER COR 100 [1128a5a6-a997-460b-a5aa-a1ac6f15c79f],12MM,16003223,680,0,03/08/2026,31/08/2026,10,21/08/2026,900544,,1128a5a6-a997-460b-a5aa-a1ac6f15c79f,FILA,136148,5,NORMAL
DASS ITABERABA701415117016415MM1600322320260803-1,OK,DASS ITABERABA,70,141511,783896,70164,FITA MFGP C/ GOMA POLIESTER COR 100 [d7b2eac6-8cd7-41e0-9272-bbaf88f41aa0],15MM,16003223,370,0,03/08/2026,31/08/2026,10,21/08/2026,900545,,d7b2eac6-8cd7-41e0-9272-bbaf88f41aa0,FILA,136148,6,NORMAL
DASS ITABERABA701415117037512MM1600322320260803-1,OK,DASS ITABERABA,70,141511,1240579,70375,FITA MFGP C/ GOMA POLIESTER COR 678 [de61580b-e380-4025-bc65-960ecc782ef2],12MM,16003223,140,0,03/08/2026,31/08/2026,10,21/08/2026,900546,,de61580b-e380-4025-bc65-960ecc782ef2,FILA,136148,7,NORMAL
DASS ITABERABA701415117352215MM1600322320260803-1,OK,DASS ITABERABA,70,141511,902057,73522,FITA MFGP C/ GOMA POLIESTER COR 057 [87d86de5-fe30-4e53-8f83-40be1bd7e799],15MM,16003223,260,0,03/08/2026,31/08/2026,10,21/08/2026,900547,,87d86de5-fe30-4e53-8f83-40be1bd7e799,FILA,136148,8,NORMAL
DASS ITABERABA701415117358915MM1600322320260803-1,OK,DASS ITABERABA,70,141511,975119,73589,FITA MFGP C/ GOMA POLIESTER COR 263 [894aed97-1784-40a1-a10b-c06bf419f59d],15MM,16003223,200,0,03/08/2026,31/08/2026,10,21/08/2026,900548,,894aed97-1784-40a1-a10b-c06bf419f59d,FILA,136148,9,NORMAL
DASS ITABERABA701415117601012MM1600322320260803-1,OK,DASS ITABERABA,70,141511,1386809,76010,FITA MFGP C/ GOMA POLIESTER COR 447 [5d61ed22-9d7e-4f32-ace6-c58061ac74cf],12MM,16003223,150,0,03/08/2026,31/08/2026,10,21/08/2026,900549,,5d61ed22-9d7e-4f32-ace6-c58061ac74cf,FILA,136148,10,NORMAL
DASS ITABERABA701415118455912MM1600322320260803-1,OK,DASS ITABERABA,70,141511,1104256,84559,FITA MFGP C/ GOMA POLIESTER COR 114 [4ea1918b-7354-4fc3-891f-11a04b91cd4b],12MM,16003223,640,0,03/08/2026,31/08/2026,10,21/08/2026,900550,,4ea1918b-7354-4fc3-891f-11a04b91cd4b,FILA,136148,11,NORMAL
DASS ITABERABA701415119288310MM1600322320260803-1,OK,DASS ITABERABA,70,141511,1403309,92883,FITA MFGP C/ GOMA POLIESTER COR 6008 [20ca3107-bbb6-4c11-8b06-25cd5af404bd],10MM,16003223,100,0,03/08/2026,31/08/2026,10,21/08/2026,900551,,20ca3107-bbb6-4c11-8b06-25cd5af404bd,FILA,136148,12,NORMAL
DASS ITABERABA7014151276013115CM1600363115996366BRITB0055120260803-1,OK,DASS ITABERABA,70,141512,991872,76013,ATAC. M13723 6MM POLIESTER COR 102 [6f7a0c7e-f091-482f-bb43-32441ad87cba],115CM,16003631,288,15996366BRITB00551,03/08/2026,31/08/2026,10,21/08/2026,900552,,6f7a0c7e-f091-482f-bb43-32441ad87cba,FILA,136149,1,NORMAL
DASS ITABERABA7014151276013125CM1600363115996366BRITB0055120260803-1,OK,DASS ITABERABA,70,141512,991872,76013,ATAC. M13723 6MM POLIESTER COR 102 [604b2007-4f99-4dd0-b52d-9cddda348235],125CM,16003631,372,15996366BRITB00551,03/08/2026,31/08/2026,10,21/08/2026,900553,,604b2007-4f99-4dd0-b52d-9cddda348235,FILA,136149,2,NORMAL
DASS ITABERABA7014151275595100CM1600363115996368BRITB0055220260803-1,OK,DASS ITABERABA,70,141512,1175396,75595,ATAC. M13725 6MM POLIESTER COR 100 [e09d65a7-2379-4d26-97ed-328a1a0f8589],100CM,16003631,348,15996368BRITB00552,03/08/2026,31/08/2026,10,21/08/2026,900554,,e09d65a7-2379-4d26-97ed-328a1a0f8589,FILA,136149,3,NORMAL
DASS ITABERABA7014151275595100CM1600363115996369BRITB0055220260803-1,OK,DASS ITABERABA,70,141512,1175396,75595,ATAC. M13725 6MM POLIESTER COR 100 [c67fe39e-4e85-4a7d-a55f-395f51b090e6],100CM,16003631,360,15996369BRITB00552,03/08/2026,31/08/2026,10,21/08/2026,900555,,c67fe39e-4e85-4a7d-a55f-395f51b090e6,FILA,136149,4,NORMAL
DASS ITABERABA7014151275595110CM1600363115996368BRITB0055220260803-1,OK,DASS ITABERABA,70,141512,1175396,75595,ATAC. M13725 6MM POLIESTER COR 100 [4ec2d53d-48c3-40d5-b6b7-02901079df63],110CM,16003631,336,15996368BRITB00552,03/08/2026,31/08/2026,10,21/08/2026,900556,,4ec2d53d-48c3-40d5-b6b7-02901079df63,FILA,136149,5,NORMAL
DASS ITABERABA7014151275595110CM1600363115996369BRITB0055220260803-1,OK,DASS ITABERABA,70,141512,1175396,75595,ATAC. M13725 6MM POLIESTER COR 100 [51984a1f-7f9f-48c5-af6c-c4d989a71f37],110CM,16003631,360,15996369BRITB00552,03/08/2026,31/08/2026,10,21/08/2026,900557,,51984a1f-7f9f-48c5-af6c-c4d989a71f37,FILA,136149,6,NORMAL
DASS ITABERABA701415128575765CM1600363115996351BRITB0055220260803-1,OK,DASS ITABERABA,70,141512,1285915,85757,ELAST. M21048 2.5MM POLIESTER COR 114 [4dc2742f-136c-44a7-8220-bd6802554e7c],65CM,16003631,228,15996351BRITB00552,03/08/2026,31/08/2026,10,21/08/2026,900558,,4dc2742f-136c-44a7-8220-bd6802554e7c,FILA,136149,7,NORMAL
DASS ITABERABA701415128575770CM1600363115996351BRITB0055220260803-1,OK,DASS ITABERABA,70,141512,1285915,85757,ELAST. M21048 2.5MM POLIESTER COR 114 [a6736dc9-5810-4730-ab8d-46a867e70c19],70CM,16003631,276,15996351BRITB00552,03/08/2026,31/08/2026,10,21/08/2026,900559,,a6736dc9-5810-4730-ab8d-46a867e70c19,FILA,136149,8,NORMAL
DASS ITABERABA7014151273819110CM1600363115996353BRITB0054920260803-1,OK,DASS ITABERABA,70,141512,1051608,73819,ATAC. M21020 8MM POLIESTER COR 114 [c03c0468-95ec-400a-ae19-73fe06c8461f],110CM,16003631,360,15996353BRITB00549,03/08/2026,31/08/2026,10,21/08/2026,900560,,c03c0468-95ec-400a-ae19-73fe06c8461f,FILA,136149,9,NORMAL
DASS ITABERABA7014151273819120CM1600363115996353BRITB0054920260803-1,OK,DASS ITABERABA,70,141512,1051608,73819,ATAC. M21020 8MM POLIESTER COR 114 [e1994321-b13f-4a66-861c-d7539ab0fbd5],120CM,16003631,264,15996353BRITB00549,03/08/2026,31/08/2026,10,21/08/2026,900561,,e1994321-b13f-4a66-861c-d7539ab0fbd5,FILA,136149,10,NORMAL
DASS ITABERABA7014151273821120CM1600363115996350BRITB0054520260803-1,OK,DASS ITABERABA,70,141512,1163455,73821,ATAC. M21020 8MM POLIESTER COR 100 [0fa739f7-029a-47f3-853a-72bcdbbbbacf],120CM,16003631,312,15996350BRITB00545,03/08/2026,31/08/2026,10,21/08/2026,900562,,0fa739f7-029a-47f3-853a-72bcdbbbbacf,FILA,136149,11,NORMAL
DASS ITABERABA7014151273821130CM1600363115996350BRITB0054520260803-1,OK,DASS ITABERABA,70,141512,1163455,73821,ATAC. M21020 8MM POLIESTER COR 100 [e2dd246e-6968-409a-97a4-a44882c5d488],130CM,16003631,288,15996350BRITB00545,03/08/2026,31/08/2026,10,21/08/2026,900563,,e2dd246e-6968-409a-97a4-a44882c5d488,FILA,136149,12,NORMAL
DASS ITABERABA7014151273877120CM1600363115996352BRITB0054520260803-1,OK,DASS ITABERABA,70,141512,1024417,73877,ATAC. M21020 8MM POLIESTER COR 057 [3d58e72b-7dbd-4f91-abbf-09b94f7ecaa0],120CM,16003631,252,15996352BRITB00545,03/08/2026,31/08/2026,10,21/08/2026,900564,,3d58e72b-7dbd-4f91-abbf-09b94f7ecaa0,FILA,136149,13,NORMAL
DASS ITABERABA7014151273877130CM1600363115996352BRITB0054520260803-1,OK,DASS ITABERABA,70,141512,1024417,73877,ATAC. M21020 8MM POLIESTER COR 057 [17f84a51-8cea-4b94-a098-653f456d15a0],130CM,16003631,372,15996352BRITB00545,03/08/2026,31/08/2026,10,21/08/2026,900565,,17f84a51-8cea-4b94-a098-653f456d15a0,FILA,136149,14,NORMAL
DASS ITABERABA7014151278570120CM1600363115996367BRITB0054520260803-1,OK,DASS ITABERABA,70,141512,1140249,78570,ATAC. M21020 8MM POLIESTER COR 263 [b36d19a1-9438-427a-bc67-50ecc90bd4bf],120CM,16003631,324,15996367BRITB00545,03/08/2026,31/08/2026,10,21/08/2026,900566,,b36d19a1-9438-427a-bc67-50ecc90bd4bf,FILA,136149,15,NORMAL
DASS ITABERABA7014151278570130CM1600363115996367BRITB0054520260803-1,OK,DASS ITABERABA,70,141512,1140249,78570,ATAC. M21020 8MM POLIESTER COR 263 [e5b32786-903d-4760-9534-4235cf4587fc],130CM,16003631,324,15996367BRITB00545,03/08/2026,31/08/2026,10,21/08/2026,900567,,e5b32786-903d-4760-9534-4235cf4587fc,FILA,136149,16,NORMAL
DASS ITABERABA701415139306715MM1600753920260803-1,OK,DASS ITABERABA,70,141513,1406097,93067,FITA M32207 C/ GOMA POLIESTER COR 5507 / COR 114 / COR 5507 [d79538ec-4559-4355-abf9-e186b63c1856],15MM,16007539,270,0,03/08/2026,31/08/2026,10,21/08/2026,900568,,d79538ec-4559-4355-abf9-e186b63c1856,FILA,136150,1,NORMAL
DASS ITABERABA7014194276319120CM1604959583287120260817-1,OK,DASS ITABERABA,70,141942,1245215,76319,ATAC. 6AL 6MM POLIESTER COR 4085 [bd56ed58-5e3d-4233-849d-783378d42b8d],120CM,16049595,72,832871,17/08/2026,31/08/2026,10,21/08/2026,900569,,bd56ed58-5e3d-4233-849d-783378d42b8d,ASICS,136622,1,NORMAL
DASS SANTO ANTONIO152614052287843115CM1588830115884404BRSA00187220260706-1,OK,DASS SANTO ANTONIO,1526,140522,1294817,87843,ATAC. M10110 5MM POLIESTER COR 599 / COR 114 [eb6a215f-ce3a-44b3-a6e4-470b64ae5136],115CM,15888301,540,15884404BRSA001872,06/07/2026,31/08/2026,10,21/08/2026,900570,,eb6a215f-ce3a-44b3-a6e4-470b64ae5136,FILA,135197,1,
DASS SANTO ANTONIO152614052287843125CM1588830115884404BRSA00187220260706-1,OK,DASS SANTO ANTONIO,1526,140522,1294817,87843,ATAC. M10110 5MM POLIESTER COR 599 / COR 114 [7d779bcb-4ceb-485e-ac9a-2e1a722d5dab],125CM,15888301,84,15884404BRSA001872,06/07/2026,31/08/2026,10,21/08/2026,900571,,7d779bcb-4ceb-485e-ac9a-2e1a722d5dab,FILA,135197,2,
DASS SANTO ANTONIO152614052510536MM1588828620260706-1,OK,DASS SANTO ANTONIO,1526,140525,738316,1053,ELAST. MTM POLIESTER COR 100 [12524c33-8edb-4cf6-9e00-39c223bd708a],6MM,15888286,2259,0,06/07/2026,31/08/2026,10,21/08/2026,900572,,12524c33-8edb-4cf6-9e00-39c223bd708a,FILA,135200,1,
DASS SANTO ANTONIO1526140525832026MM1588828620260706-1,OK,DASS SANTO ANTONIO,1526,140525,1362716,83202,ELAST. MTM POLIESTER COR 334 [8f526736-daca-480c-bf9e-8dca49f27710],6MM,15888286,1112,0,06/07/2026,31/08/2026,10,21/08/2026,900573,,8f526736-daca-480c-bf9e-8dca49f27710,FILA,135200,,
DASS ITABERABA701411947401415MM1597125320260724-1,OK,DASS ITABERABA,70,141194,1425019,74014,FITA MFGP C/ GOMA POLIESTER COR 4085 [1bf80e8d-e7cf-464d-8232-233c95927dd6],15MM,15971253,500,0,24/07/2026,02/09/2026,12,21/08/2026,900574,,1bf80e8d-e7cf-464d-8232-233c95927dd6,ASICS,135869,1,NORMAL
DASS ITABERABA7014119584194130CM1597125915966119ASB005297820260724-1,OK,DASS ITABERABA,70,141195,1229356,84194,ATAC. M13741 6MM POLIESTER BRILHANTE COR 4085/BT [8a080e63-af43-41c7-9e04-ed13e654255b],130CM,15971259,193,15966119ASB0052978,24/07/2026,02/09/2026,12,21/08/2026,900575,,8a080e63-af43-41c7-9e04-ed13e654255b,ASICS,135870,1,NORMAL
DASS ITABERABA7014119584194140CM1597125915966119ASB005297820260724-1,OK,DASS ITABERABA,70,141195,1229356,84194,ATAC. M13741 6MM POLIESTER BRILHANTE COR 4085/BT [4331e900-4207-4960-9703-2cf8e5c4fb44],140CM,15971259,192,15966119ASB0052978,24/07/2026,02/09/2026,12,21/08/2026,900576,,4331e900-4207-4960-9703-2cf8e5c4fb44,ASICS,135870,2,NORMAL
DASS ITABERABA7014119584785130CM1597125915966148ASB005297920260724-1,OK,DASS ITABERABA,70,141195,1259764,84785,ATAC. M13741 6MM POLIESTER COR 5461/BT [8144ce41-4aaf-44c6-b1e7-7ace6471f358],130CM,15971259,488,15966148ASB0052979,24/07/2026,02/09/2026,12,21/08/2026,900577,,8144ce41-4aaf-44c6-b1e7-7ace6471f358,ASICS,135870,3,NORMAL
DASS ITABERABA7014119584785140CM1597125915966148ASB005297920260724-1,OK,DASS ITABERABA,70,141195,1259764,84785,ATAC. M13741 6MM POLIESTER COR 5461/BT [8b98654e-dcf0-4de5-8ad6-3e49e2f800bc],140CM,15971259,253,15966148ASB0052979,24/07/2026,02/09/2026,12,21/08/2026,900578,,8b98654e-dcf0-4de5-8ad6-3e49e2f800bc,ASICS,135870,4,NORMAL
DASS ITABERABA7014119584206110CM1597125915966173ASB005301620260724-1,OK,DASS ITABERABA,70,141195,1229330,84206,ATAC. M18006 POLIESTER COR 4085 [e46e0bc3-5ec8-42d6-9487-8988eadd74f9],110CM,15971259,726,15966173ASB0053016,24/07/2026,02/09/2026,12,21/08/2026,900579,,e46e0bc3-5ec8-42d6-9487-8988eadd74f9,ASICS,135870,5,NORMAL
DASS ITABERABA7014119584206120CM1597125915966166ASB005299420260724-1,OK,DASS ITABERABA,70,141195,1229330,84206,ATAC. M18006 POLIESTER COR 4085 [e8a39165-603c-44da-9ad4-2585e66fcdc8],120CM,15971259,964,15966166ASB0052994,24/07/2026,02/09/2026,12,21/08/2026,900580,,e8a39165-603c-44da-9ad4-2585e66fcdc8,ASICS,135870,6,NORMAL
DASS ITABERABA7014119584206120CM1597125915966173ASB005301620260724-1,OK,DASS ITABERABA,70,141195,1229330,84206,ATAC. M18006 POLIESTER COR 4085 [8656e98a-c6b0-4240-93e4-e5854cf1babd],120CM,15971259,410,15966173ASB0053016,24/07/2026,02/09/2026,12,21/08/2026,900581,,8656e98a-c6b0-4240-93e4-e5854cf1babd,ASICS,135870,7,NORMAL
DASS ITABERABA7014119584206130CM1597125915966166ASB005299420260724-1,OK,DASS ITABERABA,70,141195,1229330,84206,ATAC. M18006 POLIESTER COR 4085 [a4dda7de-26ed-4661-a339-dadacdcde807],130CM,15971259,346,15966166ASB0052994,24/07/2026,02/09/2026,12,21/08/2026,900582,,a4dda7de-26ed-4661-a339-dadacdcde807,ASICS,135870,8,NORMAL
DASS ITABERABA7014119585476130CM1597125915966121ASB005303520260724-1,OK,DASS ITABERABA,70,141195,1231865,85476,ATAC. M22037 6MM REFLEX COR 4085/1 [30468f15-9e13-462f-88a0-24028adfb3c3],130CM,15971259,605,15966121ASB0053035,24/07/2026,02/09/2026,12,21/08/2026,900583,,30468f15-9e13-462f-88a0-24028adfb3c3,ASICS,135870,9,NORMAL
DASS ITABERABA7014119585476130CM1597125915966122ASB005303520260724-1,OK,DASS ITABERABA,70,141195,1231865,85476,ATAC. M22037 6MM REFLEX COR 4085/1 [42d17aee-5927-4a1e-ab1f-d68f6b79c0c6],130CM,15971259,621,15966122ASB0053035,24/07/2026,02/09/2026,12,21/08/2026,900584,,42d17aee-5927-4a1e-ab1f-d68f6b79c0c6,ASICS,135870,10,NORMAL
DASS ITABERABA7014119585476140CM1597125915966121ASB005303520260724-1,OK,DASS ITABERABA,70,141195,1231865,85476,ATAC. M22037 6MM REFLEX COR 4085/1 [243a55b8-5cd1-46c3-b527-fceb39131f66],140CM,15971259,192,15966121ASB0053035,24/07/2026,02/09/2026,12,21/08/2026,900585,,243a55b8-5cd1-46c3-b527-fceb39131f66,ASICS,135870,11,NORMAL
DASS ITABERABA7014119585476140CM1597125915966122ASB005303520260724-1,OK,DASS ITABERABA,70,141195,1231865,85476,ATAC. M22037 6MM REFLEX COR 4085/1 [fdb93386-ce76-4a69-bc04-1406eb19f22a],140CM,15971259,228,15966122ASB0053035,24/07/2026,02/09/2026,12,21/08/2026,900586,,fdb93386-ce76-4a69-bc04-1406eb19f22a,ASICS,135870,12,NORMAL
DASS ITABERABA7014119591133130CM1597125915966123ASB005303620260724-1,OK,DASS ITABERABA,70,141195,1365482,91133,ATAC. M22037 6MM REFLEX COR 5711 [342d8c1e-e087-4357-a806-d4883922adcf],130CM,15971259,1145,15966123ASB0053036,24/07/2026,02/09/2026,12,21/08/2026,900587,,342d8c1e-e087-4357-a806-d4883922adcf,ASICS,135870,13,NORMAL
DASS ITABERABA7014119591133140CM1597125915966123ASB005303620260724-1,OK,DASS ITABERABA,70,141195,1365482,91133,ATAC. M22037 6MM REFLEX COR 5711 [b09a5bab-57c1-49bd-b792-2282a9cb3145],140CM,15971259,328,15966123ASB0053036,24/07/2026,02/09/2026,12,21/08/2026,900588,,b09a5bab-57c1-49bd-b792-2282a9cb3145,ASICS,135870,14,NORMAL
DASS ITABERABA7014119594773130CM1597125915966124ASB005303820260724-1,OK,DASS ITABERABA,70,141195,1392977,94773,ATAC. M22037 6MM REFLEX COR 6127/1 [601fc6a6-0615-45ee-b3eb-6dbab22d0eba],130CM,15971259,779,15966124ASB0053038,24/07/2026,02/09/2026,12,21/08/2026,900589,,601fc6a6-0615-45ee-b3eb-6dbab22d0eba,ASICS,135870,15,NORMAL
DASS ITABERABA7014119594773140CM1597125915966124ASB005303820260724-1,OK,DASS ITABERABA,70,141195,1392977,94773,ATAC. M22037 6MM REFLEX COR 6127/1 [6fe0ae29-97b8-46bf-a7b9-a41743725460],140CM,15971259,346,15966124ASB0053038,24/07/2026,02/09/2026,12,21/08/2026,900590,,6fe0ae29-97b8-46bf-a7b9-a41743725460,ASICS,135870,16,NORMAL
DASS ITABERABA7014119587706130CM1597125915966164ASB005304720260724-1,OK,DASS ITABERABA,70,141195,1313035,87706,ATAC. 6AL 6MM POLIESTER COR 987 [7d5b2b4f-9257-4dd3-87d9-d2d0ac8c8919],130CM,15971259,326,15966164ASB0053047,24/07/2026,02/09/2026,12,21/08/2026,900591,,7d5b2b4f-9257-4dd3-87d9-d2d0ac8c8919,ASICS,135870,17,NORMAL
DASS ITABERABA7014119587706140CM1597125915966164ASB005304720260724-1,OK,DASS ITABERABA,70,141195,1313035,87706,ATAC. 6AL 6MM POLIESTER COR 987 [8e279281-fb58-4f4e-99db-da8d4808c9db],140CM,15971259,95,15966164ASB0053047,24/07/2026,02/09/2026,12,21/08/2026,900592,,8e279281-fb58-4f4e-99db-da8d4808c9db,ASICS,135870,18,NORMAL
DASS ITABERABA7014119584269120CM1597125915966147ASB005305020260724-1,OK,DASS ITABERABA,70,141195,980687,84269,ATAC. M12109 8MM POLIESTER COR 987 [ff725f42-6851-4211-912d-ea52b9aedc21],120CM,15971259,559,15966147ASB0053050,24/07/2026,02/09/2026,12,21/08/2026,900593,,ff725f42-6851-4211-912d-ea52b9aedc21,ASICS,135870,19,NORMAL
DASS ITABERABA7014119584269130CM1597125915966145ASB005303020260724-1,OK,DASS ITABERABA,70,141195,980687,84269,ATAC. M12109 8MM POLIESTER COR 987 [f6d2e7b6-d957-4860-ae3b-0315359f90d1],130CM,15971259,457,15966145ASB0053030,24/07/2026,02/09/2026,12,21/08/2026,900594,,f6d2e7b6-d957-4860-ae3b-0315359f90d1,ASICS,135870,20,NORMAL
DASS ITABERABA7014119590989120CM1597125915966146ASB005304920260724-1,OK,DASS ITABERABA,70,141195,1365268,90989,ATAC. M12109 8MM POLIESTER COR 4085 [aae3cd72-598d-4a2d-8fb2-8470dae14f57],120CM,15971259,187,15966146ASB0053049,24/07/2026,02/09/2026,12,21/08/2026,900595,,aae3cd72-598d-4a2d-8fb2-8470dae14f57,ASICS,135870,21,NORMAL
DASS ITABERABA7014119590989130CM1597125915966144ASB005302820260724-1,OK,DASS ITABERABA,70,141195,1365268,90989,ATAC. M12109 8MM POLIESTER COR 4085 [03450693-bb07-4897-8921-225205492adf],130CM,15971259,717,15966144ASB0053028,24/07/2026,02/09/2026,12,21/08/2026,900596,,03450693-bb07-4897-8921-225205492adf,ASICS,135870,22,NORMAL
DASS ITABERABA7014119590989130CM1597125915966146ASB005304920260724-1,OK,DASS ITABERABA,70,141195,1365268,90989,ATAC. M12109 8MM POLIESTER COR 4085 [8c07ae87-8123-40f8-be9b-2330f51ee187],130CM,15971259,186,15966146ASB0053049,24/07/2026,02/09/2026,12,21/08/2026,900597,,8c07ae87-8123-40f8-be9b-2330f51ee187,ASICS,135870,23,NORMAL
DASS ITABERABA70141196930221.8MM1597126320260724-1,OK,DASS ITABERABA,70,141196,1400176,93022,CORDAO M9099 POLIESTER COR 4085 [58d8cddc-6950-4f80-9fb4-894cad096be1],1.8MM,15971263,1200,0,24/07/2026,02/09/2026,12,21/08/2026,900598,,58d8cddc-6950-4f80-9fb4-894cad096be1,ASICS,135871,1,NORMAL
DASS ITABERABA701418087716715MM1604000820260812-1,OK,DASS ITABERABA,70,141808,1304586,77167,FITA MFGP POLIESTER COR 206 [6e456138-75cf-405f-aad0-7aef3a5e9b15],15MM,16040008,110,0,12/08/2026,02/09/2026,12,21/08/2026,900599,,6e456138-75cf-405f-aad0-7aef3a5e9b15,UMBRO,136497,1,NORMAL
DASS ITABERABA701418096956415MM1604001920260812-1,OK,DASS ITABERABA,70,141809,715810,69564,FITA MFGP POLIESTER COR 100 [bceb94f3-26c8-4292-9943-256526ce819a],15MM,16040019,610,0,12/08/2026,02/09/2026,12,21/08/2026,900600,,bceb94f3-26c8-4292-9943-256526ce819a,UMBRO,136498,1,NORMAL
DASS ITABERABA701418097327615MM1604001920260812-1,OK,DASS ITABERABA,70,141809,719432,73276,FITA MFGP POLIESTER COR 057 [9aee72ff-143d-4077-b86a-b8f2523baa17],15MM,16040019,260,0,12/08/2026,02/09/2026,12,21/08/2026,900601,,9aee72ff-143d-4077-b86a-b8f2523baa17,UMBRO,136498,2,NORMAL
DASS VITORIA39114094795643110CM1593932815936850BRI010403-20260717-1,OK,DASS VITORIA,391,140947,827533,95643,ATAC. M13801 POLIESTER COR 100 [9e0b1b7f-23b1-4aef-9799-92b1b31a2da3],110CM,15939328,288,15936850BRI010403-,17/07/2026,02/09/2026,12,21/08/2026,900602,,9e0b1b7f-23b1-4aef-9799-92b1b31a2da3,UMBRO,135634,1,CONTA E ORDEM VITÓRIA X ITABERABA
DASS VITORIA39114094795643110CM1593932815936851BRI010403-20260717-1,OK,DASS VITORIA,391,140947,827533,95643,ATAC. M13801 POLIESTER COR 100 [53a46f20-fed5-4292-9b33-e62859d1e09d],110CM,15939328,288,15936851BRI010403-,17/07/2026,02/09/2026,12,21/08/2026,900603,,53a46f20-fed5-4292-9b33-e62859d1e09d,UMBRO,135634,2,CONTA E ORDEM VITÓRIA X ITABERABA
DASS VITORIA39114094795643110CM1593932815936853BRI010404-20260717-1,OK,DASS VITORIA,391,140947,827533,95643,ATAC. M13801 POLIESTER COR 100 [47928fb3-da30-43c6-81f1-2f997ff68d32],110CM,15939328,288,15936853BRI010404-,17/07/2026,02/09/2026,12,21/08/2026,900604,,47928fb3-da30-43c6-81f1-2f997ff68d32,UMBRO,135634,3,CONTA E ORDEM VITÓRIA X ITABERABA
DASS VITORIA39114094795643110CM1593932815936854BRI010404-20260717-1,OK,DASS VITORIA,391,140947,827533,95643,ATAC. M13801 POLIESTER COR 100 [a660acc9-4ed3-4ce8-9675-8ec6a1a82c26],110CM,15939328,288,15936854BRI010404-,17/07/2026,02/09/2026,12,21/08/2026,900605,,a660acc9-4ed3-4ce8-9675-8ec6a1a82c26,UMBRO,135634,4,CONTA E ORDEM VITÓRIA X ITABERABA
DASS VITORIA39114094795643110CM1593932815936856BRI010405-20260717-1,OK,DASS VITORIA,391,140947,827533,95643,ATAC. M13801 POLIESTER COR 100 [d231575f-4220-4262-a86f-b83ee50dd8c3],110CM,15939328,276,15936856BRI010405-,17/07/2026,02/09/2026,12,21/08/2026,900606,,d231575f-4220-4262-a86f-b83ee50dd8c3,UMBRO,135634,5,CONTA E ORDEM VITÓRIA X ITABERABA
DASS VITORIA39114094795643110CM1593932815936858BRI010405-20260717-1,OK,DASS VITORIA,391,140947,827533,95643,ATAC. M13801 POLIESTER COR 100 [4d404e5c-ddf6-4ee7-99c2-0908cff1edc7],110CM,15939328,288,15936858BRI010405-,17/07/2026,02/09/2026,12,21/08/2026,900607,,4d404e5c-ddf6-4ee7-99c2-0908cff1edc7,UMBRO,135634,6,CONTA E ORDEM VITÓRIA X ITABERABA
DASS VITORIA39114094795643120CM1593932815936850BRI010403-20260717-1,OK,DASS VITORIA,391,140947,827533,95643,ATAC. M13801 POLIESTER COR 100 [7baab9e6-531d-447b-ac6b-9a9fd50bccf4],120CM,15939328,468,15936850BRI010403-,17/07/2026,02/09/2026,12,21/08/2026,900608,,7baab9e6-531d-447b-ac6b-9a9fd50bccf4,UMBRO,135634,7,CONTA E ORDEM VITÓRIA X ITABERABA
DASS VITORIA39114094795643120CM1593932815936851BRI010403-20260717-1,OK,DASS VITORIA,391,140947,827533,95643,ATAC. M13801 POLIESTER COR 100 [e3a21405-f8fd-4df8-9697-6b38ab577937],120CM,15939328,504,15936851BRI010403-,17/07/2026,02/09/2026,12,21/08/2026,900609,,e3a21405-f8fd-4df8-9697-6b38ab577937,UMBRO,135634,8,CONTA E ORDEM VITÓRIA X ITABERABA
DASS VITORIA39114094795643120CM1593932815936853BRI010404-20260717-1,OK,DASS VITORIA,391,140947,827533,95643,ATAC. M13801 POLIESTER COR 100 [6233b858-7f89-4e60-97eb-e1211db57300],120CM,15939328,456,15936853BRI010404-,17/07/2026,02/09/2026,12,21/08/2026,900610,,6233b858-7f89-4e60-97eb-e1211db57300,UMBRO,135634,9,CONTA E ORDEM VITÓRIA X ITABERABA
DASS VITORIA39114094795643120CM1593932815936854BRI010404-20260717-1,OK,DASS VITORIA,391,140947,827533,95643,ATAC. M13801 POLIESTER COR 100 [478359d6-166d-44be-ae5b-26d4402c9829],120CM,15939328,492,15936854BRI010404-,17/07/2026,02/09/2026,12,21/08/2026,900611,,478359d6-166d-44be-ae5b-26d4402c9829,UMBRO,135634,10,CONTA E ORDEM VITÓRIA X ITABERABA
DASS VITORIA39114094795643120CM1593932815936856BRI010405-20260717-1,OK,DASS VITORIA,391,140947,827533,95643,ATAC. M13801 POLIESTER COR 100 [cfde0059-98b2-4a05-aa04-aa1218a8296b],120CM,15939328,456,15936856BRI010405-,17/07/2026,02/09/2026,12,21/08/2026,900612,,cfde0059-98b2-4a05-aa04-aa1218a8296b,UMBRO,135634,11,CONTA E ORDEM VITÓRIA X ITABERABA
DASS VITORIA39114094795643120CM1593932815936858BRI010405-20260717-1,OK,DASS VITORIA,391,140947,827533,95643,ATAC. M13801 POLIESTER COR 100 [6363010e-9b43-45ef-bb4d-44f3293f6cd6],120CM,15939328,492,15936858BRI010405-,17/07/2026,02/09/2026,12,21/08/2026,900613,,6363010e-9b43-45ef-bb4d-44f3293f6cd6,UMBRO,135634,12,CONTA E ORDEM VITÓRIA X ITABERABA
DASS VITORIA39114094795644120CM1593932815936818BRI01039520260717-1,OK,DASS VITORIA,391,140947,827530,95644,ATAC. M13801 POLIESTER COR 102 [b8855c32-e443-43cf-97d5-23b5b133c385],120CM,15939328,324,15936818BRI010395,17/07/2026,02/09/2026,12,21/08/2026,900614,,b8855c32-e443-43cf-97d5-23b5b133c385,UMBRO,135634,13,CONTA E ORDEM VITÓRIA X ITABERABA
DASS VITORIA39114094795644130CM1593932815936818BRI01039520260717-1,OK,DASS VITORIA,391,140947,827530,95644,ATAC. M13801 POLIESTER COR 102 [60418205-a977-4080-849e-d451bea8274f],130CM,15939328,696,15936818BRI010395,17/07/2026,02/09/2026,12,21/08/2026,900615,,60418205-a977-4080-849e-d451bea8274f,UMBRO,135634,14,CONTA E ORDEM VITÓRIA X ITABERABA
DASS VITORIA39114094795645120CM1593932815936893BRI010399-20260717-1,OK,DASS VITORIA,391,140947,1328498,95645,ATAC. M13801 POLIESTER COR 058 [4ab72d1b-a3a8-47f6-80d8-a81909176800],120CM,15939328,324,15936893BRI010399-,17/07/2026,02/09/2026,12,21/08/2026,900616,,4ab72d1b-a3a8-47f6-80d8-a81909176800,UMBRO,135634,15,CONTA E ORDEM VITÓRIA X ITABERABA
DASS VITORIA39114094795645120CM1593932815936895BRI010399-20260717-1,OK,DASS VITORIA,391,140947,1328498,95645,ATAC. M13801 POLIESTER COR 058 [7b0c193f-8e45-4276-84d5-ecfff60a0246],120CM,15939328,324,15936895BRI010399-,17/07/2026,02/09/2026,12,21/08/2026,900617,,7b0c193f-8e45-4276-84d5-ecfff60a0246,UMBRO,135634,16,CONTA E ORDEM VITÓRIA X ITABERABA
DASS VITORIA39114094795645130CM1593932815936893BRI010399-20260717-1,OK,DASS VITORIA,391,140947,1328498,95645,ATAC. M13801 POLIESTER COR 058 [a50f54b6-bb38-4cea-b91e-0e234f9d4072],130CM,15939328,444,15936893BRI010399-,17/07/2026,02/09/2026,12,21/08/2026,900618,,a50f54b6-bb38-4cea-b91e-0e234f9d4072,UMBRO,135634,17,CONTA E ORDEM VITÓRIA X ITABERABA
DASS VITORIA39114094795645130CM1593932815936895BRI010399-20260717-1,OK,DASS VITORIA,391,140947,1328498,95645,ATAC. M13801 POLIESTER COR 058 [d946869c-ace1-487d-9e65-0620bbf670c6],130CM,15939328,456,15936895BRI010399-,17/07/2026,02/09/2026,12,21/08/2026,900619,,d946869c-ace1-487d-9e65-0620bbf670c6,UMBRO,135634,18,CONTA E ORDEM VITÓRIA X ITABERABA
DASS VITORIA39114149710536MM1600350720260803-1,OK,DASS VITORIA,391,141497,738316,1053,ELAST. MTM POLIESTER COR 100 [7c76d375-8c4b-44d0-804d-daa8b28549d2],6MM,16003507,320,0,03/08/2026,02/09/2026,12,21/08/2026,900620,,7c76d375-8c4b-44d0-804d-daa8b28549d2,UMBRO,136135,1,CONTA E ORDEM VITÓRIA X SANTO ANTÔNIO DE JESUS
DASS VITORIA391141497754456MM1600350720260803-1,OK,DASS VITORIA,391,141497,1371009,75445,ELAST. MTM POLIESTER COR 058 [ecd74c09-e731-459a-a8f1-b0fc7534ee1f],6MM,16003507,520,0,03/08/2026,02/09/2026,12,21/08/2026,900621,,ecd74c09-e731-459a-a8f1-b0fc7534ee1f,UMBRO,136135,2,CONTA E ORDEM VITÓRIA X SANTO ANTÔNIO DE JESUS
DASS VITORIA3911414978251110MM1600350720260803-1,OK,DASS VITORIA,391,141497,1075570,82511,FITA MFGP C/ GOMA POLIESTER COR 566 [74242ca6-2231-4836-98b4-801a73485cb8],10MM,16003507,50,0,03/08/2026,02/09/2026,12,21/08/2026,900622,,74242ca6-2231-4836-98b4-801a73485cb8,UMBRO,136135,3,CONTA E ORDEM VITÓRIA X SANTO ANTÔNIO DE JESUS
DASS VITORIA39114150395643120CM1600226815998366BRI010462-20260803-1,OK,DASS VITORIA,391,141503,827533,95643,ATAC. M13801 POLIESTER COR 100 [0892febc-4fd2-459e-9bac-9d724730613b],120CM,16002268,240,15998366BRI010462-,03/08/2026,02/09/2026,12,21/08/2026,900623,,0892febc-4fd2-459e-9bac-9d724730613b,UMBRO,136141,1,CONTA E ORDEM VITÓRIA X ITABERABA
DASS VITORIA39114150395643120CM1600226815998367BRI010462-20260803-1,OK,DASS VITORIA,391,141503,827533,95643,ATAC. M13801 POLIESTER COR 100 [59b82ffb-5aec-4184-873e-b3940d81742a],120CM,16002268,252,15998367BRI010462-,03/08/2026,02/09/2026,12,21/08/2026,900624,,59b82ffb-5aec-4184-873e-b3940d81742a,UMBRO,136141,2,CONTA E ORDEM VITÓRIA X ITABERABA
DASS VITORIA39114150395643130CM1600226815998366BRI010462-20260803-1,OK,DASS VITORIA,391,141503,827533,95643,ATAC. M13801 POLIESTER COR 100 [f0a9574a-3e26-4e78-a730-5f8d5485996f],130CM,16002268,576,15998366BRI010462-,03/08/2026,02/09/2026,12,21/08/2026,900625,,f0a9574a-3e26-4e78-a730-5f8d5485996f,UMBRO,136141,3,CONTA E ORDEM VITÓRIA X ITABERABA
DASS VITORIA39114150395643130CM1600226815998367BRI010462-20260803-1,OK,DASS VITORIA,391,141503,827533,95643,ATAC. M13801 POLIESTER COR 100 [1eb0d8bb-5437-40e0-84b9-a70e31f5729b],130CM,16002268,600,15998367BRI010462-,03/08/2026,02/09/2026,12,21/08/2026,900626,,1eb0d8bb-5437-40e0-84b9-a70e31f5729b,UMBRO,136141,4,CONTA E ORDEM VITÓRIA X ITABERABA
DASS VITORIA39114150395644120CM1600226815998365BRI01046120260803-1,OK,DASS VITORIA,391,141503,827530,95644,ATAC. M13801 POLIESTER COR 102 [773ef1b1-3966-43af-99c6-e13d04f8d339],120CM,16002268,156,15998365BRI010461,03/08/2026,02/09/2026,12,21/08/2026,900627,,773ef1b1-3966-43af-99c6-e13d04f8d339,UMBRO,136141,5,CONTA E ORDEM VITÓRIA X ITABERABA
DASS VITORIA39114150395644130CM1600226815998365BRI01046120260803-1,OK,DASS VITORIA,391,141503,827530,95644,ATAC. M13801 POLIESTER COR 102 [186678ec-f5f1-4aab-a740-33dfb8a21c85],130CM,16002268,336,15998365BRI010461,03/08/2026,02/09/2026,12,21/08/2026,900628,,186678ec-f5f1-4aab-a740-33dfb8a21c85,UMBRO,136141,6,CONTA E ORDEM VITÓRIA X ITABERABA
DASS VITORIA39114150395645120CM1600226815998376BRI01046520260803-1,OK,DASS VITORIA,391,141503,1328498,95645,ATAC. M13801 POLIESTER COR 058 [b72af30d-0447-4522-bb84-700985c32ee1],120CM,16002268,312,15998376BRI010465,03/08/2026,02/09/2026,12,21/08/2026,900629,,b72af30d-0447-4522-bb84-700985c32ee1,UMBRO,136141,7,CONTA E ORDEM VITÓRIA X ITABERABA
DASS VITORIA39114150395645130CM1600226815998376BRI01046520260803-1,OK,DASS VITORIA,391,141503,1328498,95645,ATAC. M13801 POLIESTER COR 058 [318187c5-ee32-4e3c-b3b2-ca83017e8d80],130CM,16002268,708,15998376BRI010465,03/08/2026,02/09/2026,12,21/08/2026,900630,,318187c5-ee32-4e3c-b3b2-ca83017e8d80,UMBRO,136141,8,CONTA E ORDEM VITÓRIA X ITABERABA
DASS VITORIA39114150973479100CM1600351415999970BRSAU0042720260803-1,OK,DASS VITORIA,391,141509,818742,73479,ATAC. M13054 POLIESTER COR 213 [6b9cc972-977f-4536-9c20-647d8f6dbc7c],100CM,16003514,588,15999970BRSAU00427,03/08/2026,02/09/2026,12,21/08/2026,900631,,6b9cc972-977f-4536-9c20-647d8f6dbc7c,UMBRO,136146,1,CONTA E ORDEM VITÓRIA X SANTO ANTÔNIO DE JESUS
DASS SEST713928286418100CM1577519815773825NBR328288520260602-1,OK,DASS SEST,7,139282,1278311,86418,ATAC. MR140014 6MM RECICLADO COR 4662/PET [25e0f081-cc9f-4d46-9237-cf826983ff1a],100CM,15775198,144,15773825NBR3282885,02/06/2026,08/09/2026,18,21/08/2026,900632,,25e0f081-cc9f-4d46-9237-cf826983ff1a,NIKE,133902,,
DASS SEST713928286418100CM1577519815773827NBR328288520260602-1,OK,DASS SEST,7,139282,1278311,86418,ATAC. MR140014 6MM RECICLADO COR 4662/PET [8560d32f-8220-45e8-84bb-bc2fbf434d67],100CM,15775198,144,15773827NBR3282885,02/06/2026,08/09/2026,18,21/08/2026,900633,,8560d32f-8220-45e8-84bb-bc2fbf434d67,NIKE,133902,,
DASS SEST713928286418105CM1577519815773825NBR328288520260602-1,OK,DASS SEST,7,139282,1278311,86418,ATAC. MR140014 6MM RECICLADO COR 4662/PET [64e0a73b-67e7-4729-b907-d75ce05bc6f1],105CM,15775198,963,15773825NBR3282885,02/06/2026,08/09/2026,18,21/08/2026,900634,,64e0a73b-67e7-4729-b907-d75ce05bc6f1,NIKE,133902,,
DASS SEST713928286418105CM1577519815773827NBR328288520260602-1,OK,DASS SEST,7,139282,1278311,86418,ATAC. MR140014 6MM RECICLADO COR 4662/PET [b15afd9b-ce9b-4f5c-af3d-ef54266bf06b],105CM,15775198,1014,15773827NBR3282885,02/06/2026,08/09/2026,18,21/08/2026,900635,,b15afd9b-ce9b-4f5c-af3d-ef54266bf06b,NIKE,133902,,
DASS SEST713928286418110CM1577519815773825NBR328288520260602-1,OK,DASS SEST,7,139282,1278311,86418,ATAC. MR140014 6MM RECICLADO COR 4662/PET [38ca225b-a19f-4170-b26b-3161b91ebafc],110CM,15775198,60,15773825NBR3282885,02/06/2026,08/09/2026,18,21/08/2026,900636,,38ca225b-a19f-4170-b26b-3161b91ebafc,NIKE,133902,,
DASS SEST713928286418110CM1577519815773827NBR328288520260602-1,OK,DASS SEST,7,139282,1278311,86418,ATAC. MR140014 6MM RECICLADO COR 4662/PET [de143ee0-5ee9-4490-9f26-64a3a684e660],110CM,15775198,60,15773827NBR3282885,02/06/2026,08/09/2026,18,21/08/2026,900637,,de143ee0-5ee9-4490-9f26-64a3a684e660,NIKE,133902,,
DASS SEST713928295705105CM1577519815773834NBR328291820260602-1,OK,DASS SEST,7,139282,1360726,95705,ATAC. MR140014 6MM RECICLADO COR 057/PET [7041baff-b985-48b8-a09a-f5442078d2a8],105CM,15775198,168,15773834NBR3282918,02/06/2026,08/09/2026,18,21/08/2026,900638,,7041baff-b985-48b8-a09a-f5442078d2a8,NIKE,133902,,
DASS SEST713928295705105CM1577519815773835NBR328291820260602-1,OK,DASS SEST,7,139282,1360726,95705,ATAC. MR140014 6MM RECICLADO COR 057/PET [36301b8a-f48c-4e31-a9d7-30cd49a9498e],105CM,15775198,210,15773835NBR3282918,02/06/2026,08/09/2026,18,21/08/2026,900639,,36301b8a-f48c-4e31-a9d7-30cd49a9498e,NIKE,133902,,
DASS SEST713928295705110CM1577519815773834NBR328291820260602-1,OK,DASS SEST,7,139282,1360726,95705,ATAC. MR140014 6MM RECICLADO COR 057/PET [6403f035-7cd9-428c-8539-214bfc97b676],110CM,15775198,542,15773834NBR3282918,02/06/2026,08/09/2026,18,21/08/2026,900640,,6403f035-7cd9-428c-8539-214bfc97b676,NIKE,133902,,
DASS SEST713928295705110CM1577519815773835NBR328291820260602-1,OK,DASS SEST,7,139282,1360726,95705,ATAC. MR140014 6MM RECICLADO COR 057/PET [1ee9510d-dc6b-4cca-b962-c5e60bd8c108],110CM,15775198,534,15773835NBR3282918,02/06/2026,08/09/2026,18,21/08/2026,900641,,1ee9510d-dc6b-4cca-b962-c5e60bd8c108,NIKE,133902,,
DASS SEST713928295705115CM1577519815773834NBR328291820260602-1,OK,DASS SEST,7,139282,1360726,95705,ATAC. MR140014 6MM RECICLADO COR 057/PET [448f56d5-b006-4fff-8a3e-174c79a67df9],115CM,15775198,204,15773834NBR3282918,02/06/2026,08/09/2026,18,21/08/2026,900642,,448f56d5-b006-4fff-8a3e-174c79a67df9,NIKE,133902,,
DASS SEST713928295705115CM1577519815773835NBR328291820260602-1,OK,DASS SEST,7,139282,1360726,95705,ATAC. MR140014 6MM RECICLADO COR 057/PET [6658da58-4544-41fe-8f76-2c183e077fdc],115CM,15775198,228,15773835NBR3282918,02/06/2026,08/09/2026,18,21/08/2026,900643,,6658da58-4544-41fe-8f76-2c183e077fdc,NIKE,133902,,
DASS SEST713957486978100CM1581641415815477NBR328290520260611-1,OK,DASS SEST,7,139574,1299257,86978,ATAC. MR130027 6MM RECICLADO COR 4085/PET [a14fde0b-6025-460f-8cb9-6ca73cf4ef94],100CM,15816414,192,15815477NBR3282905,11/06/2026,08/09/2026,18,21/08/2026,900644,,a14fde0b-6025-460f-8cb9-6ca73cf4ef94,NIKE,134325,1,
DASS SEST713957486978100CM1581641415815478NBR328290520260611-1,OK,DASS SEST,7,139574,1299257,86978,ATAC. MR130027 6MM RECICLADO COR 4085/PET [c4405973-6f9d-414a-b920-381daca51e8e],100CM,15816414,241,15815478NBR3282905,11/06/2026,08/09/2026,18,21/08/2026,900645,,c4405973-6f9d-414a-b920-381daca51e8e,NIKE,134325,2,
DASS SEST713957486978105CM1581641415815477NBR328290520260611-1,OK,DASS SEST,7,139574,1299257,86978,ATAC. MR130027 6MM RECICLADO COR 4085/PET [0ed635df-a9a0-4097-98ab-d21559ff8b09],105CM,15816414,658,15815477NBR3282905,11/06/2026,08/09/2026,18,21/08/2026,900646,,0ed635df-a9a0-4097-98ab-d21559ff8b09,NIKE,134325,3,
DASS SEST713957486978105CM1581641415815478NBR328290520260611-1,OK,DASS SEST,7,139574,1299257,86978,ATAC. MR130027 6MM RECICLADO COR 4085/PET [9c9e4658-2025-4f9a-8c88-2704c0c19c59],105CM,15816414,673,15815478NBR3282905,11/06/2026,08/09/2026,18,21/08/2026,900647,,9c9e4658-2025-4f9a-8c88-2704c0c19c59,NIKE,134325,4,
DASS SEST713957486978110CM1581641415815477NBR328290520260611-1,OK,DASS SEST,7,139574,1299257,86978,ATAC. MR130027 6MM RECICLADO COR 4085/PET [824e2d70-3d0c-410f-b6a8-cee5d1a581e4],110CM,15816414,180,15815477NBR3282905,11/06/2026,08/09/2026,18,21/08/2026,900648,,824e2d70-3d0c-410f-b6a8-cee5d1a581e4,NIKE,134325,5,
DASS SEST713957486978110CM1581641415815478NBR328290520260611-1,OK,DASS SEST,7,139574,1299257,86978,ATAC. MR130027 6MM RECICLADO COR 4085/PET [a4348c10-766e-42ea-a99b-fd71bcf72805],110CM,15816414,204,15815478NBR3282905,11/06/2026,08/09/2026,18,21/08/2026,900649,,a4348c10-766e-42ea-a99b-fd71bcf72805,NIKE,134325,6,
DASS SEST71395748869595CM1581641415815491NBR328284720260611-1,OK,DASS SEST,7,139574,1301800,88695,ATAC. MR130027 6MM RECICLADO COR 4662/PET [28f6116d-d7f5-450f-90db-ec4bbe318a2b],95CM,15816414,427,15815491NBR3282847,11/06/2026,08/09/2026,18,21/08/2026,900650,,28f6116d-d7f5-450f-90db-ec4bbe318a2b,NIKE,134325,7,
DASS SEST713957488695100CM1581641415815491NBR328284720260611-1,OK,DASS SEST,7,139574,1301800,88695,ATAC. MR130027 6MM RECICLADO COR 4662/PET [18936d5a-498e-437c-b22a-5473a83877ca],100CM,15816414,538,15815491NBR3282847,11/06/2026,08/09/2026,18,21/08/2026,900651,,18936d5a-498e-437c-b22a-5473a83877ca,NIKE,134325,8,
DASS SEST713957488695100CM1581641415815497NBR328289320260611-1,OK,DASS SEST,7,139574,1301800,88695,ATAC. MR130027 6MM RECICLADO COR 4662/PET [de254ead-0dfc-4164-adfd-58afab4d2330],100CM,15816414,256,15815497NBR3282893,11/06/2026,08/09/2026,18,21/08/2026,900652,,de254ead-0dfc-4164-adfd-58afab4d2330,NIKE,134325,9,
DASS SEST713957488695105CM1581641415815491NBR328284720260611-1,OK,DASS SEST,7,139574,1301800,88695,ATAC. MR130027 6MM RECICLADO COR 4662/PET [2516f41c-8f36-42e2-833d-0eeba6c038f4],105CM,15816414,61,15815491NBR3282847,11/06/2026,08/09/2026,18,21/08/2026,900653,,2516f41c-8f36-42e2-833d-0eeba6c038f4,NIKE,134325,10,
DASS SEST713957488695105CM1581641415815497NBR328289320260611-1,OK,DASS SEST,7,139574,1301800,88695,ATAC. MR130027 6MM RECICLADO COR 4662/PET [f2939d25-ed13-4706-9057-1e1513baeeef],105CM,15816414,788,15815497NBR3282893,11/06/2026,08/09/2026,18,21/08/2026,900654,,f2939d25-ed13-4706-9057-1e1513baeeef,NIKE,134325,11,
DASS SEST713957488695110CM1581641415815497NBR328289320260611-1,OK,DASS SEST,7,139574,1301800,88695,ATAC. MR130027 6MM RECICLADO COR 4662/PET [f7375ca7-8d14-4917-b52b-14704ea6c909],110CM,15816414,231,15815497NBR3282893,11/06/2026,08/09/2026,18,21/08/2026,900655,,f7375ca7-8d14-4917-b52b-14704ea6c909,NIKE,134325,12,
DASS SEST713965682628100CM1581991015818122NBR328303920260612-1,OK,DASS SEST,7,139656,1188919,82628,ATAC. MR140014 6MM RECICLADO COR 4085/PET [e9ff78fe-02e8-4263-a252-e67659c56bd3],100CM,15819910,12,15818122NBR3283039,12/06/2026,08/09/2026,18,21/08/2026,900656,,e9ff78fe-02e8-4263-a252-e67659c56bd3,NIKE,134366,1,
DASS SEST713965682628105CM1581991015818122NBR328303920260612-1,OK,DASS SEST,7,139656,1188919,82628,ATAC. MR140014 6MM RECICLADO COR 4085/PET [d9104fc5-9129-4b46-9145-90d53e47b496],105CM,15819910,264,15818122NBR3283039,12/06/2026,08/09/2026,18,21/08/2026,900657,,d9104fc5-9129-4b46-9145-90d53e47b496,NIKE,134366,2,
DASS SEST713965682628105CM1581991015818123NBR328303920260612-1,OK,DASS SEST,7,139656,1188919,82628,ATAC. MR140014 6MM RECICLADO COR 4085/PET [d388df12-0b4e-440a-9b74-79ff77cbdfbe],105CM,15819910,276,15818123NBR3283039,12/06/2026,08/09/2026,18,21/08/2026,900658,,d388df12-0b4e-440a-9b74-79ff77cbdfbe,NIKE,134366,3,
DASS SEST713965682628110CM1581991015818122NBR328303920260612-1,OK,DASS SEST,7,139656,1188919,82628,ATAC. MR140014 6MM RECICLADO COR 4085/PET [34d00a98-8985-4648-a3b0-fae25575c6ff],110CM,15819910,389,15818122NBR3283039,12/06/2026,08/09/2026,18,21/08/2026,900659,,34d00a98-8985-4648-a3b0-fae25575c6ff,NIKE,134366,4,
DASS SEST713965682628110CM1581991015818123NBR328303920260612-1,OK,DASS SEST,7,139656,1188919,82628,ATAC. MR140014 6MM RECICLADO COR 4085/PET [2e7d6e62-2872-49c5-9224-f3475d96e282],110CM,15819910,413,15818123NBR3283039,12/06/2026,08/09/2026,18,21/08/2026,900660,,2e7d6e62-2872-49c5-9224-f3475d96e282,NIKE,134366,5,
DASS SEST713965682628115CM1581991015818122NBR328303920260612-1,OK,DASS SEST,7,139656,1188919,82628,ATAC. MR140014 6MM RECICLADO COR 4085/PET [1801882e-e1fc-4c70-9bb5-3aae7163e037],115CM,15819910,48,15818122NBR3283039,12/06/2026,08/09/2026,18,21/08/2026,900661,,1801882e-e1fc-4c70-9bb5-3aae7163e037,NIKE,134366,6,
DASS SEST713965682628115CM1581991015818123NBR328303920260612-1,OK,DASS SEST,7,139656,1188919,82628,ATAC. MR140014 6MM RECICLADO COR 4085/PET [a06e5725-4525-444e-8eee-8861d9586745],115CM,15819910,55,15818123NBR3283039,12/06/2026,08/09/2026,18,21/08/2026,900662,,a06e5725-4525-444e-8eee-8861d9586745,NIKE,134366,7,
DASS SEST713965688451100CM1581991015818134NBR328290220260612-1,OK,DASS SEST,7,139656,1324864,88451,ATAC. MR140014 6MM RECICLADO COR 5687/PET [eb250110-e6cd-44ad-928b-e43745d60725],100CM,15819910,680,15818134NBR3282902,12/06/2026,08/09/2026,18,21/08/2026,900663,,eb250110-e6cd-44ad-928b-e43745d60725,NIKE,134366,8,
DASS SEST713965688451105CM1581991015818134NBR328290220260612-1,OK,DASS SEST,7,139656,1324864,88451,ATAC. MR140014 6MM RECICLADO COR 5687/PET [a6112cde-a358-476c-bde1-97e299e3a7da],105CM,15819910,340,15818134NBR3282902,12/06/2026,08/09/2026,18,21/08/2026,900664,,a6112cde-a358-476c-bde1-97e299e3a7da,NIKE,134366,9,
DASS SEST71396577400710MM1582017020260612-1,OK,DASS SEST,7,139657,1200469,74007,FITA M32164 C/ GOMA POLIESTER COR 4085 [61f57551-0ecb-4220-951b-1309f9fb5953],10MM,15820170,80,0,12/06/2026,08/09/2026,18,21/08/2026,900665,,61f57551-0ecb-4220-951b-1309f9fb5953,NIKE,134367,1,
DASS SEST71396578373910MM1582017020260612-1,OK,DASS SEST,7,139657,1247438,83739,FITA M32164 C/ GOMA POLIESTER COR 4662 [c5a39f34-1886-40da-a0a7-106bb66ad297],10MM,15820170,140,0,12/06/2026,08/09/2026,18,21/08/2026,900666,,c5a39f34-1886-40da-a0a7-106bb66ad297,NIKE,134367,2,
DASS SEST71399359296316MM1584966320260622-1,OK,DASS SEST,7,139935,1353470,92963,FITA M31119 C/ GOMA POLIESTER COR 102 / COR 100 / COR 100 [67fbb122-e11f-4404-bd09-d2f57566ef60],16MM,15849663,430,0,22/06/2026,08/09/2026,18,21/08/2026,900667,,67fbb122-e11f-4404-bd09-d2f57566ef60,FILA,134611,1,
DASS SEST71399359530116MM1584966320260622-1,OK,DASS SEST,7,139935,1416908,95301,FITA M31119 C/ GOMA POLIESTER COR 6038 / COR 5508 / COR 5508 [6441b336-56e3-4957-abb6-2a430b0c3776],16MM,15849663,180,0,22/06/2026,08/09/2026,18,21/08/2026,900668,,6441b336-56e3-4957-abb6-2a430b0c3776,FILA,134611,2,
DASS SEST71399359530216MM1584966320260622-1,OK,DASS SEST,7,139935,1416741,95302,FITA M31119 C/ GOMA POLIESTER COR 102 / COR 5508 / COR 5508 [e14aa8e5-6e55-4cdd-b489-5d46bd6d0c29],16MM,15849663,210,0,22/06/2026,08/09/2026,18,21/08/2026,900669,,e14aa8e5-6e55-4cdd-b489-5d46bd6d0c29,FILA,134611,3,
DASS SEST71399359548716MM1584966320260622-1,OK,DASS SEST,7,139935,1353472,95487,FITA M31119 C/ GOMA POLIESTER COR 5703 / COR 114 / COR 114 [76e3e9d1-2336-4512-a05f-c53f22ef3923],16MM,15849663,690,0,22/06/2026,08/09/2026,18,21/08/2026,900670,,76e3e9d1-2336-4512-a05f-c53f22ef3923,FILA,134611,4,
DASS SEST71399359549116MM1584966320260622-1,OK,DASS SEST,7,139935,1416938,95491,FITA M31119 C/ GOMA POLIESTER COR 6001 / COR 5508 / COR 5508 [d5d2151e-017b-4be1-9261-33dfc97301e1],16MM,15849663,810,0,22/06/2026,08/09/2026,18,21/08/2026,900671,,d5d2151e-017b-4be1-9261-33dfc97301e1,FILA,134611,5,
DASS SEST713993695488135CM1584968115845708BR314794-A20260622-1,OK,DASS SEST,7,139936,1423776,95488,ATAC. M60132 ALPINA COR 2000 [65ca0118-9471-43a0-8dcb-453cb75c5c99],135CM,15849681,528,15845708BR314794-A,22/06/2026,08/09/2026,18,21/08/2026,900672,,65ca0118-9471-43a0-8dcb-453cb75c5c99,FILA,134612,1,
DASS SEST713993695488145CM1584968115845708BR314794-A20260622-1,OK,DASS SEST,7,139936,1423776,95488,ATAC. M60132 ALPINA COR 2000 [8554b99a-dfc6-443f-85b3-dabe2b8d1db6],145CM,15849681,336,15845708BR314794-A,22/06/2026,08/09/2026,18,21/08/2026,900673,,8554b99a-dfc6-443f-85b3-dabe2b8d1db6,FILA,134612,2,
DASS SEST71400978262418MM1585646720260625-1,OK,DASS SEST,7,140097,1220520,82624,FITA MR100037 C/ GOMA RECICLADO COR 100/PET [f989e200-66e3-4a1b-b60b-d997b4462ac2],18MM,15856467,410,0,25/06/2026,08/09/2026,18,21/08/2026,900674,,f989e200-66e3-4a1b-b60b-d997b4462ac2,NIKE,134786,1,
DASS SEST71400979235610MM1585646720260625-1,OK,DASS SEST,7,140097,1359567,92356,FITA MR100005 C/ GOMA RECICLADO COR 5481/1PET [1b548e8b-e7af-4cbd-ac89-985bcce5359c],10MM,15856467,190,0,25/06/2026,08/09/2026,18,21/08/2026,900675,,1b548e8b-e7af-4cbd-ac89-985bcce5359c,NIKE,134786,2,
DASS SEST71400987423615MM1585981820260625-1,OK,DASS SEST,7,140098,1187785,74236,FITA MR100001 C/ GOMA RECICLADO COR 4662/PET [ca8e8449-5d43-496c-a1c8-a0f1225bf067],15MM,15859818,310,0,25/06/2026,08/09/2026,18,21/08/2026,900676,,ca8e8449-5d43-496c-a1c8-a0f1225bf067,NIKE,134787,1,
DASS SEST714012888668110CM1585579015851096NBR328301720260625-1,OK,DASS SEST,7,140128,1304277,88668,ATAC. MR110022 7MM RECICLADO COR 4085/PET / COR 496/PET [0dad716c-de9d-4026-b57f-e4c26d3443db],110CM,15855790,186,15851096NBR3283017,25/06/2026,08/09/2026,18,21/08/2026,900677,,0dad716c-de9d-4026-b57f-e4c26d3443db,NIKE,134819,1,
DASS SEST714012888668110CM1585579015851102NBR328302120260625-1,OK,DASS SEST,7,140128,1304277,88668,ATAC. MR110022 7MM RECICLADO COR 4085/PET / COR 496/PET [2fc20f9f-0ec8-4228-9a9f-8dec6c2baa58],110CM,15855790,1112,15851102NBR3283021,25/06/2026,08/09/2026,18,21/08/2026,900678,,2fc20f9f-0ec8-4228-9a9f-8dec6c2baa58,NIKE,134819,2,
DASS SEST714012888668110CM1585579015851089NBR328304420260625-1,OK,DASS SEST,7,140128,1304277,88668,ATAC. MR110022 7MM RECICLADO COR 4085/PET / COR 496/PET [dd68d4d6-63ca-464e-9114-6b5db6487787],110CM,15855790,228,15851089NBR3283044,25/06/2026,08/09/2026,18,21/08/2026,900679,,dd68d4d6-63ca-464e-9114-6b5db6487787,NIKE,134819,3,
DASS SEST714012888668110CM1585579015851090NBR328304420260625-1,OK,DASS SEST,7,140128,1304277,88668,ATAC. MR110022 7MM RECICLADO COR 4085/PET / COR 496/PET [0dde17f4-626d-4eed-afda-47baa23621f5],110CM,15855790,216,15851090NBR3283044,25/06/2026,08/09/2026,18,21/08/2026,900680,,0dde17f4-626d-4eed-afda-47baa23621f5,NIKE,134819,4,
DASS SEST714012888668110CM1585579015851091NBR328304420260625-1,OK,DASS SEST,7,140128,1304277,88668,ATAC. MR110022 7MM RECICLADO COR 4085/PET / COR 496/PET [97b1d14e-d64b-41ad-ae90-d7337848b33b],110CM,15855790,240,15851091NBR3283044,25/06/2026,08/09/2026,18,21/08/2026,900681,,97b1d14e-d64b-41ad-ae90-d7337848b33b,NIKE,134819,5,
DASS SEST714012888668115CM1585579015851096NBR328301720260625-1,OK,DASS SEST,7,140128,1304277,88668,ATAC. MR110022 7MM RECICLADO COR 4085/PET / COR 496/PET [28977547-7a6e-4eae-a666-bcbb163ce19f],115CM,15855790,650,15851096NBR3283017,25/06/2026,08/09/2026,18,21/08/2026,900682,,28977547-7a6e-4eae-a666-bcbb163ce19f,NIKE,134819,6,
DASS SEST714012888668115CM1585579015851102NBR328302120260625-1,OK,DASS SEST,7,140128,1304277,88668,ATAC. MR110022 7MM RECICLADO COR 4085/PET / COR 496/PET [60ca7f7a-184a-4f48-9783-1998efa1d390],115CM,15855790,18,15851102NBR3283021,25/06/2026,08/09/2026,18,21/08/2026,900683,,60ca7f7a-184a-4f48-9783-1998efa1d390,NIKE,134819,7,
DASS SEST714012888668115CM1585579015851089NBR328304420260625-1,OK,DASS SEST,7,140128,1304277,88668,ATAC. MR110022 7MM RECICLADO COR 4085/PET / COR 496/PET [01d29b3d-b9d1-4fad-b6c2-4ba1a2a6c1c1],115CM,15855790,573,15851089NBR3283044,25/06/2026,08/09/2026,18,21/08/2026,900684,,01d29b3d-b9d1-4fad-b6c2-4ba1a2a6c1c1,NIKE,134819,8,
DASS SEST714012888668115CM1585579015851090NBR328304420260625-1,OK,DASS SEST,7,140128,1304277,88668,ATAC. MR110022 7MM RECICLADO COR 4085/PET / COR 496/PET [d13da327-085d-4b55-ae10-6671618d288a],115CM,15855790,552,15851090NBR3283044,25/06/2026,08/09/2026,18,21/08/2026,900685,,d13da327-085d-4b55-ae10-6671618d288a,NIKE,134819,9,
DASS SEST714012888668115CM1585579015851091NBR328304420260625-1,OK,DASS SEST,7,140128,1304277,88668,ATAC. MR110022 7MM RECICLADO COR 4085/PET / COR 496/PET [5f2dfd9e-961a-486b-80ff-916ad67246d0],115CM,15855790,570,15851091NBR3283044,25/06/2026,08/09/2026,18,21/08/2026,900686,,5f2dfd9e-961a-486b-80ff-916ad67246d0,NIKE,134819,10,
DASS SEST714012888668120CM1585579015851096NBR328301720260625-1,OK,DASS SEST,7,140128,1304277,88668,ATAC. MR110022 7MM RECICLADO COR 4085/PET / COR 496/PET [9173b321-0926-4345-8aa0-6a483a8563c8],120CM,15855790,174,15851096NBR3283017,25/06/2026,08/09/2026,18,21/08/2026,900687,,9173b321-0926-4345-8aa0-6a483a8563c8,NIKE,134819,11,
DASS SEST714012888668120CM1585579015851089NBR328304420260625-1,OK,DASS SEST,7,140128,1304277,88668,ATAC. MR110022 7MM RECICLADO COR 4085/PET / COR 496/PET [568872ee-1c84-4ff3-b0d5-69cd19d3f060],120CM,15855790,168,15851089NBR3283044,25/06/2026,08/09/2026,18,21/08/2026,900688,,568872ee-1c84-4ff3-b0d5-69cd19d3f060,NIKE,134819,12,
DASS SEST714012888668120CM1585579015851090NBR328304420260625-1,OK,DASS SEST,7,140128,1304277,88668,ATAC. MR110022 7MM RECICLADO COR 4085/PET / COR 496/PET [4e124357-a4e6-4300-b0ca-aa7ac05282fe],120CM,15855790,168,15851090NBR3283044,25/06/2026,08/09/2026,18,21/08/2026,900689,,4e124357-a4e6-4300-b0ca-aa7ac05282fe,NIKE,134819,13,
DASS SEST714012888668120CM1585579015851091NBR328304420260625-1,OK,DASS SEST,7,140128,1304277,88668,ATAC. MR110022 7MM RECICLADO COR 4085/PET / COR 496/PET [bb5aa93b-bb8a-4c8d-9709-6d95890b3d3f],120CM,15855790,192,15851091NBR3283044,25/06/2026,08/09/2026,18,21/08/2026,900690,,bb5aa93b-bb8a-4c8d-9709-6d95890b3d3f,NIKE,134819,14,
DASS SEST714012892431110CM1585579015851105NBR328301120260625-1,OK,DASS SEST,7,140128,1362000,92431,ATAC. MR110022 7MM RECICLADO COR 4662/PET / COR 4758/PET [48048e6a-f267-4b4c-b6e5-ec309976ba4a],110CM,15855790,770,15851105NBR3283011,25/06/2026,08/09/2026,18,21/08/2026,900691,,48048e6a-f267-4b4c-b6e5-ec309976ba4a,NIKE,134819,15,
DASS SEST714012892431110CM1585579015851106NBR328301120260625-1,OK,DASS SEST,7,140128,1362000,92431,ATAC. MR110022 7MM RECICLADO COR 4662/PET / COR 4758/PET [71a1e94f-2f62-453c-abe5-a4c9d5d739ec],110CM,15855790,822,15851106NBR3283011,25/06/2026,08/09/2026,18,21/08/2026,900692,,71a1e94f-2f62-453c-abe5-a4c9d5d739ec,NIKE,134819,16,
DASS SEST714012892431110CM1585579015851107NBR328301220260625-1,OK,DASS SEST,7,140128,1362000,92431,ATAC. MR110022 7MM RECICLADO COR 4662/PET / COR 4758/PET [e66e1363-e39e-45e2-a28a-b812eb5d4afe],110CM,15855790,794,15851107NBR3283012,25/06/2026,08/09/2026,18,21/08/2026,900693,,e66e1363-e39e-45e2-a28a-b812eb5d4afe,NIKE,134819,17,
DASS SEST714012892431110CM1585579015851108NBR328301220260625-1,OK,DASS SEST,7,140128,1362000,92431,ATAC. MR110022 7MM RECICLADO COR 4662/PET / COR 4758/PET [22f0d714-00da-4540-ae20-eb5cf8dd292e],110CM,15855790,828,15851108NBR3283012,25/06/2026,08/09/2026,18,21/08/2026,900694,,22f0d714-00da-4540-ae20-eb5cf8dd292e,NIKE,134819,18,
DASS SEST714012892431115CM1585579015851105NBR328301120260625-1,OK,DASS SEST,7,140128,1362000,92431,ATAC. MR110022 7MM RECICLADO COR 4662/PET / COR 4758/PET [74cb545a-c09d-47b2-8d76-4a08ce050e85],115CM,15855790,12,15851105NBR3283011,25/06/2026,08/09/2026,18,21/08/2026,900695,,74cb545a-c09d-47b2-8d76-4a08ce050e85,NIKE,134819,19,
DASS SEST714012892431115CM1585579015851106NBR328301120260625-1,OK,DASS SEST,7,140128,1362000,92431,ATAC. MR110022 7MM RECICLADO COR 4662/PET / COR 4758/PET [46721639-77a3-4655-b0d6-19a85985f7c3],115CM,15855790,24,15851106NBR3283011,25/06/2026,08/09/2026,18,21/08/2026,900696,,46721639-77a3-4655-b0d6-19a85985f7c3,NIKE,134819,20,
DASS SEST714012892431115CM1585579015851107NBR328301220260625-1,OK,DASS SEST,7,140128,1362000,92431,ATAC. MR110022 7MM RECICLADO COR 4662/PET / COR 4758/PET [16702cb9-8e3e-4652-850b-151ebd19ff65],115CM,15855790,12,15851107NBR3283012,25/06/2026,08/09/2026,18,21/08/2026,900697,,16702cb9-8e3e-4652-850b-151ebd19ff65,NIKE,134819,21,
DASS SEST714012892431115CM1585579015851108NBR328301220260625-1,OK,DASS SEST,7,140128,1362000,92431,ATAC. MR110022 7MM RECICLADO COR 4662/PET / COR 4758/PET [ff0baca6-6b87-45ab-8191-af7176d3dfd1],115CM,15855790,24,15851108NBR3283012,25/06/2026,08/09/2026,18,21/08/2026,900698,,ff0baca6-6b87-45ab-8191-af7176d3dfd1,NIKE,134819,22,
DASS SEST714012895026110CM1585579015851109NBR328302420260625-1,OK,DASS SEST,7,140128,1413117,95026,ATAC. MR110022 7MM RECICLADO COR 6146/PET / COR 492/PET [3f5772ef-b146-46c6-b504-327e78d4e3b0],110CM,15855790,222,15851109NBR3283024,25/06/2026,08/09/2026,18,21/08/2026,900699,,3f5772ef-b146-46c6-b504-327e78d4e3b0,NIKE,134819,23,
DASS SEST714012895026115CM1585579015851109NBR328302420260625-1,OK,DASS SEST,7,140128,1413117,95026,ATAC. MR110022 7MM RECICLADO COR 6146/PET / COR 492/PET [5dd4d9e2-8b98-485c-8888-fa3aa4a29f74],115CM,15855790,668,15851109NBR3283024,25/06/2026,08/09/2026,18,21/08/2026,900700,,5dd4d9e2-8b98-485c-8888-fa3aa4a29f74,NIKE,134819,24,
DASS SEST714012895026120CM1585579015851109NBR328302420260625-1,OK,DASS SEST,7,140128,1413117,95026,ATAC. MR110022 7MM RECICLADO COR 6146/PET / COR 492/PET [549ae99a-c5b1-4f0c-8ff8-55cf0b9f4c2c],120CM,15855790,120,15851109NBR3283024,25/06/2026,08/09/2026,18,21/08/2026,900701,,549ae99a-c5b1-4f0c-8ff8-55cf0b9f4c2c,NIKE,134819,25,
DASS SEST714012895897110CM1585579015851128NBR328301320260625-1,OK,DASS SEST,7,140128,1424201,95897,ATAC. MR110022 7MM RECICLADO COR 4662/PET / COR 4638/PET [646e0327-979c-4766-9888-3765c21d2114],110CM,15855790,1040,15851128NBR3283013,25/06/2026,08/09/2026,18,21/08/2026,900702,,646e0327-979c-4766-9888-3765c21d2114,NIKE,134819,26,
DASS SEST714012895897115CM1585579015851128NBR328301320260625-1,OK,DASS SEST,7,140128,1424201,95897,ATAC. MR110022 7MM RECICLADO COR 4662/PET / COR 4638/PET [a3a7e6cd-6369-4a98-bc73-6157ffa8f3b1],115CM,15855790,6,15851128NBR3283013,25/06/2026,08/09/2026,18,21/08/2026,900703,,a3a7e6cd-6369-4a98-bc73-6157ffa8f3b1,NIKE,134819,27,
DASS SEST714012895899110CM1585579015851122NBR328286120260625-1,OK,DASS SEST,7,140128,1424203,95899,ATAC. MR110022 7MM RECICLADO COR 4085/PET / COR 422/PET [cf103f08-c84b-4dba-aeef-3a9305d796a9],110CM,15855790,992,15851122NBR3282861,25/06/2026,08/09/2026,18,21/08/2026,900704,,cf103f08-c84b-4dba-aeef-3a9305d796a9,NIKE,134819,28,
DASS SEST714012895899110CM1585579015851124NBR328286320260625-1,OK,DASS SEST,7,140128,1424203,95899,ATAC. MR110022 7MM RECICLADO COR 4085/PET / COR 422/PET [d2f7d479-ca8e-4fb9-8f6a-04dc8e0b3407],110CM,15855790,806,15851124NBR3282863,25/06/2026,08/09/2026,18,21/08/2026,900705,,d2f7d479-ca8e-4fb9-8f6a-04dc8e0b3407,NIKE,134819,29,
DASS SEST714012895899110CM1585579015851125NBR328286320260625-1,OK,DASS SEST,7,140128,1424203,95899,ATAC. MR110022 7MM RECICLADO COR 4085/PET / COR 422/PET [d7342d6e-d214-455f-8d3a-93f98dbf4bbe],110CM,15855790,888,15851125NBR3282863,25/06/2026,08/09/2026,18,21/08/2026,900706,,d7342d6e-d214-455f-8d3a-93f98dbf4bbe,NIKE,134819,30,
DASS SEST714012895899115CM1585579015851122NBR328286120260625-1,OK,DASS SEST,7,140128,1424203,95899,ATAC. MR110022 7MM RECICLADO COR 4085/PET / COR 422/PET [1b029a9d-2177-49b6-840a-828609273119],115CM,15855790,18,15851122NBR3282861,25/06/2026,08/09/2026,18,21/08/2026,900707,,1b029a9d-2177-49b6-840a-828609273119,NIKE,134819,31,
DASS SEST714012895899115CM1585579015851124NBR328286320260625-1,OK,DASS SEST,7,140128,1424203,95899,ATAC. MR110022 7MM RECICLADO COR 4085/PET / COR 422/PET [b5f038a7-f111-4aa4-b400-611ebfb353fd],115CM,15855790,30,15851124NBR3282863,25/06/2026,08/09/2026,18,21/08/2026,900708,,b5f038a7-f111-4aa4-b400-611ebfb353fd,NIKE,134819,32,
DASS SEST714012895899115CM1585579015851125NBR328286320260625-1,OK,DASS SEST,7,140128,1424203,95899,ATAC. MR110022 7MM RECICLADO COR 4085/PET / COR 422/PET [002c5524-360f-4e6c-a64d-7861c6b0b0e0],115CM,15855790,24,15851125NBR3282863,25/06/2026,08/09/2026,18,21/08/2026,900709,,002c5524-360f-4e6c-a64d-7861c6b0b0e0,NIKE,134819,33,
DASS SEST714012895901110CM1585579015851120NBR328300720260625-1,OK,DASS SEST,7,140128,1424202,95901,ATAC. MR110022 7MM RECICLADO COR 298/PET / COR 5820/PET [3765c1d8-ffab-46c1-8215-5419dc0eb4b2],110CM,15855790,842,15851120NBR3283007,25/06/2026,08/09/2026,18,21/08/2026,900710,,3765c1d8-ffab-46c1-8215-5419dc0eb4b2,NIKE,134819,34,
DASS SEST714012895901110CM1585579015851121NBR328300720260625-1,OK,DASS SEST,7,140128,1424202,95901,ATAC. MR110022 7MM RECICLADO COR 298/PET / COR 5820/PET [4de38ec0-a60b-4802-8731-ce185f059db8],110CM,15855790,900,15851121NBR3283007,25/06/2026,08/09/2026,18,21/08/2026,900711,,4de38ec0-a60b-4802-8731-ce185f059db8,NIKE,134819,35,
DASS SEST714012895901115CM1585579015851120NBR328300720260625-1,OK,DASS SEST,7,140128,1424202,95901,ATAC. MR110022 7MM RECICLADO COR 298/PET / COR 5820/PET [02a1687d-6888-4e6d-9373-e0c3d5b7c0a3],115CM,15855790,36,15851120NBR3283007,25/06/2026,08/09/2026,18,21/08/2026,900712,,02a1687d-6888-4e6d-9373-e0c3d5b7c0a3,NIKE,134819,36,
DASS SEST714012895901115CM1585579015851121NBR328300720260625-1,OK,DASS SEST,7,140128,1424202,95901,ATAC. MR110022 7MM RECICLADO COR 298/PET / COR 5820/PET [915d633e-f703-4883-9c63-46bc4a184d9f],115CM,15855790,36,15851121NBR3283007,25/06/2026,08/09/2026,18,21/08/2026,900713,,915d633e-f703-4883-9c63-46bc4a184d9f,NIKE,134819,37,
DASS SEST714019482628100CM1587266815866738NBR328299920260626-1,OK,DASS SEST,7,140194,1188919,82628,ATAC. MR140014 6MM RECICLADO COR 4085/PET [9758974a-bc7c-4f95-9c13-17af675d721b],100CM,15872668,216,15866738NBR3282999,26/06/2026,08/09/2026,18,21/08/2026,900714,,9758974a-bc7c-4f95-9c13-17af675d721b,NIKE,134944,1,
DASS SEST714019482628100CM1587266815866739NBR328299920260626-1,OK,DASS SEST,7,140194,1188919,82628,ATAC. MR140014 6MM RECICLADO COR 4085/PET [def06cb0-06a1-485d-8747-49c7f206f3f0],100CM,15872668,216,15866739NBR3282999,26/06/2026,08/09/2026,18,21/08/2026,900715,,def06cb0-06a1-485d-8747-49c7f206f3f0,NIKE,134944,2,
DASS SEST714019482628105CM1587266815866738NBR328299920260626-1,OK,DASS SEST,7,140194,1188919,82628,ATAC. MR140014 6MM RECICLADO COR 4085/PET [0f3cf372-c1c9-4fc7-b35e-a4d10dc4e581],105CM,15872668,650,15866738NBR3282999,26/06/2026,08/09/2026,18,21/08/2026,900716,,0f3cf372-c1c9-4fc7-b35e-a4d10dc4e581,NIKE,134944,3,
DASS SEST714019482628105CM1587266815866739NBR328299920260626-1,OK,DASS SEST,7,140194,1188919,82628,ATAC. MR140014 6MM RECICLADO COR 4085/PET [4d5ff193-6361-4c8a-a292-1c6f20ad9f9e],105CM,15872668,666,15866739NBR3282999,26/06/2026,08/09/2026,18,21/08/2026,900717,,4d5ff193-6361-4c8a-a292-1c6f20ad9f9e,NIKE,134944,4,
DASS SEST714019482628105CM1587266815866714NBR328307720260626-1,OK,DASS SEST,7,140194,1188919,82628,ATAC. MR140014 6MM RECICLADO COR 4085/PET [29884b54-221b-45a1-9fd9-ee90fdf8dd19],105CM,15872668,198,15866714NBR3283077,26/06/2026,08/09/2026,18,21/08/2026,900718,,29884b54-221b-45a1-9fd9-ee90fdf8dd19,NIKE,134944,5,
DASS SEST714019482628105CM1587266815866711NBR328307820260626-1,OK,DASS SEST,7,140194,1188919,82628,ATAC. MR140014 6MM RECICLADO COR 4085/PET [5fa6a9ab-9e1b-4604-ad1f-8b52a5d10c8a],105CM,15872668,108,15866711NBR3283078,26/06/2026,08/09/2026,18,21/08/2026,900719,,5fa6a9ab-9e1b-4604-ad1f-8b52a5d10c8a,NIKE,134944,6,
DASS SEST714019482628105CM1587266815866712NBR328307820260626-1,OK,DASS SEST,7,140194,1188919,82628,ATAC. MR140014 6MM RECICLADO COR 4085/PET [081c2e7e-21d1-43dd-8a1b-4ba1954c28a3],105CM,15872668,96,15866712NBR3283078,26/06/2026,08/09/2026,18,21/08/2026,900720,,081c2e7e-21d1-43dd-8a1b-4ba1954c28a3,NIKE,134944,7,
DASS SEST714019482628110CM1587266815866738NBR328299920260626-1,OK,DASS SEST,7,140194,1188919,82628,ATAC. MR140014 6MM RECICLADO COR 4085/PET [876227b4-dd81-42c5-8e1d-395ef8571d09],110CM,15872668,6,15866738NBR3282999,26/06/2026,08/09/2026,18,21/08/2026,900721,,876227b4-dd81-42c5-8e1d-395ef8571d09,NIKE,134944,8,
DASS SEST714019482628110CM1587266815866714NBR328307720260626-1,OK,DASS SEST,7,140194,1188919,82628,ATAC. MR140014 6MM RECICLADO COR 4085/PET [3c7d392a-b419-4b8d-9574-0ce7d33984d6],110CM,15872668,617,15866714NBR3283077,26/06/2026,08/09/2026,18,21/08/2026,900722,,3c7d392a-b419-4b8d-9574-0ce7d33984d6,NIKE,134944,9,
DASS SEST714019482628110CM1587266815866711NBR328307820260626-1,OK,DASS SEST,7,140194,1188919,82628,ATAC. MR140014 6MM RECICLADO COR 4085/PET [c4c751ee-90b5-4303-8552-bf32478f0815],110CM,15872668,699,15866711NBR3283078,26/06/2026,08/09/2026,18,21/08/2026,900723,,c4c751ee-90b5-4303-8552-bf32478f0815,NIKE,134944,10,
DASS SEST714019482628110CM1587266815866712NBR328307820260626-1,OK,DASS SEST,7,140194,1188919,82628,ATAC. MR140014 6MM RECICLADO COR 4085/PET [f70ff5e6-3f6e-4616-bd53-a91b0aa076ff],110CM,15872668,708,15866712NBR3283078,26/06/2026,08/09/2026,18,21/08/2026,900724,,f70ff5e6-3f6e-4616-bd53-a91b0aa076ff,NIKE,134944,11,
DASS SEST714019482628115CM1587266815866714NBR328307720260626-1,OK,DASS SEST,7,140194,1188919,82628,ATAC. MR140014 6MM RECICLADO COR 4085/PET [c53d5366-b3f6-4125-a369-3956d54afabd],115CM,15872668,186,15866714NBR3283077,26/06/2026,08/09/2026,18,21/08/2026,900725,,c53d5366-b3f6-4125-a369-3956d54afabd,NIKE,134944,12,
DASS SEST714019482628115CM1587266815866711NBR328307820260626-1,OK,DASS SEST,7,140194,1188919,82628,ATAC. MR140014 6MM RECICLADO COR 4085/PET [b08961b4-3be6-4ca4-9d59-4654afa01dea],115CM,15872668,228,15866711NBR3283078,26/06/2026,08/09/2026,18,21/08/2026,900726,,b08961b4-3be6-4ca4-9d59-4654afa01dea,NIKE,134944,13,
DASS SEST714019482628115CM1587266815866712NBR328307820260626-1,OK,DASS SEST,7,140194,1188919,82628,ATAC. MR140014 6MM RECICLADO COR 4085/PET [3c3ff63d-3728-4e77-b1ed-7dffe531ded2],115CM,15872668,252,15866712NBR3283078,26/06/2026,08/09/2026,18,21/08/2026,900727,,3c3ff63d-3728-4e77-b1ed-7dffe531ded2,NIKE,134944,14,
DASS SEST714019485472100CM1587266815866743NBR328300120260626-1,OK,DASS SEST,7,140194,1269460,85472,ATAC. MR140014 6MM RECICLADO COR 5481/PET [2fc3d4aa-db71-4b24-9d74-93e98f5a6507],100CM,15872668,216,15866743NBR3283001,26/06/2026,08/09/2026,18,21/08/2026,900728,,2fc3d4aa-db71-4b24-9d74-93e98f5a6507,NIKE,134944,15,
DASS SEST714019485472100CM1587266815866744NBR328300120260626-1,OK,DASS SEST,7,140194,1269460,85472,ATAC. MR140014 6MM RECICLADO COR 5481/PET [fa199973-b389-4f18-9db1-ddd9bea1ec40],100CM,15872668,240,15866744NBR3283001,26/06/2026,08/09/2026,18,21/08/2026,900729,,fa199973-b389-4f18-9db1-ddd9bea1ec40,NIKE,134944,16,
DASS SEST714019485472100CM1587266815866745NBR328300220260626-1,OK,DASS SEST,7,140194,1269460,85472,ATAC. MR140014 6MM RECICLADO COR 5481/PET [1a9e45d5-3f59-4b99-a1eb-e3c7b9ad50f7],100CM,15872668,216,15866745NBR3283002,26/06/2026,08/09/2026,18,21/08/2026,900730,,1a9e45d5-3f59-4b99-a1eb-e3c7b9ad50f7,NIKE,134944,17,
DASS SEST714019485472100CM1587266815866746NBR328300220260626-1,OK,DASS SEST,7,140194,1269460,85472,ATAC. MR140014 6MM RECICLADO COR 5481/PET [1a05c6c9-6a1d-41b5-bc2e-a346182c1e4a],100CM,15872668,240,15866746NBR3283002,26/06/2026,08/09/2026,18,21/08/2026,900731,,1a05c6c9-6a1d-41b5-bc2e-a346182c1e4a,NIKE,134944,18,
DASS SEST714019485472100CM1587266815866747NBR328300320260626-1,OK,DASS SEST,7,140194,1269460,85472,ATAC. MR140014 6MM RECICLADO COR 5481/PET [519a3cf3-76fb-4894-ab91-a9bc312ab116],100CM,15872668,216,15866747NBR3283003,26/06/2026,08/09/2026,18,21/08/2026,900732,,519a3cf3-76fb-4894-ab91-a9bc312ab116,NIKE,134944,19,
DASS SEST714019485472100CM1587266815866748NBR328300320260626-1,OK,DASS SEST,7,140194,1269460,85472,ATAC. MR140014 6MM RECICLADO COR 5481/PET [d223d7de-ffd3-431d-9ec6-c3d98d8b742e],100CM,15872668,240,15866748NBR3283003,26/06/2026,08/09/2026,18,21/08/2026,900733,,d223d7de-ffd3-431d-9ec6-c3d98d8b742e,NIKE,134944,20,
DASS SEST714019485472100CM1587266815866749NBR328300520260626-1,OK,DASS SEST,7,140194,1269460,85472,ATAC. MR140014 6MM RECICLADO COR 5481/PET [ecece5d9-f06a-4926-aaf3-2734508e2183],100CM,15872668,366,15866749NBR3283005,26/06/2026,08/09/2026,18,21/08/2026,900734,,ecece5d9-f06a-4926-aaf3-2734508e2183,NIKE,134944,21,
DASS SEST714019485472100CM1587266815866750NBR328300820260626-1,OK,DASS SEST,7,140194,1269460,85472,ATAC. MR140014 6MM RECICLADO COR 5481/PET [c6cf57ff-dafa-4d25-be79-4a2fcced476e],100CM,15872668,216,15866750NBR3283008,26/06/2026,08/09/2026,18,21/08/2026,900735,,c6cf57ff-dafa-4d25-be79-4a2fcced476e,NIKE,134944,22,
DASS SEST714019485472100CM1587266815866751NBR328300820260626-1,OK,DASS SEST,7,140194,1269460,85472,ATAC. MR140014 6MM RECICLADO COR 5481/PET [48181ca6-d871-4c26-9144-1c838a350661],100CM,15872668,240,15866751NBR3283008,26/06/2026,08/09/2026,18,21/08/2026,900736,,48181ca6-d871-4c26-9144-1c838a350661,NIKE,134944,23,
DASS SEST714019485472105CM1587266815866743NBR328300120260626-1,OK,DASS SEST,7,140194,1269460,85472,ATAC. MR140014 6MM RECICLADO COR 5481/PET [accba11f-2de8-4a6a-820a-7ef8234ab421],105CM,15872668,783,15866743NBR3283001,26/06/2026,08/09/2026,18,21/08/2026,900737,,accba11f-2de8-4a6a-820a-7ef8234ab421,NIKE,134944,24,
DASS SEST714019485472105CM1587266815866744NBR328300120260626-1,OK,DASS SEST,7,140194,1269460,85472,ATAC. MR140014 6MM RECICLADO COR 5481/PET [84d80dfa-a087-4202-919b-e081ec74fef9],105CM,15872668,846,15866744NBR3283001,26/06/2026,08/09/2026,18,21/08/2026,900738,,84d80dfa-a087-4202-919b-e081ec74fef9,NIKE,134944,25,
DASS SEST714019485472105CM1587266815866745NBR328300220260626-1,OK,DASS SEST,7,140194,1269460,85472,ATAC. MR140014 6MM RECICLADO COR 5481/PET [6f4279a5-dc85-4741-80a4-f9d00e27b5be],105CM,15872668,783,15866745NBR3283002,26/06/2026,08/09/2026,18,21/08/2026,900739,,6f4279a5-dc85-4741-80a4-f9d00e27b5be,NIKE,134944,26,
DASS SEST714019485472105CM1587266815866746NBR328300220260626-1,OK,DASS SEST,7,140194,1269460,85472,ATAC. MR140014 6MM RECICLADO COR 5481/PET [f87e5f39-7eaa-430d-aa47-3bab53305c29],105CM,15872668,846,15866746NBR3283002,26/06/2026,08/09/2026,18,21/08/2026,900740,,f87e5f39-7eaa-430d-aa47-3bab53305c29,NIKE,134944,27,
DASS SEST714019485472105CM1587266815866747NBR328300320260626-1,OK,DASS SEST,7,140194,1269460,85472,ATAC. MR140014 6MM RECICLADO COR 5481/PET [236c15e8-af24-4a2f-bdce-a2784c0f0ec3],105CM,15872668,783,15866747NBR3283003,26/06/2026,08/09/2026,18,21/08/2026,900741,,236c15e8-af24-4a2f-bdce-a2784c0f0ec3,NIKE,134944,28,
DASS SEST714019485472105CM1587266815866748NBR328300320260626-1,OK,DASS SEST,7,140194,1269460,85472,ATAC. MR140014 6MM RECICLADO COR 5481/PET [8015a25b-8f91-4cc1-a47a-301e01b5fa96],105CM,15872668,846,15866748NBR3283003,26/06/2026,08/09/2026,18,21/08/2026,900742,,8015a25b-8f91-4cc1-a47a-301e01b5fa96,NIKE,134944,29,
DASS SEST714019485472105CM1587266815866749NBR328300520260626-1,OK,DASS SEST,7,140194,1269460,85472,ATAC. MR140014 6MM RECICLADO COR 5481/PET [2092b3e5-f1a5-4947-9aa9-e6dc987c2a02],105CM,15872668,1142,15866749NBR3283005,26/06/2026,08/09/2026,18,21/08/2026,900743,,2092b3e5-f1a5-4947-9aa9-e6dc987c2a02,NIKE,134944,30,
DASS SEST714019485472105CM1587266815866750NBR328300820260626-1,OK,DASS SEST,7,140194,1269460,85472,ATAC. MR140014 6MM RECICLADO COR 5481/PET [a216238f-ec04-42e6-93bf-0b6110b82ed1],105CM,15872668,783,15866750NBR3283008,26/06/2026,08/09/2026,18,21/08/2026,900744,,a216238f-ec04-42e6-93bf-0b6110b82ed1,NIKE,134944,31,
DASS SEST714019485472105CM1587266815866751NBR328300820260626-1,OK,DASS SEST,7,140194,1269460,85472,ATAC. MR140014 6MM RECICLADO COR 5481/PET [257f72d1-65ab-4e49-a964-9259d8f5c530],105CM,15872668,846,15866751NBR3283008,26/06/2026,08/09/2026,18,21/08/2026,900745,,257f72d1-65ab-4e49-a964-9259d8f5c530,NIKE,134944,32,
DASS SEST714019485472110CM1587266815866743NBR328300120260626-1,OK,DASS SEST,7,140194,1269460,85472,ATAC. MR140014 6MM RECICLADO COR 5481/PET [2cf4248d-cce9-4880-88d4-78e73936cd9f],110CM,15872668,18,15866743NBR3283001,26/06/2026,08/09/2026,18,21/08/2026,900746,,2cf4248d-cce9-4880-88d4-78e73936cd9f,NIKE,134944,33,
DASS SEST714019485472110CM1587266815866744NBR328300120260626-1,OK,DASS SEST,7,140194,1269460,85472,ATAC. MR140014 6MM RECICLADO COR 5481/PET [d82dddf9-6351-4bc7-81d0-c7a5e1864516],110CM,15872668,12,15866744NBR3283001,26/06/2026,08/09/2026,18,21/08/2026,900747,,d82dddf9-6351-4bc7-81d0-c7a5e1864516,NIKE,134944,34,
DASS SEST714019485472110CM1587266815866745NBR328300220260626-1,OK,DASS SEST,7,140194,1269460,85472,ATAC. MR140014 6MM RECICLADO COR 5481/PET [e79b75f3-fa5b-4857-83ef-435b5e8f8678],110CM,15872668,18,15866745NBR3283002,26/06/2026,08/09/2026,18,21/08/2026,900748,,e79b75f3-fa5b-4857-83ef-435b5e8f8678,NIKE,134944,35,
DASS SEST714019485472110CM1587266815866746NBR328300220260626-1,OK,DASS SEST,7,140194,1269460,85472,ATAC. MR140014 6MM RECICLADO COR 5481/PET [0b79fbf0-f0d4-448f-8832-fcb66032e64a],110CM,15872668,12,15866746NBR3283002,26/06/2026,08/09/2026,18,21/08/2026,900749,,0b79fbf0-f0d4-448f-8832-fcb66032e64a,NIKE,134944,36,
DASS SEST714019485472110CM1587266815866747NBR328300320260626-1,OK,DASS SEST,7,140194,1269460,85472,ATAC. MR140014 6MM RECICLADO COR 5481/PET [f41cafb7-2ed2-41b9-ada1-b10272db4a8e],110CM,15872668,18,15866747NBR3283003,26/06/2026,08/09/2026,18,21/08/2026,900750,,f41cafb7-2ed2-41b9-ada1-b10272db4a8e,NIKE,134944,37,
DASS SEST714019485472110CM1587266815866748NBR328300320260626-1,OK,DASS SEST,7,140194,1269460,85472,ATAC. MR140014 6MM RECICLADO COR 5481/PET [ba3b306f-bd83-4cee-880a-048290dca908],110CM,15872668,12,15866748NBR3283003,26/06/2026,08/09/2026,18,21/08/2026,900751,,ba3b306f-bd83-4cee-880a-048290dca908,NIKE,134944,38,
DASS SEST714019485472110CM1587266815866749NBR328300520260626-1,OK,DASS SEST,7,140194,1269460,85472,ATAC. MR140014 6MM RECICLADO COR 5481/PET [dac7ff19-bbd1-43f2-9603-0cc3944feafc],110CM,15872668,30,15866749NBR3283005,26/06/2026,08/09/2026,18,21/08/2026,900752,,dac7ff19-bbd1-43f2-9603-0cc3944feafc,NIKE,134944,39,
DASS SEST714019485472110CM1587266815866750NBR328300820260626-1,OK,DASS SEST,7,140194,1269460,85472,ATAC. MR140014 6MM RECICLADO COR 5481/PET [67b31858-f9fc-4b44-968e-c6f3686f2b2c],110CM,15872668,18,15866750NBR3283008,26/06/2026,08/09/2026,18,21/08/2026,900753,,67b31858-f9fc-4b44-968e-c6f3686f2b2c,NIKE,134944,40,
DASS SEST714019485472110CM1587266815866751NBR328300820260626-1,OK,DASS SEST,7,140194,1269460,85472,ATAC. MR140014 6MM RECICLADO COR 5481/PET [8f0b6aea-a010-4bac-86ec-414156a0df39],110CM,15872668,12,15866751NBR3283008,26/06/2026,08/09/2026,18,21/08/2026,900754,,8f0b6aea-a010-4bac-86ec-414156a0df39,NIKE,134944,41,
DASS SEST714028995945100CM1587484415866734NBR328306220260630-1,OK,DASS SEST,7,140289,1454466,95945,ATAC. MR140014 6MM RECICLADO COR 6248/PET [45b63b78-ae22-47ae-8698-483a73778e58],100CM,15874844,204,15866734NBR3283062,30/06/2026,08/09/2026,18,21/08/2026,900755,,45b63b78-ae22-47ae-8698-483a73778e58,NIKE,135011,1,
DASS SEST714028995945100CM1587484415866735NBR328306220260630-1,OK,DASS SEST,7,140289,1454466,95945,ATAC. MR140014 6MM RECICLADO COR 6248/PET [152b4a15-cdb6-406e-a649-99face3968a2],100CM,15874844,234,15866735NBR3283062,30/06/2026,08/09/2026,18,21/08/2026,900756,,152b4a15-cdb6-406e-a649-99face3968a2,NIKE,135011,2,
DASS SEST714028995945100CM1587484415866736NBR328307220260630-1,OK,DASS SEST,7,140289,1454466,95945,ATAC. MR140014 6MM RECICLADO COR 6248/PET [ca86f693-83fc-422b-8865-7fe00b1ebbf2],100CM,15874844,204,15866736NBR3283072,30/06/2026,08/09/2026,18,21/08/2026,900757,,ca86f693-83fc-422b-8865-7fe00b1ebbf2,NIKE,135011,3,
DASS SEST714028995945100CM1587484415866737NBR328307220260630-1,OK,DASS SEST,7,140289,1454466,95945,ATAC. MR140014 6MM RECICLADO COR 6248/PET [128a29ae-d20f-4376-888b-83c1e5e7ffda],100CM,15874844,240,15866737NBR3283072,30/06/2026,08/09/2026,18,21/08/2026,900758,,128a29ae-d20f-4376-888b-83c1e5e7ffda,NIKE,135011,4,
DASS SEST714028995945105CM1587484415866734NBR328306220260630-1,OK,DASS SEST,7,140289,1454466,95945,ATAC. MR140014 6MM RECICLADO COR 6248/PET [7a08083f-dc12-4c74-a358-daefb34f517d],105CM,15874844,698,15866734NBR3283062,30/06/2026,08/09/2026,18,21/08/2026,900759,,7a08083f-dc12-4c74-a358-daefb34f517d,NIKE,135011,5,
DASS SEST714028995945105CM1587484415866735NBR328306220260630-1,OK,DASS SEST,7,140289,1454466,95945,ATAC. MR140014 6MM RECICLADO COR 6248/PET [aca3d764-d352-4956-9c27-2058690880fd],105CM,15874844,744,15866735NBR3283062,30/06/2026,08/09/2026,18,21/08/2026,900760,,aca3d764-d352-4956-9c27-2058690880fd,NIKE,135011,6,
DASS SEST714028995945105CM1587484415866736NBR328307220260630-1,OK,DASS SEST,7,140289,1454466,95945,ATAC. MR140014 6MM RECICLADO COR 6248/PET [045724b2-0871-45f9-a0af-541e1caef400],105CM,15874844,710,15866736NBR3283072,30/06/2026,08/09/2026,18,21/08/2026,900761,,045724b2-0871-45f9-a0af-541e1caef400,NIKE,135011,7,
DASS SEST714028995945105CM1587484415866737NBR328307220260630-1,OK,DASS SEST,7,140289,1454466,95945,ATAC. MR140014 6MM RECICLADO COR 6248/PET [18556988-a7c6-4fb2-9d63-569e5e788b43],105CM,15874844,744,15866737NBR3283072,30/06/2026,08/09/2026,18,21/08/2026,900762,,18556988-a7c6-4fb2-9d63-569e5e788b43,NIKE,135011,8,
DASS SEST714028995945110CM1587484415866734NBR328306220260630-1,OK,DASS SEST,7,140289,1454466,95945,ATAC. MR140014 6MM RECICLADO COR 6248/PET [dc9b30b5-a085-4ee8-9bab-c524a6418796],110CM,15874844,18,15866734NBR3283062,30/06/2026,08/09/2026,18,21/08/2026,900763,,dc9b30b5-a085-4ee8-9bab-c524a6418796,NIKE,135011,9,
DASS SEST714028995945110CM1587484415866736NBR328307220260630-1,OK,DASS SEST,7,140289,1454466,95945,ATAC. MR140014 6MM RECICLADO COR 6248/PET [0d073d6a-6540-4fd5-91a5-05ca363cc7ea],110CM,15874844,18,15866736NBR3283072,30/06/2026,08/09/2026,18,21/08/2026,900764,,0d073d6a-6540-4fd5-91a5-05ca363cc7ea,NIKE,135011,10,
DASS SEST71405769296316MM1590101820260707-1,OK,DASS SEST,7,140576,1353470,92963,FITA M31119 C/ GOMA POLIESTER COR 102 / COR 100 / COR 100 [3a2dd0b4-5051-4281-87ef-99b96e95ce8e],16MM,15901018,140,0,07/07/2026,08/09/2026,18,21/08/2026,900765,,3a2dd0b4-5051-4281-87ef-99b96e95ce8e,FILA,135284,1,
DASS SEST714075486978110CM1591517815903680NBR328304520260710-1,OK,DASS SEST,7,140754,1299257,86978,ATAC. MR130027 6MM RECICLADO COR 4085/PET [c8c75e8b-c64d-43c6-b451-5d38e81dc725],110CM,15915178,240,15903680NBR3283045,10/07/2026,08/09/2026,18,21/08/2026,900766,,c8c75e8b-c64d-43c6-b451-5d38e81dc725,NIKE,135471,1,
DASS SEST714075486978110CM1591517815903681NBR328304520260710-1,OK,DASS SEST,7,140754,1299257,86978,ATAC. MR130027 6MM RECICLADO COR 4085/PET [381c9cfc-caa7-4d05-845b-911a40371228],110CM,15915178,246,15903681NBR3283045,10/07/2026,08/09/2026,18,21/08/2026,900767,,381c9cfc-caa7-4d05-845b-911a40371228,NIKE,135471,2,
DASS SEST714075486978110CM1591517815903673NBR328305720260710-1,OK,DASS SEST,7,140754,1299257,86978,ATAC. MR130027 6MM RECICLADO COR 4085/PET [9a545cc0-7513-437c-bab6-d5c9f7647d30],110CM,15915178,240,15903673NBR3283057,10/07/2026,08/09/2026,18,21/08/2026,900768,,9a545cc0-7513-437c-bab6-d5c9f7647d30,NIKE,135471,3,
DASS SEST714075486978110CM1591517815903674NBR328305720260710-1,OK,DASS SEST,7,140754,1299257,86978,ATAC. MR130027 6MM RECICLADO COR 4085/PET [8e8473bd-665c-43c3-a40d-75feb2ba809b],110CM,15915178,258,15903674NBR3283057,10/07/2026,08/09/2026,18,21/08/2026,900769,,8e8473bd-665c-43c3-a40d-75feb2ba809b,NIKE,135471,4,
DASS SEST714075486978115CM1591517815903680NBR328304520260710-1,OK,DASS SEST,7,140754,1299257,86978,ATAC. MR130027 6MM RECICLADO COR 4085/PET [e7a22aa4-2bf7-4321-a759-625f12aa3dd3],115CM,15915178,687,15903680NBR3283045,10/07/2026,08/09/2026,18,21/08/2026,900770,,e7a22aa4-2bf7-4321-a759-625f12aa3dd3,NIKE,135471,5,
DASS SEST714075486978115CM1591517815903681NBR328304520260710-1,OK,DASS SEST,7,140754,1299257,86978,ATAC. MR130027 6MM RECICLADO COR 4085/PET [7f19cc24-3aff-4123-85d4-e81333539cea],115CM,15915178,690,15903681NBR3283045,10/07/2026,08/09/2026,18,21/08/2026,900771,,7f19cc24-3aff-4123-85d4-e81333539cea,NIKE,135471,6,
DASS SEST714075486978115CM1591517815903673NBR328305720260710-1,OK,DASS SEST,7,140754,1299257,86978,ATAC. MR130027 6MM RECICLADO COR 4085/PET [988f1cda-a6e2-4fb1-9a3c-8d08f29479a8],115CM,15915178,687,15903673NBR3283057,10/07/2026,08/09/2026,18,21/08/2026,900772,,988f1cda-a6e2-4fb1-9a3c-8d08f29479a8,NIKE,135471,7,
DASS SEST714075486978115CM1591517815903674NBR328305720260710-1,OK,DASS SEST,7,140754,1299257,86978,ATAC. MR130027 6MM RECICLADO COR 4085/PET [4ae29a63-5646-404e-8976-2156a5d8acf7],115CM,15915178,708,15903674NBR3283057,10/07/2026,08/09/2026,18,21/08/2026,900773,,4ae29a63-5646-404e-8976-2156a5d8acf7,NIKE,135471,8,
DASS SEST714075486978120CM1591517815903680NBR328304520260710-1,OK,DASS SEST,7,140754,1299257,86978,ATAC. MR130027 6MM RECICLADO COR 4085/PET [f70851f1-6f57-4b60-9037-08030c368c34],120CM,15915178,108,15903680NBR3283045,10/07/2026,08/09/2026,18,21/08/2026,900774,,f70851f1-6f57-4b60-9037-08030c368c34,NIKE,135471,9,
DASS SEST714075486978120CM1591517815903681NBR328304520260710-1,OK,DASS SEST,7,140754,1299257,86978,ATAC. MR130027 6MM RECICLADO COR 4085/PET [46fce199-79cb-4444-b847-a6b68b21b7cc],120CM,15915178,120,15903681NBR3283045,10/07/2026,08/09/2026,18,21/08/2026,900775,,46fce199-79cb-4444-b847-a6b68b21b7cc,NIKE,135471,10,
DASS SEST714075486978120CM1591517815903673NBR328305720260710-1,OK,DASS SEST,7,140754,1299257,86978,ATAC. MR130027 6MM RECICLADO COR 4085/PET [106742f1-ea64-4d67-a98c-7e2155e182ad],120CM,15915178,90,15903673NBR3283057,10/07/2026,08/09/2026,18,21/08/2026,900776,,106742f1-ea64-4d67-a98c-7e2155e182ad,NIKE,135471,11,
DASS SEST714075486978120CM1591517815903674NBR328305720260710-1,OK,DASS SEST,7,140754,1299257,86978,ATAC. MR130027 6MM RECICLADO COR 4085/PET [fdaa63c7-1aca-44b6-986d-e2ca824aabea],120CM,15915178,84,15903674NBR3283057,10/07/2026,08/09/2026,18,21/08/2026,900777,,fdaa63c7-1aca-44b6-986d-e2ca824aabea,NIKE,135471,12,
DASS SEST714075488695105CM1591517815903745NBR328294020260710-1,OK,DASS SEST,7,140754,1301800,88695,ATAC. MR130027 6MM RECICLADO COR 4662/PET [b8f703a6-6ad4-466e-9d08-aa0b4187fd75],105CM,15915178,480,15903745NBR3282940,10/07/2026,08/09/2026,18,21/08/2026,900778,,b8f703a6-6ad4-466e-9d08-aa0b4187fd75,NIKE,135471,13,
DASS SEST714075488695110CM1591517815903721NBR328287020260710-1,OK,DASS SEST,7,140754,1301800,88695,ATAC. MR130027 6MM RECICLADO COR 4662/PET [82597ebf-f28a-40b3-b56b-461f9a2e74c9],110CM,15915178,192,15903721NBR3282870,10/07/2026,08/09/2026,18,21/08/2026,900779,,82597ebf-f28a-40b3-b56b-461f9a2e74c9,NIKE,135471,14,
DASS SEST714075488695110CM1591517815903722NBR328287020260710-1,OK,DASS SEST,7,140754,1301800,88695,ATAC. MR130027 6MM RECICLADO COR 4662/PET [2663cc82-c6d4-4145-afbc-e770d95ad35d],110CM,15915178,192,15903722NBR3282870,10/07/2026,08/09/2026,18,21/08/2026,900780,,2663cc82-c6d4-4145-afbc-e770d95ad35d,NIKE,135471,15,
DASS SEST714075488695110CM1591517815903745NBR328294020260710-1,OK,DASS SEST,7,140754,1301800,88695,ATAC. MR130027 6MM RECICLADO COR 4662/PET [051dc467-5d2c-441e-8670-a636c39f9713],110CM,15915178,515,15903745NBR3282940,10/07/2026,08/09/2026,18,21/08/2026,900781,,051dc467-5d2c-441e-8670-a636c39f9713,NIKE,135471,16,
DASS SEST714075488695115CM1591517815903721NBR328287020260710-1,OK,DASS SEST,7,140754,1301800,88695,ATAC. MR130027 6MM RECICLADO COR 4662/PET [ea7fcb80-9a20-4ffa-8a3b-df9e46c7c179],115CM,15915178,518,15903721NBR3282870,10/07/2026,08/09/2026,18,21/08/2026,900782,,ea7fcb80-9a20-4ffa-8a3b-df9e46c7c179,NIKE,135471,17,
DASS SEST714075488695115CM1591517815903722NBR328287020260710-1,OK,DASS SEST,7,140754,1301800,88695,ATAC. MR130027 6MM RECICLADO COR 4662/PET [cf4f2035-476d-43b3-b4c7-b276463b781c],115CM,15915178,546,15903722NBR3282870,10/07/2026,08/09/2026,18,21/08/2026,900783,,cf4f2035-476d-43b3-b4c7-b276463b781c,NIKE,135471,18,
DASS SEST714075488695115CM1591517815903745NBR328294020260710-1,OK,DASS SEST,7,140754,1301800,88695,ATAC. MR130027 6MM RECICLADO COR 4662/PET [470eff17-2df5-48a7-8c38-0ac1fa42815f],115CM,15915178,6,15903745NBR3282940,10/07/2026,08/09/2026,18,21/08/2026,900784,,470eff17-2df5-48a7-8c38-0ac1fa42815f,NIKE,135471,19,
DASS SEST714075488695120CM1591517815903721NBR328287020260710-1,OK,DASS SEST,7,140754,1301800,88695,ATAC. MR130027 6MM RECICLADO COR 4662/PET [18d738ba-49b5-4710-9ea5-4edb7d13cb94],120CM,15915178,66,15903721NBR3282870,10/07/2026,08/09/2026,18,21/08/2026,900785,,18d738ba-49b5-4710-9ea5-4edb7d13cb94,NIKE,135471,20,
DASS SEST714075488695120CM1591517815903722NBR328287020260710-1,OK,DASS SEST,7,140754,1301800,88695,ATAC. MR130027 6MM RECICLADO COR 4662/PET [6809a136-49bb-410d-b198-f23eab9aa671],120CM,15915178,72,15903722NBR3282870,10/07/2026,08/09/2026,18,21/08/2026,900786,,6809a136-49bb-410d-b198-f23eab9aa671,NIKE,135471,21,
DASS SEST714094892568110CM1594408415941787NBR328329920260717-1,OK,DASS SEST,7,140948,1027849,92568,ATAC. MR110012 8MM RECICLADO COR 4085/PET [0dde7a15-fafc-49dc-8994-e7003f9f2dcd],110CM,15944084,504,15941787NBR3283299,17/07/2026,08/09/2026,18,21/08/2026,900787,,0dde7a15-fafc-49dc-8994-e7003f9f2dcd,NIKE,135635,1,
DASS SEST714094892568110CM1594408415941788NBR328330020260717-1,OK,DASS SEST,7,140948,1027849,92568,ATAC. MR110012 8MM RECICLADO COR 4085/PET [295a8e83-6787-492a-ad55-2a1d2dc85a53],110CM,15944084,510,15941788NBR3283300,17/07/2026,08/09/2026,18,21/08/2026,900788,,295a8e83-6787-492a-ad55-2a1d2dc85a53,NIKE,135635,2,
DASS SEST714094892568115CM1594408415941787NBR328329920260717-1,OK,DASS SEST,7,140948,1027849,92568,ATAC. MR110012 8MM RECICLADO COR 4085/PET [63d0a449-986d-4726-8356-5ccd6a678502],115CM,15944084,674,15941787NBR3283299,17/07/2026,08/09/2026,18,21/08/2026,900789,,63d0a449-986d-4726-8356-5ccd6a678502,NIKE,135635,3,
DASS SEST714094892568115CM1594408415941788NBR328330020260717-1,OK,DASS SEST,7,140948,1027849,92568,ATAC. MR110012 8MM RECICLADO COR 4085/PET [9163597a-1d4d-4557-bf87-d0f8d4e54066],115CM,15944084,674,15941788NBR3283300,17/07/2026,08/09/2026,18,21/08/2026,900790,,9163597a-1d4d-4557-bf87-d0f8d4e54066,NIKE,135635,4,
DASS SEST714141888808105CM1600266916001143NBR328338720260731-1,OK,DASS SEST,7,141418,1332602,88808,ATAC. M12176 5MM POLIESTER COR 4085 [309eeb49-be18-4812-bbe3-ed2d6c90bdb5],105CM,16002669,228,16001143NBR3283387,31/07/2026,08/09/2026,18,21/08/2026,900791,,309eeb49-be18-4812-bbe3-ed2d6c90bdb5,NIKE,136058,1,NORMAL
DASS SEST714141888808105CM1600266916001144NBR328338720260731-1,OK,DASS SEST,7,141418,1332602,88808,ATAC. M12176 5MM POLIESTER COR 4085 [d4fa607c-7bdd-4330-96be-780d05d32414],105CM,16002669,270,16001144NBR3283387,31/07/2026,08/09/2026,18,21/08/2026,900792,,d4fa607c-7bdd-4330-96be-780d05d32414,NIKE,136058,2,NORMAL
DASS SEST714141888808110CM1600266916001143NBR328338720260731-1,OK,DASS SEST,7,141418,1332602,88808,ATAC. M12176 5MM POLIESTER COR 4085 [faa349d9-609d-4fcf-880a-4ed6a67ebdcd],110CM,16002669,536,16001143NBR3283387,31/07/2026,08/09/2026,18,21/08/2026,900793,,faa349d9-609d-4fcf-880a-4ed6a67ebdcd,NIKE,136058,3,NORMAL
DASS SEST714141888808110CM1600266916001144NBR328338720260731-1,OK,DASS SEST,7,141418,1332602,88808,ATAC. M12176 5MM POLIESTER COR 4085 [83b7b418-193d-4578-af36-39e6a6a5aeb1],110CM,16002669,546,16001144NBR3283387,31/07/2026,08/09/2026,18,21/08/2026,900794,,83b7b418-193d-4578-af36-39e6a6a5aeb1,NIKE,136058,4,NORMAL
DASS SEST714141888808115CM1600266916001143NBR328338720260731-1,OK,DASS SEST,7,141418,1332602,88808,ATAC. M12176 5MM POLIESTER COR 4085 [c9e04283-1450-4f15-8cd4-d0fba2d1c2aa],115CM,16002669,144,16001143NBR3283387,31/07/2026,08/09/2026,18,21/08/2026,900795,,c9e04283-1450-4f15-8cd4-d0fba2d1c2aa,NIKE,136058,5,NORMAL
DASS SEST714141888808115CM1600266916001144NBR328338720260731-1,OK,DASS SEST,7,141418,1332602,88808,ATAC. M12176 5MM POLIESTER COR 4085 [0b6956fb-22d7-44c0-a463-8f89d4276d88],115CM,16002669,180,16001144NBR3283387,31/07/2026,08/09/2026,18,21/08/2026,900796,,0b6956fb-22d7-44c0-a463-8f89d4276d88,NIKE,136058,6,NORMAL
DASS SEST714141876555105CM1600266916001159NBR328339420260731-1,OK,DASS SEST,7,141418,1070873,76555,ATAC. MR130011 5MM RECICLADO COR 4085 [472455cf-e09b-4b21-a315-67241f5c00f7],105CM,16002669,198,16001159NBR3283394,31/07/2026,08/09/2026,18,21/08/2026,900797,,472455cf-e09b-4b21-a315-67241f5c00f7,NIKE,136058,7,NORMAL
DASS SEST714141876555105CM1600266916001160NBR328339420260731-1,OK,DASS SEST,7,141418,1070873,76555,ATAC. MR130011 5MM RECICLADO COR 4085 [6e7d961c-32c9-4cc0-b5b9-eedcbe3e4a2e],105CM,16002669,210,16001160NBR3283394,31/07/2026,08/09/2026,18,21/08/2026,900798,,6e7d961c-32c9-4cc0-b5b9-eedcbe3e4a2e,NIKE,136058,8,NORMAL
DASS SEST714141876555110CM1600266916001159NBR328339420260731-1,OK,DASS SEST,7,141418,1070873,76555,ATAC. MR130011 5MM RECICLADO COR 4085 [f93e3993-1f9d-4d36-994a-42f8ff1a20e7],110CM,16002669,530,16001159NBR3283394,31/07/2026,08/09/2026,18,21/08/2026,900799,,f93e3993-1f9d-4d36-994a-42f8ff1a20e7,NIKE,136058,9,NORMAL
DASS SEST714141876555110CM1600266916001160NBR328339420260731-1,OK,DASS SEST,7,141418,1070873,76555,ATAC. MR130011 5MM RECICLADO COR 4085 [f0426e1c-f61d-4af6-9d4f-cba59b77b4e4],110CM,16002669,528,16001160NBR3283394,31/07/2026,08/09/2026,18,21/08/2026,900800,,f0426e1c-f61d-4af6-9d4f-cba59b77b4e4,NIKE,136058,10,NORMAL
DASS SEST714141876555115CM1600266916001159NBR328339420260731-1,OK,DASS SEST,7,141418,1070873,76555,ATAC. MR130011 5MM RECICLADO COR 4085 [423e5fa8-dfcb-49a2-b451-70c3ccb5a77d],115CM,16002669,156,16001159NBR3283394,31/07/2026,08/09/2026,18,21/08/2026,900801,,423e5fa8-dfcb-49a2-b451-70c3ccb5a77d,NIKE,136058,11,NORMAL
DASS SEST714141876555115CM1600266916001160NBR328339420260731-1,OK,DASS SEST,7,141418,1070873,76555,ATAC. MR130011 5MM RECICLADO COR 4085 [944f9955-3ac9-44b4-a170-220bb88404d9],115CM,16002669,156,16001160NBR3283394,31/07/2026,08/09/2026,18,21/08/2026,900802,,944f9955-3ac9-44b4-a170-220bb88404d9,NIKE,136058,12,NORMAL
DASS SEST714141893661130CM1600266916001121NBR328337520260731-1,OK,DASS SEST,7,141418,1065806,93661,ATAC. MR110029 RECICLADO COR 4662/PET [6ff3d5c0-fb0f-473d-a3a3-3fc16b6f8426],130CM,16002669,468,16001121NBR3283375,31/07/2026,08/09/2026,18,21/08/2026,900803,,6ff3d5c0-fb0f-473d-a3a3-3fc16b6f8426,NIKE,136058,13,NORMAL
DASS SEST714141893661130CM1600266916001122NBR328337520260731-1,OK,DASS SEST,7,141418,1065806,93661,ATAC. MR110029 RECICLADO COR 4662/PET [4b274455-2f5d-4806-9c97-cbd067544e2d],130CM,16002669,498,16001122NBR3283375,31/07/2026,08/09/2026,18,21/08/2026,900804,,4b274455-2f5d-4806-9c97-cbd067544e2d,NIKE,136058,14,NORMAL
DASS SEST714141893661130CM1600266916001123NBR328337620260731-1,OK,DASS SEST,7,141418,1065806,93661,ATAC. MR110029 RECICLADO COR 4662/PET [3979e81d-fb3a-48f3-a556-6ac2368c8546],130CM,16002669,468,16001123NBR3283376,31/07/2026,08/09/2026,18,21/08/2026,900805,,3979e81d-fb3a-48f3-a556-6ac2368c8546,NIKE,136058,15,NORMAL
DASS SEST714141893661130CM1600266916001124NBR328337620260731-1,OK,DASS SEST,7,141418,1065806,93661,ATAC. MR110029 RECICLADO COR 4662/PET [6e2a5169-9c6d-4063-82a0-04a0066b2e4c],130CM,16002669,486,16001124NBR3283376,31/07/2026,08/09/2026,18,21/08/2026,900806,,6e2a5169-9c6d-4063-82a0-04a0066b2e4c,NIKE,136058,16,NORMAL
DASS SEST714141893661130CM1600266916001127NBR328337820260731-1,OK,DASS SEST,7,141418,1065806,93661,ATAC. MR110029 RECICLADO COR 4662/PET [9513773e-88cd-407f-8332-116f851f936b],130CM,16002669,468,16001127NBR3283378,31/07/2026,08/09/2026,18,21/08/2026,900807,,9513773e-88cd-407f-8332-116f851f936b,NIKE,136058,17,NORMAL
DASS SEST714141893661130CM1600266916001128NBR328337820260731-1,OK,DASS SEST,7,141418,1065806,93661,ATAC. MR110029 RECICLADO COR 4662/PET [7c68bcca-5db1-4ee2-a9d2-66e4744dfd1c],130CM,16002669,486,16001128NBR3283378,31/07/2026,08/09/2026,18,21/08/2026,900808,,7c68bcca-5db1-4ee2-a9d2-66e4744dfd1c,NIKE,136058,18,NORMAL
DASS SEST714141893661135CM1600266916001121NBR328337520260731-1,OK,DASS SEST,7,141418,1065806,93661,ATAC. MR110029 RECICLADO COR 4662/PET [44266c14-54d6-44f3-a6b1-d74f48ff4346],135CM,16002669,470,16001121NBR3283375,31/07/2026,08/09/2026,18,21/08/2026,900809,,44266c14-54d6-44f3-a6b1-d74f48ff4346,NIKE,136058,19,NORMAL
DASS SEST714141893661135CM1600266916001122NBR328337520260731-1,OK,DASS SEST,7,141418,1065806,93661,ATAC. MR110029 RECICLADO COR 4662/PET [926171e3-2363-4787-bc48-baa5ef47fab6],135CM,16002669,486,16001122NBR3283375,31/07/2026,08/09/2026,18,21/08/2026,900810,,926171e3-2363-4787-bc48-baa5ef47fab6,NIKE,136058,20,NORMAL
DASS SEST714141893661135CM1600266916001123NBR328337620260731-1,OK,DASS SEST,7,141418,1065806,93661,ATAC. MR110029 RECICLADO COR 4662/PET [328e3f05-1f32-4993-a8c1-734a4a8af21f],135CM,16002669,470,16001123NBR3283376,31/07/2026,08/09/2026,18,21/08/2026,900811,,328e3f05-1f32-4993-a8c1-734a4a8af21f,NIKE,136058,21,NORMAL
DASS SEST714141893661135CM1600266916001124NBR328337620260731-1,OK,DASS SEST,7,141418,1065806,93661,ATAC. MR110029 RECICLADO COR 4662/PET [d2a4f9dc-9e02-4fca-990a-5da4082b03dc],135CM,16002669,468,16001124NBR3283376,31/07/2026,08/09/2026,18,21/08/2026,900812,,d2a4f9dc-9e02-4fca-990a-5da4082b03dc,NIKE,136058,22,NORMAL
DASS SEST714141893661135CM1600266916001127NBR328337820260731-1,OK,DASS SEST,7,141418,1065806,93661,ATAC. MR110029 RECICLADO COR 4662/PET [77719ab7-9c51-4b66-b4e0-0994faa795e7],135CM,16002669,470,16001127NBR3283378,31/07/2026,08/09/2026,18,21/08/2026,900813,,77719ab7-9c51-4b66-b4e0-0994faa795e7,NIKE,136058,23,NORMAL
DASS SEST714141893661135CM1600266916001128NBR328337820260731-1,OK,DASS SEST,7,141418,1065806,93661,ATAC. MR110029 RECICLADO COR 4662/PET [bcb71894-f093-4632-9747-4b73f8db9d22],135CM,16002669,468,16001128NBR3283378,31/07/2026,08/09/2026,18,21/08/2026,900814,,bcb71894-f093-4632-9747-4b73f8db9d22,NIKE,136058,24,NORMAL
DASS SEST71414197423710MM1600358220260731-1,OK,DASS SEST,7,141419,1065278,74237,FITA MR100001 C/ GOMA RECICLADO COR 4085/PET [781016a0-5311-4789-8156-808b20e975a9],10MM,16003582,170,0,31/07/2026,08/09/2026,18,21/08/2026,900815,,781016a0-5311-4789-8156-808b20e975a9,NIKE,136059,1,NORMAL
DASS SEST7141563701648MM1601212820260804-1,OK,DASS SEST,7,141563,108955,70164,FITA MFGP C/ GOMA POLIESTER COR 100 [8fc5d955-42d5-4e5b-bbfe-445c64f6554f],8MM,16012128,230,0,04/08/2026,08/09/2026,18,21/08/2026,900816,,8fc5d955-42d5-4e5b-bbfe-445c64f6554f,FILA,136195,1,NORMAL
DASS SEST7141563859978MM1601212820260804-1,OK,DASS SEST,7,141563,1287882,85997,FITA MFGP C/ GOMA POLIESTER COR 5507 [eeb8c381-d12b-4655-b748-e28002dff811],8MM,16012128,100,0,04/08/2026,08/09/2026,18,21/08/2026,900817,,eeb8c381-d12b-4655-b748-e28002dff811,FILA,136195,2,NORMAL
DASS SEST7141563875208MM1601212820260804-1,OK,DASS SEST,7,141563,1316853,87520,FITA MFGP C/ GOMA POLIESTER COR 324 [59a865c0-f00c-434a-a8c0-488048038617],8MM,16012128,70,0,04/08/2026,08/09/2026,18,21/08/2026,900818,,59a865c0-f00c-434a-a8c0-488048038617,FILA,136195,3,NORMAL
DASS SEST7141563905268MM1601212820260804-1,OK,DASS SEST,7,141563,1360138,90526,FITA MFGP C/ GOMA POLIESTER COR 186 [31c93de6-8258-4350-a334-af1cbfc50266],8MM,16012128,70,0,04/08/2026,08/09/2026,18,21/08/2026,900819,,31c93de6-8258-4350-a334-af1cbfc50266,FILA,136195,4,NORMAL
DASS SEST71415638826616MM1601212820260804-1,OK,DASS SEST,7,141563,1324891,88266,FITA M31119 C/ GOMA POLIESTER COR 075/ COR 100/ COR 102 [6ab00c8e-db71-4975-be09-7009ce3b6efa],16MM,16012128,70,0,04/08/2026,08/09/2026,18,21/08/2026,900820,,6ab00c8e-db71-4975-be09-7009ce3b6efa,FILA,136195,5,NORMAL
DASS SEST71415639296416MM1601212820260804-1,OK,DASS SEST,7,141563,1360126,92964,FITA M31119 C/ GOMA POLIESTER COR 186 / COR 5508 / COR 5508 [bf33590f-86cd-41e2-8a8e-f5b59fb1f7e0],16MM,16012128,70,0,04/08/2026,08/09/2026,18,21/08/2026,900821,,bf33590f-86cd-41e2-8a8e-f5b59fb1f7e0,FILA,136195,6,NORMAL
DASS SEST71416609047512MM1602005120260806-1,OK,DASS SEST,7,141660,1356824,90475,FITA M41476 C/ GOMA POLIESTER COR 5508 / COR 102 [fa69b70d-05ea-4fc8-8c0e-d292b7dcd405],12MM,16020051,140,0,06/08/2026,08/09/2026,18,21/08/2026,900822,,fa69b70d-05ea-4fc8-8c0e-d292b7dcd405,FILA,136291,1,NORMAL
DASS SEST71416609268812MM1602005120260806-1,OK,DASS SEST,7,141660,1394642,92688,FITA M41476 C/ GOMA POLIESTER COR 5512 / COR 5535 [87542513-1d81-4dde-9fde-4c18737dacd1],12MM,16020051,150,0,06/08/2026,08/09/2026,18,21/08/2026,900823,,87542513-1d81-4dde-9fde-4c18737dacd1,FILA,136291,2,NORMAL
DASS SEST71416609491312MM1602005120260806-1,OK,DASS SEST,7,141660,1438056,94913,FITA M41476 C/ GOMA POLIESTER COR 5535 / COR 102 [b41571c9-b24c-49a7-9a5e-a27c2384e313],12MM,16020051,350,0,06/08/2026,08/09/2026,18,21/08/2026,900824,,b41571c9-b24c-49a7-9a5e-a27c2384e313,FILA,136291,3,NORMAL
DASS SEST71419157423610MM1604653920260814-1,OK,DASS SEST,7,141915,1065276,74236,FITA MR100001 C/ GOMA RECICLADO COR 4662/PET [5e757013-b279-40a7-b91b-19cd0fa58dd3],10MM,16046539,330,0,14/08/2026,08/09/2026,18,21/08/2026,900825,,5e757013-b279-40a7-b91b-19cd0fa58dd3,NIKE,136591,1,NORMAL
DASS ITABERABA701415077559390CM1600365815996392BRITB0055420260803-1,OK,DASS ITABERABA,70,141507,1179318,75593,ATAC. M13725 6MM POLIESTER COR 057 [c564b147-f88a-4435-8960-621c44aa7f50],90CM,16003658,300,15996392BRITB00554,03/08/2026,08/09/2026,18,21/08/2026,900826,,c564b147-f88a-4435-8960-621c44aa7f50,FILA,136144,1,NORMAL
DASS ITABERABA701415077559390CM1600365815996393BRITB0055420260803-1,OK,DASS ITABERABA,70,141507,1179318,75593,ATAC. M13725 6MM POLIESTER COR 057 [a572eefd-4441-4363-bc31-90fa3cc05b7f],90CM,16003658,312,15996393BRITB00554,03/08/2026,08/09/2026,18,21/08/2026,900827,,a572eefd-4441-4363-bc31-90fa3cc05b7f,FILA,136144,2,NORMAL
DASS ITABERABA7014150775593100CM1600365815996371BRITB0055320260803-1,OK,DASS ITABERABA,70,141507,1179318,75593,ATAC. M13725 6MM POLIESTER COR 057 [cdfdee96-dfc3-42c7-971d-e1ff9ea40a4a],100CM,16003658,384,15996371BRITB00553,03/08/2026,08/09/2026,18,21/08/2026,900828,,cdfdee96-dfc3-42c7-971d-e1ff9ea40a4a,FILA,136144,3,NORMAL
DASS ITABERABA7014150775593100CM1600365815996372BRITB0055320260803-1,OK,DASS ITABERABA,70,141507,1179318,75593,ATAC. M13725 6MM POLIESTER COR 057 [6084b344-f3e3-414a-9257-ce85b5d7db7c],100CM,16003658,408,15996372BRITB00553,03/08/2026,08/09/2026,18,21/08/2026,900829,,6084b344-f3e3-414a-9257-ce85b5d7db7c,FILA,136144,4,NORMAL
DASS ITABERABA7014150775593100CM1600365815996392BRITB0055420260803-1,OK,DASS ITABERABA,70,141507,1179318,75593,ATAC. M13725 6MM POLIESTER COR 057 [622781ff-6a93-4f52-956c-4bdcbd536ce3],100CM,16003658,408,15996392BRITB00554,03/08/2026,08/09/2026,18,21/08/2026,900830,,622781ff-6a93-4f52-956c-4bdcbd536ce3,FILA,136144,5,NORMAL
DASS ITABERABA7014150775593100CM1600365815996393BRITB0055420260803-1,OK,DASS ITABERABA,70,141507,1179318,75593,ATAC. M13725 6MM POLIESTER COR 057 [5b5ff54d-729b-4ee1-932f-d42128e38cea],100CM,16003658,420,15996393BRITB00554,03/08/2026,08/09/2026,18,21/08/2026,900831,,5b5ff54d-729b-4ee1-932f-d42128e38cea,FILA,136144,6,NORMAL
DASS ITABERABA7014150775593110CM1600365815996371BRITB0055320260803-1,OK,DASS ITABERABA,70,141507,1179318,75593,ATAC. M13725 6MM POLIESTER COR 057 [20a1f2a4-620b-4e03-8252-187c1929df04],110CM,16003658,480,15996371BRITB00553,03/08/2026,08/09/2026,18,21/08/2026,900832,,20a1f2a4-620b-4e03-8252-187c1929df04,FILA,136144,7,NORMAL
DASS ITABERABA7014150775593110CM1600365815996372BRITB0055320260803-1,OK,DASS ITABERABA,70,141507,1179318,75593,ATAC. M13725 6MM POLIESTER COR 057 [fe3178a3-8d4e-4ae4-9f0d-c72699e82802],110CM,16003658,480,15996372BRITB00553,03/08/2026,08/09/2026,18,21/08/2026,900833,,fe3178a3-8d4e-4ae4-9f0d-c72699e82802,FILA,136144,8,NORMAL
DASS ITABERABA701415077559590CM1600365815996378BRITB0055320260803-1,OK,DASS ITABERABA,70,141507,1175396,75595,ATAC. M13725 6MM POLIESTER COR 100 [8766e09e-01b1-4e7a-b10b-2daf835ee3ab],90CM,16003658,324,15996378BRITB00553,03/08/2026,08/09/2026,18,21/08/2026,900834,,8766e09e-01b1-4e7a-b10b-2daf835ee3ab,FILA,136144,9,NORMAL
DASS ITABERABA7014150775595100CM1600365815996370BRITB0055220260803-1,OK,DASS ITABERABA,70,141507,1175396,75595,ATAC. M13725 6MM POLIESTER COR 100 [5f8f37e0-7307-485f-b3f3-6dcfc541a12f],100CM,16003658,624,15996370BRITB00552,03/08/2026,08/09/2026,18,21/08/2026,900835,,5f8f37e0-7307-485f-b3f3-6dcfc541a12f,FILA,136144,10,NORMAL
DASS ITABERABA7014150775595100CM1600365815996378BRITB0055320260803-1,OK,DASS ITABERABA,70,141507,1175396,75595,ATAC. M13725 6MM POLIESTER COR 100 [f8381daa-a746-4930-88ca-add9c82c49f3],100CM,16003658,540,15996378BRITB00553,03/08/2026,08/09/2026,18,21/08/2026,900836,,f8381daa-a746-4930-88ca-add9c82c49f3,FILA,136144,11,NORMAL
DASS ITABERABA7014150775595110CM1600365815996370BRITB0055220260803-1,OK,DASS ITABERABA,70,141507,1175396,75595,ATAC. M13725 6MM POLIESTER COR 100 [261dffff-01f3-4597-a157-4340d0517bad],110CM,16003658,516,15996370BRITB00552,03/08/2026,08/09/2026,18,21/08/2026,900837,,261dffff-01f3-4597-a157-4340d0517bad,FILA,136144,12,NORMAL
DASS ITABERABA701415077566290CM1600365815996373BRITB0055320260803-1,OK,DASS ITABERABA,70,141507,1314384,75662,ATAC. M13725 6MM POLIESTER COR 114 [a07fab60-9b19-4668-824b-68170c64a356],90CM,16003658,312,15996373BRITB00553,03/08/2026,08/09/2026,18,21/08/2026,900838,,a07fab60-9b19-4668-824b-68170c64a356,FILA,136144,13,NORMAL
DASS ITABERABA701415077566290CM1600365815996374BRITB0055320260803-1,OK,DASS ITABERABA,70,141507,1314384,75662,ATAC. M13725 6MM POLIESTER COR 114 [46c2019e-ac5e-48d9-8f01-d1e0b7de5536],90CM,16003658,336,15996374BRITB00553,03/08/2026,08/09/2026,18,21/08/2026,900839,,46c2019e-ac5e-48d9-8f01-d1e0b7de5536,FILA,136144,14,NORMAL
DASS ITABERABA701415077566290CM1600365815996375BRITB0055320260803-1,OK,DASS ITABERABA,70,141507,1314384,75662,ATAC. M13725 6MM POLIESTER COR 114 [51a732c4-e37b-4d65-a9ce-81fab1726875],90CM,16003658,252,15996375BRITB00553,03/08/2026,08/09/2026,18,21/08/2026,900840,,51a732c4-e37b-4d65-a9ce-81fab1726875,FILA,136144,15,NORMAL
DASS ITABERABA701415077566290CM1600365815996377BRITB0055320260803-1,OK,DASS ITABERABA,70,141507,1314384,75662,ATAC. M13725 6MM POLIESTER COR 114 [349f5f3d-c13d-481d-9a21-dd1c8b6349e5],90CM,16003658,252,15996377BRITB00553,03/08/2026,08/09/2026,18,21/08/2026,900841,,349f5f3d-c13d-481d-9a21-dd1c8b6349e5,FILA,136144,16,NORMAL
DASS ITABERABA7014150775662100CM1600365815996373BRITB0055320260803-1,OK,DASS ITABERABA,70,141507,1314384,75662,ATAC. M13725 6MM POLIESTER COR 114 [45bcff29-9ab0-4ba8-a21b-7aa5efd99b24],100CM,16003658,444,15996373BRITB00553,03/08/2026,08/09/2026,18,21/08/2026,900842,,45bcff29-9ab0-4ba8-a21b-7aa5efd99b24,FILA,136144,17,NORMAL
DASS ITABERABA7014150775662100CM1600365815996374BRITB0055320260803-1,OK,DASS ITABERABA,70,141507,1314384,75662,ATAC. M13725 6MM POLIESTER COR 114 [67301545-1475-49b4-8d76-65b6eb589b5f],100CM,16003658,468,15996374BRITB00553,03/08/2026,08/09/2026,18,21/08/2026,900843,,67301545-1475-49b4-8d76-65b6eb589b5f,FILA,136144,18,NORMAL
DASS ITABERABA7014150775662100CM1600365815996375BRITB0055320260803-1,OK,DASS ITABERABA,70,141507,1314384,75662,ATAC. M13725 6MM POLIESTER COR 114 [7b2dbfe9-d03b-4f14-8df6-f5947ededa8e],100CM,16003658,372,15996375BRITB00553,03/08/2026,08/09/2026,18,21/08/2026,900844,,7b2dbfe9-d03b-4f14-8df6-f5947ededa8e,FILA,136144,19,NORMAL
DASS ITABERABA7014150775662100CM1600365815996377BRITB0055320260803-1,OK,DASS ITABERABA,70,141507,1314384,75662,ATAC. M13725 6MM POLIESTER COR 114 [9ad3fc05-0683-4241-9355-bb10ba374c6a],100CM,16003658,396,15996377BRITB00553,03/08/2026,08/09/2026,18,21/08/2026,900845,,9ad3fc05-0683-4241-9355-bb10ba374c6a,FILA,136144,20,NORMAL
DASS ITABERABA7014150776524100CM1600365815996388BRITB0055320260803-1,OK,DASS ITABERABA,70,141507,816378,76524,ATAC. M13725 6MM POLIESTER COR 263 [1b1f586a-fe0f-49bb-a3c7-45b5b8f1c10b],100CM,16003658,420,15996388BRITB00553,03/08/2026,08/09/2026,18,21/08/2026,900846,,1b1f586a-fe0f-49bb-a3c7-45b5b8f1c10b,FILA,136144,21,NORMAL
DASS ITABERABA7014150776524100CM1600365815996389BRITB0055320260803-1,OK,DASS ITABERABA,70,141507,816378,76524,ATAC. M13725 6MM POLIESTER COR 263 [23b75762-bbf6-4911-a574-2bfb5b9ae08f],100CM,16003658,432,15996389BRITB00553,03/08/2026,08/09/2026,18,21/08/2026,900847,,23b75762-bbf6-4911-a574-2bfb5b9ae08f,FILA,136144,22,NORMAL
DASS ITABERABA7014150776524100CM1600365815996390BRITB0055320260803-1,OK,DASS ITABERABA,70,141507,816378,76524,ATAC. M13725 6MM POLIESTER COR 263 [cca0436f-1fb1-4e7b-875d-2f2e172af9ed],100CM,16003658,348,15996390BRITB00553,03/08/2026,08/09/2026,18,21/08/2026,900848,,cca0436f-1fb1-4e7b-875d-2f2e172af9ed,FILA,136144,23,NORMAL
DASS ITABERABA7014150776524100CM1600365815996391BRITB0055320260803-1,OK,DASS ITABERABA,70,141507,816378,76524,ATAC. M13725 6MM POLIESTER COR 263 [a48489d4-3daa-4183-9196-ef936e3c6dd9],100CM,16003658,360,15996391BRITB00553,03/08/2026,08/09/2026,18,21/08/2026,900849,,a48489d4-3daa-4183-9196-ef936e3c6dd9,FILA,136144,24,NORMAL
DASS ITABERABA7014150776524110CM1600365815996388BRITB0055320260803-1,OK,DASS ITABERABA,70,141507,816378,76524,ATAC. M13725 6MM POLIESTER COR 263 [4386a291-a78e-4718-baa6-96d59d767939],110CM,16003658,516,15996388BRITB00553,03/08/2026,08/09/2026,18,21/08/2026,900850,,4386a291-a78e-4718-baa6-96d59d767939,FILA,136144,25,NORMAL
DASS ITABERABA7014150776524110CM1600365815996389BRITB0055320260803-1,OK,DASS ITABERABA,70,141507,816378,76524,ATAC. M13725 6MM POLIESTER COR 263 [8c03ce5f-68f3-4d72-a2d6-e03eebe532c7],110CM,16003658,540,15996389BRITB00553,03/08/2026,08/09/2026,18,21/08/2026,900851,,8c03ce5f-68f3-4d72-a2d6-e03eebe532c7,FILA,136144,26,NORMAL
DASS ITABERABA7014150776524110CM1600365815996390BRITB0055320260803-1,OK,DASS ITABERABA,70,141507,816378,76524,ATAC. M13725 6MM POLIESTER COR 263 [98ab36de-a989-4cfd-98ca-e32b559df918],110CM,16003658,456,15996390BRITB00553,03/08/2026,08/09/2026,18,21/08/2026,900852,,98ab36de-a989-4cfd-98ca-e32b559df918,FILA,136144,27,NORMAL
DASS ITABERABA7014150776524110CM1600365815996391BRITB0055320260803-1,OK,DASS ITABERABA,70,141507,816378,76524,ATAC. M13725 6MM POLIESTER COR 263 [a994f88f-258d-4643-8dc8-96d6a0a10dc7],110CM,16003658,480,15996391BRITB00553,03/08/2026,08/09/2026,18,21/08/2026,900853,,a994f88f-258d-4643-8dc8-96d6a0a10dc7,FILA,136144,28,NORMAL
DASS ITABERABA701415078750580CM1600365815996402BRITB0054620260803-1,OK,DASS ITABERABA,70,141507,1285852,87505,ELAST. M21180 2.5MM POLIESTER COR 100 / COR 263 [e354adb8-9456-41bc-99dc-144047133836],80CM,16003658,336,15996402BRITB00546,03/08/2026,08/09/2026,18,21/08/2026,900854,,e354adb8-9456-41bc-99dc-144047133836,FILA,136144,29,NORMAL
DASS ITABERABA701415078750580CM1600365815996403BRITB0054620260803-1,OK,DASS ITABERABA,70,141507,1285852,87505,ELAST. M21180 2.5MM POLIESTER COR 100 / COR 263 [cb5955a2-264d-4fd0-abab-c7efb5ffc0db],80CM,16003658,360,15996403BRITB00546,03/08/2026,08/09/2026,18,21/08/2026,900855,,cb5955a2-264d-4fd0-abab-c7efb5ffc0db,FILA,136144,30,NORMAL
DASS ITABERABA701415078750580CM1600365815996422BRITB0054620260803-1,OK,DASS ITABERABA,70,141507,1285852,87505,ELAST. M21180 2.5MM POLIESTER COR 100 / COR 263 [6c9d64b8-88d6-4fe4-97b8-0c4203d2809a],80CM,16003658,360,15996422BRITB00546,03/08/2026,08/09/2026,18,21/08/2026,900856,,6c9d64b8-88d6-4fe4-97b8-0c4203d2809a,FILA,136144,31,NORMAL
DASS ITABERABA701415078750585CM1600365815996402BRITB0054620260803-1,OK,DASS ITABERABA,70,141507,1285852,87505,ELAST. M21180 2.5MM POLIESTER COR 100 / COR 263 [bd505590-ccb5-48fc-a793-f2a7907fdb60],85CM,16003658,216,15996402BRITB00546,03/08/2026,08/09/2026,18,21/08/2026,900857,,bd505590-ccb5-48fc-a793-f2a7907fdb60,FILA,136144,32,NORMAL
DASS ITABERABA701415078750585CM1600365815996403BRITB0054620260803-1,OK,DASS ITABERABA,70,141507,1285852,87505,ELAST. M21180 2.5MM POLIESTER COR 100 / COR 263 [febf0267-2143-4949-8c30-41a6536d8087],85CM,16003658,312,15996403BRITB00546,03/08/2026,08/09/2026,18,21/08/2026,900858,,febf0267-2143-4949-8c30-41a6536d8087,FILA,136144,33,NORMAL
DASS ITABERABA701415078750585CM1600365815996422BRITB0054620260803-1,OK,DASS ITABERABA,70,141507,1285852,87505,ELAST. M21180 2.5MM POLIESTER COR 100 / COR 263 [c467aae4-63f2-4040-bf8c-df3696f147e4],85CM,16003658,216,15996422BRITB00546,03/08/2026,08/09/2026,18,21/08/2026,900859,,c467aae4-63f2-4040-bf8c-df3696f147e4,FILA,136144,34,NORMAL
DASS ITABERABA701415079353175CM1600365815996404BRITB0055020260803-1,OK,DASS ITABERABA,70,141507,1410950,93531,ELAST. M21180 POLIESTER COR 5508 / COR 100 [d14f61aa-5cb0-4da9-bcba-8d0fbd91ab3b],75CM,16003658,252,15996404BRITB00550,03/08/2026,08/09/2026,18,21/08/2026,900860,,d14f61aa-5cb0-4da9-bcba-8d0fbd91ab3b,FILA,136144,35,NORMAL
DASS ITABERABA701415079353180CM1600365815996401BRITB0054620260803-1,OK,DASS ITABERABA,70,141507,1410950,93531,ELAST. M21180 POLIESTER COR 5508 / COR 100 [53f2f5f9-9ea0-4043-836e-76326e593f81],80CM,16003658,408,15996401BRITB00546,03/08/2026,08/09/2026,18,21/08/2026,900861,,53f2f5f9-9ea0-4043-836e-76326e593f81,FILA,136144,36,NORMAL
DASS ITABERABA701415079353180CM1600365815996404BRITB0055020260803-1,OK,DASS ITABERABA,70,141507,1410950,93531,ELAST. M21180 POLIESTER COR 5508 / COR 100 [db8aa04e-7783-458c-97c8-61ba66828456],80CM,16003658,372,15996404BRITB00550,03/08/2026,08/09/2026,18,21/08/2026,900862,,db8aa04e-7783-458c-97c8-61ba66828456,FILA,136144,37,NORMAL
DASS ITABERABA701415079353185CM1600365815996401BRITB0054620260803-1,OK,DASS ITABERABA,70,141507,1410950,93531,ELAST. M21180 POLIESTER COR 5508 / COR 100 [839d2218-923c-4fda-8648-fd10fb3c2976],85CM,16003658,264,15996401BRITB00546,03/08/2026,08/09/2026,18,21/08/2026,900863,,839d2218-923c-4fda-8648-fd10fb3c2976,FILA,136144,38,NORMAL
DASS ITABERABA701415079353375CM1600365815996405BRITB0055020260803-1,OK,DASS ITABERABA,70,141507,1410962,93533,ELAST. M21180 POLIESTER COR 599 / COR 100 [425f1b65-7353-48ca-bc04-b43a77c68a6a],75CM,16003658,276,15996405BRITB00550,03/08/2026,08/09/2026,18,21/08/2026,900864,,425f1b65-7353-48ca-bc04-b43a77c68a6a,FILA,136144,39,NORMAL
DASS ITABERABA701415079353380CM1600365815996405BRITB0055020260803-1,OK,DASS ITABERABA,70,141507,1410962,93533,ELAST. M21180 POLIESTER COR 599 / COR 100 [99301b80-71b6-4c4d-88b2-f7bb85c7162d],80CM,16003658,372,15996405BRITB00550,03/08/2026,08/09/2026,18,21/08/2026,900865,,99301b80-71b6-4c4d-88b2-f7bb85c7162d,FILA,136144,40,NORMAL
DASS ITABERABA701415147016415MM1600322820260803-1,OK,DASS ITABERABA,70,141514,783896,70164,FITA MFGP C/ GOMA POLIESTER COR 100 [ae93cf1e-d6a9-4624-a300-84e608317258],15MM,16003228,650,0,03/08/2026,08/09/2026,18,21/08/2026,900866,,ae93cf1e-d6a9-4624-a300-84e608317258,FILA,136151,1,NORMAL
DASS ITABERABA701415148455912MM1600322820260803-1,OK,DASS ITABERABA,70,141514,1104256,84559,FITA MFGP C/ GOMA POLIESTER COR 114 [8e52310f-55ee-4d27-b146-3460779444b3],12MM,16003228,280,0,03/08/2026,08/09/2026,18,21/08/2026,900867,,8e52310f-55ee-4d27-b146-3460779444b3,FILA,136151,2,NORMAL
DASS ITABERABA701415148599712MM1600322820260803-1,OK,DASS ITABERABA,70,141514,1273335,85997,FITA MFGP C/ GOMA POLIESTER COR 5507 [6bd50c1c-d11e-411a-a56b-b0ab382abaa7],12MM,16003228,240,0,03/08/2026,08/09/2026,18,21/08/2026,900868,,6bd50c1c-d11e-411a-a56b-b0ab382abaa7,FILA,136151,3,NORMAL
DASS ITABERABA701415148619115MM1600322820260803-1,OK,DASS ITABERABA,70,141514,1354721,86191,FITA MFGP C/ GOMA POLIESTER COR 5535 [b4cd07b5-9e0e-4a70-9603-4027a8eb6a40],15MM,16003228,510,0,03/08/2026,08/09/2026,18,21/08/2026,900869,,b4cd07b5-9e0e-4a70-9603-4027a8eb6a40,FILA,136151,4,NORMAL
DASS ITABERABA701415149372015MM1600322820260803-1,OK,DASS ITABERABA,70,141514,1418464,93720,FITA MFGP C/ GOMA POLIESTER COR 5998 [02e10043-c5ae-4702-99e6-d3792753a999],15MM,16003228,170,0,03/08/2026,08/09/2026,18,21/08/2026,900870,,02e10043-c5ae-4702-99e6-d3792753a999,FILA,136151,5,NORMAL
DASS ITABERABA701415148794416MM1600322820260803-1,OK,DASS ITABERABA,70,141514,1294761,87944,FITA M31119 C/ GOMA POLIESTER COR 102/ COR 100/ COR 678 [b3eeeff3-c5f2-46f5-b0fc-6aae20563220],16MM,16003228,90,0,03/08/2026,08/09/2026,18,21/08/2026,900871,,b3eeeff3-c5f2-46f5-b0fc-6aae20563220,FILA,136151,6,NORMAL
DASS ITABERABA701415148794616MM1600322820260803-1,OK,DASS ITABERABA,70,141514,1316829,87946,FITA M31119 C/ GOMA POLIESTER COR 100/ COR 5535/ COR 102 [29379b2b-d44b-41a1-aa0a-126f8323caab],16MM,16003228,70,0,03/08/2026,08/09/2026,18,21/08/2026,900872,,29379b2b-d44b-41a1-aa0a-126f8323caab,FILA,136151,7,NORMAL
DASS ITABERABA701415149299116MM1600322820260803-1,OK,DASS ITABERABA,70,141514,1404666,92991,FITA M31119 C/ GOMA POLIESTER COR 100 / COR 5768 / COR 599 [713e8702-77ef-49b6-8f64-388e57d0d8b4],16MM,16003228,90,0,03/08/2026,08/09/2026,18,21/08/2026,900873,,713e8702-77ef-49b6-8f64-388e57d0d8b4,FILA,136151,8,NORMAL
DASS ITABERABA701415149538216MM1600322820260803-1,OK,DASS ITABERABA,70,141514,1403058,95382,FITA M31119 C/ GOMA POLIESTER COR 788 / COR 5768 / COR 5768 [0f112327-6a8d-49ad-b9d4-9cc5e45e0fb1],16MM,16003228,60,0,03/08/2026,08/09/2026,18,21/08/2026,900874,,0f112327-6a8d-49ad-b9d4-9cc5e45e0fb1,FILA,136151,9,NORMAL
DASS ITABERABA701415149538316MM1600322820260803-1,OK,DASS ITABERABA,70,141514,1417771,95383,FITA M31119 C/ GOMA POLIESTER COR 5855 / COR 5768 / COR 5768 [8097fc68-bd9a-434c-ba61-7565a0797519],16MM,16003228,150,0,03/08/2026,08/09/2026,18,21/08/2026,900875,,8097fc68-bd9a-434c-ba61-7565a0797519,FILA,136151,10,NORMAL
DASS ITABERABA701415149538416MM1600322820260803-1,OK,DASS ITABERABA,70,141514,1411433,95384,FITA M31119 C/ GOMA POLIESTER COR 6008 / COR 102 / COR 102 [9173660e-3f82-4063-8462-d68a022f6e5d],16MM,16003228,180,0,03/08/2026,08/09/2026,18,21/08/2026,900876,,9173660e-3f82-4063-8462-d68a022f6e5d,FILA,136151,11,NORMAL
DASS ITABERABA701415149538516MM1600322820260803-1,OK,DASS ITABERABA,70,141514,1401825,95385,FITA M31119 C/ GOMA POLIESTER COR 814 / COR 5508 / COR 5508 [682d3c58-7d31-43ad-bc3d-f4042c2cfcf1],16MM,16003228,100,0,03/08/2026,08/09/2026,18,21/08/2026,900877,,682d3c58-7d31-43ad-bc3d-f4042c2cfcf1,FILA,136151,12,NORMAL
DASS ITABERABA7014151890560115CM1600756315996425FIL00154620260803-1,OK,DASS ITABERABA,70,141518,1331660,90560,ATAC. M6034 8MM ALPINA COR 2383 [8847c17f-f347-4b5a-8c9c-dcf4d6d0d44d],115CM,16007563,252,15996425FIL001546,03/08/2026,08/09/2026,18,21/08/2026,900878,,8847c17f-f347-4b5a-8c9c-dcf4d6d0d44d,FILA,136153,1,NORMAL
DASS ITABERABA7014151890560125CM1600756315996424FIL00154020260803-1,OK,DASS ITABERABA,70,141518,1331660,90560,ATAC. M6034 8MM ALPINA COR 2383 [52236d9a-ad86-4003-9950-200b09e539d1],125CM,16007563,432,15996424FIL001540,03/08/2026,08/09/2026,18,21/08/2026,900879,,52236d9a-ad86-4003-9950-200b09e539d1,FILA,136153,2,NORMAL
DASS ITABERABA7014151890560125CM1600756315996425FIL00154620260803-1,OK,DASS ITABERABA,70,141518,1331660,90560,ATAC. M6034 8MM ALPINA COR 2383 [75ec4865-dc7e-4f34-8d88-c8d2d860f0e8],125CM,16007563,276,15996425FIL001546,03/08/2026,08/09/2026,18,21/08/2026,900880,,75ec4865-dc7e-4f34-8d88-c8d2d860f0e8,FILA,136153,3,NORMAL
DASS ITABERABA7014151890560135CM1600756315996424FIL00154020260803-1,OK,DASS ITABERABA,70,141518,1331660,90560,ATAC. M6034 8MM ALPINA COR 2383 [f5289f49-4ea0-4f8f-a5a8-013ffa4d5538],135CM,16007563,216,15996424FIL001540,03/08/2026,08/09/2026,18,21/08/2026,900881,,f5289f49-4ea0-4f8f-a5a8-013ffa4d5538,FILA,136153,4,NORMAL
DASS ITABERABA7014151896312115CM1600756315996400FIL00154320260803-1,OK,DASS ITABERABA,70,141518,1421377,96312,ATAC. M6034C 8MM ALPINA COR 2466 [1ec3280c-8770-4940-9a43-b149464b6f0d],115CM,16007563,252,15996400FIL001543,03/08/2026,08/09/2026,18,21/08/2026,900882,,1ec3280c-8770-4940-9a43-b149464b6f0d,FILA,136153,5,NORMAL
DASS ITABERABA7014151896312125CM1600756315996399FIL00153720260803-1,OK,DASS ITABERABA,70,141518,1421377,96312,ATAC. M6034C 8MM ALPINA COR 2466 [c1546027-ca2c-4155-a85f-fecf2a5d24f6],125CM,16007563,288,15996399FIL001537,03/08/2026,08/09/2026,18,21/08/2026,900883,,c1546027-ca2c-4155-a85f-fecf2a5d24f6,FILA,136153,6,NORMAL
DASS ITABERABA7014151896312125CM1600756315996400FIL00154320260803-1,OK,DASS ITABERABA,70,141518,1421377,96312,ATAC. M6034C 8MM ALPINA COR 2466 [5b39cd32-d9d8-43cb-b6fb-d04415d1819b],125CM,16007563,288,15996400FIL001543,03/08/2026,08/09/2026,18,21/08/2026,900884,,5b39cd32-d9d8-43cb-b6fb-d04415d1819b,FILA,136153,7,NORMAL
DASS ITABERABA7014151896312135CM1600756315996399FIL00153720260803-1,OK,DASS ITABERABA,70,141518,1421377,96312,ATAC. M6034C 8MM ALPINA COR 2466 [a121db18-f4b7-4439-aaf4-36c31be0d2aa],135CM,16007563,216,15996399FIL001537,03/08/2026,08/09/2026,18,21/08/2026,900885,,a121db18-f4b7-4439-aaf4-36c31be0d2aa,FILA,136153,8,NORMAL
DASS ITABERABA701416078794416MM1601517420260805-1,OK,DASS ITABERABA,70,141607,1294761,87944,FITA M31119 C/ GOMA POLIESTER COR 102/ COR 100/ COR 678 [bab1234b-dc46-4346-98e6-66c09e956a24],16MM,16015174,150,0,05/08/2026,08/09/2026,18,21/08/2026,900886,,bab1234b-dc46-4346-98e6-66c09e956a24,FILA,136240,1,NORMAL
DASS SANTO ANTONIO152614133573756115CM1598597615984465BRSA00190420260730-1,OK,DASS SANTO ANTONIO,1526,141335,1260166,73756,ATAC. M10110 5MM POLIESTER COR 100 / COR 263 [58d82f52-ded9-4169-92a5-6e5eed2a4653],115CM,15985976,660,15984465BRSA001904,30/07/2026,08/09/2026,18,21/08/2026,900887,,58d82f52-ded9-4169-92a5-6e5eed2a4653,FILA,135986,1,NORMAL
DASS SANTO ANTONIO152614133573756115CM1598597615984466BRSA00190520260730-1,OK,DASS SANTO ANTONIO,1526,141335,1260166,73756,ATAC. M10110 5MM POLIESTER COR 100 / COR 263 [069c5520-dde5-4718-8c23-007a74e1edc1],115CM,15985976,576,15984466BRSA001905,30/07/2026,08/09/2026,18,21/08/2026,900888,,069c5520-dde5-4718-8c23-007a74e1edc1,FILA,135986,2,NORMAL
DASS SANTO ANTONIO152614133573756115CM1598597615984469BRSA00190520260730-1,OK,DASS SANTO ANTONIO,1526,141335,1260166,73756,ATAC. M10110 5MM POLIESTER COR 100 / COR 263 [de027b20-8b2c-44bf-85fb-ebbc2131f6d1],115CM,15985976,600,15984469BRSA001905,30/07/2026,08/09/2026,18,21/08/2026,900889,,de027b20-8b2c-44bf-85fb-ebbc2131f6d1,FILA,135986,3,NORMAL
DASS SANTO ANTONIO152614133573756125CM1598597615984465BRSA00190420260730-1,OK,DASS SANTO ANTONIO,1526,141335,1260166,73756,ATAC. M10110 5MM POLIESTER COR 100 / COR 263 [879c0980-1c5d-45bd-9ed4-13b7f11e345d],125CM,15985976,396,15984465BRSA001904,30/07/2026,08/09/2026,18,21/08/2026,900890,,879c0980-1c5d-45bd-9ed4-13b7f11e345d,FILA,135986,4,NORMAL
DASS SANTO ANTONIO152614133573756125CM1598597615984466BRSA00190520260730-1,OK,DASS SANTO ANTONIO,1526,141335,1260166,73756,ATAC. M10110 5MM POLIESTER COR 100 / COR 263 [2ed1a55f-cebf-4a3f-b3a8-6c3ab2efd463],125CM,15985976,252,15984466BRSA001905,30/07/2026,08/09/2026,18,21/08/2026,900891,,2ed1a55f-cebf-4a3f-b3a8-6c3ab2efd463,FILA,135986,5,NORMAL
DASS SANTO ANTONIO152614133573756125CM1598597615984469BRSA00190520260730-1,OK,DASS SANTO ANTONIO,1526,141335,1260166,73756,ATAC. M10110 5MM POLIESTER COR 100 / COR 263 [0c338b2d-e686-4d5b-9eb3-7e9ced58bdc8],125CM,15985976,264,15984469BRSA001905,30/07/2026,08/09/2026,18,21/08/2026,900892,,0c338b2d-e686-4d5b-9eb3-7e9ced58bdc8,FILA,135986,6,NORMAL
DASS SANTO ANTONIO152614133587843115CM1598597615984470BRSA00190620260730-1,OK,DASS SANTO ANTONIO,1526,141335,1294817,87843,ATAC. M10110 5MM POLIESTER COR 599 / COR 114 [66c3a68b-bc11-42e3-a94b-0679d677f322],115CM,15985976,468,15984470BRSA001906,30/07/2026,08/09/2026,18,21/08/2026,900893,,66c3a68b-bc11-42e3-a94b-0679d677f322,FILA,135986,7,NORMAL
DASS SANTO ANTONIO152614133587843125CM1598597615984470BRSA00190620260730-1,OK,DASS SANTO ANTONIO,1526,141335,1294817,87843,ATAC. M10110 5MM POLIESTER COR 599 / COR 114 [88f47f7a-5704-42a8-9f28-544227906595],125CM,15985976,192,15984470BRSA001906,30/07/2026,08/09/2026,18,21/08/2026,900894,,88f47f7a-5704-42a8-9f28-544227906595,FILA,135986,8,NORMAL
DASS SANTO ANTONIO152614133595031105CM1598597615984497BRSA00191620260730-1,OK,DASS SANTO ANTONIO,1526,141335,1404590,95031,ATAC. M10110 5MM POLIESTER COR 5497 / COR 102 [f13450c8-92e0-4688-b31b-2379f4f9033a],105CM,15985976,288,15984497BRSA001916,30/07/2026,08/09/2026,18,21/08/2026,900895,,f13450c8-92e0-4688-b31b-2379f4f9033a,FILA,135986,9,NORMAL
DASS SANTO ANTONIO152614133595031115CM1598597615984497BRSA00191620260730-1,OK,DASS SANTO ANTONIO,1526,141335,1404590,95031,ATAC. M10110 5MM POLIESTER COR 5497 / COR 102 [c9181802-350b-4c2b-b171-3de0d7815bb9],115CM,15985976,360,15984497BRSA001916,30/07/2026,08/09/2026,18,21/08/2026,900896,,c9181802-350b-4c2b-b171-3de0d7815bb9,FILA,135986,10,NORMAL
DASS SANTO ANTONIO152614133595032115CM1598597615984474BRSA00190820260730-1,OK,DASS SANTO ANTONIO,1526,141335,1404592,95032,ATAC. M10110 5MM POLIESTER COR 5094 / COR 102 [0d72cef4-b3fe-4153-87a0-879225c452cd],115CM,15985976,432,15984474BRSA001908,30/07/2026,08/09/2026,18,21/08/2026,900897,,0d72cef4-b3fe-4153-87a0-879225c452cd,FILA,135986,11,NORMAL
DASS SANTO ANTONIO152614133595032125CM1598597615984474BRSA00190820260730-1,OK,DASS SANTO ANTONIO,1526,141335,1404592,95032,ATAC. M10110 5MM POLIESTER COR 5094 / COR 102 [06205723-05ad-44a4-a55b-9b4ed8c82f3d],125CM,15985976,216,15984474BRSA001908,30/07/2026,08/09/2026,18,21/08/2026,900898,,06205723-05ad-44a4-a55b-9b4ed8c82f3d,FILA,135986,12,NORMAL
DASS SANTO ANTONIO152614133595039105CM1598597615984479BRSA00191120260730-1,OK,DASS SANTO ANTONIO,1526,141335,1404591,95039,ATAC. M10110 5MM POLIESTER COR 102 / COR 6038 [dbd269e3-0a5b-4d52-872e-7f804f67c9af],105CM,15985976,528,15984479BRSA001911,30/07/2026,08/09/2026,18,21/08/2026,900899,,dbd269e3-0a5b-4d52-872e-7f804f67c9af,FILA,135986,13,NORMAL
DASS SANTO ANTONIO152614133595039105CM1598597615984480BRSA00191220260730-1,OK,DASS SANTO ANTONIO,1526,141335,1404591,95039,ATAC. M10110 5MM POLIESTER COR 102 / COR 6038 [bc5d8ce6-491f-4284-b334-853ffed9e7f1],105CM,15985976,372,15984480BRSA001912,30/07/2026,08/09/2026,18,21/08/2026,900900,,bc5d8ce6-491f-4284-b334-853ffed9e7f1,FILA,135986,14,NORMAL
DASS SANTO ANTONIO152614133595039115CM1598597615984479BRSA00191120260730-1,OK,DASS SANTO ANTONIO,1526,141335,1404591,95039,ATAC. M10110 5MM POLIESTER COR 102 / COR 6038 [6654d138-8bf1-41d6-8c59-bb4b51f5da20],115CM,15985976,588,15984479BRSA001911,30/07/2026,08/09/2026,18,21/08/2026,900901,,6654d138-8bf1-41d6-8c59-bb4b51f5da20,FILA,135986,15,NORMAL
DASS SANTO ANTONIO152614133595039115CM1598597615984480BRSA00191220260730-1,OK,DASS SANTO ANTONIO,1526,141335,1404591,95039,ATAC. M10110 5MM POLIESTER COR 102 / COR 6038 [24e7494b-9aa3-4488-a69c-65a56fe39c72],115CM,15985976,540,15984480BRSA001912,30/07/2026,08/09/2026,18,21/08/2026,900902,,24e7494b-9aa3-4488-a69c-65a56fe39c72,FILA,135986,16,NORMAL
DASS SANTO ANTONIO152614133595043115CM1598597615984472BRSA00190720260730-1,OK,DASS SANTO ANTONIO,1526,141335,1404580,95043,ATAC. M10110 5MM POLIESTER COR 057 / COR 102 [8f2212c4-6449-4b99-ba12-750c64733666],115CM,15985976,396,15984472BRSA001907,30/07/2026,08/09/2026,18,21/08/2026,900903,,8f2212c4-6449-4b99-ba12-750c64733666,FILA,135986,17,NORMAL
DASS SANTO ANTONIO152614133595043125CM1598597615984472BRSA00190720260730-1,OK,DASS SANTO ANTONIO,1526,141335,1404580,95043,ATAC. M10110 5MM POLIESTER COR 057 / COR 102 [4bd42643-c2ca-41e5-829a-2e3b3343013d],125CM,15985976,156,15984472BRSA001907,30/07/2026,08/09/2026,18,21/08/2026,900904,,4bd42643-c2ca-41e5-829a-2e3b3343013d,FILA,135986,18,NORMAL
DASS SANTO ANTONIO152614133595199105CM1598597615984494BRSA00191320260730-1,OK,DASS SANTO ANTONIO,1526,141335,1418186,95199,ATAC. M10110 5MM POLIESTER COR 5508 / COR 114 [d3a83e81-34ee-4a23-afd8-20e4b2f2929a],105CM,15985976,396,15984494BRSA001913,30/07/2026,08/09/2026,18,21/08/2026,900905,,d3a83e81-34ee-4a23-afd8-20e4b2f2929a,FILA,135986,19,NORMAL
DASS SANTO ANTONIO152614133595199115CM1598597615984494BRSA00191320260730-1,OK,DASS SANTO ANTONIO,1526,141335,1418186,95199,ATAC. M10110 5MM POLIESTER COR 5508 / COR 114 [8351c094-0f26-4cd0-ae0f-e8fd09c1f426],115CM,15985976,444,15984494BRSA001913,30/07/2026,08/09/2026,18,21/08/2026,900906,,8351c094-0f26-4cd0-ae0f-e8fd09c1f426,FILA,135986,20,NORMAL
DASS ITABERABA701411977401415MM1597127820260724-1,OK,DASS ITABERABA,70,141197,1425019,74014,FITA MFGP C/ GOMA POLIESTER COR 4085 [e557814b-a2b1-44b5-b0fb-e8b3685c3238],15MM,15971278,200,0,24/07/2026,09/09/2026,19,21/08/2026,900907,,e557814b-a2b1-44b5-b0fb-e8b3685c3238,ASICS,135872,1,NORMAL
DASS ITABERABA7014119884206120CM1597128015966165ASB005299120260724-1,OK,DASS ITABERABA,70,141198,1229330,84206,ATAC. M18006 POLIESTER COR 4085 [82f1c581-2d54-49e8-9863-dd03204db3c4],120CM,15971280,506,15966165ASB0052991,24/07/2026,09/09/2026,19,21/08/2026,900908,,82f1c581-2d54-49e8-9863-dd03204db3c4,ASICS,135873,1,NORMAL
DASS ITABERABA7014119884206130CM1597128015966165ASB005299120260724-1,OK,DASS ITABERABA,70,141198,1229330,84206,ATAC. M18006 POLIESTER COR 4085 [838a2f76-5867-4685-8e0d-78d4c990e00c],130CM,15971280,424,15966165ASB0052991,24/07/2026,09/09/2026,19,21/08/2026,900909,,838a2f76-5867-4685-8e0d-78d4c990e00c,ASICS,135873,2,NORMAL
DASS ITABERABA70141199930221.8MM1597128320260724-1,OK,DASS ITABERABA,70,141199,1400176,93022,CORDAO M9099 POLIESTER COR 4085 [12277a46-c590-4236-b9cf-dda126f791bf],1.8MM,15971283,480,0,24/07/2026,09/09/2026,19,21/08/2026,900910,,12277a46-c590-4236-b9cf-dda126f791bf,ASICS,135874,1,NORMAL
DASS VITORIA39114094995643110CM1593935115936842BRI010400-20260717-1,OK,DASS VITORIA,391,140949,827533,95643,ATAC. M13801 POLIESTER COR 100 [4252d9be-36c8-4ecc-b19f-16046bda1369],110CM,15939351,468,15936842BRI010400-,17/07/2026,09/09/2026,19,21/08/2026,900911,,4252d9be-36c8-4ecc-b19f-16046bda1369,UMBRO,135636,1,CONTA E ORDEM VITÓRIA X ITABERABA
DASS VITORIA39114094995643110CM1593935115936845BRI010400-20260717-1,OK,DASS VITORIA,391,140949,827533,95643,ATAC. M13801 POLIESTER COR 100 [5dd5eb17-86c1-4747-97fc-f62c3a3670fb],110CM,15939351,468,15936845BRI010400-,17/07/2026,09/09/2026,19,21/08/2026,900912,,5dd5eb17-86c1-4747-97fc-f62c3a3670fb,UMBRO,135636,2,CONTA E ORDEM VITÓRIA X ITABERABA
DASS VITORIA39114094995643110CM1593935115936846BRI010401-20260717-1,OK,DASS VITORIA,391,140949,827533,95643,ATAC. M13801 POLIESTER COR 100 [51559ca8-6c1b-45d8-a706-38316197c058],110CM,15939351,348,15936846BRI010401-,17/07/2026,09/09/2026,19,21/08/2026,900913,,51559ca8-6c1b-45d8-a706-38316197c058,UMBRO,135636,3,CONTA E ORDEM VITÓRIA X ITABERABA
DASS VITORIA39114094995643110CM1593935115936847BRI010401-20260717-1,OK,DASS VITORIA,391,140949,827533,95643,ATAC. M13801 POLIESTER COR 100 [f4aa21cb-f349-4b9c-891c-609a1a8365f7],110CM,15939351,360,15936847BRI010401-,17/07/2026,09/09/2026,19,21/08/2026,900914,,f4aa21cb-f349-4b9c-891c-609a1a8365f7,UMBRO,135636,4,CONTA E ORDEM VITÓRIA X ITABERABA
DASS VITORIA39114094995643110CM1593935115936848BRI010402-20260717-1,OK,DASS VITORIA,391,140949,827533,95643,ATAC. M13801 POLIESTER COR 100 [88a90f2a-a485-48a4-9540-8ea3e96c5aed],110CM,15939351,288,15936848BRI010402-,17/07/2026,09/09/2026,19,21/08/2026,900915,,88a90f2a-a485-48a4-9540-8ea3e96c5aed,UMBRO,135636,5,CONTA E ORDEM VITÓRIA X ITABERABA
DASS VITORIA39114094995643110CM1593935115936849BRI010402-20260717-1,OK,DASS VITORIA,391,140949,827533,95643,ATAC. M13801 POLIESTER COR 100 [2887f685-afde-4668-b5b9-aab6789efbc4],110CM,15939351,288,15936849BRI010402-,17/07/2026,09/09/2026,19,21/08/2026,900916,,2887f685-afde-4668-b5b9-aab6789efbc4,UMBRO,135636,6,CONTA E ORDEM VITÓRIA X ITABERABA
DASS VITORIA39114094995643120CM1593935115936842BRI010400-20260717-1,OK,DASS VITORIA,391,140949,827533,95643,ATAC. M13801 POLIESTER COR 100 [4bc51575-cded-41d2-82d7-fa6b6fc52c0a],120CM,15939351,600,15936842BRI010400-,17/07/2026,09/09/2026,19,21/08/2026,900917,,4bc51575-cded-41d2-82d7-fa6b6fc52c0a,UMBRO,135636,7,CONTA E ORDEM VITÓRIA X ITABERABA
DASS VITORIA39114094995643120CM1593935115936845BRI010400-20260717-1,OK,DASS VITORIA,391,140949,827533,95643,ATAC. M13801 POLIESTER COR 100 [7b2eda01-92c3-4fe4-b090-782a3d6bc156],120CM,15939351,600,15936845BRI010400-,17/07/2026,09/09/2026,19,21/08/2026,900918,,7b2eda01-92c3-4fe4-b090-782a3d6bc156,UMBRO,135636,8,CONTA E ORDEM VITÓRIA X ITABERABA
DASS VITORIA39114094995643120CM1593935115936846BRI010401-20260717-1,OK,DASS VITORIA,391,140949,827533,95643,ATAC. M13801 POLIESTER COR 100 [540e320b-5ff1-4771-ba83-f4b1e2584c8e],120CM,15939351,528,15936846BRI010401-,17/07/2026,09/09/2026,19,21/08/2026,900919,,540e320b-5ff1-4771-ba83-f4b1e2584c8e,UMBRO,135636,9,CONTA E ORDEM VITÓRIA X ITABERABA
DASS VITORIA39114094995643120CM1593935115936847BRI010401-20260717-1,OK,DASS VITORIA,391,140949,827533,95643,ATAC. M13801 POLIESTER COR 100 [eb60b048-12fc-46bf-aad5-5043d3a1ff62],120CM,15939351,576,15936847BRI010401-,17/07/2026,09/09/2026,19,21/08/2026,900920,,eb60b048-12fc-46bf-aad5-5043d3a1ff62,UMBRO,135636,10,CONTA E ORDEM VITÓRIA X ITABERABA
DASS VITORIA39114094995643120CM1593935115936848BRI010402-20260717-1,OK,DASS VITORIA,391,140949,827533,95643,ATAC. M13801 POLIESTER COR 100 [1b989aac-96e4-4dc6-8689-b36e866ea233],120CM,15939351,468,15936848BRI010402-,17/07/2026,09/09/2026,19,21/08/2026,900921,,1b989aac-96e4-4dc6-8689-b36e866ea233,UMBRO,135636,11,CONTA E ORDEM VITÓRIA X ITABERABA
DASS VITORIA39114094995643120CM1593935115936849BRI010402-20260717-1,OK,DASS VITORIA,391,140949,827533,95643,ATAC. M13801 POLIESTER COR 100 [2f017cba-5568-43c9-a3a8-cce4c7bb97bc],120CM,15939351,504,15936849BRI010402-,17/07/2026,09/09/2026,19,21/08/2026,900922,,2f017cba-5568-43c9-a3a8-cce4c7bb97bc,UMBRO,135636,12,CONTA E ORDEM VITÓRIA X ITABERABA
DASS VITORIA39114150495643120CM1600228915998375BRI01046420260803-1,OK,DASS VITORIA,391,141504,827533,95643,ATAC. M13801 POLIESTER COR 100 [64c0e4a9-9f51-473b-8483-881f9ff42f78],120CM,16002289,252,15998375BRI010464,03/08/2026,09/09/2026,19,21/08/2026,900923,,64c0e4a9-9f51-473b-8483-881f9ff42f78,UMBRO,136142,1,CONTA E ORDEM VITÓRIA X ITABERABA
DASS VITORIA39114150495643130CM1600228915998375BRI01046420260803-1,OK,DASS VITORIA,391,141504,827533,95643,ATAC. M13801 POLIESTER COR 100 [3c326730-76f2-4a92-a0ed-3cd1cb390f72],130CM,16002289,324,15998375BRI010464,03/08/2026,09/09/2026,19,21/08/2026,900924,,3c326730-76f2-4a92-a0ed-3cd1cb390f72,UMBRO,136142,2,CONTA E ORDEM VITÓRIA X ITABERABA
DASS VITORIA39114150495645120CM1600228915998373BRI01045820260803-1,OK,DASS VITORIA,391,141504,1328498,95645,ATAC. M13801 POLIESTER COR 058 [5be0ab8a-9074-4b72-b064-ee0b2e346306],120CM,16002289,492,15998373BRI010458,03/08/2026,09/09/2026,19,21/08/2026,900925,,5be0ab8a-9074-4b72-b064-ee0b2e346306,UMBRO,136142,3,CONTA E ORDEM VITÓRIA X ITABERABA
DASS VITORIA39114150495645120CM1600228915998374BRI01045920260803-1,OK,DASS VITORIA,391,141504,1328498,95645,ATAC. M13801 POLIESTER COR 058 [86bd42f0-ce9c-46a1-88c0-048b620b17e8],120CM,16002289,372,15998374BRI010459,03/08/2026,09/09/2026,19,21/08/2026,900926,,86bd42f0-ce9c-46a1-88c0-048b620b17e8,UMBRO,136142,4,CONTA E ORDEM VITÓRIA X ITABERABA
DASS VITORIA39114150495645120CM1600228915998368BRI01046320260803-1,OK,DASS VITORIA,391,141504,1328498,95645,ATAC. M13801 POLIESTER COR 058 [5e95fa1c-9dfd-4769-abee-f2f54739ed43],120CM,16002289,360,15998368BRI010463,03/08/2026,09/09/2026,19,21/08/2026,900927,,5e95fa1c-9dfd-4769-abee-f2f54739ed43,UMBRO,136142,5,CONTA E ORDEM VITÓRIA X ITABERABA
DASS VITORIA39114150495645130CM1600228915998373BRI01045820260803-1,OK,DASS VITORIA,391,141504,1328498,95645,ATAC. M13801 POLIESTER COR 058 [2d401e0b-cc35-4480-a0e5-57bd93f9e8fc],130CM,16002289,672,15998373BRI010458,03/08/2026,09/09/2026,19,21/08/2026,900928,,2d401e0b-cc35-4480-a0e5-57bd93f9e8fc,UMBRO,136142,6,CONTA E ORDEM VITÓRIA X ITABERABA
DASS VITORIA39114150495645130CM1600228915998374BRI01045920260803-1,OK,DASS VITORIA,391,141504,1328498,95645,ATAC. M13801 POLIESTER COR 058 [39830588-93c5-4ee1-9a43-e8f89a2d8424],130CM,16002289,480,15998374BRI010459,03/08/2026,09/09/2026,19,21/08/2026,900929,,39830588-93c5-4ee1-9a43-e8f89a2d8424,UMBRO,136142,7,CONTA E ORDEM VITÓRIA X ITABERABA
DASS VITORIA39114150495645130CM1600228915998368BRI01046320260803-1,OK,DASS VITORIA,391,141504,1328498,95645,ATAC. M13801 POLIESTER COR 058 [24a2ad4f-2d14-48c6-84eb-e43ba693f0fb],130CM,16002289,264,15998368BRI010463,03/08/2026,09/09/2026,19,21/08/2026,900930,,24a2ad4f-2d14-48c6-84eb-e43ba693f0fb,UMBRO,136142,8,CONTA E ORDEM VITÓRIA X ITABERABA
DASS VITORIA39114166195644120CM1602100116017292BRI01047020260806-1,OK,DASS VITORIA,391,141661,827530,95644,ATAC. M13801 POLIESTER COR 102 [dcafd862-93ed-4155-8223-b467326a027b],120CM,16021001,468,16017292BRI010470,06/08/2026,09/09/2026,19,21/08/2026,900931,,dcafd862-93ed-4155-8223-b467326a027b,UMBRO,136292,1,CONTA E ORDEM VITÓRIA X ITABERABA
DASS VITORIA39114166195644130CM1602100116017292BRI01047020260806-1,OK,DASS VITORIA,391,141661,827530,95644,ATAC. M13801 POLIESTER COR 102 [43b72561-3f94-4832-aca6-b9de1e46f369],130CM,16021001,600,16017292BRI010470,06/08/2026,09/09/2026,19,21/08/2026,900932,,43b72561-3f94-4832-aca6-b9de1e46f369,UMBRO,136292,2,CONTA E ORDEM VITÓRIA X ITABERABA
DASS VITORIA39114166195645120CM1602100116017301BRI01047220260806-1,OK,DASS VITORIA,391,141661,1328498,95645,ATAC. M13801 POLIESTER COR 058 [9fbb23a3-6552-4445-89f2-2c3d393840a5],120CM,16021001,528,16017301BRI010472,06/08/2026,09/09/2026,19,21/08/2026,900933,,9fbb23a3-6552-4445-89f2-2c3d393840a5,UMBRO,136292,3,CONTA E ORDEM VITÓRIA X ITABERABA
DASS VITORIA39114166195645130CM1602100116017301BRI01047220260806-1,OK,DASS VITORIA,391,141661,1328498,95645,ATAC. M13801 POLIESTER COR 058 [0f5338aa-4377-4fd4-aef0-8db40ef211bf],130CM,16021001,720,16017301BRI010472,06/08/2026,09/09/2026,19,21/08/2026,900934,,0f5338aa-4377-4fd4-aef0-8db40ef211bf,UMBRO,136292,4,CONTA E ORDEM VITÓRIA X ITABERABA
MARFIM PERDIGÃO225113444283038100CMI/202620260127-1,NÃO,MARFIM PERDIGÃO,2251,134442,,83038,ATAC. 4000MG PARES POLIESTER COR 100 [1f23fba7-8c11-4689-91a4-325ce2c2d1a5],100CM,I/2026,20000,,27/01/2026,11/09/2026,21,21/08/2026,900935,,1f23fba7-8c11-4689-91a4-325ce2c2d1a5,,129454,,
MARFIM PERDIGÃO225113444283038140CMI/202620260127-1,NÃO,MARFIM PERDIGÃO,2251,134442,,83038,ATAC. 4000MG PARES POLIESTER COR 100 [68e74ffd-fd72-4a9c-8852-3a0a20743989],140CM,I/2026,15368,,27/01/2026,11/09/2026,21,21/08/2026,900936,,68e74ffd-fd72-4a9c-8852-3a0a20743989,,129454,,
MARFIM PERDIGÃO225113444283047140CMI/202620260127-1,NÃO,MARFIM PERDIGÃO,2251,134442,,83047,ATAC. 4000MG PARES POLIESTER COR 101 [511ef4f4-2c9a-4a15-bec9-6cce7889a7ca],140CM,I/2026,6132,,27/01/2026,11/09/2026,21,21/08/2026,900937,,511ef4f4-2c9a-4a15-bec9-6cce7889a7ca,,129454,,
MARFIM PERDIGÃO22511351631808110CMIII/202620260213-1,NÃO,MARFIM PERDIGÃO,2251,135163,,1808,ATAC. 8DL POLIESTER COR 100 [c0227d1a-aadd-47b0-8745-ec90fde08853],110CM,III/2026,367050,,13/02/2026,11/09/2026,21,21/08/2026,900938,,c0227d1a-aadd-47b0-8745-ec90fde08853,,130088,,
MARFIM PERDIGÃO22511351631808120CMIII/202620260213-1,NÃO,MARFIM PERDIGÃO,2251,135163,,1808,ATAC. 8DL POLIESTER COR 100 [215b2841-9648-4a60-add4-03630d76cc52],120CM,III/2026,230232,,13/02/2026,11/09/2026,21,21/08/2026,900939,,215b2841-9648-4a60-add4-03630d76cc52,,130088,,
MARFIM PERDIGÃO225113528383038120CMIV/202620260218-1,NÃO,MARFIM PERDIGÃO,2251,135283,,83038,ATAC. 4000MG PARES POLIESTER COR 100 [b1173e2d-7a37-4ffc-8378-10adcd48bf93],120CM,IV/2026,78194,,18/02/2026,11/09/2026,21,21/08/2026,900940,,b1173e2d-7a37-4ffc-8378-10adcd48bf93,,130239,,
MARFIM PERDIGÃO225113528383047120CMIV/202620260218-1,NÃO,MARFIM PERDIGÃO,2251,135283,,83047,ATAC. 4000MG PARES POLIESTER COR 101 [1afeef77-6c81-4b5c-b7b8-43f43f862fee],120CM,IV/2026,72200,,18/02/2026,11/09/2026,21,21/08/2026,900941,,1afeef77-6c81-4b5c-b7b8-43f43f862fee,,130239,,
DASS SEST713928386418100CM1577519915773830NBR328288720260602-1,OK,DASS SEST,7,139283,1278311,86418,ATAC. MR140014 6MM RECICLADO COR 4662/PET [347d8b73-c3bc-4c82-98fb-39ca958130c3],100CM,15775199,192,15773830NBR3282887,02/06/2026,14/09/2026,24,21/08/2026,900942,,347d8b73-c3bc-4c82-98fb-39ca958130c3,NIKE,133903,,
DASS SEST713928386418100CM1577519915773831NBR328289820260602-1,OK,DASS SEST,7,139283,1278311,86418,ATAC. MR140014 6MM RECICLADO COR 4662/PET [7b5bfa9e-6a9d-482e-bce7-1b85f4a8d3a1],100CM,15775199,192,15773831NBR3282898,02/06/2026,14/09/2026,24,21/08/2026,900943,,7b5bfa9e-6a9d-482e-bce7-1b85f4a8d3a1,NIKE,133903,,
DASS SEST713928386418105CM1577519915773830NBR328288720260602-1,OK,DASS SEST,7,139283,1278311,86418,ATAC. MR140014 6MM RECICLADO COR 4662/PET [eca44988-023e-4c70-818c-2f3e5d346441],105CM,15775199,1322,15773830NBR3282887,02/06/2026,14/09/2026,24,21/08/2026,900944,,eca44988-023e-4c70-818c-2f3e5d346441,NIKE,133903,,
DASS SEST713928386418105CM1577519915773831NBR328289820260602-1,OK,DASS SEST,7,139283,1278311,86418,ATAC. MR140014 6MM RECICLADO COR 4662/PET [49a8977e-fe27-4b99-b8b6-f05acdc3c1bd],105CM,15775199,1328,15773831NBR3282898,02/06/2026,14/09/2026,24,21/08/2026,900945,,49a8977e-fe27-4b99-b8b6-f05acdc3c1bd,NIKE,133903,,
DASS SEST713928386418110CM1577519915773830NBR328288720260602-1,OK,DASS SEST,7,139283,1278311,86418,ATAC. MR140014 6MM RECICLADO COR 4662/PET [fdaf1b54-fc22-4fca-a536-5ee4849fba40],110CM,15775199,78,15773830NBR3282887,02/06/2026,14/09/2026,24,21/08/2026,900946,,fdaf1b54-fc22-4fca-a536-5ee4849fba40,NIKE,133903,,
DASS SEST713928386418110CM1577519915773831NBR328289820260602-1,OK,DASS SEST,7,139283,1278311,86418,ATAC. MR140014 6MM RECICLADO COR 4662/PET [964bef17-dc0f-46f5-8439-a5de8d02f16a],110CM,15775199,78,15773831NBR3282898,02/06/2026,14/09/2026,24,21/08/2026,900947,,964bef17-dc0f-46f5-8439-a5de8d02f16a,NIKE,133903,,
DASS SEST713928395705105CM1577519915773836NBR328292020260602-1,OK,DASS SEST,7,139283,1360726,95705,ATAC. MR140014 6MM RECICLADO COR 057/PET [3b0721da-f19e-41b1-8520-c426bf3778f7],105CM,15775199,168,15773836NBR3282920,02/06/2026,14/09/2026,24,21/08/2026,900948,,3b0721da-f19e-41b1-8520-c426bf3778f7,NIKE,133903,,
DASS SEST713928395705105CM1577519915773837NBR328292020260602-1,OK,DASS SEST,7,139283,1360726,95705,ATAC. MR140014 6MM RECICLADO COR 057/PET [552cea44-7f61-4f63-a85b-cf41ec51c89c],105CM,15775199,186,15773837NBR3282920,02/06/2026,14/09/2026,24,21/08/2026,900949,,552cea44-7f61-4f63-a85b-cf41ec51c89c,NIKE,133903,,
DASS SEST713928395705110CM1577519915773836NBR328292020260602-1,OK,DASS SEST,7,139283,1360726,95705,ATAC. MR140014 6MM RECICLADO COR 057/PET [2b8d5501-b9fa-4483-b151-c3e6ecc4da36],110CM,15775199,500,15773836NBR3282920,02/06/2026,14/09/2026,24,21/08/2026,900950,,2b8d5501-b9fa-4483-b151-c3e6ecc4da36,NIKE,133903,,
DASS SEST713928395705110CM1577519915773837NBR328292020260602-1,OK,DASS SEST,7,139283,1360726,95705,ATAC. MR140014 6MM RECICLADO COR 057/PET [858408fb-fb41-4519-9cf6-0f5bf4e06bbc],110CM,15775199,504,15773837NBR3282920,02/06/2026,14/09/2026,24,21/08/2026,900951,,858408fb-fb41-4519-9cf6-0f5bf4e06bbc,NIKE,133903,,
DASS SEST713928395705115CM1577519915773836NBR328292020260602-1,OK,DASS SEST,7,139283,1360726,95705,ATAC. MR140014 6MM RECICLADO COR 057/PET [85cebef5-f972-438b-9f7a-c778ee3f2f72],115CM,15775199,192,15773836NBR3282920,02/06/2026,14/09/2026,24,21/08/2026,900952,,85cebef5-f972-438b-9f7a-c778ee3f2f72,NIKE,133903,,
DASS SEST713928395705115CM1577519915773837NBR328292020260602-1,OK,DASS SEST,7,139283,1360726,95705,ATAC. MR140014 6MM RECICLADO COR 057/PET [b860b914-70ca-447f-9931-b89ad5199d65],115CM,15775199,210,15773837NBR3282920,02/06/2026,14/09/2026,24,21/08/2026,900953,,b860b914-70ca-447f-9931-b89ad5199d65,NIKE,133903,,
DASS SEST71395758697895CM1581641615815487NBR328285020260611-1,OK,DASS SEST,7,139575,1299257,86978,ATAC. MR130027 6MM RECICLADO COR 4085/PET [a4c8a0a4-8a8b-4c29-8d9c-af3cf0d6d693],95CM,15816416,300,15815487NBR3282850,11/06/2026,14/09/2026,24,21/08/2026,900954,,a4c8a0a4-8a8b-4c29-8d9c-af3cf0d6d693,NIKE,134326,1,
DASS SEST71395758697895CM1581641615815488NBR328285020260611-1,OK,DASS SEST,7,139575,1299257,86978,ATAC. MR130027 6MM RECICLADO COR 4085/PET [77b872cf-835c-45ae-bf6c-7af1ddc39541],95CM,15816416,333,15815488NBR3282850,11/06/2026,14/09/2026,24,21/08/2026,900955,,77b872cf-835c-45ae-bf6c-7af1ddc39541,NIKE,134326,2,
DASS SEST713957586978100CM1581641615815487NBR328285020260611-1,OK,DASS SEST,7,139575,1299257,86978,ATAC. MR130027 6MM RECICLADO COR 4085/PET [5e43d2f6-f129-4499-b3de-1132643281e2],100CM,15816416,374,15815487NBR3282850,11/06/2026,14/09/2026,24,21/08/2026,900956,,5e43d2f6-f129-4499-b3de-1132643281e2,NIKE,134326,3,
DASS SEST713957586978100CM1581641615815488NBR328285020260611-1,OK,DASS SEST,7,139575,1299257,86978,ATAC. MR130027 6MM RECICLADO COR 4085/PET [0f837a47-fc91-4820-a4e7-ba46b658b255],100CM,15816416,426,15815488NBR3282850,11/06/2026,14/09/2026,24,21/08/2026,900957,,0f837a47-fc91-4820-a4e7-ba46b658b255,NIKE,134326,4,
DASS SEST713957586978105CM1581641615815487NBR328285020260611-1,OK,DASS SEST,7,139575,1299257,86978,ATAC. MR130027 6MM RECICLADO COR 4085/PET [869bee3f-2ed9-4528-b768-ebcef35effeb],105CM,15816416,49,15815487NBR3282850,11/06/2026,14/09/2026,24,21/08/2026,900958,,869bee3f-2ed9-4528-b768-ebcef35effeb,NIKE,134326,5,
DASS SEST713957586978105CM1581641615815488NBR328285020260611-1,OK,DASS SEST,7,139575,1299257,86978,ATAC. MR130027 6MM RECICLADO COR 4085/PET [a87ae4a0-5aa1-4ac0-96cd-24a16a43384a],105CM,15816416,48,15815488NBR3282850,11/06/2026,14/09/2026,24,21/08/2026,900959,,a87ae4a0-5aa1-4ac0-96cd-24a16a43384a,NIKE,134326,6,
DASS SEST713957588695100CM1581641615815498NBR328290320260611-1,OK,DASS SEST,7,139575,1301800,88695,ATAC. MR130027 6MM RECICLADO COR 4662/PET [ba1bb31d-30dd-41a3-a9d6-957815057eca],100CM,15816416,280,15815498NBR3282903,11/06/2026,14/09/2026,24,21/08/2026,900960,,ba1bb31d-30dd-41a3-a9d6-957815057eca,NIKE,134326,7,
DASS SEST713957588695105CM1581641615815498NBR328290320260611-1,OK,DASS SEST,7,139575,1301800,88695,ATAC. MR130027 6MM RECICLADO COR 4662/PET [e5c09d1e-5dec-4b82-b7cd-a360370455a8],105CM,15816416,848,15815498NBR3282903,11/06/2026,14/09/2026,24,21/08/2026,900961,,e5c09d1e-5dec-4b82-b7cd-a360370455a8,NIKE,134326,8,
DASS SEST713957588695110CM1581641615815498NBR328290320260611-1,OK,DASS SEST,7,139575,1301800,88695,ATAC. MR130027 6MM RECICLADO COR 4662/PET [692833d1-7b7d-4918-b91c-96a45a45782b],110CM,15816416,249,15815498NBR3282903,11/06/2026,14/09/2026,24,21/08/2026,900962,,692833d1-7b7d-4918-b91c-96a45a45782b,NIKE,134326,9,
DASS SEST713965882628100CM1581994315818126NBR328301920260612-1,OK,DASS SEST,7,139658,1188919,82628,ATAC. MR140014 6MM RECICLADO COR 4085/PET [4c4732d5-1ce6-40fc-945a-024895252851],100CM,15819943,783,15818126NBR3283019,12/06/2026,14/09/2026,24,21/08/2026,900963,,4c4732d5-1ce6-40fc-945a-024895252851,NIKE,134368,1,
DASS SEST713965882628100CM1581994315818127NBR328301920260612-1,OK,DASS SEST,7,139658,1188919,82628,ATAC. MR140014 6MM RECICLADO COR 4085/PET [85ad0b4a-00ea-4039-a74a-32a602e0a653],100CM,15819943,838,15818127NBR3283019,12/06/2026,14/09/2026,24,21/08/2026,900964,,85ad0b4a-00ea-4039-a74a-32a602e0a653,NIKE,134368,2,
DASS SEST713965882628105CM1581994315818126NBR328301920260612-1,OK,DASS SEST,7,139658,1188919,82628,ATAC. MR140014 6MM RECICLADO COR 4085/PET [c49d0ab3-8280-47b6-9818-cf80887979ad],105CM,15819943,404,15818126NBR3283019,12/06/2026,14/09/2026,24,21/08/2026,900965,,c49d0ab3-8280-47b6-9818-cf80887979ad,NIKE,134368,3,
DASS SEST713965882628105CM1581994315818127NBR328301920260612-1,OK,DASS SEST,7,139658,1188919,82628,ATAC. MR140014 6MM RECICLADO COR 4085/PET [0004d8ce-5046-40b5-8a52-47cd3ed6ac43],105CM,15819943,420,15818127NBR3283019,12/06/2026,14/09/2026,24,21/08/2026,900966,,0004d8ce-5046-40b5-8a52-47cd3ed6ac43,NIKE,134368,4,
DASS SEST713965886842100CM1581994315818131NBR328288820260612-1,OK,DASS SEST,7,139658,1262674,86842,ATAC. MR140014 6MM RECICLADO COR 5552/PET [088d3efe-e251-4419-b67a-e0294bae3964],100CM,15819943,12,15818131NBR3282888,12/06/2026,14/09/2026,24,21/08/2026,900967,,088d3efe-e251-4419-b67a-e0294bae3964,NIKE,134368,5,
DASS SEST713965886842105CM1581994315818131NBR328288820260612-1,OK,DASS SEST,7,139658,1262674,86842,ATAC. MR140014 6MM RECICLADO COR 5552/PET [a4720673-4330-4b5e-b1bd-513edcecdec6],105CM,15819943,468,15818131NBR3282888,12/06/2026,14/09/2026,24,21/08/2026,900968,,a4720673-4330-4b5e-b1bd-513edcecdec6,NIKE,134368,6,
DASS SEST713965886842110CM1581994315818131NBR328288820260612-1,OK,DASS SEST,7,139658,1262674,86842,ATAC. MR140014 6MM RECICLADO COR 5552/PET [f7699f04-f9df-4b15-9645-7530dbebee86],110CM,15819943,700,15818131NBR3282888,12/06/2026,14/09/2026,24,21/08/2026,900969,,f7699f04-f9df-4b15-9645-7530dbebee86,NIKE,134368,7,
DASS SEST713965886842115CM1581994315818131NBR328288820260612-1,OK,DASS SEST,7,139658,1262674,86842,ATAC. MR140014 6MM RECICLADO COR 5552/PET [01cc4fe3-1304-4b21-a4fa-cd256b2221ee],115CM,15819943,91,15818131NBR3282888,12/06/2026,14/09/2026,24,21/08/2026,900970,,01cc4fe3-1304-4b21-a4fa-cd256b2221ee,NIKE,134368,8,
DASS SEST71399378794616MM1584966520260622-1,OK,DASS SEST,7,139937,1316829,87946,FITA M31119 C/ GOMA POLIESTER COR 100/ COR 5535/ COR 102 [6cb574e8-d792-43a4-bf47-838a0234ea7c],16MM,15849665,980,0,22/06/2026,14/09/2026,24,21/08/2026,900971,,6cb574e8-d792-43a4-bf47-838a0234ea7c,FILA,134613,1,
DASS SEST71399379140716MM1584966520260622-1,OK,DASS SEST,7,139937,1320158,91407,FITA M31119 C/ GOMA POLIESTER COR 324 / COR 5508 / COR 5508 [29e3280c-2241-4a99-9af9-0ef3a4efb777],16MM,15849665,220,0,22/06/2026,14/09/2026,24,21/08/2026,900972,,29e3280c-2241-4a99-9af9-0ef3a4efb777,FILA,134613,2,
DASS SEST71399379530216MM1584966520260622-1,OK,DASS SEST,7,139937,1416741,95302,FITA M31119 C/ GOMA POLIESTER COR 102 / COR 5508 / COR 5508 [3186afe3-93ef-4300-9a87-a7069e82193f],16MM,15849665,810,0,22/06/2026,14/09/2026,24,21/08/2026,900973,,3186afe3-93ef-4300-9a87-a7069e82193f,FILA,134613,3,
DASS SEST713993895488125CM1584967815845737BR31480120260622-1,OK,DASS SEST,7,139938,1423776,95488,ATAC. M60132 ALPINA COR 2000 [328c62d1-2347-41cf-b60e-a9f372e18cbf],125CM,15849678,624,15845737BR314801,22/06/2026,14/09/2026,24,21/08/2026,900974,,328c62d1-2347-41cf-b60e-a9f372e18cbf,FILA,134614,1,
DASS SEST713993895488125CM1584967815845738BR31480220260622-1,OK,DASS SEST,7,139938,1423776,95488,ATAC. M60132 ALPINA COR 2000 [d7eb5b8e-be40-45bb-9562-9b300dd3cf80],125CM,15849678,492,15845738BR314802,22/06/2026,14/09/2026,24,21/08/2026,900975,,d7eb5b8e-be40-45bb-9562-9b300dd3cf80,FILA,134614,2,
DASS SEST713993895488135CM1584967815845709BR314794-B20260622-1,OK,DASS SEST,7,139938,1423776,95488,ATAC. M60132 ALPINA COR 2000 [fbbe2f94-cc47-4696-9adb-c2087fc51fb4],135CM,15849678,552,15845709BR314794-B,22/06/2026,14/09/2026,24,21/08/2026,900976,,fbbe2f94-cc47-4696-9adb-c2087fc51fb4,FILA,134614,3,
DASS SEST713993895488135CM1584967815845737BR31480120260622-1,OK,DASS SEST,7,139938,1423776,95488,ATAC. M60132 ALPINA COR 2000 [59a1de76-4b1b-4a60-86f2-74b09b5d43de],135CM,15849678,744,15845737BR314801,22/06/2026,14/09/2026,24,21/08/2026,900977,,59a1de76-4b1b-4a60-86f2-74b09b5d43de,FILA,134614,4,
DASS SEST713993895488135CM1584967815845738BR31480220260622-1,OK,DASS SEST,7,139938,1423776,95488,ATAC. M60132 ALPINA COR 2000 [eb252073-ccee-43f0-86f2-0903c0e2e5a9],135CM,15849678,684,15845738BR314802,22/06/2026,14/09/2026,24,21/08/2026,900978,,eb252073-ccee-43f0-86f2-0903c0e2e5a9,FILA,134614,5,
DASS SEST713993895488145CM1584967815845709BR314794-B20260622-1,OK,DASS SEST,7,139938,1423776,95488,ATAC. M60132 ALPINA COR 2000 [35e44821-79c3-40bf-8b69-33bd2da86055],145CM,15849678,348,15845709BR314794-B,22/06/2026,14/09/2026,24,21/08/2026,900979,,35e44821-79c3-40bf-8b69-33bd2da86055,FILA,134614,6,
DASS SEST713993895490125CM1584967815845747BR31480420260622-1,OK,DASS SEST,7,139938,1423777,95490,ATAC. M60132 ALPINA COR 2001 [f8cef858-ad83-4c96-8b43-6aaa311c1539],125CM,15849678,456,15845747BR314804,22/06/2026,14/09/2026,24,21/08/2026,900980,,f8cef858-ad83-4c96-8b43-6aaa311c1539,FILA,134614,7,
DASS SEST713993895490135CM1584967815845748BR314796-A20260622-1,OK,DASS SEST,7,139938,1423777,95490,ATAC. M60132 ALPINA COR 2001 [e46ad37f-14cd-4c06-b707-8c6789be50bf],135CM,15849678,504,15845748BR314796-A,22/06/2026,14/09/2026,24,21/08/2026,900981,,e46ad37f-14cd-4c06-b707-8c6789be50bf,FILA,134614,8,
DASS SEST713993895490135CM1584967815845749BR314796-B20260622-1,OK,DASS SEST,7,139938,1423777,95490,ATAC. M60132 ALPINA COR 2001 [19979a31-6b69-4ef4-9db1-fe733585a4d5],135CM,15849678,564,15845749BR314796-B,22/06/2026,14/09/2026,24,21/08/2026,900982,,19979a31-6b69-4ef4-9db1-fe733585a4d5,FILA,134614,9,
DASS SEST713993895490135CM1584967815845750BR31479720260622-1,OK,DASS SEST,7,139938,1423777,95490,ATAC. M60132 ALPINA COR 2001 [e947fc40-81d4-4568-8bf0-3efc5b62245f],135CM,15849678,876,15845750BR314797,22/06/2026,14/09/2026,24,21/08/2026,900983,,e947fc40-81d4-4568-8bf0-3efc5b62245f,FILA,134614,10,
DASS SEST713993895490135CM1584967815845747BR31480420260622-1,OK,DASS SEST,7,139938,1423777,95490,ATAC. M60132 ALPINA COR 2001 [0f1e7521-341b-4378-af13-99461d9a4338],135CM,15849678,588,15845747BR314804,22/06/2026,14/09/2026,24,21/08/2026,900984,,0f1e7521-341b-4378-af13-99461d9a4338,FILA,134614,11,
DASS SEST713993895490145CM1584967815845748BR314796-A20260622-1,OK,DASS SEST,7,139938,1423777,95490,ATAC. M60132 ALPINA COR 2001 [9fc8ec57-cd43-428f-ba94-b2abbd304176],145CM,15849678,312,15845748BR314796-A,22/06/2026,14/09/2026,24,21/08/2026,900985,,9fc8ec57-cd43-428f-ba94-b2abbd304176,FILA,134614,12,
DASS SEST713993895490145CM1584967815845749BR314796-B20260622-1,OK,DASS SEST,7,139938,1423777,95490,ATAC. M60132 ALPINA COR 2001 [5d27ffa2-159b-49d4-a013-def3582da475],145CM,15849678,324,15845749BR314796-B,22/06/2026,14/09/2026,24,21/08/2026,900986,,5d27ffa2-159b-49d4-a013-def3582da475,FILA,134614,13,
DASS SEST713993895490145CM1584967815845750BR31479720260622-1,OK,DASS SEST,7,139938,1423777,95490,ATAC. M60132 ALPINA COR 2001 [904173af-fa4d-428f-8499-665499957a8a],145CM,15849678,468,15845750BR314797,22/06/2026,14/09/2026,24,21/08/2026,900987,,904173af-fa4d-428f-8499-665499957a8a,FILA,134614,14,
DASS SEST71400998990518MM1585984620260625-1,OK,DASS SEST,7,140099,1342875,89905,FITA M31132 C/GOMA POLIESTER COR 4085 [f850c147-fbee-4e50-acf7-86a34125957e],18MM,15859846,650,0,25/06/2026,14/09/2026,24,21/08/2026,900988,,f850c147-fbee-4e50-acf7-86a34125957e,NIKE,134788,1,
DASS SEST71400997423715MM1585984620260625-1,OK,DASS SEST,7,140099,1181716,74237,FITA MR100001 C/ GOMA RECICLADO COR 4085/PET [66713005-72d5-4820-aa85-f8e984835920],15MM,15859846,260,0,25/06/2026,14/09/2026,24,21/08/2026,900989,,66713005-72d5-4820-aa85-f8e984835920,NIKE,134788,2,
DASS SEST71400998262515MM1585984620260625-1,OK,DASS SEST,7,140099,1194659,82625,FITA MR100001 C/ GOMA RECICLADO COR 4593/PET [de831942-a777-47b5-bcdb-5e6ff9ea0cbf],15MM,15859846,380,0,25/06/2026,14/09/2026,24,21/08/2026,900990,,de831942-a777-47b5-bcdb-5e6ff9ea0cbf,NIKE,134788,3,
DASS SEST71401127400710MM1585661720260625-1,OK,DASS SEST,7,140112,1200469,74007,FITA M32164 C/ GOMA POLIESTER COR 4085 [eaa38bd1-8fd6-42d4-8df4-8ee8e219d734],10MM,15856617,220,0,25/06/2026,14/09/2026,24,21/08/2026,900991,,eaa38bd1-8fd6-42d4-8df4-8ee8e219d734,NIKE,134809,1,
DASS SEST71401127312710MM1585661720260625-1,OK,DASS SEST,7,140112,1142481,73127,FITA MR100005 C/ GOMA RECICLADO COR 4085 [05d42c7b-1dcf-4eba-8890-e2d7534f0129],10MM,15856617,220,0,25/06/2026,14/09/2026,24,21/08/2026,900992,,05d42c7b-1dcf-4eba-8890-e2d7534f0129,NIKE,134809,2,
DASS SEST71401129080310MM1585661720260625-1,OK,DASS SEST,7,140112,1359564,90803,FITA MR100005 C/ GOMA RECICLADO COR 101 [23a412ad-d1a6-41f1-a70f-1ab58117d79a],10MM,15856617,130,0,25/06/2026,14/09/2026,24,21/08/2026,900993,,23a412ad-d1a6-41f1-a70f-1ab58117d79a,NIKE,134809,3,
DASS SEST71401209423910MM1586038120260625-1,OK,DASS SEST,7,140120,1425159,94239,FITA M32164 C/ GOMA POLIESTER COR 920 [d749bb77-9da8-40f2-a04f-b705fa4733a2],10MM,15860381,80,0,25/06/2026,14/09/2026,24,21/08/2026,900994,,d749bb77-9da8-40f2-a04f-b705fa4733a2,NIKE,134810,1,
DASS SEST714012982628100CM1585579115851084NBR328308820260625-1,OK,DASS SEST,7,140129,1188919,82628,ATAC. MR140014 6MM RECICLADO COR 4085/PET [e303dc4b-d72d-4c87-8b07-934549908658],100CM,15855791,96,15851084NBR3283088,25/06/2026,14/09/2026,24,21/08/2026,900995,,e303dc4b-d72d-4c87-8b07-934549908658,NIKE,134820,1,
DASS SEST714012982628100CM1585579115851085NBR328308820260625-1,OK,DASS SEST,7,140129,1188919,82628,ATAC. MR140014 6MM RECICLADO COR 4085/PET [2704fa99-a49a-49c1-8bf0-d345616cb17f],100CM,15855791,102,15851085NBR3283088,25/06/2026,14/09/2026,24,21/08/2026,900996,,2704fa99-a49a-49c1-8bf0-d345616cb17f,NIKE,134820,2,
DASS SEST714012982628105CM1585579115851084NBR328308820260625-1,OK,DASS SEST,7,140129,1188919,82628,ATAC. MR140014 6MM RECICLADO COR 4085/PET [4aebe65b-13da-4254-8219-787687477207],105CM,15855791,686,15851084NBR3283088,25/06/2026,14/09/2026,24,21/08/2026,900997,,4aebe65b-13da-4254-8219-787687477207,NIKE,134820,3,
DASS SEST714012982628105CM1585579115851085NBR328308820260625-1,OK,DASS SEST,7,140129,1188919,82628,ATAC. MR140014 6MM RECICLADO COR 4085/PET [e992d79f-e78a-4734-83b8-296b2a79e61d],105CM,15855791,708,15851085NBR3283088,25/06/2026,14/09/2026,24,21/08/2026,900998,,e992d79f-e78a-4734-83b8-296b2a79e61d,NIKE,134820,4,
DASS SEST714012982628105CM1585579115851079NBR328309820260625-1,OK,DASS SEST,7,140129,1188919,82628,ATAC. MR140014 6MM RECICLADO COR 4085/PET [b326ebec-1135-4715-b793-849036700736],105CM,15855791,192,15851079NBR3283098,25/06/2026,14/09/2026,24,21/08/2026,900999,,b326ebec-1135-4715-b793-849036700736,NIKE,134820,5,
DASS SEST714012982628105CM1585579115851080NBR328309820260625-1,OK,DASS SEST,7,140129,1188919,82628,ATAC. MR140014 6MM RECICLADO COR 4085/PET [58ffa7f0-ee5d-4e63-bbaa-2c7b9be0354a],105CM,15855791,234,15851080NBR3283098,25/06/2026,14/09/2026,24,21/08/2026,901000,,58ffa7f0-ee5d-4e63-bbaa-2c7b9be0354a,NIKE,134820,6,
DASS SEST714012982628110CM1585579115851084NBR328308820260625-1,OK,DASS SEST,7,140129,1188919,82628,ATAC. MR140014 6MM RECICLADO COR 4085/PET [3db048db-a209-4e16-93fe-76cc32b28ba8],110CM,15855791,48,15851084NBR3283088,25/06/2026,14/09/2026,24,21/08/2026,901001,,3db048db-a209-4e16-93fe-76cc32b28ba8,NIKE,134820,7,
DASS SEST714012982628110CM1585579115851085NBR328308820260625-1,OK,DASS SEST,7,140129,1188919,82628,ATAC. MR140014 6MM RECICLADO COR 4085/PET [36b3196d-19d9-42d2-aa2a-97e69c9be406],110CM,15855791,36,15851085NBR3283088,25/06/2026,14/09/2026,24,21/08/2026,901002,,36b3196d-19d9-42d2-aa2a-97e69c9be406,NIKE,134820,8,
DASS SEST714012982628110CM1585579115851079NBR328309820260625-1,OK,DASS SEST,7,140129,1188919,82628,ATAC. MR140014 6MM RECICLADO COR 4085/PET [9ef9e379-1650-4411-8815-8909d4342b15],110CM,15855791,603,15851079NBR3283098,25/06/2026,14/09/2026,24,21/08/2026,901003,,9ef9e379-1650-4411-8815-8909d4342b15,NIKE,134820,9,
DASS SEST714012982628110CM1585579115851080NBR328309820260625-1,OK,DASS SEST,7,140129,1188919,82628,ATAC. MR140014 6MM RECICLADO COR 4085/PET [c02acb95-7455-4809-86fe-8fa01c0666e6],110CM,15855791,606,15851080NBR3283098,25/06/2026,14/09/2026,24,21/08/2026,901004,,c02acb95-7455-4809-86fe-8fa01c0666e6,NIKE,134820,10,
DASS SEST714012982628115CM1585579115851079NBR328309820260625-1,OK,DASS SEST,7,140129,1188919,82628,ATAC. MR140014 6MM RECICLADO COR 4085/PET [4d81da15-5315-4dcc-86df-c4ef9e9c4aa0],115CM,15855791,240,15851079NBR3283098,25/06/2026,14/09/2026,24,21/08/2026,901005,,4d81da15-5315-4dcc-86df-c4ef9e9c4aa0,NIKE,134820,11,
DASS SEST714012982628115CM1585579115851080NBR328309820260625-1,OK,DASS SEST,7,140129,1188919,82628,ATAC. MR140014 6MM RECICLADO COR 4085/PET [63f64201-a5a1-4345-baa5-0e665d2b03b5],115CM,15855791,246,15851080NBR3283098,25/06/2026,14/09/2026,24,21/08/2026,901006,,63f64201-a5a1-4345-baa5-0e665d2b03b5,NIKE,134820,12,
DASS SEST714012988668110CM1585579115854340NEX000007320260625-1,OK,DASS SEST,7,140129,1304277,88668,ATAC. MR110022 7MM RECICLADO COR 4085/PET / COR 496/PET [df14e1a2-28d1-4da9-870c-24144c062c21],110CM,15855791,1266,15854340NEX0000073,25/06/2026,14/09/2026,24,21/08/2026,901007,,df14e1a2-28d1-4da9-870c-24144c062c21,NIKE,134820,13,
DASS SEST714012988668110CM1585579115854341NEX000007320260625-1,OK,DASS SEST,7,140129,1304277,88668,ATAC. MR110022 7MM RECICLADO COR 4085/PET / COR 496/PET [db3921bf-2c3a-464a-9e33-22d6c18dee2c],110CM,15855791,1260,15854341NEX0000073,25/06/2026,14/09/2026,24,21/08/2026,901008,,db3921bf-2c3a-464a-9e33-22d6c18dee2c,NIKE,134820,14,
DASS SEST714012988668110CM1585579115854342NEX000007320260625-1,OK,DASS SEST,7,140129,1304277,88668,ATAC. MR110022 7MM RECICLADO COR 4085/PET / COR 496/PET [bdd62a0f-844c-452c-8ec7-33a4c3f38d3e],110CM,15855791,1212,15854342NEX0000073,25/06/2026,14/09/2026,24,21/08/2026,901009,,bdd62a0f-844c-452c-8ec7-33a4c3f38d3e,NIKE,134820,15,
DASS SEST714012988668110CM1585579115854343NEX000007320260625-1,OK,DASS SEST,7,140129,1304277,88668,ATAC. MR110022 7MM RECICLADO COR 4085/PET / COR 496/PET [b9c38eac-613a-4c2d-a8f0-a644682af07a],110CM,15855791,1314,15854343NEX0000073,25/06/2026,14/09/2026,24,21/08/2026,901010,,b9c38eac-613a-4c2d-a8f0-a644682af07a,NIKE,134820,16,
DASS SEST714012988668110CM1585579115854329NEX000007420260625-1,OK,DASS SEST,7,140129,1304277,88668,ATAC. MR110022 7MM RECICLADO COR 4085/PET / COR 496/PET [d7334675-d97f-499d-849d-563c43ef4dd5],110CM,15855791,288,15854329NEX0000074,25/06/2026,14/09/2026,24,21/08/2026,901011,,d7334675-d97f-499d-849d-563c43ef4dd5,NIKE,134820,17,
DASS SEST714012988668110CM1585579115854330NEX000007420260625-1,OK,DASS SEST,7,140129,1304277,88668,ATAC. MR110022 7MM RECICLADO COR 4085/PET / COR 496/PET [c554031f-667a-405b-aff1-4501bdc44c4c],110CM,15855791,288,15854330NEX0000074,25/06/2026,14/09/2026,24,21/08/2026,901012,,c554031f-667a-405b-aff1-4501bdc44c4c,NIKE,134820,18,
DASS SEST714012988668110CM1585579115854331NEX000007420260625-1,OK,DASS SEST,7,140129,1304277,88668,ATAC. MR110022 7MM RECICLADO COR 4085/PET / COR 496/PET [a7fc9c80-ab17-4b52-bc79-01b465357a7b],110CM,15855791,312,15854331NEX0000074,25/06/2026,14/09/2026,24,21/08/2026,901013,,a7fc9c80-ab17-4b52-bc79-01b465357a7b,NIKE,134820,19,
DASS SEST714012988668110CM1585579115854319NEX000007520260625-1,OK,DASS SEST,7,140129,1304277,88668,ATAC. MR110022 7MM RECICLADO COR 4085/PET / COR 496/PET [45edb0ff-9623-4a64-bea5-896fa29468ea],110CM,15855791,288,15854319NEX0000075,25/06/2026,14/09/2026,24,21/08/2026,901014,,45edb0ff-9623-4a64-bea5-896fa29468ea,NIKE,134820,20,
DASS SEST714012988668110CM1585579115854320NEX000007520260625-1,OK,DASS SEST,7,140129,1304277,88668,ATAC. MR110022 7MM RECICLADO COR 4085/PET / COR 496/PET [5d109814-831c-466e-b2ef-11fd4a074cf1],110CM,15855791,288,15854320NEX0000075,25/06/2026,14/09/2026,24,21/08/2026,901015,,5d109814-831c-466e-b2ef-11fd4a074cf1,NIKE,134820,21,
DASS SEST714012988668110CM1585579115854321NEX000007520260625-1,OK,DASS SEST,7,140129,1304277,88668,ATAC. MR110022 7MM RECICLADO COR 4085/PET / COR 496/PET [dcdc293d-b6dc-41f9-818b-8ff58e012b5b],110CM,15855791,276,15854321NEX0000075,25/06/2026,14/09/2026,24,21/08/2026,901016,,dcdc293d-b6dc-41f9-818b-8ff58e012b5b,NIKE,134820,22,
DASS SEST714012988668110CM1585579115854322NEX000007520260625-1,OK,DASS SEST,7,140129,1304277,88668,ATAC. MR110022 7MM RECICLADO COR 4085/PET / COR 496/PET [eb827ca0-e974-4f82-9cb2-947683f62c72],110CM,15855791,312,15854322NEX0000075,25/06/2026,14/09/2026,24,21/08/2026,901017,,eb827ca0-e974-4f82-9cb2-947683f62c72,NIKE,134820,23,
DASS SEST714012988668115CM1585579115854340NEX000007320260625-1,OK,DASS SEST,7,140129,1304277,88668,ATAC. MR110022 7MM RECICLADO COR 4085/PET / COR 496/PET [ef1aace1-e556-4ca9-a6fe-1b80258c168d],115CM,15855791,108,15854340NEX0000073,25/06/2026,14/09/2026,24,21/08/2026,901018,,ef1aace1-e556-4ca9-a6fe-1b80258c168d,NIKE,134820,24,
DASS SEST714012988668115CM1585579115854341NEX000007320260625-1,OK,DASS SEST,7,140129,1304277,88668,ATAC. MR110022 7MM RECICLADO COR 4085/PET / COR 496/PET [46eb6085-e0d1-437f-a49a-0411ca0ac9fb],115CM,15855791,84,15854341NEX0000073,25/06/2026,14/09/2026,24,21/08/2026,901019,,46eb6085-e0d1-437f-a49a-0411ca0ac9fb,NIKE,134820,25,
DASS SEST714012988668115CM1585579115854342NEX000007320260625-1,OK,DASS SEST,7,140129,1304277,88668,ATAC. MR110022 7MM RECICLADO COR 4085/PET / COR 496/PET [084a9cdd-e136-4af7-ab7c-61931b71b553],115CM,15855791,84,15854342NEX0000073,25/06/2026,14/09/2026,24,21/08/2026,901020,,084a9cdd-e136-4af7-ab7c-61931b71b553,NIKE,134820,26,
DASS SEST714012988668115CM1585579115854343NEX000007320260625-1,OK,DASS SEST,7,140129,1304277,88668,ATAC. MR110022 7MM RECICLADO COR 4085/PET / COR 496/PET [016f620a-08d2-405c-82e8-e4884fd7d20f],115CM,15855791,84,15854343NEX0000073,25/06/2026,14/09/2026,24,21/08/2026,901021,,016f620a-08d2-405c-82e8-e4884fd7d20f,NIKE,134820,27,
DASS SEST714012988668115CM1585579115854329NEX000007420260625-1,OK,DASS SEST,7,140129,1304277,88668,ATAC. MR110022 7MM RECICLADO COR 4085/PET / COR 496/PET [dd153ded-9b65-47a9-86aa-4b6409f8c3de],115CM,15855791,899,15854329NEX0000074,25/06/2026,14/09/2026,24,21/08/2026,901022,,dd153ded-9b65-47a9-86aa-4b6409f8c3de,NIKE,134820,28,
DASS SEST714012988668115CM1585579115854330NEX000007420260625-1,OK,DASS SEST,7,140129,1304277,88668,ATAC. MR110022 7MM RECICLADO COR 4085/PET / COR 496/PET [17371932-b11e-4e04-94f9-901efd71fd9e],115CM,15855791,852,15854330NEX0000074,25/06/2026,14/09/2026,24,21/08/2026,901023,,17371932-b11e-4e04-94f9-901efd71fd9e,NIKE,134820,29,
DASS SEST714012988668115CM1585579115854331NEX000007420260625-1,OK,DASS SEST,7,140129,1304277,88668,ATAC. MR110022 7MM RECICLADO COR 4085/PET / COR 496/PET [f8faf94c-51b2-4c6b-8849-da87eeaccc18],115CM,15855791,876,15854331NEX0000074,25/06/2026,14/09/2026,24,21/08/2026,901024,,f8faf94c-51b2-4c6b-8849-da87eeaccc18,NIKE,134820,30,
DASS SEST714012988668115CM1585579115854319NEX000007520260625-1,OK,DASS SEST,7,140129,1304277,88668,ATAC. MR110022 7MM RECICLADO COR 4085/PET / COR 496/PET [e128b067-0d8a-4c92-b545-4a63e07b3c3d],115CM,15855791,870,15854319NEX0000075,25/06/2026,14/09/2026,24,21/08/2026,901025,,e128b067-0d8a-4c92-b545-4a63e07b3c3d,NIKE,134820,31,
DASS SEST714012988668115CM1585579115854320NEX000007520260625-1,OK,DASS SEST,7,140129,1304277,88668,ATAC. MR110022 7MM RECICLADO COR 4085/PET / COR 496/PET [d5094d8a-4878-4b18-996b-91803766e7c9],115CM,15855791,864,15854320NEX0000075,25/06/2026,14/09/2026,24,21/08/2026,901026,,d5094d8a-4878-4b18-996b-91803766e7c9,NIKE,134820,32,
DASS SEST714012988668115CM1585579115854321NEX000007520260625-1,OK,DASS SEST,7,140129,1304277,88668,ATAC. MR110022 7MM RECICLADO COR 4085/PET / COR 496/PET [a4895a22-b8dc-49bc-b6da-1afcc3836f46],115CM,15855791,840,15854321NEX0000075,25/06/2026,14/09/2026,24,21/08/2026,901027,,a4895a22-b8dc-49bc-b6da-1afcc3836f46,NIKE,134820,33,
DASS SEST714012988668115CM1585579115854322NEX000007520260625-1,OK,DASS SEST,7,140129,1304277,88668,ATAC. MR110022 7MM RECICLADO COR 4085/PET / COR 496/PET [1aca2397-6b11-4e1c-a083-ade900531d0a],115CM,15855791,876,15854322NEX0000075,25/06/2026,14/09/2026,24,21/08/2026,901028,,1aca2397-6b11-4e1c-a083-ade900531d0a,NIKE,134820,34,
DASS SEST714012988668120CM1585579115854329NEX000007420260625-1,OK,DASS SEST,7,140129,1304277,88668,ATAC. MR110022 7MM RECICLADO COR 4085/PET / COR 496/PET [129d392c-edc2-4c69-8421-113ad4598668],120CM,15855791,264,15854329NEX0000074,25/06/2026,14/09/2026,24,21/08/2026,901029,,129d392c-edc2-4c69-8421-113ad4598668,NIKE,134820,35,
DASS SEST714012988668120CM1585579115854330NEX000007420260625-1,OK,DASS SEST,7,140129,1304277,88668,ATAC. MR110022 7MM RECICLADO COR 4085/PET / COR 496/PET [d4e5babc-4aed-43ee-b080-b97e283c7f7b],120CM,15855791,240,15854330NEX0000074,25/06/2026,14/09/2026,24,21/08/2026,901030,,d4e5babc-4aed-43ee-b080-b97e283c7f7b,NIKE,134820,36,
DASS SEST714012988668120CM1585579115854331NEX000007420260625-1,OK,DASS SEST,7,140129,1304277,88668,ATAC. MR110022 7MM RECICLADO COR 4085/PET / COR 496/PET [d89fd48c-998b-4691-98d9-9ec7412bba2c],120CM,15855791,270,15854331NEX0000074,25/06/2026,14/09/2026,24,21/08/2026,901031,,d89fd48c-998b-4691-98d9-9ec7412bba2c,NIKE,134820,37,
DASS SEST714012988668120CM1585579115854319NEX000007520260625-1,OK,DASS SEST,7,140129,1304277,88668,ATAC. MR110022 7MM RECICLADO COR 4085/PET / COR 496/PET [336ea568-14d5-4c8d-b33d-2054460b99eb],120CM,15855791,240,15854319NEX0000075,25/06/2026,14/09/2026,24,21/08/2026,901032,,336ea568-14d5-4c8d-b33d-2054460b99eb,NIKE,134820,38,
DASS SEST714012988668120CM1585579115854320NEX000007520260625-1,OK,DASS SEST,7,140129,1304277,88668,ATAC. MR110022 7MM RECICLADO COR 4085/PET / COR 496/PET [58f12696-8326-4b2e-a8ab-509c2d597719],120CM,15855791,240,15854320NEX0000075,25/06/2026,14/09/2026,24,21/08/2026,901033,,58f12696-8326-4b2e-a8ab-509c2d597719,NIKE,134820,39,
DASS SEST714012988668120CM1585579115854321NEX000007520260625-1,OK,DASS SEST,7,140129,1304277,88668,ATAC. MR110022 7MM RECICLADO COR 4085/PET / COR 496/PET [399aadbb-e6dc-4910-9f6d-86c7cf876598],120CM,15855791,228,15854321NEX0000075,25/06/2026,14/09/2026,24,21/08/2026,901034,,399aadbb-e6dc-4910-9f6d-86c7cf876598,NIKE,134820,40,
DASS SEST714012988668120CM1585579115854322NEX000007520260625-1,OK,DASS SEST,7,140129,1304277,88668,ATAC. MR110022 7MM RECICLADO COR 4085/PET / COR 496/PET [73ad565a-32bc-472c-a5f4-bc81ba0274c8],120CM,15855791,258,15854322NEX0000075,25/06/2026,14/09/2026,24,21/08/2026,901035,,73ad565a-32bc-472c-a5f4-bc81ba0274c8,NIKE,134820,41,
DASS SEST714012995898110CM1585579115851119NBR328304320260625-1,OK,DASS SEST,7,140129,1424204,95898,ATAC. MR110022 7MM RECICLADO COR 6222/PET / COR 4259/PET [2b15cf8d-990b-4718-a15b-dca1effb50c9],110CM,15855791,228,15851119NBR3283043,25/06/2026,14/09/2026,24,21/08/2026,901036,,2b15cf8d-990b-4718-a15b-dca1effb50c9,NIKE,134820,42,
DASS SEST714012995898115CM1585579115851119NBR328304320260625-1,OK,DASS SEST,7,140129,1424204,95898,ATAC. MR110022 7MM RECICLADO COR 6222/PET / COR 4259/PET [b2d65df1-b542-4c58-a07b-991cc04cc868],115CM,15855791,830,15851119NBR3283043,25/06/2026,14/09/2026,24,21/08/2026,901037,,b2d65df1-b542-4c58-a07b-991cc04cc868,NIKE,134820,43,
DASS SEST714012995898120CM1585579115851119NBR328304320260625-1,OK,DASS SEST,7,140129,1424204,95898,ATAC. MR110022 7MM RECICLADO COR 6222/PET / COR 4259/PET [c0572460-5ac0-44c8-8d14-b32ec55e8b5c],120CM,15855791,186,15851119NBR3283043,25/06/2026,14/09/2026,24,21/08/2026,901038,,c0572460-5ac0-44c8-8d14-b32ec55e8b5c,NIKE,134820,44,
DASS SEST714012995900110CM1585579115851113NBR328302220260625-1,OK,DASS SEST,7,140129,1424205,95900,ATAC. MR110022 7MM RECICLADO COR 057/PET / COR 5946/PET [a9e5fbaf-8e01-4708-bd87-e332a0dfa5ac],110CM,15855791,264,15851113NBR3283022,25/06/2026,14/09/2026,24,21/08/2026,901039,,a9e5fbaf-8e01-4708-bd87-e332a0dfa5ac,NIKE,134820,45,
DASS SEST714012995900115CM1585579115851113NBR328302220260625-1,OK,DASS SEST,7,140129,1424205,95900,ATAC. MR110022 7MM RECICLADO COR 057/PET / COR 5946/PET [27860598-9738-4cb8-90c7-58e671dd822a],115CM,15855791,884,15851113NBR3283022,25/06/2026,14/09/2026,24,21/08/2026,901040,,27860598-9738-4cb8-90c7-58e671dd822a,NIKE,134820,46,
DASS SEST714012995900120CM1585579115851113NBR328302220260625-1,OK,DASS SEST,7,140129,1424205,95900,ATAC. MR110022 7MM RECICLADO COR 057/PET / COR 5946/PET [79943019-cefa-4e00-9b9c-5dd2046b334b],120CM,15855791,180,15851113NBR3283022,25/06/2026,14/09/2026,24,21/08/2026,901041,,79943019-cefa-4e00-9b9c-5dd2046b334b,NIKE,134820,47,
DASS SEST714021882628105CM1587266915866706NBR328305920260629-1,OK,DASS SEST,7,140218,1188919,82628,ATAC. MR140014 6MM RECICLADO COR 4085/PET [9c72c414-3156-4007-90dd-8390f25ecdcc],105CM,15872669,108,15866706NBR3283059,29/06/2026,14/09/2026,24,21/08/2026,901042,,9c72c414-3156-4007-90dd-8390f25ecdcc,NIKE,134968,1,
DASS SEST714021882628105CM1587266915866707NBR328305920260629-1,OK,DASS SEST,7,140218,1188919,82628,ATAC. MR140014 6MM RECICLADO COR 4085/PET [8daf7a89-157b-42b7-89b8-61dd4fa1bb7c],105CM,15872669,96,15866707NBR3283059,29/06/2026,14/09/2026,24,21/08/2026,901043,,8daf7a89-157b-42b7-89b8-61dd4fa1bb7c,NIKE,134968,2,
DASS SEST714021882628105CM1587266915866708NBR328306920260629-1,OK,DASS SEST,7,140218,1188919,82628,ATAC. MR140014 6MM RECICLADO COR 4085/PET [a5f0d3aa-0efe-4e3a-a0b9-29bb93f210b3],105CM,15872669,108,15866708NBR3283069,29/06/2026,14/09/2026,24,21/08/2026,901044,,a5f0d3aa-0efe-4e3a-a0b9-29bb93f210b3,NIKE,134968,3,
DASS SEST714021882628105CM1587266915866709NBR328306920260629-1,OK,DASS SEST,7,140218,1188919,82628,ATAC. MR140014 6MM RECICLADO COR 4085/PET [b321deab-8d1c-44f2-9377-589a6507747d],105CM,15872669,96,15866709NBR3283069,29/06/2026,14/09/2026,24,21/08/2026,901045,,b321deab-8d1c-44f2-9377-589a6507747d,NIKE,134968,4,
DASS SEST714021882628110CM1587266915866706NBR328305920260629-1,OK,DASS SEST,7,140218,1188919,82628,ATAC. MR140014 6MM RECICLADO COR 4085/PET [e7ba2613-d082-4d4d-9a0b-767da52f6d34],110CM,15872669,699,15866706NBR3283059,29/06/2026,14/09/2026,24,21/08/2026,901046,,e7ba2613-d082-4d4d-9a0b-767da52f6d34,NIKE,134968,5,
DASS SEST714021882628110CM1587266915866707NBR328305920260629-1,OK,DASS SEST,7,140218,1188919,82628,ATAC. MR140014 6MM RECICLADO COR 4085/PET [0e37c070-b43a-4f14-af06-36728603e77d],110CM,15872669,708,15866707NBR3283059,29/06/2026,14/09/2026,24,21/08/2026,901047,,0e37c070-b43a-4f14-af06-36728603e77d,NIKE,134968,6,
DASS SEST714021882628110CM1587266915866708NBR328306920260629-1,OK,DASS SEST,7,140218,1188919,82628,ATAC. MR140014 6MM RECICLADO COR 4085/PET [0c136d15-c6f7-4483-96c6-c1a958f4dfed],110CM,15872669,705,15866708NBR3283069,29/06/2026,14/09/2026,24,21/08/2026,901048,,0c136d15-c6f7-4483-96c6-c1a958f4dfed,NIKE,134968,7,
DASS SEST714021882628110CM1587266915866709NBR328306920260629-1,OK,DASS SEST,7,140218,1188919,82628,ATAC. MR140014 6MM RECICLADO COR 4085/PET [5bbac84b-8390-4575-af8a-5f57e4709e24],110CM,15872669,720,15866709NBR3283069,29/06/2026,14/09/2026,24,21/08/2026,901049,,5bbac84b-8390-4575-af8a-5f57e4709e24,NIKE,134968,8,
DASS SEST714021882628115CM1587266915866706NBR328305920260629-1,OK,DASS SEST,7,140218,1188919,82628,ATAC. MR140014 6MM RECICLADO COR 4085/PET [cc41cfdc-6ab4-42d7-853b-dfde183f5447],115CM,15872669,228,15866706NBR3283059,29/06/2026,14/09/2026,24,21/08/2026,901050,,cc41cfdc-6ab4-42d7-853b-dfde183f5447,NIKE,134968,9,
DASS SEST714021882628115CM1587266915866707NBR328305920260629-1,OK,DASS SEST,7,140218,1188919,82628,ATAC. MR140014 6MM RECICLADO COR 4085/PET [71758da3-2975-4419-8bf9-74e653b839af],115CM,15872669,252,15866707NBR3283059,29/06/2026,14/09/2026,24,21/08/2026,901051,,71758da3-2975-4419-8bf9-74e653b839af,NIKE,134968,10,
DASS SEST714021882628115CM1587266915866708NBR328306920260629-1,OK,DASS SEST,7,140218,1188919,82628,ATAC. MR140014 6MM RECICLADO COR 4085/PET [06de109f-e5e4-4837-a6e9-7421fecbf22a],115CM,15872669,228,15866708NBR3283069,29/06/2026,14/09/2026,24,21/08/2026,901052,,06de109f-e5e4-4837-a6e9-7421fecbf22a,NIKE,134968,11,
DASS SEST714021882628115CM1587266915866709NBR328306920260629-1,OK,DASS SEST,7,140218,1188919,82628,ATAC. MR140014 6MM RECICLADO COR 4085/PET [5d6efe51-0817-4dad-a637-f1b1f28da8a7],115CM,15872669,252,15866709NBR3283069,29/06/2026,14/09/2026,24,21/08/2026,901053,,5d6efe51-0817-4dad-a637-f1b1f28da8a7,NIKE,134968,12,
DASS SEST714021886418105CM1587266915866719NBR328307920260629-1,OK,DASS SEST,7,140218,1278311,86418,ATAC. MR140014 6MM RECICLADO COR 4662/PET [45409f80-e95b-4f91-a58d-06adfbf95c34],105CM,15872669,120,15866719NBR3283079,29/06/2026,14/09/2026,24,21/08/2026,901054,,45409f80-e95b-4f91-a58d-06adfbf95c34,NIKE,134968,13,
DASS SEST714021886418105CM1587266915866720NBR328307920260629-1,OK,DASS SEST,7,140218,1278311,86418,ATAC. MR140014 6MM RECICLADO COR 4662/PET [a8ca3384-c6da-4dbb-a558-6c9b7484beed],105CM,15872669,102,15866720NBR3283079,29/06/2026,14/09/2026,24,21/08/2026,901055,,a8ca3384-c6da-4dbb-a558-6c9b7484beed,NIKE,134968,14,
DASS SEST714021886418110CM1587266915866719NBR328307920260629-1,OK,DASS SEST,7,140218,1278311,86418,ATAC. MR140014 6MM RECICLADO COR 4662/PET [2416f9b7-ea08-4d4e-a2e5-65bfcbba68f3],110CM,15872669,626,15866719NBR3283079,29/06/2026,14/09/2026,24,21/08/2026,901056,,2416f9b7-ea08-4d4e-a2e5-65bfcbba68f3,NIKE,134968,15,
DASS SEST714021886418110CM1587266915866720NBR328307920260629-1,OK,DASS SEST,7,140218,1278311,86418,ATAC. MR140014 6MM RECICLADO COR 4662/PET [46a7fb60-f52a-48ab-a3ae-61f030c52aae],110CM,15872669,636,15866720NBR3283079,29/06/2026,14/09/2026,24,21/08/2026,901057,,46a7fb60-f52a-48ab-a3ae-61f030c52aae,NIKE,134968,16,
DASS SEST714021886418115CM1587266915866719NBR328307920260629-1,OK,DASS SEST,7,140218,1278311,86418,ATAC. MR140014 6MM RECICLADO COR 4662/PET [921ff6f9-8c0d-4ef6-bbfa-a7e6f930b823],115CM,15872669,204,15866719NBR3283079,29/06/2026,14/09/2026,24,21/08/2026,901058,,921ff6f9-8c0d-4ef6-bbfa-a7e6f930b823,NIKE,134968,17,
DASS SEST714021886418115CM1587266915866720NBR328307920260629-1,OK,DASS SEST,7,140218,1278311,86418,ATAC. MR140014 6MM RECICLADO COR 4662/PET [63b74fc8-5318-4e67-82fe-96f13e8d0430],115CM,15872669,234,15866720NBR3283079,29/06/2026,14/09/2026,24,21/08/2026,901059,,63b74fc8-5318-4e67-82fe-96f13e8d0430,NIKE,134968,18,
DASS SEST714021895894105CM1587266915866721NBR328306120260629-1,OK,DASS SEST,7,140218,1425041,95894,ATAC. MR140014 6MM RECICLADO COR 6179/PET [29a41cd0-d1dc-4d8b-9f3d-0b01c0a015d6],105CM,15872669,132,15866721NBR3283061,29/06/2026,14/09/2026,24,21/08/2026,901060,,29a41cd0-d1dc-4d8b-9f3d-0b01c0a015d6,NIKE,134968,19,
DASS SEST714021895894105CM1587266915866722NBR328306120260629-1,OK,DASS SEST,7,140218,1425041,95894,ATAC. MR140014 6MM RECICLADO COR 6179/PET [03defa26-95ec-4913-86b3-2f8e52d188a4],105CM,15872669,156,15866722NBR3283061,29/06/2026,14/09/2026,24,21/08/2026,901061,,03defa26-95ec-4913-86b3-2f8e52d188a4,NIKE,134968,20,
DASS SEST714021895894105CM1587266915866723NBR328307120260629-1,OK,DASS SEST,7,140218,1425041,95894,ATAC. MR140014 6MM RECICLADO COR 6179/PET [bd86efbe-c606-4ad1-8387-1f44a274a046],105CM,15872669,132,15866723NBR3283071,29/06/2026,14/09/2026,24,21/08/2026,901062,,bd86efbe-c606-4ad1-8387-1f44a274a046,NIKE,134968,21,
DASS SEST714021895894105CM1587266915866724NBR328307120260629-1,OK,DASS SEST,7,140218,1425041,95894,ATAC. MR140014 6MM RECICLADO COR 6179/PET [ec339534-1312-423f-80e1-51feac638e46],105CM,15872669,156,15866724NBR3283071,29/06/2026,14/09/2026,24,21/08/2026,901063,,ec339534-1312-423f-80e1-51feac638e46,NIKE,134968,22,
DASS SEST714021895894105CM1587266915866725NBR328308020260629-1,OK,DASS SEST,7,140218,1425041,95894,ATAC. MR140014 6MM RECICLADO COR 6179/PET [92d828fb-ba9c-4240-96a4-095a19c8fcae],105CM,15872669,132,15866725NBR3283080,29/06/2026,14/09/2026,24,21/08/2026,901064,,92d828fb-ba9c-4240-96a4-095a19c8fcae,NIKE,134968,23,
DASS SEST714021895894105CM1587266915866728NBR328308020260629-1,OK,DASS SEST,7,140218,1425041,95894,ATAC. MR140014 6MM RECICLADO COR 6179/PET [c1e99df6-8a09-48ca-92fc-1751789fffc3],105CM,15872669,156,15866728NBR3283080,29/06/2026,14/09/2026,24,21/08/2026,901065,,c1e99df6-8a09-48ca-92fc-1751789fffc3,NIKE,134968,24,
DASS SEST714021895894110CM1587266915866721NBR328306120260629-1,OK,DASS SEST,7,140218,1425041,95894,ATAC. MR140014 6MM RECICLADO COR 6179/PET [76846d5c-12b2-4775-923a-2385fb469993],110CM,15872669,765,15866721NBR3283061,29/06/2026,14/09/2026,24,21/08/2026,901066,,76846d5c-12b2-4775-923a-2385fb469993,NIKE,134968,25,
DASS SEST714021895894110CM1587266915866722NBR328306120260629-1,OK,DASS SEST,7,140218,1425041,95894,ATAC. MR140014 6MM RECICLADO COR 6179/PET [b2631431-c259-454b-abf0-6ce7d02ffc92],110CM,15872669,774,15866722NBR3283061,29/06/2026,14/09/2026,24,21/08/2026,901067,,b2631431-c259-454b-abf0-6ce7d02ffc92,NIKE,134968,26,
DASS SEST714021895894110CM1587266915866723NBR328307120260629-1,OK,DASS SEST,7,140218,1425041,95894,ATAC. MR140014 6MM RECICLADO COR 6179/PET [77f7eba9-b235-460b-967d-f6e067719403],110CM,15872669,771,15866723NBR3283071,29/06/2026,14/09/2026,24,21/08/2026,901068,,77f7eba9-b235-460b-967d-f6e067719403,NIKE,134968,27,
DASS SEST714021895894110CM1587266915866724NBR328307120260629-1,OK,DASS SEST,7,140218,1425041,95894,ATAC. MR140014 6MM RECICLADO COR 6179/PET [bd252750-90b0-458a-a6cf-86c9e3db6a97],110CM,15872669,774,15866724NBR3283071,29/06/2026,14/09/2026,24,21/08/2026,901069,,bd252750-90b0-458a-a6cf-86c9e3db6a97,NIKE,134968,28,
DASS SEST714021895894110CM1587266915866725NBR328308020260629-1,OK,DASS SEST,7,140218,1425041,95894,ATAC. MR140014 6MM RECICLADO COR 6179/PET [bedc327b-449f-4974-92c0-7174d7ee19ff],110CM,15872669,771,15866725NBR3283080,29/06/2026,14/09/2026,24,21/08/2026,901070,,bedc327b-449f-4974-92c0-7174d7ee19ff,NIKE,134968,29,
DASS SEST714021895894110CM1587266915866728NBR328308020260629-1,OK,DASS SEST,7,140218,1425041,95894,ATAC. MR140014 6MM RECICLADO COR 6179/PET [aa3e1876-08cd-4ba5-90c9-d05951221ab8],110CM,15872669,774,15866728NBR3283080,29/06/2026,14/09/2026,24,21/08/2026,901071,,aa3e1876-08cd-4ba5-90c9-d05951221ab8,NIKE,134968,30,
DASS SEST714021895894115CM1587266915866721NBR328306120260629-1,OK,DASS SEST,7,140218,1425041,95894,ATAC. MR140014 6MM RECICLADO COR 6179/PET [095215fc-6c6e-445b-9b2d-46614f3dccfe],115CM,15872669,216,15866721NBR3283061,29/06/2026,14/09/2026,24,21/08/2026,901072,,095215fc-6c6e-445b-9b2d-46614f3dccfe,NIKE,134968,31,
DASS SEST714021895894115CM1587266915866722NBR328306120260629-1,OK,DASS SEST,7,140218,1425041,95894,ATAC. MR140014 6MM RECICLADO COR 6179/PET [962fd6b4-fb07-475a-98bc-44c567cfdb56],115CM,15872669,234,15866722NBR3283061,29/06/2026,14/09/2026,24,21/08/2026,901073,,962fd6b4-fb07-475a-98bc-44c567cfdb56,NIKE,134968,32,
DASS SEST714021895894115CM1587266915866723NBR328307120260629-1,OK,DASS SEST,7,140218,1425041,95894,ATAC. MR140014 6MM RECICLADO COR 6179/PET [860b2772-13c5-4ae0-a058-a6a7a793f1a3],115CM,15872669,216,15866723NBR3283071,29/06/2026,14/09/2026,24,21/08/2026,901074,,860b2772-13c5-4ae0-a058-a6a7a793f1a3,NIKE,134968,33,
DASS SEST714021895894115CM1587266915866724NBR328307120260629-1,OK,DASS SEST,7,140218,1425041,95894,ATAC. MR140014 6MM RECICLADO COR 6179/PET [2ec820cf-6250-44a0-ac7f-4f0a9e2f163c],115CM,15872669,234,15866724NBR3283071,29/06/2026,14/09/2026,24,21/08/2026,901075,,2ec820cf-6250-44a0-ac7f-4f0a9e2f163c,NIKE,134968,34,
DASS SEST714021895894115CM1587266915866725NBR328308020260629-1,OK,DASS SEST,7,140218,1425041,95894,ATAC. MR140014 6MM RECICLADO COR 6179/PET [cc486c4a-856d-4827-ad12-ccdc7be7fab2],115CM,15872669,216,15866725NBR3283080,29/06/2026,14/09/2026,24,21/08/2026,901076,,cc486c4a-856d-4827-ad12-ccdc7be7fab2,NIKE,134968,35,
DASS SEST714021895894115CM1587266915866728NBR328308020260629-1,OK,DASS SEST,7,140218,1425041,95894,ATAC. MR140014 6MM RECICLADO COR 6179/PET [d74ed84b-4b4a-401f-b469-c60cb7bd5f37],115CM,15872669,234,15866728NBR3283080,29/06/2026,14/09/2026,24,21/08/2026,901077,,d74ed84b-4b4a-401f-b469-c60cb7bd5f37,NIKE,134968,36,
DASS SEST714021895895105CM1587266915866730NBR328304720260629-1,OK,DASS SEST,7,140218,1425040,95895,ATAC. MR140014 6MM RECICLADO COR 6176/PET [82928515-b2d7-4eed-b69d-86e5f577c8c3],105CM,15872669,144,15866730NBR3283047,29/06/2026,14/09/2026,24,21/08/2026,901078,,82928515-b2d7-4eed-b69d-86e5f577c8c3,NIKE,134968,37,
DASS SEST714021895895105CM1587266915866731NBR328304720260629-1,OK,DASS SEST,7,140218,1425040,95895,ATAC. MR140014 6MM RECICLADO COR 6176/PET [1ec4af79-c7b5-431f-a214-3b387a597c8b],105CM,15872669,156,15866731NBR3283047,29/06/2026,14/09/2026,24,21/08/2026,901079,,1ec4af79-c7b5-431f-a214-3b387a597c8b,NIKE,134968,38,
DASS SEST714021895895110CM1587266915866730NBR328304720260629-1,OK,DASS SEST,7,140218,1425040,95895,ATAC. MR140014 6MM RECICLADO COR 6176/PET [cb7ab414-7c8f-4d19-aa4a-f63310c77e81],110CM,15872669,590,15866730NBR3283047,29/06/2026,14/09/2026,24,21/08/2026,901080,,cb7ab414-7c8f-4d19-aa4a-f63310c77e81,NIKE,134968,39,
DASS SEST714021895895110CM1587266915866731NBR328304720260629-1,OK,DASS SEST,7,140218,1425040,95895,ATAC. MR140014 6MM RECICLADO COR 6176/PET [cfe38577-70d2-4ab0-9f1e-8ae0c21a623d],110CM,15872669,594,15866731NBR3283047,29/06/2026,14/09/2026,24,21/08/2026,901081,,cfe38577-70d2-4ab0-9f1e-8ae0c21a623d,NIKE,134968,40,
DASS SEST714021895895115CM1587266915866730NBR328304720260629-1,OK,DASS SEST,7,140218,1425040,95895,ATAC. MR140014 6MM RECICLADO COR 6176/PET [0bd21ae6-a62a-4f9d-9562-bdfb71a3023e],115CM,15872669,60,15866730NBR3283047,29/06/2026,14/09/2026,24,21/08/2026,901082,,0bd21ae6-a62a-4f9d-9562-bdfb71a3023e,NIKE,134968,41,
DASS SEST714021895895115CM1587266915866731NBR328304720260629-1,OK,DASS SEST,7,140218,1425040,95895,ATAC. MR140014 6MM RECICLADO COR 6176/PET [c96edfcc-1579-4cff-8490-a43e327fe4eb],115CM,15872669,84,15866731NBR3283047,29/06/2026,14/09/2026,24,21/08/2026,901083,,c96edfcc-1579-4cff-8490-a43e327fe4eb,NIKE,134968,42,
DASS SEST714029095945100CM1587485215868626NBR328315220260630-1,OK,DASS SEST,7,140290,1454466,95945,ATAC. MR140014 6MM RECICLADO COR 6248/PET [e27b965e-3efb-4fb2-b0b0-df110d16d104],100CM,15874852,240,15868626NBR3283152,30/06/2026,14/09/2026,24,21/08/2026,901084,,e27b965e-3efb-4fb2-b0b0-df110d16d104,NIKE,135012,1,
DASS SEST714029095945105CM1587485215868626NBR328315220260630-1,OK,DASS SEST,7,140290,1454466,95945,ATAC. MR140014 6MM RECICLADO COR 6248/PET [c7b8c976-37fe-4923-9408-ab4b939d7874],105CM,15874852,896,15868626NBR3283152,30/06/2026,14/09/2026,24,21/08/2026,901085,,c7b8c976-37fe-4923-9408-ab4b939d7874,NIKE,135012,2,
DASS SEST714029095945110CM1587485215868626NBR328315220260630-1,OK,DASS SEST,7,140290,1454466,95945,ATAC. MR140014 6MM RECICLADO COR 6248/PET [fab9f209-2c2f-4cf0-862a-c07bbefb0cc3],110CM,15874852,48,15868626NBR3283152,30/06/2026,14/09/2026,24,21/08/2026,901086,,fab9f209-2c2f-4cf0-862a-c07bbefb0cc3,NIKE,135012,3,
DASS SEST71405779140716MM1590101720260707-1,OK,DASS SEST,7,140577,1320158,91407,FITA M31119 C/ GOMA POLIESTER COR 324 / COR 5508 / COR 5508 [52fd983f-3a72-45c3-be6c-2b8568b4ebca],16MM,15901017,10,0,07/07/2026,14/09/2026,24,21/08/2026,901087,,52fd983f-3a72-45c3-be6c-2b8568b4ebca,FILA,135285,1,
DASS SEST714075582628105CM1591517915903693NBR328306420260710-1,OK,DASS SEST,7,140755,1188919,82628,ATAC. MR140014 6MM RECICLADO COR 4085/PET [50951243-0273-426e-b8d5-a7c3b6fb407b],105CM,15915179,800,15903693NBR3283064,10/07/2026,14/09/2026,24,21/08/2026,901088,,50951243-0273-426e-b8d5-a7c3b6fb407b,NIKE,135472,1,
DASS SEST714075582628110CM1591517915903693NBR328306420260710-1,OK,DASS SEST,7,140755,1188919,82628,ATAC. MR140014 6MM RECICLADO COR 4085/PET [e3462376-861b-4dd5-a8aa-ca8b714e343c],110CM,15915179,366,15903693NBR3283064,10/07/2026,14/09/2026,24,21/08/2026,901089,,e3462376-861b-4dd5-a8aa-ca8b714e343c,NIKE,135472,2,
DASS SEST714075584943105CM1591517915903696NBR328305220260710-1,OK,DASS SEST,7,140755,1241008,84943,ATAC. MR140014 6MM RECICLADO COR 4021/PET [acabdf1b-7be7-456e-b231-1a8f27281f60],105CM,15915179,519,15903696NBR3283052,10/07/2026,14/09/2026,24,21/08/2026,901090,,acabdf1b-7be7-456e-b231-1a8f27281f60,NIKE,135472,3,
DASS SEST714075584943105CM1591517915903698NBR328305220260710-1,OK,DASS SEST,7,140755,1241008,84943,ATAC. MR140014 6MM RECICLADO COR 4021/PET [f42fa551-7102-4742-b45e-b2d9f5cf7205],105CM,15915179,516,15903698NBR3283052,10/07/2026,14/09/2026,24,21/08/2026,901091,,f42fa551-7102-4742-b45e-b2d9f5cf7205,NIKE,135472,4,
DASS SEST714075584943105CM1591517915903699NBR328305220260710-1,OK,DASS SEST,7,140755,1241008,84943,ATAC. MR140014 6MM RECICLADO COR 4021/PET [71892523-e19e-4c9d-a39c-04231a0b6c6e],105CM,15915179,534,15903699NBR3283052,10/07/2026,14/09/2026,24,21/08/2026,901092,,71892523-e19e-4c9d-a39c-04231a0b6c6e,NIKE,135472,5,
DASS SEST714075584943110CM1591517915903696NBR328305220260710-1,OK,DASS SEST,7,140755,1241008,84943,ATAC. MR140014 6MM RECICLADO COR 4021/PET [cf1629e9-7e5f-4aa5-91ec-01a12a88fd42],110CM,15915179,234,15903696NBR3283052,10/07/2026,14/09/2026,24,21/08/2026,901093,,cf1629e9-7e5f-4aa5-91ec-01a12a88fd42,NIKE,135472,6,
DASS SEST714075584943110CM1591517915903698NBR328305220260710-1,OK,DASS SEST,7,140755,1241008,84943,ATAC. MR140014 6MM RECICLADO COR 4021/PET [a0c2bd38-c038-4be3-aa08-dffe2756ad37],110CM,15915179,228,15903698NBR3283052,10/07/2026,14/09/2026,24,21/08/2026,901094,,a0c2bd38-c038-4be3-aa08-dffe2756ad37,NIKE,135472,7,
DASS SEST714075584943110CM1591517915903699NBR328305220260710-1,OK,DASS SEST,7,140755,1241008,84943,ATAC. MR140014 6MM RECICLADO COR 4021/PET [d9e0e05d-ea9f-47db-a105-22bb6b40885c],110CM,15915179,252,15903699NBR3283052,10/07/2026,14/09/2026,24,21/08/2026,901095,,d9e0e05d-ea9f-47db-a105-22bb6b40885c,NIKE,135472,8,
DASS SEST714075586978105CM1591517915903684NBR328310220260710-1,OK,DASS SEST,7,140755,1299257,86978,ATAC. MR130027 6MM RECICLADO COR 4085/PET [099cc991-c352-4602-beec-cfd1974afe4e],105CM,15915179,384,15903684NBR3283102,10/07/2026,14/09/2026,24,21/08/2026,901096,,099cc991-c352-4602-beec-cfd1974afe4e,NIKE,135472,9,
DASS SEST714075586978105CM1591517915903686NBR328310220260710-1,OK,DASS SEST,7,140755,1299257,86978,ATAC. MR130027 6MM RECICLADO COR 4085/PET [bdf71d5c-57c6-4c6b-8f94-4f3a5c0a2f77],105CM,15915179,408,15903686NBR3283102,10/07/2026,14/09/2026,24,21/08/2026,901097,,bdf71d5c-57c6-4c6b-8f94-4f3a5c0a2f77,NIKE,135472,10,
DASS SEST714075586978110CM1591517915903684NBR328310220260710-1,OK,DASS SEST,7,140755,1299257,86978,ATAC. MR130027 6MM RECICLADO COR 4085/PET [fad43184-fc88-4001-86b6-a04906316b10],110CM,15915179,398,15903684NBR3283102,10/07/2026,14/09/2026,24,21/08/2026,901098,,fad43184-fc88-4001-86b6-a04906316b10,NIKE,135472,11,
DASS SEST714075586978110CM1591517915903686NBR328310220260710-1,OK,DASS SEST,7,140755,1299257,86978,ATAC. MR130027 6MM RECICLADO COR 4085/PET [5dbf8171-66a9-4c5c-b404-ce847a5d21f4],110CM,15915179,438,15903686NBR3283102,10/07/2026,14/09/2026,24,21/08/2026,901099,,5dbf8171-66a9-4c5c-b404-ce847a5d21f4,NIKE,135472,12,
DASS SEST714075586978115CM1591517915903684NBR328310220260710-1,OK,DASS SEST,7,140755,1299257,86978,ATAC. MR130027 6MM RECICLADO COR 4085/PET [8b14fccc-0b8d-437e-b7d3-e61e34a5d718],115CM,15915179,24,15903684NBR3283102,10/07/2026,14/09/2026,24,21/08/2026,901100,,8b14fccc-0b8d-437e-b7d3-e61e34a5d718,NIKE,135472,13,
DASS SEST714075593450110CM1591517915903726NBR328307520260710-1,OK,DASS SEST,7,140755,1409834,93450,ATAC. MR130027 6MM RECICLADO COR 057/PET [99eea7ce-5923-4c87-b19e-653be6019bb9],110CM,15915179,276,15903726NBR3283075,10/07/2026,14/09/2026,24,21/08/2026,901101,,99eea7ce-5923-4c87-b19e-653be6019bb9,NIKE,135472,14,
DASS SEST714075593450115CM1591517915903726NBR328307520260710-1,OK,DASS SEST,7,140755,1409834,93450,ATAC. MR130027 6MM RECICLADO COR 057/PET [03d759c6-6b8a-4d36-add9-5720960ea480],115CM,15915179,776,15903726NBR3283075,10/07/2026,14/09/2026,24,21/08/2026,901102,,03d759c6-6b8a-4d36-add9-5720960ea480,NIKE,135472,15,
DASS SEST714075593450120CM1591517915903726NBR328307520260710-1,OK,DASS SEST,7,140755,1409834,93450,ATAC. MR130027 6MM RECICLADO COR 057/PET [fd8139ab-2c3a-474e-ad87-fed40018e9d2],120CM,15915179,198,15903726NBR3283075,10/07/2026,14/09/2026,24,21/08/2026,901103,,fd8139ab-2c3a-474e-ad87-fed40018e9d2,NIKE,135472,16,
DASS SEST714075595799105CM1591517915903740NBR328311720260710-1,OK,DASS SEST,7,140755,1424088,95799,ATAC. MR130027 6MM RECICLADO COR 5820/PET [586741fb-b83a-4af2-a334-74bbb6db04a6],105CM,15915179,420,15903740NBR3283117,10/07/2026,14/09/2026,24,21/08/2026,901104,,586741fb-b83a-4af2-a334-74bbb6db04a6,NIKE,135472,17,
DASS SEST714075595799105CM1591517915903741NBR328311720260710-1,OK,DASS SEST,7,140755,1424088,95799,ATAC. MR130027 6MM RECICLADO COR 5820/PET [5294301e-8685-4545-b169-808f413acd38],105CM,15915179,396,15903741NBR3283117,10/07/2026,14/09/2026,24,21/08/2026,901105,,5294301e-8685-4545-b169-808f413acd38,NIKE,135472,18,
DASS SEST714075595799105CM1591517915903742NBR328311720260710-1,OK,DASS SEST,7,140755,1424088,95799,ATAC. MR130027 6MM RECICLADO COR 5820/PET [4e3815dc-831a-4997-9ec4-dbada693b094],105CM,15915179,432,15903742NBR3283117,10/07/2026,14/09/2026,24,21/08/2026,901106,,4e3815dc-831a-4997-9ec4-dbada693b094,NIKE,135472,19,
DASS SEST714075595799110CM1591517915903740NBR328311720260710-1,OK,DASS SEST,7,140755,1424088,95799,ATAC. MR130027 6MM RECICLADO COR 5820/PET [59b4694c-f32b-4679-9361-6859615d6e1e],110CM,15915179,435,15903740NBR3283117,10/07/2026,14/09/2026,24,21/08/2026,901107,,59b4694c-f32b-4679-9361-6859615d6e1e,NIKE,135472,20,
DASS SEST714075595799110CM1591517915903741NBR328311720260710-1,OK,DASS SEST,7,140755,1424088,95799,ATAC. MR130027 6MM RECICLADO COR 5820/PET [19db20b9-4cf1-4e8d-84de-9e95b71fdb92],110CM,15915179,420,15903741NBR3283117,10/07/2026,14/09/2026,24,21/08/2026,901108,,19db20b9-4cf1-4e8d-84de-9e95b71fdb92,NIKE,135472,21,
DASS SEST714075595799110CM1591517915903742NBR328311720260710-1,OK,DASS SEST,7,140755,1424088,95799,ATAC. MR130027 6MM RECICLADO COR 5820/PET [a2253816-e7e5-47d0-8b82-7a5f5e610730],110CM,15915179,462,15903742NBR3283117,10/07/2026,14/09/2026,24,21/08/2026,901109,,a2253816-e7e5-47d0-8b82-7a5f5e610730,NIKE,135472,22,
DASS SEST714075595799115CM1591517915903740NBR328311720260710-1,OK,DASS SEST,7,140755,1424088,95799,ATAC. MR130027 6MM RECICLADO COR 5820/PET [5bf640e6-cf17-4f3c-94c2-8bd40a312987],115CM,15915179,24,15903740NBR3283117,10/07/2026,14/09/2026,24,21/08/2026,901110,,5bf640e6-cf17-4f3c-94c2-8bd40a312987,NIKE,135472,23,
DASS SEST714095091524115CM1594408615941791NBR328328920260717-1,OK,DASS SEST,7,140950,1341808,91524,ATAC. MR110012 8MM RECICLADO COR 5149/PET [44a1c169-545e-4612-a129-8fed6356300b],115CM,15944086,216,15941791NBR3283289,17/07/2026,14/09/2026,24,21/08/2026,901111,,44a1c169-545e-4612-a129-8fed6356300b,NIKE,135637,1,
DASS SEST714095091524115CM1594408615941793NBR328328920260717-1,OK,DASS SEST,7,140950,1341808,91524,ATAC. MR110012 8MM RECICLADO COR 5149/PET [166235c5-9372-40c8-842e-ae6cdd27b178],115CM,15944086,234,15941793NBR3283289,17/07/2026,14/09/2026,24,21/08/2026,901112,,166235c5-9372-40c8-842e-ae6cdd27b178,NIKE,135637,2,
DASS SEST714095091524120CM1594408615941791NBR328328920260717-1,OK,DASS SEST,7,140950,1341808,91524,ATAC. MR110012 8MM RECICLADO COR 5149/PET [a4b88652-527a-4686-8109-0bed16a2fa9f],120CM,15944086,620,15941791NBR3283289,17/07/2026,14/09/2026,24,21/08/2026,901113,,a4b88652-527a-4686-8109-0bed16a2fa9f,NIKE,135637,3,
DASS SEST714095091524120CM1594408615941793NBR328328920260717-1,OK,DASS SEST,7,140950,1341808,91524,ATAC. MR110012 8MM RECICLADO COR 5149/PET [ca4b1ae0-2e8a-482e-a0ec-e1f5141fc0af],120CM,15944086,666,15941793NBR3283289,17/07/2026,14/09/2026,24,21/08/2026,901114,,ca4b1ae0-2e8a-482e-a0ec-e1f5141fc0af,NIKE,135637,4,
DASS SEST714095092568115CM1594408615941782NBR328331120260717-1,OK,DASS SEST,7,140950,1027849,92568,ATAC. MR110012 8MM RECICLADO COR 4085/PET [5dec0c06-9422-4838-abed-09f70d406971],115CM,15944086,270,15941782NBR3283311,17/07/2026,14/09/2026,24,21/08/2026,901115,,5dec0c06-9422-4838-abed-09f70d406971,NIKE,135637,5,
DASS SEST714095092568120CM1594408615941782NBR328331120260717-1,OK,DASS SEST,7,140950,1027849,92568,ATAC. MR110012 8MM RECICLADO COR 4085/PET [3f010cdb-8c6e-46e1-8059-bb81a7b19f64],120CM,15944086,776,15941782NBR3283311,17/07/2026,14/09/2026,24,21/08/2026,901116,,3f010cdb-8c6e-46e1-8059-bb81a7b19f64,NIKE,135637,6,
DASS SEST714142088808105CM1600272316001140NBR328338520260731-1,OK,DASS SEST,7,141420,1332602,88808,ATAC. M12176 5MM POLIESTER COR 4085 [b15a6974-b5ef-47b7-834c-93d5a9f0d67c],105CM,16002723,156,16001140NBR3283385,31/07/2026,14/09/2026,24,21/08/2026,901117,,b15a6974-b5ef-47b7-834c-93d5a9f0d67c,NIKE,136060,1,NORMAL
DASS SEST714142088808105CM1600272316001142NBR328338520260731-1,OK,DASS SEST,7,141420,1332602,88808,ATAC. M12176 5MM POLIESTER COR 4085 [4ebeb895-165b-48ab-82b5-1a0f10c25ec1],105CM,16002723,192,16001142NBR3283385,31/07/2026,14/09/2026,24,21/08/2026,901118,,4ebeb895-165b-48ab-82b5-1a0f10c25ec1,NIKE,136060,2,NORMAL
DASS SEST714142088808105CM1600272316001156NBR328339020260731-1,OK,DASS SEST,7,141420,1332602,88808,ATAC. M12176 5MM POLIESTER COR 4085 [4a0070b5-7357-43e1-bb46-9dd3f7155175],105CM,16002723,180,16001156NBR3283390,31/07/2026,14/09/2026,24,21/08/2026,901119,,4a0070b5-7357-43e1-bb46-9dd3f7155175,NIKE,136060,3,NORMAL
DASS SEST714142088808105CM1600272316001157NBR328339020260731-1,OK,DASS SEST,7,141420,1332602,88808,ATAC. M12176 5MM POLIESTER COR 4085 [59d7bfcb-7bdd-405c-9792-9b45e72d572e],105CM,16002723,156,16001157NBR3283390,31/07/2026,14/09/2026,24,21/08/2026,901120,,59d7bfcb-7bdd-405c-9792-9b45e72d572e,NIKE,136060,4,NORMAL
DASS SEST714142088808105CM1600272316001158NBR328339020260731-1,OK,DASS SEST,7,141420,1332602,88808,ATAC. M12176 5MM POLIESTER COR 4085 [981bcbd2-d70b-42f7-891c-f107dff24e45],105CM,16002723,192,16001158NBR3283390,31/07/2026,14/09/2026,24,21/08/2026,901121,,981bcbd2-d70b-42f7-891c-f107dff24e45,NIKE,136060,5,NORMAL
DASS SEST714142088808110CM1600272316001140NBR328338520260731-1,OK,DASS SEST,7,141420,1332602,88808,ATAC. M12176 5MM POLIESTER COR 4085 [3db43aa9-8a5d-41ad-b22c-cdedf3df6a60],110CM,16002723,386,16001140NBR3283385,31/07/2026,14/09/2026,24,21/08/2026,901122,,3db43aa9-8a5d-41ad-b22c-cdedf3df6a60,NIKE,136060,6,NORMAL
DASS SEST714142088808110CM1600272316001142NBR328338520260731-1,OK,DASS SEST,7,141420,1332602,88808,ATAC. M12176 5MM POLIESTER COR 4085 [f61002a5-6866-4e78-9961-99afa8831ea8],110CM,16002723,390,16001142NBR3283385,31/07/2026,14/09/2026,24,21/08/2026,901123,,f61002a5-6866-4e78-9961-99afa8831ea8,NIKE,136060,7,NORMAL
DASS SEST714142088808110CM1600272316001156NBR328339020260731-1,OK,DASS SEST,7,141420,1332602,88808,ATAC. M12176 5MM POLIESTER COR 4085 [1a3648f6-92c1-4f34-b97e-587964b13926],110CM,16002723,645,16001156NBR3283390,31/07/2026,14/09/2026,24,21/08/2026,901124,,1a3648f6-92c1-4f34-b97e-587964b13926,NIKE,136060,8,NORMAL
DASS SEST714142088808110CM1600272316001157NBR328339020260731-1,OK,DASS SEST,7,141420,1332602,88808,ATAC. M12176 5MM POLIESTER COR 4085 [da5f5ed2-9614-4b9a-9564-79fb5f27143d],110CM,16002723,480,16001157NBR3283390,31/07/2026,14/09/2026,24,21/08/2026,901125,,da5f5ed2-9614-4b9a-9564-79fb5f27143d,NIKE,136060,9,NORMAL
DASS SEST714142088808110CM1600272316001158NBR328339020260731-1,OK,DASS SEST,7,141420,1332602,88808,ATAC. M12176 5MM POLIESTER COR 4085 [a2f5f657-d302-4125-a2ff-26134198b61f],110CM,16002723,330,16001158NBR3283390,31/07/2026,14/09/2026,24,21/08/2026,901126,,a2f5f657-d302-4125-a2ff-26134198b61f,NIKE,136060,10,NORMAL
DASS SEST714142088808115CM1600272316001140NBR328338520260731-1,OK,DASS SEST,7,141420,1332602,88808,ATAC. M12176 5MM POLIESTER COR 4085 [e19717b9-67a5-4ece-b9de-45fa53b5e6da],115CM,16002723,132,16001140NBR3283385,31/07/2026,14/09/2026,24,21/08/2026,901127,,e19717b9-67a5-4ece-b9de-45fa53b5e6da,NIKE,136060,11,NORMAL
DASS SEST714142088808115CM1600272316001142NBR328338520260731-1,OK,DASS SEST,7,141420,1332602,88808,ATAC. M12176 5MM POLIESTER COR 4085 [495a7382-ab0a-44c4-8ae4-a76c07dd7413],115CM,16002723,132,16001142NBR3283385,31/07/2026,14/09/2026,24,21/08/2026,901128,,495a7382-ab0a-44c4-8ae4-a76c07dd7413,NIKE,136060,12,NORMAL
DASS SEST714142088808115CM1600272316001156NBR328339020260731-1,OK,DASS SEST,7,141420,1332602,88808,ATAC. M12176 5MM POLIESTER COR 4085 [86b53bdc-0050-49ee-ad10-237733f91f0c],115CM,16002723,156,16001156NBR3283390,31/07/2026,14/09/2026,24,21/08/2026,901129,,86b53bdc-0050-49ee-ad10-237733f91f0c,NIKE,136060,13,NORMAL
DASS SEST714142088808115CM1600272316001157NBR328339020260731-1,OK,DASS SEST,7,141420,1332602,88808,ATAC. M12176 5MM POLIESTER COR 4085 [acc48f15-1e95-4d7a-9161-7fd29978fa97],115CM,16002723,144,16001157NBR3283390,31/07/2026,14/09/2026,24,21/08/2026,901130,,acc48f15-1e95-4d7a-9161-7fd29978fa97,NIKE,136060,14,NORMAL
DASS SEST714142088808115CM1600272316001158NBR328339020260731-1,OK,DASS SEST,7,141420,1332602,88808,ATAC. M12176 5MM POLIESTER COR 4085 [eafcfbe4-2c0e-4db7-b626-68b807924987],115CM,16002723,174,16001158NBR3283390,31/07/2026,14/09/2026,24,21/08/2026,901131,,eafcfbe4-2c0e-4db7-b626-68b807924987,NIKE,136060,15,NORMAL
DASS SEST714142093661130CM1600272316001129NBR328338020260731-1,OK,DASS SEST,7,141420,1065806,93661,ATAC. MR110029 RECICLADO COR 4662/PET [51b04c8b-d648-4b41-bc1f-c527d2967096],130CM,16002723,468,16001129NBR3283380,31/07/2026,14/09/2026,24,21/08/2026,901132,,51b04c8b-d648-4b41-bc1f-c527d2967096,NIKE,136060,16,NORMAL
DASS SEST714142093661130CM1600272316001130NBR328338020260731-1,OK,DASS SEST,7,141420,1065806,93661,ATAC. MR110029 RECICLADO COR 4662/PET [2f9dd307-7c7c-47da-a82a-585493365fba],130CM,16002723,486,16001130NBR3283380,31/07/2026,14/09/2026,24,21/08/2026,901133,,2f9dd307-7c7c-47da-a82a-585493365fba,NIKE,136060,17,NORMAL
DASS SEST714142093661130CM1600272316001133NBR328338320260731-1,OK,DASS SEST,7,141420,1065806,93661,ATAC. MR110029 RECICLADO COR 4662/PET [fa3809aa-a844-4e07-a7b3-ed0e9fc88111],130CM,16002723,492,16001133NBR3283383,31/07/2026,14/09/2026,24,21/08/2026,901134,,fa3809aa-a844-4e07-a7b3-ed0e9fc88111,NIKE,136060,18,NORMAL
DASS SEST714142093661130CM1600272316001134NBR328338320260731-1,OK,DASS SEST,7,141420,1065806,93661,ATAC. MR110029 RECICLADO COR 4662/PET [35517d53-1afa-4c54-8c52-0fcd3cd1a78e],130CM,16002723,516,16001134NBR3283383,31/07/2026,14/09/2026,24,21/08/2026,901135,,35517d53-1afa-4c54-8c52-0fcd3cd1a78e,NIKE,136060,19,NORMAL
DASS SEST714142093661135CM1600272316001129NBR328338020260731-1,OK,DASS SEST,7,141420,1065806,93661,ATAC. MR110029 RECICLADO COR 4662/PET [ae52ef7c-39d3-4327-8334-40b723b20529],135CM,16002723,470,16001129NBR3283380,31/07/2026,14/09/2026,24,21/08/2026,901136,,ae52ef7c-39d3-4327-8334-40b723b20529,NIKE,136060,20,NORMAL
DASS SEST714142093661135CM1600272316001130NBR328338020260731-1,OK,DASS SEST,7,141420,1065806,93661,ATAC. MR110029 RECICLADO COR 4662/PET [917f0cf8-388a-4b15-8bd7-cb7a174cd55d],135CM,16002723,468,16001130NBR3283380,31/07/2026,14/09/2026,24,21/08/2026,901137,,917f0cf8-388a-4b15-8bd7-cb7a174cd55d,NIKE,136060,21,NORMAL
DASS SEST714142093661135CM1600272316001133NBR328338320260731-1,OK,DASS SEST,7,141420,1065806,93661,ATAC. MR110029 RECICLADO COR 4662/PET [68072388-dd8a-4480-a25f-2fbb6c1745ec],135CM,16002723,488,16001133NBR3283383,31/07/2026,14/09/2026,24,21/08/2026,901138,,68072388-dd8a-4480-a25f-2fbb6c1745ec,NIKE,136060,22,NORMAL
DASS SEST714142093661135CM1600272316001134NBR328338320260731-1,OK,DASS SEST,7,141420,1065806,93661,ATAC. MR110029 RECICLADO COR 4662/PET [be332037-8323-4ba3-a2f9-eb07c8376dab],135CM,16002723,468,16001134NBR3283383,31/07/2026,14/09/2026,24,21/08/2026,901139,,be332037-8323-4ba3-a2f9-eb07c8376dab,NIKE,136060,23,NORMAL
DASS SEST7141557713768MM1601213020260804-1,OK,DASS SEST,7,141557,112354,71376,FITA MFGP C/ GOMA POLIESTER COR 102 [50efaaa8-8c33-4156-b9f7-7e5c16a441f9],8MM,16012130,160,0,04/08/2026,14/09/2026,24,21/08/2026,901140,,50efaaa8-8c33-4156-b9f7-7e5c16a441f9,FILA,136189,1,NORMAL
DASS SEST7141557781878MM1601213020260804-1,OK,DASS SEST,7,141557,1146621,78187,FITA MFGP C/ GOMA POLIESTER COR 053 [93848f34-67bb-4163-a212-457b1c95112a],8MM,16012130,470,0,04/08/2026,14/09/2026,24,21/08/2026,901141,,93848f34-67bb-4163-a212-457b1c95112a,FILA,136189,2,NORMAL
DASS SEST71415579296316MM1601213020260804-1,OK,DASS SEST,7,141557,1353470,92963,FITA M31119 C/ GOMA POLIESTER COR 102 / COR 100 / COR 100 [e7ce58a2-54f1-4518-92d9-fb9b7cd3ddef],16MM,16012130,190,0,04/08/2026,14/09/2026,24,21/08/2026,901142,,e7ce58a2-54f1-4518-92d9-fb9b7cd3ddef,FILA,136189,3,NORMAL
DASS SEST71415579517616MM1601213020260804-1,OK,DASS SEST,7,141557,1320199,95176,FITA M31119 C/ GOMA POLIESTER COR 053 / COR 114 / COR 114 [f8b420c3-5178-4a5f-89a5-b5820ccca861],16MM,16012130,490,0,04/08/2026,14/09/2026,24,21/08/2026,901143,,f8b420c3-5178-4a5f-89a5-b5820ccca861,FILA,136189,4,NORMAL
DASS SEST714191693661135CM1604646516045942NBR328346220260814-1,OK,DASS SEST,7,141916,1065806,93661,ATAC. MR110029 RECICLADO COR 4662/PET [972578af-425f-4919-913d-99df5d78d3b1],135CM,16046465,824,16045942NBR3283462,14/08/2026,14/09/2026,24,21/08/2026,901144,,972578af-425f-4919-913d-99df5d78d3b1,NIKE,136592,1,NORMAL
DASS SEST714191693661135CM1604646516045943NBR328346220260814-1,OK,DASS SEST,7,141916,1065806,93661,ATAC. MR110029 RECICLADO COR 4662/PET [53a8919a-3659-467a-ad4e-8ba57269f6f8],135CM,16046465,792,16045943NBR3283462,14/08/2026,14/09/2026,24,21/08/2026,901145,,53a8919a-3659-467a-ad4e-8ba57269f6f8,NIKE,136592,2,NORMAL
DASS SEST714191693661135CM1604646516045944NBR328346320260814-1,OK,DASS SEST,7,141916,1065806,93661,ATAC. MR110029 RECICLADO COR 4662/PET [bf7f2288-ba36-40ed-a842-53e6524b2007],135CM,16046465,824,16045944NBR3283463,14/08/2026,14/09/2026,24,21/08/2026,901146,,bf7f2288-ba36-40ed-a842-53e6524b2007,NIKE,136592,3,NORMAL
DASS SEST714191693661135CM1604646516045945NBR328346320260814-1,OK,DASS SEST,7,141916,1065806,93661,ATAC. MR110029 RECICLADO COR 4662/PET [e3ca187c-ae24-4713-8ed5-13f8c3ad726a],135CM,16046465,804,16045945NBR3283463,14/08/2026,14/09/2026,24,21/08/2026,901147,,e3ca187c-ae24-4713-8ed5-13f8c3ad726a,NIKE,136592,4,NORMAL
DASS SEST714191693661140CM1604646516045942NBR328346220260814-1,OK,DASS SEST,7,141916,1065806,93661,ATAC. MR110029 RECICLADO COR 4662/PET [213fbccb-2088-4c0b-b9ae-2ac95a9e51bb],140CM,16046465,90,16045942NBR3283462,14/08/2026,14/09/2026,24,21/08/2026,901148,,213fbccb-2088-4c0b-b9ae-2ac95a9e51bb,NIKE,136592,5,NORMAL
DASS SEST714191693661140CM1604646516045943NBR328346220260814-1,OK,DASS SEST,7,141916,1065806,93661,ATAC. MR110029 RECICLADO COR 4662/PET [17c42e03-c938-459d-9060-4b7723418a93],140CM,16046465,84,16045943NBR3283462,14/08/2026,14/09/2026,24,21/08/2026,901149,,17c42e03-c938-459d-9060-4b7723418a93,NIKE,136592,6,NORMAL
DASS SEST714191693661140CM1604646516045944NBR328346320260814-1,OK,DASS SEST,7,141916,1065806,93661,ATAC. MR110029 RECICLADO COR 4662/PET [81423f06-7856-4801-843d-749e737873b1],140CM,16046465,90,16045944NBR3283463,14/08/2026,14/09/2026,24,21/08/2026,901150,,81423f06-7856-4801-843d-749e737873b1,NIKE,136592,7,NORMAL
DASS SEST714191693661140CM1604646516045945NBR328346320260814-1,OK,DASS SEST,7,141916,1065806,93661,ATAC. MR110029 RECICLADO COR 4662/PET [309a78e5-1439-4bad-8264-2b0c1e75abd5],140CM,16046465,90,16045945NBR3283463,14/08/2026,14/09/2026,24,21/08/2026,901151,,309a78e5-1439-4bad-8264-2b0c1e75abd5,NIKE,136592,8,NORMAL
DASS SEST714191693696135CM1604646516045935NBR328346420260814-1,OK,DASS SEST,7,141916,1069210,93696,ATAC. MR110029 RECICLADO COR 4085/PET [0ab81520-7196-4bff-b9cd-1dda42e67024],135CM,16046465,758,16045935NBR3283464,14/08/2026,14/09/2026,24,21/08/2026,901152,,0ab81520-7196-4bff-b9cd-1dda42e67024,NIKE,136592,9,NORMAL
DASS SEST714191693696135CM1604646516045936NBR328346420260814-1,OK,DASS SEST,7,141916,1069210,93696,ATAC. MR110029 RECICLADO COR 4085/PET [5bc2950b-8b74-4a80-be6e-7346c3777e2b],135CM,16046465,780,16045936NBR3283464,14/08/2026,14/09/2026,24,21/08/2026,901153,,5bc2950b-8b74-4a80-be6e-7346c3777e2b,NIKE,136592,10,NORMAL
DASS SEST714191693696140CM1604646516045935NBR328346420260814-1,OK,DASS SEST,7,141916,1069210,93696,ATAC. MR110029 RECICLADO COR 4085/PET [669a8928-832d-446c-9564-9995b73efde1],140CM,16046465,78,16045935NBR3283464,14/08/2026,14/09/2026,24,21/08/2026,901154,,669a8928-832d-446c-9564-9995b73efde1,NIKE,136592,11,NORMAL
DASS SEST714191693696140CM1604646516045936NBR328346420260814-1,OK,DASS SEST,7,141916,1069210,93696,ATAC. MR110029 RECICLADO COR 4085/PET [8f4d23e0-d613-4156-9fa6-6ecc7695c7b8],140CM,16046465,78,16045936NBR3283464,14/08/2026,14/09/2026,24,21/08/2026,901155,,8f4d23e0-d613-4156-9fa6-6ecc7695c7b8,NIKE,136592,12,NORMAL
DASS SEST71419177423610MM1604673720260814-1,OK,DASS SEST,7,141917,1065276,74236,FITA MR100001 C/ GOMA RECICLADO COR 4662/PET [853e55ae-4939-4951-b0fd-7c6e626c1cdb],10MM,16046737,130,0,14/08/2026,14/09/2026,24,21/08/2026,901156,,853e55ae-4939-4951-b0fd-7c6e626c1cdb,NIKE,136593,1,NORMAL
DASS SEST71419177423710MM1604673720260814-1,OK,DASS SEST,7,141917,1065278,74237,FITA MR100001 C/ GOMA RECICLADO COR 4085/PET [0c7b17a0-7f50-47f5-9adb-089494010b4e],10MM,16046737,240,0,14/08/2026,14/09/2026,24,21/08/2026,901157,,0c7b17a0-7f50-47f5-9adb-089494010b4e,NIKE,136593,2,NORMAL
DASS ITABERABA701405499089190CM1589747315890455ARG20202320260706-1,OK,DASS ITABERABA,70,140549,1321091,90891,ATAC. M13725 6MM POLIESTER COR 5703 [04abf12c-99f7-4338-b404-25d1abf2a666],90CM,15897473,504,15890455ARG202023,06/07/2026,14/09/2026,24,21/08/2026,901158,,04abf12c-99f7-4338-b404-25d1abf2a666,FILA,135235,1,
DASS ITABERABA7014054990891100CM1589747315890455ARG20202320260706-1,OK,DASS ITABERABA,70,140549,1321091,90891,ATAC. M13725 6MM POLIESTER COR 5703 [93640561-e3fa-4d6f-8128-a57b4c73a52f],100CM,15897473,648,15890455ARG202023,06/07/2026,14/09/2026,24,21/08/2026,901159,,93640561-e3fa-4d6f-8128-a57b4c73a52f,FILA,135235,2,
DASS ITABERABA7014150875595100CM1600366315997274BRITB0055220260803-1,OK,DASS ITABERABA,70,141508,1175396,75595,ATAC. M13725 6MM POLIESTER COR 100 [706d9162-ab50-402c-ade2-3a7dc2ab851b],100CM,16003663,312,15997274BRITB00552,03/08/2026,14/09/2026,24,21/08/2026,901160,,706d9162-ab50-402c-ade2-3a7dc2ab851b,FILA,136145,1,NORMAL
DASS ITABERABA7014150875595100CM1600366315997275BRITB0055220260803-1,OK,DASS ITABERABA,70,141508,1175396,75595,ATAC. M13725 6MM POLIESTER COR 100 [ae254325-794e-40bc-9bc5-669585d71154],100CM,16003663,312,15997275BRITB00552,03/08/2026,14/09/2026,24,21/08/2026,901161,,ae254325-794e-40bc-9bc5-669585d71154,FILA,136145,2,NORMAL
DASS ITABERABA7014150875595100CM1600366315997276BRITB0055320260803-1,OK,DASS ITABERABA,70,141508,1175396,75595,ATAC. M13725 6MM POLIESTER COR 100 [fe1d4e3a-fb74-4022-a8f0-feafacc7408a],100CM,16003663,408,15997276BRITB00553,03/08/2026,14/09/2026,24,21/08/2026,901162,,fe1d4e3a-fb74-4022-a8f0-feafacc7408a,FILA,136145,3,NORMAL
DASS ITABERABA7014150875595110CM1600366315997274BRITB0055220260803-1,OK,DASS ITABERABA,70,141508,1175396,75595,ATAC. M13725 6MM POLIESTER COR 100 [302b650b-1110-49cb-93bb-f4254541961c],110CM,16003663,324,15997274BRITB00552,03/08/2026,14/09/2026,24,21/08/2026,901163,,302b650b-1110-49cb-93bb-f4254541961c,FILA,136145,4,NORMAL
DASS ITABERABA7014150875595110CM1600366315997275BRITB0055220260803-1,OK,DASS ITABERABA,70,141508,1175396,75595,ATAC. M13725 6MM POLIESTER COR 100 [9b5c3b20-b6d7-4f02-984c-2c55485938e4],110CM,16003663,336,15997275BRITB00552,03/08/2026,14/09/2026,24,21/08/2026,901164,,9b5c3b20-b6d7-4f02-984c-2c55485938e4,FILA,136145,5,NORMAL
DASS ITABERABA7014150875595110CM1600366315997276BRITB0055320260803-1,OK,DASS ITABERABA,70,141508,1175396,75595,ATAC. M13725 6MM POLIESTER COR 100 [57d109aa-50bd-4d2e-9a09-b6d6b1a2f66a],110CM,16003663,372,15997276BRITB00553,03/08/2026,14/09/2026,24,21/08/2026,901165,,57d109aa-50bd-4d2e-9a09-b6d6b1a2f66a,FILA,136145,6,NORMAL
DASS ITABERABA7014150876524100CM1600366315997278BRITB0055320260803-1,OK,DASS ITABERABA,70,141508,816378,76524,ATAC. M13725 6MM POLIESTER COR 263 [a113ab56-21d3-4452-979a-6658c6359a0a],100CM,16003663,336,15997278BRITB00553,03/08/2026,14/09/2026,24,21/08/2026,901166,,a113ab56-21d3-4452-979a-6658c6359a0a,FILA,136145,7,NORMAL
DASS ITABERABA7014150876524100CM1600366315997279BRITB0055320260803-1,OK,DASS ITABERABA,70,141508,816378,76524,ATAC. M13725 6MM POLIESTER COR 263 [8a8ff98f-ea2c-41ba-a2cc-ad19a75e5f7d],100CM,16003663,348,15997279BRITB00553,03/08/2026,14/09/2026,24,21/08/2026,901167,,8a8ff98f-ea2c-41ba-a2cc-ad19a75e5f7d,FILA,136145,8,NORMAL
DASS ITABERABA7014150876524110CM1600366315997278BRITB0055320260803-1,OK,DASS ITABERABA,70,141508,816378,76524,ATAC. M13725 6MM POLIESTER COR 263 [dd1e868e-de81-485e-a45e-809a4053d918],110CM,16003663,396,15997278BRITB00553,03/08/2026,14/09/2026,24,21/08/2026,901168,,dd1e868e-de81-485e-a45e-809a4053d918,FILA,136145,9,NORMAL
DASS ITABERABA7014150876524110CM1600366315997279BRITB0055320260803-1,OK,DASS ITABERABA,70,141508,816378,76524,ATAC. M13725 6MM POLIESTER COR 263 [c1ae7105-6ac1-466d-adaa-c7d7edd73faa],110CM,16003663,420,15997279BRITB00553,03/08/2026,14/09/2026,24,21/08/2026,901169,,c1ae7105-6ac1-466d-adaa-c7d7edd73faa,FILA,136145,10,NORMAL
DASS ITABERABA701415089089190CM1600366315997277BRITB0055320260803-1,OK,DASS ITABERABA,70,141508,1321091,90891,ATAC. M13725 6MM POLIESTER COR 5703 [7fbe726f-ea71-4a04-b854-71284b3a6dff],90CM,16003663,480,15997277BRITB00553,03/08/2026,14/09/2026,24,21/08/2026,901170,,7fbe726f-ea71-4a04-b854-71284b3a6dff,FILA,136145,11,NORMAL
DASS ITABERABA7014150890891100CM1600366315997273BRITB0055220260803-1,OK,DASS ITABERABA,70,141508,1321091,90891,ATAC. M13725 6MM POLIESTER COR 5703 [155f32ed-ea37-45fb-a5b3-1622306c9d90],100CM,16003663,384,15997273BRITB00552,03/08/2026,14/09/2026,24,21/08/2026,901171,,155f32ed-ea37-45fb-a5b3-1622306c9d90,FILA,136145,12,NORMAL
DASS ITABERABA7014150890891100CM1600366315997277BRITB0055320260803-1,OK,DASS ITABERABA,70,141508,1321091,90891,ATAC. M13725 6MM POLIESTER COR 5703 [5c04d5e9-d55f-4432-9323-f156865c4f11],100CM,16003663,660,15997277BRITB00553,03/08/2026,14/09/2026,24,21/08/2026,901172,,5c04d5e9-d55f-4432-9323-f156865c4f11,FILA,136145,13,NORMAL
DASS ITABERABA7014150890891110CM1600366315997273BRITB0055220260803-1,OK,DASS ITABERABA,70,141508,1321091,90891,ATAC. M13725 6MM POLIESTER COR 5703 [94387dff-6486-49ec-a1ae-12faf53ac404],110CM,16003663,492,15997273BRITB00552,03/08/2026,14/09/2026,24,21/08/2026,901173,,94387dff-6486-49ec-a1ae-12faf53ac404,FILA,136145,14,NORMAL
DASS ITABERABA701415089498290CM1600366315997281BRITB0055420260803-1,OK,DASS ITABERABA,70,141508,1404465,94982,ATAC. M13725 6MM POLIESTER COR 6002 [1ef3b117-809e-4734-aed7-86394d93e1f0],90CM,16003663,492,15997281BRITB00554,03/08/2026,14/09/2026,24,21/08/2026,901174,,1ef3b117-809e-4734-aed7-86394d93e1f0,FILA,136145,15,NORMAL
DASS ITABERABA701415089498290CM1600366315997282BRITB0055420260803-1,OK,DASS ITABERABA,70,141508,1404465,94982,ATAC. M13725 6MM POLIESTER COR 6002 [db0b85b0-6eb3-4b29-b987-fce03ddc93f5],90CM,16003663,360,15997282BRITB00554,03/08/2026,14/09/2026,24,21/08/2026,901175,,db0b85b0-6eb3-4b29-b987-fce03ddc93f5,FILA,136145,16,NORMAL
DASS ITABERABA7014150894982100CM1600366315997281BRITB0055420260803-1,OK,DASS ITABERABA,70,141508,1404465,94982,ATAC. M13725 6MM POLIESTER COR 6002 [6e423255-bba6-4d66-857e-9228a50f8585],100CM,16003663,624,15997281BRITB00554,03/08/2026,14/09/2026,24,21/08/2026,901176,,6e423255-bba6-4d66-857e-9228a50f8585,FILA,136145,17,NORMAL
DASS ITABERABA7014150894982100CM1600366315997282BRITB0055420260803-1,OK,DASS ITABERABA,70,141508,1404465,94982,ATAC. M13725 6MM POLIESTER COR 6002 [34ce004e-849f-40a2-a6f7-907418a8a8b0],100CM,16003663,552,15997282BRITB00554,03/08/2026,14/09/2026,24,21/08/2026,901177,,34ce004e-849f-40a2-a6f7-907418a8a8b0,FILA,136145,18,NORMAL
DASS ITABERABA7014151973236115CM1600756615997284FIL00154220260803-1,OK,DASS ITABERABA,70,141519,1173570,73236,ATAC. M6034 8MM ALPINA COR 2000 [bb734b1e-6199-4e6f-982f-2b761ef98cd3],115CM,16007566,300,15997284FIL001542,03/08/2026,14/09/2026,24,21/08/2026,901178,,bb734b1e-6199-4e6f-982f-2b761ef98cd3,FILA,136154,1,NORMAL
DASS ITABERABA7014151973236115CM1600756615997289FIL00154420260803-1,OK,DASS ITABERABA,70,141519,1173570,73236,ATAC. M6034 8MM ALPINA COR 2000 [714d0cc4-03ae-477a-886d-25970fc0b128],115CM,16007566,300,15997289FIL001544,03/08/2026,14/09/2026,24,21/08/2026,901179,,714d0cc4-03ae-477a-886d-25970fc0b128,FILA,136154,2,NORMAL
DASS ITABERABA7014151973236125CM1600756615997283FIL00153620260803-1,OK,DASS ITABERABA,70,141519,1173570,73236,ATAC. M6034 8MM ALPINA COR 2000 [241ddb02-c7da-4dd2-ab2b-95ec229c538d],125CM,16007566,624,15997283FIL001536,03/08/2026,14/09/2026,24,21/08/2026,901180,,241ddb02-c7da-4dd2-ab2b-95ec229c538d,FILA,136154,3,NORMAL
DASS ITABERABA7014151973236125CM1600756615997285FIL00153820260803-1,OK,DASS ITABERABA,70,141519,1173570,73236,ATAC. M6034 8MM ALPINA COR 2000 [a0e3d982-cb39-4d51-a3b7-9efa56d1bd01],125CM,16007566,336,15997285FIL001538,03/08/2026,14/09/2026,24,21/08/2026,901181,,a0e3d982-cb39-4d51-a3b7-9efa56d1bd01,FILA,136154,4,NORMAL
DASS ITABERABA7014151973236125CM1600756615997284FIL00154220260803-1,OK,DASS ITABERABA,70,141519,1173570,73236,ATAC. M6034 8MM ALPINA COR 2000 [50275a65-6585-4070-a6e6-1d80caf1b5e6],125CM,16007566,348,15997284FIL001542,03/08/2026,14/09/2026,24,21/08/2026,901182,,50275a65-6585-4070-a6e6-1d80caf1b5e6,FILA,136154,5,NORMAL
DASS ITABERABA7014151973236125CM1600756615997289FIL00154420260803-1,OK,DASS ITABERABA,70,141519,1173570,73236,ATAC. M6034 8MM ALPINA COR 2000 [f81d83a5-5ba1-4093-be1d-7902832eccc0],125CM,16007566,348,15997289FIL001544,03/08/2026,14/09/2026,24,21/08/2026,901183,,f81d83a5-5ba1-4093-be1d-7902832eccc0,FILA,136154,6,NORMAL
DASS ITABERABA7014151973236135CM1600756615997283FIL00153620260803-1,OK,DASS ITABERABA,70,141519,1173570,73236,ATAC. M6034 8MM ALPINA COR 2000 [6b5f010b-92fe-476c-a6c1-140b1f4e4713],135CM,16007566,312,15997283FIL001536,03/08/2026,14/09/2026,24,21/08/2026,901184,,6b5f010b-92fe-476c-a6c1-140b1f4e4713,FILA,136154,7,NORMAL
DASS ITABERABA7014151973236135CM1600756615997285FIL00153820260803-1,OK,DASS ITABERABA,70,141519,1173570,73236,ATAC. M6034 8MM ALPINA COR 2000 [7307c186-570a-4269-8c46-53c55bac286b],135CM,16007566,216,15997285FIL001538,03/08/2026,14/09/2026,24,21/08/2026,901185,,7307c186-570a-4269-8c46-53c55bac286b,FILA,136154,8,NORMAL
DASS ITABERABA7014151973237115CM1600756615997290FIL00154520260803-1,OK,DASS ITABERABA,70,141519,1211117,73237,ATAC. M6034 8MM ALPINA COR 2001 [c6b0d1d9-2259-4aff-ac13-ccb44b77093b],115CM,16007566,180,15997290FIL001545,03/08/2026,14/09/2026,24,21/08/2026,901186,,c6b0d1d9-2259-4aff-ac13-ccb44b77093b,FILA,136154,9,NORMAL
DASS ITABERABA7014151973237125CM1600756615997287FIL00153920260803-1,OK,DASS ITABERABA,70,141519,1211117,73237,ATAC. M6034 8MM ALPINA COR 2001 [1a10bf04-c7c5-4316-bcd9-c22d2a8371f5],125CM,16007566,408,15997287FIL001539,03/08/2026,14/09/2026,24,21/08/2026,901187,,1a10bf04-c7c5-4316-bcd9-c22d2a8371f5,FILA,136154,10,NORMAL
DASS ITABERABA7014151973237125CM1600756615997290FIL00154520260803-1,OK,DASS ITABERABA,70,141519,1211117,73237,ATAC. M6034 8MM ALPINA COR 2001 [b4dced7a-8119-4bfb-93d0-5cc76ac0ce1e],125CM,16007566,240,15997290FIL001545,03/08/2026,14/09/2026,24,21/08/2026,901188,,b4dced7a-8119-4bfb-93d0-5cc76ac0ce1e,FILA,136154,11,NORMAL
DASS ITABERABA7014151973237135CM1600756615997287FIL00153920260803-1,OK,DASS ITABERABA,70,141519,1211117,73237,ATAC. M6034 8MM ALPINA COR 2001 [61558b44-92fa-4521-9cd3-a2a46ab64448],135CM,16007566,240,15997287FIL001539,03/08/2026,14/09/2026,24,21/08/2026,901189,,61558b44-92fa-4521-9cd3-a2a46ab64448,FILA,136154,12,NORMAL
DASS ITABERABA7014151996313115CM1600756615997291FIL00154720260803-1,OK,DASS ITABERABA,70,141519,1421372,96313,ATAC. M6034C 8MM ALPINA COR 2472 [4a1812e2-e122-4c39-9585-df4ab32b4123],115CM,16007566,216,15997291FIL001547,03/08/2026,14/09/2026,24,21/08/2026,901190,,4a1812e2-e122-4c39-9585-df4ab32b4123,FILA,136154,13,NORMAL
DASS ITABERABA7014151996313125CM1600756615997288FIL00154120260803-1,OK,DASS ITABERABA,70,141519,1421372,96313,ATAC. M6034C 8MM ALPINA COR 2472 [17dccd42-fd91-4627-abd3-6b5a4c48bb2d],125CM,16007566,264,15997288FIL001541,03/08/2026,14/09/2026,24,21/08/2026,901191,,17dccd42-fd91-4627-abd3-6b5a4c48bb2d,FILA,136154,14,NORMAL
DASS ITABERABA7014151996313125CM1600756615997291FIL00154720260803-1,OK,DASS ITABERABA,70,141519,1421372,96313,ATAC. M6034C 8MM ALPINA COR 2472 [f84b1b3c-c466-4bf3-91af-42000250ac28],125CM,16007566,264,15997291FIL001547,03/08/2026,14/09/2026,24,21/08/2026,901192,,f84b1b3c-c466-4bf3-91af-42000250ac28,FILA,136154,15,NORMAL
DASS ITABERABA7014151996313135CM1600756615997288FIL00154120260803-1,OK,DASS ITABERABA,70,141519,1421372,96313,ATAC. M6034C 8MM ALPINA COR 2472 [5e8212fb-663a-42ef-9c30-6097e95bfc84],135CM,16007566,180,15997288FIL001541,03/08/2026,14/09/2026,24,21/08/2026,901193,,5e8212fb-663a-42ef-9c30-6097e95bfc84,FILA,136154,16,NORMAL
DASS ITABERABA701416087016415MM1601516620260805-1,OK,DASS ITABERABA,70,141608,783896,70164,FITA MFGP C/ GOMA POLIESTER COR 100 [46d90245-3aa5-4a5f-804a-6ff673dc85d4],15MM,16015166,770,0,05/08/2026,14/09/2026,24,21/08/2026,901194,,46d90245-3aa5-4a5f-804a-6ff673dc85d4,FILA,136241,1,NORMAL
DASS ITABERABA701416087358915MM1601516620260805-1,OK,DASS ITABERABA,70,141608,975119,73589,FITA MFGP C/ GOMA POLIESTER COR 263 [5ed793a2-7437-4314-b596-d13cce165375],15MM,16015166,280,0,05/08/2026,14/09/2026,24,21/08/2026,901195,,5ed793a2-7437-4314-b596-d13cce165375,FILA,136241,2,NORMAL
DASS ITABERABA701416088794616MM1601516620260805-1,OK,DASS ITABERABA,70,141608,1316829,87946,FITA M31119 C/ GOMA POLIESTER COR 100/ COR 5535/ COR 102 [fd6faffd-d404-4e54-923d-9154b435c31b],16MM,16015166,240,0,05/08/2026,14/09/2026,24,21/08/2026,901196,,fd6faffd-d404-4e54-923d-9154b435c31b,FILA,136241,3,NORMAL
DASS ITABERABA701416089257416MM1601516620260805-1,OK,DASS ITABERABA,70,141608,1358112,92574,FITA M31119 C/ GOMA POLIESTER COR 057 / COR 102 / COR 102 [24edf7db-ea28-4319-98f3-65750628451a],16MM,16015166,90,0,05/08/2026,14/09/2026,24,21/08/2026,901197,,24edf7db-ea28-4319-98f3-65750628451a,FILA,136241,4,NORMAL
DASS ITABERABA701416089538216MM1601516620260805-1,OK,DASS ITABERABA,70,141608,1403058,95382,FITA M31119 C/ GOMA POLIESTER COR 788 / COR 5768 / COR 5768 [12c07de1-78c8-4ef9-9471-1ca5a10a7bc2],16MM,16015166,90,0,05/08/2026,14/09/2026,24,21/08/2026,901198,,12c07de1-78c8-4ef9-9471-1ca5a10a7bc2,FILA,136241,5,NORMAL
DASS ITABERABA701416089538316MM1601516620260805-1,OK,DASS ITABERABA,70,141608,1417771,95383,FITA M31119 C/ GOMA POLIESTER COR 5855 / COR 5768 / COR 5768 [70b4bea5-34c6-4e45-80de-85fc372b8827],16MM,16015166,250,0,05/08/2026,14/09/2026,24,21/08/2026,901199,,70b4bea5-34c6-4e45-80de-85fc372b8827,FILA,136241,6,NORMAL
DASS ITABERABA701416089538416MM1601516620260805-1,OK,DASS ITABERABA,70,141608,1411433,95384,FITA M31119 C/ GOMA POLIESTER COR 6008 / COR 102 / COR 102 [23468d3a-3da3-4b98-8104-7eed9fe42153],16MM,16015166,140,0,05/08/2026,14/09/2026,24,21/08/2026,901200,,23468d3a-3da3-4b98-8104-7eed9fe42153,FILA,136241,7,NORMAL
DASS SANTO ANTONIO152614133673756115CM1598597915984460BRSA00190220260730-1,OK,DASS SANTO ANTONIO,1526,141336,1260166,73756,ATAC. M10110 5MM POLIESTER COR 100 / COR 263 [42fdea82-a8e9-49e6-b4fe-409e4d21ce2b],115CM,15985979,576,15984460BRSA001902,30/07/2026,14/09/2026,24,21/08/2026,901201,,42fdea82-a8e9-49e6-b4fe-409e4d21ce2b,FILA,135987,1,NORMAL
DASS SANTO ANTONIO152614133673756115CM1598597915984461BRSA00190220260730-1,OK,DASS SANTO ANTONIO,1526,141336,1260166,73756,ATAC. M10110 5MM POLIESTER COR 100 / COR 263 [67f55684-43ae-4831-a64d-7407e095716d],115CM,15985979,612,15984461BRSA001902,30/07/2026,14/09/2026,24,21/08/2026,901202,,67f55684-43ae-4831-a64d-7407e095716d,FILA,135987,2,NORMAL
DASS SANTO ANTONIO152614133673756115CM1598597915984462BRSA00190320260730-1,OK,DASS SANTO ANTONIO,1526,141336,1260166,73756,ATAC. M10110 5MM POLIESTER COR 100 / COR 263 [bfeae4e3-fdb9-42c9-a5fa-bb315da5349f],115CM,15985979,516,15984462BRSA001903,30/07/2026,14/09/2026,24,21/08/2026,901203,,bfeae4e3-fdb9-42c9-a5fa-bb315da5349f,FILA,135987,3,NORMAL
DASS SANTO ANTONIO152614133673756115CM1598597915984463BRSA00190320260730-1,OK,DASS SANTO ANTONIO,1526,141336,1260166,73756,ATAC. M10110 5MM POLIESTER COR 100 / COR 263 [e153270f-e12a-4f8e-80a7-790dc6d67226],115CM,15985979,540,15984463BRSA001903,30/07/2026,14/09/2026,24,21/08/2026,901204,,e153270f-e12a-4f8e-80a7-790dc6d67226,FILA,135987,4,NORMAL
DASS SANTO ANTONIO152614133673756115CM1598597915984464BRSA00190420260730-1,OK,DASS SANTO ANTONIO,1526,141336,1260166,73756,ATAC. M10110 5MM POLIESTER COR 100 / COR 263 [adf909fa-c97e-4c37-ae92-4fc96b38b230],115CM,15985979,648,15984464BRSA001904,30/07/2026,14/09/2026,24,21/08/2026,901205,,adf909fa-c97e-4c37-ae92-4fc96b38b230,FILA,135987,5,NORMAL
DASS SANTO ANTONIO152614133673756125CM1598597915984460BRSA00190220260730-1,OK,DASS SANTO ANTONIO,1526,141336,1260166,73756,ATAC. M10110 5MM POLIESTER COR 100 / COR 263 [0d7a6632-22a0-41ea-910e-8756e643765b],125CM,15985979,312,15984460BRSA001902,30/07/2026,14/09/2026,24,21/08/2026,901206,,0d7a6632-22a0-41ea-910e-8756e643765b,FILA,135987,6,NORMAL
DASS SANTO ANTONIO152614133673756125CM1598597915984461BRSA00190220260730-1,OK,DASS SANTO ANTONIO,1526,141336,1260166,73756,ATAC. M10110 5MM POLIESTER COR 100 / COR 263 [8c99f660-bfcf-4554-84a5-c0b9570e14bc],125CM,15985979,348,15984461BRSA001902,30/07/2026,14/09/2026,24,21/08/2026,901207,,8c99f660-bfcf-4554-84a5-c0b9570e14bc,FILA,135987,7,NORMAL
DASS SANTO ANTONIO152614133673756125CM1598597915984462BRSA00190320260730-1,OK,DASS SANTO ANTONIO,1526,141336,1260166,73756,ATAC. M10110 5MM POLIESTER COR 100 / COR 263 [971a9ccc-bf46-4a6d-9e1b-9c77becb25c8],125CM,15985979,216,15984462BRSA001903,30/07/2026,14/09/2026,24,21/08/2026,901208,,971a9ccc-bf46-4a6d-9e1b-9c77becb25c8,FILA,135987,8,NORMAL
DASS SANTO ANTONIO152614133673756125CM1598597915984463BRSA00190320260730-1,OK,DASS SANTO ANTONIO,1526,141336,1260166,73756,ATAC. M10110 5MM POLIESTER COR 100 / COR 263 [a96179eb-96ea-4639-8632-ac0ef4e09fba],125CM,15985979,240,15984463BRSA001903,30/07/2026,14/09/2026,24,21/08/2026,901209,,a96179eb-96ea-4639-8632-ac0ef4e09fba,FILA,135987,9,NORMAL
DASS SANTO ANTONIO152614133673756125CM1598597915984464BRSA00190420260730-1,OK,DASS SANTO ANTONIO,1526,141336,1260166,73756,ATAC. M10110 5MM POLIESTER COR 100 / COR 263 [cd6523bb-09e4-4544-bcc6-89f6846dbf0d],125CM,15985979,360,15984464BRSA001904,30/07/2026,14/09/2026,24,21/08/2026,901210,,cd6523bb-09e4-4544-bcc6-89f6846dbf0d,FILA,135987,10,NORMAL
DASS SANTO ANTONIO152614133687843105CM1598597915984475BRSA00190920260730-1,OK,DASS SANTO ANTONIO,1526,141336,1294817,87843,ATAC. M10110 5MM POLIESTER COR 599 / COR 114 [2c110c58-8b9a-449d-aeb2-a48c274a3fdc],105CM,15985979,348,15984475BRSA001909,30/07/2026,14/09/2026,24,21/08/2026,901211,,2c110c58-8b9a-449d-aeb2-a48c274a3fdc,FILA,135987,11,NORMAL
DASS SANTO ANTONIO152614133687843105CM1598597915984476BRSA00190920260730-1,OK,DASS SANTO ANTONIO,1526,141336,1294817,87843,ATAC. M10110 5MM POLIESTER COR 599 / COR 114 [ab41399c-d7f2-41ad-83d8-b819ac3321ef],105CM,15985979,348,15984476BRSA001909,30/07/2026,14/09/2026,24,21/08/2026,901212,,ab41399c-d7f2-41ad-83d8-b819ac3321ef,FILA,135987,12,NORMAL
DASS SANTO ANTONIO152614133687843105CM1598597915984477BRSA00191020260730-1,OK,DASS SANTO ANTONIO,1526,141336,1294817,87843,ATAC. M10110 5MM POLIESTER COR 599 / COR 114 [61daa18f-3d7b-494f-968a-147f84550f8d],105CM,15985979,264,15984477BRSA001910,30/07/2026,14/09/2026,24,21/08/2026,901213,,61daa18f-3d7b-494f-968a-147f84550f8d,FILA,135987,13,NORMAL
DASS SANTO ANTONIO152614133687843105CM1598597915984478BRSA00191020260730-1,OK,DASS SANTO ANTONIO,1526,141336,1294817,87843,ATAC. M10110 5MM POLIESTER COR 599 / COR 114 [1d92a468-a05e-498f-9a5e-e133970d8619],105CM,15985979,264,15984478BRSA001910,30/07/2026,14/09/2026,24,21/08/2026,901214,,1d92a468-a05e-498f-9a5e-e133970d8619,FILA,135987,14,NORMAL
DASS SANTO ANTONIO152614133687843115CM1598597915984475BRSA00190920260730-1,OK,DASS SANTO ANTONIO,1526,141336,1294817,87843,ATAC. M10110 5MM POLIESTER COR 599 / COR 114 [68ff5f52-4d9b-4859-8b80-28070940bc65],115CM,15985979,468,15984475BRSA001909,30/07/2026,14/09/2026,24,21/08/2026,901215,,68ff5f52-4d9b-4859-8b80-28070940bc65,FILA,135987,15,NORMAL
DASS SANTO ANTONIO152614133687843115CM1598597915984476BRSA00190920260730-1,OK,DASS SANTO ANTONIO,1526,141336,1294817,87843,ATAC. M10110 5MM POLIESTER COR 599 / COR 114 [09bd754d-f73b-410d-a82f-974fabd32abb],115CM,15985979,516,15984476BRSA001909,30/07/2026,14/09/2026,24,21/08/2026,901216,,09bd754d-f73b-410d-a82f-974fabd32abb,FILA,135987,16,NORMAL
DASS SANTO ANTONIO152614133687843115CM1598597915984477BRSA00191020260730-1,OK,DASS SANTO ANTONIO,1526,141336,1294817,87843,ATAC. M10110 5MM POLIESTER COR 599 / COR 114 [6684c541-be20-438d-bd2a-f2edd6d186aa],115CM,15985979,408,15984477BRSA001910,30/07/2026,14/09/2026,24,21/08/2026,901217,,6684c541-be20-438d-bd2a-f2edd6d186aa,FILA,135987,17,NORMAL
DASS SANTO ANTONIO152614133687843115CM1598597915984478BRSA00191020260730-1,OK,DASS SANTO ANTONIO,1526,141336,1294817,87843,ATAC. M10110 5MM POLIESTER COR 599 / COR 114 [ae55ebd6-3c76-4d18-a59c-0b90e4db127a],115CM,15985979,420,15984478BRSA001910,30/07/2026,14/09/2026,24,21/08/2026,901218,,ae55ebd6-3c76-4d18-a59c-0b90e4db127a,FILA,135987,18,NORMAL
DASS SANTO ANTONIO152614133695101105CM1598597915984495BRSA00191420260730-1,OK,DASS SANTO ANTONIO,1526,141336,1418185,95101,ATAC. M10110 5MM POLIESTER COR 5998 / COR 114 [2a046a8e-b68c-43b4-8708-8b946764c7f1],105CM,15985979,504,15984495BRSA001914,30/07/2026,14/09/2026,24,21/08/2026,901219,,2a046a8e-b68c-43b4-8708-8b946764c7f1,FILA,135987,19,NORMAL
DASS SANTO ANTONIO152614133695101105CM1598597915984496BRSA00191520260730-1,OK,DASS SANTO ANTONIO,1526,141336,1418185,95101,ATAC. M10110 5MM POLIESTER COR 5998 / COR 114 [146cb01e-75c4-4f62-b681-7b9b0723ad7c],105CM,15985979,384,15984496BRSA001915,30/07/2026,14/09/2026,24,21/08/2026,901220,,146cb01e-75c4-4f62-b681-7b9b0723ad7c,FILA,135987,20,NORMAL
DASS SANTO ANTONIO152614133695101115CM1598597915984495BRSA00191420260730-1,OK,DASS SANTO ANTONIO,1526,141336,1418185,95101,ATAC. M10110 5MM POLIESTER COR 5998 / COR 114 [a2047f06-7170-4181-ac20-6043f001cb7c],115CM,15985979,600,15984495BRSA001914,30/07/2026,14/09/2026,24,21/08/2026,901221,,a2047f06-7170-4181-ac20-6043f001cb7c,FILA,135987,21,NORMAL
DASS SANTO ANTONIO152614133695101115CM1598597915984496BRSA00191520260730-1,OK,DASS SANTO ANTONIO,1526,141336,1418185,95101,ATAC. M10110 5MM POLIESTER COR 5998 / COR 114 [020f3b37-a167-405b-acc3-279209c99317],115CM,15985979,564,15984496BRSA001915,30/07/2026,14/09/2026,24,21/08/2026,901222,,020f3b37-a167-405b-acc3-279209c99317,FILA,135987,22,NORMAL
DASS SANTO ANTONIO152614133690712110CM1598597915984459BRSA00189720260730-1,OK,DASS SANTO ANTONIO,1526,141336,1317461,90712,ATAC. M22013 6MM POLIESTER COR 100 / COR 5535 [c8fbcc71-5dea-416e-a22b-3e0c36c707c8],110CM,15985979,420,15984459BRSA001897,30/07/2026,14/09/2026,24,21/08/2026,901223,,c8fbcc71-5dea-416e-a22b-3e0c36c707c8,FILA,135987,23,NORMAL
DASS SANTO ANTONIO152614133690712120CM1598597915984459BRSA00189720260730-1,OK,DASS SANTO ANTONIO,1526,141336,1317461,90712,ATAC. M22013 6MM POLIESTER COR 100 / COR 5535 [a1eccc18-832e-412f-ba15-73a789e3c7d9],120CM,15985979,360,15984459BRSA001897,30/07/2026,14/09/2026,24,21/08/2026,901224,,a1eccc18-832e-412f-ba15-73a789e3c7d9,FILA,135987,24,NORMAL
DASS SANTO ANTONIO152614133690712130CM1598597915984459BRSA00189720260730-1,OK,DASS SANTO ANTONIO,1526,141336,1317461,90712,ATAC. M22013 6MM POLIESTER COR 100 / COR 5535 [5c005a01-7ea1-4693-ba6c-c967e623f5f2],130CM,15985979,108,15984459BRSA001897,30/07/2026,14/09/2026,24,21/08/2026,901225,,5c005a01-7ea1-4693-ba6c-c967e623f5f2,FILA,135987,25,NORMAL
DASS SANTO ANTONIO15261413377016415MM1598599920260730-1,OK,DASS SANTO ANTONIO,1526,141337,783896,70164,FITA MFGP C/ GOMA POLIESTER COR 100 [e7f36b75-2d13-42a0-8157-6a601c3d3415],15MM,15985999,200,0,30/07/2026,14/09/2026,24,21/08/2026,901226,,e7f36b75-2d13-42a0-8157-6a601c3d3415,FILA,135988,1,NORMAL
DASS ITABERABA7014181095645120CM1604004216038189UARG00017120260812-1,OK,DASS ITABERABA,70,141810,1328498,95645,ATAC. M13801 POLIESTER COR 058 [a27b115d-7ce6-4bf1-afdf-f0b1c50b8e53],120CM,16040042,132,16038189UARG000171,12/08/2026,16/09/2026,26,21/08/2026,901227,,a27b115d-7ce6-4bf1-afdf-f0b1c50b8e53,UMBRO,136499,1,NORMAL
DASS ITABERABA7014181095645130CM1604004216038189UARG00017120260812-1,OK,DASS ITABERABA,70,141810,1328498,95645,ATAC. M13801 POLIESTER COR 058 [57b7c37f-ad32-4328-a25e-bc744f4d4d82],130CM,16040042,300,16038189UARG000171,12/08/2026,16/09/2026,26,21/08/2026,901228,,57b7c37f-ad32-4328-a25e-bc744f4d4d82,UMBRO,136499,2,NORMAL
DASS VITORIA39114166295643120CM1602101716017294BRI01047120260806-1,OK,DASS VITORIA,391,141662,827533,95643,ATAC. M13801 POLIESTER COR 100 [6aad7b27-3eea-4178-a8ce-cdc66942bd4a],120CM,16021017,516,16017294BRI010471,06/08/2026,16/09/2026,26,21/08/2026,901229,,6aad7b27-3eea-4178-a8ce-cdc66942bd4a,UMBRO,136293,1,CONTA E ORDEM VITÓRIA X ITABERABA
DASS VITORIA39114166295643130CM1602101716017294BRI01047120260806-1,OK,DASS VITORIA,391,141662,827533,95643,ATAC. M13801 POLIESTER COR 100 [0e6f1536-813a-4742-b46b-aec04d2501f7],130CM,16021017,744,16017294BRI010471,06/08/2026,16/09/2026,26,21/08/2026,901230,,0e6f1536-813a-4742-b46b-aec04d2501f7,UMBRO,136293,2,CONTA E ORDEM VITÓRIA X ITABERABA
DASS SEST713956686978100CM1581641815815474NBR328290420260611-1,OK,DASS SEST,7,139566,1299257,86978,ATAC. MR130027 6MM RECICLADO COR 4085/PET [708b9bb8-ab8c-4cb8-bd48-64655715994a],100CM,15816418,192,15815474NBR3282904,11/06/2026,21/09/2026,31,21/08/2026,901231,,708b9bb8-ab8c-4cb8-bd48-64655715994a,NIKE,134313,1,
DASS SEST713956686978100CM1581641815815475NBR328290420260611-1,OK,DASS SEST,7,139566,1299257,86978,ATAC. MR130027 6MM RECICLADO COR 4085/PET [d72ecdc3-ca0e-4fa3-b34c-d964aa22693b],100CM,15816418,168,15815475NBR3282904,11/06/2026,21/09/2026,31,21/08/2026,901232,,d72ecdc3-ca0e-4fa3-b34c-d964aa22693b,NIKE,134313,2,
DASS SEST713956686978100CM1581641815815476NBR328290420260611-1,OK,DASS SEST,7,139566,1299257,86978,ATAC. MR130027 6MM RECICLADO COR 4085/PET [6b6255c7-3902-4c8c-ad15-dff418c15965],100CM,15816418,219,15815476NBR3282904,11/06/2026,21/09/2026,31,21/08/2026,901233,,6b6255c7-3902-4c8c-ad15-dff418c15965,NIKE,134313,3,
DASS SEST713956686978105CM1581641815815474NBR328290420260611-1,OK,DASS SEST,7,139566,1299257,86978,ATAC. MR130027 6MM RECICLADO COR 4085/PET [b857bdab-d5cd-4aa2-99ff-5b36972e6106],105CM,15816418,798,15815474NBR3282904,11/06/2026,21/09/2026,31,21/08/2026,901234,,b857bdab-d5cd-4aa2-99ff-5b36972e6106,NIKE,134313,4,
DASS SEST713956686978105CM1581641815815475NBR328290420260611-1,OK,DASS SEST,7,139566,1299257,86978,ATAC. MR130027 6MM RECICLADO COR 4085/PET [75baed71-ca3d-4a13-988f-eb83f5c28351],105CM,15816418,588,15815475NBR3282904,11/06/2026,21/09/2026,31,21/08/2026,901235,,75baed71-ca3d-4a13-988f-eb83f5c28351,NIKE,134313,5,
DASS SEST713956686978105CM1581641815815476NBR328290420260611-1,OK,DASS SEST,7,139566,1299257,86978,ATAC. MR130027 6MM RECICLADO COR 4085/PET [63f09db6-3185-47af-aa9a-e0c85fd52a33],105CM,15816418,402,15815476NBR3282904,11/06/2026,21/09/2026,31,21/08/2026,901236,,63f09db6-3185-47af-aa9a-e0c85fd52a33,NIKE,134313,6,
DASS SEST713956686978110CM1581641815815474NBR328290420260611-1,OK,DASS SEST,7,139566,1299257,86978,ATAC. MR130027 6MM RECICLADO COR 4085/PET [d6e2561b-dcbd-47fd-9f72-48d49a25da7f],110CM,15816418,180,15815474NBR3282904,11/06/2026,21/09/2026,31,21/08/2026,901237,,d6e2561b-dcbd-47fd-9f72-48d49a25da7f,NIKE,134313,7,
DASS SEST713956686978110CM1581641815815475NBR328290420260611-1,OK,DASS SEST,7,139566,1299257,86978,ATAC. MR130027 6MM RECICLADO COR 4085/PET [0698128f-f393-4ae6-96a4-059b7c68f7e0],110CM,15816418,156,15815475NBR3282904,11/06/2026,21/09/2026,31,21/08/2026,901238,,0698128f-f393-4ae6-96a4-059b7c68f7e0,NIKE,134313,8,
DASS SEST713956686978110CM1581641815815476NBR328290420260611-1,OK,DASS SEST,7,139566,1299257,86978,ATAC. MR130027 6MM RECICLADO COR 4085/PET [da9a90f9-9aa9-43e8-bbad-0915dab0a199],110CM,15816418,182,15815476NBR3282904,11/06/2026,21/09/2026,31,21/08/2026,901239,,da9a90f9-9aa9-43e8-bbad-0915dab0a199,NIKE,134313,9,
DASS SEST713965982628100CM1581994415818121NBR328303720260612-1,OK,DASS SEST,7,139659,1188919,82628,ATAC. MR140014 6MM RECICLADO COR 4085/PET [aa9712a7-966b-47ce-996f-310d91ee5f6c],100CM,15819944,12,15818121NBR3283037,12/06/2026,21/09/2026,31,21/08/2026,901240,,aa9712a7-966b-47ce-996f-310d91ee5f6c,NIKE,134369,1,
DASS SEST713965982628105CM1581994415818121NBR328303720260612-1,OK,DASS SEST,7,139659,1188919,82628,ATAC. MR140014 6MM RECICLADO COR 4085/PET [a9a43a33-36df-44d3-be0f-dc97a8d50f6d],105CM,15819944,369,15818121NBR3283037,12/06/2026,21/09/2026,31,21/08/2026,901241,,a9a43a33-36df-44d3-be0f-dc97a8d50f6d,NIKE,134369,2,
DASS SEST713965982628110CM1581994415818121NBR328303720260612-1,OK,DASS SEST,7,139659,1188919,82628,ATAC. MR140014 6MM RECICLADO COR 4085/PET [1778df6f-7077-4a87-b1fa-20adc975f5e7],110CM,15819944,557,15818121NBR3283037,12/06/2026,21/09/2026,31,21/08/2026,901242,,1778df6f-7077-4a87-b1fa-20adc975f5e7,NIKE,134369,3,
DASS SEST713965982628115CM1581994415818121NBR328303720260612-1,OK,DASS SEST,7,139659,1188919,82628,ATAC. MR140014 6MM RECICLADO COR 4085/PET [c9599e5c-d463-4f1a-8c01-24587a880151],115CM,15819944,73,15818121NBR3283037,12/06/2026,21/09/2026,31,21/08/2026,901243,,c9599e5c-d463-4f1a-8c01-24587a880151,NIKE,134369,4,
DASS SEST713965986418100CM1581994415818137NBR328284420260612-1,OK,DASS SEST,7,139659,1278311,86418,ATAC. MR140014 6MM RECICLADO COR 4662/PET [bd9c1ad2-b9e2-4679-ae54-d42353069615],100CM,15819944,590,15818137NBR3282844,12/06/2026,21/09/2026,31,21/08/2026,901244,,bd9c1ad2-b9e2-4679-ae54-d42353069615,NIKE,134369,5,
DASS SEST713965986418100CM1581994415818138NBR328284420260612-1,OK,DASS SEST,7,139659,1278311,86418,ATAC. MR140014 6MM RECICLADO COR 4662/PET [9115e2c8-2a5e-4107-a7c6-f773e75b5070],100CM,15819944,642,15818138NBR3282844,12/06/2026,21/09/2026,31,21/08/2026,901245,,9115e2c8-2a5e-4107-a7c6-f773e75b5070,NIKE,134369,6,
DASS SEST713965986418105CM1581994415818137NBR328284420260612-1,OK,DASS SEST,7,139659,1278311,86418,ATAC. MR140014 6MM RECICLADO COR 4662/PET [2b718dce-8134-4de8-850d-f0b2d2ed5323],105CM,15819944,319,15818137NBR3282844,12/06/2026,21/09/2026,31,21/08/2026,901246,,2b718dce-8134-4de8-850d-f0b2d2ed5323,NIKE,134369,7,
DASS SEST713965986418105CM1581994415818138NBR328284420260612-1,OK,DASS SEST,7,139659,1278311,86418,ATAC. MR140014 6MM RECICLADO COR 4662/PET [87413abc-7b98-4359-8d67-cabd1c1f516a],105CM,15819944,305,15818138NBR3282844,12/06/2026,21/09/2026,31,21/08/2026,901247,,87413abc-7b98-4359-8d67-cabd1c1f516a,NIKE,134369,8,
DASS SEST713965986842100CM1581994415818132NBR328288920260612-1,OK,DASS SEST,7,139659,1262674,86842,ATAC. MR140014 6MM RECICLADO COR 5552/PET [fc07a81e-d166-4abb-9355-4a9d554290bf],100CM,15819944,12,15818132NBR3282889,12/06/2026,21/09/2026,31,21/08/2026,901248,,fc07a81e-d166-4abb-9355-4a9d554290bf,NIKE,134369,9,
DASS SEST713965986842105CM1581994415818132NBR328288920260612-1,OK,DASS SEST,7,139659,1262674,86842,ATAC. MR140014 6MM RECICLADO COR 5552/PET [5cfd17b7-4732-43cc-b26b-955c856ff37a],105CM,15819944,369,15818132NBR3282889,12/06/2026,21/09/2026,31,21/08/2026,901249,,5cfd17b7-4732-43cc-b26b-955c856ff37a,NIKE,134369,10,
DASS SEST713965986842110CM1581994415818132NBR328288920260612-1,OK,DASS SEST,7,139659,1262674,86842,ATAC. MR140014 6MM RECICLADO COR 5552/PET [a465ebe8-da92-4339-a8d3-3d25fbc3dee7],110CM,15819944,557,15818132NBR3282889,12/06/2026,21/09/2026,31,21/08/2026,901250,,a465ebe8-da92-4339-a8d3-3d25fbc3dee7,NIKE,134369,11,
DASS SEST713965986842115CM1581994415818132NBR328288920260612-1,OK,DASS SEST,7,139659,1262674,86842,ATAC. MR140014 6MM RECICLADO COR 5552/PET [0f8ea836-0710-4b51-a51f-64afaf74c2d3],115CM,15819944,73,15818132NBR3282889,12/06/2026,21/09/2026,31,21/08/2026,901251,,0f8ea836-0710-4b51-a51f-64afaf74c2d3,NIKE,134369,12,
DASS SEST71401008990518MM1585987420260625-1,OK,DASS SEST,7,140100,1342875,89905,FITA M31132 C/GOMA POLIESTER COR 4085 [4f02bfbf-ef1f-41b7-9113-a46d3d50ad2c],18MM,15859874,980,0,25/06/2026,21/09/2026,31,21/08/2026,901252,,4f02bfbf-ef1f-41b7-9113-a46d3d50ad2c,NIKE,134789,1,
DASS SEST71401018262515MM1585987820260625-1,OK,DASS SEST,7,140101,1194659,82625,FITA MR100001 C/ GOMA RECICLADO COR 4593/PET [6e76821e-b31c-45fc-aff9-6de366eda03e],15MM,15859878,730,0,25/06/2026,21/09/2026,31,21/08/2026,901253,,6e76821e-b31c-45fc-aff9-6de366eda03e,NIKE,134790,1,
DASS SEST71401108262418MM1585675320260625-1,OK,DASS SEST,7,140110,1220520,82624,FITA MR100037 C/ GOMA RECICLADO COR 100/PET [445263ba-1011-48fd-925c-e8ca9ae1628d],18MM,15856753,270,0,25/06/2026,21/09/2026,31,21/08/2026,901254,,445263ba-1011-48fd-925c-e8ca9ae1628d,NIKE,134808,1,
DASS SEST71401107400710MM1585675320260625-1,OK,DASS SEST,7,140110,1200469,74007,FITA M32164 C/ GOMA POLIESTER COR 4085 [5d90581f-6986-4847-84cd-f295a13fed66],10MM,15856753,120,0,25/06/2026,21/09/2026,31,21/08/2026,901255,,5d90581f-6986-4847-84cd-f295a13fed66,NIKE,134808,2,
DASS SEST71401108496110MM1585675320260625-1,OK,DASS SEST,7,140110,1233820,84961,FITA M32164 C/ GOMA POLIESTER COR 4021 [19ac1951-9bfa-41fd-a108-430d41cb3d5e],10MM,15856753,120,0,25/06/2026,21/09/2026,31,21/08/2026,901256,,19ac1951-9bfa-41fd-a108-430d41cb3d5e,NIKE,134808,3,
DASS SEST71401107312710MM1585675320260625-1,OK,DASS SEST,7,140110,1142481,73127,FITA MR100005 C/ GOMA RECICLADO COR 4085 [2cac625e-8f9b-47ba-8457-4f0d01c880be],10MM,15856753,120,0,25/06/2026,21/09/2026,31,21/08/2026,901257,,2cac625e-8f9b-47ba-8457-4f0d01c880be,NIKE,134808,4,
DASS SEST71401109424210MM1585675320260625-1,OK,DASS SEST,7,140110,1424989,94242,FITA MR100005 C/ GOMA RECICLADO COR 4219/PET [125772cc-225e-412d-b85b-ac9868456faf],10MM,15856753,130,0,25/06/2026,21/09/2026,31,21/08/2026,901258,,125772cc-225e-412d-b85b-ac9868456faf,NIKE,134808,5,
DASS SEST714013082628100CM1585579215851086NBR328309720260625-1,OK,DASS SEST,7,140130,1188919,82628,ATAC. MR140014 6MM RECICLADO COR 4085/PET [394ace5e-f263-4a04-9940-907c1245ab11],100CM,15855792,96,15851086NBR3283097,25/06/2026,21/09/2026,31,21/08/2026,901259,,394ace5e-f263-4a04-9940-907c1245ab11,NIKE,134821,1,
DASS SEST714013082628100CM1585579215851087NBR328309720260625-1,OK,DASS SEST,7,140130,1188919,82628,ATAC. MR140014 6MM RECICLADO COR 4085/PET [2acc0461-a328-4da1-a16f-4684858f2822],100CM,15855792,102,15851087NBR3283097,25/06/2026,21/09/2026,31,21/08/2026,901260,,2acc0461-a328-4da1-a16f-4684858f2822,NIKE,134821,2,
DASS SEST714013082628105CM1585579215851086NBR328309720260625-1,OK,DASS SEST,7,140130,1188919,82628,ATAC. MR140014 6MM RECICLADO COR 4085/PET [3256a26a-76cd-4f8c-9a9e-668235d5669b],105CM,15855792,686,15851086NBR3283097,25/06/2026,21/09/2026,31,21/08/2026,901261,,3256a26a-76cd-4f8c-9a9e-668235d5669b,NIKE,134821,3,
DASS SEST714013082628105CM1585579215851087NBR328309720260625-1,OK,DASS SEST,7,140130,1188919,82628,ATAC. MR140014 6MM RECICLADO COR 4085/PET [b91bc8ac-8a20-4573-a3dc-93405f53f22b],105CM,15855792,708,15851087NBR3283097,25/06/2026,21/09/2026,31,21/08/2026,901262,,b91bc8ac-8a20-4573-a3dc-93405f53f22b,NIKE,134821,4,
DASS SEST714013082628105CM1585579215851081NBR328314020260625-1,OK,DASS SEST,7,140130,1188919,82628,ATAC. MR140014 6MM RECICLADO COR 4085/PET [06c2f083-80f7-4601-b752-4aeafa3bcd92],105CM,15855792,156,15851081NBR3283140,25/06/2026,21/09/2026,31,21/08/2026,901263,,06c2f083-80f7-4601-b752-4aeafa3bcd92,NIKE,134821,5,
DASS SEST714013082628105CM1585579215851082NBR328314020260625-1,OK,DASS SEST,7,140130,1188919,82628,ATAC. MR140014 6MM RECICLADO COR 4085/PET [e94b3745-6033-40fe-9989-ef4743d23801],105CM,15855792,162,15851082NBR3283140,25/06/2026,21/09/2026,31,21/08/2026,901264,,e94b3745-6033-40fe-9989-ef4743d23801,NIKE,134821,6,
DASS SEST714013082628110CM1585579215851086NBR328309720260625-1,OK,DASS SEST,7,140130,1188919,82628,ATAC. MR140014 6MM RECICLADO COR 4085/PET [f875ba9f-6243-4332-896d-8b065422ed30],110CM,15855792,48,15851086NBR3283097,25/06/2026,21/09/2026,31,21/08/2026,901265,,f875ba9f-6243-4332-896d-8b065422ed30,NIKE,134821,7,
DASS SEST714013082628110CM1585579215851087NBR328309720260625-1,OK,DASS SEST,7,140130,1188919,82628,ATAC. MR140014 6MM RECICLADO COR 4085/PET [b60db549-d0e3-453d-964d-7c585f4518be],110CM,15855792,36,15851087NBR3283097,25/06/2026,21/09/2026,31,21/08/2026,901266,,b60db549-d0e3-453d-964d-7c585f4518be,NIKE,134821,8,
DASS SEST714013082628110CM1585579215851081NBR328314020260625-1,OK,DASS SEST,7,140130,1188919,82628,ATAC. MR140014 6MM RECICLADO COR 4085/PET [fcd1484a-b1fa-4071-837d-95d281b44625],110CM,15855792,464,15851081NBR3283140,25/06/2026,21/09/2026,31,21/08/2026,901267,,fcd1484a-b1fa-4071-837d-95d281b44625,NIKE,134821,9,
DASS SEST714013082628110CM1585579215851082NBR328314020260625-1,OK,DASS SEST,7,140130,1188919,82628,ATAC. MR140014 6MM RECICLADO COR 4085/PET [8892900d-ae90-4161-b7c3-4f67fe3b584e],110CM,15855792,450,15851082NBR3283140,25/06/2026,21/09/2026,31,21/08/2026,901268,,8892900d-ae90-4161-b7c3-4f67fe3b584e,NIKE,134821,10,
DASS SEST714013082628115CM1585579215851081NBR328314020260625-1,OK,DASS SEST,7,140130,1188919,82628,ATAC. MR140014 6MM RECICLADO COR 4085/PET [5afbd2d4-c3aa-4192-9dd6-6af5ec9c0684],115CM,15855792,180,15851081NBR3283140,25/06/2026,21/09/2026,31,21/08/2026,901269,,5afbd2d4-c3aa-4192-9dd6-6af5ec9c0684,NIKE,134821,11,
DASS SEST714013082628115CM1585579215851082NBR328314020260625-1,OK,DASS SEST,7,140130,1188919,82628,ATAC. MR140014 6MM RECICLADO COR 4085/PET [04257421-c068-4397-bdde-570c62163e88],115CM,15855792,186,15851082NBR3283140,25/06/2026,21/09/2026,31,21/08/2026,901270,,04257421-c068-4397-bdde-570c62163e88,NIKE,134821,12,
DASS SEST714013093674100CM1585579215851078NBR328308620260625-1,OK,DASS SEST,7,140130,1102648,93674,ATAC. MR140023 RECICLADO COR 4085/PET [ee4a1e24-5717-424c-a593-1943776c6966],100CM,15855792,96,15851078NBR3283086,25/06/2026,21/09/2026,31,21/08/2026,901271,,ee4a1e24-5717-424c-a593-1943776c6966,NIKE,134821,13,
DASS SEST714013093674105CM1585579215851078NBR328308620260625-1,OK,DASS SEST,7,140130,1102648,93674,ATAC. MR140023 RECICLADO COR 4085/PET [616bb093-f50f-490d-8f6b-86442c407742],105CM,15855792,716,15851078NBR3283086,25/06/2026,21/09/2026,31,21/08/2026,901272,,616bb093-f50f-490d-8f6b-86442c407742,NIKE,134821,14,
DASS SEST714013093674110CM1585579215851078NBR328308620260625-1,OK,DASS SEST,7,140130,1102648,93674,ATAC. MR140023 RECICLADO COR 4085/PET [16aec00a-3255-4252-8cee-d26849c69ce8],110CM,15855792,198,15851078NBR3283086,25/06/2026,21/09/2026,31,21/08/2026,901273,,16aec00a-3255-4252-8cee-d26849c69ce8,NIKE,134821,15,
DASS SEST714013088668110CM1585579215851097NBR328302820260625-1,OK,DASS SEST,7,140130,1304277,88668,ATAC. MR110022 7MM RECICLADO COR 4085/PET / COR 496/PET [3a387a1a-5b1c-4b18-b954-53d1809a44b4],110CM,15855792,348,15851097NBR3283028,25/06/2026,21/09/2026,31,21/08/2026,901274,,3a387a1a-5b1c-4b18-b954-53d1809a44b4,NIKE,134821,16,
DASS SEST714013088668110CM1585579215851103NBR328309120260625-1,OK,DASS SEST,7,140130,1304277,88668,ATAC. MR110022 7MM RECICLADO COR 4085/PET / COR 496/PET [fb394cbb-a025-4d32-be06-9b59d201afba],110CM,15855792,722,15851103NBR3283091,25/06/2026,21/09/2026,31,21/08/2026,901275,,fb394cbb-a025-4d32-be06-9b59d201afba,NIKE,134821,17,
DASS SEST714013088668110CM1585579215851104NBR328309120260625-1,OK,DASS SEST,7,140130,1304277,88668,ATAC. MR110022 7MM RECICLADO COR 4085/PET / COR 496/PET [70c6d591-10df-4dd4-9bed-0370bb77142b],110CM,15855792,744,15851104NBR3283091,25/06/2026,21/09/2026,31,21/08/2026,901276,,70c6d591-10df-4dd4-9bed-0370bb77142b,NIKE,134821,18,
DASS SEST714013088668110CM1585579215851092NBR328309520260625-1,OK,DASS SEST,7,140130,1304277,88668,ATAC. MR110022 7MM RECICLADO COR 4085/PET / COR 496/PET [17d30e7c-e1fc-4c7a-82c5-93c58e3a20d7],110CM,15855792,192,15851092NBR3283095,25/06/2026,21/09/2026,31,21/08/2026,901277,,17d30e7c-e1fc-4c7a-82c5-93c58e3a20d7,NIKE,134821,19,
DASS SEST714013088668110CM1585579215851093NBR328309520260625-1,OK,DASS SEST,7,140130,1304277,88668,ATAC. MR110022 7MM RECICLADO COR 4085/PET / COR 496/PET [df35a5bc-801a-4c98-88a7-071fd7ad8e78],110CM,15855792,180,15851093NBR3283095,25/06/2026,21/09/2026,31,21/08/2026,901278,,df35a5bc-801a-4c98-88a7-071fd7ad8e78,NIKE,134821,20,
DASS SEST714013088668110CM1585579215851094NBR328309520260625-1,OK,DASS SEST,7,140130,1304277,88668,ATAC. MR110022 7MM RECICLADO COR 4085/PET / COR 496/PET [6606bc73-78e9-4fce-93ac-a980f0ce9110],110CM,15855792,228,15851094NBR3283095,25/06/2026,21/09/2026,31,21/08/2026,901279,,6606bc73-78e9-4fce-93ac-a980f0ce9110,NIKE,134821,21,
DASS SEST714013088668110CM1585579215851095NBR328310120260625-1,OK,DASS SEST,7,140130,1304277,88668,ATAC. MR110022 7MM RECICLADO COR 4085/PET / COR 496/PET [695d0de6-9ca8-4b2e-bd08-95f5feabf3a1],110CM,15855792,204,15851095NBR3283101,25/06/2026,21/09/2026,31,21/08/2026,901280,,695d0de6-9ca8-4b2e-bd08-95f5feabf3a1,NIKE,134821,22,
DASS SEST714013088668110CM1585579215854347NEX000008320260625-1,OK,DASS SEST,7,140130,1304277,88668,ATAC. MR110022 7MM RECICLADO COR 4085/PET / COR 496/PET [ead1dae2-3636-459b-a543-f8419a6df070],110CM,15855792,1012,15854347NEX0000083,25/06/2026,21/09/2026,31,21/08/2026,901281,,ead1dae2-3636-459b-a543-f8419a6df070,NIKE,134821,23,
DASS SEST714013088668110CM1585579215854348NEX000008320260625-1,OK,DASS SEST,7,140130,1304277,88668,ATAC. MR110022 7MM RECICLADO COR 4085/PET / COR 496/PET [33cdf764-05ac-490c-a38b-aa0e6ece5cd4],110CM,15855792,972,15854348NEX0000083,25/06/2026,21/09/2026,31,21/08/2026,901282,,33cdf764-05ac-490c-a38b-aa0e6ece5cd4,NIKE,134821,24,
DASS SEST714013088668110CM1585579215854349NEX000008320260625-1,OK,DASS SEST,7,140130,1304277,88668,ATAC. MR110022 7MM RECICLADO COR 4085/PET / COR 496/PET [d481d7c5-decc-4d40-8b39-97e6b9c6bfda],110CM,15855792,1056,15854349NEX0000083,25/06/2026,21/09/2026,31,21/08/2026,901283,,d481d7c5-decc-4d40-8b39-97e6b9c6bfda,NIKE,134821,25,
DASS SEST714013088668115CM1585579215851097NBR328302820260625-1,OK,DASS SEST,7,140130,1304277,88668,ATAC. MR110022 7MM RECICLADO COR 4085/PET / COR 496/PET [fbdc34c7-b366-4ef8-ad70-fb9a0e1a6c3a],115CM,15855792,848,15851097NBR3283028,25/06/2026,21/09/2026,31,21/08/2026,901284,,fbdc34c7-b366-4ef8-ad70-fb9a0e1a6c3a,NIKE,134821,26,
DASS SEST714013088668115CM1585579215851103NBR328309120260625-1,OK,DASS SEST,7,140130,1304277,88668,ATAC. MR110022 7MM RECICLADO COR 4085/PET / COR 496/PET [f95f7ea7-8a27-4a38-9d00-837650ee420e],115CM,15855792,18,15851103NBR3283091,25/06/2026,21/09/2026,31,21/08/2026,901285,,f95f7ea7-8a27-4a38-9d00-837650ee420e,NIKE,134821,27,
DASS SEST714013088668115CM1585579215851092NBR328309520260625-1,OK,DASS SEST,7,140130,1304277,88668,ATAC. MR110022 7MM RECICLADO COR 4085/PET / COR 496/PET [f67c35a1-5935-4790-825a-c8899e910798],115CM,15855792,525,15851092NBR3283095,25/06/2026,21/09/2026,31,21/08/2026,901286,,f67c35a1-5935-4790-825a-c8899e910798,NIKE,134821,28,
DASS SEST714013088668115CM1585579215851093NBR328309520260625-1,OK,DASS SEST,7,140130,1304277,88668,ATAC. MR110022 7MM RECICLADO COR 4085/PET / COR 496/PET [55d7f40c-8563-4b31-9a30-a04c1725bfbc],115CM,15855792,516,15851093NBR3283095,25/06/2026,21/09/2026,31,21/08/2026,901287,,55d7f40c-8563-4b31-9a30-a04c1725bfbc,NIKE,134821,29,
DASS SEST714013088668115CM1585579215851094NBR328309520260625-1,OK,DASS SEST,7,140130,1304277,88668,ATAC. MR110022 7MM RECICLADO COR 4085/PET / COR 496/PET [436197ac-0917-4b2f-b6b3-ee2ba9bf39a5],115CM,15855792,528,15851094NBR3283095,25/06/2026,21/09/2026,31,21/08/2026,901288,,436197ac-0917-4b2f-b6b3-ee2ba9bf39a5,NIKE,134821,30,
DASS SEST714013088668115CM1585579215851095NBR328310120260625-1,OK,DASS SEST,7,140130,1304277,88668,ATAC. MR110022 7MM RECICLADO COR 4085/PET / COR 496/PET [4d167e62-6890-4ea6-97f0-e07540302abc],115CM,15855792,788,15851095NBR3283101,25/06/2026,21/09/2026,31,21/08/2026,901289,,4d167e62-6890-4ea6-97f0-e07540302abc,NIKE,134821,31,
DASS SEST714013088668115CM1585579215854347NEX000008320260625-1,OK,DASS SEST,7,140130,1304277,88668,ATAC. MR110022 7MM RECICLADO COR 4085/PET / COR 496/PET [b3021a54-b4a8-42fd-8716-198c8efe50e1],115CM,15855792,198,15854347NEX0000083,25/06/2026,21/09/2026,31,21/08/2026,901290,,b3021a54-b4a8-42fd-8716-198c8efe50e1,NIKE,134821,32,
DASS SEST714013088668115CM1585579215854348NEX000008320260625-1,OK,DASS SEST,7,140130,1304277,88668,ATAC. MR110022 7MM RECICLADO COR 4085/PET / COR 496/PET [accf9623-0b76-4e4b-bbc5-72a688e4e7a9],115CM,15855792,108,15854348NEX0000083,25/06/2026,21/09/2026,31,21/08/2026,901291,,accf9623-0b76-4e4b-bbc5-72a688e4e7a9,NIKE,134821,33,
DASS SEST714013088668115CM1585579215854349NEX000008320260625-1,OK,DASS SEST,7,140130,1304277,88668,ATAC. MR110022 7MM RECICLADO COR 4085/PET / COR 496/PET [576fea66-e9eb-468b-9fe8-38610703251d],115CM,15855792,24,15854349NEX0000083,25/06/2026,21/09/2026,31,21/08/2026,901292,,576fea66-e9eb-468b-9fe8-38610703251d,NIKE,134821,34,
DASS SEST714013088668120CM1585579215851097NBR328302820260625-1,OK,DASS SEST,7,140130,1304277,88668,ATAC. MR110022 7MM RECICLADO COR 4085/PET / COR 496/PET [ebd5dbe0-d88f-4d4b-a4e5-8c687204829b],120CM,15855792,180,15851097NBR3283028,25/06/2026,21/09/2026,31,21/08/2026,901293,,ebd5dbe0-d88f-4d4b-a4e5-8c687204829b,NIKE,134821,35,
DASS SEST714013088668120CM1585579215851092NBR328309520260625-1,OK,DASS SEST,7,140130,1304277,88668,ATAC. MR110022 7MM RECICLADO COR 4085/PET / COR 496/PET [4993a322-bcda-426a-9f6f-7f81404db76a],120CM,15855792,132,15851092NBR3283095,25/06/2026,21/09/2026,31,21/08/2026,901294,,4993a322-bcda-426a-9f6f-7f81404db76a,NIKE,134821,36,
DASS SEST714013088668120CM1585579215851093NBR328309520260625-1,OK,DASS SEST,7,140130,1304277,88668,ATAC. MR110022 7MM RECICLADO COR 4085/PET / COR 496/PET [6fe35029-111f-48ef-9f2d-073c3634720e],120CM,15855792,120,15851093NBR3283095,25/06/2026,21/09/2026,31,21/08/2026,901295,,6fe35029-111f-48ef-9f2d-073c3634720e,NIKE,134821,37,
DASS SEST714013088668120CM1585579215851094NBR328309520260625-1,OK,DASS SEST,7,140130,1304277,88668,ATAC. MR110022 7MM RECICLADO COR 4085/PET / COR 496/PET [927f62bd-cfc0-448b-a395-9d025aa8d8c2],120CM,15855792,144,15851094NBR3283095,25/06/2026,21/09/2026,31,21/08/2026,901296,,927f62bd-cfc0-448b-a395-9d025aa8d8c2,NIKE,134821,38,
DASS SEST714013088668120CM1585579215851095NBR328310120260625-1,OK,DASS SEST,7,140130,1304277,88668,ATAC. MR110022 7MM RECICLADO COR 4085/PET / COR 496/PET [d37ffdfd-630d-4855-90bb-18a886279c5e],120CM,15855792,198,15851095NBR3283101,25/06/2026,21/09/2026,31,21/08/2026,901297,,d37ffdfd-630d-4855-90bb-18a886279c5e,NIKE,134821,39,
DASS SEST714013095026110CM1585579215851110NBR328302620260625-1,OK,DASS SEST,7,140130,1413117,95026,ATAC. MR110022 7MM RECICLADO COR 6146/PET / COR 492/PET [bd6f05b5-da12-4049-9710-3947f676bdb5],110CM,15855792,216,15851110NBR3283026,25/06/2026,21/09/2026,31,21/08/2026,901298,,bd6f05b5-da12-4049-9710-3947f676bdb5,NIKE,134821,40,
DASS SEST714013095026110CM1585579215851111NBR328302620260625-1,OK,DASS SEST,7,140130,1413117,95026,ATAC. MR110022 7MM RECICLADO COR 6146/PET / COR 492/PET [41fac32d-70c6-413b-b23c-f9e5a7a401f5],110CM,15855792,222,15851111NBR3283026,25/06/2026,21/09/2026,31,21/08/2026,901299,,41fac32d-70c6-413b-b23c-f9e5a7a401f5,NIKE,134821,41,
DASS SEST714013095026115CM1585579215851110NBR328302620260625-1,OK,DASS SEST,7,140130,1413117,95026,ATAC. MR110022 7MM RECICLADO COR 6146/PET / COR 492/PET [5d8915d5-3790-4bf1-87e7-1d58f5a407db],115CM,15855792,584,15851110NBR3283026,25/06/2026,21/09/2026,31,21/08/2026,901300,,5d8915d5-3790-4bf1-87e7-1d58f5a407db,NIKE,134821,42,
DASS SEST714013095026115CM1585579215851111NBR328302620260625-1,OK,DASS SEST,7,140130,1413117,95026,ATAC. MR110022 7MM RECICLADO COR 6146/PET / COR 492/PET [6cbdee82-d58b-45d4-bf44-4fddcd8bf0a7],115CM,15855792,576,15851111NBR3283026,25/06/2026,21/09/2026,31,21/08/2026,901301,,6cbdee82-d58b-45d4-bf44-4fddcd8bf0a7,NIKE,134821,43,
DASS SEST714013095026120CM1585579215851110NBR328302620260625-1,OK,DASS SEST,7,140130,1413117,95026,ATAC. MR110022 7MM RECICLADO COR 6146/PET / COR 492/PET [b8391aa6-42f0-4b2d-bce2-29807ea9d87d],120CM,15855792,120,15851110NBR3283026,25/06/2026,21/09/2026,31,21/08/2026,901302,,b8391aa6-42f0-4b2d-bce2-29807ea9d87d,NIKE,134821,44,
DASS SEST714013095026120CM1585579215851111NBR328302620260625-1,OK,DASS SEST,7,140130,1413117,95026,ATAC. MR110022 7MM RECICLADO COR 6146/PET / COR 492/PET [dcae76d3-f658-4831-b0f1-1ba822075476],120CM,15855792,138,15851111NBR3283026,25/06/2026,21/09/2026,31,21/08/2026,901303,,dcae76d3-f658-4831-b0f1-1ba822075476,NIKE,134821,45,
DASS SEST714013095897110CM1585579215851129NBR328302720260625-1,OK,DASS SEST,7,140130,1424201,95897,ATAC. MR110022 7MM RECICLADO COR 4662/PET / COR 4638/PET [1b992715-335f-4c6a-a7f3-915a2abd16d2],110CM,15855792,855,15851129NBR3283027,25/06/2026,21/09/2026,31,21/08/2026,901304,,1b992715-335f-4c6a-a7f3-915a2abd16d2,NIKE,134821,46,
DASS SEST714013095897110CM1585579215851130NBR328302720260625-1,OK,DASS SEST,7,140130,1424201,95897,ATAC. MR110022 7MM RECICLADO COR 4662/PET / COR 4638/PET [4c9f05ce-dabe-4860-afca-5bdc558495b8],110CM,15855792,852,15851130NBR3283027,25/06/2026,21/09/2026,31,21/08/2026,901305,,4c9f05ce-dabe-4860-afca-5bdc558495b8,NIKE,134821,47,
DASS SEST714013095897110CM1585579215851131NBR328302720260625-1,OK,DASS SEST,7,140130,1424201,95897,ATAC. MR110022 7MM RECICLADO COR 4662/PET / COR 4638/PET [e95aaff7-ca62-4bc0-bc8e-fafa207a0c91],110CM,15855792,918,15851131NBR3283027,25/06/2026,21/09/2026,31,21/08/2026,901306,,e95aaff7-ca62-4bc0-bc8e-fafa207a0c91,NIKE,134821,48,
DASS SEST714013095897115CM1585579215851129NBR328302720260625-1,OK,DASS SEST,7,140130,1424201,95897,ATAC. MR110022 7MM RECICLADO COR 4662/PET / COR 4638/PET [1741209a-bb33-4622-8f10-ef36beeb6431],115CM,15855792,42,15851129NBR3283027,25/06/2026,21/09/2026,31,21/08/2026,901307,,1741209a-bb33-4622-8f10-ef36beeb6431,NIKE,134821,49,
DASS SEST714013095897115CM1585579215851130NBR328302720260625-1,OK,DASS SEST,7,140130,1424201,95897,ATAC. MR110022 7MM RECICLADO COR 4662/PET / COR 4638/PET [449b8da9-077f-41af-8459-f9414a8d647a],115CM,15855792,24,15851130NBR3283027,25/06/2026,21/09/2026,31,21/08/2026,901308,,449b8da9-077f-41af-8459-f9414a8d647a,NIKE,134821,50,
DASS SEST714013095898110CM1585579215851116NBR328304120260625-1,OK,DASS SEST,7,140130,1424204,95898,ATAC. MR110022 7MM RECICLADO COR 6222/PET / COR 4259/PET [bfe7266e-2331-4192-b7bd-3e4d1eff4595],110CM,15855792,192,15851116NBR3283041,25/06/2026,21/09/2026,31,21/08/2026,901309,,bfe7266e-2331-4192-b7bd-3e4d1eff4595,NIKE,134821,51,
DASS SEST714013095898110CM1585579215851117NBR328304120260625-1,OK,DASS SEST,7,140130,1424204,95898,ATAC. MR110022 7MM RECICLADO COR 6222/PET / COR 4259/PET [13fd740c-5b6c-4974-b63c-1a4734b5ef08],110CM,15855792,216,15851117NBR3283041,25/06/2026,21/09/2026,31,21/08/2026,901310,,13fd740c-5b6c-4974-b63c-1a4734b5ef08,NIKE,134821,52,
DASS SEST714013095898115CM1585579215851116NBR328304120260625-1,OK,DASS SEST,7,140130,1424204,95898,ATAC. MR110022 7MM RECICLADO COR 6222/PET / COR 4259/PET [3124617b-0af4-4ab0-a677-40f2a9d84885],115CM,15855792,596,15851116NBR3283041,25/06/2026,21/09/2026,31,21/08/2026,901311,,3124617b-0af4-4ab0-a677-40f2a9d84885,NIKE,134821,53,
DASS SEST714013095898115CM1585579215851117NBR328304120260625-1,OK,DASS SEST,7,140130,1424204,95898,ATAC. MR110022 7MM RECICLADO COR 6222/PET / COR 4259/PET [c41ec099-4d12-4ae8-9963-56cc0520ccb4],115CM,15855792,618,15851117NBR3283041,25/06/2026,21/09/2026,31,21/08/2026,901312,,c41ec099-4d12-4ae8-9963-56cc0520ccb4,NIKE,134821,54,
DASS SEST714013095898120CM1585579215851116NBR328304120260625-1,OK,DASS SEST,7,140130,1424204,95898,ATAC. MR110022 7MM RECICLADO COR 6222/PET / COR 4259/PET [4abdcfb6-a8ca-4c41-a060-6350a44da904],120CM,15855792,180,15851116NBR3283041,25/06/2026,21/09/2026,31,21/08/2026,901313,,4abdcfb6-a8ca-4c41-a060-6350a44da904,NIKE,134821,55,
DASS SEST714013095898120CM1585579215851117NBR328304120260625-1,OK,DASS SEST,7,140130,1424204,95898,ATAC. MR110022 7MM RECICLADO COR 6222/PET / COR 4259/PET [9f4c7103-c3d8-42a9-95fd-48d2424c62e1],120CM,15855792,186,15851117NBR3283041,25/06/2026,21/09/2026,31,21/08/2026,901314,,9f4c7103-c3d8-42a9-95fd-48d2424c62e1,NIKE,134821,56,
DASS SEST714013095899110CM1585579215851126NBR328287320260625-1,OK,DASS SEST,7,140130,1424203,95899,ATAC. MR110022 7MM RECICLADO COR 4085/PET / COR 422/PET [ce53a20b-e008-4375-967a-d46bdd6cea21],110CM,15855792,650,15851126NBR3282873,25/06/2026,21/09/2026,31,21/08/2026,901315,,ce53a20b-e008-4375-967a-d46bdd6cea21,NIKE,134821,57,
DASS SEST714013095899110CM1585579215851127NBR328287320260625-1,OK,DASS SEST,7,140130,1424203,95899,ATAC. MR110022 7MM RECICLADO COR 4085/PET / COR 422/PET [9b4061fc-b685-4de1-ba00-b92a37022285],110CM,15855792,726,15851127NBR3282873,25/06/2026,21/09/2026,31,21/08/2026,901316,,9b4061fc-b685-4de1-ba00-b92a37022285,NIKE,134821,58,
DASS SEST714013095899115CM1585579215851126NBR328287320260625-1,OK,DASS SEST,7,140130,1424203,95899,ATAC. MR110022 7MM RECICLADO COR 4085/PET / COR 422/PET [fd4bae4d-179a-4e5a-8c16-5f2f0bd71c20],115CM,15855792,36,15851126NBR3282873,25/06/2026,21/09/2026,31,21/08/2026,901317,,fd4bae4d-179a-4e5a-8c16-5f2f0bd71c20,NIKE,134821,59,
DASS SEST714013095899115CM1585579215851127NBR328287320260625-1,OK,DASS SEST,7,140130,1424203,95899,ATAC. MR110022 7MM RECICLADO COR 4085/PET / COR 422/PET [16bc9a41-cbe6-4126-89a5-335aa31e1d0a],115CM,15855792,36,15851127NBR3282873,25/06/2026,21/09/2026,31,21/08/2026,901318,,16bc9a41-cbe6-4126-89a5-335aa31e1d0a,NIKE,134821,60,
DASS SEST714013095900110CM1585579215851114NBR328304220260625-1,OK,DASS SEST,7,140130,1424205,95900,ATAC. MR110022 7MM RECICLADO COR 057/PET / COR 5946/PET [a68366b7-75b2-438a-8c08-e556228741c9],110CM,15855792,300,15851114NBR3283042,25/06/2026,21/09/2026,31,21/08/2026,901319,,a68366b7-75b2-438a-8c08-e556228741c9,NIKE,134821,61,
DASS SEST714013095900110CM1585579215851115NBR328304220260625-1,OK,DASS SEST,7,140130,1424205,95900,ATAC. MR110022 7MM RECICLADO COR 057/PET / COR 5946/PET [cf301f9c-f90f-4d43-af37-46dfb910cb97],110CM,15855792,330,15851115NBR3283042,25/06/2026,21/09/2026,31,21/08/2026,901320,,cf301f9c-f90f-4d43-af37-46dfb910cb97,NIKE,134821,62,
DASS SEST714013095900115CM1585579215851114NBR328304220260625-1,OK,DASS SEST,7,140130,1424205,95900,ATAC. MR110022 7MM RECICLADO COR 057/PET / COR 5946/PET [1637c780-ebcd-4a95-9cee-ef42203c2b49],115CM,15855792,723,15851114NBR3283042,25/06/2026,21/09/2026,31,21/08/2026,901321,,1637c780-ebcd-4a95-9cee-ef42203c2b49,NIKE,134821,63,
DASS SEST714013095900115CM1585579215851115NBR328304220260625-1,OK,DASS SEST,7,140130,1424205,95900,ATAC. MR110022 7MM RECICLADO COR 057/PET / COR 5946/PET [da202de6-98aa-46bd-a2d5-90340b6b57b2],115CM,15855792,738,15851115NBR3283042,25/06/2026,21/09/2026,31,21/08/2026,901322,,da202de6-98aa-46bd-a2d5-90340b6b57b2,NIKE,134821,64,
DASS SEST714013095900120CM1585579215851114NBR328304220260625-1,OK,DASS SEST,7,140130,1424205,95900,ATAC. MR110022 7MM RECICLADO COR 057/PET / COR 5946/PET [98d6495b-d927-4ac3-b9b0-07fc47d803b7],120CM,15855792,144,15851114NBR3283042,25/06/2026,21/09/2026,31,21/08/2026,901323,,98d6495b-d927-4ac3-b9b0-07fc47d803b7,NIKE,134821,65,
DASS SEST714013095900120CM1585579215851115NBR328304220260625-1,OK,DASS SEST,7,140130,1424205,95900,ATAC. MR110022 7MM RECICLADO COR 057/PET / COR 5946/PET [83610b99-17b9-45e2-b347-6473b68ff5af],120CM,15855792,168,15851115NBR3283042,25/06/2026,21/09/2026,31,21/08/2026,901324,,83610b99-17b9-45e2-b347-6473b68ff5af,NIKE,134821,66,
DASS SEST714019082628100CM1587267015866740NBR328304920260626-1,OK,DASS SEST,7,140190,1188919,82628,ATAC. MR140014 6MM RECICLADO COR 4085/PET [7f752996-4432-4a96-9404-19b455b40e75],100CM,15872670,216,15866740NBR3283049,26/06/2026,21/09/2026,31,21/08/2026,901325,,7f752996-4432-4a96-9404-19b455b40e75,NIKE,134940,1,
DASS SEST714019082628100CM1587267015866741NBR328304920260626-1,OK,DASS SEST,7,140190,1188919,82628,ATAC. MR140014 6MM RECICLADO COR 4085/PET [36c1c242-7d24-4fba-9ba4-b4fe8875cf6e],100CM,15872670,204,15866741NBR3283049,26/06/2026,21/09/2026,31,21/08/2026,901326,,36c1c242-7d24-4fba-9ba4-b4fe8875cf6e,NIKE,134940,2,
DASS SEST714019082628100CM1587267015866742NBR328304920260626-1,OK,DASS SEST,7,140190,1188919,82628,ATAC. MR140014 6MM RECICLADO COR 4085/PET [a25c0a8c-fea4-4d2d-ad27-e2f03caceef6],100CM,15872670,222,15866742NBR3283049,26/06/2026,21/09/2026,31,21/08/2026,901327,,a25c0a8c-fea4-4d2d-ad27-e2f03caceef6,NIKE,134940,3,
DASS SEST714019082628105CM1587267015866740NBR328304920260626-1,OK,DASS SEST,7,140190,1188919,82628,ATAC. MR140014 6MM RECICLADO COR 4085/PET [bf2221bb-8754-43db-aedd-515dd4af01a6],105CM,15872670,675,15866740NBR3283049,26/06/2026,21/09/2026,31,21/08/2026,901328,,bf2221bb-8754-43db-aedd-515dd4af01a6,NIKE,134940,4,
DASS SEST714019082628105CM1587267015866741NBR328304920260626-1,OK,DASS SEST,7,140190,1188919,82628,ATAC. MR140014 6MM RECICLADO COR 4085/PET [b8d74856-3a34-4358-9dc8-c5e149a6c3af],105CM,15872670,648,15866741NBR3283049,26/06/2026,21/09/2026,31,21/08/2026,901329,,b8d74856-3a34-4358-9dc8-c5e149a6c3af,NIKE,134940,5,
DASS SEST714019082628105CM1587267015866742NBR328304920260626-1,OK,DASS SEST,7,140190,1188919,82628,ATAC. MR140014 6MM RECICLADO COR 4085/PET [a85a600b-5c9f-4409-b641-04a606dd1aa2],105CM,15872670,714,15866742NBR3283049,26/06/2026,21/09/2026,31,21/08/2026,901330,,a85a600b-5c9f-4409-b641-04a606dd1aa2,NIKE,134940,6,
DASS SEST714019082628105CM1587267015866713NBR328305820260626-1,OK,DASS SEST,7,140190,1188919,82628,ATAC. MR140014 6MM RECICLADO COR 4085/PET [875266dd-7262-494c-9eae-b6cb2c226680],105CM,15872670,324,15866713NBR3283058,26/06/2026,21/09/2026,31,21/08/2026,901331,,875266dd-7262-494c-9eae-b6cb2c226680,NIKE,134940,7,
DASS SEST714019082628110CM1587267015866740NBR328304920260626-1,OK,DASS SEST,7,140190,1188919,82628,ATAC. MR140014 6MM RECICLADO COR 4085/PET [afb408fb-55c0-4736-accb-72d4719b4eae],110CM,15872670,12,15866740NBR3283049,26/06/2026,21/09/2026,31,21/08/2026,901332,,afb408fb-55c0-4736-accb-72d4719b4eae,NIKE,134940,8,
DASS SEST714019082628110CM1587267015866713NBR328305820260626-1,OK,DASS SEST,7,140190,1188919,82628,ATAC. MR140014 6MM RECICLADO COR 4085/PET [3bb5a92f-f200-44a5-8384-0b55a165e384],110CM,15872670,914,15866713NBR3283058,26/06/2026,21/09/2026,31,21/08/2026,901333,,3bb5a92f-f200-44a5-8384-0b55a165e384,NIKE,134940,9,
DASS SEST714019082628115CM1587267015866713NBR328305820260626-1,OK,DASS SEST,7,140190,1188919,82628,ATAC. MR140014 6MM RECICLADO COR 4085/PET [f31f7f17-6bd3-490e-a3f5-ffe7f8385ee4],115CM,15872670,300,15866713NBR3283058,26/06/2026,21/09/2026,31,21/08/2026,901334,,f31f7f17-6bd3-490e-a3f5-ffe7f8385ee4,NIKE,134940,10,
DASS SEST714019086418100CM1587267015866752NBR328305020260626-1,OK,DASS SEST,7,140190,1278311,86418,ATAC. MR140014 6MM RECICLADO COR 4662/PET [8fccbfc7-8cff-43a7-b3b8-5a9c46b7a18e],100CM,15872670,192,15866752NBR3283050,26/06/2026,21/09/2026,31,21/08/2026,901335,,8fccbfc7-8cff-43a7-b3b8-5a9c46b7a18e,NIKE,134940,11,
DASS SEST714019086418100CM1587267015866753NBR328305020260626-1,OK,DASS SEST,7,140190,1278311,86418,ATAC. MR140014 6MM RECICLADO COR 4662/PET [82b59f59-d061-4735-bd6d-5e7f206d6760],100CM,15872670,210,15866753NBR3283050,26/06/2026,21/09/2026,31,21/08/2026,901336,,82b59f59-d061-4735-bd6d-5e7f206d6760,NIKE,134940,12,
DASS SEST714019086418100CM1587267015866754NBR328306320260626-1,OK,DASS SEST,7,140190,1278311,86418,ATAC. MR140014 6MM RECICLADO COR 4662/PET [440e39a5-6acb-4c61-8484-7576b483734d],100CM,15872670,192,15866754NBR3283063,26/06/2026,21/09/2026,31,21/08/2026,901337,,440e39a5-6acb-4c61-8484-7576b483734d,NIKE,134940,13,
DASS SEST714019086418100CM1587267015866755NBR328306320260626-1,OK,DASS SEST,7,140190,1278311,86418,ATAC. MR140014 6MM RECICLADO COR 4662/PET [ccc0145b-7a4c-418f-b567-11344e5dae18],100CM,15872670,210,15866755NBR3283063,26/06/2026,21/09/2026,31,21/08/2026,901338,,ccc0145b-7a4c-418f-b567-11344e5dae18,NIKE,134940,14,
DASS SEST714019086418100CM1587267015866756NBR328307320260626-1,OK,DASS SEST,7,140190,1278311,86418,ATAC. MR140014 6MM RECICLADO COR 4662/PET [b1fe90f6-964c-4608-acde-ca56d4d19de3],100CM,15872670,192,15866756NBR3283073,26/06/2026,21/09/2026,31,21/08/2026,901339,,b1fe90f6-964c-4608-acde-ca56d4d19de3,NIKE,134940,15,
DASS SEST714019086418100CM1587267015866758NBR328307320260626-1,OK,DASS SEST,7,140190,1278311,86418,ATAC. MR140014 6MM RECICLADO COR 4662/PET [91543edd-0782-43d6-b392-4a5319f3b4f4],100CM,15872670,204,15866758NBR3283073,26/06/2026,21/09/2026,31,21/08/2026,901340,,91543edd-0782-43d6-b392-4a5319f3b4f4,NIKE,134940,16,
DASS SEST714019086418105CM1587267015866752NBR328305020260626-1,OK,DASS SEST,7,140190,1278311,86418,ATAC. MR140014 6MM RECICLADO COR 4662/PET [c60716b7-d15c-4e5d-8d8a-4a72616b0d29],105CM,15872670,662,15866752NBR3283050,26/06/2026,21/09/2026,31,21/08/2026,901341,,c60716b7-d15c-4e5d-8d8a-4a72616b0d29,NIKE,134940,17,
DASS SEST714019086418105CM1587267015866753NBR328305020260626-1,OK,DASS SEST,7,140190,1278311,86418,ATAC. MR140014 6MM RECICLADO COR 4662/PET [7bf38076-8dc7-4141-b2ba-28641c67437f],105CM,15872670,684,15866753NBR3283050,26/06/2026,21/09/2026,31,21/08/2026,901342,,7bf38076-8dc7-4141-b2ba-28641c67437f,NIKE,134940,18,
DASS SEST714019086418105CM1587267015866715NBR328306020260626-1,OK,DASS SEST,7,140190,1278311,86418,ATAC. MR140014 6MM RECICLADO COR 4662/PET [8c0dc9d0-d00d-4f67-9dd7-03d46b1b8b4e],105CM,15872670,120,15866715NBR3283060,26/06/2026,21/09/2026,31,21/08/2026,901343,,8c0dc9d0-d00d-4f67-9dd7-03d46b1b8b4e,NIKE,134940,19,
DASS SEST714019086418105CM1587267015866716NBR328306020260626-1,OK,DASS SEST,7,140190,1278311,86418,ATAC. MR140014 6MM RECICLADO COR 4662/PET [0af06e76-9c31-4f01-b180-96a2f9a4e410],105CM,15872670,102,15866716NBR3283060,26/06/2026,21/09/2026,31,21/08/2026,901344,,0af06e76-9c31-4f01-b180-96a2f9a4e410,NIKE,134940,20,
DASS SEST714019086418105CM1587267015866754NBR328306320260626-1,OK,DASS SEST,7,140190,1278311,86418,ATAC. MR140014 6MM RECICLADO COR 4662/PET [847413a3-7ac2-41f5-be03-ffc713069b1c],105CM,15872670,662,15866754NBR3283063,26/06/2026,21/09/2026,31,21/08/2026,901345,,847413a3-7ac2-41f5-be03-ffc713069b1c,NIKE,134940,21,
DASS SEST714019086418105CM1587267015866755NBR328306320260626-1,OK,DASS SEST,7,140190,1278311,86418,ATAC. MR140014 6MM RECICLADO COR 4662/PET [6e4b9642-640e-41d6-9867-e7aa537b7f4c],105CM,15872670,684,15866755NBR3283063,26/06/2026,21/09/2026,31,21/08/2026,901346,,6e4b9642-640e-41d6-9867-e7aa537b7f4c,NIKE,134940,22,
DASS SEST714019086418105CM1587267015866717NBR328307020260626-1,OK,DASS SEST,7,140190,1278311,86418,ATAC. MR140014 6MM RECICLADO COR 4662/PET [1b22189e-ddaa-4db0-a8b4-bb45af30a37c],105CM,15872670,120,15866717NBR3283070,26/06/2026,21/09/2026,31,21/08/2026,901347,,1b22189e-ddaa-4db0-a8b4-bb45af30a37c,NIKE,134940,23,
DASS SEST714019086418105CM1587267015866718NBR328307020260626-1,OK,DASS SEST,7,140190,1278311,86418,ATAC. MR140014 6MM RECICLADO COR 4662/PET [b10e3dad-e609-4681-a030-8040ad58aff4],105CM,15872670,102,15866718NBR3283070,26/06/2026,21/09/2026,31,21/08/2026,901348,,b10e3dad-e609-4681-a030-8040ad58aff4,NIKE,134940,24,
DASS SEST714019086418105CM1587267015866756NBR328307320260626-1,OK,DASS SEST,7,140190,1278311,86418,ATAC. MR140014 6MM RECICLADO COR 4662/PET [4680235e-f2f8-400d-9e86-c0248ef3f251],105CM,15872670,638,15866756NBR3283073,26/06/2026,21/09/2026,31,21/08/2026,901349,,4680235e-f2f8-400d-9e86-c0248ef3f251,NIKE,134940,25,
DASS SEST714019086418105CM1587267015866758NBR328307320260626-1,OK,DASS SEST,7,140190,1278311,86418,ATAC. MR140014 6MM RECICLADO COR 4662/PET [f69edd19-fd8a-42de-8f08-19e315221c43],105CM,15872670,690,15866758NBR3283073,26/06/2026,21/09/2026,31,21/08/2026,901350,,f69edd19-fd8a-42de-8f08-19e315221c43,NIKE,134940,26,
DASS SEST714019086418110CM1587267015866752NBR328305020260626-1,OK,DASS SEST,7,140190,1278311,86418,ATAC. MR140014 6MM RECICLADO COR 4662/PET [84f38ad9-5a90-4d15-8ef6-f48bc913ecd1],110CM,15872670,24,15866752NBR3283050,26/06/2026,21/09/2026,31,21/08/2026,901351,,84f38ad9-5a90-4d15-8ef6-f48bc913ecd1,NIKE,134940,27,
DASS SEST714019086418110CM1587267015866715NBR328306020260626-1,OK,DASS SEST,7,140190,1278311,86418,ATAC. MR140014 6MM RECICLADO COR 4662/PET [af9b1c62-baa3-41d5-9e74-87c71de83092],110CM,15872670,626,15866715NBR3283060,26/06/2026,21/09/2026,31,21/08/2026,901352,,af9b1c62-baa3-41d5-9e74-87c71de83092,NIKE,134940,28,
DASS SEST714019086418110CM1587267015866716NBR328306020260626-1,OK,DASS SEST,7,140190,1278311,86418,ATAC. MR140014 6MM RECICLADO COR 4662/PET [a138b4b7-6af0-4b21-b019-a1faee4910dd],110CM,15872670,636,15866716NBR3283060,26/06/2026,21/09/2026,31,21/08/2026,901353,,a138b4b7-6af0-4b21-b019-a1faee4910dd,NIKE,134940,29,
DASS SEST714019086418110CM1587267015866754NBR328306320260626-1,OK,DASS SEST,7,140190,1278311,86418,ATAC. MR140014 6MM RECICLADO COR 4662/PET [7e3c4fd5-18b0-4c99-8753-fb56533be106],110CM,15872670,24,15866754NBR3283063,26/06/2026,21/09/2026,31,21/08/2026,901354,,7e3c4fd5-18b0-4c99-8753-fb56533be106,NIKE,134940,30,
DASS SEST714019086418110CM1587267015866717NBR328307020260626-1,OK,DASS SEST,7,140190,1278311,86418,ATAC. MR140014 6MM RECICLADO COR 4662/PET [4ff54870-b32f-4f50-91a5-935f3900ed02],110CM,15872670,626,15866717NBR3283070,26/06/2026,21/09/2026,31,21/08/2026,901355,,4ff54870-b32f-4f50-91a5-935f3900ed02,NIKE,134940,31,
DASS SEST714019086418110CM1587267015866718NBR328307020260626-1,OK,DASS SEST,7,140190,1278311,86418,ATAC. MR140014 6MM RECICLADO COR 4662/PET [a64bca8c-12ff-4572-8721-866647744031],110CM,15872670,636,15866718NBR3283070,26/06/2026,21/09/2026,31,21/08/2026,901356,,a64bca8c-12ff-4572-8721-866647744031,NIKE,134940,32,
DASS SEST714019086418110CM1587267015866756NBR328307320260626-1,OK,DASS SEST,7,140190,1278311,86418,ATAC. MR140014 6MM RECICLADO COR 4662/PET [9f9d96e4-31db-4f9b-94d3-177439c9e154],110CM,15872670,24,15866756NBR3283073,26/06/2026,21/09/2026,31,21/08/2026,901357,,9f9d96e4-31db-4f9b-94d3-177439c9e154,NIKE,134940,33,
DASS SEST714019086418115CM1587267015866715NBR328306020260626-1,OK,DASS SEST,7,140190,1278311,86418,ATAC. MR140014 6MM RECICLADO COR 4662/PET [6e3d1598-2a16-48c5-aafb-e616261cfd2f],115CM,15872670,204,15866715NBR3283060,26/06/2026,21/09/2026,31,21/08/2026,901358,,6e3d1598-2a16-48c5-aafb-e616261cfd2f,NIKE,134940,34,
DASS SEST714019086418115CM1587267015866716NBR328306020260626-1,OK,DASS SEST,7,140190,1278311,86418,ATAC. MR140014 6MM RECICLADO COR 4662/PET [8c220934-5349-42cd-969f-6051ee484fcf],115CM,15872670,234,15866716NBR3283060,26/06/2026,21/09/2026,31,21/08/2026,901359,,8c220934-5349-42cd-969f-6051ee484fcf,NIKE,134940,35,
DASS SEST714019086418115CM1587267015866717NBR328307020260626-1,OK,DASS SEST,7,140190,1278311,86418,ATAC. MR140014 6MM RECICLADO COR 4662/PET [aaa1dd68-92dc-485f-9928-ebe5808d00f0],115CM,15872670,204,15866717NBR3283070,26/06/2026,21/09/2026,31,21/08/2026,901360,,aaa1dd68-92dc-485f-9928-ebe5808d00f0,NIKE,134940,36,
DASS SEST714019086418115CM1587267015866718NBR328307020260626-1,OK,DASS SEST,7,140190,1278311,86418,ATAC. MR140014 6MM RECICLADO COR 4662/PET [49f92755-c9c7-47f3-be93-872339430bb4],115CM,15872670,234,15866718NBR3283070,26/06/2026,21/09/2026,31,21/08/2026,901361,,49f92755-c9c7-47f3-be93-872339430bb4,NIKE,134940,37,
DASS SEST714076482628105CM1591518015903700NBR328314920260710-1,OK,DASS SEST,7,140764,1188919,82628,ATAC. MR140014 6MM RECICLADO COR 4085/PET [c582149e-fc38-47cd-89ce-ad532fad0b8a],105CM,15915180,591,15903700NBR3283149,10/07/2026,21/09/2026,31,21/08/2026,901362,,c582149e-fc38-47cd-89ce-ad532fad0b8a,NIKE,135476,1,
DASS SEST714076482628105CM1591518015903702NBR328314920260710-1,OK,DASS SEST,7,140764,1188919,82628,ATAC. MR140014 6MM RECICLADO COR 4085/PET [6f129fbf-c113-422f-bc73-40b4c8d4e245],105CM,15915180,552,15903702NBR3283149,10/07/2026,21/09/2026,31,21/08/2026,901363,,6f129fbf-c113-422f-bc73-40b4c8d4e245,NIKE,135476,2,
DASS SEST714076482628105CM1591518015903703NBR328314920260710-1,OK,DASS SEST,7,140764,1188919,82628,ATAC. MR140014 6MM RECICLADO COR 4085/PET [4c4e2b3a-55fa-45c4-b9ac-77857ebb8e60],105CM,15915180,612,15903703NBR3283149,10/07/2026,21/09/2026,31,21/08/2026,901364,,4c4e2b3a-55fa-45c4-b9ac-77857ebb8e60,NIKE,135476,3,
DASS SEST714076482628110CM1591518015903700NBR328314920260710-1,OK,DASS SEST,7,140764,1188919,82628,ATAC. MR140014 6MM RECICLADO COR 4085/PET [fca26f8c-dec2-4b64-a5ca-d2769be54c41],110CM,15915180,282,15903700NBR3283149,10/07/2026,21/09/2026,31,21/08/2026,901365,,fca26f8c-dec2-4b64-a5ca-d2769be54c41,NIKE,135476,4,
DASS SEST714076482628110CM1591518015903702NBR328314920260710-1,OK,DASS SEST,7,140764,1188919,82628,ATAC. MR140014 6MM RECICLADO COR 4085/PET [ba53a251-efb5-4c72-a1ec-02055a32e9d6],110CM,15915180,240,15903702NBR3283149,10/07/2026,21/09/2026,31,21/08/2026,901366,,ba53a251-efb5-4c72-a1ec-02055a32e9d6,NIKE,135476,5,
DASS SEST714076482628110CM1591518015903703NBR328314920260710-1,OK,DASS SEST,7,140764,1188919,82628,ATAC. MR140014 6MM RECICLADO COR 4085/PET [8c432ef0-e8e2-479c-9b93-25140b3b05b0],110CM,15915180,264,15903703NBR3283149,10/07/2026,21/09/2026,31,21/08/2026,901367,,8c432ef0-e8e2-479c-9b93-25140b3b05b0,NIKE,135476,6,
DASS SEST714076496072105CM1591518015903694NBR328315520260710-1,OK,DASS SEST,7,140764,1425212,96072,ATAC. MR140014 6MM RECICLADO COR 6255/PET [7ab6aa86-8398-4231-9c5f-10ef6057d670],105CM,15915180,12,15903694NBR3283155,10/07/2026,21/09/2026,31,21/08/2026,901368,,7ab6aa86-8398-4231-9c5f-10ef6057d670,NIKE,135476,7,
DASS SEST714076496072105CM1591518015903695NBR328315520260710-1,OK,DASS SEST,7,140764,1425212,96072,ATAC. MR140014 6MM RECICLADO COR 6255/PET [afb9b282-38c5-41e7-8036-dc946872e07b],105CM,15915180,24,15903695NBR3283155,10/07/2026,21/09/2026,31,21/08/2026,901369,,afb9b282-38c5-41e7-8036-dc946872e07b,NIKE,135476,8,
DASS SEST714076496072110CM1591518015903694NBR328315520260710-1,OK,DASS SEST,7,140764,1425212,96072,ATAC. MR140014 6MM RECICLADO COR 6255/PET [5a8f8530-e017-48fd-b7e2-9e46dc8c1749],110CM,15915180,812,15903694NBR3283155,10/07/2026,21/09/2026,31,21/08/2026,901370,,5a8f8530-e017-48fd-b7e2-9e46dc8c1749,NIKE,135476,9,
DASS SEST714076496072110CM1591518015903695NBR328315520260710-1,OK,DASS SEST,7,140764,1425212,96072,ATAC. MR140014 6MM RECICLADO COR 6255/PET [0afdc8d0-58b7-4d3c-a492-ef5e9a40f0b9],110CM,15915180,870,15903695NBR3283155,10/07/2026,21/09/2026,31,21/08/2026,901371,,0afdc8d0-58b7-4d3c-a492-ef5e9a40f0b9,NIKE,135476,10,
DASS SEST714076496072115CM1591518015903694NBR328315520260710-1,OK,DASS SEST,7,140764,1425212,96072,ATAC. MR140014 6MM RECICLADO COR 6255/PET [523ff96b-8e2b-4ca8-aafc-df452c8f1f25],115CM,15915180,84,15903694NBR3283155,10/07/2026,21/09/2026,31,21/08/2026,901372,,523ff96b-8e2b-4ca8-aafc-df452c8f1f25,NIKE,135476,11,
DASS SEST714076496072115CM1591518015903695NBR328315520260710-1,OK,DASS SEST,7,140764,1425212,96072,ATAC. MR140014 6MM RECICLADO COR 6255/PET [ffef537b-60d5-41c1-8b41-4ee5107b6f19],115CM,15915180,114,15903695NBR3283155,10/07/2026,21/09/2026,31,21/08/2026,901373,,ffef537b-60d5-41c1-8b41-4ee5107b6f19,NIKE,135476,12,
DASS SEST714076495893110CM1591518015903723NBR328288420260710-1,OK,DASS SEST,7,140764,1426514,95893,ATAC. MR130027 6MM RECICLADO COR 6249/PET [68132b1b-2c5d-44fe-b87e-1230c0006fb4],110CM,15915180,348,15903723NBR3282884,10/07/2026,21/09/2026,31,21/08/2026,901374,,68132b1b-2c5d-44fe-b87e-1230c0006fb4,NIKE,135476,13,
DASS SEST714076495893115CM1591518015903723NBR328288420260710-1,OK,DASS SEST,7,140764,1426514,95893,ATAC. MR130027 6MM RECICLADO COR 6249/PET [ac59499b-4f26-4a89-8b51-3e67a9a8e609],115CM,15915180,986,15903723NBR3282884,10/07/2026,21/09/2026,31,21/08/2026,901375,,ac59499b-4f26-4a89-8b51-3e67a9a8e609,NIKE,135476,14,
DASS SEST714076495893120CM1591518015903723NBR328288420260710-1,OK,DASS SEST,7,140764,1426514,95893,ATAC. MR130027 6MM RECICLADO COR 6249/PET [a48ea591-64ba-4631-bfbc-0b261a8fdf3e],120CM,15915180,150,15903723NBR3282884,10/07/2026,21/09/2026,31,21/08/2026,901376,,a48ea591-64ba-4631-bfbc-0b261a8fdf3e,NIKE,135476,15,
DASS SEST714084896119110CM1592819515903707NBR328305520260715-1,OK,DASS SEST,7,140848,1451084,96119,ATAC. MR130027 6MM RECICLADO COR 5687/PET [4084efec-8bbb-4932-af5f-98e0f8bc083e],110CM,15928195,108,15903707NBR3283055,15/07/2026,21/09/2026,31,21/08/2026,901377,,4084efec-8bbb-4932-af5f-98e0f8bc083e,NIKE,135559,1,
DASS SEST714084896119110CM1592819515903708NBR328305520260715-1,OK,DASS SEST,7,140848,1451084,96119,ATAC. MR130027 6MM RECICLADO COR 5687/PET [df13cc87-1005-48ee-8b87-f2edfb0c6fe5],110CM,15928195,120,15903708NBR3283055,15/07/2026,21/09/2026,31,21/08/2026,901378,,df13cc87-1005-48ee-8b87-f2edfb0c6fe5,NIKE,135559,2,
DASS SEST714084896119110CM1592819515903709NBR328306620260715-1,OK,DASS SEST,7,140848,1451084,96119,ATAC. MR130027 6MM RECICLADO COR 5687/PET [2b8a3b15-4951-49d7-b747-4f6d88bd464d],110CM,15928195,108,15903709NBR3283066,15/07/2026,21/09/2026,31,21/08/2026,901379,,2b8a3b15-4951-49d7-b747-4f6d88bd464d,NIKE,135559,3,
DASS SEST714084896119110CM1592819515903710NBR328306620260715-1,OK,DASS SEST,7,140848,1451084,96119,ATAC. MR130027 6MM RECICLADO COR 5687/PET [e074b3c8-c5f5-4795-a660-14440eb4290e],110CM,15928195,126,15903710NBR3283066,15/07/2026,21/09/2026,31,21/08/2026,901380,,e074b3c8-c5f5-4795-a660-14440eb4290e,NIKE,135559,4,
DASS SEST714084896119110CM1592819515903711NBR328306820260715-1,OK,DASS SEST,7,140848,1451084,96119,ATAC. MR130027 6MM RECICLADO COR 5687/PET [7fc122e8-fd6c-4f35-b903-f9f7092d5fe8],110CM,15928195,108,15903711NBR3283068,15/07/2026,21/09/2026,31,21/08/2026,901381,,7fc122e8-fd6c-4f35-b903-f9f7092d5fe8,NIKE,135559,5,
DASS SEST714084896119110CM1592819515903714NBR328306820260715-1,OK,DASS SEST,7,140848,1451084,96119,ATAC. MR130027 6MM RECICLADO COR 5687/PET [7d65763e-b7fc-45c2-9d5f-c35101502497],110CM,15928195,120,15903714NBR3283068,15/07/2026,21/09/2026,31,21/08/2026,901382,,7d65763e-b7fc-45c2-9d5f-c35101502497,NIKE,135559,6,
DASS SEST714084896119115CM1592819515903707NBR328305520260715-1,OK,DASS SEST,7,140848,1451084,96119,ATAC. MR130027 6MM RECICLADO COR 5687/PET [4058152d-89a1-4e35-862a-fb6a4be83eca],115CM,15928195,572,15903707NBR3283055,15/07/2026,21/09/2026,31,21/08/2026,901383,,4058152d-89a1-4e35-862a-fb6a4be83eca,NIKE,135559,7,
DASS SEST714084896119115CM1592819515903708NBR328305520260715-1,OK,DASS SEST,7,140848,1451084,96119,ATAC. MR130027 6MM RECICLADO COR 5687/PET [4d7af83e-9f7c-4c67-93b9-e81359248929],115CM,15928195,570,15903708NBR3283055,15/07/2026,21/09/2026,31,21/08/2026,901384,,4d7af83e-9f7c-4c67-93b9-e81359248929,NIKE,135559,8,
DASS SEST714084896119115CM1592819515903709NBR328306620260715-1,OK,DASS SEST,7,140848,1451084,96119,ATAC. MR130027 6MM RECICLADO COR 5687/PET [53e565c0-2e13-463e-810a-ed50ae46b814],115CM,15928195,572,15903709NBR3283066,15/07/2026,21/09/2026,31,21/08/2026,901385,,53e565c0-2e13-463e-810a-ed50ae46b814,NIKE,135559,9,
DASS SEST714084896119115CM1592819515903710NBR328306620260715-1,OK,DASS SEST,7,140848,1451084,96119,ATAC. MR130027 6MM RECICLADO COR 5687/PET [03b11e26-1c52-4690-8841-dc29659dc3a9],115CM,15928195,576,15903710NBR3283066,15/07/2026,21/09/2026,31,21/08/2026,901386,,03b11e26-1c52-4690-8841-dc29659dc3a9,NIKE,135559,10,
DASS SEST714084896119115CM1592819515903711NBR328306820260715-1,OK,DASS SEST,7,140848,1451084,96119,ATAC. MR130027 6MM RECICLADO COR 5687/PET [37c2067b-4017-4aff-a7e4-ddfc4da1b522],115CM,15928195,572,15903711NBR3283068,15/07/2026,21/09/2026,31,21/08/2026,901387,,37c2067b-4017-4aff-a7e4-ddfc4da1b522,NIKE,135559,11,
DASS SEST714084896119115CM1592819515903714NBR328306820260715-1,OK,DASS SEST,7,140848,1451084,96119,ATAC. MR130027 6MM RECICLADO COR 5687/PET [8c6a6191-71e3-4e7b-95cb-e4858b746e82],115CM,15928195,570,15903714NBR3283068,15/07/2026,21/09/2026,31,21/08/2026,901388,,8c6a6191-71e3-4e7b-95cb-e4858b746e82,NIKE,135559,12,
DASS SEST714084896119120CM1592819515903707NBR328305520260715-1,OK,DASS SEST,7,140848,1451084,96119,ATAC. MR130027 6MM RECICLADO COR 5687/PET [40bada0c-7b12-4bdb-9220-c56ef1462090],120CM,15928195,132,15903707NBR3283055,15/07/2026,21/09/2026,31,21/08/2026,901389,,40bada0c-7b12-4bdb-9220-c56ef1462090,NIKE,135559,13,
DASS SEST714084896119120CM1592819515903708NBR328305520260715-1,OK,DASS SEST,7,140848,1451084,96119,ATAC. MR130027 6MM RECICLADO COR 5687/PET [4f13bcb3-d447-4423-8d96-adc6009bfa53],120CM,15928195,138,15903708NBR3283055,15/07/2026,21/09/2026,31,21/08/2026,901390,,4f13bcb3-d447-4423-8d96-adc6009bfa53,NIKE,135559,14,
DASS SEST714084896119120CM1592819515903709NBR328306620260715-1,OK,DASS SEST,7,140848,1451084,96119,ATAC. MR130027 6MM RECICLADO COR 5687/PET [b4ffde88-dc23-47d0-ab19-3aca627db870],120CM,15928195,132,15903709NBR3283066,15/07/2026,21/09/2026,31,21/08/2026,901391,,b4ffde88-dc23-47d0-ab19-3aca627db870,NIKE,135559,15,
DASS SEST714084896119120CM1592819515903710NBR328306620260715-1,OK,DASS SEST,7,140848,1451084,96119,ATAC. MR130027 6MM RECICLADO COR 5687/PET [b2b13357-2066-4868-900c-294857874f5c],120CM,15928195,138,15903710NBR3283066,15/07/2026,21/09/2026,31,21/08/2026,901392,,b2b13357-2066-4868-900c-294857874f5c,NIKE,135559,16,
DASS SEST714084896119120CM1592819515903711NBR328306820260715-1,OK,DASS SEST,7,140848,1451084,96119,ATAC. MR130027 6MM RECICLADO COR 5687/PET [46245ecb-aa89-4e2c-a085-4171589db014],120CM,15928195,132,15903711NBR3283068,15/07/2026,21/09/2026,31,21/08/2026,901393,,46245ecb-aa89-4e2c-a085-4171589db014,NIKE,135559,17,
DASS SEST714084896119120CM1592819515903714NBR328306820260715-1,OK,DASS SEST,7,140848,1451084,96119,ATAC. MR130027 6MM RECICLADO COR 5687/PET [fd5375a9-fea6-4b2d-a813-bda6e6ec2831],120CM,15928195,138,15903714NBR3283068,15/07/2026,21/09/2026,31,21/08/2026,901394,,fd5375a9-fea6-4b2d-a813-bda6e6ec2831,NIKE,135559,18,
DASS SEST714095192568115CM1594409515941755NBR328329120260717-1,OK,DASS SEST,7,140951,1027849,92568,ATAC. MR110012 8MM RECICLADO COR 4085/PET [c8f7be8a-1d28-4057-8e03-fa53202cab94],115CM,15944095,216,15941755NBR3283291,17/07/2026,21/09/2026,31,21/08/2026,901395,,c8f7be8a-1d28-4057-8e03-fa53202cab94,NIKE,135638,1,
DASS SEST714095192568115CM1594409515941756NBR328329120260717-1,OK,DASS SEST,7,140951,1027849,92568,ATAC. MR110012 8MM RECICLADO COR 4085/PET [28c8a9ef-4a6b-431e-aeae-20a2aaca4cb6],115CM,15944095,234,15941756NBR3283291,17/07/2026,21/09/2026,31,21/08/2026,901396,,28c8a9ef-4a6b-431e-aeae-20a2aaca4cb6,NIKE,135638,2,
DASS SEST714095192568115CM1594409515941750NBR328329420260717-1,OK,DASS SEST,7,140951,1027849,92568,ATAC. MR110012 8MM RECICLADO COR 4085/PET [35f7f00a-c70f-45a4-91d1-79da44d4ab8a],115CM,15944095,252,15941750NBR3283294,17/07/2026,21/09/2026,31,21/08/2026,901397,,35f7f00a-c70f-45a4-91d1-79da44d4ab8a,NIKE,135638,3,
DASS SEST714095192568115CM1594409515941751NBR328329420260717-1,OK,DASS SEST,7,140951,1027849,92568,ATAC. MR110012 8MM RECICLADO COR 4085/PET [77edad66-5323-40c9-9993-075c2aa1f946],115CM,15944095,294,15941751NBR3283294,17/07/2026,21/09/2026,31,21/08/2026,901398,,77edad66-5323-40c9-9993-075c2aa1f946,NIKE,135638,4,
DASS SEST714095192568120CM1594409515941755NBR328329120260717-1,OK,DASS SEST,7,140951,1027849,92568,ATAC. MR110012 8MM RECICLADO COR 4085/PET [b266295e-d734-4c1f-ac1a-802b285c7c2c],120CM,15944095,626,15941755NBR3283291,17/07/2026,21/09/2026,31,21/08/2026,901399,,b266295e-d734-4c1f-ac1a-802b285c7c2c,NIKE,135638,5,
DASS SEST714095192568120CM1594409515941756NBR328329120260717-1,OK,DASS SEST,7,140951,1027849,92568,ATAC. MR110012 8MM RECICLADO COR 4085/PET [7aa68cce-db02-4688-bfc1-ae5885a07c9f],120CM,15944095,660,15941756NBR3283291,17/07/2026,21/09/2026,31,21/08/2026,901400,,7aa68cce-db02-4688-bfc1-ae5885a07c9f,NIKE,135638,6,
DASS SEST714095192568120CM1594409515941750NBR328329420260717-1,OK,DASS SEST,7,140951,1027849,92568,ATAC. MR110012 8MM RECICLADO COR 4085/PET [5d288276-2866-41a5-b677-993d8f9b0b6d],120CM,15944095,765,15941750NBR3283294,17/07/2026,21/09/2026,31,21/08/2026,901401,,5d288276-2866-41a5-b677-993d8f9b0b6d,NIKE,135638,7,
DASS SEST714095192568120CM1594409515941751NBR328329420260717-1,OK,DASS SEST,7,140951,1027849,92568,ATAC. MR110012 8MM RECICLADO COR 4085/PET [e27677ea-ac59-449e-a9a6-f4e7478172ae],120CM,15944095,774,15941751NBR3283294,17/07/2026,21/09/2026,31,21/08/2026,901402,,e27677ea-ac59-449e-a9a6-f4e7478172ae,NIKE,135638,8,
DASS SEST714142188808105CM1600277216001149NBR328338620260731-1,OK,DASS SEST,7,141421,1332602,88808,ATAC. M12176 5MM POLIESTER COR 4085 [4ed3604b-ed3e-4015-b7a4-f2599170b3e2],105CM,16002772,162,16001149NBR3283386,31/07/2026,21/09/2026,31,21/08/2026,901403,,4ed3604b-ed3e-4015-b7a4-f2599170b3e2,NIKE,136061,1,NORMAL
DASS SEST714142188808105CM1600277216001153NBR328338620260731-1,OK,DASS SEST,7,141421,1332602,88808,ATAC. M12176 5MM POLIESTER COR 4085 [5b1e34cf-cb86-4f2b-93c8-4f14474a0ec2],105CM,16002772,162,16001153NBR3283386,31/07/2026,21/09/2026,31,21/08/2026,901404,,5b1e34cf-cb86-4f2b-93c8-4f14474a0ec2,NIKE,136061,2,NORMAL
DASS SEST714142188808110CM1600277216001149NBR328338620260731-1,OK,DASS SEST,7,141421,1332602,88808,ATAC. M12176 5MM POLIESTER COR 4085 [06b93545-61f9-4e99-9e98-3beec5c2c76e],110CM,16002772,446,16001149NBR3283386,31/07/2026,21/09/2026,31,21/08/2026,901405,,06b93545-61f9-4e99-9e98-3beec5c2c76e,NIKE,136061,3,NORMAL
DASS SEST714142188808110CM1600277216001153NBR328338620260731-1,OK,DASS SEST,7,141421,1332602,88808,ATAC. M12176 5MM POLIESTER COR 4085 [f0033dcd-42ca-417d-8346-2a6d761103b7],110CM,16002772,456,16001153NBR3283386,31/07/2026,21/09/2026,31,21/08/2026,901406,,f0033dcd-42ca-417d-8346-2a6d761103b7,NIKE,136061,4,NORMAL
DASS SEST714142188808115CM1600277216001149NBR328338620260731-1,OK,DASS SEST,7,141421,1332602,88808,ATAC. M12176 5MM POLIESTER COR 4085 [6fc20f4c-177e-4ecc-b912-9bd928dfa3fa],115CM,16002772,144,16001149NBR3283386,31/07/2026,21/09/2026,31,21/08/2026,901407,,6fc20f4c-177e-4ecc-b912-9bd928dfa3fa,NIKE,136061,5,NORMAL
DASS SEST714142188808115CM1600277216001153NBR328338620260731-1,OK,DASS SEST,7,141421,1332602,88808,ATAC. M12176 5MM POLIESTER COR 4085 [199f1b66-e720-4fdc-b753-9ef27cc4603d],115CM,16002772,150,16001153NBR3283386,31/07/2026,21/09/2026,31,21/08/2026,901408,,199f1b66-e720-4fdc-b753-9ef27cc4603d,NIKE,136061,6,NORMAL
DASS SEST714142176555105CM1600277216001170NBR328339720260731-1,OK,DASS SEST,7,141421,1070873,76555,ATAC. MR130011 5MM RECICLADO COR 4085 [d2f477a2-e5c5-4ec2-b95c-9d8c18db8774],105CM,16002772,186,16001170NBR3283397,31/07/2026,21/09/2026,31,21/08/2026,901409,,d2f477a2-e5c5-4ec2-b95c-9d8c18db8774,NIKE,136061,7,NORMAL
DASS SEST714142176555105CM1600277216001171NBR328339720260731-1,OK,DASS SEST,7,141421,1070873,76555,ATAC. MR130011 5MM RECICLADO COR 4085 [5e1bb573-649e-401a-99a4-38ef8b9b9d5e],105CM,16002772,198,16001171NBR3283397,31/07/2026,21/09/2026,31,21/08/2026,901410,,5e1bb573-649e-401a-99a4-38ef8b9b9d5e,NIKE,136061,8,NORMAL
DASS SEST714142176555110CM1600277216001170NBR328339720260731-1,OK,DASS SEST,7,141421,1070873,76555,ATAC. MR130011 5MM RECICLADO COR 4085 [22cfb615-083e-4123-98b4-4797c7ccb37a],110CM,16002772,518,16001170NBR3283397,31/07/2026,21/09/2026,31,21/08/2026,901411,,22cfb615-083e-4123-98b4-4797c7ccb37a,NIKE,136061,9,NORMAL
DASS SEST714142176555110CM1600277216001171NBR328339720260731-1,OK,DASS SEST,7,141421,1070873,76555,ATAC. MR130011 5MM RECICLADO COR 4085 [4a1d6569-1918-4be3-be9a-e23ae0640261],110CM,16002772,534,16001171NBR3283397,31/07/2026,21/09/2026,31,21/08/2026,901412,,4a1d6569-1918-4be3-be9a-e23ae0640261,NIKE,136061,10,NORMAL
DASS SEST714142176555115CM1600277216001170NBR328339720260731-1,OK,DASS SEST,7,141421,1070873,76555,ATAC. MR130011 5MM RECICLADO COR 4085 [64cb277c-c46f-4038-b37c-ded9ecbf59ef],115CM,16002772,156,16001170NBR3283397,31/07/2026,21/09/2026,31,21/08/2026,901413,,64cb277c-c46f-4038-b37c-ded9ecbf59ef,NIKE,136061,11,NORMAL
DASS SEST714142176555115CM1600277216001171NBR328339720260731-1,OK,DASS SEST,7,141421,1070873,76555,ATAC. MR130011 5MM RECICLADO COR 4085 [73332178-8c96-4954-8a06-6f93a99f49de],115CM,16002772,186,16001171NBR3283397,31/07/2026,21/09/2026,31,21/08/2026,901414,,73332178-8c96-4954-8a06-6f93a99f49de,NIKE,136061,12,NORMAL
DASS SEST714142193661130CM1600277216001125NBR328337720260731-1,OK,DASS SEST,7,141421,1065806,93661,ATAC. MR110029 RECICLADO COR 4662/PET [f595aac4-461d-4995-88be-e0edb0397fd7],130CM,16002772,492,16001125NBR3283377,31/07/2026,21/09/2026,31,21/08/2026,901415,,f595aac4-461d-4995-88be-e0edb0397fd7,NIKE,136061,13,NORMAL
DASS SEST714142193661130CM1600277216001126NBR328337720260731-1,OK,DASS SEST,7,141421,1065806,93661,ATAC. MR110029 RECICLADO COR 4662/PET [99592533-0c59-4fa5-b875-5d37ffa91b9c],130CM,16002772,516,16001126NBR3283377,31/07/2026,21/09/2026,31,21/08/2026,901416,,99592533-0c59-4fa5-b875-5d37ffa91b9c,NIKE,136061,14,NORMAL
DASS SEST714142193661135CM1600277216001125NBR328337720260731-1,OK,DASS SEST,7,141421,1065806,93661,ATAC. MR110029 RECICLADO COR 4662/PET [d6453665-d1e1-44c6-866e-b610cb890645],135CM,16002772,488,16001125NBR3283377,31/07/2026,21/09/2026,31,21/08/2026,901417,,d6453665-d1e1-44c6-866e-b610cb890645,NIKE,136061,15,NORMAL
DASS SEST714142193661135CM1600277216001126NBR328337720260731-1,OK,DASS SEST,7,141421,1065806,93661,ATAC. MR110029 RECICLADO COR 4662/PET [40484c76-bfb2-44bc-ab02-4ea8782f67d5],135CM,16002772,468,16001126NBR3283377,31/07/2026,21/09/2026,31,21/08/2026,901418,,40484c76-bfb2-44bc-ab02-4ea8782f67d5,NIKE,136061,16,NORMAL
DASS SEST7141558742798MM1601213320260804-1,OK,DASS SEST,7,141558,1104263,74279,FITA MFGP C/ GOMA POLIESTER COR 447 [d1216369-cd3d-49ff-8b60-168a6fa5e0b9],8MM,16012133,100,0,04/08/2026,21/09/2026,31,21/08/2026,901419,,d1216369-cd3d-49ff-8b60-168a6fa5e0b9,FILA,136190,1,NORMAL
DASS SEST7141558781878MM1601213320260804-1,OK,DASS SEST,7,141558,1146621,78187,FITA MFGP C/ GOMA POLIESTER COR 053 [de8e1c23-db49-466b-a4f1-d4ad95802e5f],8MM,16012133,190,0,04/08/2026,21/09/2026,31,21/08/2026,901420,,de8e1c23-db49-466b-a4f1-d4ad95802e5f,FILA,136190,2,NORMAL
DASS SEST7141558923008MM1601213320260804-1,OK,DASS SEST,7,141558,1406202,92300,FITA MFGP C/ GOMA POLIESTER COR 788 [8c970b0f-00c6-4182-810b-3daeedd292c7],8MM,16012133,210,0,04/08/2026,21/09/2026,31,21/08/2026,901421,,8c970b0f-00c6-4182-810b-3daeedd292c7,FILA,136190,3,NORMAL
DASS SEST7141558932868MM1601213320260804-1,OK,DASS SEST,7,141558,1417375,93286,FITA MFGP C/ GOMA POLIESTER COR 6038 [fb1dc02f-14d1-4c4f-8d3f-cae7a9239596],8MM,16012133,250,0,04/08/2026,21/09/2026,31,21/08/2026,901422,,fb1dc02f-14d1-4c4f-8d3f-cae7a9239596,FILA,136190,4,NORMAL
DASS SEST71415589517616MM1601213320260804-1,OK,DASS SEST,7,141558,1320199,95176,FITA M31119 C/ GOMA POLIESTER COR 053 / COR 114 / COR 114 [f3483bbb-8937-4168-8926-cacacccab212],16MM,16012133,200,0,04/08/2026,21/09/2026,31,21/08/2026,901423,,f3483bbb-8937-4168-8926-cacacccab212,FILA,136190,5,NORMAL
DASS SEST71415589530116MM1601213320260804-1,OK,DASS SEST,7,141558,1416908,95301,FITA M31119 C/ GOMA POLIESTER COR 6038 / COR 5508 / COR 5508 [88ffb8c7-bcb9-45f8-9de1-7bd3d02b4e0c],16MM,16012133,280,0,04/08/2026,21/09/2026,31,21/08/2026,901424,,88ffb8c7-bcb9-45f8-9de1-7bd3d02b4e0c,FILA,136190,6,NORMAL
DASS SEST71415589548616MM1601213320260804-1,OK,DASS SEST,7,141558,1406217,95486,FITA M31119 C/ GOMA POLIESTER COR 447 / COR 100 / COR 100 [7c000b98-3b52-4fbb-b06c-9319eecb468d],16MM,16012133,110,0,04/08/2026,21/09/2026,31,21/08/2026,901425,,7c000b98-3b52-4fbb-b06c-9319eecb468d,FILA,136190,7,NORMAL
DASS SEST71415589571216MM1601213320260804-1,OK,DASS SEST,7,141558,1406222,95712,FITA M31119 C/ GOMA POLIESTER COR 788 / COR 599 / COR 599 [9ef6168c-4ccd-49c2-9988-ce07884e7ea6],16MM,16012133,230,0,04/08/2026,21/09/2026,31,21/08/2026,901426,,9ef6168c-4ccd-49c2-9988-ce07884e7ea6,FILA,136190,8,NORMAL
DASS SEST714191893661130CM1604646716045927NBR328345720260814-1,OK,DASS SEST,7,141918,1065806,93661,ATAC. MR110029 RECICLADO COR 4662/PET [35654b0e-27ba-434c-9faf-0483c8e6a1e0],130CM,16046467,468,16045927NBR3283457,14/08/2026,21/09/2026,31,21/08/2026,901427,,35654b0e-27ba-434c-9faf-0483c8e6a1e0,NIKE,136594,1,NORMAL
DASS SEST714191893661130CM1604646716045928NBR328345720260814-1,OK,DASS SEST,7,141918,1065806,93661,ATAC. MR110029 RECICLADO COR 4662/PET [c1a732ed-96be-4947-8229-e5838fb4f17c],130CM,16046467,504,16045928NBR3283457,14/08/2026,21/09/2026,31,21/08/2026,901428,,c1a732ed-96be-4947-8229-e5838fb4f17c,NIKE,136594,2,NORMAL
DASS SEST714191893661130CM1604646716045933NBR328346020260814-1,OK,DASS SEST,7,141918,1065806,93661,ATAC. MR110029 RECICLADO COR 4662/PET [1cfcbc12-4bc9-40bb-be3e-8d02a486d5ee],130CM,16046467,468,16045933NBR3283460,14/08/2026,21/09/2026,31,21/08/2026,901429,,1cfcbc12-4bc9-40bb-be3e-8d02a486d5ee,NIKE,136594,3,NORMAL
DASS SEST714191893661130CM1604646716045934NBR328346020260814-1,OK,DASS SEST,7,141918,1065806,93661,ATAC. MR110029 RECICLADO COR 4662/PET [a4899ea9-ef03-4cd7-a89b-0e485fad8e2f],130CM,16046467,510,16045934NBR3283460,14/08/2026,21/09/2026,31,21/08/2026,901430,,a4899ea9-ef03-4cd7-a89b-0e485fad8e2f,NIKE,136594,4,NORMAL
DASS SEST714191893661135CM1604646716045927NBR328345720260814-1,OK,DASS SEST,7,141918,1065806,93661,ATAC. MR110029 RECICLADO COR 4662/PET [8bd07807-c35c-44a8-9224-317262c137e8],135CM,16046467,494,16045927NBR3283457,14/08/2026,21/09/2026,31,21/08/2026,901431,,8bd07807-c35c-44a8-9224-317262c137e8,NIKE,136594,5,NORMAL
DASS SEST714191893661135CM1604646716045928NBR328345720260814-1,OK,DASS SEST,7,141918,1065806,93661,ATAC. MR110029 RECICLADO COR 4662/PET [c14ff52e-7192-4a25-9856-17e378d4219f],135CM,16046467,486,16045928NBR3283457,14/08/2026,21/09/2026,31,21/08/2026,901432,,c14ff52e-7192-4a25-9856-17e378d4219f,NIKE,136594,6,NORMAL
DASS SEST714191893661135CM1604646716045933NBR328346020260814-1,OK,DASS SEST,7,141918,1065806,93661,ATAC. MR110029 RECICLADO COR 4662/PET [beb35207-d07d-4a57-9e87-434d261c08bf],135CM,16046467,494,16045933NBR3283460,14/08/2026,21/09/2026,31,21/08/2026,901433,,beb35207-d07d-4a57-9e87-434d261c08bf,NIKE,136594,7,NORMAL
DASS SEST714191893661135CM1604646716045934NBR328346020260814-1,OK,DASS SEST,7,141918,1065806,93661,ATAC. MR110029 RECICLADO COR 4662/PET [6b2aef56-1655-40d8-bb87-9bdc22790455],135CM,16046467,486,16045934NBR3283460,14/08/2026,21/09/2026,31,21/08/2026,901434,,6b2aef56-1655-40d8-bb87-9bdc22790455,NIKE,136594,8,NORMAL
DASS SEST71419197423610MM1604678020260814-1,OK,DASS SEST,7,141919,1065276,74236,FITA MR100001 C/ GOMA RECICLADO COR 4662/PET [cfa43b83-cbb1-4ec1-b78a-6e839b823dad],10MM,16046780,260,0,14/08/2026,21/09/2026,31,21/08/2026,901435,,cfa43b83-cbb1-4ec1-b78a-6e839b823dad,NIKE,136595,1,NORMAL
DASS ITABERABA7014152073237115CM1600756915997515BRITB0055420260803-1,OK,DASS ITABERABA,70,141520,1211117,73237,ATAC. M6034 8MM ALPINA COR 2001 [aa1d3fc8-ad9e-4022-993a-bbfeffeebf23],115CM,16007569,300,15997515BRITB00554,03/08/2026,21/09/2026,31,21/08/2026,901436,,aa1d3fc8-ad9e-4022-993a-bbfeffeebf23,FILA,136155,1,NORMAL
DASS ITABERABA7014152073237125CM1600756915997515BRITB0055420260803-1,OK,DASS ITABERABA,70,141520,1211117,73237,ATAC. M6034 8MM ALPINA COR 2001 [23cc941a-1137-4be2-9e28-5abdfc7246c8],125CM,16007569,336,15997515BRITB00554,03/08/2026,21/09/2026,31,21/08/2026,901437,,23cc941a-1137-4be2-9e28-5abdfc7246c8,FILA,136155,2,NORMAL
DASS ITABERABA7014152090560115CM1600756915997516BRITB0055420260803-1,OK,DASS ITABERABA,70,141520,1331660,90560,ATAC. M6034 8MM ALPINA COR 2383 [30b70713-e2d4-4c24-916f-17f831b2a30e],115CM,16007569,300,15997516BRITB00554,03/08/2026,21/09/2026,31,21/08/2026,901438,,30b70713-e2d4-4c24-916f-17f831b2a30e,FILA,136155,3,NORMAL
DASS ITABERABA7014152090560125CM1600756915997516BRITB0055420260803-1,OK,DASS ITABERABA,70,141520,1331660,90560,ATAC. M6034 8MM ALPINA COR 2383 [6a180534-86e8-41c8-8201-e833b2e0436c],125CM,16007569,348,15997516BRITB00554,03/08/2026,21/09/2026,31,21/08/2026,901439,,6a180534-86e8-41c8-8201-e833b2e0436c,FILA,136155,4,NORMAL
DASS ITABERABA7014152096312115CM1600756915997508BRITB0055420260803-1,OK,DASS ITABERABA,70,141520,1421377,96312,ATAC. M6034C 8MM ALPINA COR 2466 [cc9d1815-31d6-4f9d-85c8-6943f3139ef0],115CM,16007569,348,15997508BRITB00554,03/08/2026,21/09/2026,31,21/08/2026,901440,,cc9d1815-31d6-4f9d-85c8-6943f3139ef0,FILA,136155,5,NORMAL
DASS ITABERABA7014152096312125CM1600756915997508BRITB0055420260803-1,OK,DASS ITABERABA,70,141520,1421377,96312,ATAC. M6034C 8MM ALPINA COR 2466 [8b13dee0-f57f-4e29-bd34-7d854885bfdf],125CM,16007569,372,15997508BRITB00554,03/08/2026,21/09/2026,31,21/08/2026,901441,,8b13dee0-f57f-4e29-bd34-7d854885bfdf,FILA,136155,6,NORMAL
DASS ITABERABA7014152096313115CM1600756915997517BRITB0055420260803-1,OK,DASS ITABERABA,70,141520,1421372,96313,ATAC. M6034C 8MM ALPINA COR 2472 [8e02e8f2-c499-4200-97c9-fb569eeed7a2],115CM,16007569,240,15997517BRITB00554,03/08/2026,21/09/2026,31,21/08/2026,901442,,8e02e8f2-c499-4200-97c9-fb569eeed7a2,FILA,136155,7,NORMAL
DASS ITABERABA7014152096313125CM1600756915997517BRITB0055420260803-1,OK,DASS ITABERABA,70,141520,1421372,96313,ATAC. M6034C 8MM ALPINA COR 2472 [81ac03a5-9ba8-4dba-bc7f-e4473ff9c621],125CM,16007569,288,15997517BRITB00554,03/08/2026,21/09/2026,31,21/08/2026,901443,,81ac03a5-9ba8-4dba-bc7f-e4473ff9c621,FILA,136155,8,NORMAL
DASS SANTO ANTONIO152614052310536MM1588846720260706-1,OK,DASS SANTO ANTONIO,1526,140523,738316,1053,ELAST. MTM POLIESTER COR 100 [f45cde2e-d067-4221-a58a-2cdd6a89f068],6MM,15888467,1388,0,06/07/2026,21/09/2026,31,21/08/2026,901444,,f45cde2e-d067-4221-a58a-2cdd6a89f068,FILA,135198,1,
DASS SANTO ANTONIO1526140523832026MM1588846720260706-1,OK,DASS SANTO ANTONIO,1526,140523,1362716,83202,ELAST. MTM POLIESTER COR 334 [806d7a67-e751-4eec-a376-36cbf9488799],6MM,15888467,670,0,06/07/2026,21/09/2026,31,21/08/2026,901445,,806d7a67-e751-4eec-a376-36cbf9488799,FILA,135198,2,
DASS SANTO ANTONIO1526140523874446MM1588846720260706-1,OK,DASS SANTO ANTONIO,1526,140523,738314,87444,ELAST. MTM POLIESTER COR 057 [b3825109-28f7-47f1-85a7-118c686b9f5c],6MM,15888467,1104,0,06/07/2026,21/09/2026,31,21/08/2026,901446,,b3825109-28f7-47f1-85a7-118c686b9f5c,FILA,135198,3,
DASS SEST71401088262418MM1585679420260625-1,OK,DASS SEST,7,140108,1220520,82624,FITA MR100037 C/ GOMA RECICLADO COR 100/PET [2a453b11-309c-4a83-a839-52c6ce766fc9],18MM,15856794,550,0,25/06/2026,28/09/2026,38,21/08/2026,901447,,2a453b11-309c-4a83-a839-52c6ce766fc9,NIKE,134807,1,
DASS SEST71401087312710MM1585679420260625-1,OK,DASS SEST,7,140108,1142481,73127,FITA MR100005 C/ GOMA RECICLADO COR 4085 [3f47d44c-d5c1-4454-b8c9-537d0e000295],10MM,15856794,200,0,25/06/2026,28/09/2026,38,21/08/2026,901448,,3f47d44c-d5c1-4454-b8c9-537d0e000295,NIKE,134807,2,
DASS SEST71401089080310MM1585679420260625-1,OK,DASS SEST,7,140108,1359564,90803,FITA MR100005 C/ GOMA RECICLADO COR 101 [a363015d-8651-4376-9b75-94d93c3a58a5],10MM,15856794,170,0,25/06/2026,28/09/2026,38,21/08/2026,901449,,a363015d-8651-4376-9b75-94d93c3a58a5,NIKE,134807,3,
DASS SEST714013182628100CM1585579315851826NBR328302020260625-1,OK,DASS SEST,7,140131,1188919,82628,ATAC. MR140014 6MM RECICLADO COR 4085/PET [a9a6d025-3493-4a5f-ace6-946cd85d8fec],100CM,15855793,518,15851826NBR3283020,25/06/2026,28/09/2026,38,21/08/2026,901450,,a9a6d025-3493-4a5f-ace6-946cd85d8fec,NIKE,134822,1,
DASS SEST714013182628100CM1585579315851827NBR328302020260625-1,OK,DASS SEST,7,140131,1188919,82628,ATAC. MR140014 6MM RECICLADO COR 4085/PET [d2b7119b-c556-4bae-ba94-6261e9ef158a],100CM,15855793,558,15851827NBR3283020,25/06/2026,28/09/2026,38,21/08/2026,901451,,d2b7119b-c556-4bae-ba94-6261e9ef158a,NIKE,134822,2,
DASS SEST714013182628100CM1585579315851825NBR328303820260625-1,OK,DASS SEST,7,140131,1188919,82628,ATAC. MR140014 6MM RECICLADO COR 4085/PET [0a1ca640-a5ac-4057-a2ae-b90c288ba258],100CM,15855793,12,15851825NBR3283038,25/06/2026,28/09/2026,38,21/08/2026,901452,,0a1ca640-a5ac-4057-a2ae-b90c288ba258,NIKE,134822,3,
DASS SEST714013182628105CM1585579315851826NBR328302020260625-1,OK,DASS SEST,7,140131,1188919,82628,ATAC. MR140014 6MM RECICLADO COR 4085/PET [5a89d66e-3a77-4069-bb2e-cd79be3968ef],105CM,15855793,270,15851826NBR3283020,25/06/2026,28/09/2026,38,21/08/2026,901453,,5a89d66e-3a77-4069-bb2e-cd79be3968ef,NIKE,134822,4,
DASS SEST714013182628105CM1585579315851827NBR328302020260625-1,OK,DASS SEST,7,140131,1188919,82628,ATAC. MR140014 6MM RECICLADO COR 4085/PET [cd8bfbfd-d566-4ef8-bad5-ddfa17b541c9],105CM,15855793,282,15851827NBR3283020,25/06/2026,28/09/2026,38,21/08/2026,901454,,cd8bfbfd-d566-4ef8-bad5-ddfa17b541c9,NIKE,134822,5,
DASS SEST714013182628105CM1585579315851825NBR328303820260625-1,OK,DASS SEST,7,140131,1188919,82628,ATAC. MR140014 6MM RECICLADO COR 4085/PET [ece03082-d946-403a-be6c-858ea933ff32],105CM,15855793,486,15851825NBR3283038,25/06/2026,28/09/2026,38,21/08/2026,901455,,ece03082-d946-403a-be6c-858ea933ff32,NIKE,134822,6,
DASS SEST714013182628110CM1585579315851825NBR328303820260625-1,OK,DASS SEST,7,140131,1188919,82628,ATAC. MR140014 6MM RECICLADO COR 4085/PET [6444a5d1-042b-4bc1-9317-a20288de3542],110CM,15855793,722,15851825NBR3283038,25/06/2026,28/09/2026,38,21/08/2026,901456,,6444a5d1-042b-4bc1-9317-a20288de3542,NIKE,134822,7,
DASS SEST714013182628115CM1585579315851825NBR328303820260625-1,OK,DASS SEST,7,140131,1188919,82628,ATAC. MR140014 6MM RECICLADO COR 4085/PET [94520154-9e8a-4376-a78e-f0c3da14f970],115CM,15855793,90,15851825NBR3283038,25/06/2026,28/09/2026,38,21/08/2026,901457,,94520154-9e8a-4376-a78e-f0c3da14f970,NIKE,134822,8,
DASS SEST714013195896100CM1585579315851846NBR328304620260625-1,OK,DASS SEST,7,140131,1425163,95896,ATAC. MR140014 6MM RECICLADO COR 6163/PET [318fd697-85d1-4a9e-b342-4d189e64e1da],100CM,15855793,12,15851846NBR3283046,25/06/2026,28/09/2026,38,21/08/2026,901458,,318fd697-85d1-4a9e-b342-4d189e64e1da,NIKE,134822,9,
DASS SEST714013195896105CM1585579315851846NBR328304620260625-1,OK,DASS SEST,7,140131,1425163,95896,ATAC. MR140014 6MM RECICLADO COR 6163/PET [c3937437-f893-4d92-a4b2-c00351c17016],105CM,15855793,366,15851846NBR3283046,25/06/2026,28/09/2026,38,21/08/2026,901459,,c3937437-f893-4d92-a4b2-c00351c17016,NIKE,134822,10,
DASS SEST714013195896110CM1585579315851846NBR328304620260625-1,OK,DASS SEST,7,140131,1425163,95896,ATAC. MR140014 6MM RECICLADO COR 6163/PET [588aacc1-c807-46cb-bc23-bd492ad5a877],110CM,15855793,554,15851846NBR3283046,25/06/2026,28/09/2026,38,21/08/2026,901460,,588aacc1-c807-46cb-bc23-bd492ad5a877,NIKE,134822,11,
DASS SEST714013195896115CM1585579315851846NBR328304620260625-1,OK,DASS SEST,7,140131,1425163,95896,ATAC. MR140014 6MM RECICLADO COR 6163/PET [976f9a8e-f889-4b0b-999a-abf95bd53ece],115CM,15855793,72,15851846NBR3283046,25/06/2026,28/09/2026,38,21/08/2026,901461,,976f9a8e-f889-4b0b-999a-abf95bd53ece,NIKE,134822,12,
DASS SEST714013188668110CM1585579315851834NBR328302920260625-1,OK,DASS SEST,7,140131,1304277,88668,ATAC. MR110022 7MM RECICLADO COR 4085/PET / COR 496/PET [975bf100-73a2-42f6-a884-df353f890668],110CM,15855793,270,15851834NBR3283029,25/06/2026,28/09/2026,38,21/08/2026,901462,,975bf100-73a2-42f6-a884-df353f890668,NIKE,134822,13,
DASS SEST714013188668110CM1585579315851835NBR328303020260625-1,OK,DASS SEST,7,140131,1304277,88668,ATAC. MR110022 7MM RECICLADO COR 4085/PET / COR 496/PET [e2991c12-e35b-4c18-a65d-da781757f435],110CM,15855793,276,15851835NBR3283030,25/06/2026,28/09/2026,38,21/08/2026,901463,,e2991c12-e35b-4c18-a65d-da781757f435,NIKE,134822,14,
DASS SEST714013188668110CM1585579315851836NBR328309220260625-1,OK,DASS SEST,7,140131,1304277,88668,ATAC. MR110022 7MM RECICLADO COR 4085/PET / COR 496/PET [62df5f19-791c-420f-b100-70f8942a1779],110CM,15855793,1088,15851836NBR3283092,25/06/2026,28/09/2026,38,21/08/2026,901464,,62df5f19-791c-420f-b100-70f8942a1779,NIKE,134822,15,
DASS SEST714013188668110CM1585579315851837NBR328309320260625-1,OK,DASS SEST,7,140131,1304277,88668,ATAC. MR110022 7MM RECICLADO COR 4085/PET / COR 496/PET [679e1019-6c8b-4793-9c68-a22cdf48f1c9],110CM,15855793,992,15851837NBR3283093,25/06/2026,28/09/2026,38,21/08/2026,901465,,679e1019-6c8b-4793-9c68-a22cdf48f1c9,NIKE,134822,16,
DASS SEST714013188668110CM1585579315851838NBR328309420260625-1,OK,DASS SEST,7,140131,1304277,88668,ATAC. MR110022 7MM RECICLADO COR 4085/PET / COR 496/PET [7b3f0237-daf7-4545-b358-26e32cebd983],110CM,15855793,638,15851838NBR3283094,25/06/2026,28/09/2026,38,21/08/2026,901466,,7b3f0237-daf7-4545-b358-26e32cebd983,NIKE,134822,17,
DASS SEST714013188668110CM1585579315851839NBR328309420260625-1,OK,DASS SEST,7,140131,1304277,88668,ATAC. MR110022 7MM RECICLADO COR 4085/PET / COR 496/PET [cb377bbb-3db3-4544-8cc3-21faadf9d24f],110CM,15855793,696,15851839NBR3283094,25/06/2026,28/09/2026,38,21/08/2026,901467,,cb377bbb-3db3-4544-8cc3-21faadf9d24f,NIKE,134822,18,
DASS SEST714013188668110CM1585579315851832NBR328310620260625-1,OK,DASS SEST,7,140131,1304277,88668,ATAC. MR110022 7MM RECICLADO COR 4085/PET / COR 496/PET [e8e53339-a9ea-451c-a6f0-8576c42d4dfa],110CM,15855793,192,15851832NBR3283106,25/06/2026,28/09/2026,38,21/08/2026,901468,,e8e53339-a9ea-451c-a6f0-8576c42d4dfa,NIKE,134822,19,
DASS SEST714013188668110CM1585579315851833NBR328310620260625-1,OK,DASS SEST,7,140131,1304277,88668,ATAC. MR110022 7MM RECICLADO COR 4085/PET / COR 496/PET [8fae6832-2202-48fd-8afc-9bbce3bcb7b8],110CM,15855793,228,15851833NBR3283106,25/06/2026,28/09/2026,38,21/08/2026,901469,,8fae6832-2202-48fd-8afc-9bbce3bcb7b8,NIKE,134822,20,
DASS SEST714013188668115CM1585579315851834NBR328302920260625-1,OK,DASS SEST,7,140131,1304277,88668,ATAC. MR110022 7MM RECICLADO COR 4085/PET / COR 496/PET [a2d3014b-74ef-40ba-9578-9c603a62be16],115CM,15855793,758,15851834NBR3283029,25/06/2026,28/09/2026,38,21/08/2026,901470,,a2d3014b-74ef-40ba-9578-9c603a62be16,NIKE,134822,21,
DASS SEST714013188668115CM1585579315851835NBR328303020260625-1,OK,DASS SEST,7,140131,1304277,88668,ATAC. MR110022 7MM RECICLADO COR 4085/PET / COR 496/PET [bde67c11-d65a-4012-a296-3916d20a6935],115CM,15855793,584,15851835NBR3283030,25/06/2026,28/09/2026,38,21/08/2026,901471,,bde67c11-d65a-4012-a296-3916d20a6935,NIKE,134822,22,
DASS SEST714013188668115CM1585579315851836NBR328309220260625-1,OK,DASS SEST,7,140131,1304277,88668,ATAC. MR110022 7MM RECICLADO COR 4085/PET / COR 496/PET [b078a513-1f6f-4092-a1bd-73d9711a1fd9],115CM,15855793,72,15851836NBR3283092,25/06/2026,28/09/2026,38,21/08/2026,901472,,b078a513-1f6f-4092-a1bd-73d9711a1fd9,NIKE,134822,23,
DASS SEST714013188668115CM1585579315851837NBR328309320260625-1,OK,DASS SEST,7,140131,1304277,88668,ATAC. MR110022 7MM RECICLADO COR 4085/PET / COR 496/PET [86925f8d-13f4-43b3-9b92-3fbaf19c101a],115CM,15855793,12,15851837NBR3283093,25/06/2026,28/09/2026,38,21/08/2026,901473,,86925f8d-13f4-43b3-9b92-3fbaf19c101a,NIKE,134822,24,
DASS SEST714013188668115CM1585579315851838NBR328309420260625-1,OK,DASS SEST,7,140131,1304277,88668,ATAC. MR110022 7MM RECICLADO COR 4085/PET / COR 496/PET [5d5376de-72fa-420e-95aa-bc644a07f86b],115CM,15855793,48,15851838NBR3283094,25/06/2026,28/09/2026,38,21/08/2026,901474,,5d5376de-72fa-420e-95aa-bc644a07f86b,NIKE,134822,25,
DASS SEST714013188668115CM1585579315851839NBR328309420260625-1,OK,DASS SEST,7,140131,1304277,88668,ATAC. MR110022 7MM RECICLADO COR 4085/PET / COR 496/PET [fea6857e-41b3-4f6c-a72d-beaa902fa24c],115CM,15855793,36,15851839NBR3283094,25/06/2026,28/09/2026,38,21/08/2026,901475,,fea6857e-41b3-4f6c-a72d-beaa902fa24c,NIKE,134822,26,
DASS SEST714013188668115CM1585579315851832NBR328310620260625-1,OK,DASS SEST,7,140131,1304277,88668,ATAC. MR110022 7MM RECICLADO COR 4085/PET / COR 496/PET [98fee243-2971-41ed-8509-a39b315d8786],115CM,15855793,560,15851832NBR3283106,25/06/2026,28/09/2026,38,21/08/2026,901476,,98fee243-2971-41ed-8509-a39b315d8786,NIKE,134822,27,
DASS SEST714013188668115CM1585579315851833NBR328310620260625-1,OK,DASS SEST,7,140131,1304277,88668,ATAC. MR110022 7MM RECICLADO COR 4085/PET / COR 496/PET [710f8522-6624-40f6-a070-28916a311ed8],115CM,15855793,588,15851833NBR3283106,25/06/2026,28/09/2026,38,21/08/2026,901477,,710f8522-6624-40f6-a070-28916a311ed8,NIKE,134822,28,
DASS SEST714013188668120CM1585579315851834NBR328302920260625-1,OK,DASS SEST,7,140131,1304277,88668,ATAC. MR110022 7MM RECICLADO COR 4085/PET / COR 496/PET [3a4cb477-4578-4f31-b79a-f99ac2694e0f],120CM,15855793,228,15851834NBR3283029,25/06/2026,28/09/2026,38,21/08/2026,901478,,3a4cb477-4578-4f31-b79a-f99ac2694e0f,NIKE,134822,29,
DASS SEST714013188668120CM1585579315851835NBR328303020260625-1,OK,DASS SEST,7,140131,1304277,88668,ATAC. MR110022 7MM RECICLADO COR 4085/PET / COR 496/PET [030bf802-86db-43ca-b36e-d2a2837fecbc],120CM,15855793,198,15851835NBR3283030,25/06/2026,28/09/2026,38,21/08/2026,901479,,030bf802-86db-43ca-b36e-d2a2837fecbc,NIKE,134822,30,
DASS SEST714013188668120CM1585579315851832NBR328310620260625-1,OK,DASS SEST,7,140131,1304277,88668,ATAC. MR110022 7MM RECICLADO COR 4085/PET / COR 496/PET [a2077a66-2f8f-4d96-88ce-5f2554b2308a],120CM,15855793,156,15851832NBR3283106,25/06/2026,28/09/2026,38,21/08/2026,901480,,a2077a66-2f8f-4d96-88ce-5f2554b2308a,NIKE,134822,31,
DASS SEST714013188668120CM1585579315851833NBR328310620260625-1,OK,DASS SEST,7,140131,1304277,88668,ATAC. MR110022 7MM RECICLADO COR 4085/PET / COR 496/PET [8421eadf-4c2d-49a9-800a-a5b318eed125],120CM,15855793,186,15851833NBR3283106,25/06/2026,28/09/2026,38,21/08/2026,901481,,8421eadf-4c2d-49a9-800a-a5b318eed125,NIKE,134822,32,
DASS SEST714019582628100CM1587267215868594NBR328315120260626-1,OK,DASS SEST,7,140195,1188919,82628,ATAC. MR140014 6MM RECICLADO COR 4085/PET [a5ce251f-a126-4598-a099-d16220fdfed6],100CM,15872672,252,15868594NBR3283151,26/06/2026,28/09/2026,38,21/08/2026,901482,,a5ce251f-a126-4598-a099-d16220fdfed6,NIKE,134945,1,
DASS SEST714019582628100CM1587267215868595NBR328315120260626-1,OK,DASS SEST,7,140195,1188919,82628,ATAC. MR140014 6MM RECICLADO COR 4085/PET [23b483ec-94c5-47c8-a444-45d563834c6a],100CM,15872672,276,15868595NBR3283151,26/06/2026,28/09/2026,38,21/08/2026,901483,,23b483ec-94c5-47c8-a444-45d563834c6a,NIKE,134945,2,
DASS SEST714019582628100CM1587267215868601NBR328315920260626-1,OK,DASS SEST,7,140195,1188919,82628,ATAC. MR140014 6MM RECICLADO COR 4085/PET [0d891433-bd7e-4857-8d6f-c7bb01b7d6fb],100CM,15872672,252,15868601NBR3283159,26/06/2026,28/09/2026,38,21/08/2026,901484,,0d891433-bd7e-4857-8d6f-c7bb01b7d6fb,NIKE,134945,3,
DASS SEST714019582628100CM1587267215868602NBR328315920260626-1,OK,DASS SEST,7,140195,1188919,82628,ATAC. MR140014 6MM RECICLADO COR 4085/PET [ef269df2-366c-46c1-9f8c-3546926a089b],100CM,15872672,276,15868602NBR3283159,26/06/2026,28/09/2026,38,21/08/2026,901485,,ef269df2-366c-46c1-9f8c-3546926a089b,NIKE,134945,4,
DASS SEST714019582628100CM1587267215868604NBR328316120260626-1,OK,DASS SEST,7,140195,1188919,82628,ATAC. MR140014 6MM RECICLADO COR 4085/PET [6a5dff2a-300a-4d21-8d09-42fb7c1c8fc3],100CM,15872672,252,15868604NBR3283161,26/06/2026,28/09/2026,38,21/08/2026,901486,,6a5dff2a-300a-4d21-8d09-42fb7c1c8fc3,NIKE,134945,5,
DASS SEST714019582628100CM1587267215868605NBR328316120260626-1,OK,DASS SEST,7,140195,1188919,82628,ATAC. MR140014 6MM RECICLADO COR 4085/PET [25af8791-a8ab-435f-b34a-1d02dd564650],100CM,15872672,276,15868605NBR3283161,26/06/2026,28/09/2026,38,21/08/2026,901487,,25af8791-a8ab-435f-b34a-1d02dd564650,NIKE,134945,6,
DASS SEST714019582628105CM1587267215868606NBR328306720260626-1,OK,DASS SEST,7,140195,1188919,82628,ATAC. MR140014 6MM RECICLADO COR 4085/PET [ba7431a4-002e-4748-9640-a4ccce5178d0],105CM,15872672,324,15868606NBR3283067,26/06/2026,28/09/2026,38,21/08/2026,901488,,ba7431a4-002e-4748-9640-a4ccce5178d0,NIKE,134945,7,
DASS SEST714019582628105CM1587267215868594NBR328315120260626-1,OK,DASS SEST,7,140195,1188919,82628,ATAC. MR140014 6MM RECICLADO COR 4085/PET [31804ed6-7029-4851-9960-56cdcdb7a8a6],105CM,15872672,915,15868594NBR3283151,26/06/2026,28/09/2026,38,21/08/2026,901489,,31804ed6-7029-4851-9960-56cdcdb7a8a6,NIKE,134945,8,
DASS SEST714019582628105CM1587267215868595NBR328315120260626-1,OK,DASS SEST,7,140195,1188919,82628,ATAC. MR140014 6MM RECICLADO COR 4085/PET [fc2b00f5-9e7c-45bf-9a7f-90a680ab8efd],105CM,15872672,954,15868595NBR3283151,26/06/2026,28/09/2026,38,21/08/2026,901490,,fc2b00f5-9e7c-45bf-9a7f-90a680ab8efd,NIKE,134945,9,
DASS SEST714019582628105CM1587267215868601NBR328315920260626-1,OK,DASS SEST,7,140195,1188919,82628,ATAC. MR140014 6MM RECICLADO COR 4085/PET [8cec7a78-dc45-4fe3-b668-f00ff048c52b],105CM,15872672,915,15868601NBR3283159,26/06/2026,28/09/2026,38,21/08/2026,901491,,8cec7a78-dc45-4fe3-b668-f00ff048c52b,NIKE,134945,10,
DASS SEST714019582628105CM1587267215868602NBR328315920260626-1,OK,DASS SEST,7,140195,1188919,82628,ATAC. MR140014 6MM RECICLADO COR 4085/PET [4d04c1b5-4a28-4132-8f36-a89d1ce28f1e],105CM,15872672,954,15868602NBR3283159,26/06/2026,28/09/2026,38,21/08/2026,901492,,4d04c1b5-4a28-4132-8f36-a89d1ce28f1e,NIKE,134945,11,
DASS SEST714019582628105CM1587267215868604NBR328316120260626-1,OK,DASS SEST,7,140195,1188919,82628,ATAC. MR140014 6MM RECICLADO COR 4085/PET [8015eadc-f74c-41ee-9491-a9d074d14576],105CM,15872672,915,15868604NBR3283161,26/06/2026,28/09/2026,38,21/08/2026,901493,,8015eadc-f74c-41ee-9491-a9d074d14576,NIKE,134945,12,
DASS SEST714019582628105CM1587267215868605NBR328316120260626-1,OK,DASS SEST,7,140195,1188919,82628,ATAC. MR140014 6MM RECICLADO COR 4085/PET [d7357c88-2fd2-4db0-a3db-da2b53d8d12a],105CM,15872672,954,15868605NBR3283161,26/06/2026,28/09/2026,38,21/08/2026,901494,,d7357c88-2fd2-4db0-a3db-da2b53d8d12a,NIKE,134945,13,
DASS SEST714019582628105CM1587267215868591NBR328319320260626-1,OK,DASS SEST,7,140195,1188919,82628,ATAC. MR140014 6MM RECICLADO COR 4085/PET [534d3201-dbf7-4c90-89be-fc4a42b695ed],105CM,15872672,348,15868591NBR3283193,26/06/2026,28/09/2026,38,21/08/2026,901495,,534d3201-dbf7-4c90-89be-fc4a42b695ed,NIKE,134945,14,
DASS SEST714019582628105CM1587267215868593NBR328319720260626-1,OK,DASS SEST,7,140195,1188919,82628,ATAC. MR140014 6MM RECICLADO COR 4085/PET [4cd337d7-7e62-46e6-9b86-81b47758f503],105CM,15872672,348,15868593NBR3283197,26/06/2026,28/09/2026,38,21/08/2026,901496,,4cd337d7-7e62-46e6-9b86-81b47758f503,NIKE,134945,15,
DASS SEST714019582628110CM1587267215868606NBR328306720260626-1,OK,DASS SEST,7,140195,1188919,82628,ATAC. MR140014 6MM RECICLADO COR 4085/PET [d6acccc5-d5cb-4e92-9412-7b40c30defad],110CM,15872672,914,15868606NBR3283067,26/06/2026,28/09/2026,38,21/08/2026,901497,,d6acccc5-d5cb-4e92-9412-7b40c30defad,NIKE,134945,16,
DASS SEST714019582628110CM1587267215868594NBR328315120260626-1,OK,DASS SEST,7,140195,1188919,82628,ATAC. MR140014 6MM RECICLADO COR 4085/PET [43114831-2d9e-4b34-9232-f6a9fafe1b57],110CM,15872672,18,15868594NBR3283151,26/06/2026,28/09/2026,38,21/08/2026,901498,,43114831-2d9e-4b34-9232-f6a9fafe1b57,NIKE,134945,17,
DASS SEST714019582628110CM1587267215868595NBR328315120260626-1,OK,DASS SEST,7,140195,1188919,82628,ATAC. MR140014 6MM RECICLADO COR 4085/PET [44148659-1bf2-4e64-8fad-d9e45b6fee60],110CM,15872672,24,15868595NBR3283151,26/06/2026,28/09/2026,38,21/08/2026,901499,,44148659-1bf2-4e64-8fad-d9e45b6fee60,NIKE,134945,18,
DASS SEST714019582628110CM1587267215868601NBR328315920260626-1,OK,DASS SEST,7,140195,1188919,82628,ATAC. MR140014 6MM RECICLADO COR 4085/PET [f6376d23-72ea-4285-93fe-a5839b08c2ca],110CM,15872672,18,15868601NBR3283159,26/06/2026,28/09/2026,38,21/08/2026,901500,,f6376d23-72ea-4285-93fe-a5839b08c2ca,NIKE,134945,19,
DASS SEST714019582628110CM1587267215868602NBR328315920260626-1,OK,DASS SEST,7,140195,1188919,82628,ATAC. MR140014 6MM RECICLADO COR 4085/PET [2e1d7676-9330-4b34-87c8-06a8034d40fa],110CM,15872672,24,15868602NBR3283159,26/06/2026,28/09/2026,38,21/08/2026,901501,,2e1d7676-9330-4b34-87c8-06a8034d40fa,NIKE,134945,20,
DASS SEST714019582628110CM1587267215868604NBR328316120260626-1,OK,DASS SEST,7,140195,1188919,82628,ATAC. MR140014 6MM RECICLADO COR 4085/PET [ef11fcda-079b-4e90-ba0f-cbc97d832a1e],110CM,15872672,18,15868604NBR3283161,26/06/2026,28/09/2026,38,21/08/2026,901502,,ef11fcda-079b-4e90-ba0f-cbc97d832a1e,NIKE,134945,21,
DASS SEST714019582628110CM1587267215868605NBR328316120260626-1,OK,DASS SEST,7,140195,1188919,82628,ATAC. MR140014 6MM RECICLADO COR 4085/PET [8f44960a-77b0-4a0f-b690-89bcdbb47cc9],110CM,15872672,24,15868605NBR3283161,26/06/2026,28/09/2026,38,21/08/2026,901503,,8f44960a-77b0-4a0f-b690-89bcdbb47cc9,NIKE,134945,22,
DASS SEST714019582628110CM1587267215868591NBR328319320260626-1,OK,DASS SEST,7,140195,1188919,82628,ATAC. MR140014 6MM RECICLADO COR 4085/PET [28028954-3bf5-4bd2-84f0-ab866ecba05f],110CM,15872672,902,15868591NBR3283193,26/06/2026,28/09/2026,38,21/08/2026,901504,,28028954-3bf5-4bd2-84f0-ab866ecba05f,NIKE,134945,23,
DASS SEST714019582628110CM1587267215868593NBR328319720260626-1,OK,DASS SEST,7,140195,1188919,82628,ATAC. MR140014 6MM RECICLADO COR 4085/PET [8842588f-c194-46de-940a-8025cfec6654],110CM,15872672,902,15868593NBR3283197,26/06/2026,28/09/2026,38,21/08/2026,901505,,8842588f-c194-46de-940a-8025cfec6654,NIKE,134945,24,
DASS SEST714019582628115CM1587267215868606NBR328306720260626-1,OK,DASS SEST,7,140195,1188919,82628,ATAC. MR140014 6MM RECICLADO COR 4085/PET [ce69ef6e-9c54-4e9c-8a99-bea49b780bd7],115CM,15872672,300,15868606NBR3283067,26/06/2026,28/09/2026,38,21/08/2026,901506,,ce69ef6e-9c54-4e9c-8a99-bea49b780bd7,NIKE,134945,25,
DASS SEST714019582628115CM1587267215868591NBR328319320260626-1,OK,DASS SEST,7,140195,1188919,82628,ATAC. MR140014 6MM RECICLADO COR 4085/PET [8b0d981d-97ef-4f76-a747-8d8004abc9a9],115CM,15872672,270,15868591NBR3283193,26/06/2026,28/09/2026,38,21/08/2026,901507,,8b0d981d-97ef-4f76-a747-8d8004abc9a9,NIKE,134945,26,
DASS SEST714019582628115CM1587267215868593NBR328319720260626-1,OK,DASS SEST,7,140195,1188919,82628,ATAC. MR140014 6MM RECICLADO COR 4085/PET [736976b9-d78d-4f72-b621-c438d4dcacd5],115CM,15872672,270,15868593NBR3283197,26/06/2026,28/09/2026,38,21/08/2026,901508,,736976b9-d78d-4f72-b621-c438d4dcacd5,NIKE,134945,27,
DASS SEST714019585472100CM1587267215868632NBR328316420260626-1,OK,DASS SEST,7,140195,1269460,85472,ATAC. MR140014 6MM RECICLADO COR 5481/PET [fe610c66-a970-4fec-b455-45c8e3b544c3],100CM,15872672,204,15868632NBR3283164,26/06/2026,28/09/2026,38,21/08/2026,901509,,fe610c66-a970-4fec-b455-45c8e3b544c3,NIKE,134945,28,
DASS SEST714019585472100CM1587267215868633NBR328316420260626-1,OK,DASS SEST,7,140195,1269460,85472,ATAC. MR140014 6MM RECICLADO COR 5481/PET [662f0288-45fb-4de6-b2b6-e9bdf2d1b58d],100CM,15872672,222,15868633NBR3283164,26/06/2026,28/09/2026,38,21/08/2026,901510,,662f0288-45fb-4de6-b2b6-e9bdf2d1b58d,NIKE,134945,29,
DASS SEST714019585472105CM1587267215868632NBR328316420260626-1,OK,DASS SEST,7,140195,1269460,85472,ATAC. MR140014 6MM RECICLADO COR 5481/PET [eba01d63-ca7c-41de-a9dd-2ed1b6554261],105CM,15872672,783,15868632NBR3283164,26/06/2026,28/09/2026,38,21/08/2026,901511,,eba01d63-ca7c-41de-a9dd-2ed1b6554261,NIKE,134945,30,
DASS SEST714019585472105CM1587267215868633NBR328316420260626-1,OK,DASS SEST,7,140195,1269460,85472,ATAC. MR140014 6MM RECICLADO COR 5481/PET [285964b5-403b-4996-8095-fd63b730b2fa],105CM,15872672,834,15868633NBR3283164,26/06/2026,28/09/2026,38,21/08/2026,901512,,285964b5-403b-4996-8095-fd63b730b2fa,NIKE,134945,31,
DASS SEST714019585472110CM1587267215868632NBR328316420260626-1,OK,DASS SEST,7,140195,1269460,85472,ATAC. MR140014 6MM RECICLADO COR 5481/PET [3b36344d-7e94-4c31-bf56-2852c0953300],110CM,15872672,42,15868632NBR3283164,26/06/2026,28/09/2026,38,21/08/2026,901513,,3b36344d-7e94-4c31-bf56-2852c0953300,NIKE,134945,32,
DASS SEST714019585472110CM1587267215868633NBR328316420260626-1,OK,DASS SEST,7,140195,1269460,85472,ATAC. MR140014 6MM RECICLADO COR 5481/PET [bffea987-b546-44f6-8c6f-2e22ec2036a5],110CM,15872672,36,15868633NBR3283164,26/06/2026,28/09/2026,38,21/08/2026,901514,,bffea987-b546-44f6-8c6f-2e22ec2036a5,NIKE,134945,33,
DASS SEST714019586418100CM1587267215868634NBR328316520260626-1,OK,DASS SEST,7,140195,1278311,86418,ATAC. MR140014 6MM RECICLADO COR 4662/PET [19c7b008-b13d-4b3a-afec-315dd77bb7a7],100CM,15872672,180,15868634NBR3283165,26/06/2026,28/09/2026,38,21/08/2026,901515,,19c7b008-b13d-4b3a-afec-315dd77bb7a7,NIKE,134945,34,
DASS SEST714019586418100CM1587267215868635NBR328316520260626-1,OK,DASS SEST,7,140195,1278311,86418,ATAC. MR140014 6MM RECICLADO COR 4662/PET [529e46a3-5e93-44b7-a496-592c90d3d864],100CM,15872672,192,15868635NBR3283165,26/06/2026,28/09/2026,38,21/08/2026,901516,,529e46a3-5e93-44b7-a496-592c90d3d864,NIKE,134945,35,
DASS SEST714019586418105CM1587267215868608NBR328314520260626-1,OK,DASS SEST,7,140195,1278311,86418,ATAC. MR140014 6MM RECICLADO COR 4662/PET [dc32ea90-72c4-4dd3-8d0d-a60b0cc5c4bc],105CM,15872672,312,15868608NBR3283145,26/06/2026,28/09/2026,38,21/08/2026,901517,,dc32ea90-72c4-4dd3-8d0d-a60b0cc5c4bc,NIKE,134945,36,
DASS SEST714019586418105CM1587267215868634NBR328316520260626-1,OK,DASS SEST,7,140195,1278311,86418,ATAC. MR140014 6MM RECICLADO COR 4662/PET [629898ab-5357-4db3-ab21-5772a5212055],105CM,15872672,746,15868634NBR3283165,26/06/2026,28/09/2026,38,21/08/2026,901518,,629898ab-5357-4db3-ab21-5772a5212055,NIKE,134945,37,
DASS SEST714019586418105CM1587267215868635NBR328316520260626-1,OK,DASS SEST,7,140195,1278311,86418,ATAC. MR140014 6MM RECICLADO COR 4662/PET [9c498a38-1a01-42d3-934d-8d80d18950d1],105CM,15872672,774,15868635NBR3283165,26/06/2026,28/09/2026,38,21/08/2026,901519,,9c498a38-1a01-42d3-934d-8d80d18950d1,NIKE,134945,38,
DASS SEST714019586418110CM1587267215868608NBR328314520260626-1,OK,DASS SEST,7,140195,1278311,86418,ATAC. MR140014 6MM RECICLADO COR 4662/PET [b99ff66f-eb3a-4058-8872-e2c54f6ca6ac],110CM,15872672,848,15868608NBR3283145,26/06/2026,28/09/2026,38,21/08/2026,901520,,b99ff66f-eb3a-4058-8872-e2c54f6ca6ac,NIKE,134945,39,
DASS SEST714019586418110CM1587267215868634NBR328316520260626-1,OK,DASS SEST,7,140195,1278311,86418,ATAC. MR140014 6MM RECICLADO COR 4662/PET [f8d29595-a94d-4ead-b604-4a08a7ba2d7a],110CM,15872672,36,15868634NBR3283165,26/06/2026,28/09/2026,38,21/08/2026,901521,,f8d29595-a94d-4ead-b604-4a08a7ba2d7a,NIKE,134945,40,
DASS SEST714019586418110CM1587267215868635NBR328316520260626-1,OK,DASS SEST,7,140195,1278311,86418,ATAC. MR140014 6MM RECICLADO COR 4662/PET [08c29fcd-09a2-4064-9e29-bc8aeef6d825],110CM,15872672,36,15868635NBR3283165,26/06/2026,28/09/2026,38,21/08/2026,901522,,08c29fcd-09a2-4064-9e29-bc8aeef6d825,NIKE,134945,41,
DASS SEST714019586418115CM1587267215868608NBR328314520260626-1,OK,DASS SEST,7,140195,1278311,86418,ATAC. MR140014 6MM RECICLADO COR 4662/PET [9b7e3042-9f57-4cf0-86b9-28a6d006319d],115CM,15872672,126,15868608NBR3283145,26/06/2026,28/09/2026,38,21/08/2026,901523,,9b7e3042-9f57-4cf0-86b9-28a6d006319d,NIKE,134945,42,
DASS SEST714029195945100CM1587498715868627NBR328316220260630-1,OK,DASS SEST,7,140291,1454466,95945,ATAC. MR140014 6MM RECICLADO COR 6248/PET [385833ad-759a-40f7-8d33-ecfdc11bc03b],100CM,15874987,240,15868627NBR3283162,30/06/2026,28/09/2026,38,21/08/2026,901524,,385833ad-759a-40f7-8d33-ecfdc11bc03b,NIKE,135013,1,
DASS SEST714029195945100CM1587498715868628NBR328316220260630-1,OK,DASS SEST,7,140291,1454466,95945,ATAC. MR140014 6MM RECICLADO COR 6248/PET [d56c5390-211e-45f4-992f-45208309a077],100CM,15874987,252,15868628NBR3283162,30/06/2026,28/09/2026,38,21/08/2026,901525,,d56c5390-211e-45f4-992f-45208309a077,NIKE,135013,2,
DASS SEST714029195945105CM1587498715868627NBR328316220260630-1,OK,DASS SEST,7,140291,1454466,95945,ATAC. MR140014 6MM RECICLADO COR 6248/PET [e78e1a5f-7d6e-48fa-a92e-448e42d51bd5],105CM,15874987,843,15868627NBR3283162,30/06/2026,28/09/2026,38,21/08/2026,901526,,e78e1a5f-7d6e-48fa-a92e-448e42d51bd5,NIKE,135013,3,
DASS SEST714029195945105CM1587498715868628NBR328316220260630-1,OK,DASS SEST,7,140291,1454466,95945,ATAC. MR140014 6MM RECICLADO COR 6248/PET [5f6cff21-87e1-4138-b027-6cbfbf2abd1a],105CM,15874987,864,15868628NBR3283162,30/06/2026,28/09/2026,38,21/08/2026,901527,,5f6cff21-87e1-4138-b027-6cbfbf2abd1a,NIKE,135013,4,
DASS SEST714029195945110CM1587498715868627NBR328316220260630-1,OK,DASS SEST,7,140291,1454466,95945,ATAC. MR140014 6MM RECICLADO COR 6248/PET [13508ef3-cfed-4835-a80a-00f76557d6b9],110CM,15874987,30,15868627NBR3283162,30/06/2026,28/09/2026,38,21/08/2026,901528,,13508ef3-cfed-4835-a80a-00f76557d6b9,NIKE,135013,5,
DASS SEST714029195945110CM1587498715868628NBR328316220260630-1,OK,DASS SEST,7,140291,1454466,95945,ATAC. MR140014 6MM RECICLADO COR 6248/PET [23995f42-2834-4f99-b879-52b3f27e0e22],110CM,15874987,24,15868628NBR3283162,30/06/2026,28/09/2026,38,21/08/2026,901529,,23995f42-2834-4f99-b879-52b3f27e0e22,NIKE,135013,6,
DASS SEST714075695284105CM1591518115903692NBR328316720260710-1,OK,DASS SEST,7,140756,1435014,95284,ATAC. MR140014 6MM RECICLADO COR 6182/PET [e690896d-1091-4fe2-960f-cd1b734b66c6],105CM,15915181,6,15903692NBR3283167,10/07/2026,28/09/2026,38,21/08/2026,901530,,e690896d-1091-4fe2-960f-cd1b734b66c6,NIKE,135473,1,
DASS SEST714075695284110CM1591518115903692NBR328316720260710-1,OK,DASS SEST,7,140756,1435014,95284,ATAC. MR140014 6MM RECICLADO COR 6182/PET [86ea4ff7-a536-45ec-a6b0-7d4bb94f91d8],110CM,15915181,896,15903692NBR3283167,10/07/2026,28/09/2026,38,21/08/2026,901531,,86ea4ff7-a536-45ec-a6b0-7d4bb94f91d8,NIKE,135473,2,
DASS SEST714075695284115CM1591518115903692NBR328316720260710-1,OK,DASS SEST,7,140756,1435014,95284,ATAC. MR140014 6MM RECICLADO COR 6182/PET [7dc89528-f68d-4023-8104-9929abeb6773],115CM,15915181,144,15903692NBR3283167,10/07/2026,28/09/2026,38,21/08/2026,901532,,7dc89528-f68d-4023-8104-9929abeb6773,NIKE,135473,3,
DASS SEST714075686978105CM1591518115903736NBR328314620260710-1,OK,DASS SEST,7,140756,1299257,86978,ATAC. MR130027 6MM RECICLADO COR 4085/PET [5db379ea-6cd1-44b3-814d-c3b875ebacdd],105CM,15915181,444,15903736NBR3283146,10/07/2026,28/09/2026,38,21/08/2026,901533,,5db379ea-6cd1-44b3-814d-c3b875ebacdd,NIKE,135473,4,
DASS SEST714075686978105CM1591518115903737NBR328314620260710-1,OK,DASS SEST,7,140756,1299257,86978,ATAC. MR130027 6MM RECICLADO COR 4085/PET [c5c553c4-e8b1-4d7d-8aa8-845682441c93],105CM,15915181,468,15903737NBR3283146,10/07/2026,28/09/2026,38,21/08/2026,901534,,c5c553c4-e8b1-4d7d-8aa8-845682441c93,NIKE,135473,5,
DASS SEST714075686978110CM1591518115903736NBR328314620260710-1,OK,DASS SEST,7,140756,1299257,86978,ATAC. MR130027 6MM RECICLADO COR 4085/PET [2db064d8-f227-43e1-b175-768639f026a6],110CM,15915181,507,15903736NBR3283146,10/07/2026,28/09/2026,38,21/08/2026,901535,,2db064d8-f227-43e1-b175-768639f026a6,NIKE,135473,6,
DASS SEST714075686978110CM1591518115903737NBR328314620260710-1,OK,DASS SEST,7,140756,1299257,86978,ATAC. MR130027 6MM RECICLADO COR 4085/PET [054b36f1-4296-491e-934c-109e77c3e293],110CM,15915181,534,15903737NBR3283146,10/07/2026,28/09/2026,38,21/08/2026,901536,,054b36f1-4296-491e-934c-109e77c3e293,NIKE,135473,7,
DASS SEST714075686978115CM1591518115903736NBR328314620260710-1,OK,DASS SEST,7,140756,1299257,86978,ATAC. MR130027 6MM RECICLADO COR 4085/PET [0be41dfc-90cb-4e07-93b1-9add8561933d],115CM,15915181,36,15903736NBR3283146,10/07/2026,28/09/2026,38,21/08/2026,901537,,0be41dfc-90cb-4e07-93b1-9add8561933d,NIKE,135473,8,
DASS SEST714075686978115CM1591518115903737NBR328314620260710-1,OK,DASS SEST,7,140756,1299257,86978,ATAC. MR130027 6MM RECICLADO COR 4085/PET [28ce401a-1956-4e9f-8096-d879b8d07b62],115CM,15915181,36,15903737NBR3283146,10/07/2026,28/09/2026,38,21/08/2026,901538,,28ce401a-1956-4e9f-8096-d879b8d07b62,NIKE,135473,9,
DASS SEST714075688695105CM1591518115903743NBR328292120260710-1,OK,DASS SEST,7,140756,1301800,88695,ATAC. MR130027 6MM RECICLADO COR 4662/PET [139cf915-42c3-4dcc-ab22-1fdc8e56ea96],105CM,15915181,612,15903743NBR3282921,10/07/2026,28/09/2026,38,21/08/2026,901539,,139cf915-42c3-4dcc-ab22-1fdc8e56ea96,NIKE,135473,10,
DASS SEST714075688695110CM1591518115903743NBR328292120260710-1,OK,DASS SEST,7,140756,1301800,88695,ATAC. MR130027 6MM RECICLADO COR 4662/PET [88ee9804-7871-45ec-8004-9d3c172369e2],110CM,15915181,662,15903743NBR3282921,10/07/2026,28/09/2026,38,21/08/2026,901540,,88ee9804-7871-45ec-8004-9d3c172369e2,NIKE,135473,11,
DASS SEST714075688695115CM1591518115903743NBR328292120260710-1,OK,DASS SEST,7,140756,1301800,88695,ATAC. MR130027 6MM RECICLADO COR 4662/PET [ea195112-f568-4180-80a7-85eb3c544bd6],115CM,15915181,24,15903743NBR3282921,10/07/2026,28/09/2026,38,21/08/2026,901541,,ea195112-f568-4180-80a7-85eb3c544bd6,NIKE,135473,12,
DASS SEST714075693450110CM1591518115903730NBR328314220260710-1,OK,DASS SEST,7,140756,1409834,93450,ATAC. MR130027 6MM RECICLADO COR 057/PET [7a9d8490-114b-4782-98f1-7f976ad3d4e1],110CM,15915181,192,15903730NBR3283142,10/07/2026,28/09/2026,38,21/08/2026,901542,,7a9d8490-114b-4782-98f1-7f976ad3d4e1,NIKE,135473,13,
DASS SEST714075693450110CM1591518115903731NBR328314220260710-1,OK,DASS SEST,7,140756,1409834,93450,ATAC. MR130027 6MM RECICLADO COR 057/PET [4674251a-03b4-458f-9a3b-589a8b5571a6],110CM,15915181,228,15903731NBR3283142,10/07/2026,28/09/2026,38,21/08/2026,901543,,4674251a-03b4-458f-9a3b-589a8b5571a6,NIKE,135473,14,
DASS SEST714075693450115CM1591518115903730NBR328314220260710-1,OK,DASS SEST,7,140756,1409834,93450,ATAC. MR130027 6MM RECICLADO COR 057/PET [0f41f933-00cf-45b0-a3bf-429c2cd34738],115CM,15915181,662,15903730NBR3283142,10/07/2026,28/09/2026,38,21/08/2026,901544,,0f41f933-00cf-45b0-a3bf-429c2cd34738,NIKE,135473,15,
DASS SEST714075693450115CM1591518115903731NBR328314220260710-1,OK,DASS SEST,7,140756,1409834,93450,ATAC. MR130027 6MM RECICLADO COR 057/PET [bedcd1d8-c6df-4365-a8e7-227d1f26b64b],115CM,15915181,660,15903731NBR3283142,10/07/2026,28/09/2026,38,21/08/2026,901545,,bedcd1d8-c6df-4365-a8e7-227d1f26b64b,NIKE,135473,16,
DASS SEST714075693450120CM1591518115903730NBR328314220260710-1,OK,DASS SEST,7,140756,1409834,93450,ATAC. MR130027 6MM RECICLADO COR 057/PET [6e12ca72-b301-4a65-ba28-571793e41677],120CM,15915181,72,15903730NBR3283142,10/07/2026,28/09/2026,38,21/08/2026,901546,,6e12ca72-b301-4a65-ba28-571793e41677,NIKE,135473,17,
DASS SEST714075693450120CM1591518115903731NBR328314220260710-1,OK,DASS SEST,7,140756,1409834,93450,ATAC. MR130027 6MM RECICLADO COR 057/PET [2eb0595a-8653-4c40-944a-13a3a68a5dcd],120CM,15915181,78,15903731NBR3283142,10/07/2026,28/09/2026,38,21/08/2026,901547,,2eb0595a-8653-4c40-944a-13a3a68a5dcd,NIKE,135473,18,
DASS SEST714075695893110CM1591518115903724NBR328290920260710-1,OK,DASS SEST,7,140756,1426514,95893,ATAC. MR130027 6MM RECICLADO COR 6249/PET [5f2ed40f-e3cf-46b6-89cf-5b8fb21954ae],110CM,15915181,270,15903724NBR3282909,10/07/2026,28/09/2026,38,21/08/2026,901548,,5f2ed40f-e3cf-46b6-89cf-5b8fb21954ae,NIKE,135473,19,
DASS SEST714075695893115CM1591518115903724NBR328290920260710-1,OK,DASS SEST,7,140756,1426514,95893,ATAC. MR130027 6MM RECICLADO COR 6249/PET [d898025e-e8e7-4095-b289-13b71205cfab],115CM,15915181,758,15903724NBR3282909,10/07/2026,28/09/2026,38,21/08/2026,901549,,d898025e-e8e7-4095-b289-13b71205cfab,NIKE,135473,20,
DASS SEST714075695893120CM1591518115903724NBR328290920260710-1,OK,DASS SEST,7,140756,1426514,95893,ATAC. MR130027 6MM RECICLADO COR 6249/PET [f46c865b-9f82-4ead-88ca-8e2287078dec],120CM,15915181,126,15903724NBR3282909,10/07/2026,28/09/2026,38,21/08/2026,901550,,f46c865b-9f82-4ead-88ca-8e2287078dec,NIKE,135473,21,
DASS SEST714095596141105CM1594409615942990NBR328315620260720-1,OK,DASS SEST,7,140955,1425211,96141,ATAC. MR140014 6MM RECICLADO COR 6296/PET [ea9e7b4d-2987-440c-a647-50ebbc18701b],105CM,15944096,735,15942990NBR3283156,20/07/2026,28/09/2026,38,21/08/2026,901551,,ea9e7b4d-2987-440c-a647-50ebbc18701b,NIKE,135658,1,
DASS SEST714095596141105CM1594409615942991NBR328315620260720-1,OK,DASS SEST,7,140955,1425211,96141,ATAC. MR140014 6MM RECICLADO COR 6296/PET [58fc9c9a-ed45-4330-b2b9-9191bf6325a9],105CM,15944096,762,15942991NBR3283156,20/07/2026,28/09/2026,38,21/08/2026,901552,,58fc9c9a-ed45-4330-b2b9-9191bf6325a9,NIKE,135658,2,
DASS SEST714095596141110CM1594409615942990NBR328315620260720-1,OK,DASS SEST,7,140955,1425211,96141,ATAC. MR140014 6MM RECICLADO COR 6296/PET [4dc01b04-4a1e-4124-b61a-3631a270bd1a],110CM,15944096,288,15942990NBR3283156,20/07/2026,28/09/2026,38,21/08/2026,901553,,4dc01b04-4a1e-4124-b61a-3631a270bd1a,NIKE,135658,3,
DASS SEST714095596141110CM1594409615942991NBR328315620260720-1,OK,DASS SEST,7,140955,1425211,96141,ATAC. MR140014 6MM RECICLADO COR 6296/PET [892cd308-2064-4a11-ba65-50ebc245d1c0],110CM,15944096,318,15942991NBR3283156,20/07/2026,28/09/2026,38,21/08/2026,901554,,892cd308-2064-4a11-ba65-50ebc245d1c0,NIKE,135658,4,
DASS SEST714095591524115CM1594409615942975NBR328328720260720-1,OK,DASS SEST,7,140955,1341808,91524,ATAC. MR110012 8MM RECICLADO COR 5149/PET [d061c81e-0f11-4069-910d-ec59bcb3befe],115CM,15944096,228,15942975NBR3283287,20/07/2026,28/09/2026,38,21/08/2026,901555,,d061c81e-0f11-4069-910d-ec59bcb3befe,NIKE,135658,5,
DASS SEST714095591524115CM1594409615942976NBR328328720260720-1,OK,DASS SEST,7,140955,1341808,91524,ATAC. MR110012 8MM RECICLADO COR 5149/PET [43e75894-0750-4df5-8b1d-26c1ac4b3003],115CM,15944096,258,15942976NBR3283287,20/07/2026,28/09/2026,38,21/08/2026,901556,,43e75894-0750-4df5-8b1d-26c1ac4b3003,NIKE,135658,6,
DASS SEST714095591524120CM1594409615942975NBR328328720260720-1,OK,DASS SEST,7,140955,1341808,91524,ATAC. MR110012 8MM RECICLADO COR 5149/PET [d430d69e-be9c-45be-bb1b-bab3dcb0a2e0],120CM,15944096,680,15942975NBR3283287,20/07/2026,28/09/2026,38,21/08/2026,901557,,d430d69e-be9c-45be-bb1b-bab3dcb0a2e0,NIKE,135658,7,
DASS SEST714095591524120CM1594409615942976NBR328328720260720-1,OK,DASS SEST,7,140955,1341808,91524,ATAC. MR110012 8MM RECICLADO COR 5149/PET [69de1fcb-82d4-4a7e-aec6-cfe29470aeff],120CM,15944096,702,15942976NBR3283287,20/07/2026,28/09/2026,38,21/08/2026,901558,,69de1fcb-82d4-4a7e-aec6-cfe29470aeff,NIKE,135658,8,
DASS SEST714095592568115CM1594409615942953NBR328331020260720-1,OK,DASS SEST,7,140955,1027849,92568,ATAC. MR110012 8MM RECICLADO COR 4085/PET [5fa5e03c-1d45-47b8-8863-095637c29c4c],115CM,15944096,300,15942953NBR3283310,20/07/2026,28/09/2026,38,21/08/2026,901559,,5fa5e03c-1d45-47b8-8863-095637c29c4c,NIKE,135658,9,
DASS SEST714095592568120CM1594409615942953NBR328331020260720-1,OK,DASS SEST,7,140955,1027849,92568,ATAC. MR110012 8MM RECICLADO COR 4085/PET [3544f750-528e-4fea-8dbd-28426d4a4b56],120CM,15944096,854,15942953NBR3283310,20/07/2026,28/09/2026,38,21/08/2026,901560,,3544f750-528e-4fea-8dbd-28426d4a4b56,NIKE,135658,10,
DASS SEST714142276555105CM1600281716001165NBR328339520260731-1,OK,DASS SEST,7,141422,1070873,76555,ATAC. MR130011 5MM RECICLADO COR 4085 [0e71aecf-5045-4e44-bd27-5efba81de849],105CM,16002817,186,16001165NBR3283395,31/07/2026,28/09/2026,38,21/08/2026,901561,,0e71aecf-5045-4e44-bd27-5efba81de849,NIKE,136062,1,NORMAL
DASS SEST714142276555105CM1600281716001166NBR328339520260731-1,OK,DASS SEST,7,141422,1070873,76555,ATAC. MR130011 5MM RECICLADO COR 4085 [1d2963cc-062f-4f48-87c1-85a735ba6fcd],105CM,16002817,192,16001166NBR3283395,31/07/2026,28/09/2026,38,21/08/2026,901562,,1d2963cc-062f-4f48-87c1-85a735ba6fcd,NIKE,136062,2,NORMAL
DASS SEST714142276555105CM1600281716001172NBR328339820260731-1,OK,DASS SEST,7,141422,1070873,76555,ATAC. MR130011 5MM RECICLADO COR 4085 [3a0eaa33-a009-4727-9502-329215a4a176],105CM,16002817,162,16001172NBR3283398,31/07/2026,28/09/2026,38,21/08/2026,901563,,3a0eaa33-a009-4727-9502-329215a4a176,NIKE,136062,3,NORMAL
DASS SEST714142276555105CM1600281716001173NBR328339820260731-1,OK,DASS SEST,7,141422,1070873,76555,ATAC. MR130011 5MM RECICLADO COR 4085 [a2845353-3a07-4958-af72-0bb7b0e9c58d],105CM,16002817,198,16001173NBR3283398,31/07/2026,28/09/2026,38,21/08/2026,901564,,a2845353-3a07-4958-af72-0bb7b0e9c58d,NIKE,136062,4,NORMAL
DASS SEST714142276555110CM1600281716001165NBR328339520260731-1,OK,DASS SEST,7,141422,1070873,76555,ATAC. MR130011 5MM RECICLADO COR 4085 [230eb8f9-d5b9-4016-8eb0-063bec1f418a],110CM,16002817,548,16001165NBR3283395,31/07/2026,28/09/2026,38,21/08/2026,901565,,230eb8f9-d5b9-4016-8eb0-063bec1f418a,NIKE,136062,5,NORMAL
DASS SEST714142276555110CM1600281716001166NBR328339520260731-1,OK,DASS SEST,7,141422,1070873,76555,ATAC. MR130011 5MM RECICLADO COR 4085 [7031f131-89f0-4f15-a1c2-2a5079a49f28],110CM,16002817,540,16001166NBR3283395,31/07/2026,28/09/2026,38,21/08/2026,901566,,7031f131-89f0-4f15-a1c2-2a5079a49f28,NIKE,136062,6,NORMAL
DASS SEST714142276555110CM1600281716001172NBR328339820260731-1,OK,DASS SEST,7,141422,1070873,76555,ATAC. MR130011 5MM RECICLADO COR 4085 [45dc4493-6b54-4728-aaeb-0ccd7d71108b],110CM,16002817,512,16001172NBR3283398,31/07/2026,28/09/2026,38,21/08/2026,901567,,45dc4493-6b54-4728-aaeb-0ccd7d71108b,NIKE,136062,7,NORMAL
DASS SEST714142276555110CM1600281716001173NBR328339820260731-1,OK,DASS SEST,7,141422,1070873,76555,ATAC. MR130011 5MM RECICLADO COR 4085 [fed2579b-e46c-4bd3-896d-5c117d289836],110CM,16002817,528,16001173NBR3283398,31/07/2026,28/09/2026,38,21/08/2026,901568,,fed2579b-e46c-4bd3-896d-5c117d289836,NIKE,136062,8,NORMAL
DASS SEST714142276555115CM1600281716001165NBR328339520260731-1,OK,DASS SEST,7,141422,1070873,76555,ATAC. MR130011 5MM RECICLADO COR 4085 [ce33bf74-a1b1-4530-a9ab-22b2ec40b8c5],115CM,16002817,156,16001165NBR3283395,31/07/2026,28/09/2026,38,21/08/2026,901569,,ce33bf74-a1b1-4530-a9ab-22b2ec40b8c5,NIKE,136062,9,NORMAL
DASS SEST714142276555115CM1600281716001166NBR328339520260731-1,OK,DASS SEST,7,141422,1070873,76555,ATAC. MR130011 5MM RECICLADO COR 4085 [13b0940a-c074-4b68-be75-79453e7251ef],115CM,16002817,180,16001166NBR3283395,31/07/2026,28/09/2026,38,21/08/2026,901570,,13b0940a-c074-4b68-be75-79453e7251ef,NIKE,136062,10,NORMAL
DASS SEST714142276555115CM1600281716001172NBR328339820260731-1,OK,DASS SEST,7,141422,1070873,76555,ATAC. MR130011 5MM RECICLADO COR 4085 [01e99834-878b-4461-93f1-10e6a5f61102],115CM,16002817,156,16001172NBR3283398,31/07/2026,28/09/2026,38,21/08/2026,901571,,01e99834-878b-4461-93f1-10e6a5f61102,NIKE,136062,11,NORMAL
DASS SEST714142276555115CM1600281716001173NBR328339820260731-1,OK,DASS SEST,7,141422,1070873,76555,ATAC. MR130011 5MM RECICLADO COR 4085 [f362eb39-cfc5-4c6d-80b8-4c24e768b4dc],115CM,16002817,156,16001173NBR3283398,31/07/2026,28/09/2026,38,21/08/2026,901572,,f362eb39-cfc5-4c6d-80b8-4c24e768b4dc,NIKE,136062,12,NORMAL
DASS SEST714192093661135CM1604646816045946NBR328346620260814-1,OK,DASS SEST,7,141920,1065806,93661,ATAC. MR110029 RECICLADO COR 4662/PET [a6866131-f621-4727-b5bd-198d957a8284],135CM,16046468,674,16045946NBR3283466,14/08/2026,28/09/2026,38,21/08/2026,901573,,a6866131-f621-4727-b5bd-198d957a8284,NIKE,136596,1,NORMAL
DASS SEST714192093661135CM1604646816045947NBR328346620260814-1,OK,DASS SEST,7,141920,1065806,93661,ATAC. MR110029 RECICLADO COR 4662/PET [889aa1af-f185-455e-a6ed-493822ee1bfd],135CM,16046468,702,16045947NBR3283466,14/08/2026,28/09/2026,38,21/08/2026,901574,,889aa1af-f185-455e-a6ed-493822ee1bfd,NIKE,136596,2,NORMAL
DASS SEST714192093661140CM1604646816045946NBR328346620260814-1,OK,DASS SEST,7,141920,1065806,93661,ATAC. MR110029 RECICLADO COR 4662/PET [256e3ab3-af89-47d9-9f66-07db88d834fe],140CM,16046468,60,16045946NBR3283466,14/08/2026,28/09/2026,38,21/08/2026,901575,,256e3ab3-af89-47d9-9f66-07db88d834fe,NIKE,136596,3,NORMAL
DASS SEST714192093661140CM1604646816045947NBR328346620260814-1,OK,DASS SEST,7,141920,1065806,93661,ATAC. MR110029 RECICLADO COR 4662/PET [0cef25c2-62dd-4c37-9ce6-b17da7a68879],140CM,16046468,66,16045947NBR3283466,14/08/2026,28/09/2026,38,21/08/2026,901576,,0cef25c2-62dd-4c37-9ce6-b17da7a68879,NIKE,136596,4,NORMAL
DASS SEST714192093696135CM1604646816045938NBR328346520260814-1,OK,DASS SEST,7,141920,1069210,93696,ATAC. MR110029 RECICLADO COR 4085/PET [6538fa55-cac2-4242-8778-3df30848ac8f],135CM,16046468,584,16045938NBR3283465,14/08/2026,28/09/2026,38,21/08/2026,901577,,6538fa55-cac2-4242-8778-3df30848ac8f,NIKE,136596,5,NORMAL
DASS SEST714192093696135CM1604646816045939NBR328346520260814-1,OK,DASS SEST,7,141920,1069210,93696,ATAC. MR110029 RECICLADO COR 4085/PET [dd74476a-d5fa-46b8-bcaf-b0e9cce2828b],135CM,16046468,636,16045939NBR3283465,14/08/2026,28/09/2026,38,21/08/2026,901578,,dd74476a-d5fa-46b8-bcaf-b0e9cce2828b,NIKE,136596,6,NORMAL
DASS SEST714192093696135CM1604646816045948NBR328346720260814-1,OK,DASS SEST,7,141920,1069210,93696,ATAC. MR110029 RECICLADO COR 4085/PET [e5e5c767-239e-4322-9d61-571a49eb7309],135CM,16046468,638,16045948NBR3283467,14/08/2026,28/09/2026,38,21/08/2026,901579,,e5e5c767-239e-4322-9d61-571a49eb7309,NIKE,136596,7,NORMAL
DASS SEST714192093696135CM1604646816045949NBR328346720260814-1,OK,DASS SEST,7,141920,1069210,93696,ATAC. MR110029 RECICLADO COR 4085/PET [58968195-9bc2-4785-8486-4f13d1520e07],135CM,16046468,678,16045949NBR3283467,14/08/2026,28/09/2026,38,21/08/2026,901580,,58968195-9bc2-4785-8486-4f13d1520e07,NIKE,136596,8,NORMAL
DASS SEST714192093696140CM1604646816045938NBR328346520260814-1,OK,DASS SEST,7,141920,1069210,93696,ATAC. MR110029 RECICLADO COR 4085/PET [4703522a-e299-4ffe-8060-5fed008a5ac5],140CM,16046468,48,16045938NBR3283465,14/08/2026,28/09/2026,38,21/08/2026,901581,,4703522a-e299-4ffe-8060-5fed008a5ac5,NIKE,136596,9,NORMAL
DASS SEST714192093696140CM1604646816045939NBR328346520260814-1,OK,DASS SEST,7,141920,1069210,93696,ATAC. MR110029 RECICLADO COR 4085/PET [497be428-9d30-485d-8939-d137e14156d2],140CM,16046468,60,16045939NBR3283465,14/08/2026,28/09/2026,38,21/08/2026,901582,,497be428-9d30-485d-8939-d137e14156d2,NIKE,136596,10,NORMAL
DASS SEST714192093696140CM1604646816045948NBR328346720260814-1,OK,DASS SEST,7,141920,1069210,93696,ATAC. MR110029 RECICLADO COR 4085/PET [d44c07ad-fa15-4831-824c-6307caaa8cfe],140CM,16046468,78,16045948NBR3283467,14/08/2026,28/09/2026,38,21/08/2026,901583,,d44c07ad-fa15-4831-824c-6307caaa8cfe,NIKE,136596,11,NORMAL
DASS SEST714192093696140CM1604646816045949NBR328346720260814-1,OK,DASS SEST,7,141920,1069210,93696,ATAC. MR110029 RECICLADO COR 4085/PET [b35aa41f-143a-4754-8a43-632bdc604335],140CM,16046468,66,16045949NBR3283467,14/08/2026,28/09/2026,38,21/08/2026,901584,,b35aa41f-143a-4754-8a43-632bdc604335,NIKE,136596,12,NORMAL
DASS SEST71419217423610MM1604679220260814-1,OK,DASS SEST,7,141921,1065276,74236,FITA MR100001 C/ GOMA RECICLADO COR 4662/PET [df3d059a-bd27-41e2-a9d8-056796cde543],10MM,16046792,140,0,14/08/2026,28/09/2026,38,21/08/2026,901585,,df3d059a-bd27-41e2-a9d8-056796cde543,NIKE,136597,1,NORMAL
DASS ITABERABA70141493740308MM1600335720260803-1,OK,DASS ITABERABA,70,141493,1104264,74030,FITA MFGP C/ GOMA POLIESTER COR 114 [adbb5aa7-4574-4ab6-9a5a-ee486c9c406f],8MM,16003357,200,0,03/08/2026,28/09/2026,38,21/08/2026,901586,,adbb5aa7-4574-4ab6-9a5a-ee486c9c406f,FILA,136131,1,NORMAL
DASS ITABERABA70141493781878MM1600335720260803-1,OK,DASS ITABERABA,70,141493,1146621,78187,FITA MFGP C/ GOMA POLIESTER COR 053 [c4dbb1d1-c1fe-43f3-a25c-fe8b7cebe124],8MM,16003357,250,0,03/08/2026,28/09/2026,38,21/08/2026,901587,,c4dbb1d1-c1fe-43f3-a25c-fe8b7cebe124,FILA,136131,2,NORMAL
DASS ITABERABA7014151573236115CM1600757215997507BRITB0055420260803-1,OK,DASS ITABERABA,70,141515,1173570,73236,ATAC. M6034 8MM ALPINA COR 2000 [ee2c4570-4bf0-4cc2-a0fb-eecbfbffa1e8],115CM,16007572,336,15997507BRITB00554,03/08/2026,28/09/2026,38,21/08/2026,901588,,ee2c4570-4bf0-4cc2-a0fb-eecbfbffa1e8,FILA,136152,1,NORMAL
DASS ITABERABA7014151573236115CM1600757215997514BRITB0055420260803-1,OK,DASS ITABERABA,70,141515,1173570,73236,ATAC. M6034 8MM ALPINA COR 2000 [91c4be50-224a-4ff2-ace5-4aedf793c718],115CM,16007572,396,15997514BRITB00554,03/08/2026,28/09/2026,38,21/08/2026,901589,,91c4be50-224a-4ff2-ace5-4aedf793c718,FILA,136152,2,NORMAL
DASS ITABERABA7014151573236125CM1600757215997507BRITB0055420260803-1,OK,DASS ITABERABA,70,141515,1173570,73236,ATAC. M6034 8MM ALPINA COR 2000 [85972c93-1c91-44e6-a38b-02a149107dca],125CM,16007572,420,15997507BRITB00554,03/08/2026,28/09/2026,38,21/08/2026,901590,,85972c93-1c91-44e6-a38b-02a149107dca,FILA,136152,3,NORMAL
DASS ITABERABA7014151573236125CM1600757215997514BRITB0055420260803-1,OK,DASS ITABERABA,70,141515,1173570,73236,ATAC. M6034 8MM ALPINA COR 2000 [c7043299-0345-4f47-b251-fe299bacf5e2],125CM,16007572,444,15997514BRITB00554,03/08/2026,28/09/2026,38,21/08/2026,901591,,c7043299-0345-4f47-b251-fe299bacf5e2,FILA,136152,4,NORMAL
DASS SEST71409817401410MM1595211220260720-1,OK,DASS SEST,7,140981,965421,74014,FITA MFGP C/ GOMA POLIESTER COR 4085 [e54eedf5-97b7-4608-817c-2ae002d622e8],10MM,15952112,180,0,20/07/2026,04/10/2026,44,21/08/2026,901592,,e54eedf5-97b7-4608-817c-2ae002d622e8,NIKE,135668,1,
DASS SEST714010282628100CM1585579415851828NBR328304020260625-1,OK,DASS SEST,7,140102,1188919,82628,ATAC. MR140014 6MM RECICLADO COR 4085/PET [0cacad53-586b-42ca-be29-108184582543],100CM,15855794,518,15851828NBR3283040,25/06/2026,05/10/2026,45,21/08/2026,901593,,0cacad53-586b-42ca-be29-108184582543,NIKE,134791,1,
DASS SEST714010282628100CM1585579415851829NBR328304020260625-1,OK,DASS SEST,7,140102,1188919,82628,ATAC. MR140014 6MM RECICLADO COR 4085/PET [e39ec4eb-6c94-4627-ac8a-9c0d3c6252a9],100CM,15855794,564,15851829NBR3283040,25/06/2026,05/10/2026,45,21/08/2026,901594,,e39ec4eb-6c94-4627-ac8a-9c0d3c6252a9,NIKE,134791,2,
DASS SEST714010282628105CM1585579415851828NBR328304020260625-1,OK,DASS SEST,7,140102,1188919,82628,ATAC. MR140014 6MM RECICLADO COR 4085/PET [23432ea2-874b-4985-9aa9-c4615bf7cec2],105CM,15855794,270,15851828NBR3283040,25/06/2026,05/10/2026,45,21/08/2026,901595,,23432ea2-874b-4985-9aa9-c4615bf7cec2,NIKE,134791,3,
DASS SEST714010282628105CM1585579415851829NBR328304020260625-1,OK,DASS SEST,7,140102,1188919,82628,ATAC. MR140014 6MM RECICLADO COR 4085/PET [ea390cd3-6f4d-4c61-a744-c29caec70fdf],105CM,15855794,282,15851829NBR3283040,25/06/2026,05/10/2026,45,21/08/2026,901596,,ea390cd3-6f4d-4c61-a744-c29caec70fdf,NIKE,134791,4,
DASS SEST714010282628105CM1585579415851817NBR328318720260625-1,OK,DASS SEST,7,140102,1188919,82628,ATAC. MR140014 6MM RECICLADO COR 4085/PET [cb594a38-b54a-42ae-b271-dba0494f3387],105CM,15855794,156,15851817NBR3283187,25/06/2026,05/10/2026,45,21/08/2026,901597,,cb594a38-b54a-42ae-b271-dba0494f3387,NIKE,134791,5,
DASS SEST714010282628105CM1585579415851818NBR328318720260625-1,OK,DASS SEST,7,140102,1188919,82628,ATAC. MR140014 6MM RECICLADO COR 4085/PET [6a9a20e6-86b7-4590-8448-d4c68663a23c],105CM,15855794,174,15851818NBR3283187,25/06/2026,05/10/2026,45,21/08/2026,901598,,6a9a20e6-86b7-4590-8448-d4c68663a23c,NIKE,134791,6,
DASS SEST714010282628110CM1585579415851817NBR328318720260625-1,OK,DASS SEST,7,140102,1188919,82628,ATAC. MR140014 6MM RECICLADO COR 4085/PET [c590ea76-7fd8-48cc-96a9-be6598c3fc01],110CM,15855794,464,15851817NBR3283187,25/06/2026,05/10/2026,45,21/08/2026,901599,,c590ea76-7fd8-48cc-96a9-be6598c3fc01,NIKE,134791,7,
DASS SEST714010282628110CM1585579415851818NBR328318720260625-1,OK,DASS SEST,7,140102,1188919,82628,ATAC. MR140014 6MM RECICLADO COR 4085/PET [25322501-e33d-40ea-bb17-8cb5e4155af2],110CM,15855794,462,15851818NBR3283187,25/06/2026,05/10/2026,45,21/08/2026,901600,,25322501-e33d-40ea-bb17-8cb5e4155af2,NIKE,134791,8,
DASS SEST714010282628115CM1585579415851817NBR328318720260625-1,OK,DASS SEST,7,140102,1188919,82628,ATAC. MR140014 6MM RECICLADO COR 4085/PET [5bae338e-1654-4f44-845c-702a6912f2fb],115CM,15855794,180,15851817NBR3283187,25/06/2026,05/10/2026,45,21/08/2026,901601,,5bae338e-1654-4f44-845c-702a6912f2fb,NIKE,134791,9,
DASS SEST714010282628115CM1585579415851818NBR328318720260625-1,OK,DASS SEST,7,140102,1188919,82628,ATAC. MR140014 6MM RECICLADO COR 4085/PET [4cb78a6d-081a-46db-ac2b-7168a4abe8ce],115CM,15855794,192,15851818NBR3283187,25/06/2026,05/10/2026,45,21/08/2026,901602,,4cb78a6d-081a-46db-ac2b-7168a4abe8ce,NIKE,134791,10,
DASS SEST714010284943100CM1585579415851830NBR328289120260625-1,OK,DASS SEST,7,140102,1241008,84943,ATAC. MR140014 6MM RECICLADO COR 4021/PET [33e4b32c-0eac-47a8-9187-847d121bc6f3],100CM,15855794,518,15851830NBR3282891,25/06/2026,05/10/2026,45,21/08/2026,901603,,33e4b32c-0eac-47a8-9187-847d121bc6f3,NIKE,134791,11,
DASS SEST714010284943100CM1585579415851831NBR328289120260625-1,OK,DASS SEST,7,140102,1241008,84943,ATAC. MR140014 6MM RECICLADO COR 4021/PET [2913d56e-f6d4-4359-a8d8-37076ca88b13],100CM,15855794,552,15851831NBR3282891,25/06/2026,05/10/2026,45,21/08/2026,901604,,2913d56e-f6d4-4359-a8d8-37076ca88b13,NIKE,134791,12,
DASS SEST714010284943105CM1585579415851830NBR328289120260625-1,OK,DASS SEST,7,140102,1241008,84943,ATAC. MR140014 6MM RECICLADO COR 4021/PET [9c994f77-6bcb-41cd-8734-cf2c34fdb46f],105CM,15855794,270,15851830NBR3282891,25/06/2026,05/10/2026,45,21/08/2026,901605,,9c994f77-6bcb-41cd-8734-cf2c34fdb46f,NIKE,134791,13,
DASS SEST714010284943105CM1585579415851831NBR328289120260625-1,OK,DASS SEST,7,140102,1241008,84943,ATAC. MR140014 6MM RECICLADO COR 4021/PET [828ec432-8a7f-450a-8949-36dc5ab1d636],105CM,15855794,276,15851831NBR3282891,25/06/2026,05/10/2026,45,21/08/2026,901606,,828ec432-8a7f-450a-8949-36dc5ab1d636,NIKE,134791,14,
DASS SEST71401038262418MM1585680420260625-1,OK,DASS SEST,7,140103,1220520,82624,FITA MR100037 C/ GOMA RECICLADO COR 100/PET [002e83a5-dbd2-4dd7-803a-14a0a4cceb8a],18MM,15856804,560,0,25/06/2026,05/10/2026,45,21/08/2026,901607,,002e83a5-dbd2-4dd7-803a-14a0a4cceb8a,NIKE,134792,1,
DASS SEST714019682628100CM1587267315868596NBR328315820260626-1,OK,DASS SEST,7,140196,1188919,82628,ATAC. MR140014 6MM RECICLADO COR 4085/PET [1cc78f4a-d5b6-4848-a170-8089718710c9],100CM,15872673,168,15868596NBR3283158,26/06/2026,05/10/2026,45,21/08/2026,901608,,1cc78f4a-d5b6-4848-a170-8089718710c9,NIKE,134946,1,
DASS SEST714019682628100CM1587267315868599NBR328315820260626-1,OK,DASS SEST,7,140196,1188919,82628,ATAC. MR140014 6MM RECICLADO COR 4085/PET [c70b99c5-cc15-4a52-8384-c30b8d169d20],100CM,15872673,180,15868599NBR3283158,26/06/2026,05/10/2026,45,21/08/2026,901609,,c70b99c5-cc15-4a52-8384-c30b8d169d20,NIKE,134946,2,
DASS SEST714019682628100CM1587267315868603NBR328316020260626-1,OK,DASS SEST,7,140196,1188919,82628,ATAC. MR140014 6MM RECICLADO COR 4085/PET [2053c514-851c-4e77-a83f-f966b256dd91],100CM,15872673,294,15868603NBR3283160,26/06/2026,05/10/2026,45,21/08/2026,901610,,2053c514-851c-4e77-a83f-f966b256dd91,NIKE,134946,3,
DASS SEST714019682628100CM1587267315868629NBR328316320260626-1,OK,DASS SEST,7,140196,1188919,82628,ATAC. MR140014 6MM RECICLADO COR 4085/PET [4165ee93-18a8-489c-bdf6-e0e3de7b0dac],100CM,15872673,180,15868629NBR3283163,26/06/2026,05/10/2026,45,21/08/2026,901611,,4165ee93-18a8-489c-bdf6-e0e3de7b0dac,NIKE,134946,4,
DASS SEST714019682628100CM1587267315868630NBR328316320260626-1,OK,DASS SEST,7,140196,1188919,82628,ATAC. MR140014 6MM RECICLADO COR 4085/PET [52ae9133-a398-4114-b149-b62cc113caea],100CM,15872673,180,15868630NBR3283163,26/06/2026,05/10/2026,45,21/08/2026,901612,,52ae9133-a398-4114-b149-b62cc113caea,NIKE,134946,5,
DASS SEST714019682628105CM1587267315868596NBR328315820260626-1,OK,DASS SEST,7,140196,1188919,82628,ATAC. MR140014 6MM RECICLADO COR 4085/PET [7fb10eaf-8ed9-4629-ac75-0f0567d1fcdd],105CM,15872673,638,15868596NBR3283158,26/06/2026,05/10/2026,45,21/08/2026,901613,,7fb10eaf-8ed9-4629-ac75-0f0567d1fcdd,NIKE,134946,6,
DASS SEST714019682628105CM1587267315868599NBR328315820260626-1,OK,DASS SEST,7,140196,1188919,82628,ATAC. MR140014 6MM RECICLADO COR 4085/PET [5a767622-67ff-4fc2-9772-8dba5439021f],105CM,15872673,660,15868599NBR3283158,26/06/2026,05/10/2026,45,21/08/2026,901614,,5a767622-67ff-4fc2-9772-8dba5439021f,NIKE,134946,7,
DASS SEST714019682628105CM1587267315868603NBR328316020260626-1,OK,DASS SEST,7,140196,1188919,82628,ATAC. MR140014 6MM RECICLADO COR 4085/PET [7dd831fb-3b10-4cab-b957-5d50459dae68],105CM,15872673,902,15868603NBR3283160,26/06/2026,05/10/2026,45,21/08/2026,901615,,7dd831fb-3b10-4cab-b957-5d50459dae68,NIKE,134946,8,
DASS SEST714019682628105CM1587267315868629NBR328316320260626-1,OK,DASS SEST,7,140196,1188919,82628,ATAC. MR140014 6MM RECICLADO COR 4085/PET [825f65df-7370-4226-9256-618e4a8fce3a],105CM,15872673,758,15868629NBR3283163,26/06/2026,05/10/2026,45,21/08/2026,901616,,825f65df-7370-4226-9256-618e4a8fce3a,NIKE,134946,9,
DASS SEST714019682628105CM1587267315868630NBR328316320260626-1,OK,DASS SEST,7,140196,1188919,82628,ATAC. MR140014 6MM RECICLADO COR 4085/PET [f82b9fd8-a7d9-4b10-b680-259138e0ebc1],105CM,15872673,786,15868630NBR3283163,26/06/2026,05/10/2026,45,21/08/2026,901617,,f82b9fd8-a7d9-4b10-b680-259138e0ebc1,NIKE,134946,10,
DASS SEST714019682628105CM1587267315868592NBR328319420260626-1,OK,DASS SEST,7,140196,1188919,82628,ATAC. MR140014 6MM RECICLADO COR 4085/PET [4a6ba232-73c9-46dc-88d6-dd0fdd19f135],105CM,15872673,348,15868592NBR3283194,26/06/2026,05/10/2026,45,21/08/2026,901618,,4a6ba232-73c9-46dc-88d6-dd0fdd19f135,NIKE,134946,11,
DASS SEST714019682628110CM1587267315868596NBR328315820260626-1,OK,DASS SEST,7,140196,1188919,82628,ATAC. MR140014 6MM RECICLADO COR 4085/PET [113573bd-071e-4b21-87cd-ca98d4299a21],110CM,15872673,36,15868596NBR3283158,26/06/2026,05/10/2026,45,21/08/2026,901619,,113573bd-071e-4b21-87cd-ca98d4299a21,NIKE,134946,12,
DASS SEST714019682628110CM1587267315868599NBR328315820260626-1,OK,DASS SEST,7,140196,1188919,82628,ATAC. MR140014 6MM RECICLADO COR 4085/PET [478e1024-5fa0-4421-96d9-651d5a9ab08a],110CM,15872673,24,15868599NBR3283158,26/06/2026,05/10/2026,45,21/08/2026,901620,,478e1024-5fa0-4421-96d9-651d5a9ab08a,NIKE,134946,13,
DASS SEST714019682628110CM1587267315868603NBR328316020260626-1,OK,DASS SEST,7,140196,1188919,82628,ATAC. MR140014 6MM RECICLADO COR 4085/PET [a38af04e-cae4-4ea0-823f-8d0e8b9fd5d3],110CM,15872673,12,15868603NBR3283160,26/06/2026,05/10/2026,45,21/08/2026,901621,,a38af04e-cae4-4ea0-823f-8d0e8b9fd5d3,NIKE,134946,14,
DASS SEST714019682628110CM1587267315868629NBR328316320260626-1,OK,DASS SEST,7,140196,1188919,82628,ATAC. MR140014 6MM RECICLADO COR 4085/PET [cd00ccbf-cf2f-4563-bcd5-e18d1f1a9909],110CM,15872673,36,15868629NBR3283163,26/06/2026,05/10/2026,45,21/08/2026,901622,,cd00ccbf-cf2f-4563-bcd5-e18d1f1a9909,NIKE,134946,15,
DASS SEST714019682628110CM1587267315868630NBR328316320260626-1,OK,DASS SEST,7,140196,1188919,82628,ATAC. MR140014 6MM RECICLADO COR 4085/PET [05430a39-eab6-469b-ac3f-8971fe3dbbd8],110CM,15872673,36,15868630NBR3283163,26/06/2026,05/10/2026,45,21/08/2026,901623,,05430a39-eab6-469b-ac3f-8971fe3dbbd8,NIKE,134946,16,
DASS SEST714019682628110CM1587267315868592NBR328319420260626-1,OK,DASS SEST,7,140196,1188919,82628,ATAC. MR140014 6MM RECICLADO COR 4085/PET [b6ae800f-8bc1-4584-ba29-769bc5435281],110CM,15872673,902,15868592NBR3283194,26/06/2026,05/10/2026,45,21/08/2026,901624,,b6ae800f-8bc1-4584-ba29-769bc5435281,NIKE,134946,17,
DASS SEST714019682628115CM1587267315868592NBR328319420260626-1,OK,DASS SEST,7,140196,1188919,82628,ATAC. MR140014 6MM RECICLADO COR 4085/PET [db49f89d-9150-4fd6-820b-acd7ddc04cb6],115CM,15872673,270,15868592NBR3283194,26/06/2026,05/10/2026,45,21/08/2026,901625,,db49f89d-9150-4fd6-820b-acd7ddc04cb6,NIKE,134946,18,
DASS SEST714019685472100CM1587267315868631NBR328315320260626-1,OK,DASS SEST,7,140196,1269460,85472,ATAC. MR140014 6MM RECICLADO COR 5481/PET [78a094bb-32b6-4f73-8484-e4d8079a1b39],100CM,15872673,282,15868631NBR3283153,26/06/2026,05/10/2026,45,21/08/2026,901626,,78a094bb-32b6-4f73-8484-e4d8079a1b39,NIKE,134946,19,
DASS SEST714019685472105CM1587267315868631NBR328315320260626-1,OK,DASS SEST,7,140196,1269460,85472,ATAC. MR140014 6MM RECICLADO COR 5481/PET [f251e83b-2878-4e1d-bea7-fef73f93adf0],105CM,15872673,1010,15868631NBR3283153,26/06/2026,05/10/2026,45,21/08/2026,901627,,f251e83b-2878-4e1d-bea7-fef73f93adf0,NIKE,134946,20,
DASS SEST714019685472110CM1587267315868631NBR328315320260626-1,OK,DASS SEST,7,140196,1269460,85472,ATAC. MR140014 6MM RECICLADO COR 5481/PET [ca782f68-da73-42d0-baa8-31236480a41e],110CM,15872673,30,15868631NBR3283153,26/06/2026,05/10/2026,45,21/08/2026,901628,,ca782f68-da73-42d0-baa8-31236480a41e,NIKE,134946,21,
DASS SEST714019695894105CM1587267315868612NBR328319220260626-1,OK,DASS SEST,7,140196,1425041,95894,ATAC. MR140014 6MM RECICLADO COR 6179/PET [aec2df83-9085-4b5a-bd85-c929ee467aed],105CM,15872673,156,15868612NBR3283192,26/06/2026,05/10/2026,45,21/08/2026,901629,,aec2df83-9085-4b5a-bd85-c929ee467aed,NIKE,134946,22,
DASS SEST714019695894105CM1587267315868613NBR328319220260626-1,OK,DASS SEST,7,140196,1425041,95894,ATAC. MR140014 6MM RECICLADO COR 6179/PET [269bf0e3-4b0f-4dd4-a671-1ecfb834d9eb],105CM,15872673,180,15868613NBR3283192,26/06/2026,05/10/2026,45,21/08/2026,901630,,269bf0e3-4b0f-4dd4-a671-1ecfb834d9eb,NIKE,134946,23,
DASS SEST714019695894105CM1587267315868615NBR328319520260626-1,OK,DASS SEST,7,140196,1425041,95894,ATAC. MR140014 6MM RECICLADO COR 6179/PET [4e32a578-9779-4279-98a3-fb1a21c1c64e],105CM,15872673,156,15868615NBR3283195,26/06/2026,05/10/2026,45,21/08/2026,901631,,4e32a578-9779-4279-98a3-fb1a21c1c64e,NIKE,134946,24,
DASS SEST714019695894105CM1587267315868616NBR328319520260626-1,OK,DASS SEST,7,140196,1425041,95894,ATAC. MR140014 6MM RECICLADO COR 6179/PET [603b909c-1100-46d1-875d-81b1f1e884cf],105CM,15872673,180,15868616NBR3283195,26/06/2026,05/10/2026,45,21/08/2026,901632,,603b909c-1100-46d1-875d-81b1f1e884cf,NIKE,134946,25,
DASS SEST714019695894110CM1587267315868612NBR328319220260626-1,OK,DASS SEST,7,140196,1425041,95894,ATAC. MR140014 6MM RECICLADO COR 6179/PET [25a4cc39-36b3-4cd4-b061-5a1a5a156f7f],110CM,15872673,488,15868612NBR3283192,26/06/2026,05/10/2026,45,21/08/2026,901633,,25a4cc39-36b3-4cd4-b061-5a1a5a156f7f,NIKE,134946,26,
DASS SEST714019695894110CM1587267315868613NBR328319220260626-1,OK,DASS SEST,7,140196,1425041,95894,ATAC. MR140014 6MM RECICLADO COR 6179/PET [022e198f-c810-49de-a03b-6b850922c1d1],110CM,15872673,516,15868613NBR3283192,26/06/2026,05/10/2026,45,21/08/2026,901634,,022e198f-c810-49de-a03b-6b850922c1d1,NIKE,134946,27,
DASS SEST714019695894110CM1587267315868615NBR328319520260626-1,OK,DASS SEST,7,140196,1425041,95894,ATAC. MR140014 6MM RECICLADO COR 6179/PET [614a2d88-2d30-4553-976e-4cb728de4547],110CM,15872673,488,15868615NBR3283195,26/06/2026,05/10/2026,45,21/08/2026,901635,,614a2d88-2d30-4553-976e-4cb728de4547,NIKE,134946,28,
DASS SEST714019695894110CM1587267315868616NBR328319520260626-1,OK,DASS SEST,7,140196,1425041,95894,ATAC. MR140014 6MM RECICLADO COR 6179/PET [bdd27d46-2f9b-458a-bd5e-b49cde67be7f],110CM,15872673,516,15868616NBR3283195,26/06/2026,05/10/2026,45,21/08/2026,901636,,bdd27d46-2f9b-458a-bd5e-b49cde67be7f,NIKE,134946,29,
DASS SEST714019695894115CM1587267315868612NBR328319220260626-1,OK,DASS SEST,7,140196,1425041,95894,ATAC. MR140014 6MM RECICLADO COR 6179/PET [10d4553b-abe5-419e-bd58-8bec56dd12c1],115CM,15872673,120,15868612NBR3283192,26/06/2026,05/10/2026,45,21/08/2026,901637,,10d4553b-abe5-419e-bd58-8bec56dd12c1,NIKE,134946,30,
DASS SEST714019695894115CM1587267315868613NBR328319220260626-1,OK,DASS SEST,7,140196,1425041,95894,ATAC. MR140014 6MM RECICLADO COR 6179/PET [e9c8bab0-0a3c-4bf0-932d-151e5252a2c2],115CM,15872673,156,15868613NBR3283192,26/06/2026,05/10/2026,45,21/08/2026,901638,,e9c8bab0-0a3c-4bf0-932d-151e5252a2c2,NIKE,134946,31,
DASS SEST714019695894115CM1587267315868615NBR328319520260626-1,OK,DASS SEST,7,140196,1425041,95894,ATAC. MR140014 6MM RECICLADO COR 6179/PET [efeb5e35-5654-495d-b98a-c95f1bbf09b3],115CM,15872673,120,15868615NBR3283195,26/06/2026,05/10/2026,45,21/08/2026,901639,,efeb5e35-5654-495d-b98a-c95f1bbf09b3,NIKE,134946,32,
DASS SEST714019695894115CM1587267315868616NBR328319520260626-1,OK,DASS SEST,7,140196,1425041,95894,ATAC. MR140014 6MM RECICLADO COR 6179/PET [c4b5e071-ace7-4515-9098-b0404eed90bb],115CM,15872673,156,15868616NBR3283195,26/06/2026,05/10/2026,45,21/08/2026,901640,,c4b5e071-ace7-4515-9098-b0404eed90bb,NIKE,134946,33,
DASS SEST714019695895105CM1587267315868619NBR328314420260626-1,OK,DASS SEST,7,140196,1425040,95895,ATAC. MR140014 6MM RECICLADO COR 6176/PET [086eb0e3-477c-40a9-a1dc-71bebc4f300b],105CM,15872673,240,15868619NBR3283144,26/06/2026,05/10/2026,45,21/08/2026,901641,,086eb0e3-477c-40a9-a1dc-71bebc4f300b,NIKE,134946,34,
DASS SEST714019695895105CM1587267315868620NBR328314420260626-1,OK,DASS SEST,7,140196,1425040,95895,ATAC. MR140014 6MM RECICLADO COR 6176/PET [296f2aac-6378-4a21-b985-9a2ab4705655],105CM,15872673,264,15868620NBR3283144,26/06/2026,05/10/2026,45,21/08/2026,901642,,296f2aac-6378-4a21-b985-9a2ab4705655,NIKE,134946,35,
DASS SEST714019695895105CM1587267315868621NBR328319620260626-1,OK,DASS SEST,7,140196,1425040,95895,ATAC. MR140014 6MM RECICLADO COR 6176/PET [b073615a-81c7-4716-aede-d7abaad1adaa],105CM,15872673,240,15868621NBR3283196,26/06/2026,05/10/2026,45,21/08/2026,901643,,b073615a-81c7-4716-aede-d7abaad1adaa,NIKE,134946,36,
DASS SEST714019695895105CM1587267315868622NBR328319620260626-1,OK,DASS SEST,7,140196,1425040,95895,ATAC. MR140014 6MM RECICLADO COR 6176/PET [91b7d206-0914-486b-9857-c1b72cd4e35c],105CM,15872673,264,15868622NBR3283196,26/06/2026,05/10/2026,45,21/08/2026,901644,,91b7d206-0914-486b-9857-c1b72cd4e35c,NIKE,134946,37,
DASS SEST714019695895110CM1587267315868619NBR328314420260626-1,OK,DASS SEST,7,140196,1425040,95895,ATAC. MR140014 6MM RECICLADO COR 6176/PET [3e4608ee-0f0c-46fa-9c68-daeeb46deaf5],110CM,15872673,596,15868619NBR3283144,26/06/2026,05/10/2026,45,21/08/2026,901645,,3e4608ee-0f0c-46fa-9c68-daeeb46deaf5,NIKE,134946,38,
DASS SEST714019695895110CM1587267315868620NBR328314420260626-1,OK,DASS SEST,7,140196,1425040,95895,ATAC. MR140014 6MM RECICLADO COR 6176/PET [2146b222-2471-408e-9e25-46713eb69bee],110CM,15872673,594,15868620NBR3283144,26/06/2026,05/10/2026,45,21/08/2026,901646,,2146b222-2471-408e-9e25-46713eb69bee,NIKE,134946,39,
DASS SEST714019695895110CM1587267315868621NBR328319620260626-1,OK,DASS SEST,7,140196,1425040,95895,ATAC. MR140014 6MM RECICLADO COR 6176/PET [a34985dc-cebb-4fe4-8804-91d9eabd17ff],110CM,15872673,596,15868621NBR3283196,26/06/2026,05/10/2026,45,21/08/2026,901647,,a34985dc-cebb-4fe4-8804-91d9eabd17ff,NIKE,134946,40,
DASS SEST714019695895110CM1587267315868622NBR328319620260626-1,OK,DASS SEST,7,140196,1425040,95895,ATAC. MR140014 6MM RECICLADO COR 6176/PET [45009462-958b-467a-af6f-ea5dbbdd8468],110CM,15872673,594,15868622NBR3283196,26/06/2026,05/10/2026,45,21/08/2026,901648,,45009462-958b-467a-af6f-ea5dbbdd8468,NIKE,134946,41,
DASS SEST714019695895115CM1587267315868619NBR328314420260626-1,OK,DASS SEST,7,140196,1425040,95895,ATAC. MR140014 6MM RECICLADO COR 6176/PET [3ed1171c-2e41-4635-be55-2f7d29325a4b],115CM,15872673,120,15868619NBR3283144,26/06/2026,05/10/2026,45,21/08/2026,901649,,3ed1171c-2e41-4635-be55-2f7d29325a4b,NIKE,134946,42,
DASS SEST714019695895115CM1587267315868620NBR328314420260626-1,OK,DASS SEST,7,140196,1425040,95895,ATAC. MR140014 6MM RECICLADO COR 6176/PET [3c5e2ffc-43d5-4c14-9c5a-fc2855901add],115CM,15872673,138,15868620NBR3283144,26/06/2026,05/10/2026,45,21/08/2026,901650,,3c5e2ffc-43d5-4c14-9c5a-fc2855901add,NIKE,134946,43,
DASS SEST714019695895115CM1587267315868621NBR328319620260626-1,OK,DASS SEST,7,140196,1425040,95895,ATAC. MR140014 6MM RECICLADO COR 6176/PET [8ed06955-ca1c-42dc-a113-7583cb91921d],115CM,15872673,120,15868621NBR3283196,26/06/2026,05/10/2026,45,21/08/2026,901651,,8ed06955-ca1c-42dc-a113-7583cb91921d,NIKE,134946,44,
DASS SEST714019695895115CM1587267315868622NBR328319620260626-1,OK,DASS SEST,7,140196,1425040,95895,ATAC. MR140014 6MM RECICLADO COR 6176/PET [94ed0120-4579-4ccf-8111-4417a4ab246a],115CM,15872673,138,15868622NBR3283196,26/06/2026,05/10/2026,45,21/08/2026,901652,,94ed0120-4579-4ccf-8111-4417a4ab246a,NIKE,134946,45,
DASS SEST714075786978110CM1591518215903678NBR328318920260710-1,OK,DASS SEST,7,140757,1299257,86978,ATAC. MR130027 6MM RECICLADO COR 4085/PET [0268dc37-92f9-4c90-925d-926881c0de7c],110CM,15915182,222,15903678NBR3283189,10/07/2026,05/10/2026,45,21/08/2026,901653,,0268dc37-92f9-4c90-925d-926881c0de7c,NIKE,135474,1,
DASS SEST714075786978110CM1591518215903679NBR328318920260710-1,OK,DASS SEST,7,140757,1299257,86978,ATAC. MR130027 6MM RECICLADO COR 4085/PET [07918d59-0e81-4542-b0be-6b153b96a7aa],110CM,15915182,234,15903679NBR3283189,10/07/2026,05/10/2026,45,21/08/2026,901654,,07918d59-0e81-4542-b0be-6b153b96a7aa,NIKE,135474,2,
DASS SEST714075786978115CM1591518215903678NBR328318920260710-1,OK,DASS SEST,7,140757,1299257,86978,ATAC. MR130027 6MM RECICLADO COR 4085/PET [c73709b7-7f41-456e-ba31-b5a689a86ac9],115CM,15915182,615,15903678NBR3283189,10/07/2026,05/10/2026,45,21/08/2026,901655,,c73709b7-7f41-456e-ba31-b5a689a86ac9,NIKE,135474,3,
DASS SEST714075786978115CM1591518215903679NBR328318920260710-1,OK,DASS SEST,7,140757,1299257,86978,ATAC. MR130027 6MM RECICLADO COR 4085/PET [81f48b14-55c1-4a7b-b1ad-ba21c8719655],115CM,15915182,636,15903679NBR3283189,10/07/2026,05/10/2026,45,21/08/2026,901656,,81f48b14-55c1-4a7b-b1ad-ba21c8719655,NIKE,135474,4,
DASS SEST714075786978120CM1591518215903678NBR328318920260710-1,OK,DASS SEST,7,140757,1299257,86978,ATAC. MR130027 6MM RECICLADO COR 4085/PET [f55f846b-cdfd-4855-8cf2-f487a218b510],120CM,15915182,156,15903678NBR3283189,10/07/2026,05/10/2026,45,21/08/2026,901657,,f55f846b-cdfd-4855-8cf2-f487a218b510,NIKE,135474,5,
DASS SEST714075786978120CM1591518215903679NBR328318920260710-1,OK,DASS SEST,7,140757,1299257,86978,ATAC. MR130027 6MM RECICLADO COR 4085/PET [889b9a12-ae82-4b26-9444-4c889e2f0d89],120CM,15915182,162,15903679NBR3283189,10/07/2026,05/10/2026,45,21/08/2026,901658,,889b9a12-ae82-4b26-9444-4c889e2f0d89,NIKE,135474,6,
DASS SEST714084996119110CM1592819615903715NBR328312720260715-1,OK,DASS SEST,7,140849,1451084,96119,ATAC. MR130027 6MM RECICLADO COR 5687/PET [644f8285-0762-4ab5-9783-d6b8ec713a18],110CM,15928196,342,15903715NBR3283127,15/07/2026,05/10/2026,45,21/08/2026,901659,,644f8285-0762-4ab5-9783-d6b8ec713a18,NIKE,135560,1,
DASS SEST714084996119110CM1592819615903716NBR328318820260715-1,OK,DASS SEST,7,140849,1451084,96119,ATAC. MR130027 6MM RECICLADO COR 5687/PET [1c985c62-cf8a-43c2-bcea-f1aab187a51a],110CM,15928196,192,15903716NBR3283188,15/07/2026,05/10/2026,45,21/08/2026,901660,,1c985c62-cf8a-43c2-bcea-f1aab187a51a,NIKE,135560,2,
DASS SEST714084996119110CM1592819615903717NBR328318820260715-1,OK,DASS SEST,7,140849,1451084,96119,ATAC. MR130027 6MM RECICLADO COR 5687/PET [c6e12eea-a6fa-43ed-ac6a-436644d64fed],110CM,15928196,216,15903717NBR3283188,15/07/2026,05/10/2026,45,21/08/2026,901661,,c6e12eea-a6fa-43ed-ac6a-436644d64fed,NIKE,135560,3,
DASS SEST714084996119110CM1592819615903718NBR328319020260715-1,OK,DASS SEST,7,140849,1451084,96119,ATAC. MR130027 6MM RECICLADO COR 5687/PET [564175d8-7d82-42f9-822b-221d2756056c],110CM,15928196,192,15903718NBR3283190,15/07/2026,05/10/2026,45,21/08/2026,901662,,564175d8-7d82-42f9-822b-221d2756056c,NIKE,135560,4,
DASS SEST714084996119110CM1592819615903719NBR328319020260715-1,OK,DASS SEST,7,140849,1451084,96119,ATAC. MR130027 6MM RECICLADO COR 5687/PET [2780670a-5c55-49f9-8755-932c4a77845b],110CM,15928196,216,15903719NBR3283190,15/07/2026,05/10/2026,45,21/08/2026,901663,,2780670a-5c55-49f9-8755-932c4a77845b,NIKE,135560,5,
DASS SEST714084996119115CM1592819615903715NBR328312720260715-1,OK,DASS SEST,7,140849,1451084,96119,ATAC. MR130027 6MM RECICLADO COR 5687/PET [9a60a870-2aa6-42b4-999b-5f8807fe2151],115CM,15928196,920,15903715NBR3283127,15/07/2026,05/10/2026,45,21/08/2026,901664,,9a60a870-2aa6-42b4-999b-5f8807fe2151,NIKE,135560,6,
DASS SEST714084996119115CM1592819615903716NBR328318820260715-1,OK,DASS SEST,7,140849,1451084,96119,ATAC. MR130027 6MM RECICLADO COR 5687/PET [e2b7f508-b65d-4bc2-ae9f-09dead044890],115CM,15928196,536,15903716NBR3283188,15/07/2026,05/10/2026,45,21/08/2026,901665,,e2b7f508-b65d-4bc2-ae9f-09dead044890,NIKE,135560,7,
DASS SEST714084996119115CM1592819615903717NBR328318820260715-1,OK,DASS SEST,7,140849,1451084,96119,ATAC. MR130027 6MM RECICLADO COR 5687/PET [952f0609-4031-4d16-a305-2080ddaca462],115CM,15928196,528,15903717NBR3283188,15/07/2026,05/10/2026,45,21/08/2026,901666,,952f0609-4031-4d16-a305-2080ddaca462,NIKE,135560,8,
DASS SEST714084996119115CM1592819615903718NBR328319020260715-1,OK,DASS SEST,7,140849,1451084,96119,ATAC. MR130027 6MM RECICLADO COR 5687/PET [89eacaa9-77e4-4e45-afd4-46c9a9be15c1],115CM,15928196,536,15903718NBR3283190,15/07/2026,05/10/2026,45,21/08/2026,901667,,89eacaa9-77e4-4e45-afd4-46c9a9be15c1,NIKE,135560,9,
DASS SEST714084996119115CM1592819615903719NBR328319020260715-1,OK,DASS SEST,7,140849,1451084,96119,ATAC. MR130027 6MM RECICLADO COR 5687/PET [4f81011c-9489-4cb3-afe3-be5de9ef81a8],115CM,15928196,528,15903719NBR3283190,15/07/2026,05/10/2026,45,21/08/2026,901668,,4f81011c-9489-4cb3-afe3-be5de9ef81a8,NIKE,135560,10,
DASS SEST714084996119120CM1592819615903715NBR328312720260715-1,OK,DASS SEST,7,140849,1451084,96119,ATAC. MR130027 6MM RECICLADO COR 5687/PET [bf754ba6-dbe8-4aad-8d81-c40c387b3c89],120CM,15928196,126,15903715NBR3283127,15/07/2026,05/10/2026,45,21/08/2026,901669,,bf754ba6-dbe8-4aad-8d81-c40c387b3c89,NIKE,135560,11,
DASS SEST714084996119120CM1592819615903716NBR328318820260715-1,OK,DASS SEST,7,140849,1451084,96119,ATAC. MR130027 6MM RECICLADO COR 5687/PET [839c96ba-a43a-4c1f-9a84-8f4db600c49e],120CM,15928196,120,15903716NBR3283188,15/07/2026,05/10/2026,45,21/08/2026,901670,,839c96ba-a43a-4c1f-9a84-8f4db600c49e,NIKE,135560,12,
DASS SEST714084996119120CM1592819615903717NBR328318820260715-1,OK,DASS SEST,7,140849,1451084,96119,ATAC. MR130027 6MM RECICLADO COR 5687/PET [70fbb863-f5f7-4b77-9bce-61ab512de6a6],120CM,15928196,138,15903717NBR3283188,15/07/2026,05/10/2026,45,21/08/2026,901671,,70fbb863-f5f7-4b77-9bce-61ab512de6a6,NIKE,135560,13,
DASS SEST714084996119120CM1592819615903718NBR328319020260715-1,OK,DASS SEST,7,140849,1451084,96119,ATAC. MR130027 6MM RECICLADO COR 5687/PET [c6df4e89-5599-4eb9-a783-827154dbc97c],120CM,15928196,120,15903718NBR3283190,15/07/2026,05/10/2026,45,21/08/2026,901672,,c6df4e89-5599-4eb9-a783-827154dbc97c,NIKE,135560,14,
DASS SEST714084996119120CM1592819615903719NBR328319020260715-1,OK,DASS SEST,7,140849,1451084,96119,ATAC. MR130027 6MM RECICLADO COR 5687/PET [d961ca3b-df3f-4e5f-a2f8-0e4afd558dc3],120CM,15928196,138,15903719NBR3283190,15/07/2026,05/10/2026,45,21/08/2026,901673,,d961ca3b-df3f-4e5f-a2f8-0e4afd558dc3,NIKE,135560,15,
DASS SEST714095282628105CM1594409815942981NBR328316620260717-1,OK,DASS SEST,7,140952,1188919,82628,ATAC. MR140014 6MM RECICLADO COR 4085/PET [b6fcf0c7-b7b0-43b2-80b2-91d2654874f3],105CM,15944098,12,15942981NBR3283166,17/07/2026,05/10/2026,45,21/08/2026,901674,,b6fcf0c7-b7b0-43b2-80b2-91d2654874f3,NIKE,135639,1,
DASS SEST714095282628110CM1594409815942981NBR328316620260717-1,OK,DASS SEST,7,140952,1188919,82628,ATAC. MR140014 6MM RECICLADO COR 4085/PET [97ccc55e-715c-44d7-a89b-023892e1f5e0],110CM,15944098,746,15942981NBR3283166,17/07/2026,05/10/2026,45,21/08/2026,901675,,97ccc55e-715c-44d7-a89b-023892e1f5e0,NIKE,135639,2,
DASS SEST714095282628110CM1594409815942982NBR328316620260717-1,OK,DASS SEST,7,140952,1188919,82628,ATAC. MR140014 6MM RECICLADO COR 4085/PET [1745e500-7438-41c1-b4a9-5496e727ba8d],110CM,15944098,756,15942982NBR3283166,17/07/2026,05/10/2026,45,21/08/2026,901676,,1745e500-7438-41c1-b4a9-5496e727ba8d,NIKE,135639,3,
DASS SEST714095282628115CM1594409815942981NBR328316620260717-1,OK,DASS SEST,7,140952,1188919,82628,ATAC. MR140014 6MM RECICLADO COR 4085/PET [f99f03e0-58eb-4c03-8611-9ac1044a8959],115CM,15944098,156,15942981NBR3283166,17/07/2026,05/10/2026,45,21/08/2026,901677,,f99f03e0-58eb-4c03-8611-9ac1044a8959,NIKE,135639,4,
DASS SEST714095282628115CM1594409815942982NBR328316620260717-1,OK,DASS SEST,7,140952,1188919,82628,ATAC. MR140014 6MM RECICLADO COR 4085/PET [2dee7882-1f0b-43db-8f78-6bda227ad6e8],115CM,15944098,168,15942982NBR3283166,17/07/2026,05/10/2026,45,21/08/2026,901678,,2dee7882-1f0b-43db-8f78-6bda227ad6e8,NIKE,135639,5,
DASS SEST714095288798105CM1594409815942983NBR328314720260717-1,OK,DASS SEST,7,140952,1303189,88798,ATAC. MR140014 6MM RECICLADO COR 5645/PET [33a45236-9ae3-44dd-af63-fb3a23be5522],105CM,15944098,6,15942983NBR3283147,17/07/2026,05/10/2026,45,21/08/2026,901679,,33a45236-9ae3-44dd-af63-fb3a23be5522,NIKE,135639,6,
DASS SEST714095288798110CM1594409815942983NBR328314720260717-1,OK,DASS SEST,7,140952,1303189,88798,ATAC. MR140014 6MM RECICLADO COR 5645/PET [753a1421-4173-4b06-ba86-3be67fa3ac40],110CM,15944098,897,15942983NBR3283147,17/07/2026,05/10/2026,45,21/08/2026,901680,,753a1421-4173-4b06-ba86-3be67fa3ac40,NIKE,135639,7,
DASS SEST714095288798110CM1594409815942984NBR328314720260717-1,OK,DASS SEST,7,140952,1303189,88798,ATAC. MR140014 6MM RECICLADO COR 5645/PET [b0b95494-05dd-4440-b466-734306928886],110CM,15944098,918,15942984NBR3283147,17/07/2026,05/10/2026,45,21/08/2026,901681,,b0b95494-05dd-4440-b466-734306928886,NIKE,135639,8,
DASS SEST714095288798115CM1594409815942983NBR328314720260717-1,OK,DASS SEST,7,140952,1303189,88798,ATAC. MR140014 6MM RECICLADO COR 5645/PET [42ecc9ef-2ed4-442d-b270-be60477fab69],115CM,15944098,120,15942983NBR3283147,17/07/2026,05/10/2026,45,21/08/2026,901682,,42ecc9ef-2ed4-442d-b270-be60477fab69,NIKE,135639,9,
DASS SEST714095288798115CM1594409815942984NBR328314720260717-1,OK,DASS SEST,7,140952,1303189,88798,ATAC. MR140014 6MM RECICLADO COR 5645/PET [bc9d80ec-fab8-47a8-b2a1-ec37cce3b791],115CM,15944098,144,15942984NBR3283147,17/07/2026,05/10/2026,45,21/08/2026,901683,,bc9d80ec-fab8-47a8-b2a1-ec37cce3b791,NIKE,135639,10,
DASS SEST71409827423715MM1595418720260720-1,OK,DASS SEST,7,140982,1181716,74237,FITA MR100001 C/ GOMA RECICLADO COR 4085/PET [36eca375-4e35-4552-ba32-75da01087fce],15MM,15954187,620,0,20/07/2026,05/10/2026,45,21/08/2026,901684,,36eca375-4e35-4552-ba32-75da01087fce,NIKE,135669,1,
DASS SEST71409828262515MM1595418720260720-1,OK,DASS SEST,7,140982,1194659,82625,FITA MR100001 C/ GOMA RECICLADO COR 4593/PET [b50e34af-8017-40af-9ef9-3ddf3c91a609],15MM,15954187,360,0,20/07/2026,05/10/2026,45,21/08/2026,901685,,b50e34af-8017-40af-9ef9-3ddf3c91a609,NIKE,135669,2,
DASS SEST714142388808105CM1600285216001154NBR328338820260731-1,OK,DASS SEST,7,141423,1332602,88808,ATAC. M12176 5MM POLIESTER COR 4085 [a9804ed3-9e39-45a6-ae52-6a5eec93ea05],105CM,16002852,186,16001154NBR3283388,31/07/2026,05/10/2026,45,21/08/2026,901686,,a9804ed3-9e39-45a6-ae52-6a5eec93ea05,NIKE,136063,1,NORMAL
DASS SEST714142388808105CM1600285216001155NBR328338820260731-1,OK,DASS SEST,7,141423,1332602,88808,ATAC. M12176 5MM POLIESTER COR 4085 [288437a3-14f6-487c-b2a7-087fac7b9100],105CM,16002852,210,16001155NBR3283388,31/07/2026,05/10/2026,45,21/08/2026,901687,,288437a3-14f6-487c-b2a7-087fac7b9100,NIKE,136063,2,NORMAL
DASS SEST714142388808110CM1600285216001154NBR328338820260731-1,OK,DASS SEST,7,141423,1332602,88808,ATAC. M12176 5MM POLIESTER COR 4085 [ccdf652f-e804-4b97-a016-683857d1599a],110CM,16002852,560,16001154NBR3283388,31/07/2026,05/10/2026,45,21/08/2026,901688,,ccdf652f-e804-4b97-a016-683857d1599a,NIKE,136063,3,NORMAL
DASS SEST714142388808110CM1600285216001155NBR328338820260731-1,OK,DASS SEST,7,141423,1332602,88808,ATAC. M12176 5MM POLIESTER COR 4085 [d64d2c39-513f-4bf1-aeec-13670a47b839],110CM,16002852,540,16001155NBR3283388,31/07/2026,05/10/2026,45,21/08/2026,901689,,d64d2c39-513f-4bf1-aeec-13670a47b839,NIKE,136063,4,NORMAL
DASS SEST714142388808115CM1600285216001154NBR328338820260731-1,OK,DASS SEST,7,141423,1332602,88808,ATAC. M12176 5MM POLIESTER COR 4085 [986b8769-fa73-4fea-9140-6d1f04e41ada],115CM,16002852,180,16001154NBR3283388,31/07/2026,05/10/2026,45,21/08/2026,901690,,986b8769-fa73-4fea-9140-6d1f04e41ada,NIKE,136063,5,NORMAL
DASS SEST714142388808115CM1600285216001155NBR328338820260731-1,OK,DASS SEST,7,141423,1332602,88808,ATAC. M12176 5MM POLIESTER COR 4085 [c1b39a28-6451-4d3a-868c-c960a5d1e152],115CM,16002852,180,16001155NBR3283388,31/07/2026,05/10/2026,45,21/08/2026,901691,,c1b39a28-6451-4d3a-868c-c960a5d1e152,NIKE,136063,6,NORMAL
DASS SEST71414237655590CM1600285216001119NBR328329820260731-1,OK,DASS SEST,7,141423,1070873,76555,ATAC. MR130011 5MM RECICLADO COR 4085 [cbedec78-a028-4cdd-8d3f-b57111f39f4f],90CM,16002852,548,16001119NBR3283298,31/07/2026,05/10/2026,45,21/08/2026,901692,,cbedec78-a028-4cdd-8d3f-b57111f39f4f,NIKE,136063,7,NORMAL
DASS SEST71414237655590CM1600285216001120NBR328329820260731-1,OK,DASS SEST,7,141423,1070873,76555,ATAC. MR130011 5MM RECICLADO COR 4085 [7200186e-2232-4e5e-b207-43c0d41aec84],90CM,16002852,576,16001120NBR3283298,31/07/2026,05/10/2026,45,21/08/2026,901693,,7200186e-2232-4e5e-b207-43c0d41aec84,NIKE,136063,8,NORMAL
DASS SEST71414237655595CM1600285216001119NBR328329820260731-1,OK,DASS SEST,7,141423,1070873,76555,ATAC. MR130011 5MM RECICLADO COR 4085 [2087523f-66d5-4e5b-8eed-f789d700b6e1],95CM,16002852,240,16001119NBR3283298,31/07/2026,05/10/2026,45,21/08/2026,901694,,2087523f-66d5-4e5b-8eed-f789d700b6e1,NIKE,136063,9,NORMAL
DASS SEST71414237655595CM1600285216001120NBR328329820260731-1,OK,DASS SEST,7,141423,1070873,76555,ATAC. MR130011 5MM RECICLADO COR 4085 [35e4da91-73ac-444d-b031-1d4987f35a66],95CM,16002852,240,16001120NBR3283298,31/07/2026,05/10/2026,45,21/08/2026,901695,,35e4da91-73ac-444d-b031-1d4987f35a66,NIKE,136063,10,NORMAL
DASS SEST714192293661130CM1604646916045929NBR328345820260814-1,OK,DASS SEST,7,141922,1065806,93661,ATAC. MR110029 RECICLADO COR 4662/PET [7501f4a0-7061-4553-92dc-9e57e5e4da72],130CM,16046469,414,16045929NBR3283458,14/08/2026,05/10/2026,45,21/08/2026,901696,,7501f4a0-7061-4553-92dc-9e57e5e4da72,NIKE,136598,1,NORMAL
DASS SEST714192293661130CM1604646916045930NBR328345820260814-1,OK,DASS SEST,7,141922,1065806,93661,ATAC. MR110029 RECICLADO COR 4662/PET [4ec7670e-3927-456f-b834-503c82f9b976],130CM,16046469,402,16045930NBR3283458,14/08/2026,05/10/2026,45,21/08/2026,901697,,4ec7670e-3927-456f-b834-503c82f9b976,NIKE,136598,2,NORMAL
DASS SEST714192293661135CM1604646916045929NBR328345820260814-1,OK,DASS SEST,7,141922,1065806,93661,ATAC. MR110029 RECICLADO COR 4662/PET [beb7e679-dcd1-4ccb-937f-25e3b33e4250],135CM,16046469,398,16045929NBR3283458,14/08/2026,05/10/2026,45,21/08/2026,901698,,beb7e679-dcd1-4ccb-937f-25e3b33e4250,NIKE,136598,3,NORMAL
DASS SEST714192293661135CM1604646916045930NBR328345820260814-1,OK,DASS SEST,7,141922,1065806,93661,ATAC. MR110029 RECICLADO COR 4662/PET [816a932f-fe91-4333-898d-2716eb2200f8],135CM,16046469,420,16045930NBR3283458,14/08/2026,05/10/2026,45,21/08/2026,901699,,816a932f-fe91-4333-898d-2716eb2200f8,NIKE,136598,4,NORMAL
DASS SEST714192293661135CM1604646916045940NBR328346120260814-1,OK,DASS SEST,7,141922,1065806,93661,ATAC. MR110029 RECICLADO COR 4662/PET [4a6ada88-0a52-45f3-8d22-2f62e20f4b4c],135CM,16046469,674,16045940NBR3283461,14/08/2026,05/10/2026,45,21/08/2026,901700,,4a6ada88-0a52-45f3-8d22-2f62e20f4b4c,NIKE,136598,5,NORMAL
DASS SEST714192293661135CM1604646916045941NBR328346120260814-1,OK,DASS SEST,7,141922,1065806,93661,ATAC. MR110029 RECICLADO COR 4662/PET [bb8d1011-a6a2-4ca8-a71d-79d4adeeec96],135CM,16046469,714,16045941NBR3283461,14/08/2026,05/10/2026,45,21/08/2026,901701,,bb8d1011-a6a2-4ca8-a71d-79d4adeeec96,NIKE,136598,6,NORMAL
DASS SEST714192293661140CM1604646916045940NBR328346120260814-1,OK,DASS SEST,7,141922,1065806,93661,ATAC. MR110029 RECICLADO COR 4662/PET [b22e9dcd-b076-4614-9a34-0d046a7e6f8e],140CM,16046469,60,16045940NBR3283461,14/08/2026,05/10/2026,45,21/08/2026,901702,,b22e9dcd-b076-4614-9a34-0d046a7e6f8e,NIKE,136598,7,NORMAL
DASS SEST714192293661140CM1604646916045941NBR328346120260814-1,OK,DASS SEST,7,141922,1065806,93661,ATAC. MR110029 RECICLADO COR 4662/PET [ddb452b9-96c1-40ac-a150-3a2a9e1fe8bc],140CM,16046469,66,16045941NBR3283461,14/08/2026,05/10/2026,45,21/08/2026,901703,,ddb452b9-96c1-40ac-a150-3a2a9e1fe8bc,NIKE,136598,8,NORMAL
DASS ITABERABA70141505740308MM1600342420260803-1,OK,DASS ITABERABA,70,141505,1104264,74030,FITA MFGP C/ GOMA POLIESTER COR 114 [3866fdd8-90f7-41dc-a3ff-15916a5acd8a],8MM,16003424,300,0,03/08/2026,05/10/2026,45,21/08/2026,901704,,3866fdd8-90f7-41dc-a3ff-15916a5acd8a,FILA,136143,1,NORMAL
DASS ITABERABA70141505781878MM1600342420260803-1,OK,DASS ITABERABA,70,141505,1146621,78187,FITA MFGP C/ GOMA POLIESTER COR 053 [347e8ca0-af0f-4f4a-8efb-5f78eef67d5c],8MM,16003424,100,0,03/08/2026,05/10/2026,45,21/08/2026,901705,,347e8ca0-af0f-4f4a-8efb-5f78eef67d5c,FILA,136143,2,NORMAL
DASS ITABERABA70141505922338MM1600342420260803-1,OK,DASS ITABERABA,70,141505,1359678,92233,FITA MFGP C/ GOMA POLIESTER COR 5834 [5b42441f-a598-4332-a2ad-a45683ceee44],8MM,16003424,100,0,03/08/2026,05/10/2026,45,21/08/2026,901706,,5b42441f-a598-4332-a2ad-a45683ceee44,FILA,136143,3,NORMAL
DASS SEST714010482628100CM1585579515851819NBR328313920260625-1,OK,DASS SEST,7,140104,1188919,82628,ATAC. MR140014 6MM RECICLADO COR 4085/PET [7deaec50-b39d-498a-8c64-956feffd066f],100CM,15855795,108,15851819NBR3283139,25/06/2026,13/10/2026,53,21/08/2026,901707,,7deaec50-b39d-498a-8c64-956feffd066f,NIKE,134793,1,
DASS SEST714010482628100CM1585579515851820NBR328313920260625-1,OK,DASS SEST,7,140104,1188919,82628,ATAC. MR140014 6MM RECICLADO COR 4085/PET [44955f99-7b76-4f22-8cff-c3739ff562ac],100CM,15855795,126,15851820NBR3283139,25/06/2026,13/10/2026,53,21/08/2026,901708,,44955f99-7b76-4f22-8cff-c3739ff562ac,NIKE,134793,2,
DASS SEST714010482628100CM1585579515851821NBR328318520260625-1,OK,DASS SEST,7,140104,1188919,82628,ATAC. MR140014 6MM RECICLADO COR 4085/PET [2dc77f46-96f8-4250-8d3a-1710a8750235],100CM,15855795,108,15851821NBR3283185,25/06/2026,13/10/2026,53,21/08/2026,901709,,2dc77f46-96f8-4250-8d3a-1710a8750235,NIKE,134793,3,
DASS SEST714010482628100CM1585579515851822NBR328318520260625-1,OK,DASS SEST,7,140104,1188919,82628,ATAC. MR140014 6MM RECICLADO COR 4085/PET [71fabb62-b88e-4132-8016-d0ecad6600dd],100CM,15855795,126,15851822NBR3283185,25/06/2026,13/10/2026,53,21/08/2026,901710,,71fabb62-b88e-4132-8016-d0ecad6600dd,NIKE,134793,4,
DASS SEST714010482628105CM1585579515851819NBR328313920260625-1,OK,DASS SEST,7,140104,1188919,82628,ATAC. MR140014 6MM RECICLADO COR 4085/PET [55cb83b2-64c7-476d-8fcf-8e3732777ae6],105CM,15855795,782,15851819NBR3283139,25/06/2026,13/10/2026,53,21/08/2026,901711,,55cb83b2-64c7-476d-8fcf-8e3732777ae6,NIKE,134793,5,
DASS SEST714010482628105CM1585579515851820NBR328313920260625-1,OK,DASS SEST,7,140104,1188919,82628,ATAC. MR140014 6MM RECICLADO COR 4085/PET [790d5f7f-f6ce-42a9-b618-63a89990906e],105CM,15855795,810,15851820NBR3283139,25/06/2026,13/10/2026,53,21/08/2026,901712,,790d5f7f-f6ce-42a9-b618-63a89990906e,NIKE,134793,6,
DASS SEST714010482628105CM1585579515851821NBR328318520260625-1,OK,DASS SEST,7,140104,1188919,82628,ATAC. MR140014 6MM RECICLADO COR 4085/PET [e94a7cb6-ab21-4267-b029-72b13a9ead02],105CM,15855795,782,15851821NBR3283185,25/06/2026,13/10/2026,53,21/08/2026,901713,,e94a7cb6-ab21-4267-b029-72b13a9ead02,NIKE,134793,7,
DASS SEST714010482628105CM1585579515851822NBR328318520260625-1,OK,DASS SEST,7,140104,1188919,82628,ATAC. MR140014 6MM RECICLADO COR 4085/PET [c4751a7f-6b15-48ac-87b8-4fd1d37826de],105CM,15855795,810,15851822NBR3283185,25/06/2026,13/10/2026,53,21/08/2026,901714,,c4751a7f-6b15-48ac-87b8-4fd1d37826de,NIKE,134793,8,
DASS SEST714010482628110CM1585579515851819NBR328313920260625-1,OK,DASS SEST,7,140104,1188919,82628,ATAC. MR140014 6MM RECICLADO COR 4085/PET [e101350e-69f4-4cf2-ab2f-a23df731ed15],110CM,15855795,48,15851819NBR3283139,25/06/2026,13/10/2026,53,21/08/2026,901715,,e101350e-69f4-4cf2-ab2f-a23df731ed15,NIKE,134793,9,
DASS SEST714010482628110CM1585579515851820NBR328313920260625-1,OK,DASS SEST,7,140104,1188919,82628,ATAC. MR140014 6MM RECICLADO COR 4085/PET [492cc892-b4ac-4fa0-88d9-2bc68b65b7d8],110CM,15855795,48,15851820NBR3283139,25/06/2026,13/10/2026,53,21/08/2026,901716,,492cc892-b4ac-4fa0-88d9-2bc68b65b7d8,NIKE,134793,10,
DASS SEST714010482628110CM1585579515851821NBR328318520260625-1,OK,DASS SEST,7,140104,1188919,82628,ATAC. MR140014 6MM RECICLADO COR 4085/PET [dd752a56-ee0f-4f49-8b36-8afe7e6f3e6f],110CM,15855795,48,15851821NBR3283185,25/06/2026,13/10/2026,53,21/08/2026,901717,,dd752a56-ee0f-4f49-8b36-8afe7e6f3e6f,NIKE,134793,11,
DASS SEST714010482628110CM1585579515851822NBR328318520260625-1,OK,DASS SEST,7,140104,1188919,82628,ATAC. MR140014 6MM RECICLADO COR 4085/PET [1e7a26b9-eac6-4310-a6de-ef770f092c3a],110CM,15855795,48,15851822NBR3283185,25/06/2026,13/10/2026,53,21/08/2026,901718,,1e7a26b9-eac6-4310-a6de-ef770f092c3a,NIKE,134793,12,
DASS SEST714019182628105CM1587267415868607NBR328307420260626-1,OK,DASS SEST,7,140191,1188919,82628,ATAC. MR140014 6MM RECICLADO COR 4085/PET [5deed5a7-08fc-44fc-a541-1e6a923b9603],105CM,15872674,342,15868607NBR3283074,26/06/2026,13/10/2026,53,21/08/2026,901719,,5deed5a7-08fc-44fc-a541-1e6a923b9603,NIKE,134941,1,
DASS SEST714019182628110CM1587267415868607NBR328307420260626-1,OK,DASS SEST,7,140191,1188919,82628,ATAC. MR140014 6MM RECICLADO COR 4085/PET [1f17dd7d-01e7-452e-955d-0422b3206476],110CM,15872674,812,15868607NBR3283074,26/06/2026,13/10/2026,53,21/08/2026,901720,,1f17dd7d-01e7-452e-955d-0422b3206476,NIKE,134941,2,
DASS SEST714019182628115CM1587267415868607NBR328307420260626-1,OK,DASS SEST,7,140191,1188919,82628,ATAC. MR140014 6MM RECICLADO COR 4085/PET [18e01655-7e25-4f9a-b57d-ec97c22e6273],115CM,15872674,300,15868607NBR3283074,26/06/2026,13/10/2026,53,21/08/2026,901721,,18e01655-7e25-4f9a-b57d-ec97c22e6273,NIKE,134941,3,
DASS SEST714019186418105CM1587267415868609NBR328319820260626-1,OK,DASS SEST,7,140191,1278311,86418,ATAC. MR140014 6MM RECICLADO COR 4662/PET [6c7e96cd-c703-48ac-93fe-513b995a2416],105CM,15872674,90,15868609NBR3283198,26/06/2026,13/10/2026,53,21/08/2026,901722,,6c7e96cd-c703-48ac-93fe-513b995a2416,NIKE,134941,4,
DASS SEST714019186418105CM1587267415868610NBR328319820260626-1,OK,DASS SEST,7,140191,1278311,86418,ATAC. MR140014 6MM RECICLADO COR 4662/PET [26f83c19-22a8-4823-961f-ddbf87fc0e4e],105CM,15872674,90,15868610NBR3283198,26/06/2026,13/10/2026,53,21/08/2026,901723,,26f83c19-22a8-4823-961f-ddbf87fc0e4e,NIKE,134941,5,
DASS SEST714019186418110CM1587267415868609NBR328319820260626-1,OK,DASS SEST,7,140191,1278311,86418,ATAC. MR140014 6MM RECICLADO COR 4662/PET [25f53402-7cc9-4475-aa6c-e6cc8924cdb6],110CM,15872674,614,15868609NBR3283198,26/06/2026,13/10/2026,53,21/08/2026,901724,,25f53402-7cc9-4475-aa6c-e6cc8924cdb6,NIKE,134941,6,
DASS SEST714019186418110CM1587267415868610NBR328319820260626-1,OK,DASS SEST,7,140191,1278311,86418,ATAC. MR140014 6MM RECICLADO COR 4662/PET [0580a583-6e7f-45f5-bb27-faba2650bd8d],110CM,15872674,624,15868610NBR3283198,26/06/2026,13/10/2026,53,21/08/2026,901725,,0580a583-6e7f-45f5-bb27-faba2650bd8d,NIKE,134941,7,
DASS SEST714019186418115CM1587267415868609NBR328319820260626-1,OK,DASS SEST,7,140191,1278311,86418,ATAC. MR140014 6MM RECICLADO COR 4662/PET [fa5ebf42-41d6-4d45-829e-089ee214f78d],115CM,15872674,216,15868609NBR3283198,26/06/2026,13/10/2026,53,21/08/2026,901726,,fa5ebf42-41d6-4d45-829e-089ee214f78d,NIKE,134941,8,
DASS SEST714019186418115CM1587267415868610NBR328319820260626-1,OK,DASS SEST,7,140191,1278311,86418,ATAC. MR140014 6MM RECICLADO COR 4662/PET [1f69a20d-1db4-4c82-b232-6a8da9389486],115CM,15872674,234,15868610NBR3283198,26/06/2026,13/10/2026,53,21/08/2026,901727,,1f69a20d-1db4-4c82-b232-6a8da9389486,NIKE,134941,9,
DASS SEST714019195894105CM1587267415868611NBR328312920260626-1,OK,DASS SEST,7,140191,1425041,95894,ATAC. MR140014 6MM RECICLADO COR 6179/PET [61f0bd00-6c52-4191-b915-b587ee27be5a],105CM,15872674,294,15868611NBR3283129,26/06/2026,13/10/2026,53,21/08/2026,901728,,61f0bd00-6c52-4191-b915-b587ee27be5a,NIKE,134941,10,
DASS SEST714019195894110CM1587267415868611NBR328312920260626-1,OK,DASS SEST,7,140191,1425041,95894,ATAC. MR140014 6MM RECICLADO COR 6179/PET [24e67fe1-45fd-4e87-93e4-8ad9510555aa],110CM,15872674,860,15868611NBR3283129,26/06/2026,13/10/2026,53,21/08/2026,901729,,24e67fe1-45fd-4e87-93e4-8ad9510555aa,NIKE,134941,11,
DASS SEST714019195894115CM1587267415868611NBR328312920260626-1,OK,DASS SEST,7,140191,1425041,95894,ATAC. MR140014 6MM RECICLADO COR 6179/PET [76c2df39-87e9-4846-8033-fb3ceb14c8ce],115CM,15872674,246,15868611NBR3283129,26/06/2026,13/10/2026,53,21/08/2026,901730,,76c2df39-87e9-4846-8033-fb3ceb14c8ce,NIKE,134941,12,
DASS SEST714019195895105CM1587267415868617NBR328313020260626-1,OK,DASS SEST,7,140191,1425040,95895,ATAC. MR140014 6MM RECICLADO COR 6176/PET [4dc6da6b-1338-46bc-8366-2d7d1d8e99ef],105CM,15872674,192,15868617NBR3283130,26/06/2026,13/10/2026,53,21/08/2026,901731,,4dc6da6b-1338-46bc-8366-2d7d1d8e99ef,NIKE,134941,13,
DASS SEST714019195895105CM1587267415868618NBR328313020260626-1,OK,DASS SEST,7,140191,1425040,95895,ATAC. MR140014 6MM RECICLADO COR 6176/PET [19b9d73b-8270-45a1-b73c-addaf9c87a39],105CM,15872674,240,15868618NBR3283130,26/06/2026,13/10/2026,53,21/08/2026,901732,,19b9d73b-8270-45a1-b73c-addaf9c87a39,NIKE,134941,14,
DASS SEST714019195895110CM1587267415868617NBR328313020260626-1,OK,DASS SEST,7,140191,1425040,95895,ATAC. MR140014 6MM RECICLADO COR 6176/PET [a3d7040b-e1d6-4a71-9927-2c7293b6b581],110CM,15872674,602,15868617NBR3283130,26/06/2026,13/10/2026,53,21/08/2026,901733,,a3d7040b-e1d6-4a71-9927-2c7293b6b581,NIKE,134941,15,
DASS SEST714019195895110CM1587267415868618NBR328313020260626-1,OK,DASS SEST,7,140191,1425040,95895,ATAC. MR140014 6MM RECICLADO COR 6176/PET [6c35f052-cfc9-4480-a704-05c2f27fab73],110CM,15872674,618,15868618NBR3283130,26/06/2026,13/10/2026,53,21/08/2026,901734,,6c35f052-cfc9-4480-a704-05c2f27fab73,NIKE,134941,16,
DASS SEST714019195895115CM1587267415868617NBR328313020260626-1,OK,DASS SEST,7,140191,1425040,95895,ATAC. MR140014 6MM RECICLADO COR 6176/PET [903c1ef2-57b0-453d-989a-cf02b4f6c167],115CM,15872674,156,15868617NBR3283130,26/06/2026,13/10/2026,53,21/08/2026,901735,,903c1ef2-57b0-453d-989a-cf02b4f6c167,NIKE,134941,17,
DASS SEST714019195895115CM1587267415868618NBR328313020260626-1,OK,DASS SEST,7,140191,1425040,95895,ATAC. MR140014 6MM RECICLADO COR 6176/PET [ee078355-1f34-4c5d-89b8-5ea28c6c7a17],115CM,15872674,162,15868618NBR3283130,26/06/2026,13/10/2026,53,21/08/2026,901736,,ee078355-1f34-4c5d-89b8-5ea28c6c7a17,NIKE,134941,18,
DASS SEST71407587655595CM1591518415903690NBR328324920260710-1,OK,DASS SEST,7,140758,1070873,76555,ATAC. MR130011 5MM RECICLADO COR 4085 [6ba4d640-01c0-4cae-8970-7b8eafdbbeb6],95CM,15915184,488,15903690NBR3283249,10/07/2026,13/10/2026,53,21/08/2026,901737,,6ba4d640-01c0-4cae-8970-7b8eafdbbeb6,NIKE,135475,1,
DASS SEST71407587655595CM1591518415903691NBR328325020260710-1,OK,DASS SEST,7,140758,1070873,76555,ATAC. MR130011 5MM RECICLADO COR 4085 [85968436-7323-48c6-8596-b8335435bdf8],95CM,15915184,584,15903691NBR3283250,10/07/2026,13/10/2026,53,21/08/2026,901738,,85968436-7323-48c6-8596-b8335435bdf8,NIKE,135475,2,
DASS SEST714075876555100CM1591518415903690NBR328324920260710-1,OK,DASS SEST,7,140758,1070873,76555,ATAC. MR130011 5MM RECICLADO COR 4085 [e54060ed-9d9e-4ad4-9b72-528d19d72312],100CM,15915184,642,15903690NBR3283249,10/07/2026,13/10/2026,53,21/08/2026,901739,,e54060ed-9d9e-4ad4-9b72-528d19d72312,NIKE,135475,3,
DASS SEST714075876555100CM1591518415903691NBR328325020260710-1,OK,DASS SEST,7,140758,1070873,76555,ATAC. MR130011 5MM RECICLADO COR 4085 [1ee9f743-c110-436b-8671-6cb1c6b93b5f],100CM,15915184,696,15903691NBR3283250,10/07/2026,13/10/2026,53,21/08/2026,901740,,1ee9f743-c110-436b-8671-6cb1c6b93b5f,NIKE,135475,4,
DASS SEST714075882628100CM1591518415903668NBR328327420260710-1,OK,DASS SEST,7,140758,1188919,82628,ATAC. MR140014 6MM RECICLADO COR 4085/PET [3b6035bb-4661-4d07-8cc7-24fcd0164b90],100CM,15915184,168,15903668NBR3283274,10/07/2026,13/10/2026,53,21/08/2026,901741,,3b6035bb-4661-4d07-8cc7-24fcd0164b90,NIKE,135475,5,
DASS SEST714075882628100CM1591518415903669NBR328327420260710-1,OK,DASS SEST,7,140758,1188919,82628,ATAC. MR140014 6MM RECICLADO COR 4085/PET [1c091b7b-b256-425d-bb25-46f5bf5b333f],100CM,15915184,186,15903669NBR3283274,10/07/2026,13/10/2026,53,21/08/2026,901742,,1c091b7b-b256-425d-bb25-46f5bf5b333f,NIKE,135475,6,
DASS SEST714075882628105CM1591518415903656NBR328324820260710-1,OK,DASS SEST,7,140758,1188919,82628,ATAC. MR140014 6MM RECICLADO COR 4085/PET [9968afd5-7023-4265-a695-df4df78db610],105CM,15915184,66,15903656NBR3283248,10/07/2026,13/10/2026,53,21/08/2026,901743,,9968afd5-7023-4265-a695-df4df78db610,NIKE,135475,7,
DASS SEST714075882628105CM1591518415903657NBR328324820260710-1,OK,DASS SEST,7,140758,1188919,82628,ATAC. MR140014 6MM RECICLADO COR 4085/PET [8e873197-be78-4f0a-a758-2a8788a83365],105CM,15915184,78,15903657NBR3283248,10/07/2026,13/10/2026,53,21/08/2026,901744,,8e873197-be78-4f0a-a758-2a8788a83365,NIKE,135475,8,
DASS SEST714075882628105CM1591518415903658NBR328326920260710-1,OK,DASS SEST,7,140758,1188919,82628,ATAC. MR140014 6MM RECICLADO COR 4085/PET [8724df9e-ee0f-4630-a783-d69b451ce01e],105CM,15915184,168,15903658NBR3283269,10/07/2026,13/10/2026,53,21/08/2026,901745,,8724df9e-ee0f-4630-a783-d69b451ce01e,NIKE,135475,9,
DASS SEST714075882628105CM1591518415903659NBR328326920260710-1,OK,DASS SEST,7,140758,1188919,82628,ATAC. MR140014 6MM RECICLADO COR 4085/PET [dacc8caa-2496-433a-8f71-772b812bdf29],105CM,15915184,144,15903659NBR3283269,10/07/2026,13/10/2026,53,21/08/2026,901746,,dacc8caa-2496-433a-8f71-772b812bdf29,NIKE,135475,10,
DASS SEST714075882628105CM1591518415903661NBR328326920260710-1,OK,DASS SEST,7,140758,1188919,82628,ATAC. MR140014 6MM RECICLADO COR 4085/PET [194a6f45-8170-48b9-88ea-5eea6dfadbb8],105CM,15915184,180,15903661NBR3283269,10/07/2026,13/10/2026,53,21/08/2026,901747,,194a6f45-8170-48b9-88ea-5eea6dfadbb8,NIKE,135475,11,
DASS SEST714075882628105CM1591518415903662NBR328327020260710-1,OK,DASS SEST,7,140758,1188919,82628,ATAC. MR140014 6MM RECICLADO COR 4085/PET [be70d2e9-6a8d-43ca-8d9b-bcfbe4daa32c],105CM,15915184,66,15903662NBR3283270,10/07/2026,13/10/2026,53,21/08/2026,901748,,be70d2e9-6a8d-43ca-8d9b-bcfbe4daa32c,NIKE,135475,12,
DASS SEST714075882628105CM1591518415903663NBR328327020260710-1,OK,DASS SEST,7,140758,1188919,82628,ATAC. MR140014 6MM RECICLADO COR 4085/PET [dc3ea745-1d92-4ee6-b90b-6bf2f58ec836],105CM,15915184,78,15903663NBR3283270,10/07/2026,13/10/2026,53,21/08/2026,901749,,dc3ea745-1d92-4ee6-b90b-6bf2f58ec836,NIKE,135475,13,
DASS SEST714075882628105CM1591518415903668NBR328327420260710-1,OK,DASS SEST,7,140758,1188919,82628,ATAC. MR140014 6MM RECICLADO COR 4085/PET [ec10d077-d19a-4e75-b23f-fec46765cb67],105CM,15915184,638,15903668NBR3283274,10/07/2026,13/10/2026,53,21/08/2026,901750,,ec10d077-d19a-4e75-b23f-fec46765cb67,NIKE,135475,14,
DASS SEST714075882628105CM1591518415903669NBR328327420260710-1,OK,DASS SEST,7,140758,1188919,82628,ATAC. MR140014 6MM RECICLADO COR 4085/PET [0c7ac840-ada2-4f08-89ca-730b38794a2c],105CM,15915184,666,15903669NBR3283274,10/07/2026,13/10/2026,53,21/08/2026,901751,,0c7ac840-ada2-4f08-89ca-730b38794a2c,NIKE,135475,15,
DASS SEST714075882628110CM1591518415903656NBR328324820260710-1,OK,DASS SEST,7,140758,1188919,82628,ATAC. MR140014 6MM RECICLADO COR 4085/PET [d8267561-e182-412b-9723-dd6d34854f21],110CM,15915184,518,15903656NBR3283248,10/07/2026,13/10/2026,53,21/08/2026,901752,,d8267561-e182-412b-9723-dd6d34854f21,NIKE,135475,16,
DASS SEST714075882628110CM1591518415903657NBR328324820260710-1,OK,DASS SEST,7,140758,1188919,82628,ATAC. MR140014 6MM RECICLADO COR 4085/PET [498b89ff-7a76-4f1a-8bbb-843725a6cbd9],110CM,15915184,540,15903657NBR3283248,10/07/2026,13/10/2026,53,21/08/2026,901753,,498b89ff-7a76-4f1a-8bbb-843725a6cbd9,NIKE,135475,17,
DASS SEST714075882628110CM1591518415903658NBR328326920260710-1,OK,DASS SEST,7,140758,1188919,82628,ATAC. MR140014 6MM RECICLADO COR 4085/PET [be3d7560-53f8-45bd-84dd-27ffcefc3b5b],110CM,15915184,501,15903658NBR3283269,10/07/2026,13/10/2026,53,21/08/2026,901754,,be3d7560-53f8-45bd-84dd-27ffcefc3b5b,NIKE,135475,18,
DASS SEST714075882628110CM1591518415903659NBR328326920260710-1,OK,DASS SEST,7,140758,1188919,82628,ATAC. MR140014 6MM RECICLADO COR 4085/PET [5801d957-dcd6-4ef8-af28-20bcc7ce9db3],110CM,15915184,480,15903659NBR3283269,10/07/2026,13/10/2026,53,21/08/2026,901755,,5801d957-dcd6-4ef8-af28-20bcc7ce9db3,NIKE,135475,19,
DASS SEST714075882628110CM1591518415903661NBR328326920260710-1,OK,DASS SEST,7,140758,1188919,82628,ATAC. MR140014 6MM RECICLADO COR 4085/PET [e8517e5f-8581-4c0a-a363-d6cb98d341a7],110CM,15915184,492,15903661NBR3283269,10/07/2026,13/10/2026,53,21/08/2026,901756,,e8517e5f-8581-4c0a-a363-d6cb98d341a7,NIKE,135475,20,
DASS SEST714075882628110CM1591518415903662NBR328327020260710-1,OK,DASS SEST,7,140758,1188919,82628,ATAC. MR140014 6MM RECICLADO COR 4085/PET [74650a6c-5662-4491-b2fa-c845e059927e],110CM,15915184,518,15903662NBR3283270,10/07/2026,13/10/2026,53,21/08/2026,901757,,74650a6c-5662-4491-b2fa-c845e059927e,NIKE,135475,21,
DASS SEST714075882628110CM1591518415903663NBR328327020260710-1,OK,DASS SEST,7,140758,1188919,82628,ATAC. MR140014 6MM RECICLADO COR 4085/PET [e940b88f-fb40-415d-9afa-1259db5720f7],110CM,15915184,540,15903663NBR3283270,10/07/2026,13/10/2026,53,21/08/2026,901758,,e940b88f-fb40-415d-9afa-1259db5720f7,NIKE,135475,22,
DASS SEST714075882628110CM1591518415903668NBR328327420260710-1,OK,DASS SEST,7,140758,1188919,82628,ATAC. MR140014 6MM RECICLADO COR 4085/PET [b46172b7-014f-492e-abd3-930470d9d7c1],110CM,15915184,30,15903668NBR3283274,10/07/2026,13/10/2026,53,21/08/2026,901759,,b46172b7-014f-492e-abd3-930470d9d7c1,NIKE,135475,23,
DASS SEST714075882628110CM1591518415903669NBR328327420260710-1,OK,DASS SEST,7,140758,1188919,82628,ATAC. MR140014 6MM RECICLADO COR 4085/PET [e3a801c1-379c-487f-99d0-d1b6cfafda0a],110CM,15915184,24,15903669NBR3283274,10/07/2026,13/10/2026,53,21/08/2026,901760,,e3a801c1-379c-487f-99d0-d1b6cfafda0a,NIKE,135475,24,
DASS SEST714075882628115CM1591518415903656NBR328324820260710-1,OK,DASS SEST,7,140758,1188919,82628,ATAC. MR140014 6MM RECICLADO COR 4085/PET [aa9891b1-b06c-444a-b696-2ebd436dde2d],115CM,15915184,180,15903656NBR3283248,10/07/2026,13/10/2026,53,21/08/2026,901761,,aa9891b1-b06c-444a-b696-2ebd436dde2d,NIKE,135475,25,
DASS SEST714075882628115CM1591518415903657NBR328324820260710-1,OK,DASS SEST,7,140758,1188919,82628,ATAC. MR140014 6MM RECICLADO COR 4085/PET [35321f95-2df8-45e9-8978-bfd39a81662f],115CM,15915184,198,15903657NBR3283248,10/07/2026,13/10/2026,53,21/08/2026,901762,,35321f95-2df8-45e9-8978-bfd39a81662f,NIKE,135475,26,
DASS SEST714075882628115CM1591518415903658NBR328326920260710-1,OK,DASS SEST,7,140758,1188919,82628,ATAC. MR140014 6MM RECICLADO COR 4085/PET [5614eb25-2561-49c9-b222-a8d71941a001],115CM,15915184,144,15903658NBR3283269,10/07/2026,13/10/2026,53,21/08/2026,901763,,5614eb25-2561-49c9-b222-a8d71941a001,NIKE,135475,27,
DASS SEST714075882628115CM1591518415903659NBR328326920260710-1,OK,DASS SEST,7,140758,1188919,82628,ATAC. MR140014 6MM RECICLADO COR 4085/PET [2ed1a6e4-a17c-4444-9fd0-14dfecba6d73],115CM,15915184,144,15903659NBR3283269,10/07/2026,13/10/2026,53,21/08/2026,901764,,2ed1a6e4-a17c-4444-9fd0-14dfecba6d73,NIKE,135475,28,
DASS SEST714075882628115CM1591518415903661NBR328326920260710-1,OK,DASS SEST,7,140758,1188919,82628,ATAC. MR140014 6MM RECICLADO COR 4085/PET [326093d9-6826-42ee-aee4-6012582e3d91],115CM,15915184,174,15903661NBR3283269,10/07/2026,13/10/2026,53,21/08/2026,901765,,326093d9-6826-42ee-aee4-6012582e3d91,NIKE,135475,29,
DASS SEST714075882628115CM1591518415903662NBR328327020260710-1,OK,DASS SEST,7,140758,1188919,82628,ATAC. MR140014 6MM RECICLADO COR 4085/PET [181d6466-4053-471a-a606-96230549ddf7],115CM,15915184,180,15903662NBR3283270,10/07/2026,13/10/2026,53,21/08/2026,901766,,181d6466-4053-471a-a606-96230549ddf7,NIKE,135475,30,
DASS SEST714075882628115CM1591518415903663NBR328327020260710-1,OK,DASS SEST,7,140758,1188919,82628,ATAC. MR140014 6MM RECICLADO COR 4085/PET [f5f541f5-5e17-42da-a902-5c4091c8e56f],115CM,15915184,198,15903663NBR3283270,10/07/2026,13/10/2026,53,21/08/2026,901767,,f5f541f5-5e17-42da-a902-5c4091c8e56f,NIKE,135475,31,
DASS SEST714075885472100CM1591518415903704NBR328327220260710-1,OK,DASS SEST,7,140758,1269460,85472,ATAC. MR140014 6MM RECICLADO COR 5481/PET [964fcb45-2536-4518-b36f-2ce69c77a593],100CM,15915184,204,15903704NBR3283272,10/07/2026,13/10/2026,53,21/08/2026,901768,,964fcb45-2536-4518-b36f-2ce69c77a593,NIKE,135475,32,
DASS SEST714075885472100CM1591518415903705NBR328327220260710-1,OK,DASS SEST,7,140758,1269460,85472,ATAC. MR140014 6MM RECICLADO COR 5481/PET [4a466df1-b9fd-46a1-a9f5-eee0144b324b],100CM,15915184,204,15903705NBR3283272,10/07/2026,13/10/2026,53,21/08/2026,901769,,4a466df1-b9fd-46a1-a9f5-eee0144b324b,NIKE,135475,33,
DASS SEST714075885472100CM1591518415903706NBR328327220260710-1,OK,DASS SEST,7,140758,1269460,85472,ATAC. MR140014 6MM RECICLADO COR 5481/PET [6cc86684-d416-4cb4-8c39-833c8f189d1d],100CM,15915184,216,15903706NBR3283272,10/07/2026,13/10/2026,53,21/08/2026,901770,,6cc86684-d416-4cb4-8c39-833c8f189d1d,NIKE,135475,34,
DASS SEST714075885472105CM1591518415903704NBR328327220260710-1,OK,DASS SEST,7,140758,1269460,85472,ATAC. MR140014 6MM RECICLADO COR 5481/PET [23280c99-3350-479f-bf04-145eba5db15f],105CM,15915184,759,15903704NBR3283272,10/07/2026,13/10/2026,53,21/08/2026,901771,,23280c99-3350-479f-bf04-145eba5db15f,NIKE,135475,35,
DASS SEST714075885472105CM1591518415903705NBR328327220260710-1,OK,DASS SEST,7,140758,1269460,85472,ATAC. MR140014 6MM RECICLADO COR 5481/PET [c0813c3b-8693-41a0-b847-2d7ec445c315],105CM,15915184,732,15903705NBR3283272,10/07/2026,13/10/2026,53,21/08/2026,901772,,c0813c3b-8693-41a0-b847-2d7ec445c315,NIKE,135475,36,
DASS SEST714075885472105CM1591518415903706NBR328327220260710-1,OK,DASS SEST,7,140758,1269460,85472,ATAC. MR140014 6MM RECICLADO COR 5481/PET [7fae5a7c-2898-44eb-8d0c-272b05ad024e],105CM,15915184,786,15903706NBR3283272,10/07/2026,13/10/2026,53,21/08/2026,901773,,7fae5a7c-2898-44eb-8d0c-272b05ad024e,NIKE,135475,37,
DASS SEST714075885472110CM1591518415903704NBR328327220260710-1,OK,DASS SEST,7,140758,1269460,85472,ATAC. MR140014 6MM RECICLADO COR 5481/PET [f91dfc7c-2a73-497f-87e7-862ba2484e58],110CM,15915184,48,15903704NBR3283272,10/07/2026,13/10/2026,53,21/08/2026,901774,,f91dfc7c-2a73-497f-87e7-862ba2484e58,NIKE,135475,38,
DASS SEST714075885472110CM1591518415903705NBR328327220260710-1,OK,DASS SEST,7,140758,1269460,85472,ATAC. MR140014 6MM RECICLADO COR 5481/PET [d1d9d2ea-3ad4-418f-860d-a62bb09b1d1d],110CM,15915184,24,15903705NBR3283272,10/07/2026,13/10/2026,53,21/08/2026,901775,,d1d9d2ea-3ad4-418f-860d-a62bb09b1d1d,NIKE,135475,39,
DASS SEST714075886978105CM1591518415903687NBR328310720260710-1,OK,DASS SEST,7,140758,1299257,86978,ATAC. MR130027 6MM RECICLADO COR 4085/PET [dffaf228-e34c-4a8c-97e5-c238b8752647],105CM,15915184,420,15903687NBR3283107,10/07/2026,13/10/2026,53,21/08/2026,901776,,dffaf228-e34c-4a8c-97e5-c238b8752647,NIKE,135475,40,
DASS SEST714075886978105CM1591518415903689NBR328310720260710-1,OK,DASS SEST,7,140758,1299257,86978,ATAC. MR130027 6MM RECICLADO COR 4085/PET [28a41780-7702-44e4-846d-09b4b957d1c4],105CM,15915184,462,15903689NBR3283107,10/07/2026,13/10/2026,53,21/08/2026,901777,,28a41780-7702-44e4-846d-09b4b957d1c4,NIKE,135475,41,
DASS SEST714075886978110CM1591518415903687NBR328310720260710-1,OK,DASS SEST,7,140758,1299257,86978,ATAC. MR130027 6MM RECICLADO COR 4085/PET [83d94971-725f-4351-bd4e-c6642dd46684],110CM,15915184,458,15903687NBR3283107,10/07/2026,13/10/2026,53,21/08/2026,901778,,83d94971-725f-4351-bd4e-c6642dd46684,NIKE,135475,42,
DASS SEST714075886978110CM1591518415903689NBR328310720260710-1,OK,DASS SEST,7,140758,1299257,86978,ATAC. MR130027 6MM RECICLADO COR 4085/PET [94a9a642-e3ce-4c72-a994-a22f44c9298d],110CM,15915184,468,15903689NBR3283107,10/07/2026,13/10/2026,53,21/08/2026,901779,,94a9a642-e3ce-4c72-a994-a22f44c9298d,NIKE,135475,43,
DASS SEST714075886978110CM1591518415903675NBR328312620260710-1,OK,DASS SEST,7,140758,1299257,86978,ATAC. MR130027 6MM RECICLADO COR 4085/PET [6aad92f8-cfd4-4c15-a554-88128fbe5954],110CM,15915184,174,15903675NBR3283126,10/07/2026,13/10/2026,53,21/08/2026,901780,,6aad92f8-cfd4-4c15-a554-88128fbe5954,NIKE,135475,44,
DASS SEST714075886978110CM1591518415903676NBR328312620260710-1,OK,DASS SEST,7,140758,1299257,86978,ATAC. MR130027 6MM RECICLADO COR 4085/PET [835097bb-e592-4b96-a9dc-e43f2272fc50],110CM,15915184,156,15903676NBR3283126,10/07/2026,13/10/2026,53,21/08/2026,901781,,835097bb-e592-4b96-a9dc-e43f2272fc50,NIKE,135475,45,
DASS SEST714075886978110CM1591518415903677NBR328312620260710-1,OK,DASS SEST,7,140758,1299257,86978,ATAC. MR130027 6MM RECICLADO COR 4085/PET [996366e3-a477-4778-91f8-99fca9e8e416],110CM,15915184,180,15903677NBR3283126,10/07/2026,13/10/2026,53,21/08/2026,901782,,996366e3-a477-4778-91f8-99fca9e8e416,NIKE,135475,46,
DASS SEST714075886978115CM1591518415903687NBR328310720260710-1,OK,DASS SEST,7,140758,1299257,86978,ATAC. MR130027 6MM RECICLADO COR 4085/PET [19b4b80b-4426-47ff-ab8d-90ea4d126aa6],115CM,15915184,18,15903687NBR3283107,10/07/2026,13/10/2026,53,21/08/2026,901783,,19b4b80b-4426-47ff-ab8d-90ea4d126aa6,NIKE,135475,47,
DASS SEST714075886978115CM1591518415903675NBR328312620260710-1,OK,DASS SEST,7,140758,1299257,86978,ATAC. MR130027 6MM RECICLADO COR 4085/PET [eb44b452-5318-43c5-94ad-bd34275a632a],115CM,15915184,483,15903675NBR3283126,10/07/2026,13/10/2026,53,21/08/2026,901784,,eb44b452-5318-43c5-94ad-bd34275a632a,NIKE,135475,48,
DASS SEST714075886978115CM1591518415903676NBR328312620260710-1,OK,DASS SEST,7,140758,1299257,86978,ATAC. MR130027 6MM RECICLADO COR 4085/PET [f37f5b93-abf1-4ded-b017-d7218d9d0950],115CM,15915184,468,15903676NBR3283126,10/07/2026,13/10/2026,53,21/08/2026,901785,,f37f5b93-abf1-4ded-b017-d7218d9d0950,NIKE,135475,49,
DASS SEST714075886978115CM1591518415903677NBR328312620260710-1,OK,DASS SEST,7,140758,1299257,86978,ATAC. MR130027 6MM RECICLADO COR 4085/PET [67d83f24-51f4-439b-b7b5-aaca7b4fe47a],115CM,15915184,498,15903677NBR3283126,10/07/2026,13/10/2026,53,21/08/2026,901786,,67d83f24-51f4-439b-b7b5-aaca7b4fe47a,NIKE,135475,50,
DASS SEST714075886978120CM1591518415903675NBR328312620260710-1,OK,DASS SEST,7,140758,1299257,86978,ATAC. MR130027 6MM RECICLADO COR 4085/PET [a31674a5-e2d5-4c32-b5e6-cf4c2dcc7d43],120CM,15915184,84,15903675NBR3283126,10/07/2026,13/10/2026,53,21/08/2026,901787,,a31674a5-e2d5-4c32-b5e6-cf4c2dcc7d43,NIKE,135475,51,
DASS SEST714075886978120CM1591518415903676NBR328312620260710-1,OK,DASS SEST,7,140758,1299257,86978,ATAC. MR130027 6MM RECICLADO COR 4085/PET [b1f71a50-8379-4fa6-9c8e-d795dc375c34],120CM,15915184,84,15903676NBR3283126,10/07/2026,13/10/2026,53,21/08/2026,901788,,b1f71a50-8379-4fa6-9c8e-d795dc375c34,NIKE,135475,52,
DASS SEST714075886978120CM1591518415903677NBR328312620260710-1,OK,DASS SEST,7,140758,1299257,86978,ATAC. MR130027 6MM RECICLADO COR 4085/PET [ab0af92e-bbd7-418d-97ad-93ab63bf513d],120CM,15915184,90,15903677NBR3283126,10/07/2026,13/10/2026,53,21/08/2026,901789,,ab0af92e-bbd7-418d-97ad-93ab63bf513d,NIKE,135475,53,
DASS SEST714075888695110CM1591518415903720NBR328285420260710-1,OK,DASS SEST,7,140758,1301800,88695,ATAC. MR130027 6MM RECICLADO COR 4662/PET [7981d2ae-bde1-483a-bfed-def3344160a4],110CM,15915184,312,15903720NBR3282854,10/07/2026,13/10/2026,53,21/08/2026,901790,,7981d2ae-bde1-483a-bfed-def3344160a4,NIKE,135475,54,
DASS SEST714075888695115CM1591518415903720NBR328285420260710-1,OK,DASS SEST,7,140758,1301800,88695,ATAC. MR130027 6MM RECICLADO COR 4662/PET [68210204-5f28-4a41-a884-7161aa77c24b],115CM,15915184,854,15903720NBR3282854,10/07/2026,13/10/2026,53,21/08/2026,901791,,68210204-5f28-4a41-a884-7161aa77c24b,NIKE,135475,55,
DASS SEST714075888695120CM1591518415903720NBR328285420260710-1,OK,DASS SEST,7,140758,1301800,88695,ATAC. MR130027 6MM RECICLADO COR 4662/PET [90960d66-5e3d-491f-a29e-f5067ae80254],120CM,15915184,114,15903720NBR3282854,10/07/2026,13/10/2026,53,21/08/2026,901792,,90960d66-5e3d-491f-a29e-f5067ae80254,NIKE,135475,56,
DASS SEST714075893450110CM1591518415903727NBR328312820260710-1,OK,DASS SEST,7,140758,1409834,93450,ATAC. MR130027 6MM RECICLADO COR 057/PET [cacec179-c0f2-483e-a6af-be08ca0dd32b],110CM,15915184,174,15903727NBR3283128,10/07/2026,13/10/2026,53,21/08/2026,901793,,cacec179-c0f2-483e-a6af-be08ca0dd32b,NIKE,135475,57,
DASS SEST714075893450110CM1591518415903728NBR328312820260710-1,OK,DASS SEST,7,140758,1409834,93450,ATAC. MR130027 6MM RECICLADO COR 057/PET [a4ca4f75-d1fd-4e8d-912e-967dee06c966],110CM,15915184,156,15903728NBR3283128,10/07/2026,13/10/2026,53,21/08/2026,901794,,a4ca4f75-d1fd-4e8d-912e-967dee06c966,NIKE,135475,58,
DASS SEST714075893450110CM1591518415903729NBR328312820260710-1,OK,DASS SEST,7,140758,1409834,93450,ATAC. MR130027 6MM RECICLADO COR 057/PET [60d406e3-3b47-4539-85bd-a3db6bf5e4e8],110CM,15915184,174,15903729NBR3283128,10/07/2026,13/10/2026,53,21/08/2026,901795,,60d406e3-3b47-4539-85bd-a3db6bf5e4e8,NIKE,135475,59,
DASS SEST714075893450115CM1591518415903727NBR328312820260710-1,OK,DASS SEST,7,140758,1409834,93450,ATAC. MR130027 6MM RECICLADO COR 057/PET [43e2e316-d326-4e43-af40-f196a4bbb254],115CM,15915184,591,15903727NBR3283128,10/07/2026,13/10/2026,53,21/08/2026,901796,,43e2e316-d326-4e43-af40-f196a4bbb254,NIKE,135475,60,
DASS SEST714075893450115CM1591518415903728NBR328312820260710-1,OK,DASS SEST,7,140758,1409834,93450,ATAC. MR130027 6MM RECICLADO COR 057/PET [9dc8b7df-4283-4d1d-8b42-bc7a0ae2e29e],115CM,15915184,468,15903728NBR3283128,10/07/2026,13/10/2026,53,21/08/2026,901797,,9dc8b7df-4283-4d1d-8b42-bc7a0ae2e29e,NIKE,135475,61,
DASS SEST714075893450115CM1591518415903729NBR328312820260710-1,OK,DASS SEST,7,140758,1409834,93450,ATAC. MR130027 6MM RECICLADO COR 057/PET [8f8ed32a-439f-4c75-a64e-12125f1cf731],115CM,15915184,366,15903729NBR3283128,10/07/2026,13/10/2026,53,21/08/2026,901798,,8f8ed32a-439f-4c75-a64e-12125f1cf731,NIKE,135475,62,
DASS SEST714075893450120CM1591518415903727NBR328312820260710-1,OK,DASS SEST,7,140758,1409834,93450,ATAC. MR130027 6MM RECICLADO COR 057/PET [c91a0809-00b4-4413-9af0-38757456719e],120CM,15915184,72,15903727NBR3283128,10/07/2026,13/10/2026,53,21/08/2026,901799,,c91a0809-00b4-4413-9af0-38757456719e,NIKE,135475,63,
DASS SEST714075893450120CM1591518415903728NBR328312820260710-1,OK,DASS SEST,7,140758,1409834,93450,ATAC. MR130027 6MM RECICLADO COR 057/PET [20a2766b-a52e-4642-9c50-cf9f2c0a7c67],120CM,15915184,72,15903728NBR3283128,10/07/2026,13/10/2026,53,21/08/2026,901800,,20a2766b-a52e-4642-9c50-cf9f2c0a7c67,NIKE,135475,64,
DASS SEST714075893450120CM1591518415903729NBR328312820260710-1,OK,DASS SEST,7,140758,1409834,93450,ATAC. MR130027 6MM RECICLADO COR 057/PET [ef07e5b2-2859-407f-b3c8-9509d6a709e1],120CM,15915184,108,15903729NBR3283128,10/07/2026,13/10/2026,53,21/08/2026,901801,,ef07e5b2-2859-407f-b3c8-9509d6a709e1,NIKE,135475,65,
DASS SEST714095382628105CM1594409915942979NBR328285920260717-1,OK,DASS SEST,7,140953,1188919,82628,ATAC. MR140014 6MM RECICLADO COR 4085/PET [5eed625e-a0dd-46d5-bd65-f6c65b3b8f47],105CM,15944099,12,15942979NBR3282859,17/07/2026,13/10/2026,53,21/08/2026,901802,,5eed625e-a0dd-46d5-bd65-f6c65b3b8f47,NIKE,135640,1,
DASS SEST714095382628105CM1594409915942977NBR328305120260717-1,OK,DASS SEST,7,140953,1188919,82628,ATAC. MR140014 6MM RECICLADO COR 4085/PET [fa2e936d-4bd4-4dfb-ac7e-eb9445a56136],105CM,15944099,470,15942977NBR3283051,17/07/2026,13/10/2026,53,21/08/2026,901803,,fa2e936d-4bd4-4dfb-ac7e-eb9445a56136,NIKE,135640,2,
DASS SEST714095382628105CM1594409915942978NBR328305120260717-1,OK,DASS SEST,7,140953,1188919,82628,ATAC. MR140014 6MM RECICLADO COR 4085/PET [a3c4bdce-30c9-4151-bb95-1dd9bc81caf5],105CM,15944099,504,15942978NBR3283051,17/07/2026,13/10/2026,53,21/08/2026,901804,,a3c4bdce-30c9-4151-bb95-1dd9bc81caf5,NIKE,135640,3,
DASS SEST714095382628110CM1594409915942979NBR328285920260717-1,OK,DASS SEST,7,140953,1188919,82628,ATAC. MR140014 6MM RECICLADO COR 4085/PET [4178e949-d62f-4409-9cd4-57dd572e36a0],110CM,15944099,885,15942979NBR3282859,17/07/2026,13/10/2026,53,21/08/2026,901805,,4178e949-d62f-4409-9cd4-57dd572e36a0,NIKE,135640,4,
DASS SEST714095382628110CM1594409915942980NBR328285920260717-1,OK,DASS SEST,7,140953,1188919,82628,ATAC. MR140014 6MM RECICLADO COR 4085/PET [2d5d3741-661c-47e4-87fa-6eda778d130a],110CM,15944099,912,15942980NBR3282859,17/07/2026,13/10/2026,53,21/08/2026,901806,,2d5d3741-661c-47e4-87fa-6eda778d130a,NIKE,135640,5,
DASS SEST714095382628110CM1594409915942977NBR328305120260717-1,OK,DASS SEST,7,140953,1188919,82628,ATAC. MR140014 6MM RECICLADO COR 4085/PET [20a2f53f-18f0-4da8-a7cf-51d1051c6a1e],110CM,15944099,222,15942977NBR3283051,17/07/2026,13/10/2026,53,21/08/2026,901807,,20a2f53f-18f0-4da8-a7cf-51d1051c6a1e,NIKE,135640,6,
DASS SEST714095382628110CM1594409915942978NBR328305120260717-1,OK,DASS SEST,7,140953,1188919,82628,ATAC. MR140014 6MM RECICLADO COR 4085/PET [ff7d1eb7-c34e-4a37-b7a1-6230af94deb0],110CM,15944099,234,15942978NBR3283051,17/07/2026,13/10/2026,53,21/08/2026,901808,,ff7d1eb7-c34e-4a37-b7a1-6230af94deb0,NIKE,135640,7,
DASS SEST714095382628115CM1594409915942979NBR328285920260717-1,OK,DASS SEST,7,140953,1188919,82628,ATAC. MR140014 6MM RECICLADO COR 4085/PET [84e63edf-62b4-4e78-86eb-e7b3e2e8d5c3],115CM,15944099,156,15942979NBR3282859,17/07/2026,13/10/2026,53,21/08/2026,901809,,84e63edf-62b4-4e78-86eb-e7b3e2e8d5c3,NIKE,135640,8,
DASS SEST714095382628115CM1594409915942980NBR328285920260717-1,OK,DASS SEST,7,140953,1188919,82628,ATAC. MR140014 6MM RECICLADO COR 4085/PET [82548ea5-729c-4aa6-bf2e-d7999b245a35],115CM,15944099,186,15942980NBR3282859,17/07/2026,13/10/2026,53,21/08/2026,901810,,82548ea5-729c-4aa6-bf2e-d7999b245a35,NIKE,135640,9,
DASS SEST714095388798105CM1594409915942985NBR328315420260717-1,OK,DASS SEST,7,140953,1303189,88798,ATAC. MR140014 6MM RECICLADO COR 5645/PET [bf86f683-65c6-4940-baaf-f98b02386291],105CM,15944099,6,15942985NBR3283154,17/07/2026,13/10/2026,53,21/08/2026,901811,,bf86f683-65c6-4940-baaf-f98b02386291,NIKE,135640,10,
DASS SEST714095388798110CM1594409915942985NBR328315420260717-1,OK,DASS SEST,7,140953,1303189,88798,ATAC. MR140014 6MM RECICLADO COR 5645/PET [e2c5eadb-c86f-430c-820a-acc8f8ac151f],110CM,15944099,872,15942985NBR3283154,17/07/2026,13/10/2026,53,21/08/2026,901812,,e2c5eadb-c86f-430c-820a-acc8f8ac151f,NIKE,135640,11,
DASS SEST714095388798115CM1594409915942985NBR328315420260717-1,OK,DASS SEST,7,140953,1303189,88798,ATAC. MR140014 6MM RECICLADO COR 5645/PET [79120cb5-f43b-45f6-a1ea-dc9fdec27de6],115CM,15944099,138,15942985NBR3283154,17/07/2026,13/10/2026,53,21/08/2026,901813,,79120cb5-f43b-45f6-a1ea-dc9fdec27de6,NIKE,135640,12,
DASS SEST71409837423715MM1595428220260720-1,OK,DASS SEST,7,140983,1181716,74237,FITA MR100001 C/ GOMA RECICLADO COR 4085/PET [88aad01e-41c0-4a17-8c36-28737c9ae69a],15MM,15954282,540,0,20/07/2026,13/10/2026,53,21/08/2026,901814,,88aad01e-41c0-4a17-8c36-28737c9ae69a,NIKE,135670,1,
DASS SEST71409838262515MM1595428220260720-1,OK,DASS SEST,7,140983,1194659,82625,FITA MR100001 C/ GOMA RECICLADO COR 4593/PET [9cd34002-7ae8-41a2-921d-204af0b9907e],15MM,15954282,380,0,20/07/2026,13/10/2026,53,21/08/2026,901815,,9cd34002-7ae8-41a2-921d-204af0b9907e,NIKE,135670,2,
DASS SEST714142488808105CM1600288916001145NBR328338920260731-1,OK,DASS SEST,7,141424,1332602,88808,ATAC. M12176 5MM POLIESTER COR 4085 [092b0116-4292-4b41-909b-a39ce692867e],105CM,16002889,204,16001145NBR3283389,31/07/2026,13/10/2026,53,21/08/2026,901816,,092b0116-4292-4b41-909b-a39ce692867e,NIKE,136064,1,NORMAL
DASS SEST714142488808105CM1600288916001146NBR328338920260731-1,OK,DASS SEST,7,141424,1332602,88808,ATAC. M12176 5MM POLIESTER COR 4085 [3ad306e0-bd65-4e25-9fe6-8d76f9117796],105CM,16002889,228,16001146NBR3283389,31/07/2026,13/10/2026,53,21/08/2026,901817,,3ad306e0-bd65-4e25-9fe6-8d76f9117796,NIKE,136064,2,NORMAL
DASS SEST714142488808110CM1600288916001145NBR328338920260731-1,OK,DASS SEST,7,141424,1332602,88808,ATAC. M12176 5MM POLIESTER COR 4085 [07af7579-2778-4426-973e-5931aaa1de38],110CM,16002889,452,16001145NBR3283389,31/07/2026,13/10/2026,53,21/08/2026,901818,,07af7579-2778-4426-973e-5931aaa1de38,NIKE,136064,3,NORMAL
DASS SEST714142488808110CM1600288916001146NBR328338920260731-1,OK,DASS SEST,7,141424,1332602,88808,ATAC. M12176 5MM POLIESTER COR 4085 [4b66ed65-a8ff-45f3-a0a9-409575b52602],110CM,16002889,456,16001146NBR3283389,31/07/2026,13/10/2026,53,21/08/2026,901819,,4b66ed65-a8ff-45f3-a0a9-409575b52602,NIKE,136064,4,NORMAL
DASS SEST714142488808115CM1600288916001145NBR328338920260731-1,OK,DASS SEST,7,141424,1332602,88808,ATAC. M12176 5MM POLIESTER COR 4085 [2444b040-4799-453a-a852-ada67936ea09],115CM,16002889,132,16001145NBR3283389,31/07/2026,13/10/2026,53,21/08/2026,901820,,2444b040-4799-453a-a852-ada67936ea09,NIKE,136064,5,NORMAL
DASS SEST714142488808115CM1600288916001146NBR328338920260731-1,OK,DASS SEST,7,141424,1332602,88808,ATAC. M12176 5MM POLIESTER COR 4085 [d57c1132-d0b7-4bfa-b502-8e3413ccae4b],115CM,16002889,150,16001146NBR3283389,31/07/2026,13/10/2026,53,21/08/2026,901821,,d57c1132-d0b7-4bfa-b502-8e3413ccae4b,NIKE,136064,6,NORMAL
DASS SEST71415599530016MM1601213520260804-1,OK,DASS SEST,7,141559,1416744,95300,FITA M31119 C/ GOMA POLIESTER COR 814 / COR 100 / COR 100 [e6807a57-a35a-4601-90af-17bac87f9816],16MM,16012135,830,0,04/08/2026,13/10/2026,53,21/08/2026,901822,,e6807a57-a35a-4601-90af-17bac87f9816,FILA,136191,1,NORMAL
DASS SEST71415599530216MM1601213520260804-1,OK,DASS SEST,7,141559,1416741,95302,FITA M31119 C/ GOMA POLIESTER COR 102 / COR 5508 / COR 5508 [6346d9bf-aece-405c-94fe-8bf60e62b4fe],16MM,16012135,170,0,04/08/2026,13/10/2026,53,21/08/2026,901823,,6346d9bf-aece-405c-94fe-8bf60e62b4fe,FILA,136191,2,NORMAL
DASS SEST714192393661130CM1604647016045931NBR328345920260814-1,OK,DASS SEST,7,141923,1065806,93661,ATAC. MR110029 RECICLADO COR 4662/PET [633b6c4d-88e9-4441-8b18-2b139e08a340],130CM,16046470,414,16045931NBR3283459,14/08/2026,13/10/2026,53,21/08/2026,901824,,633b6c4d-88e9-4441-8b18-2b139e08a340,NIKE,136599,1,NORMAL
DASS SEST714192393661130CM1604647016045932NBR328345920260814-1,OK,DASS SEST,7,141923,1065806,93661,ATAC. MR110029 RECICLADO COR 4662/PET [3eecc825-b774-4209-b5b2-4df3172ff235],130CM,16046470,402,16045932NBR3283459,14/08/2026,13/10/2026,53,21/08/2026,901825,,3eecc825-b774-4209-b5b2-4df3172ff235,NIKE,136599,2,NORMAL
DASS SEST714192393661135CM1604647016045931NBR328345920260814-1,OK,DASS SEST,7,141923,1065806,93661,ATAC. MR110029 RECICLADO COR 4662/PET [2ebdae74-18e8-45f8-987b-299ca3e3dfbe],135CM,16046470,398,16045931NBR3283459,14/08/2026,13/10/2026,53,21/08/2026,901826,,2ebdae74-18e8-45f8-987b-299ca3e3dfbe,NIKE,136599,3,NORMAL
DASS SEST714192393661135CM1604647016045932NBR328345920260814-1,OK,DASS SEST,7,141923,1065806,93661,ATAC. MR110029 RECICLADO COR 4662/PET [57c25004-4df5-43af-9d54-b0b1a2f2cd9c],135CM,16046470,420,16045932NBR3283459,14/08/2026,13/10/2026,53,21/08/2026,901827,,57c25004-4df5-43af-9d54-b0b1a2f2cd9c,NIKE,136599,4,NORMAL
DASS ITABERABA70141498701648MM1600344420260803-1,OK,DASS ITABERABA,70,141498,108955,70164,FITA MFGP C/ GOMA POLIESTER COR 100 [9c6ff224-60a1-4764-b1ba-f18f915d852d],8MM,16003444,100,0,03/08/2026,13/10/2026,53,21/08/2026,901828,,9c6ff224-60a1-4764-b1ba-f18f915d852d,FILA,136136,1,NORMAL
DASS ITABERABA70141498728018MM1600344420260803-1,OK,DASS ITABERABA,70,141498,1072623,72801,FITA MFGP C/ GOMA POLIESTER COR 057 [e2e85cc3-21cb-40d4-8534-6a7150986a0d],8MM,16003444,50,0,03/08/2026,13/10/2026,53,21/08/2026,901829,,e2e85cc3-21cb-40d4-8534-6a7150986a0d,FILA,136136,2,NORMAL
DASS ITABERABA70141498781878MM1600344420260803-1,OK,DASS ITABERABA,70,141498,1146621,78187,FITA MFGP C/ GOMA POLIESTER COR 053 [888765a6-574a-4351-81e5-61471d0e96f5],8MM,16003444,60,0,03/08/2026,13/10/2026,53,21/08/2026,901830,,888765a6-574a-4351-81e5-61471d0e96f5,FILA,136136,3,NORMAL
DASS ITABERABA70141498923008MM1600344420260803-1,OK,DASS ITABERABA,70,141498,1406202,92300,FITA MFGP C/ GOMA POLIESTER COR 788 [5e9bbaf7-8501-4f0f-9110-c1e6b6198fea],8MM,16003444,50,0,03/08/2026,13/10/2026,53,21/08/2026,901831,,5e9bbaf7-8501-4f0f-9110-c1e6b6198fea,FILA,136136,4,NORMAL
DASS SANTO ANTONIO152614052410536MM1588848520260706-1,OK,DASS SANTO ANTONIO,1526,140524,738316,1053,ELAST. MTM POLIESTER COR 100 [184ceb83-d718-49cc-8f6d-924f8f80cff6],6MM,15888485,1104,0,06/07/2026,13/10/2026,53,21/08/2026,901832,,184ceb83-d718-49cc-8f6d-924f8f80cff6,FILA,135199,1,
DASS SANTO ANTONIO1526140524874446MM1588848520260706-1,OK,DASS SANTO ANTONIO,1526,140524,738314,87444,ELAST. MTM POLIESTER COR 057 [2ba87fb9-a11d-415f-8dea-64b4368a6108],6MM,15888485,1104,0,06/07/2026,13/10/2026,53,21/08/2026,901833,,2ba87fb9-a11d-415f-8dea-64b4368a6108,FILA,135199,2,
DASS SEST714010582628100CM1585579615851823NBR328318620260625-1,OK,DASS SEST,7,140105,1188919,82628,ATAC. MR140014 6MM RECICLADO COR 4085/PET [41dba2dc-ad8e-4e91-8893-f75585ad0750],100CM,15855796,108,15851823NBR3283186,25/06/2026,19/10/2026,59,21/08/2026,901834,,41dba2dc-ad8e-4e91-8893-f75585ad0750,NIKE,134794,1,
DASS SEST714010582628100CM1585579615851824NBR328318620260625-1,OK,DASS SEST,7,140105,1188919,82628,ATAC. MR140014 6MM RECICLADO COR 4085/PET [925d9715-333e-4387-9234-b75c737c7b39],100CM,15855796,126,15851824NBR3283186,25/06/2026,19/10/2026,59,21/08/2026,901835,,925d9715-333e-4387-9234-b75c737c7b39,NIKE,134794,2,
DASS SEST714010582628105CM1585579615851815NBR328312520260625-1,OK,DASS SEST,7,140105,1188919,82628,ATAC. MR140014 6MM RECICLADO COR 4085/PET [d65ec3e6-23f1-499a-a684-5d7e8ac156c9],105CM,15855796,156,15851815NBR3283125,25/06/2026,19/10/2026,59,21/08/2026,901836,,d65ec3e6-23f1-499a-a684-5d7e8ac156c9,NIKE,134794,3,
DASS SEST714010582628105CM1585579615851816NBR328312520260625-1,OK,DASS SEST,7,140105,1188919,82628,ATAC. MR140014 6MM RECICLADO COR 4085/PET [72d7c80f-7d97-4538-ad96-164f2397194a],105CM,15855796,174,15851816NBR3283125,25/06/2026,19/10/2026,59,21/08/2026,901837,,72d7c80f-7d97-4538-ad96-164f2397194a,NIKE,134794,4,
DASS SEST714010582628105CM1585579615851823NBR328318620260625-1,OK,DASS SEST,7,140105,1188919,82628,ATAC. MR140014 6MM RECICLADO COR 4085/PET [d93731c3-7676-46c7-92a3-ce36f5ec1ba7],105CM,15855796,782,15851823NBR3283186,25/06/2026,19/10/2026,59,21/08/2026,901838,,d93731c3-7676-46c7-92a3-ce36f5ec1ba7,NIKE,134794,5,
DASS SEST714010582628105CM1585579615851824NBR328318620260625-1,OK,DASS SEST,7,140105,1188919,82628,ATAC. MR140014 6MM RECICLADO COR 4085/PET [4af04c78-ea53-4838-8209-2b827ee7d6f0],105CM,15855796,810,15851824NBR3283186,25/06/2026,19/10/2026,59,21/08/2026,901839,,4af04c78-ea53-4838-8209-2b827ee7d6f0,NIKE,134794,6,
DASS SEST714010582628110CM1585579615851815NBR328312520260625-1,OK,DASS SEST,7,140105,1188919,82628,ATAC. MR140014 6MM RECICLADO COR 4085/PET [c9f3a924-25ae-4aa5-9f16-52c69f10e207],110CM,15855796,464,15851815NBR3283125,25/06/2026,19/10/2026,59,21/08/2026,901840,,c9f3a924-25ae-4aa5-9f16-52c69f10e207,NIKE,134794,7,
DASS SEST714010582628110CM1585579615851816NBR328312520260625-1,OK,DASS SEST,7,140105,1188919,82628,ATAC. MR140014 6MM RECICLADO COR 4085/PET [d8f759ea-7659-4983-8a58-d05e9609e0c8],110CM,15855796,462,15851816NBR3283125,25/06/2026,19/10/2026,59,21/08/2026,901841,,d8f759ea-7659-4983-8a58-d05e9609e0c8,NIKE,134794,8,
DASS SEST714010582628110CM1585579615851823NBR328318620260625-1,OK,DASS SEST,7,140105,1188919,82628,ATAC. MR140014 6MM RECICLADO COR 4085/PET [6a7e8016-b2f5-4e71-b658-af92c42b9cc4],110CM,15855796,48,15851823NBR3283186,25/06/2026,19/10/2026,59,21/08/2026,901842,,6a7e8016-b2f5-4e71-b658-af92c42b9cc4,NIKE,134794,9,
DASS SEST714010582628110CM1585579615851824NBR328318620260625-1,OK,DASS SEST,7,140105,1188919,82628,ATAC. MR140014 6MM RECICLADO COR 4085/PET [c695a9b6-8c6b-454f-b754-62c486aa1ad9],110CM,15855796,48,15851824NBR3283186,25/06/2026,19/10/2026,59,21/08/2026,901843,,c695a9b6-8c6b-454f-b754-62c486aa1ad9,NIKE,134794,10,
DASS SEST714010582628115CM1585579615851815NBR328312520260625-1,OK,DASS SEST,7,140105,1188919,82628,ATAC. MR140014 6MM RECICLADO COR 4085/PET [2a85378e-17e3-486e-a8eb-17fb127d88ce],115CM,15855796,180,15851815NBR3283125,25/06/2026,19/10/2026,59,21/08/2026,901844,,2a85378e-17e3-486e-a8eb-17fb127d88ce,NIKE,134794,11,
DASS SEST714010582628115CM1585579615851816NBR328312520260625-1,OK,DASS SEST,7,140105,1188919,82628,ATAC. MR140014 6MM RECICLADO COR 4085/PET [6cc31807-2049-4b44-8f5a-7610805f35a6],115CM,15855796,192,15851816NBR3283125,25/06/2026,19/10/2026,59,21/08/2026,901845,,6cc31807-2049-4b44-8f5a-7610805f35a6,NIKE,134794,12,
DASS SEST714095696072105CM1594410015942986NBR328314820260720-1,OK,DASS SEST,7,140956,1425212,96072,ATAC. MR140014 6MM RECICLADO COR 6255/PET [caa8eb06-69ea-4787-9461-b70c879d6c0e],105CM,15944100,6,15942986NBR3283148,20/07/2026,19/10/2026,59,21/08/2026,901846,,caa8eb06-69ea-4787-9461-b70c879d6c0e,NIKE,135659,1,
DASS SEST714095696072110CM1594410015942986NBR328314820260720-1,OK,DASS SEST,7,140956,1425212,96072,ATAC. MR140014 6MM RECICLADO COR 6255/PET [b76b5757-b0f8-41e9-90d8-115ee7f5fdd6],110CM,15944100,608,15942986NBR3283148,20/07/2026,19/10/2026,59,21/08/2026,901847,,b76b5757-b0f8-41e9-90d8-115ee7f5fdd6,NIKE,135659,2,
DASS SEST714095696072110CM1594410015942987NBR328314820260720-1,OK,DASS SEST,7,140956,1425212,96072,ATAC. MR140014 6MM RECICLADO COR 6255/PET [5230c12a-2451-451e-be9b-6642f83e7c06],110CM,15944100,624,15942987NBR3283148,20/07/2026,19/10/2026,59,21/08/2026,901848,,5230c12a-2451-451e-be9b-6642f83e7c06,NIKE,135659,3,
DASS SEST714095696072115CM1594410015942986NBR328314820260720-1,OK,DASS SEST,7,140956,1425212,96072,ATAC. MR140014 6MM RECICLADO COR 6255/PET [1fcfd719-8271-4206-b92a-2cde2e34ef33],115CM,15944100,120,15942986NBR3283148,20/07/2026,19/10/2026,59,21/08/2026,901849,,1fcfd719-8271-4206-b92a-2cde2e34ef33,NIKE,135659,4,
DASS SEST714095696072115CM1594410015942987NBR328314820260720-1,OK,DASS SEST,7,140956,1425212,96072,ATAC. MR140014 6MM RECICLADO COR 6255/PET [1d948172-2051-4391-a5f8-df484e18dae5],115CM,15944100,120,15942987NBR3283148,20/07/2026,19/10/2026,59,21/08/2026,901850,,1d948172-2051-4391-a5f8-df484e18dae5,NIKE,135659,5,
DASS SEST714095696141105CM1594410015942988NBR328315020260720-1,OK,DASS SEST,7,140956,1425211,96141,ATAC. MR140014 6MM RECICLADO COR 6296/PET [2559c2a2-4a15-44d6-acd7-e1809e1af516],105CM,15944100,494,15942988NBR3283150,20/07/2026,19/10/2026,59,21/08/2026,901851,,2559c2a2-4a15-44d6-acd7-e1809e1af516,NIKE,135659,6,
DASS SEST714095696141105CM1594410015942989NBR328315020260720-1,OK,DASS SEST,7,140956,1425211,96141,ATAC. MR140014 6MM RECICLADO COR 6296/PET [191005c7-6663-42f6-863d-132a179e1f6f],105CM,15944100,552,15942989NBR3283150,20/07/2026,19/10/2026,59,21/08/2026,901852,,191005c7-6663-42f6-863d-132a179e1f6f,NIKE,135659,7,
DASS SEST714095696141110CM1594410015942988NBR328315020260720-1,OK,DASS SEST,7,140956,1425211,96141,ATAC. MR140014 6MM RECICLADO COR 6296/PET [e4702bb8-6f8f-4ef8-871c-10e86d48c169],110CM,15944100,186,15942988NBR3283150,20/07/2026,19/10/2026,59,21/08/2026,901853,,e4702bb8-6f8f-4ef8-871c-10e86d48c169,NIKE,135659,8,
DASS SEST714095696141110CM1594410015942989NBR328315020260720-1,OK,DASS SEST,7,140956,1425211,96141,ATAC. MR140014 6MM RECICLADO COR 6296/PET [3b99dc90-d125-44aa-8adc-0067b3e22216],110CM,15944100,216,15942989NBR3283150,20/07/2026,19/10/2026,59,21/08/2026,901854,,3b99dc90-d125-44aa-8adc-0067b3e22216,NIKE,135659,9,
DASS SEST714142576555105CM1600292016001167NBR328339620260731-1,OK,DASS SEST,7,141425,1070873,76555,ATAC. MR130011 5MM RECICLADO COR 4085 [f7160cb1-4ab5-4f39-ba2e-0ab36a1b1de9],105CM,16002920,162,16001167NBR3283396,31/07/2026,19/10/2026,59,21/08/2026,901855,,f7160cb1-4ab5-4f39-ba2e-0ab36a1b1de9,NIKE,136065,1,NORMAL
DASS SEST714142576555105CM1600292016001168NBR328339620260731-1,OK,DASS SEST,7,141425,1070873,76555,ATAC. MR130011 5MM RECICLADO COR 4085 [c11cf61e-3153-46e2-a446-40dfe8d4e7f0],105CM,16002920,144,16001168NBR3283396,31/07/2026,19/10/2026,59,21/08/2026,901856,,c11cf61e-3153-46e2-a446-40dfe8d4e7f0,NIKE,136065,2,NORMAL
DASS SEST714142576555105CM1600292016001169NBR328339620260731-1,OK,DASS SEST,7,141425,1070873,76555,ATAC. MR130011 5MM RECICLADO COR 4085 [9d899a8d-52ac-4d9e-81fa-e25ca320dbba],105CM,16002920,198,16001169NBR3283396,31/07/2026,19/10/2026,59,21/08/2026,901857,,9d899a8d-52ac-4d9e-81fa-e25ca320dbba,NIKE,136065,3,NORMAL
DASS SEST714142576555110CM1600292016001167NBR328339620260731-1,OK,DASS SEST,7,141425,1070873,76555,ATAC. MR130011 5MM RECICLADO COR 4085 [e0bdd177-5650-4f38-af4a-ba53baf86b03],110CM,16002920,621,16001167NBR3283396,31/07/2026,19/10/2026,59,21/08/2026,901858,,e0bdd177-5650-4f38-af4a-ba53baf86b03,NIKE,136065,4,NORMAL
DASS SEST714142576555110CM1600292016001168NBR328339620260731-1,OK,DASS SEST,7,141425,1070873,76555,ATAC. MR130011 5MM RECICLADO COR 4085 [2d7b1abf-196f-4cbf-8e5c-fe1ea396b437],110CM,16002920,456,16001168NBR3283396,31/07/2026,19/10/2026,59,21/08/2026,901859,,2d7b1abf-196f-4cbf-8e5c-fe1ea396b437,NIKE,136065,5,NORMAL
DASS SEST714142576555110CM1600292016001169NBR328339620260731-1,OK,DASS SEST,7,141425,1070873,76555,ATAC. MR130011 5MM RECICLADO COR 4085 [19a47e39-6537-42b3-8eeb-70238df56302],110CM,16002920,318,16001169NBR3283396,31/07/2026,19/10/2026,59,21/08/2026,901860,,19a47e39-6537-42b3-8eeb-70238df56302,NIKE,136065,6,NORMAL
DASS SEST714142576555115CM1600292016001167NBR328339620260731-1,OK,DASS SEST,7,141425,1070873,76555,ATAC. MR130011 5MM RECICLADO COR 4085 [f78ba838-8474-461c-99ac-52265fcd7e5b],115CM,16002920,144,16001167NBR3283396,31/07/2026,19/10/2026,59,21/08/2026,901861,,f78ba838-8474-461c-99ac-52265fcd7e5b,NIKE,136065,7,NORMAL
DASS SEST714142576555115CM1600292016001168NBR328339620260731-1,OK,DASS SEST,7,141425,1070873,76555,ATAC. MR130011 5MM RECICLADO COR 4085 [b223cb69-faf5-450c-a118-822940e0adf9],115CM,16002920,132,16001168NBR3283396,31/07/2026,19/10/2026,59,21/08/2026,901862,,b223cb69-faf5-450c-a118-822940e0adf9,NIKE,136065,8,NORMAL
DASS SEST714142576555115CM1600292016001169NBR328339620260731-1,OK,DASS SEST,7,141425,1070873,76555,ATAC. MR130011 5MM RECICLADO COR 4085 [f2d0708f-f95b-4690-99ff-4a07ac50a2af],115CM,16002920,156,16001169NBR3283396,31/07/2026,19/10/2026,59,21/08/2026,901863,,f2d0708f-f95b-4690-99ff-4a07ac50a2af,NIKE,136065,9,NORMAL
DASS SEST71415609530216MM1601213720260804-1,OK,DASS SEST,7,141560,1416741,95302,FITA M31119 C/ GOMA POLIESTER COR 102 / COR 5508 / COR 5508 [cb350633-9775-4314-aa92-518d8d058731],16MM,16012137,1180,0,04/08/2026,19/10/2026,59,21/08/2026,901864,,cb350633-9775-4314-aa92-518d8d058731,FILA,136192,1,NORMAL
DASS SEST71418707655590CM1591518615903649NBR328326820260814-1,OK,DASS SEST,7,141870,1070873,76555,ATAC. MR130011 5MM RECICLADO COR 4085 [380a7992-d463-4bb5-bfb8-ac059cccc7b2],90CM,15915186,507,15903649NBR3283268,14/08/2026,19/10/2026,59,21/08/2026,901865,,380a7992-d463-4bb5-bfb8-ac059cccc7b2,NIKE,136551,1,NORMAL
DASS SEST71418707655590CM1591518615903650NBR328326820260814-1,OK,DASS SEST,7,141870,1070873,76555,ATAC. MR130011 5MM RECICLADO COR 4085 [c009f31c-e4de-463e-a81c-3867eb16972a],90CM,15915186,504,15903650NBR3283268,14/08/2026,19/10/2026,59,21/08/2026,901866,,c009f31c-e4de-463e-a81c-3867eb16972a,NIKE,136551,2,NORMAL
DASS SEST71418707655590CM1591518615903651NBR328326820260814-1,OK,DASS SEST,7,141870,1070873,76555,ATAC. MR130011 5MM RECICLADO COR 4085 [bbcd184d-a303-4f90-95cd-0ee16a099773],90CM,15915186,504,15903651NBR3283268,14/08/2026,19/10/2026,59,21/08/2026,901867,,bbcd184d-a303-4f90-95cd-0ee16a099773,NIKE,136551,3,NORMAL
DASS SEST71418707655590CM1591518615903652NBR328327520260814-1,OK,DASS SEST,7,141870,1070873,76555,ATAC. MR130011 5MM RECICLADO COR 4085 [d37dafbb-5466-442b-a40a-2c0a97de50f9],90CM,15915186,1010,15903652NBR3283275,14/08/2026,19/10/2026,59,21/08/2026,901868,,d37dafbb-5466-442b-a40a-2c0a97de50f9,NIKE,136551,4,NORMAL
DASS SEST71418707655595CM1591518615903649NBR328326820260814-1,OK,DASS SEST,7,141870,1070873,76555,ATAC. MR130011 5MM RECICLADO COR 4085 [258b79a8-8943-4c7b-a4b2-5836034a0a8a],95CM,15915186,216,15903649NBR3283268,14/08/2026,19/10/2026,59,21/08/2026,901869,,258b79a8-8943-4c7b-a4b2-5836034a0a8a,NIKE,136551,5,NORMAL
DASS SEST71418707655595CM1591518615903650NBR328326820260814-1,OK,DASS SEST,7,141870,1070873,76555,ATAC. MR130011 5MM RECICLADO COR 4085 [09b49db1-d3cd-4932-b619-6d2af9ee9133],95CM,15915186,216,15903650NBR3283268,14/08/2026,19/10/2026,59,21/08/2026,901870,,09b49db1-d3cd-4932-b619-6d2af9ee9133,NIKE,136551,6,NORMAL
DASS SEST71418707655595CM1591518615903651NBR328326820260814-1,OK,DASS SEST,7,141870,1070873,76555,ATAC. MR130011 5MM RECICLADO COR 4085 [f612e1b5-904a-4346-b081-4472e68b0aea],95CM,15915186,216,15903651NBR3283268,14/08/2026,19/10/2026,59,21/08/2026,901871,,f612e1b5-904a-4346-b081-4472e68b0aea,NIKE,136551,7,NORMAL
DASS SEST71418707655595CM1591518615903652NBR328327520260814-1,OK,DASS SEST,7,141870,1070873,76555,ATAC. MR130011 5MM RECICLADO COR 4085 [c28a2da9-84bc-4c50-99d3-10736a19610f],95CM,15915186,432,15903652NBR3283275,14/08/2026,19/10/2026,59,21/08/2026,901872,,c28a2da9-84bc-4c50-99d3-10736a19610f,NIKE,136551,8,NORMAL
DASS SEST714187082628100CM1591518615903666NBR328327320260814-1,OK,DASS SEST,7,141870,1188919,82628,ATAC. MR140014 6MM RECICLADO COR 4085/PET [da74ccdc-0b97-4444-9ab7-00c5079b75da],100CM,15915186,168,15903666NBR3283273,14/08/2026,19/10/2026,59,21/08/2026,901873,,da74ccdc-0b97-4444-9ab7-00c5079b75da,NIKE,136551,9,NORMAL
DASS SEST714187082628100CM1591518615903667NBR328327320260814-1,OK,DASS SEST,7,141870,1188919,82628,ATAC. MR140014 6MM RECICLADO COR 4085/PET [5d2ce80d-3cfd-4f33-bc32-55fc24e3399c],100CM,15915186,186,15903667NBR3283273,14/08/2026,19/10/2026,59,21/08/2026,901874,,5d2ce80d-3cfd-4f33-bc32-55fc24e3399c,NIKE,136551,10,NORMAL
DASS SEST714187082628105CM1591518615903653NBR328324720260814-1,OK,DASS SEST,7,141870,1188919,82628,ATAC. MR140014 6MM RECICLADO COR 4085/PET [e4f0189e-65a9-4197-bac8-16866ee36d80],105CM,15915186,180,15903653NBR3283247,14/08/2026,19/10/2026,59,21/08/2026,901875,,e4f0189e-65a9-4197-bac8-16866ee36d80,NIKE,136551,11,NORMAL
DASS SEST714187082628105CM1591518615903654NBR328324720260814-1,OK,DASS SEST,7,141870,1188919,82628,ATAC. MR140014 6MM RECICLADO COR 4085/PET [d95b4d62-17b9-4d75-b1d6-26ca0879af15],105CM,15915186,156,15903654NBR3283247,14/08/2026,19/10/2026,59,21/08/2026,901876,,d95b4d62-17b9-4d75-b1d6-26ca0879af15,NIKE,136551,12,NORMAL
DASS SEST714187082628105CM1591518615903655NBR328324720260814-1,OK,DASS SEST,7,141870,1188919,82628,ATAC. MR140014 6MM RECICLADO COR 4085/PET [7481e646-94a1-403c-b7e1-abc8be7ff91a],105CM,15915186,198,15903655NBR3283247,14/08/2026,19/10/2026,59,21/08/2026,901877,,7481e646-94a1-403c-b7e1-abc8be7ff91a,NIKE,136551,13,NORMAL
DASS SEST714187082628105CM1591518615903664NBR328327120260814-1,OK,DASS SEST,7,141870,1188919,82628,ATAC. MR140014 6MM RECICLADO COR 4085/PET [7a62d0b1-928c-4cf2-ba1c-61776be0da36],105CM,15915186,66,15903664NBR3283271,14/08/2026,19/10/2026,59,21/08/2026,901878,,7a62d0b1-928c-4cf2-ba1c-61776be0da36,NIKE,136551,14,NORMAL
DASS SEST714187082628105CM1591518615903665NBR328327120260814-1,OK,DASS SEST,7,141870,1188919,82628,ATAC. MR140014 6MM RECICLADO COR 4085/PET [a0d68430-ad43-4a72-80fd-2222a3396d68],105CM,15915186,78,15903665NBR3283271,14/08/2026,19/10/2026,59,21/08/2026,901879,,a0d68430-ad43-4a72-80fd-2222a3396d68,NIKE,136551,15,NORMAL
DASS SEST714187082628105CM1591518615903666NBR328327320260814-1,OK,DASS SEST,7,141870,1188919,82628,ATAC. MR140014 6MM RECICLADO COR 4085/PET [cf259955-9f83-42ce-ae6c-b4ab37e1d929],105CM,15915186,638,15903666NBR3283273,14/08/2026,19/10/2026,59,21/08/2026,901880,,cf259955-9f83-42ce-ae6c-b4ab37e1d929,NIKE,136551,16,NORMAL
DASS SEST714187082628105CM1591518615903667NBR328327320260814-1,OK,DASS SEST,7,141870,1188919,82628,ATAC. MR140014 6MM RECICLADO COR 4085/PET [6a6cf65b-0cfd-4435-9333-c2ec33464fca],105CM,15915186,666,15903667NBR3283273,14/08/2026,19/10/2026,59,21/08/2026,901881,,6a6cf65b-0cfd-4435-9333-c2ec33464fca,NIKE,136551,17,NORMAL
DASS SEST714187082628110CM1591518615903653NBR328324720260814-1,OK,DASS SEST,7,141870,1188919,82628,ATAC. MR140014 6MM RECICLADO COR 4085/PET [683279f7-9d0c-42ee-8f0b-b02cdcde4a27],110CM,15915186,465,15903653NBR3283247,14/08/2026,19/10/2026,59,21/08/2026,901882,,683279f7-9d0c-42ee-8f0b-b02cdcde4a27,NIKE,136551,18,NORMAL
DASS SEST714187082628110CM1591518615903654NBR328324720260814-1,OK,DASS SEST,7,141870,1188919,82628,ATAC. MR140014 6MM RECICLADO COR 4085/PET [6da7365d-8d07-4f4f-a87c-8b2b38e6a542],110CM,15915186,456,15903654NBR3283247,14/08/2026,19/10/2026,59,21/08/2026,901883,,6da7365d-8d07-4f4f-a87c-8b2b38e6a542,NIKE,136551,19,NORMAL
DASS SEST714187082628110CM1591518615903655NBR328324720260814-1,OK,DASS SEST,7,141870,1188919,82628,ATAC. MR140014 6MM RECICLADO COR 4085/PET [3edc00a2-1393-4c9b-91e8-2248f88fa8c0],110CM,15915186,468,15903655NBR3283247,14/08/2026,19/10/2026,59,21/08/2026,901884,,3edc00a2-1393-4c9b-91e8-2248f88fa8c0,NIKE,136551,20,NORMAL
DASS SEST714187082628110CM1591518615903664NBR328327120260814-1,OK,DASS SEST,7,141870,1188919,82628,ATAC. MR140014 6MM RECICLADO COR 4085/PET [1ce0d658-3aa9-469c-9997-4ef694a48213],110CM,15915186,518,15903664NBR3283271,14/08/2026,19/10/2026,59,21/08/2026,901885,,1ce0d658-3aa9-469c-9997-4ef694a48213,NIKE,136551,21,NORMAL
DASS SEST714187082628110CM1591518615903665NBR328327120260814-1,OK,DASS SEST,7,141870,1188919,82628,ATAC. MR140014 6MM RECICLADO COR 4085/PET [f9905f53-88c2-4175-966f-fbc7e3b09286],110CM,15915186,540,15903665NBR3283271,14/08/2026,19/10/2026,59,21/08/2026,901886,,f9905f53-88c2-4175-966f-fbc7e3b09286,NIKE,136551,22,NORMAL
DASS SEST714187082628110CM1591518615903666NBR328327320260814-1,OK,DASS SEST,7,141870,1188919,82628,ATAC. MR140014 6MM RECICLADO COR 4085/PET [b4a44e07-c4ac-4ea8-9968-c5407fdeca5c],110CM,15915186,30,15903666NBR3283273,14/08/2026,19/10/2026,59,21/08/2026,901887,,b4a44e07-c4ac-4ea8-9968-c5407fdeca5c,NIKE,136551,23,NORMAL
DASS SEST714187082628110CM1591518615903667NBR328327320260814-1,OK,DASS SEST,7,141870,1188919,82628,ATAC. MR140014 6MM RECICLADO COR 4085/PET [946c782c-37bb-4bd2-88e4-564fe4d96708],110CM,15915186,24,15903667NBR3283273,14/08/2026,19/10/2026,59,21/08/2026,901888,,946c782c-37bb-4bd2-88e4-564fe4d96708,NIKE,136551,24,NORMAL
DASS SEST714187082628115CM1591518615903653NBR328324720260814-1,OK,DASS SEST,7,141870,1188919,82628,ATAC. MR140014 6MM RECICLADO COR 4085/PET [81d857e3-edf0-4b34-b918-6955aad18a0e],115CM,15915186,144,15903653NBR3283247,14/08/2026,19/10/2026,59,21/08/2026,901889,,81d857e3-edf0-4b34-b918-6955aad18a0e,NIKE,136551,25,NORMAL
DASS SEST714187082628115CM1591518615903654NBR328324720260814-1,OK,DASS SEST,7,141870,1188919,82628,ATAC. MR140014 6MM RECICLADO COR 4085/PET [8410f088-7c37-49cb-b7e3-3aef1e0c6e3b],115CM,15915186,144,15903654NBR3283247,14/08/2026,19/10/2026,59,21/08/2026,901890,,8410f088-7c37-49cb-b7e3-3aef1e0c6e3b,NIKE,136551,26,NORMAL
DASS SEST714187082628115CM1591518615903655NBR328324720260814-1,OK,DASS SEST,7,141870,1188919,82628,ATAC. MR140014 6MM RECICLADO COR 4085/PET [dae54b38-f422-4ff8-9efe-500cdd4c2bec],115CM,15915186,150,15903655NBR3283247,14/08/2026,19/10/2026,59,21/08/2026,901891,,dae54b38-f422-4ff8-9efe-500cdd4c2bec,NIKE,136551,27,NORMAL
DASS SEST714187082628115CM1591518615903664NBR328327120260814-1,OK,DASS SEST,7,141870,1188919,82628,ATAC. MR140014 6MM RECICLADO COR 4085/PET [3f5bf665-6f25-4de3-9bc8-9b11c894d370],115CM,15915186,180,15903664NBR3283271,14/08/2026,19/10/2026,59,21/08/2026,901892,,3f5bf665-6f25-4de3-9bc8-9b11c894d370,NIKE,136551,28,NORMAL
DASS SEST714187082628115CM1591518615903665NBR328327120260814-1,OK,DASS SEST,7,141870,1188919,82628,ATAC. MR140014 6MM RECICLADO COR 4085/PET [74ac06ba-daad-4ae4-8fd8-f86c4382e35b],115CM,15915186,198,15903665NBR3283271,14/08/2026,19/10/2026,59,21/08/2026,901893,,74ac06ba-daad-4ae4-8fd8-f86c4382e35b,NIKE,136551,29,NORMAL
DASS SEST714187086978110CM1591518615903682NBR328319120260814-1,OK,DASS SEST,7,141870,1299257,86978,ATAC. MR130027 6MM RECICLADO COR 4085/PET [99cd6c92-85d2-40b8-83fa-7b166998b1ee],110CM,15915186,252,15903682NBR3283191,14/08/2026,19/10/2026,59,21/08/2026,901894,,99cd6c92-85d2-40b8-83fa-7b166998b1ee,NIKE,136551,30,NORMAL
DASS SEST714187086978110CM1591518615903683NBR328319120260814-1,OK,DASS SEST,7,141870,1299257,86978,ATAC. MR130027 6MM RECICLADO COR 4085/PET [e12e30b1-6a91-4f4e-998d-e1a1f76d70ea],110CM,15915186,258,15903683NBR3283191,14/08/2026,19/10/2026,59,21/08/2026,901895,,e12e30b1-6a91-4f4e-998d-e1a1f76d70ea,NIKE,136551,31,NORMAL
DASS SEST714187086978115CM1591518615903682NBR328319120260814-1,OK,DASS SEST,7,141870,1299257,86978,ATAC. MR130027 6MM RECICLADO COR 4085/PET [0a86f6e6-0165-41ab-bb1a-7c9b448352f0],115CM,15915186,687,15903682NBR3283191,14/08/2026,19/10/2026,59,21/08/2026,901896,,0a86f6e6-0165-41ab-bb1a-7c9b448352f0,NIKE,136551,32,NORMAL
DASS SEST714187086978115CM1591518615903683NBR328319120260814-1,OK,DASS SEST,7,141870,1299257,86978,ATAC. MR130027 6MM RECICLADO COR 4085/PET [8c7fb20d-37a6-427a-ae2b-150a59414ff6],115CM,15915186,690,15903683NBR3283191,14/08/2026,19/10/2026,59,21/08/2026,901897,,8c7fb20d-37a6-427a-ae2b-150a59414ff6,NIKE,136551,33,NORMAL
DASS SEST714187086978120CM1591518615903682NBR328319120260814-1,OK,DASS SEST,7,141870,1299257,86978,ATAC. MR130027 6MM RECICLADO COR 4085/PET [6fc7d82d-a350-451a-be3b-875f0c360450],120CM,15915186,102,15903682NBR3283191,14/08/2026,19/10/2026,59,21/08/2026,901898,,6fc7d82d-a350-451a-be3b-875f0c360450,NIKE,136551,34,NORMAL
DASS SEST714187086978120CM1591518615903683NBR328319120260814-1,OK,DASS SEST,7,141870,1299257,86978,ATAC. MR130027 6MM RECICLADO COR 4085/PET [5ac8c22b-7fff-4ddb-9a45-0747ff6bfe91],120CM,15915186,102,15903683NBR3283191,14/08/2026,19/10/2026,59,21/08/2026,901899,,5ac8c22b-7fff-4ddb-9a45-0747ff6bfe91,NIKE,136551,35,NORMAL
DASS SEST71415619530216MM1601213820260804-1,OK,DASS SEST,7,141561,1416741,95302,FITA M31119 C/ GOMA POLIESTER COR 102 / COR 5508 / COR 5508 [584a6f40-e818-4e07-a8fd-5e18447f0487],16MM,16012138,310,0,04/08/2026,26/10/2026,66,21/08/2026,901900,,584a6f40-e818-4e07-a8fd-5e18447f0487,FILA,136193,1,NORMAL
DASS SEST71416639530216MM1602005320260806-1,OK,DASS SEST,7,141663,1416741,95302,FITA M31119 C/ GOMA POLIESTER COR 102 / COR 5508 / COR 5508 [5ae5c034-2024-46ca-98c2-7e93569c54a2],16MM,16020053,10,0,06/08/2026,26/10/2026,66,21/08/2026,901901,,5ae5c034-2024-46ca-98c2-7e93569c54a2,FILA,136294,1,NORMAL
DASS SEST71409848262515MM1595352220260720-1,OK,DASS SEST,7,140984,1194659,82625,FITA MR100001 C/ GOMA RECICLADO COR 4593/PET [b4e37058-d3c6-4857-bbfa-71070b10154f],15MM,15953522,760,0,20/07/2026,03/11/2026,74,21/08/2026,901902,,b4e37058-d3c6-4857-bbfa-71070b10154f,NIKE,135671,1,