ID_UNICO,CARTELA,CLIENTE,PEDIDO,CÓD. CLIENTE,CÓD. MARFIM,DESCRIÇÃO,TAMANHO,ORD. COMPRA,QTD. ABERTA,CÓD. OS,DATA RECEB.,DT. ENTREGA,PRAZO,Status,MARCAR_FATURAR,DATA_STATUS,POSICAO_FONTE,CODIGO_FIXO,INFO_X,LOTE,MARCAR_FATURAR_USUARIO,LOTE_EMISSAO,PERFIL_EMISSAO
DASS SEST713854075595110CM1570702915692981BR31461720260514-1,OK,DASS SEST,138540,1175396,75595,ATAC. M13725 6MM POLIESTER COR 100 [5331a300-4ebe-4862-b526-f8e229b839fb],110CM,15707029,120,15692981BR314617,14/05/2026,11/06/2026,0,Ativo,,,900000,5331a300-4ebe-4862-b526-f8e229b839fb,FILA,133344,,,
DASS SEST713854075595120CM1570702915692979BR31458820260514-1,OK,DASS SEST,138540,1175396,75595,ATAC. M13725 6MM POLIESTER COR 100 [3320438b-61ab-4966-b431-b5d1e6abca2b],120CM,15707029,288,15692979BR314588,14/05/2026,11/06/2026,0,Ativo,,,900001,3320438b-61ab-4966-b431-b5d1e6abca2b,FILA,133344,,,
DASS SEST713854075595130CM1570702915692979BR31458820260514-1,OK,DASS SEST,138540,1175396,75595,ATAC. M13725 6MM POLIESTER COR 100 [94f4d740-bd8a-412b-b4da-de38ad634512],130CM,15707029,432,15692979BR314588,14/05/2026,11/06/2026,0,Ativo,,,900002,94f4d740-bd8a-412b-b4da-de38ad634512,FILA,133344,,,
DASS SEST71389528287860CM1575086915742494BR31465020260526-1,OK,DASS SEST,138952,1219123,82878,ELAST. M21180 2.5MM POLIESTER COR 020 / COR 100 [351da29f-2d6c-4b18-b639-e5326533df0c],60CM,15750869,22,15742494BR314650,26/05/2026,11/06/2026,0,Ativo,,,900003,351da29f-2d6c-4b18-b639-e5326533df0c,FILA,133688,,,
DASS SEST71389528287870CM1575086915742492BR31464620260526-1,OK,DASS SEST,138952,1219123,82878,ELAST. M21180 2.5MM POLIESTER COR 020 / COR 100 [61120ec7-9840-4040-be54-e7d1842db8ad],70CM,15750869,110,15742492BR314646,26/05/2026,11/06/2026,0,Ativo,,,900004,61120ec7-9840-4040-be54-e7d1842db8ad,FILA,133688,,,
DASS SEST71389529038070CM1575086915742491BR31464920260526-1,OK,DASS SEST,138952,1354392,90380,ELAST. M21180 POLIESTER COR 102 / COR 5535 [ebd3226e-2b0a-4823-a197-a1cb8228d18a],70CM,15750869,75,15742491BR314649,26/05/2026,11/06/2026,0,Ativo,,,900005,ebd3226e-2b0a-4823-a197-a1cb8228d18a,FILA,133688,,,
DASS SEST71389529038080CM1575086915742490BR31464520260526-1,OK,DASS SEST,138952,1354392,90380,ELAST. M21180 POLIESTER COR 102 / COR 5535 [11e01f0d-3cb5-41d2-b7e5-356effe62536],80CM,15750869,255,15742490BR314645,26/05/2026,11/06/2026,0,Ativo,,,900006,11e01f0d-3cb5-41d2-b7e5-356effe62536,FILA,133688,,,
DASS SEST71389539038060CM1575086915742491BR31464920260526-1,OK,DASS SEST,138953,1354392,90380,ELAST. M21180 POLIESTER COR 102 / COR 5535 [ca1caeed-0aaa-4568-b990-a1e3f1a1f4d0],60CM,15750869,88,15742491BR314649,26/05/2026,11/06/2026,0,Ativo,,,900007,ca1caeed-0aaa-4568-b990-a1e3f1a1f4d0,FILA,133689,,,
DASS ITABERABA701375318752012MM1557048420260416-1,OK,DASS ITABERABA,137531,1314368,87520,FITA MFGP C/ GOMA POLIESTER COR 324 [70b87767-a144-4848-a868-0e4813626470],12MM,15570484,0,0,16/04/2026,11/06/2026,0,Ativo,,,900008,70b87767-a144-4848-a868-0e4813626470,FILA,132353,,,
DASS ITABERABA701376779509315MM1559178620260422-1,OK,DASS ITABERABA,137677,1401457,95093,FITA MFGP C/ GOMA POLIESTER COR 6038 / COR 4039 / COR 6038 [1ef30373-d681-4ab8-9881-b7352f41da4c],15MM,15591786,210,0,22/04/2026,11/06/2026,0,Ativo,,,900009,1ef30373-d681-4ab8-9881-b7352f41da4c,FILA,132508,,,
DASS ITABERABA701383597352215MM1567742020260509-1,OK,DASS ITABERABA,138359,902057,73522,FITA MFGP C/ GOMA POLIESTER COR 057 [650e0eed-196a-438f-a47f-bf23edb3d691],15MM,15677420,70,0,09/05/2026,11/06/2026,0,Ativo,,,900010,650e0eed-196a-438f-a47f-bf23edb3d691,FILA,133145,,,
DASS ITABERABA7013837176014115CM1567933715669161NET00007420260509-1,OK,DASS ITABERABA,138371,1175750,76014,ATAC. M13723 6MM POLIESTER COR 057 [c2cba86d-b3d2-4b6e-b1ad-ca295908d8c2],115CM,15679337,84,15669161NET000074,09/05/2026,11/06/2026,0,Ativo,,,900011,c2cba86d-b3d2-4b6e-b1ad-ca295908d8c2,FILA,133153,,,
DASS ITABERABA701393498317815MM1578397780038720260603-1,OK,DASS ITABERABA,139349,1356642,83178,FITA MFGP C/ GOMA POLIESTER COR 5293 [6bdfacab-3203-4f30-9acc-18551a6d9c75],15MM,15783977,260,800387,03/06/2026,11/06/2026,0,Ativo,,,900012,6bdfacab-3203-4f30-9acc-18551a6d9c75,FILA,133975,,,
DASS ITABERABA701394689174390CM1580294780488120260609-1,OK,DASS ITABERABA,139468,1355752,91743,ATAC. M13725 6MM POLIESTER COR 931 [6511bfaf-3a3d-4c16-8498-63291b673bbb],90CM,15802947,36,804881,09/06/2026,12/06/2026,1,Ativo,,,900013,6511bfaf-3a3d-4c16-8498-63291b673bbb,FILA,134207,,,
DASS SEST71361087400710MM1540385620260309-1,OK,DASS SEST,136108,1200469,74007,FITA M32164 C/ GOMA POLIESTER COR 4085 [5a1b5773-9f35-42b2-ad10-2793ba87526f],10MM,15403856,0,0,09/03/2026,15/06/2026,4,Ativo,,,900014,5a1b5773-9f35-42b2-ad10-2793ba87526f,NIKE,130925,,,
DASS SEST71365098262418MM1545043420260319-1,OK,DASS SEST,136509,1220520,82624,FITA MR100037 C/ GOMA RECICLADO COR 100/PET [ea6a1d62-498d-4025-a7e3-d06bc548bfcf],18MM,15450434,330,0,19/03/2026,15/06/2026,4,Ativo,,,900015,ea6a1d62-498d-4025-a7e3-d06bc548bfcf,NIKE,131327,,,
DASS SEST71365099471610MM1545043420260319-1,OK,DASS SEST,136509,1405797,94716,FITA M32164 C/ GOMA POLIESTER COR 4203 [524f9996-1f51-4c99-8570-4d6abdc276cc],10MM,15450434,90,0,19/03/2026,15/06/2026,4,Ativo,,,900016,524f9996-1f51-4c99-8570-4d6abdc276cc,NIKE,131327,,,
DASS SEST71365097423715MM1545043420260319-1,OK,DASS SEST,136509,1181716,74237,FITA MR100001 C/ GOMA RECICLADO COR 4085/PET [e26ff708-9196-413b-a5c1-c3f5d95dfd9d],15MM,15450434,500,0,19/03/2026,15/06/2026,4,Ativo,,,900017,e26ff708-9196-413b-a5c1-c3f5d95dfd9d,NIKE,131327,,,
DASS SEST71365099411815MM1545043420260319-1,OK,DASS SEST,136509,1408914,94118,FITA MR100001 C/ GOMA RECICLADO COR 5298/PET [9f4440bd-08dd-41b2-97f2-50958e1b6335],15MM,15450434,320,0,19/03/2026,15/06/2026,4,Ativo,,,900018,9f4440bd-08dd-41b2-97f2-50958e1b6335,NIKE,131327,,,
DASS SEST713687188808105CM1549518115492142NBR33392-A20260331-1,OK,DASS SEST,136871,1332602,88808,ATAC. M12176 5MM POLIESTER COR 4085 [6687f5fb-823a-4c1e-8405-64b4061add13],105CM,15495181,42,15492142NBR33392-A,31/03/2026,15/06/2026,4,Ativo,,,900019,6687f5fb-823a-4c1e-8405-64b4061add13,NIKE,131703,,,
DASS SEST713687188808105CM1549518115492144NBR33392-B20260331-1,OK,DASS SEST,136871,1332602,88808,ATAC. M12176 5MM POLIESTER COR 4085 [74e3de0a-b5ea-479a-a851-f66fd9e9a568],105CM,15495181,24,15492144NBR33392-B,31/03/2026,15/06/2026,4,Ativo,,,900020,74e3de0a-b5ea-479a-a851-f66fd9e9a568,NIKE,131703,,,
DASS SEST713687188808110CM1549518115492142NBR33392-A20260331-1,OK,DASS SEST,136871,1332602,88808,ATAC. M12176 5MM POLIESTER COR 4085 [88e6b551-332d-445c-8775-9fcb7f885a05],110CM,15495181,584,15492142NBR33392-A,31/03/2026,15/06/2026,4,Ativo,,,900021,88e6b551-332d-445c-8775-9fcb7f885a05,NIKE,131703,,,
DASS SEST713687188808110CM1549518115492144NBR33392-B20260331-1,OK,DASS SEST,136871,1332602,88808,ATAC. M12176 5MM POLIESTER COR 4085 [b91985fe-2671-4205-91ae-8868a41d5889],110CM,15495181,588,15492144NBR33392-B,31/03/2026,15/06/2026,4,Ativo,,,900022,b91985fe-2671-4205-91ae-8868a41d5889,NIKE,131703,,,
DASS SEST713687188808115CM1549518115492142NBR33392-A20260331-1,OK,DASS SEST,136871,1332602,88808,ATAC. M12176 5MM POLIESTER COR 4085 [e4e689cb-08fb-456e-8dc2-8f6fa885d261],115CM,15495181,120,15492142NBR33392-A,31/03/2026,15/06/2026,4,Ativo,,,900023,e4e689cb-08fb-456e-8dc2-8f6fa885d261,NIKE,131703,,,
DASS SEST713687188808115CM1549518115492144NBR33392-B20260331-1,OK,DASS SEST,136871,1332602,88808,ATAC. M12176 5MM POLIESTER COR 4085 [3e0c23c3-9164-445d-9357-73b231ce3d62],115CM,15495181,132,15492144NBR33392-B,31/03/2026,15/06/2026,4,Ativo,,,900024,3e0c23c3-9164-445d-9357-73b231ce3d62,NIKE,131703,,,
DASS SEST71372687400710MM1554316620260410-1,OK,DASS SEST,137268,1200469,74007,FITA M32164 C/ GOMA POLIESTER COR 4085 [b4fc3af2-aca6-47ad-80ad-10512af8c6c9],10MM,15543166,340,0,10/04/2026,15/06/2026,4,Ativo,,,900025,b4fc3af2-aca6-47ad-80ad-10512af8c6c9,NIKE,132078,,,
DASS SEST713728292431110CM1554196215536258NBR328265920260410-1,OK,DASS SEST,137282,1362000,92431,ATAC. MR110022 7MM RECICLADO COR 4662/PET / COR 4758/PET [4e800c08-efc5-4bf5-af91-3da06d5b6b02],110CM,15541962,638,15536258NBR3282659,10/04/2026,15/06/2026,4,Ativo,,,900026,4e800c08-efc5-4bf5-af91-3da06d5b6b02,NIKE,132088,,,
DASS SEST713728292431110CM1554196215536259NBR328265920260410-1,OK,DASS SEST,137282,1362000,92431,ATAC. MR110022 7MM RECICLADO COR 4662/PET / COR 4758/PET [b911a6e8-3647-4428-9443-d02e40aef685],110CM,15541962,726,15536259NBR3282659,10/04/2026,15/06/2026,4,Ativo,,,900027,b911a6e8-3647-4428-9443-d02e40aef685,NIKE,132088,,,
DASS SEST713728292431115CM1554196215536258NBR328265920260410-1,OK,DASS SEST,137282,1362000,92431,ATAC. MR110022 7MM RECICLADO COR 4662/PET / COR 4758/PET [e80a0445-215d-40eb-bef8-39804257215e],115CM,15541962,30,15536258NBR3282659,10/04/2026,15/06/2026,4,Ativo,,,900028,e80a0445-215d-40eb-bef8-39804257215e,NIKE,132088,,,
DASS SEST713728292431115CM1554196215536259NBR328265920260410-1,OK,DASS SEST,137282,1362000,92431,ATAC. MR110022 7MM RECICLADO COR 4662/PET / COR 4758/PET [01612977-70d9-4d61-92b4-916a47ffe9d2],115CM,15541962,24,15536259NBR3282659,10/04/2026,15/06/2026,4,Ativo,,,900029,01612977-70d9-4d61-92b4-916a47ffe9d2,NIKE,132088,,,
DASS SEST713728295027110CM1554196215536240NBR328265220260410-1,OK,DASS SEST,137282,1408855,95027,ATAC. MR110022 7MM RECICLADO COR 4085/PET / COR 596/PET [464f63e7-ad24-4883-bffd-0968bb73a46c],110CM,15541962,168,15536240NBR3282652,10/04/2026,15/06/2026,4,Ativo,,,900030,464f63e7-ad24-4883-bffd-0968bb73a46c,NIKE,132088,,,
DASS SEST713728295027110CM1554196215536241NBR328265220260410-1,OK,DASS SEST,137282,1408855,95027,ATAC. MR110022 7MM RECICLADO COR 4085/PET / COR 596/PET [71aaa6ff-f8f5-425b-a0eb-18da3aea2230],110CM,15541962,180,15536241NBR3282652,10/04/2026,15/06/2026,4,Ativo,,,900031,71aaa6ff-f8f5-425b-a0eb-18da3aea2230,NIKE,132088,,,
DASS SEST713728295027110CM1554196215536242NBR328265420260410-1,OK,DASS SEST,137282,1408855,95027,ATAC. MR110022 7MM RECICLADO COR 4085/PET / COR 596/PET [fe7a6395-0d22-4e34-9003-4453a12daeae],110CM,15541962,168,15536242NBR3282654,10/04/2026,15/06/2026,4,Ativo,,,900032,fe7a6395-0d22-4e34-9003-4453a12daeae,NIKE,132088,,,
DASS SEST713728295027110CM1554196215536243NBR328265420260410-1,OK,DASS SEST,137282,1408855,95027,ATAC. MR110022 7MM RECICLADO COR 4085/PET / COR 596/PET [39d59352-de8c-404a-982a-2968e0c6e9cb],110CM,15541962,180,15536243NBR3282654,10/04/2026,15/06/2026,4,Ativo,,,900033,39d59352-de8c-404a-982a-2968e0c6e9cb,NIKE,132088,,,
DASS SEST713728295027110CM1554196215536244NBR328265520260410-1,OK,DASS SEST,137282,1408855,95027,ATAC. MR110022 7MM RECICLADO COR 4085/PET / COR 596/PET [f90d27e7-bdf7-4986-9b33-76f7176cbd0a],110CM,15541962,168,15536244NBR3282655,10/04/2026,15/06/2026,4,Ativo,,,900034,f90d27e7-bdf7-4986-9b33-76f7176cbd0a,NIKE,132088,,,
DASS SEST713728295027110CM1554196215536245NBR328265520260410-1,OK,DASS SEST,137282,1408855,95027,ATAC. MR110022 7MM RECICLADO COR 4085/PET / COR 596/PET [fc2cde80-960e-4fa6-a4b9-63b4d639d8f2],110CM,15541962,180,15536245NBR3282655,10/04/2026,15/06/2026,4,Ativo,,,900035,fc2cde80-960e-4fa6-a4b9-63b4d639d8f2,NIKE,132088,,,
DASS SEST713728295027110CM1554196215536246NBR328265620260410-1,OK,DASS SEST,137282,1408855,95027,ATAC. MR110022 7MM RECICLADO COR 4085/PET / COR 596/PET [345f4d82-85ea-4e75-bdaf-87f7d430d970],110CM,15541962,168,15536246NBR3282656,10/04/2026,15/06/2026,4,Ativo,,,900036,345f4d82-85ea-4e75-bdaf-87f7d430d970,NIKE,132088,,,
DASS SEST713728295027110CM1554196215536247NBR328265620260410-1,OK,DASS SEST,137282,1408855,95027,ATAC. MR110022 7MM RECICLADO COR 4085/PET / COR 596/PET [dfbd141a-cba4-468a-a644-19c2de3a4dfa],110CM,15541962,180,15536247NBR3282656,10/04/2026,15/06/2026,4,Ativo,,,900037,dfbd141a-cba4-468a-a644-19c2de3a4dfa,NIKE,132088,,,
DASS SEST713728295027115CM1554196215536240NBR328265220260410-1,OK,DASS SEST,137282,1408855,95027,ATAC. MR110022 7MM RECICLADO COR 4085/PET / COR 596/PET [708228d6-f8ea-45ff-96af-1b8c349d9995],115CM,15541962,789,15536240NBR3282652,10/04/2026,15/06/2026,4,Ativo,,,900038,708228d6-f8ea-45ff-96af-1b8c349d9995,NIKE,132088,,,
DASS SEST713728295027115CM1554196215536241NBR328265220260410-1,OK,DASS SEST,137282,1408855,95027,ATAC. MR110022 7MM RECICLADO COR 4085/PET / COR 596/PET [6b893af6-6475-4fbb-a820-af4fc76477be],115CM,15541962,768,15536241NBR3282652,10/04/2026,15/06/2026,4,Ativo,,,900039,6b893af6-6475-4fbb-a820-af4fc76477be,NIKE,132088,,,
DASS SEST713728295027115CM1554196215536242NBR328265420260410-1,OK,DASS SEST,137282,1408855,95027,ATAC. MR110022 7MM RECICLADO COR 4085/PET / COR 596/PET [3877faea-2423-43b5-8165-c0705f1bf749],115CM,15541962,789,15536242NBR3282654,10/04/2026,15/06/2026,4,Ativo,,,900040,3877faea-2423-43b5-8165-c0705f1bf749,NIKE,132088,,,
DASS SEST713728295027115CM1554196215536243NBR328265420260410-1,OK,DASS SEST,137282,1408855,95027,ATAC. MR110022 7MM RECICLADO COR 4085/PET / COR 596/PET [375c46c6-f94f-43f8-88af-4a29f321cff1],115CM,15541962,780,15536243NBR3282654,10/04/2026,15/06/2026,4,Ativo,,,900041,375c46c6-f94f-43f8-88af-4a29f321cff1,NIKE,132088,,,
DASS SEST713728295027115CM1554196215536244NBR328265520260410-1,OK,DASS SEST,137282,1408855,95027,ATAC. MR110022 7MM RECICLADO COR 4085/PET / COR 596/PET [e8d96dca-3fe5-4ad2-b556-4f5f731efefb],115CM,15541962,789,15536244NBR3282655,10/04/2026,15/06/2026,4,Ativo,,,900042,e8d96dca-3fe5-4ad2-b556-4f5f731efefb,NIKE,132088,,,
DASS SEST713728295027115CM1554196215536245NBR328265520260410-1,OK,DASS SEST,137282,1408855,95027,ATAC. MR110022 7MM RECICLADO COR 4085/PET / COR 596/PET [3072898a-f8ca-4dfb-866b-2c3db327cc77],115CM,15541962,780,15536245NBR3282655,10/04/2026,15/06/2026,4,Ativo,,,900043,3072898a-f8ca-4dfb-866b-2c3db327cc77,NIKE,132088,,,
DASS SEST713728295027115CM1554196215536246NBR328265620260410-1,OK,DASS SEST,137282,1408855,95027,ATAC. MR110022 7MM RECICLADO COR 4085/PET / COR 596/PET [6f78d071-3243-4e9d-9de8-33910411edcb],115CM,15541962,783,15536246NBR3282656,10/04/2026,15/06/2026,4,Ativo,,,900044,6f78d071-3243-4e9d-9de8-33910411edcb,NIKE,132088,,,
DASS SEST713728295027115CM1554196215536247NBR328265620260410-1,OK,DASS SEST,137282,1408855,95027,ATAC. MR110022 7MM RECICLADO COR 4085/PET / COR 596/PET [91de0a0f-5054-49c9-840f-7f7a47ccf540],115CM,15541962,780,15536247NBR3282656,10/04/2026,15/06/2026,4,Ativo,,,900045,91de0a0f-5054-49c9-840f-7f7a47ccf540,NIKE,132088,,,
DASS SEST713728295027120CM1554196215536240NBR328265220260410-1,OK,DASS SEST,137282,1408855,95027,ATAC. MR110022 7MM RECICLADO COR 4085/PET / COR 596/PET [58ada6f0-ccc0-4fd6-8ea7-6fef22deb874],120CM,15541962,240,15536240NBR3282652,10/04/2026,15/06/2026,4,Ativo,,,900046,58ada6f0-ccc0-4fd6-8ea7-6fef22deb874,NIKE,132088,,,
DASS SEST713728295027120CM1554196215536241NBR328265220260410-1,OK,DASS SEST,137282,1408855,95027,ATAC. MR110022 7MM RECICLADO COR 4085/PET / COR 596/PET [987a91ea-dd30-44ec-8cc3-f03df8fe032e],120CM,15541962,270,15536241NBR3282652,10/04/2026,15/06/2026,4,Ativo,,,900047,987a91ea-dd30-44ec-8cc3-f03df8fe032e,NIKE,132088,,,
DASS SEST713728295027120CM1554196215536242NBR328265420260410-1,OK,DASS SEST,137282,1408855,95027,ATAC. MR110022 7MM RECICLADO COR 4085/PET / COR 596/PET [6d21c458-932e-4ccb-8a4f-05cb99f44b45],120CM,15541962,216,15536242NBR3282654,10/04/2026,15/06/2026,4,Ativo,,,900048,6d21c458-932e-4ccb-8a4f-05cb99f44b45,NIKE,132088,,,
DASS SEST713728295027120CM1554196215536243NBR328265420260410-1,OK,DASS SEST,137282,1408855,95027,ATAC. MR110022 7MM RECICLADO COR 4085/PET / COR 596/PET [369eb8e4-9222-42ef-bba3-09e57e9148b2],120CM,15541962,222,15536243NBR3282654,10/04/2026,15/06/2026,4,Ativo,,,900049,369eb8e4-9222-42ef-bba3-09e57e9148b2,NIKE,132088,,,
DASS SEST713728295027120CM1554196215536244NBR328265520260410-1,OK,DASS SEST,137282,1408855,95027,ATAC. MR110022 7MM RECICLADO COR 4085/PET / COR 596/PET [1d307670-481e-4ec4-80db-15fd25ee8c5d],120CM,15541962,216,15536244NBR3282655,10/04/2026,15/06/2026,4,Ativo,,,900050,1d307670-481e-4ec4-80db-15fd25ee8c5d,NIKE,132088,,,
DASS SEST713728295027120CM1554196215536245NBR328265520260410-1,OK,DASS SEST,137282,1408855,95027,ATAC. MR110022 7MM RECICLADO COR 4085/PET / COR 596/PET [79d9b52d-c36b-4d68-b7c3-145e8882d5cb],120CM,15541962,222,15536245NBR3282655,10/04/2026,15/06/2026,4,Ativo,,,900051,79d9b52d-c36b-4d68-b7c3-145e8882d5cb,NIKE,132088,,,
DASS SEST713728295027120CM1554196215536246NBR328265620260410-1,OK,DASS SEST,137282,1408855,95027,ATAC. MR110022 7MM RECICLADO COR 4085/PET / COR 596/PET [cf5f9dfb-eaed-44db-a3ca-06bb0f950788],120CM,15541962,216,15536246NBR3282656,10/04/2026,15/06/2026,4,Ativo,,,900052,cf5f9dfb-eaed-44db-a3ca-06bb0f950788,NIKE,132088,,,
DASS SEST713728295027120CM1554196215536247NBR328265620260410-1,OK,DASS SEST,137282,1408855,95027,ATAC. MR110022 7MM RECICLADO COR 4085/PET / COR 596/PET [918f1e79-2b4e-4bec-b6a0-593370c6456b],120CM,15541962,222,15536247NBR3282656,10/04/2026,15/06/2026,4,Ativo,,,900053,918f1e79-2b4e-4bec-b6a0-593370c6456b,NIKE,132088,,,
DASS SEST713728286978110CM1554196215537903NBR328258020260410-1,OK,DASS SEST,137282,1299257,86978,ATAC. MR130027 6MM RECICLADO COR 4085/PET [054f6cb6-1abc-410a-91fa-8970d90cc071],110CM,15541962,186,15537903NBR3282580,10/04/2026,15/06/2026,4,Ativo,,,900054,054f6cb6-1abc-410a-91fa-8970d90cc071,NIKE,132088,,,
DASS SEST713728286978110CM1554196215537906NBR328258020260410-1,OK,DASS SEST,137282,1299257,86978,ATAC. MR130027 6MM RECICLADO COR 4085/PET [24c3c3b4-3a0d-489b-bf0a-980f867ccd88],110CM,15541962,180,15537906NBR3282580,10/04/2026,15/06/2026,4,Ativo,,,900055,24c3c3b4-3a0d-489b-bf0a-980f867ccd88,NIKE,132088,,,
DASS SEST713728286978110CM1554196215537922NBR328258220260410-1,OK,DASS SEST,137282,1299257,86978,ATAC. MR130027 6MM RECICLADO COR 4085/PET [53f5b34f-eb5a-4ae5-ab21-108d0be562ce],110CM,15541962,180,15537922NBR3282582,10/04/2026,15/06/2026,4,Ativo,,,900056,53f5b34f-eb5a-4ae5-ab21-108d0be562ce,NIKE,132088,,,
DASS SEST713728286978110CM1554196215537923NBR328258220260410-1,OK,DASS SEST,137282,1299257,86978,ATAC. MR130027 6MM RECICLADO COR 4085/PET [efd06dc8-cc20-45f5-b940-0714e6a1f363],110CM,15541962,228,15537923NBR3282582,10/04/2026,15/06/2026,4,Ativo,,,900057,efd06dc8-cc20-45f5-b940-0714e6a1f363,NIKE,132088,,,
DASS SEST713728286978115CM1554196215537903NBR328258020260410-1,OK,DASS SEST,137282,1299257,86978,ATAC. MR130027 6MM RECICLADO COR 4085/PET [02ca3268-aad8-4d25-9907-887474c42db9],115CM,15541962,591,15537903NBR3282580,10/04/2026,15/06/2026,4,Ativo,,,900058,02ca3268-aad8-4d25-9907-887474c42db9,NIKE,132088,,,
DASS SEST713728286978115CM1554196215537906NBR328258020260410-1,OK,DASS SEST,137282,1299257,86978,ATAC. MR130027 6MM RECICLADO COR 4085/PET [2b09a09e-7b54-4148-9f14-e4f5135b8583],115CM,15541962,606,15537906NBR3282580,10/04/2026,15/06/2026,4,Ativo,,,900059,2b09a09e-7b54-4148-9f14-e4f5135b8583,NIKE,132088,,,
DASS SEST713728286978115CM1554196215537922NBR328258220260410-1,OK,DASS SEST,137282,1299257,86978,ATAC. MR130027 6MM RECICLADO COR 4085/PET [5c209f2d-6ec0-4e85-87f3-8436948fbf48],115CM,15541962,542,15537922NBR3282582,10/04/2026,15/06/2026,4,Ativo,,,900060,5c209f2d-6ec0-4e85-87f3-8436948fbf48,NIKE,132088,,,
DASS SEST713728286978115CM1554196215537923NBR328258220260410-1,OK,DASS SEST,137282,1299257,86978,ATAC. MR130027 6MM RECICLADO COR 4085/PET [2ddc00f9-d2a1-4675-b890-81154070e738],115CM,15541962,558,15537923NBR3282582,10/04/2026,15/06/2026,4,Ativo,,,900061,2ddc00f9-d2a1-4675-b890-81154070e738,NIKE,132088,,,
DASS SEST713728286978120CM1554196215537903NBR328258020260410-1,OK,DASS SEST,137282,1299257,86978,ATAC. MR130027 6MM RECICLADO COR 4085/PET [70971db7-9833-467a-878c-f29ab8ea8409],120CM,15541962,216,15537903NBR3282580,10/04/2026,15/06/2026,4,Ativo,,,900062,70971db7-9833-467a-878c-f29ab8ea8409,NIKE,132088,,,
DASS SEST713728286978120CM1554196215537906NBR328258020260410-1,OK,DASS SEST,137282,1299257,86978,ATAC. MR130027 6MM RECICLADO COR 4085/PET [f4972e02-5b50-4c35-9393-5bea4c880b3a],120CM,15541962,240,15537906NBR3282580,10/04/2026,15/06/2026,4,Ativo,,,900063,f4972e02-5b50-4c35-9393-5bea4c880b3a,NIKE,132088,,,
DASS SEST713728286978120CM1554196215537922NBR328258220260410-1,OK,DASS SEST,137282,1299257,86978,ATAC. MR130027 6MM RECICLADO COR 4085/PET [41cdc83a-ad49-4041-a9b5-96cebb79f766],120CM,15541962,132,15537922NBR3282582,10/04/2026,15/06/2026,4,Ativo,,,900064,41cdc83a-ad49-4041-a9b5-96cebb79f766,NIKE,132088,,,
DASS SEST713728286978120CM1554196215537923NBR328258220260410-1,OK,DASS SEST,137282,1299257,86978,ATAC. MR130027 6MM RECICLADO COR 4085/PET [381e05bd-4af1-4fed-918e-43c1fe4e7bd1],120CM,15541962,150,15537923NBR3282582,10/04/2026,15/06/2026,4,Ativo,,,900065,381e05bd-4af1-4fed-918e-43c1fe4e7bd1,NIKE,132088,,,
DASS SEST71372828859395CM1554196215538749NBR3343720260410-1,OK,DASS SEST,137282,1324964,88593,ATAC. MR130027 6MM RECICLADO COR 5641 [0265516d-4186-47f3-824f-07878b0f54ca],95CM,15541962,432,15538749NBR33437,10/04/2026,15/06/2026,4,Ativo,,,900066,0265516d-4186-47f3-824f-07878b0f54ca,NIKE,132088,,,
DASS SEST713728288593100CM1554196215538749NBR3343720260410-1,OK,DASS SEST,137282,1324964,88593,ATAC. MR130027 6MM RECICLADO COR 5641 [811951a3-afb4-475e-9812-72cd486f5191],100CM,15541962,554,15538749NBR33437,10/04/2026,15/06/2026,4,Ativo,,,900067,811951a3-afb4-475e-9812-72cd486f5191,NIKE,132088,,,
DASS SEST713728288593105CM1554196215538749NBR3343720260410-1,OK,DASS SEST,137282,1324964,88593,ATAC. MR130027 6MM RECICLADO COR 5641 [b3922dd3-b752-4098-a106-02c6c0e25c88],105CM,15541962,66,15538749NBR33437,10/04/2026,15/06/2026,4,Ativo,,,900068,b3922dd3-b752-4098-a106-02c6c0e25c88,NIKE,132088,,,
DASS SEST713728295028100CM1554196215538740NBR328254320260410-1,OK,DASS SEST,137282,1410668,95028,ATAC. MR130027 6MM RECICLADO COR 5422/PET [41523db5-8bc5-46cf-8674-1a773847d87a],100CM,15541962,168,15538740NBR3282543,10/04/2026,15/06/2026,4,Ativo,,,900069,41523db5-8bc5-46cf-8674-1a773847d87a,NIKE,132088,,,
DASS SEST713728295028100CM1554196215538741NBR328254320260410-1,OK,DASS SEST,137282,1410668,95028,ATAC. MR130027 6MM RECICLADO COR 5422/PET [0019c328-7c47-4f88-82ee-589a0aa546e4],100CM,15541962,216,15538741NBR3282543,10/04/2026,15/06/2026,4,Ativo,,,900070,0019c328-7c47-4f88-82ee-589a0aa546e4,NIKE,132088,,,
DASS SEST713728295028105CM1554196215538740NBR328254320260410-1,OK,DASS SEST,137282,1410668,95028,ATAC. MR130027 6MM RECICLADO COR 5422/PET [02dd8dff-33a1-4f5c-9734-ea0600a526c4],105CM,15541962,578,15538740NBR3282543,10/04/2026,15/06/2026,4,Ativo,,,900071,02dd8dff-33a1-4f5c-9734-ea0600a526c4,NIKE,132088,,,
DASS SEST713728295028105CM1554196215538741NBR328254320260410-1,OK,DASS SEST,137282,1410668,95028,ATAC. MR130027 6MM RECICLADO COR 5422/PET [3b028968-51ba-414f-bec8-879a0ca91dde],105CM,15541962,594,15538741NBR3282543,10/04/2026,15/06/2026,4,Ativo,,,900072,3b028968-51ba-414f-bec8-879a0ca91dde,NIKE,132088,,,
DASS SEST713728295028110CM1554196215538740NBR328254320260410-1,OK,DASS SEST,137282,1410668,95028,ATAC. MR130027 6MM RECICLADO COR 5422/PET [3106fc93-1466-491d-8012-f23d081650c7],110CM,15541962,156,15538740NBR3282543,10/04/2026,15/06/2026,4,Ativo,,,900073,3106fc93-1466-491d-8012-f23d081650c7,NIKE,132088,,,
DASS SEST713728295028110CM1554196215538741NBR328254320260410-1,OK,DASS SEST,137282,1410668,95028,ATAC. MR130027 6MM RECICLADO COR 5422/PET [0f4164a2-18a0-4243-8aee-b7fce40691b4],110CM,15541962,186,15538741NBR3282543,10/04/2026,15/06/2026,4,Ativo,,,900074,0f4164a2-18a0-4243-8aee-b7fce40691b4,NIKE,132088,,,
DASS SEST713728295029105CM1554196215537957NBR3345320260410-1,OK,DASS SEST,137282,1409832,95029,ATAC. MR130027 6MM RECICLADO COR 6070/PET [5796edc0-a148-4478-bf43-8351b70ff8c2],105CM,15541962,474,15537957NBR33453,10/04/2026,15/06/2026,4,Ativo,,,900075,5796edc0-a148-4478-bf43-8351b70ff8c2,NIKE,132088,,,
DASS SEST713728295029110CM1554196215537957NBR3345320260410-1,OK,DASS SEST,137282,1409832,95029,ATAC. MR130027 6MM RECICLADO COR 6070/PET [a2904adf-e533-436a-a80b-e134092f1a98],110CM,15541962,548,15537957NBR33453,10/04/2026,15/06/2026,4,Ativo,,,900076,a2904adf-e533-436a-a80b-e134092f1a98,NIKE,132088,,,
DASS SEST713728295029115CM1554196215537957NBR3345320260410-1,OK,DASS SEST,137282,1409832,95029,ATAC. MR130027 6MM RECICLADO COR 6070/PET [7a73678b-7d73-4f54-9abf-2c235d843957],115CM,15541962,42,15537957NBR33453,10/04/2026,15/06/2026,4,Ativo,,,900077,7a73678b-7d73-4f54-9abf-2c235d843957,NIKE,132088,,,
DASS SEST713802588808105CM1563189015612248NBR3329220260429-1,OK,DASS SEST,138025,1332602,88808,ATAC. M12176 5MM POLIESTER COR 4085 [6946f217-54f8-43c6-b888-c7b5b9759ceb],105CM,15631890,228,15612248NBR33292,29/04/2026,15/06/2026,4,Ativo,,,900078,6946f217-54f8-43c6-b888-c7b5b9759ceb,NIKE,132851,,,
DASS SEST713802588808110CM1563189015612248NBR3329220260429-1,OK,DASS SEST,138025,1332602,88808,ATAC. M12176 5MM POLIESTER COR 4085 [509b3743-4d68-4802-b678-825d1c507741],110CM,15631890,644,15612248NBR33292,29/04/2026,15/06/2026,4,Ativo,,,900079,509b3743-4d68-4802-b678-825d1c507741,NIKE,132851,,,
DASS SEST713802588808115CM1563189015612248NBR3329220260429-1,OK,DASS SEST,138025,1332602,88808,ATAC. M12176 5MM POLIESTER COR 4085 [e49a8c87-bc15-4eb3-b273-a50e9e3452b4],115CM,15631890,198,15612248NBR33292,29/04/2026,15/06/2026,4,Ativo,,,900080,e49a8c87-bc15-4eb3-b273-a50e9e3452b4,NIKE,132851,,,
DASS SEST71380257655590CM1563189015612223NBR328254420260429-1,OK,DASS SEST,138025,1070873,76555,ATAC. MR130011 5MM RECICLADO COR 4085 [4e37e1d7-bf40-46d9-8351-0819bcc87300],90CM,15631890,662,15612223NBR3282544,29/04/2026,15/06/2026,4,Ativo,,,900081,4e37e1d7-bf40-46d9-8351-0819bcc87300,NIKE,132851,,,
DASS SEST71380257655590CM1563189015612224NBR328254420260429-1,OK,DASS SEST,138025,1070873,76555,ATAC. MR130011 5MM RECICLADO COR 4085 [b1075fd1-e022-48b9-bca1-5184f6a4f2f5],90CM,15631890,696,15612224NBR3282544,29/04/2026,15/06/2026,4,Ativo,,,900082,b1075fd1-e022-48b9-bca1-5184f6a4f2f5,NIKE,132851,,,
DASS SEST71380257655595CM1563189015612223NBR328254420260429-1,OK,DASS SEST,138025,1070873,76555,ATAC. MR130011 5MM RECICLADO COR 4085 [ac9fe149-fcaf-4062-85ee-50293e49dd94],95CM,15631890,240,15612223NBR3282544,29/04/2026,15/06/2026,4,Ativo,,,900083,ac9fe149-fcaf-4062-85ee-50293e49dd94,NIKE,132851,,,
DASS SEST71380257655595CM1563189015612224NBR328254420260429-1,OK,DASS SEST,138025,1070873,76555,ATAC. MR130011 5MM RECICLADO COR 4085 [39fec90f-9c0b-4b30-9c8d-10444ea6dbb3],95CM,15631890,240,15612224NBR3282544,29/04/2026,15/06/2026,4,Ativo,,,900084,39fec90f-9c0b-4b30-9c8d-10444ea6dbb3,NIKE,132851,,,
DASS SEST713802576555105CM1563189015612249NBR33281-A20260429-1,OK,DASS SEST,138025,1070873,76555,ATAC. MR130011 5MM RECICLADO COR 4085 [ecc32cc7-71dd-4e9d-bbff-62a9313e8030],105CM,15631890,210,15612249NBR33281-A,29/04/2026,15/06/2026,4,Ativo,,,900085,ecc32cc7-71dd-4e9d-bbff-62a9313e8030,NIKE,132851,,,
DASS SEST713802576555105CM1563189015612250NBR33281-B20260429-1,OK,DASS SEST,138025,1070873,76555,ATAC. MR130011 5MM RECICLADO COR 4085 [ee158f42-e331-44cf-9a84-f64c53ed35c0],105CM,15631890,144,15612250NBR33281-B,29/04/2026,15/06/2026,4,Ativo,,,900086,ee158f42-e331-44cf-9a84-f64c53ed35c0,NIKE,132851,,,
DASS SEST713802576555105CM1563189015612251NBR33281-C20260429-1,OK,DASS SEST,138025,1070873,76555,ATAC. MR130011 5MM RECICLADO COR 4085 [ee556c18-5aea-401c-893e-271c30bcea7d],105CM,15631890,186,15612251NBR33281-C,29/04/2026,15/06/2026,4,Ativo,,,900087,ee556c18-5aea-401c-893e-271c30bcea7d,NIKE,132851,,,
DASS SEST713802576555110CM1563189015612249NBR33281-A20260429-1,OK,DASS SEST,138025,1070873,76555,ATAC. MR130011 5MM RECICLADO COR 4085 [354e56f2-517d-46d3-95cf-236e3162c519],110CM,15631890,543,15612249NBR33281-A,29/04/2026,15/06/2026,4,Ativo,,,900088,354e56f2-517d-46d3-95cf-236e3162c519,NIKE,132851,,,
DASS SEST713802576555110CM1563189015612250NBR33281-B20260429-1,OK,DASS SEST,138025,1070873,76555,ATAC. MR130011 5MM RECICLADO COR 4085 [d6c123db-0832-4f8f-86d3-10f4b2f19cb9],110CM,15631890,516,15612250NBR33281-B,29/04/2026,15/06/2026,4,Ativo,,,900089,d6c123db-0832-4f8f-86d3-10f4b2f19cb9,NIKE,132851,,,
DASS SEST713802576555110CM1563189015612251NBR33281-C20260429-1,OK,DASS SEST,138025,1070873,76555,ATAC. MR130011 5MM RECICLADO COR 4085 [d883a383-41b3-48d7-8cc5-e66f0b598752],110CM,15631890,534,15612251NBR33281-C,29/04/2026,15/06/2026,4,Ativo,,,900090,d883a383-41b3-48d7-8cc5-e66f0b598752,NIKE,132851,,,
DASS SEST713802576555115CM1563189015612249NBR33281-A20260429-1,OK,DASS SEST,138025,1070873,76555,ATAC. MR130011 5MM RECICLADO COR 4085 [b8b313d5-b1fe-4bdc-af77-2b2a10237896],115CM,15631890,192,15612249NBR33281-A,29/04/2026,15/06/2026,4,Ativo,,,900091,b8b313d5-b1fe-4bdc-af77-2b2a10237896,NIKE,132851,,,
DASS SEST713802576555115CM1563189015612250NBR33281-B20260429-1,OK,DASS SEST,138025,1070873,76555,ATAC. MR130011 5MM RECICLADO COR 4085 [a23c4a4b-6c5c-40dc-a6ef-06d4bb0a5831],115CM,15631890,192,15612250NBR33281-B,29/04/2026,15/06/2026,4,Ativo,,,900092,a23c4a4b-6c5c-40dc-a6ef-06d4bb0a5831,NIKE,132851,,,
DASS SEST713802576555115CM1563189015612251NBR33281-C20260429-1,OK,DASS SEST,138025,1070873,76555,ATAC. MR130011 5MM RECICLADO COR 4085 [e381093f-8b57-4f00-b3fd-c696e04db870],115CM,15631890,210,15612251NBR33281-C,29/04/2026,15/06/2026,4,Ativo,,,900093,e381093f-8b57-4f00-b3fd-c696e04db870,NIKE,132851,,,
DASS SEST713802582628100CM1563189015612242NBR328264820260429-1,OK,DASS SEST,138025,1188919,82628,ATAC. MR140014 6MM RECICLADO COR 4085/PET [727aa1f7-bc24-4254-b5e3-09952b242c7d],100CM,15631890,192,15612242NBR3282648,29/04/2026,15/06/2026,4,Ativo,,,900094,727aa1f7-bc24-4254-b5e3-09952b242c7d,NIKE,132851,,,
DASS SEST713802582628100CM1563189015612243NBR328264820260429-1,OK,DASS SEST,138025,1188919,82628,ATAC. MR140014 6MM RECICLADO COR 4085/PET [2267bc89-a278-4869-87f6-0e57233d5dcb],100CM,15631890,222,15612243NBR3282648,29/04/2026,15/06/2026,4,Ativo,,,900095,2267bc89-a278-4869-87f6-0e57233d5dcb,NIKE,132851,,,
DASS SEST713802582628105CM1563189015612233NBR328259420260429-1,OK,DASS SEST,138025,1188919,82628,ATAC. MR140014 6MM RECICLADO COR 4085/PET [ed8bad1f-b260-42e0-ada3-3db7ea61e061],105CM,15631890,228,15612233NBR3282594,29/04/2026,15/06/2026,4,Ativo,,,900096,ed8bad1f-b260-42e0-ada3-3db7ea61e061,NIKE,132851,,,
DASS SEST713802582628105CM1563189015612234NBR328259420260429-1,OK,DASS SEST,138025,1188919,82628,ATAC. MR140014 6MM RECICLADO COR 4085/PET [8632789a-13aa-44d1-9062-29d8d26f1d35],105CM,15631890,252,15612234NBR3282594,29/04/2026,15/06/2026,4,Ativo,,,900097,8632789a-13aa-44d1-9062-29d8d26f1d35,NIKE,132851,,,
DASS SEST713802582628105CM1563189015612237NBR328259720260429-1,OK,DASS SEST,138025,1188919,82628,ATAC. MR140014 6MM RECICLADO COR 4085/PET [786ed166-22ef-457d-9131-496f7509b3ed],105CM,15631890,168,15612237NBR3282597,29/04/2026,15/06/2026,4,Ativo,,,900098,786ed166-22ef-457d-9131-496f7509b3ed,NIKE,132851,,,
DASS SEST713802582628105CM1563189015612238NBR328259720260429-1,OK,DASS SEST,138025,1188919,82628,ATAC. MR140014 6MM RECICLADO COR 4085/PET [f2126e8e-6688-497e-a620-05283770f2cf],105CM,15631890,204,15612238NBR3282597,29/04/2026,15/06/2026,4,Ativo,,,900099,f2126e8e-6688-497e-a620-05283770f2cf,NIKE,132851,,,
DASS SEST713802582628105CM1563189015612239NBR328260720260429-1,OK,DASS SEST,138025,1188919,82628,ATAC. MR140014 6MM RECICLADO COR 4085/PET [748b2f20-0d7b-45c4-ac7f-53e91de76af8],105CM,15631890,180,15612239NBR3282607,29/04/2026,15/06/2026,4,Ativo,,,900100,748b2f20-0d7b-45c4-ac7f-53e91de76af8,NIKE,132851,,,
DASS SEST713802582628105CM1563189015612240NBR328260720260429-1,OK,DASS SEST,138025,1188919,82628,ATAC. MR140014 6MM RECICLADO COR 4085/PET [65fae1db-14de-4d82-af0f-885a1ed66b92],105CM,15631890,198,15612240NBR3282607,29/04/2026,15/06/2026,4,Ativo,,,900101,65fae1db-14de-4d82-af0f-885a1ed66b92,NIKE,132851,,,
DASS SEST713802582628105CM1563189015612253NBR328264620260429-1,OK,DASS SEST,138025,1188919,82628,ATAC. MR140014 6MM RECICLADO COR 4085/PET [62637d87-a03f-4a27-8da6-22f28a64ce90],105CM,15631890,336,15612253NBR3282646,29/04/2026,15/06/2026,4,Ativo,,,900102,62637d87-a03f-4a27-8da6-22f28a64ce90,NIKE,132851,,,
DASS SEST713802582628105CM1563189015612242NBR328264820260429-1,OK,DASS SEST,138025,1188919,82628,ATAC. MR140014 6MM RECICLADO COR 4085/PET [5c7c7d0f-82b4-4221-93e5-504b04e1237b],105CM,15631890,734,15612242NBR3282648,29/04/2026,15/06/2026,4,Ativo,,,900103,5c7c7d0f-82b4-4221-93e5-504b04e1237b,NIKE,132851,,,
DASS SEST713802582628105CM1563189015612243NBR328264820260429-1,OK,DASS SEST,138025,1188919,82628,ATAC. MR140014 6MM RECICLADO COR 4085/PET [6d148c4a-0a93-42f3-b46d-3ba3104d3d55],105CM,15631890,762,15612243NBR3282648,29/04/2026,15/06/2026,4,Ativo,,,900104,6d148c4a-0a93-42f3-b46d-3ba3104d3d55,NIKE,132851,,,
DASS SEST713802582628110CM1563189015612233NBR328259420260429-1,OK,DASS SEST,138025,1188919,82628,ATAC. MR140014 6MM RECICLADO COR 4085/PET [1d391691-615e-4a8a-acdc-91934f73bca0],110CM,15631890,548,15612233NBR3282594,29/04/2026,15/06/2026,4,Ativo,,,900105,1d391691-615e-4a8a-acdc-91934f73bca0,NIKE,132851,,,
DASS SEST713802582628110CM1563189015612234NBR328259420260429-1,OK,DASS SEST,138025,1188919,82628,ATAC. MR140014 6MM RECICLADO COR 4085/PET [9b0c7e5c-31b3-4824-bfac-c00d6c63b9ef],110CM,15631890,558,15612234NBR3282594,29/04/2026,15/06/2026,4,Ativo,,,900106,9b0c7e5c-31b3-4824-bfac-c00d6c63b9ef,NIKE,132851,,,
DASS SEST713802582628110CM1563189015612237NBR328259720260429-1,OK,DASS SEST,138025,1188919,82628,ATAC. MR140014 6MM RECICLADO COR 4085/PET [bf013ffc-3262-4d16-9ee8-861d5bf1094e],110CM,15631890,506,15612237NBR3282597,29/04/2026,15/06/2026,4,Ativo,,,900107,bf013ffc-3262-4d16-9ee8-861d5bf1094e,NIKE,132851,,,
DASS SEST713802582628110CM1563189015612238NBR328259720260429-1,OK,DASS SEST,138025,1188919,82628,ATAC. MR140014 6MM RECICLADO COR 4085/PET [d27c3187-e3f5-47cc-8d3e-255aa6d50cc5],110CM,15631890,504,15612238NBR3282597,29/04/2026,15/06/2026,4,Ativo,,,900108,d27c3187-e3f5-47cc-8d3e-255aa6d50cc5,NIKE,132851,,,
DASS SEST713802582628110CM1563189015612239NBR328260720260429-1,OK,DASS SEST,138025,1188919,82628,ATAC. MR140014 6MM RECICLADO COR 4085/PET [ec70c931-488b-4ade-b07e-29bb7f52e971],110CM,15631890,506,15612239NBR3282607,29/04/2026,15/06/2026,4,Ativo,,,900109,ec70c931-488b-4ade-b07e-29bb7f52e971,NIKE,132851,,,
DASS SEST713802582628110CM1563189015612240NBR328260720260429-1,OK,DASS SEST,138025,1188919,82628,ATAC. MR140014 6MM RECICLADO COR 4085/PET [e4a9092a-2d2e-4c97-9014-5cde275a01d3],110CM,15631890,510,15612240NBR3282607,29/04/2026,15/06/2026,4,Ativo,,,900110,e4a9092a-2d2e-4c97-9014-5cde275a01d3,NIKE,132851,,,
DASS SEST713802582628110CM1563189015612253NBR328264620260429-1,OK,DASS SEST,138025,1188919,82628,ATAC. MR140014 6MM RECICLADO COR 4085/PET [5e44e9c4-ca90-43b0-aaf8-022e3a72aa14],110CM,15631890,800,15612253NBR3282646,29/04/2026,15/06/2026,4,Ativo,,,900111,5e44e9c4-ca90-43b0-aaf8-022e3a72aa14,NIKE,132851,,,
DASS SEST713802582628110CM1563189015612242NBR328264820260429-1,OK,DASS SEST,138025,1188919,82628,ATAC. MR140014 6MM RECICLADO COR 4085/PET [ae7af042-15bd-4be3-b383-b8a4080635e0],110CM,15631890,18,15612242NBR3282648,29/04/2026,15/06/2026,4,Ativo,,,900112,ae7af042-15bd-4be3-b383-b8a4080635e0,NIKE,132851,,,
DASS SEST713802582628110CM1563189015612243NBR328264820260429-1,OK,DASS SEST,138025,1188919,82628,ATAC. MR140014 6MM RECICLADO COR 4085/PET [5370f5bd-cf9c-46e2-b088-485ff50aa84a],110CM,15631890,12,15612243NBR3282648,29/04/2026,15/06/2026,4,Ativo,,,900113,5370f5bd-cf9c-46e2-b088-485ff50aa84a,NIKE,132851,,,
DASS SEST713802582628115CM1563189015612233NBR328259420260429-1,OK,DASS SEST,138025,1188919,82628,ATAC. MR140014 6MM RECICLADO COR 4085/PET [82125dbc-924c-483c-8ef4-4df7cd367d75],115CM,15631890,144,15612233NBR3282594,29/04/2026,15/06/2026,4,Ativo,,,900114,82125dbc-924c-483c-8ef4-4df7cd367d75,NIKE,132851,,,
DASS SEST713802582628115CM1563189015612234NBR328259420260429-1,OK,DASS SEST,138025,1188919,82628,ATAC. MR140014 6MM RECICLADO COR 4085/PET [f5b02d1e-9df0-41b8-af52-19047095fd20],115CM,15631890,150,15612234NBR3282594,29/04/2026,15/06/2026,4,Ativo,,,900115,f5b02d1e-9df0-41b8-af52-19047095fd20,NIKE,132851,,,
DASS SEST713802582628115CM1563189015612237NBR328259720260429-1,OK,DASS SEST,138025,1188919,82628,ATAC. MR140014 6MM RECICLADO COR 4085/PET [85494178-b2ae-45a5-ada0-b08aa9788e13],115CM,15631890,144,15612237NBR3282597,29/04/2026,15/06/2026,4,Ativo,,,900116,85494178-b2ae-45a5-ada0-b08aa9788e13,NIKE,132851,,,
DASS SEST713802582628115CM1563189015612238NBR328259720260429-1,OK,DASS SEST,138025,1188919,82628,ATAC. MR140014 6MM RECICLADO COR 4085/PET [d18d7f1b-73d0-47bb-873e-0234635693ba],115CM,15631890,162,15612238NBR3282597,29/04/2026,15/06/2026,4,Ativo,,,900117,d18d7f1b-73d0-47bb-873e-0234635693ba,NIKE,132851,,,
DASS SEST713802582628115CM1563189015612239NBR328260720260429-1,OK,DASS SEST,138025,1188919,82628,ATAC. MR140014 6MM RECICLADO COR 4085/PET [f2b30afd-3ae1-44cf-8326-423b0287eb12],115CM,15631890,144,15612239NBR3282607,29/04/2026,15/06/2026,4,Ativo,,,900118,f2b30afd-3ae1-44cf-8326-423b0287eb12,NIKE,132851,,,
DASS SEST713802582628115CM1563189015612240NBR328260720260429-1,OK,DASS SEST,138025,1188919,82628,ATAC. MR140014 6MM RECICLADO COR 4085/PET [08d501e7-d8e0-4ec5-bf35-3c7d784d0c61],115CM,15631890,162,15612240NBR3282607,29/04/2026,15/06/2026,4,Ativo,,,900119,08d501e7-d8e0-4ec5-bf35-3c7d784d0c61,NIKE,132851,,,
DASS SEST713802582628115CM1563189015612253NBR328264620260429-1,OK,DASS SEST,138025,1188919,82628,ATAC. MR140014 6MM RECICLADO COR 4085/PET [225a8ce1-b309-4cb1-9359-48c150a8567f],115CM,15631890,216,15612253NBR3282646,29/04/2026,15/06/2026,4,Ativo,,,900120,225a8ce1-b309-4cb1-9359-48c150a8567f,NIKE,132851,,,
DASS SEST713802586418105CM1563189015612241NBR328257120260429-1,OK,DASS SEST,138025,1278311,86418,ATAC. MR140014 6MM RECICLADO COR 4662/PET [20c8b630-cd57-498d-9bc1-08bac5dc43b6],105CM,15631890,216,15612241NBR3282571,29/04/2026,15/06/2026,4,Ativo,,,900121,20c8b630-cd57-498d-9bc1-08bac5dc43b6,NIKE,132851,,,
DASS SEST713802586418110CM1563189015612241NBR328257120260429-1,OK,DASS SEST,138025,1278311,86418,ATAC. MR140014 6MM RECICLADO COR 4662/PET [255f5999-169f-49d4-b0d4-12b3948418dc],110CM,15631890,776,15612241NBR3282571,29/04/2026,15/06/2026,4,Ativo,,,900122,255f5999-169f-49d4-b0d4-12b3948418dc,NIKE,132851,,,
DASS SEST713802586418115CM1563189015612241NBR328257120260429-1,OK,DASS SEST,138025,1278311,86418,ATAC. MR140014 6MM RECICLADO COR 4662/PET [04954eb2-af3e-4a86-aa4a-f3abb43c574d],115CM,15631890,168,15612241NBR3282571,29/04/2026,15/06/2026,4,Ativo,,,900123,04954eb2-af3e-4a86-aa4a-f3abb43c574d,NIKE,132851,,,
DASS SEST713802594884100CM1563189015612254NBR328263620260429-1,OK,DASS SEST,138025,1405625,94884,ATAC. MR140014 6MM RECICLADO COR 6149/PET [9e5e08d5-8a4d-4458-abfd-c7ec55bbd190],100CM,15631890,240,15612254NBR3282636,29/04/2026,15/06/2026,4,Ativo,,,900124,9e5e08d5-8a4d-4458-abfd-c7ec55bbd190,NIKE,132851,,,
DASS SEST713802594884100CM1563189015612255NBR328263620260429-1,OK,DASS SEST,138025,1405625,94884,ATAC. MR140014 6MM RECICLADO COR 6149/PET [34e92215-9141-4829-9cb9-0820e15b4b0b],100CM,15631890,264,15612255NBR3282636,29/04/2026,15/06/2026,4,Ativo,,,900125,34e92215-9141-4829-9cb9-0820e15b4b0b,NIKE,132851,,,
DASS SEST713802594884105CM1563189015612254NBR328263620260429-1,OK,DASS SEST,138025,1405625,94884,ATAC. MR140014 6MM RECICLADO COR 6149/PET [b88403bf-84c8-4787-890e-23b1659b2e0e],105CM,15631890,855,15612254NBR3282636,29/04/2026,15/06/2026,4,Ativo,,,900126,b88403bf-84c8-4787-890e-23b1659b2e0e,NIKE,132851,,,
DASS SEST713802594884105CM1563189015612255NBR328263620260429-1,OK,DASS SEST,138025,1405625,94884,ATAC. MR140014 6MM RECICLADO COR 6149/PET [71790105-b9e4-4dfc-be79-f2b79b81bea5],105CM,15631890,888,15612255NBR3282636,29/04/2026,15/06/2026,4,Ativo,,,900127,71790105-b9e4-4dfc-be79-f2b79b81bea5,NIKE,132851,,,
DASS SEST713802594884110CM1563189015612254NBR328263620260429-1,OK,DASS SEST,138025,1405625,94884,ATAC. MR140014 6MM RECICLADO COR 6149/PET [1a40a33e-ad5d-4fd3-a7b2-18e2fac03687],110CM,15631890,42,15612254NBR3282636,29/04/2026,15/06/2026,4,Ativo,,,900128,1a40a33e-ad5d-4fd3-a7b2-18e2fac03687,NIKE,132851,,,
DASS SEST713802594884110CM1563189015612255NBR328263620260429-1,OK,DASS SEST,138025,1405625,94884,ATAC. MR140014 6MM RECICLADO COR 6149/PET [77bedf01-91e0-4c6d-a299-c69a3cca947b],110CM,15631890,24,15612255NBR3282636,29/04/2026,15/06/2026,4,Ativo,,,900129,77bedf01-91e0-4c6d-a299-c69a3cca947b,NIKE,132851,,,
DASS SEST713802592568110CM1563189015612227NBR328277920260429-1,OK,DASS SEST,138025,1027849,92568,ATAC. MR110012 8MM RECICLADO COR 4085/PET [b7f76799-656b-4f83-b231-3db320b9c5b2],110CM,15631890,588,15612227NBR3282779,29/04/2026,15/06/2026,4,Ativo,,,900130,b7f76799-656b-4f83-b231-3db320b9c5b2,NIKE,132851,,,
DASS SEST713802592568115CM1563189015612221NBR328277220260429-1,OK,DASS SEST,138025,1027849,92568,ATAC. MR110012 8MM RECICLADO COR 4085/PET [1b27a97f-58a5-4e73-9e17-09ca554ecb93],115CM,15631890,174,15612221NBR3282772,29/04/2026,15/06/2026,4,Ativo,,,900131,1b27a97f-58a5-4e73-9e17-09ca554ecb93,NIKE,132851,,,
DASS SEST713802592568115CM1563189015612222NBR328277220260429-1,OK,DASS SEST,138025,1027849,92568,ATAC. MR110012 8MM RECICLADO COR 4085/PET [321ea656-d07e-46c6-93ee-f55d2cceb4f5],115CM,15631890,192,15612222NBR3282772,29/04/2026,15/06/2026,4,Ativo,,,900132,321ea656-d07e-46c6-93ee-f55d2cceb4f5,NIKE,132851,,,
DASS SEST713802592568115CM1563189015612227NBR328277920260429-1,OK,DASS SEST,138025,1027849,92568,ATAC. MR110012 8MM RECICLADO COR 4085/PET [9c76e8aa-905e-4ffd-b20f-bbb6740ec91c],115CM,15631890,878,15612227NBR3282779,29/04/2026,15/06/2026,4,Ativo,,,900133,9c76e8aa-905e-4ffd-b20f-bbb6740ec91c,NIKE,132851,,,
DASS SEST713802592568120CM1563189015612221NBR328277220260429-1,OK,DASS SEST,138025,1027849,92568,ATAC. MR110012 8MM RECICLADO COR 4085/PET [421b1fbf-512b-4e82-b4b9-5bf504699dff],120CM,15631890,668,15612221NBR3282772,29/04/2026,15/06/2026,4,Ativo,,,900134,421b1fbf-512b-4e82-b4b9-5bf504699dff,NIKE,132851,,,
DASS SEST713802592568120CM1563189015612222NBR328277220260429-1,OK,DASS SEST,138025,1027849,92568,ATAC. MR110012 8MM RECICLADO COR 4085/PET [7a477fbb-28fe-43c3-82f3-cd44b01ebeb7],120CM,15631890,696,15612222NBR3282772,29/04/2026,15/06/2026,4,Ativo,,,900135,7a477fbb-28fe-43c3-82f3-cd44b01ebeb7,NIKE,132851,,,
DASS SEST713802595282110CM1563189015612261NBR328278120260429-1,OK,DASS SEST,138025,1387938,95282,ATAC. MR110012 8MM POLIESTER COR 5472/PET [8ee1ba26-8529-4391-a6a8-9e3f2c0be801],110CM,15631890,582,15612261NBR3282781,29/04/2026,15/06/2026,4,Ativo,,,900136,8ee1ba26-8529-4391-a6a8-9e3f2c0be801,NIKE,132851,,,
DASS SEST713802595282115CM1563189015612261NBR328278120260429-1,OK,DASS SEST,138025,1387938,95282,ATAC. MR110012 8MM POLIESTER COR 5472/PET [78f2a0c2-4ea9-4609-b528-cbb4c196aed1],115CM,15631890,818,15612261NBR3282781,29/04/2026,15/06/2026,4,Ativo,,,900137,78f2a0c2-4ea9-4609-b528-cbb4c196aed1,NIKE,132851,,,
DASS SEST713802695284110CM1563695115612271NBR33429-B20260429-1,OK,DASS SEST,138026,1435014,95284,ATAC. MR140014 6MM RECICLADO COR 6182/PET [55c6049a-66d2-4f2a-ad9d-ce8666ed030c],110CM,15636951,918,15612271NBR33429-B,29/04/2026,15/06/2026,4,Ativo,,,900138,55c6049a-66d2-4f2a-ad9d-ce8666ed030c,NIKE,132852,,,
DASS SEST713802695284115CM1563695115612271NBR33429-B20260429-1,OK,DASS SEST,138026,1435014,95284,ATAC. MR140014 6MM RECICLADO COR 6182/PET [b36fa469-a48b-44c0-902d-64f2104c6e03],115CM,15636951,168,15612271NBR33429-B,29/04/2026,15/06/2026,4,Ativo,,,900139,b36fa469-a48b-44c0-902d-64f2104c6e03,NIKE,132852,,,
DASS SEST71381319528010MM1563785320260430-1,OK,DASS SEST,138131,1405837,95280,FITA MR100005 C/ GOMA RECICLADO COR 6162/PET [8280134e-69b2-4176-9bdb-6a9163cd6e3e],10MM,15637853,300,0,30/04/2026,15/06/2026,4,Ativo,,,900140,8280134e-69b2-4176-9bdb-6a9163cd6e3e,NIKE,132931,,,
DASS SEST71381319530310MM1563785320260430-1,OK,DASS SEST,138131,1409051,95303,FITA MR100005 C/ GOMA RECICLADO COR 6142/PET [69cfcf5e-0b1e-4487-b255-1f71296da542],10MM,15637853,210,0,30/04/2026,15/06/2026,4,Ativo,,,900141,69cfcf5e-0b1e-4487-b255-1f71296da542,NIKE,132931,,,
DASS SEST71381317401410MM1563785320260430-1,OK,DASS SEST,138131,965421,74014,FITA MFGP C/ GOMA POLIESTER COR 4085 [231852ee-684f-467f-83e4-cb5cb0f1c846],10MM,15637853,460,0,30/04/2026,15/06/2026,4,Ativo,,,900142,231852ee-684f-467f-83e4-cb5cb0f1c846,NIKE,132931,,,
DASS SEST713853995490135CM1570703315689051ARG20191620260514-1,OK,DASS SEST,138539,1423777,95490,ATAC. M60132 ALPINA COR 2001 [cc8a9199-c65e-40d1-afb2-8a086940d392],135CM,15707033,0,15689051ARG201916,14/05/2026,15/06/2026,4,Ativo,,,900143,cc8a9199-c65e-40d1-afb2-8a086940d392,FILA,133343,,,
DASS SEST713853995490135CM1570703315689052EXP00003320260514-1,OK,DASS SEST,138539,1423777,95490,ATAC. M60132 ALPINA COR 2001 [2cf641d1-28b9-4a71-b0be-b8b8a00c043c],135CM,15707033,258,15689052EXP000033,14/05/2026,15/06/2026,4,Ativo,,,900144,2cf641d1-28b9-4a71-b0be-b8b8a00c043c,FILA,133343,,,
DASS SEST713853995490145CM1570703315689051ARG20191620260514-1,OK,DASS SEST,138539,1423777,95490,ATAC. M60132 ALPINA COR 2001 [e32db5fa-225a-482c-a0b8-fca12b8b1afe],145CM,15707033,96,15689051ARG201916,14/05/2026,15/06/2026,4,Ativo,,,900145,e32db5fa-225a-482c-a0b8-fca12b8b1afe,FILA,133343,,,
DASS SEST713853995490145CM1570703315689052EXP00003320260514-1,OK,DASS SEST,138539,1423777,95490,ATAC. M60132 ALPINA COR 2001 [4c421656-6891-482c-9c57-189b46688215],145CM,15707033,102,15689052EXP000033,14/05/2026,15/06/2026,4,Ativo,,,900146,4c421656-6891-482c-9c57-189b46688215,FILA,133343,,,
DASS SEST71389408990518MM1575075020260526-1,OK,DASS SEST,138940,1342875,89905,FITA M31132 C/GOMA POLIESTER COR 4085 [6b8a08e7-1907-4db8-81eb-f50a84ec9733],18MM,15750750,500,0,26/05/2026,15/06/2026,4,Ativo,,,900147,6b8a08e7-1907-4db8-81eb-f50a84ec9733,NIKE,133672,,,
DASS SEST71389407423710MM1575075020260526-1,OK,DASS SEST,138940,1065278,74237,FITA MR100001 C/ GOMA RECICLADO COR 4085/PET [767933b6-5044-4b63-9f5c-eb3e7b05506f],10MM,15750750,470,0,26/05/2026,15/06/2026,4,Ativo,,,900148,767933b6-5044-4b63-9f5c-eb3e7b05506f,NIKE,133672,,,
DASS SEST71389409320810MM1575075020260526-1,OK,DASS SEST,138940,1405825,93208,FITA MR100001 C/ GOMA RECICLADO COR 5987/PET [e2f2ebb6-3f18-491b-8bd8-b472a0cfb4d4],10MM,15750750,150,0,26/05/2026,15/06/2026,4,Ativo,,,900149,e2f2ebb6-3f18-491b-8bd8-b472a0cfb4d4,NIKE,133672,,,
DASS SEST71389518907012MM1575064320260526-1,OK,DASS SEST,138951,1287984,89070,FITA M41476 C/ GOMA POLIESTER COR 114/ COR 5508 [b7542752-681d-4361-9a22-195cf2f72809],12MM,15750643,250,0,26/05/2026,15/06/2026,4,Ativo,,,900150,b7542752-681d-4361-9a22-195cf2f72809,FILA,133687,,,
DASS SEST71389528287860CM1575086915742495BR31465120260526-1,OK,DASS SEST,138952,1219123,82878,ELAST. M21180 2.5MM POLIESTER COR 020 / COR 100 [ac3f698d-7dea-4133-b398-26f7f1abfa7e],60CM,15750869,6,15742495BR314651,26/05/2026,15/06/2026,4,Ativo,,,900151,ac3f698d-7dea-4133-b398-26f7f1abfa7e,FILA,133688,,,
DASS SEST71389528287860CM1575086915742512BR31465220260526-1,OK,DASS SEST,138952,1219123,82878,ELAST. M21180 2.5MM POLIESTER COR 020 / COR 100 [c54f1d10-2223-4707-8302-f12b29630cfa],60CM,15750869,115,15742512BR314652,26/05/2026,15/06/2026,4,Ativo,,,900152,c54f1d10-2223-4707-8302-f12b29630cfa,FILA,133688,,,
DASS SEST71389528287870CM1575086915742493BR31464720260526-1,OK,DASS SEST,138952,1219123,82878,ELAST. M21180 2.5MM POLIESTER COR 020 / COR 100 [3b0415d4-d3a9-4076-a5d5-2d0cfe45e8d4],70CM,15750869,6,15742493BR314647,26/05/2026,15/06/2026,4,Ativo,,,900153,3b0415d4-d3a9-4076-a5d5-2d0cfe45e8d4,FILA,133688,,,
DASS SEST71389528287870CM1575086915742510BR31464820260526-1,OK,DASS SEST,138952,1219123,82878,ELAST. M21180 2.5MM POLIESTER COR 020 / COR 100 [fc892432-1e6d-4b7b-9662-4972fb7e145b],70CM,15750869,205,15742510BR314648,26/05/2026,15/06/2026,4,Ativo,,,900154,fc892432-1e6d-4b7b-9662-4972fb7e145b,FILA,133688,,,
DASS SEST71389528287870CM1575086915742494BR31465020260526-1,OK,DASS SEST,138952,1219123,82878,ELAST. M21180 2.5MM POLIESTER COR 020 / COR 100 [aa64853a-95bd-4593-917f-e388db7ba1d5],70CM,15750869,34,15742494BR314650,26/05/2026,15/06/2026,4,Ativo,,,900155,aa64853a-95bd-4593-917f-e388db7ba1d5,FILA,133688,,,
DASS SEST71389528287870CM1575086915742495BR31465120260526-1,OK,DASS SEST,138952,1219123,82878,ELAST. M21180 2.5MM POLIESTER COR 020 / COR 100 [fe32e3d1-7003-44e9-8837-1412c01e2786],70CM,15750869,5,15742495BR314651,26/05/2026,15/06/2026,4,Ativo,,,900156,fe32e3d1-7003-44e9-8837-1412c01e2786,FILA,133688,,,
DASS SEST71389528287870CM1575086915742512BR31465220260526-1,OK,DASS SEST,138952,1219123,82878,ELAST. M21180 2.5MM POLIESTER COR 020 / COR 100 [a32d23dc-ceeb-48b0-a9fb-15de55e7ab75],70CM,15750869,90,15742512BR314652,26/05/2026,15/06/2026,4,Ativo,,,900157,a32d23dc-ceeb-48b0-a9fb-15de55e7ab75,FILA,133688,,,
DASS SEST71389528287880CM1575086915742492BR31464620260526-1,OK,DASS SEST,138952,1219123,82878,ELAST. M21180 2.5MM POLIESTER COR 020 / COR 100 [b5308076-4e44-494b-b599-33150de5a52d],80CM,15750869,195,15742492BR314646,26/05/2026,15/06/2026,4,Ativo,,,900158,b5308076-4e44-494b-b599-33150de5a52d,FILA,133688,,,
DASS SEST71389528287880CM1575086915742493BR31464720260526-1,OK,DASS SEST,138952,1219123,82878,ELAST. M21180 2.5MM POLIESTER COR 020 / COR 100 [d124d8e3-b406-4f5f-80e2-ebc8504819c8],80CM,15750869,58,15742493BR314647,26/05/2026,15/06/2026,4,Ativo,,,900159,d124d8e3-b406-4f5f-80e2-ebc8504819c8,FILA,133688,,,
DASS SEST71389528287880CM1575086915742510BR31464820260526-1,OK,DASS SEST,138952,1219123,82878,ELAST. M21180 2.5MM POLIESTER COR 020 / COR 100 [8a27db22-74f6-4fc0-bfca-27d6b275426a],80CM,15750869,347,15742510BR314648,26/05/2026,15/06/2026,4,Ativo,,,900160,8a27db22-74f6-4fc0-bfca-27d6b275426a,FILA,133688,,,
DASS SEST71389529038070CM1575086915742490BR31464520260526-1,OK,DASS SEST,138952,1354392,90380,ELAST. M21180 POLIESTER COR 102 / COR 5535 [52665831-e633-4cf3-8985-ca11d4b02d55],70CM,15750869,185,15742490BR314645,26/05/2026,15/06/2026,4,Ativo,,,900161,52665831-e633-4cf3-8985-ca11d4b02d55,FILA,133688,,,
DASS SEST71389999328318MM1575466920260527-1,OK,DASS SEST,138999,1408956,93283,FITA M31132 C/GOMA POLIESTER COR 101 [1042e215-f49e-4322-88e2-30a50d5c9c02],18MM,15754669,1440,0,27/05/2026,15/06/2026,4,Ativo,,,900162,1042e215-f49e-4322-88e2-30a50d5c9c02,NIKE,133717,,,
DASS SEST713942882628110CM1579756480340120260608-1,OK,DASS SEST,139428,1188919,82628,ATAC. MR140014 6MM RECICLADO COR 4085/PET [1a2991a4-4223-49f6-a336-cd8d868094f7],110CM,15797564,186,803401,08/06/2026,15/06/2026,4,Ativo,,,900163,1a2991a4-4223-49f6-a336-cd8d868094f7,NIKE,134175,,,
DASS SEST71394298759315MM15797567803401720260608-1,OK,DASS SEST,139429,1301596,87593,FITA MR100001 C/ GOMA RECICLADO COR 5364/PET [ec228e23-a72d-46fd-978e-0ba973f1df7d],15MM,15797567,22,8034017,08/06/2026,15/06/2026,4,Ativo,,,900164,ec228e23-a72d-46fd-978e-0ba973f1df7d,NIKE,134176,,,
DASS SEST71394299243415MM15797567803401820260608-1,OK,DASS SEST,139429,1359166,92434,FITA MR100001 C/ GOMA RECICLADO COR 4489/1PET [701d7262-f66a-4cdf-927c-338b6e10a541],15MM,15797567,35,8034018,08/06/2026,15/06/2026,4,Ativo,,,900165,701d7262-f66a-4cdf-927c-338b6e10a541,NIKE,134176,,,
DASS SEST71394299243415MM1579756780070720260608-1,OK,DASS SEST,139429,1359166,92434,FITA MR100001 C/ GOMA RECICLADO COR 4489/1PET [846e3583-ce6b-4d61-b052-9827880c3bf0],15MM,15797567,40,800707,08/06/2026,15/06/2026,4,Ativo,,,900166,846e3583-ce6b-4d61-b052-9827880c3bf0,NIKE,134176,,,
DASS ITABERABA701376779509215MM1559178620260422-1,OK,DASS ITABERABA,137677,1413355,95092,FITA MFGP C/ GOMA POLIESTER COR 599 / COR 100 / COR 599 [0c75be8b-3c74-41f1-add6-b331a589b343],15MM,15591786,270,0,22/04/2026,15/06/2026,4,Ativo,,,900167,0c75be8b-3c74-41f1-add6-b331a589b343,FILA,132508,,,
DASS ITABERABA701376779509415MM1559178620260422-1,OK,DASS ITABERABA,137677,1401453,95094,FITA MFGP C/ GOMA POLIESTER COR 100 / COR 788 / COR 100 [f4ae79d1-00b4-4767-9e60-4a79d2894325],15MM,15591786,820,0,22/04/2026,15/06/2026,4,Ativo,,,900168,f4ae79d1-00b4-4767-9e60-4a79d2894325,FILA,132508,,,
DASS ITABERABA701377709509215MM1559712720260423-1,OK,DASS ITABERABA,137770,1413355,95092,FITA MFGP C/ GOMA POLIESTER COR 599 / COR 100 / COR 599 [869f60b0-19bd-49ea-ab75-94887ba9666d],15MM,15597127,60,0,23/04/2026,15/06/2026,4,Ativo,,,900169,869f60b0-19bd-49ea-ab75-94887ba9666d,FILA,132561,,,
DASS ITABERABA701383607478015MM1567845420260509-1,OK,DASS ITABERABA,138360,1410184,74780,FITA MFGP POLIESTER COR 263 [ee8a3117-869d-437f-aa42-bf446ebef4ab],15MM,15678454,0,0,09/05/2026,15/06/2026,4,Ativo,,,900170,ee8a3117-869d-437f-aa42-bf446ebef4ab,UMBRO,133146,,,
DASS ITABERABA7013837176014105CM1567933715669160NET00006820260509-1,OK,DASS ITABERABA,138371,1175750,76014,ATAC. M13723 6MM POLIESTER COR 057 [28e0686f-1d64-4789-81cd-493c5122f1ae],105CM,15679337,420,15669160NET000068,09/05/2026,15/06/2026,4,Ativo,,,900171,28e0686f-1d64-4789-81cd-493c5122f1ae,FILA,133153,,,
DASS ITABERABA7013837176014115CM1567933715669160NET00006820260509-1,OK,DASS ITABERABA,138371,1175750,76014,ATAC. M13723 6MM POLIESTER COR 057 [eeed8d2a-bfbc-4b1a-b8fd-9aeef9784cd8],115CM,15679337,300,15669160NET000068,09/05/2026,15/06/2026,4,Ativo,,,900172,eeed8d2a-bfbc-4b1a-b8fd-9aeef9784cd8,FILA,133153,,,
DASS ITABERABA701383947016412MM1567506420260511-1,OK,DASS ITABERABA,138394,898941,70164,FITA MFGP C/ GOMA POLIESTER COR 100 [92762da3-4175-4ff2-9333-0479d6ddd545],12MM,15675064,2190,0,11/05/2026,15/06/2026,4,Ativo,,,900173,92762da3-4175-4ff2-9333-0479d6ddd545,FILA,133171,,,
DASS ITABERABA701383949248815MM1567506420260511-1,OK,DASS ITABERABA,138394,1397653,92488,FITA MFGP C/ GOMA POLIESTER COR 6001 [1a6ab117-2075-4c18-af31-bd2c3bb11d98],15MM,15675064,220,0,11/05/2026,15/06/2026,4,Ativo,,,900174,1a6ab117-2075-4c18-af31-bd2c3bb11d98,FILA,133171,,,
DASS ITABERABA701383949282715MM1567506420260511-1,OK,DASS ITABERABA,138394,1428595,92827,FITA MFGP C/ GOMA POLIESTER COR 6002 [8f295086-187c-4a3a-884f-46808fdff9bb],15MM,15675064,330,0,11/05/2026,15/06/2026,4,Ativo,,,900175,8f295086-187c-4a3a-884f-46808fdff9bb,FILA,133171,,,
DASS ITABERABA701383949299116MM1567506420260511-1,OK,DASS ITABERABA,138394,1404666,92991,FITA M31119 C/ GOMA POLIESTER COR 100 / COR 5768 / COR 599 [80e31122-86f5-4e72-8f48-14850ab12a32],16MM,15675064,250,0,11/05/2026,15/06/2026,4,Ativo,,,900176,80e31122-86f5-4e72-8f48-14850ab12a32,FILA,133171,,,
DASS ITABERABA701383949538216MM1567506420260511-1,OK,DASS ITABERABA,138394,1403058,95382,FITA M31119 C/ GOMA POLIESTER COR 788 / COR 5768 / COR 5768 [29da4418-4271-41c3-946b-65c7384bbbf4],16MM,15675064,130,0,11/05/2026,15/06/2026,4,Ativo,,,900177,29da4418-4271-41c3-946b-65c7384bbbf4,FILA,133171,,,
DASS ITABERABA701383949538316MM1567506420260511-1,OK,DASS ITABERABA,138394,1417771,95383,FITA M31119 C/ GOMA POLIESTER COR 5855 / COR 5768 / COR 5768 [23a424d7-5eb0-48b3-b6b0-ba7399fc3558],16MM,15675064,240,0,11/05/2026,15/06/2026,4,Ativo,,,900178,23a424d7-5eb0-48b3-b6b0-ba7399fc3558,FILA,133171,,,
DASS ITABERABA701384229539995CM1568297615669186NET00007120260511-1,OK,DASS ITABERABA,138422,1428592,95399,ATAC. M13723 6MM POLIESTER COR 5855 [c9a518e5-9b4c-4b19-990c-46a87e7c628b],95CM,15682976,492,15669186NET000071,11/05/2026,15/06/2026,4,Ativo,,,900179,c9a518e5-9b4c-4b19-990c-46a87e7c628b,FILA,133197,,,
DASS ITABERABA701384229539995CM1568297615669187NET00007720260511-1,OK,DASS ITABERABA,138422,1428592,95399,ATAC. M13723 6MM POLIESTER COR 5855 [c276c864-b40a-45b9-a681-fc66934f0a63],95CM,15682976,144,15669187NET000077,11/05/2026,15/06/2026,4,Ativo,,,900180,c276c864-b40a-45b9-a681-fc66934f0a63,FILA,133197,,,
DASS ITABERABA7013842295399105CM1568297615669186NET00007120260511-1,OK,DASS ITABERABA,138422,1428592,95399,ATAC. M13723 6MM POLIESTER COR 5855 [499a2ec0-ee96-4ec9-8f50-06ec604872f6],105CM,15682976,588,15669186NET000071,11/05/2026,15/06/2026,4,Ativo,,,900181,499a2ec0-ee96-4ec9-8f50-06ec604872f6,FILA,133197,,,
DASS ITABERABA7013842295399105CM1568297615669187NET00007720260511-1,OK,DASS ITABERABA,138422,1428592,95399,ATAC. M13723 6MM POLIESTER COR 5855 [0d5d49ba-e1bd-4b25-b8ac-8e097e3fe437],105CM,15682976,180,15669187NET000077,11/05/2026,15/06/2026,4,Ativo,,,900182,0d5d49ba-e1bd-4b25-b8ac-8e097e3fe437,FILA,133197,,,
DASS ITABERABA701386727016410MM1572394120260520-1,OK,DASS ITABERABA,138672,998350,70164,FITA MFGP C/ GOMA POLIESTER COR 100 [c486dcdf-ce62-4e5d-a0f7-d8951405f758],10MM,15723941,1760,0,20/05/2026,15/06/2026,4,Ativo,,,900183,c486dcdf-ce62-4e5d-a0f7-d8951405f758,FILA,133467,,,
DASS ITABERABA701386727137610MM1572394120260520-1,OK,DASS ITABERABA,138672,816595,71376,FITA MFGP C/ GOMA POLIESTER COR 102 [a766e826-f50f-4fe1-b254-04e3eb96b1f7],10MM,15723941,3530,0,20/05/2026,15/06/2026,4,Ativo,,,900184,a766e826-f50f-4fe1-b254-04e3eb96b1f7,FILA,133467,,,
DASS ITABERABA701386727352215MM1572394120260520-1,OK,DASS ITABERABA,138672,902057,73522,FITA MFGP C/ GOMA POLIESTER COR 057 [824d2e1f-9f4b-43fe-8245-c9e58fe81360],15MM,15723941,10,0,20/05/2026,15/06/2026,4,Ativo,,,900185,824d2e1f-9f4b-43fe-8245-c9e58fe81360,FILA,133467,,,
DASS ITABERABA701386729230015MM1572394120260520-1,OK,DASS ITABERABA,138672,1386952,92300,FITA MFGP C/ GOMA POLIESTER COR 788 [f5a18e43-ee2c-45c8-a2b1-0f1b8a076944],15MM,15723941,10,0,20/05/2026,15/06/2026,4,Ativo,,,900186,f5a18e43-ee2c-45c8-a2b1-0f1b8a076944,FILA,133467,,,
DASS ITABERABA701386807016410MM1572482920260520-1,OK,DASS ITABERABA,138680,998350,70164,FITA MFGP C/ GOMA POLIESTER COR 100 [89072810-d03c-4253-b356-55229df8648d],10MM,15724829,250,0,20/05/2026,15/06/2026,4,Ativo,,,900187,89072810-d03c-4253-b356-55229df8648d,FILA,133492,,,
DASS SEST71391518046015MM1577105920260529-1,OK,DASS SEST,139151,1045777,80460,FITA MFGP C/ GOMA POLIESTER COR 4750 [3aae0997-81f0-4a48-bc72-4deeee8eabf6],15MM,15771059,1020,0,29/05/2026,17/06/2026,6,Ativo,,,900188,3aae0997-81f0-4a48-bc72-4deeee8eabf6,OSKLEN,133859,,,
DASS SEST71391527037515MM1577106020260529-1,OK,DASS SEST,139152,838994,70375,FITA MFGP C/ GOMA POLIESTER COR 678 [020440e0-dc82-4f63-b664-4affb4da40a8],15MM,15771060,330,0,29/05/2026,17/06/2026,6,Ativo,,,900189,020440e0-dc82-4f63-b664-4affb4da40a8,OSKLEN,133860,,,
DASS ITABERABA701383617429615MM1567897420260509-1,OK,DASS ITABERABA,138361,709798,74296,FITA MFGP POLIESTER COR 303 [276a7b08-36d9-49cc-a515-960d87767403],15MM,15678974,510,0,09/05/2026,17/06/2026,6,Ativo,,,900190,276a7b08-36d9-49cc-a515-960d87767403,UMBRO,133147,,,
DASS ITABERABA701387159400215MM1572499820260520-1,OK,DASS ITABERABA,138715,1425017,94002,FITA MFGP C/ GOMA POLIESTER COR 6103 [c1858763-ce49-42ee-b6ae-ed42fb95a091],15MM,15724998,0,0,20/05/2026,17/06/2026,6,Ativo,,,900191,c1858763-ce49-42ee-b6ae-ed42fb95a091,ASICS,133521,,,
DASS ITABERABA701387159416015MM1572499820260520-1,OK,DASS ITABERABA,138715,1425016,94160,FITA MFGP C/ GOMA POLIESTER COR 5451 [80ade18a-dea6-4965-838e-ca8ffdc0f30d],15MM,15724998,620,0,20/05/2026,17/06/2026,6,Ativo,,,900192,80ade18a-dea6-4965-838e-ca8ffdc0f30d,ASICS,133521,,,
DASS ITABERABA7013871687888120CM1572500315719389ASB005271620260520-1,OK,DASS ITABERABA,138716,1310003,87888,ATAC. M18006 POLIESTER COR 5451 [f314d833-73fa-4e9a-b8c8-b2cc0e8eae87],120CM,15725003,911,15719389ASB0052716,20/05/2026,17/06/2026,6,Ativo,,,900193,f314d833-73fa-4e9a-b8c8-b2cc0e8eae87,ASICS,133522,,,
DASS ITABERABA7013871687888120CM1572500315719390ASB005271720260520-1,OK,DASS ITABERABA,138716,1310003,87888,ATAC. M18006 POLIESTER COR 5451 [c75c237f-b818-4623-9b68-da20d00b4627],120CM,15725003,669,15719390ASB0052717,20/05/2026,17/06/2026,6,Ativo,,,900194,c75c237f-b818-4623-9b68-da20d00b4627,ASICS,133522,,,
DASS ITABERABA7013871687888130CM1572500315719389ASB005271620260520-1,OK,DASS ITABERABA,138716,1310003,87888,ATAC. M18006 POLIESTER COR 5451 [10f49c95-cdf1-45ef-b438-2386e4d030e0],130CM,15725003,600,15719389ASB0052716,20/05/2026,17/06/2026,6,Ativo,,,900195,10f49c95-cdf1-45ef-b438-2386e4d030e0,ASICS,133522,,,
DASS ITABERABA7013871687888130CM1572500315719390ASB005271720260520-1,OK,DASS ITABERABA,138716,1310003,87888,ATAC. M18006 POLIESTER COR 5451 [be6b4027-9aa4-4f95-aba8-22767a493dc2],130CM,15725003,631,15719390ASB0052717,20/05/2026,17/06/2026,6,Ativo,,,900196,be6b4027-9aa4-4f95-aba8-22767a493dc2,ASICS,133522,,,
DASS ITABERABA7013871694830120CM1572500315719392ASB005272520260520-1,OK,DASS ITABERABA,138716,1400182,94830,ATAC. M18006 POLIESTER COR 6103 [72f209f5-4094-411f-864d-843562c60ade],120CM,15725003,354,15719392ASB0052725,20/05/2026,17/06/2026,6,Ativo,,,900197,72f209f5-4094-411f-864d-843562c60ade,ASICS,133522,,,
DASS ITABERABA7013871694830130CM1572500315719392ASB005272520260520-1,OK,DASS ITABERABA,138716,1400182,94830,ATAC. M18006 POLIESTER COR 6103 [a31c98eb-8e1e-4197-8a66-970c77bdfe05],130CM,15725003,155,15719392ASB0052725,20/05/2026,17/06/2026,6,Ativo,,,900198,a31c98eb-8e1e-4197-8a66-970c77bdfe05,ASICS,133522,,,
DASS ITABERABA7013871684199140CM1572500315719310ASB005275220260520-1,OK,DASS ITABERABA,138716,1248962,84199,ATAC. 6ALN POLIESTER COR 4085 [3779114e-4ea7-4eba-ad95-c06a477567ba],140CM,15725003,311,15719310ASB0052752,20/05/2026,17/06/2026,6,Ativo,,,900199,3779114e-4ea7-4eba-ad95-c06a477567ba,ASICS,133522,,,
DASS ITABERABA7013871692607135CM1572500315719316ASB005275720260520-1,OK,DASS ITABERABA,138716,1392406,92607,ATAC. 6ALN POLIESTER COR 4049 [6b2fd2f0-2942-417d-a1db-4759f77720cc],135CM,15725003,336,15719316ASB0052757,20/05/2026,17/06/2026,6,Ativo,,,900200,6b2fd2f0-2942-417d-a1db-4759f77720cc,ASICS,133522,,,
DASS ITABERABA7013871676319120CM1572500315719343ASB005268320260520-1,OK,DASS ITABERABA,138716,1245215,76319,ATAC. 6AL 6MM POLIESTER COR 4085 [4604ff38-cf15-4109-b72f-1b918d6857a1],120CM,15725003,562,15719343ASB0052683,20/05/2026,17/06/2026,6,Ativo,,,900201,4604ff38-cf15-4109-b72f-1b918d6857a1,ASICS,133522,,,
DASS ITABERABA7013871676319120CM1572500315719344ASB005281220260520-1,OK,DASS ITABERABA,138716,1245215,76319,ATAC. 6AL 6MM POLIESTER COR 4085 [c17042f7-bc5d-4151-a85c-f834c6fa2511],120CM,15725003,910,15719344ASB0052812,20/05/2026,17/06/2026,6,Ativo,,,900202,c17042f7-bc5d-4151-a85c-f834c6fa2511,ASICS,133522,,,
DASS ITABERABA7013871676319130CM1572500315719343ASB005268320260520-1,OK,DASS ITABERABA,138716,1245215,76319,ATAC. 6AL 6MM POLIESTER COR 4085 [842ab197-828f-4f89-8650-3350a16c81f4],130CM,15725003,463,15719343ASB0052683,20/05/2026,17/06/2026,6,Ativo,,,900203,842ab197-828f-4f89-8650-3350a16c81f4,ASICS,133522,,,
DASS ITABERABA7013871676319130CM1572500315719337ASB005278920260520-1,OK,DASS ITABERABA,138716,1245215,76319,ATAC. 6AL 6MM POLIESTER COR 4085 [f5083f9d-a50d-48bb-9524-d717730d220b],130CM,15725003,298,15719337ASB0052789,20/05/2026,17/06/2026,6,Ativo,,,900204,f5083f9d-a50d-48bb-9524-d717730d220b,ASICS,133522,,,
DASS ITABERABA7013871676319130CM1572500315719338ASB005279020260520-1,OK,DASS ITABERABA,138716,1245215,76319,ATAC. 6AL 6MM POLIESTER COR 4085 [777cee35-5e0b-4984-b0ab-801609655749],130CM,15725003,440,15719338ASB0052790,20/05/2026,17/06/2026,6,Ativo,,,900205,777cee35-5e0b-4984-b0ab-801609655749,ASICS,133522,,,
DASS ITABERABA7013871676319130CM1572500315719339ASB005279020260520-1,OK,DASS ITABERABA,138716,1245215,76319,ATAC. 6AL 6MM POLIESTER COR 4085 [05ea4236-cbac-46b8-890a-3decb09449bc],130CM,15725003,470,15719339ASB0052790,20/05/2026,17/06/2026,6,Ativo,,,900206,05ea4236-cbac-46b8-890a-3decb09449bc,ASICS,133522,,,
DASS ITABERABA7013871676319130CM1572500315719344ASB005281220260520-1,OK,DASS ITABERABA,138716,1245215,76319,ATAC. 6AL 6MM POLIESTER COR 4085 [96019b2e-7492-4cc8-a13c-24a24207bfd1],130CM,15725003,303,15719344ASB0052812,20/05/2026,17/06/2026,6,Ativo,,,900207,96019b2e-7492-4cc8-a13c-24a24207bfd1,ASICS,133522,,,
DASS ITABERABA7013871676319140CM1572500315719337ASB005278920260520-1,OK,DASS ITABERABA,138716,1245215,76319,ATAC. 6AL 6MM POLIESTER COR 4085 [d2d6d26b-f62e-4b87-8864-88bd3fd6a1f4],140CM,15725003,99,15719337ASB0052789,20/05/2026,17/06/2026,6,Ativo,,,900208,d2d6d26b-f62e-4b87-8864-88bd3fd6a1f4,ASICS,133522,,,
DASS ITABERABA7013871676319140CM1572500315719338ASB005279020260520-1,OK,DASS ITABERABA,138716,1245215,76319,ATAC. 6AL 6MM POLIESTER COR 4085 [c7944542-30c6-4f48-a135-d075d99bef70],140CM,15725003,432,15719338ASB0052790,20/05/2026,17/06/2026,6,Ativo,,,900209,c7944542-30c6-4f48-a135-d075d99bef70,ASICS,133522,,,
DASS ITABERABA7013871676319140CM1572500315719339ASB005279020260520-1,OK,DASS ITABERABA,138716,1245215,76319,ATAC. 6AL 6MM POLIESTER COR 4085 [3e222a9c-1e08-4291-bd36-f24d11357ba8],140CM,15725003,476,15719339ASB0052790,20/05/2026,17/06/2026,6,Ativo,,,900210,3e222a9c-1e08-4291-bd36-f24d11357ba8,ASICS,133522,,,
DASS ITABERABA7013871687203120CM1572500315719345ASB005268420260520-1,OK,DASS ITABERABA,138716,1274143,87203,ATAC. 6AL 6MM POLIESTER COR 5604 [a6379aae-aa54-4220-b2c7-cb88ee528e8c],120CM,15725003,479,15719345ASB0052684,20/05/2026,17/06/2026,6,Ativo,,,900211,a6379aae-aa54-4220-b2c7-cb88ee528e8c,ASICS,133522,,,
DASS ITABERABA7013871687203130CM1572500315719345ASB005268420260520-1,OK,DASS ITABERABA,138716,1274143,87203,ATAC. 6AL 6MM POLIESTER COR 5604 [5dc3d960-e1b0-414d-b193-092cf7a08920],130CM,15725003,218,15719345ASB0052684,20/05/2026,17/06/2026,6,Ativo,,,900212,5dc3d960-e1b0-414d-b193-092cf7a08920,ASICS,133522,,,
DASS ITABERABA7013871687706120CM1572500315719347ASB005268520260520-1,OK,DASS ITABERABA,138716,1313035,87706,ATAC. 6AL 6MM POLIESTER COR 987 [e45f9808-2d3e-4af0-b077-ff487f518579],120CM,15725003,897,15719347ASB0052685,20/05/2026,17/06/2026,6,Ativo,,,900213,e45f9808-2d3e-4af0-b077-ff487f518579,ASICS,133522,,,
DASS ITABERABA7013871687706120CM1572500315719346ASB005281720260520-1,OK,DASS ITABERABA,138716,1313035,87706,ATAC. 6AL 6MM POLIESTER COR 987 [4e4cc7fb-3d73-4fe1-9783-d964f97457c2],120CM,15725003,319,15719346ASB0052817,20/05/2026,17/06/2026,6,Ativo,,,900214,4e4cc7fb-3d73-4fe1-9783-d964f97457c2,ASICS,133522,,,
DASS ITABERABA7013871687706130CM1572500315719347ASB005268520260520-1,OK,DASS ITABERABA,138716,1313035,87706,ATAC. 6AL 6MM POLIESTER COR 987 [4b6b41f1-983f-42a8-8a48-3e494a724949],130CM,15725003,440,15719347ASB0052685,20/05/2026,17/06/2026,6,Ativo,,,900215,4b6b41f1-983f-42a8-8a48-3e494a724949,ASICS,133522,,,
DASS ITABERABA7013871687706130CM1572500315719341ASB005279320260520-1,OK,DASS ITABERABA,138716,1313035,87706,ATAC. 6AL 6MM POLIESTER COR 987 [41b3ce95-58c6-4bf8-9b65-07b0a059d452],130CM,15725003,168,15719341ASB0052793,20/05/2026,17/06/2026,6,Ativo,,,900216,41b3ce95-58c6-4bf8-9b65-07b0a059d452,ASICS,133522,,,
DASS ITABERABA7013871687706130CM1572500315719346ASB005281720260520-1,OK,DASS ITABERABA,138716,1313035,87706,ATAC. 6AL 6MM POLIESTER COR 987 [125e7a0a-76e6-4f27-8bf2-0a697007f46b],130CM,15725003,262,15719346ASB0052817,20/05/2026,17/06/2026,6,Ativo,,,900217,125e7a0a-76e6-4f27-8bf2-0a697007f46b,ASICS,133522,,,
DASS ITABERABA7013871687706140CM1572500315719341ASB005279320260520-1,OK,DASS ITABERABA,138716,1313035,87706,ATAC. 6AL 6MM POLIESTER COR 987 [81e62f84-ac56-4067-a696-6abf3957d51e],140CM,15725003,167,15719341ASB0052793,20/05/2026,17/06/2026,6,Ativo,,,900218,81e62f84-ac56-4067-a696-6abf3957d51e,ASICS,133522,,,
DASS ITABERABA7013871689518130CM1572500315719340ASB005279120260520-1,OK,DASS ITABERABA,138716,1313036,89518,ATAC. 6AL 6MM POLIESTER COR 5217 [e6c9836a-b1ce-41a6-8b2f-31fb3acac1b1],130CM,15725003,297,15719340ASB0052791,20/05/2026,17/06/2026,6,Ativo,,,900219,e6c9836a-b1ce-41a6-8b2f-31fb3acac1b1,ASICS,133522,,,
DASS ITABERABA7013871689518140CM1572500315719340ASB005279120260520-1,OK,DASS ITABERABA,138716,1313036,89518,ATAC. 6AL 6MM POLIESTER COR 5217 [67d404e5-61b7-4a02-b76f-9d729a4f23bc],140CM,15725003,210,15719340ASB0052791,20/05/2026,17/06/2026,6,Ativo,,,900220,67d404e5-61b7-4a02-b76f-9d729a4f23bc,ASICS,133522,,,
DASS ITABERABA7013871692836130CM1572500315719342ASB005279420260520-1,OK,DASS ITABERABA,138716,1392983,92836,ATAC. 6AL 6MM POLIESTER COR 5936 [01091ef2-df0a-4e75-a4d2-d8656f4f23a4],130CM,15725003,189,15719342ASB0052794,20/05/2026,17/06/2026,6,Ativo,,,900221,01091ef2-df0a-4e75-a4d2-d8656f4f23a4,ASICS,133522,,,
DASS ITABERABA7013871692836140CM1572500315719342ASB005279420260520-1,OK,DASS ITABERABA,138716,1392983,92836,ATAC. 6AL 6MM POLIESTER COR 5936 [147cb4aa-625b-4b94-a6ba-c5923c835982],140CM,15725003,120,15719342ASB0052794,20/05/2026,17/06/2026,6,Ativo,,,900222,147cb4aa-625b-4b94-a6ba-c5923c835982,ASICS,133522,,,
DASS ITABERABA7013871694364120CM1572500315719348ASB005282220260520-1,OK,DASS ITABERABA,138716,1392984,94364,ATAC. 6AL 6MM POLIESTER COR 6105 [4fe33b43-6d38-47a9-aba4-ccea3fd6fbcb],120CM,15725003,470,15719348ASB0052822,20/05/2026,17/06/2026,6,Ativo,,,900223,4fe33b43-6d38-47a9-aba4-ccea3fd6fbcb,ASICS,133522,,,
DASS ITABERABA7013871694364130CM1572500315719348ASB005282220260520-1,OK,DASS ITABERABA,138716,1392984,94364,ATAC. 6AL 6MM POLIESTER COR 6105 [1b5a8a97-43ca-44f4-b34f-c0503f9ad170],130CM,15725003,225,15719348ASB0052822,20/05/2026,17/06/2026,6,Ativo,,,900224,1b5a8a97-43ca-44f4-b34f-c0503f9ad170,ASICS,133522,,,
DASS ITABERABA70138717936981.8MM1572500620260520-1,OK,DASS ITABERABA,138717,1400178,93698,CORDAO M9099 POLIESTER COR 5451 [e85668d7-e53b-4f30-a46d-29a9a5e8bb52],1.8MM,15725006,1500,0,20/05/2026,17/06/2026,6,Ativo,,,900225,e85668d7-e53b-4f30-a46d-29a9a5e8bb52,ASICS,133523,,,
DASS ITABERABA70138717948761.8MM1572500620260520-1,OK,DASS ITABERABA,138717,1400177,94876,CORDAO M9099 POLIESTER COR 6103 [9c114d2f-1ba4-4244-9221-f0bcfae6fe00],1.8MM,15725006,300,0,20/05/2026,17/06/2026,6,Ativo,,,900226,9c114d2f-1ba4-4244-9221-f0bcfae6fe00,ASICS,133523,,,
DASS VITORIA3911387917016215MM1573310720260522-1,OK,DASS VITORIA,138791,715810,70162,FITA MFGP POLIESTER COR 100 [c1e93eea-0352-47da-a855-1e672881503a],15MM,15733107,0,0,22/05/2026,17/06/2026,6,Ativo,,,900227,c1e93eea-0352-47da-a855-1e672881503a,UMBRO,133607,,,
DASS VITORIA39113922295643110CM1575105715729835BRI01027020260601-1,NÃO,DASS VITORIA,139222,827533,95643,ATAC. M13801 POLIESTER COR 100 [17751eff-eac6-4d42-a3e7-8530da839a23],110CM,15751057,48,15729835BRI010270,01/06/2026,17/06/2026,6,Ativo,,,900228,17751eff-eac6-4d42-a3e7-8530da839a23,UMBRO,133923,,,
DASS VITORIA39113922295643120CM1575105715729835BRI01027020260601-1,NÃO,DASS VITORIA,139222,827533,95643,ATAC. M13801 POLIESTER COR 100 [84135578-664e-4270-a3e1-8a0819ee2a31],120CM,15751057,312,15729835BRI010270,01/06/2026,17/06/2026,6,Ativo,,,900229,84135578-664e-4270-a3e1-8a0819ee2a31,UMBRO,133923,,,
MARFIM PERDIGÃO22511351631808110CMIII/202620260213-1,NÃO,MARFIM PERDIGÃO,135163,,1808,ATAC. 8DL POLIESTER COR 100 [febb2284-e48b-4b43-8eb8-a2a02a2b1b7a],110CM,III/2026,432000,,13/02/2026,18/06/2026,7,Ativo,,,900230,febb2284-e48b-4b43-8eb8-a2a02a2b1b7a,,130088,,,
MARFIM PERDIGÃO22511351631808120CMIII/202620260213-1,NÃO,MARFIM PERDIGÃO,135163,,1808,ATAC. 8DL POLIESTER COR 100 [30641a29-083c-417a-ab3e-b82669790ca4],120CM,III/2026,288000,,13/02/2026,18/06/2026,7,Ativo,,,900231,30641a29-083c-417a-ab3e-b82669790ca4,,130088,,,
DASS SEST71393727400710MM1578775720260604-1,OK,DASS SEST,139372,1200469,74007,FITA M32164 C/ GOMA POLIESTER COR 4085 [71ce9061-0b33-4cfd-9840-9999bc7a42d0],10MM,15787757,220,0,04/06/2026,19/06/2026,8,Ativo,,,900232,71ce9061-0b33-4cfd-9840-9999bc7a42d0,NIKE,134034,,,
DASS SEST71393728373910MM1578775720260604-1,OK,DASS SEST,139372,1247438,83739,FITA M32164 C/ GOMA POLIESTER COR 4662 [0b88ad8f-207c-4c63-8ea8-5c121b8f5792],10MM,15787757,210,0,04/06/2026,19/06/2026,8,Ativo,,,900233,0b88ad8f-207c-4c63-8ea8-5c121b8f5792,NIKE,134034,,,
DASS SEST71393727423610MM1578775720260604-1,OK,DASS SEST,139372,1065276,74236,FITA MR100001 C/ GOMA RECICLADO COR 4662/PET [e7bde074-6d4e-4d88-9236-e8bd0934455a],10MM,15787757,980,0,04/06/2026,19/06/2026,8,Ativo,,,900234,e7bde074-6d4e-4d88-9236-e8bd0934455a,NIKE,134034,,,
DASS SEST71393727423710MM1578775720260604-1,OK,DASS SEST,139372,1065278,74237,FITA MR100001 C/ GOMA RECICLADO COR 4085/PET [df1ef061-ff66-4382-b6ac-d3c51fafcb5e],10MM,15787757,380,0,04/06/2026,19/06/2026,8,Ativo,,,900235,df1ef061-ff66-4382-b6ac-d3c51fafcb5e,NIKE,134034,,,
BIBI8051395017402415MM382923720260610-1,NÃO,BIBI,139501,514337,74024,FITA M4027 C/ GOMA POLIESTER COR 063 [ea9e04a8-3106-4b8a-b7c7-6e057f015d73],15MM,3829237,1000,,10/06/2026,19/06/2026,8,Ativo,,,900236,ea9e04a8-3106-4b8a-b7c7-6e057f015d73,,134252,,,
BIBI8051395017558215MM382923720260610-1,NÃO,BIBI,139501,514953,75582,FITA M4027 C/ GOMA LEVE POLIESTER COR 088 [0b7a3eaf-fc05-41ce-aa89-c084cccc02b5],15MM,3829237,2000,,10/06/2026,19/06/2026,8,Ativo,,,900237,0b7a3eaf-fc05-41ce-aa89-c084cccc02b5,,134252,,,
DASS SEST713608182628100CM1540032715398413NBR328254020260309-1,OK,DASS SEST,136081,1188919,82628,ATAC. MR140014 6MM RECICLADO COR 4085/PET [14038c44-97b2-4a6a-9839-806f4fe8eeba],100CM,15400327,12,15398413NBR3282540,09/03/2026,22/06/2026,11,Ativo,,,900238,14038c44-97b2-4a6a-9839-806f4fe8eeba,NIKE,130898,,,
DASS SEST713608182628100CM1540032715398414NBR328254020260309-1,OK,DASS SEST,136081,1188919,82628,ATAC. MR140014 6MM RECICLADO COR 4085/PET [2537764a-1608-417e-ac4f-5d0887370f3b],100CM,15400327,18,15398414NBR3282540,09/03/2026,22/06/2026,11,Ativo,,,900239,2537764a-1608-417e-ac4f-5d0887370f3b,NIKE,130898,,,
DASS SEST713608182628105CM1540032715398413NBR328254020260309-1,OK,DASS SEST,136081,1188919,82628,ATAC. MR140014 6MM RECICLADO COR 4085/PET [10d4ffc0-f263-4a55-a532-9cf21f4404fc],105CM,15400327,336,15398413NBR3282540,09/03/2026,22/06/2026,11,Ativo,,,900240,10d4ffc0-f263-4a55-a532-9cf21f4404fc,NIKE,130898,,,
DASS SEST713608182628105CM1540032715398414NBR328254020260309-1,OK,DASS SEST,136081,1188919,82628,ATAC. MR140014 6MM RECICLADO COR 4085/PET [a75f90db-ca46-4bec-8543-0d098592466a],105CM,15400327,324,15398414NBR3282540,09/03/2026,22/06/2026,11,Ativo,,,900241,a75f90db-ca46-4bec-8543-0d098592466a,NIKE,130898,,,
DASS SEST713608182628105CM1540032715398415NBR328254020260309-1,OK,DASS SEST,136081,1188919,82628,ATAC. MR140014 6MM RECICLADO COR 4085/PET [179996f8-7c1b-4bbf-8120-9c03f8352afd],105CM,15400327,360,15398415NBR3282540,09/03/2026,22/06/2026,11,Ativo,,,900242,179996f8-7c1b-4bbf-8120-9c03f8352afd,NIKE,130898,,,
DASS SEST713608182628110CM1540032715398413NBR328254020260309-1,OK,DASS SEST,136081,1188919,82628,ATAC. MR140014 6MM RECICLADO COR 4085/PET [5aa25fe0-c52b-4908-987d-6f610ef71e7f],110CM,15400327,507,15398413NBR3282540,09/03/2026,22/06/2026,11,Ativo,,,900243,5aa25fe0-c52b-4908-987d-6f610ef71e7f,NIKE,130898,,,
DASS SEST713608182628110CM1540032715398414NBR328254020260309-1,OK,DASS SEST,136081,1188919,82628,ATAC. MR140014 6MM RECICLADO COR 4085/PET [51f27e4b-8db4-4717-b054-edcee78d6678],110CM,15400327,492,15398414NBR3282540,09/03/2026,22/06/2026,11,Ativo,,,900244,51f27e4b-8db4-4717-b054-edcee78d6678,NIKE,130898,,,
DASS SEST713608182628110CM1540032715398415NBR328254020260309-1,OK,DASS SEST,136081,1188919,82628,ATAC. MR140014 6MM RECICLADO COR 4085/PET [3241c7ff-e730-4d8c-8270-bba4f59ee9be],110CM,15400327,516,15398415NBR3282540,09/03/2026,22/06/2026,11,Ativo,,,900245,3241c7ff-e730-4d8c-8270-bba4f59ee9be,NIKE,130898,,,
DASS SEST713608182628115CM1540032715398413NBR328254020260309-1,OK,DASS SEST,136081,1188919,82628,ATAC. MR140014 6MM RECICLADO COR 4085/PET [f53152ec-b604-41c8-9c58-2d342fe49a99],115CM,15400327,60,15398413NBR3282540,09/03/2026,22/06/2026,11,Ativo,,,900246,f53152ec-b604-41c8-9c58-2d342fe49a99,NIKE,130898,,,
DASS SEST713608182628115CM1540032715398414NBR328254020260309-1,OK,DASS SEST,136081,1188919,82628,ATAC. MR140014 6MM RECICLADO COR 4085/PET [32f1617d-34f6-4623-a44e-4f03c85d8943],115CM,15400327,60,15398414NBR3282540,09/03/2026,22/06/2026,11,Ativo,,,900247,32f1617d-34f6-4623-a44e-4f03c85d8943,NIKE,130898,,,
DASS SEST713608182628115CM1540032715398415NBR328254020260309-1,OK,DASS SEST,136081,1188919,82628,ATAC. MR140014 6MM RECICLADO COR 4085/PET [4e8f8231-fe5a-4620-b56c-c097fc548b39],115CM,15400327,72,15398415NBR3282540,09/03/2026,22/06/2026,11,Ativo,,,900248,4e8f8231-fe5a-4620-b56c-c097fc548b39,NIKE,130898,,,
DASS SEST713608186418100CM1540032715398426NBR33436-A20260309-1,OK,DASS SEST,136081,1278311,86418,ATAC. MR140014 6MM RECICLADO COR 4662/PET [f28f3c80-ae09-4be5-b915-4ec4ea5034be],100CM,15400327,446,15398426NBR33436-A,09/03/2026,22/06/2026,11,Ativo,,,900249,f28f3c80-ae09-4be5-b915-4ec4ea5034be,NIKE,130898,,,
DASS SEST713608186418100CM1540032715398427NBR33436-B20260309-1,OK,DASS SEST,136081,1278311,86418,ATAC. MR140014 6MM RECICLADO COR 4662/PET [ebd36a35-22e4-4537-b6bc-6b2102bedd89],100CM,15400327,486,15398427NBR33436-B,09/03/2026,22/06/2026,11,Ativo,,,900250,ebd36a35-22e4-4537-b6bc-6b2102bedd89,NIKE,130898,,,
DASS SEST713608186418105CM1540032715398426NBR33436-A20260309-1,OK,DASS SEST,136081,1278311,86418,ATAC. MR140014 6MM RECICLADO COR 4662/PET [b2865091-3f7e-43fe-8776-be00317e7357],105CM,15400327,234,15398426NBR33436-A,09/03/2026,22/06/2026,11,Ativo,,,900251,b2865091-3f7e-43fe-8776-be00317e7357,NIKE,130898,,,
DASS SEST713608186418105CM1540032715398427NBR33436-B20260309-1,OK,DASS SEST,136081,1278311,86418,ATAC. MR140014 6MM RECICLADO COR 4662/PET [917c0185-da1e-433a-b090-b94e11fcf522],105CM,15400327,240,15398427NBR33436-B,09/03/2026,22/06/2026,11,Ativo,,,900252,917c0185-da1e-433a-b090-b94e11fcf522,NIKE,130898,,,
DASS SEST713650582628105CM1545019515446438NBR328253620260319-1,OK,DASS SEST,136505,1188919,82628,ATAC. MR140014 6MM RECICLADO COR 4085/PET [4ea001fd-6116-47b0-b488-92ec81e92f7d],105CM,15450195,198,15446438NBR3282536,19/03/2026,22/06/2026,11,Ativo,,,900253,4ea001fd-6116-47b0-b488-92ec81e92f7d,NIKE,131323,,,
DASS SEST713650582628110CM1545019515446438NBR328253620260319-1,OK,DASS SEST,136505,1188919,82628,ATAC. MR140014 6MM RECICLADO COR 4085/PET [ec816d8c-0d77-49a3-8f40-f4684f604ef5],110CM,15450195,575,15446438NBR3282536,19/03/2026,22/06/2026,11,Ativo,,,900254,ec816d8c-0d77-49a3-8f40-f4684f604ef5,NIKE,131323,,,
DASS SEST713650582628115CM1545019515446438NBR328253620260319-1,OK,DASS SEST,136505,1188919,82628,ATAC. MR140014 6MM RECICLADO COR 4085/PET [5edf41dc-0025-4fc4-94c9-48bfd01b0e78],115CM,15450195,228,15446438NBR3282536,19/03/2026,22/06/2026,11,Ativo,,,900255,5edf41dc-0025-4fc4-94c9-48bfd01b0e78,NIKE,131323,,,
DASS SEST713650583117100CM1545019515446448NBR328258920260319-1,OK,DASS SEST,136505,1188916,83117,ATAC. MR140014 6MM RECICLADO COR 533/PET [d1a5bc06-fc33-4608-a3e8-b75996dd4d18],100CM,15450195,120,15446448NBR3282589,19/03/2026,22/06/2026,11,Ativo,,,900256,d1a5bc06-fc33-4608-a3e8-b75996dd4d18,NIKE,131323,,,
DASS SEST713650583117105CM1545019515446448NBR328258920260319-1,OK,DASS SEST,136505,1188916,83117,ATAC. MR140014 6MM RECICLADO COR 533/PET [2fe556c6-9600-4193-bf44-6e779fe60462],105CM,15450195,833,15446448NBR3282589,19/03/2026,22/06/2026,11,Ativo,,,900257,2fe556c6-9600-4193-bf44-6e779fe60462,NIKE,131323,,,
DASS SEST713650583117110CM1545019515446448NBR328258920260319-1,OK,DASS SEST,136505,1188916,83117,ATAC. MR140014 6MM RECICLADO COR 533/PET [8cb60057-8629-418e-99ee-b02ad0d6c541],110CM,15450195,48,15446448NBR3282589,19/03/2026,22/06/2026,11,Ativo,,,900258,8cb60057-8629-418e-99ee-b02ad0d6c541,NIKE,131323,,,
DASS SEST713650593661120CM1545019515446457NBR328260220260319-1,OK,DASS SEST,136505,1065806,93661,ATAC. MR110029 RECICLADO COR 4662/PET [8afb2149-7fda-49ec-9fbd-ba2922f58d52],120CM,15450195,60,15446457NBR3282602,19/03/2026,22/06/2026,11,Ativo,,,900259,8afb2149-7fda-49ec-9fbd-ba2922f58d52,NIKE,131323,,,
DASS SEST713650593661120CM1545019515446458NBR328260220260319-1,OK,DASS SEST,136505,1065806,93661,ATAC. MR110029 RECICLADO COR 4662/PET [bc1b676e-49ad-4c72-a53c-1119f0ca2229],120CM,15450195,72,15446458NBR3282602,19/03/2026,22/06/2026,11,Ativo,,,900260,bc1b676e-49ad-4c72-a53c-1119f0ca2229,NIKE,131323,,,
DASS SEST713650593661130CM1545019515446457NBR328260220260319-1,OK,DASS SEST,136505,1065806,93661,ATAC. MR110029 RECICLADO COR 4662/PET [c21be9b5-7aeb-40cd-bc31-10b979b75b2b],130CM,15450195,903,15446457NBR3282602,19/03/2026,22/06/2026,11,Ativo,,,900261,c21be9b5-7aeb-40cd-bc31-10b979b75b2b,NIKE,131323,,,
DASS SEST713650593661130CM1545019515446458NBR328260220260319-1,OK,DASS SEST,136505,1065806,93661,ATAC. MR110029 RECICLADO COR 4662/PET [181d508a-0796-48a7-9e46-bf1f673ae0c5],130CM,15450195,936,15446458NBR3282602,19/03/2026,22/06/2026,11,Ativo,,,900262,181d508a-0796-48a7-9e46-bf1f673ae0c5,NIKE,131323,,,
DASS SEST713650593661140CM1545019515446457NBR328260220260319-1,OK,DASS SEST,136505,1065806,93661,ATAC. MR110029 RECICLADO COR 4662/PET [cf67d706-128a-47ea-9a44-b04a942aa27f],140CM,15450195,114,15446457NBR3282602,19/03/2026,22/06/2026,11,Ativo,,,900263,cf67d706-128a-47ea-9a44-b04a942aa27f,NIKE,131323,,,
DASS SEST713650593661140CM1545019515446458NBR328260220260319-1,OK,DASS SEST,136505,1065806,93661,ATAC. MR110029 RECICLADO COR 4662/PET [d00f93ec-838b-4bf6-b0ae-b6308c202b5f],140CM,15450195,108,15446458NBR3282602,19/03/2026,22/06/2026,11,Ativo,,,900264,d00f93ec-838b-4bf6-b0ae-b6308c202b5f,NIKE,131323,,,
DASS SEST713652894721120CM1545209615446472NBR328251820260319-1,OK,DASS SEST,136528,1405823,94721,ATAC. MR110029 RECICLADO COR 4203/PET [82be7462-7648-4c25-b159-658df7d5d763],120CM,15452096,72,15446472NBR3282518,19/03/2026,22/06/2026,11,Ativo,,,900265,82be7462-7648-4c25-b159-658df7d5d763,NIKE,131336,,,
DASS SEST713652894721130CM1545209615446472NBR328251820260319-1,OK,DASS SEST,136528,1405823,94721,ATAC. MR110029 RECICLADO COR 4203/PET [c331317d-b9a4-4647-810e-43b57df8679e],130CM,15452096,842,15446472NBR3282518,19/03/2026,22/06/2026,11,Ativo,,,900266,c331317d-b9a4-4647-810e-43b57df8679e,NIKE,131336,,,
DASS SEST713652894721140CM1545209615446472NBR328251820260319-1,OK,DASS SEST,136528,1405823,94721,ATAC. MR110029 RECICLADO COR 4203/PET [17b65762-911f-43ce-8d25-de8f7ffaf8a5],140CM,15452096,90,15446472NBR3282518,19/03/2026,22/06/2026,11,Ativo,,,900267,17b65762-911f-43ce-8d25-de8f7ffaf8a5,NIKE,131336,,,
DASS SEST71369019488018MM1549602820260331-1,OK,DASS SEST,136901,1409087,94880,FITA MR100038 C/ GOMA RECICLADO COR 6160/PET / COR 6158/B [75904346-8ed2-4f01-8015-1d84d3406809],18MM,15496028,180,0,31/03/2026,22/06/2026,11,Ativo,,,900268,75904346-8ed2-4f01-8015-1d84d3406809,NIKE,131739,,,
DASS SEST713690694883100CM1549518215492154NBR3331420260331-1,OK,DASS SEST,136906,1409656,94883,ATAC. MR140014 6MM RECICLADO COR 5850/PET [b838bc13-dd22-4d12-8804-262f0e27e508],100CM,15495182,144,15492154NBR33314,31/03/2026,22/06/2026,11,Ativo,,,900269,b838bc13-dd22-4d12-8804-262f0e27e508,NIKE,131743,,,
DASS SEST713690694883105CM1549518215492154NBR3331420260331-1,OK,DASS SEST,136906,1409656,94883,ATAC. MR140014 6MM RECICLADO COR 5850/PET [95ea678e-efd2-4577-999a-a1e7d8ed7db9],105CM,15495182,1028,15492154NBR33314,31/03/2026,22/06/2026,11,Ativo,,,900270,95ea678e-efd2-4577-999a-a1e7d8ed7db9,NIKE,131743,,,
DASS SEST713690694883110CM1549518215492154NBR3331420260331-1,OK,DASS SEST,136906,1409656,94883,ATAC. MR140014 6MM RECICLADO COR 5850/PET [3b85c7f0-6ca9-4b0d-9ac1-bad5886ee15d],110CM,15495182,60,15492154NBR33314,31/03/2026,22/06/2026,11,Ativo,,,900271,3b85c7f0-6ca9-4b0d-9ac1-bad5886ee15d,NIKE,131743,,,
DASS SEST71372697400710MM1554322020260410-1,OK,DASS SEST,137269,1200469,74007,FITA M32164 C/ GOMA POLIESTER COR 4085 [60dd7a06-448c-4ccf-bafb-7e4b6f2d05e0],10MM,15543220,390,0,10/04/2026,22/06/2026,11,Ativo,,,900272,60dd7a06-448c-4ccf-bafb-7e4b6f2d05e0,NIKE,132079,,,
DASS SEST713728488668110CM1554196515536236NBR328263920260410-1,OK,DASS SEST,137284,1304277,88668,ATAC. MR110022 7MM RECICLADO COR 4085/PET / COR 496/PET [ec83d07f-0a22-4b26-8143-fb42fd751cef],110CM,15541965,734,15536236NBR3282639,10/04/2026,22/06/2026,11,Ativo,,,900273,ec83d07f-0a22-4b26-8143-fb42fd751cef,NIKE,132090,,,
DASS SEST713728488668110CM1554196515536237NBR328263920260410-1,OK,DASS SEST,137284,1304277,88668,ATAC. MR110022 7MM RECICLADO COR 4085/PET / COR 496/PET [3840a3f7-09a6-4e67-b8b0-c237134f057e],110CM,15541965,768,15536237NBR3282639,10/04/2026,22/06/2026,11,Ativo,,,900274,3840a3f7-09a6-4e67-b8b0-c237134f057e,NIKE,132090,,,
DASS SEST713728488668110CM1554196515536221NBR328264220260410-1,OK,DASS SEST,137284,1304277,88668,ATAC. MR110022 7MM RECICLADO COR 4085/PET / COR 496/PET [1e55f4b1-3ebb-465e-b77e-fd467421c853],110CM,15541965,216,15536221NBR3282642,10/04/2026,22/06/2026,11,Ativo,,,900275,1e55f4b1-3ebb-465e-b77e-fd467421c853,NIKE,132090,,,
DASS SEST713728488668110CM1554196515536222NBR328264220260410-1,OK,DASS SEST,137284,1304277,88668,ATAC. MR110022 7MM RECICLADO COR 4085/PET / COR 496/PET [ed531429-c2a0-499a-83db-992e6a135a4d],110CM,15541965,240,15536222NBR3282642,10/04/2026,22/06/2026,11,Ativo,,,900276,ed531429-c2a0-499a-83db-992e6a135a4d,NIKE,132090,,,
DASS SEST713728488668110CM1554196515536238NBR328265020260410-1,OK,DASS SEST,137284,1304277,88668,ATAC. MR110022 7MM RECICLADO COR 4085/PET / COR 496/PET [5c63f732-df2c-470b-ab7e-d5b09cc65788],110CM,15541965,746,15536238NBR3282650,10/04/2026,22/06/2026,11,Ativo,,,900277,5c63f732-df2c-470b-ab7e-d5b09cc65788,NIKE,132090,,,
DASS SEST713728488668110CM1554196515536239NBR328265020260410-1,OK,DASS SEST,137284,1304277,88668,ATAC. MR110022 7MM RECICLADO COR 4085/PET / COR 496/PET [0a6053fc-5ea1-4a4e-b30d-60a345b71195],110CM,15541965,810,15536239NBR3282650,10/04/2026,22/06/2026,11,Ativo,,,900278,0a6053fc-5ea1-4a4e-b30d-60a345b71195,NIKE,132090,,,
DASS SEST713728488668115CM1554196515536236NBR328263920260410-1,OK,DASS SEST,137284,1304277,88668,ATAC. MR110022 7MM RECICLADO COR 4085/PET / COR 496/PET [dc67d959-895e-4af6-92d7-37ed6b71cc67],115CM,15541965,30,15536236NBR3282639,10/04/2026,22/06/2026,11,Ativo,,,900279,dc67d959-895e-4af6-92d7-37ed6b71cc67,NIKE,132090,,,
DASS SEST713728488668115CM1554196515536237NBR328263920260410-1,OK,DASS SEST,137284,1304277,88668,ATAC. MR110022 7MM RECICLADO COR 4085/PET / COR 496/PET [e13d58d7-af89-4a0c-bd64-241793780e37],115CM,15541965,12,15536237NBR3282639,10/04/2026,22/06/2026,11,Ativo,,,900280,e13d58d7-af89-4a0c-bd64-241793780e37,NIKE,132090,,,
DASS SEST713728488668115CM1554196515536221NBR328264220260410-1,OK,DASS SEST,137284,1304277,88668,ATAC. MR110022 7MM RECICLADO COR 4085/PET / COR 496/PET [e1e28e2b-edc0-44a2-bbbf-a530806f6498],115CM,15541965,494,15536221NBR3282642,10/04/2026,22/06/2026,11,Ativo,,,900281,e1e28e2b-edc0-44a2-bbbf-a530806f6498,NIKE,132090,,,
DASS SEST713728488668115CM1554196515536222NBR328264220260410-1,OK,DASS SEST,137284,1304277,88668,ATAC. MR110022 7MM RECICLADO COR 4085/PET / COR 496/PET [cfcc8a75-a967-4e90-b1a4-c750f35a00c0],115CM,15541965,498,15536222NBR3282642,10/04/2026,22/06/2026,11,Ativo,,,900282,cfcc8a75-a967-4e90-b1a4-c750f35a00c0,NIKE,132090,,,
DASS SEST713728488668115CM1554196515536238NBR328265020260410-1,OK,DASS SEST,137284,1304277,88668,ATAC. MR110022 7MM RECICLADO COR 4085/PET / COR 496/PET [36ae89e3-12d8-4897-9608-cd9e6a99cc6f],115CM,15541965,48,15536238NBR3282650,10/04/2026,22/06/2026,11,Ativo,,,900283,36ae89e3-12d8-4897-9608-cd9e6a99cc6f,NIKE,132090,,,
DASS SEST713728488668115CM1554196515536239NBR328265020260410-1,OK,DASS SEST,137284,1304277,88668,ATAC. MR110022 7MM RECICLADO COR 4085/PET / COR 496/PET [948180ba-7960-4115-9285-ffc182804d89],115CM,15541965,24,15536239NBR3282650,10/04/2026,22/06/2026,11,Ativo,,,900284,948180ba-7960-4115-9285-ffc182804d89,NIKE,132090,,,
DASS SEST713728488668120CM1554196515536221NBR328264220260410-1,OK,DASS SEST,137284,1304277,88668,ATAC. MR110022 7MM RECICLADO COR 4085/PET / COR 496/PET [38ff2e14-5173-44eb-81eb-cea5f5d86a46],120CM,15541965,96,15536221NBR3282642,10/04/2026,22/06/2026,11,Ativo,,,900285,38ff2e14-5173-44eb-81eb-cea5f5d86a46,NIKE,132090,,,
DASS SEST713728488668120CM1554196515536222NBR328264220260410-1,OK,DASS SEST,137284,1304277,88668,ATAC. MR110022 7MM RECICLADO COR 4085/PET / COR 496/PET [7668aa1c-bb13-40d4-8d75-7c998ebbba46],120CM,15541965,126,15536222NBR3282642,10/04/2026,22/06/2026,11,Ativo,,,900286,7668aa1c-bb13-40d4-8d75-7c998ebbba46,NIKE,132090,,,
DASS SEST713728492431110CM1554196515536256NBR328264120260410-1,OK,DASS SEST,137284,1362000,92431,ATAC. MR110022 7MM RECICLADO COR 4662/PET / COR 4758/PET [c348984d-f152-4c7d-aff8-f67e525d2bf6],110CM,15541965,602,15536256NBR3282641,10/04/2026,22/06/2026,11,Ativo,,,900287,c348984d-f152-4c7d-aff8-f67e525d2bf6,NIKE,132090,,,
DASS SEST713728492431110CM1554196515536257NBR328264120260410-1,OK,DASS SEST,137284,1362000,92431,ATAC. MR110022 7MM RECICLADO COR 4662/PET / COR 4758/PET [d1f37df5-1d96-4add-8520-26ace66e6e1f],110CM,15541965,672,15536257NBR3282641,10/04/2026,22/06/2026,11,Ativo,,,900288,d1f37df5-1d96-4add-8520-26ace66e6e1f,NIKE,132090,,,
DASS SEST713728492431110CM1554196515536260NBR33425-A20260410-1,OK,DASS SEST,137284,1362000,92431,ATAC. MR110022 7MM RECICLADO COR 4662/PET / COR 4758/PET [6c454174-f05a-48d9-ae74-f9e0b7d4a6da],110CM,15541965,987,15536260NBR33425-A,10/04/2026,22/06/2026,11,Ativo,,,900289,6c454174-f05a-48d9-ae74-f9e0b7d4a6da,NIKE,132090,,,
DASS SEST713728492431110CM1554196515536261NBR33425-B20260410-1,OK,DASS SEST,137284,1362000,92431,ATAC. MR110022 7MM RECICLADO COR 4662/PET / COR 4758/PET [a576013f-7efa-43f6-bd65-71d5efec643b],110CM,15541965,1056,15536261NBR33425-B,10/04/2026,22/06/2026,11,Ativo,,,900290,a576013f-7efa-43f6-bd65-71d5efec643b,NIKE,132090,,,
DASS SEST713728492431115CM1554196515536256NBR328264120260410-1,OK,DASS SEST,137284,1362000,92431,ATAC. MR110022 7MM RECICLADO COR 4662/PET / COR 4758/PET [628bde30-bfdb-4cd5-8041-19ddb9cee722],115CM,15541965,18,15536256NBR3282641,10/04/2026,22/06/2026,11,Ativo,,,900291,628bde30-bfdb-4cd5-8041-19ddb9cee722,NIKE,132090,,,
DASS SEST713728492431115CM1554196515536260NBR33425-A20260410-1,OK,DASS SEST,137284,1362000,92431,ATAC. MR110022 7MM RECICLADO COR 4662/PET / COR 4758/PET [a75df081-e2ea-4883-a83b-3043d7db70af],115CM,15541965,18,15536260NBR33425-A,10/04/2026,22/06/2026,11,Ativo,,,900292,a75df081-e2ea-4883-a83b-3043d7db70af,NIKE,132090,,,
DASS SEST713728495027110CM1554196515536248NBR328266220260410-1,OK,DASS SEST,137284,1408855,95027,ATAC. MR110022 7MM RECICLADO COR 4085/PET / COR 596/PET [7ff770e3-9a5e-4734-9862-c2cd8f7995f8],110CM,15541965,240,15536248NBR3282662,10/04/2026,22/06/2026,11,Ativo,,,900293,7ff770e3-9a5e-4734-9862-c2cd8f7995f8,NIKE,132090,,,
DASS SEST713728495027110CM1554196515536249NBR328266220260410-1,OK,DASS SEST,137284,1408855,95027,ATAC. MR110022 7MM RECICLADO COR 4085/PET / COR 596/PET [d7bf6580-1c4f-4577-b41f-1ed0167632e8],110CM,15541965,240,15536249NBR3282662,10/04/2026,22/06/2026,11,Ativo,,,900294,d7bf6580-1c4f-4577-b41f-1ed0167632e8,NIKE,132090,,,
DASS SEST713728495027110CM1554196515536250NBR328266220260410-1,OK,DASS SEST,137284,1408855,95027,ATAC. MR110022 7MM RECICLADO COR 4085/PET / COR 596/PET [635a8a37-41a4-477f-a4a3-73a449e281e2],110CM,15541965,264,15536250NBR3282662,10/04/2026,22/06/2026,11,Ativo,,,900295,635a8a37-41a4-477f-a4a3-73a449e281e2,NIKE,132090,,,
DASS SEST713728495027115CM1554196515536248NBR328266220260410-1,OK,DASS SEST,137284,1408855,95027,ATAC. MR110022 7MM RECICLADO COR 4085/PET / COR 596/PET [dda044f8-6bda-45d3-b300-451ee92b37de],115CM,15541965,573,15536248NBR3282662,10/04/2026,22/06/2026,11,Ativo,,,900296,dda044f8-6bda-45d3-b300-451ee92b37de,NIKE,132090,,,
DASS SEST713728495027115CM1554196515536249NBR328266220260410-1,OK,DASS SEST,137284,1408855,95027,ATAC. MR110022 7MM RECICLADO COR 4085/PET / COR 596/PET [abc05812-186a-46db-9260-02d44efc3714],115CM,15541965,552,15536249NBR3282662,10/04/2026,22/06/2026,11,Ativo,,,900297,abc05812-186a-46db-9260-02d44efc3714,NIKE,132090,,,
DASS SEST713728495027115CM1554196515536250NBR328266220260410-1,OK,DASS SEST,137284,1408855,95027,ATAC. MR110022 7MM RECICLADO COR 4085/PET / COR 596/PET [572f60a5-33bc-40b2-ae55-ff38f8aceecc],115CM,15541965,570,15536250NBR3282662,10/04/2026,22/06/2026,11,Ativo,,,900298,572f60a5-33bc-40b2-ae55-ff38f8aceecc,NIKE,132090,,,
DASS SEST713728495027120CM1554196515536248NBR328266220260410-1,OK,DASS SEST,137284,1408855,95027,ATAC. MR110022 7MM RECICLADO COR 4085/PET / COR 596/PET [73c87fd9-680b-426d-a133-efefa6701c8b],120CM,15541965,144,15536248NBR3282662,10/04/2026,22/06/2026,11,Ativo,,,900299,73c87fd9-680b-426d-a133-efefa6701c8b,NIKE,132090,,,
DASS SEST713728495027120CM1554196515536249NBR328266220260410-1,OK,DASS SEST,137284,1408855,95027,ATAC. MR110022 7MM RECICLADO COR 4085/PET / COR 596/PET [3875fab1-6d07-47a8-9a8c-6f59f8057ea6],120CM,15541965,132,15536249NBR3282662,10/04/2026,22/06/2026,11,Ativo,,,900300,3875fab1-6d07-47a8-9a8c-6f59f8057ea6,NIKE,132090,,,
DASS SEST713728495027120CM1554196515536250NBR328266220260410-1,OK,DASS SEST,137284,1408855,95027,ATAC. MR110022 7MM RECICLADO COR 4085/PET / COR 596/PET [dd897b99-7a7b-4387-b4d8-fabee8e0c942],120CM,15541965,162,15536250NBR3282662,10/04/2026,22/06/2026,11,Ativo,,,900301,dd897b99-7a7b-4387-b4d8-fabee8e0c942,NIKE,132090,,,
DASS SEST713728486978100CM1554196515538710NBR328254220260410-1,OK,DASS SEST,137284,1299257,86978,ATAC. MR130027 6MM RECICLADO COR 4085/PET [20c58ba0-dfe9-4e48-b455-c88ec99037f0],100CM,15541965,168,15538710NBR3282542,10/04/2026,22/06/2026,11,Ativo,,,900302,20c58ba0-dfe9-4e48-b455-c88ec99037f0,NIKE,132090,,,
DASS SEST713728486978100CM1554196515538711NBR328254220260410-1,OK,DASS SEST,137284,1299257,86978,ATAC. MR130027 6MM RECICLADO COR 4085/PET [8f034ab7-7cb7-4f43-8bad-a455495b40bb],100CM,15541965,168,15538711NBR3282542,10/04/2026,22/06/2026,11,Ativo,,,900303,8f034ab7-7cb7-4f43-8bad-a455495b40bb,NIKE,132090,,,
DASS SEST713728486978100CM1554196515538712NBR328254220260410-1,OK,DASS SEST,137284,1299257,86978,ATAC. MR130027 6MM RECICLADO COR 4085/PET [58d5f5f5-7a8f-4939-b6e5-250ef1d48dee],100CM,15541965,192,15538712NBR3282542,10/04/2026,22/06/2026,11,Ativo,,,900304,58d5f5f5-7a8f-4939-b6e5-250ef1d48dee,NIKE,132090,,,
DASS SEST713728486978100CM1554196515538691NBR328260520260410-1,OK,DASS SEST,137284,1299257,86978,ATAC. MR130027 6MM RECICLADO COR 4085/PET [6d9c81fc-34d7-4ec5-b15a-a8eed5e6f80c],100CM,15541965,168,15538691NBR3282605,10/04/2026,22/06/2026,11,Ativo,,,900305,6d9c81fc-34d7-4ec5-b15a-a8eed5e6f80c,NIKE,132090,,,
DASS SEST713728486978100CM1554196515538692NBR328260520260410-1,OK,DASS SEST,137284,1299257,86978,ATAC. MR130027 6MM RECICLADO COR 4085/PET [a2b1a2a2-b8f5-4561-a303-7493b7fb0923],100CM,15541965,186,15538692NBR3282605,10/04/2026,22/06/2026,11,Ativo,,,900306,a2b1a2a2-b8f5-4561-a303-7493b7fb0923,NIKE,132090,,,
DASS SEST713728486978105CM1554196515538710NBR328254220260410-1,OK,DASS SEST,137284,1299257,86978,ATAC. MR130027 6MM RECICLADO COR 4085/PET [bf15f059-c74c-45df-82ed-ae83b13fab09],105CM,15541965,537,15538710NBR3282542,10/04/2026,22/06/2026,11,Ativo,,,900307,bf15f059-c74c-45df-82ed-ae83b13fab09,NIKE,132090,,,
DASS SEST713728486978105CM1554196515538711NBR328254220260410-1,OK,DASS SEST,137284,1299257,86978,ATAC. MR130027 6MM RECICLADO COR 4085/PET [c8d00288-4dd0-473b-b803-3b342b78a117],105CM,15541965,528,15538711NBR3282542,10/04/2026,22/06/2026,11,Ativo,,,900308,c8d00288-4dd0-473b-b803-3b342b78a117,NIKE,132090,,,
DASS SEST713728486978105CM1554196515538712NBR328254220260410-1,OK,DASS SEST,137284,1299257,86978,ATAC. MR130027 6MM RECICLADO COR 4085/PET [91bd9c91-345f-4d8e-bc59-4e4f1d8057d1],105CM,15541965,552,15538712NBR3282542,10/04/2026,22/06/2026,11,Ativo,,,900309,91bd9c91-345f-4d8e-bc59-4e4f1d8057d1,NIKE,132090,,,
DASS SEST713728486978105CM1554196515538691NBR328260520260410-1,OK,DASS SEST,137284,1299257,86978,ATAC. MR130027 6MM RECICLADO COR 4085/PET [f27b1441-2892-4a53-ad9b-3e9f3e7ee1b2],105CM,15541965,536,15538691NBR3282605,10/04/2026,22/06/2026,11,Ativo,,,900310,f27b1441-2892-4a53-ad9b-3e9f3e7ee1b2,NIKE,132090,,,
DASS SEST713728486978105CM1554196515538692NBR328260520260410-1,OK,DASS SEST,137284,1299257,86978,ATAC. MR130027 6MM RECICLADO COR 4085/PET [e8f4258b-37d5-4854-8a93-f63a9ecf8c4f],105CM,15541965,546,15538692NBR3282605,10/04/2026,22/06/2026,11,Ativo,,,900311,e8f4258b-37d5-4854-8a93-f63a9ecf8c4f,NIKE,132090,,,
DASS SEST713728486978110CM1554196515538710NBR328254220260410-1,OK,DASS SEST,137284,1299257,86978,ATAC. MR130027 6MM RECICLADO COR 4085/PET [79f170ec-fdde-48f2-bc3f-c1314c8d699f],110CM,15541965,156,15538710NBR3282542,10/04/2026,22/06/2026,11,Ativo,,,900312,79f170ec-fdde-48f2-bc3f-c1314c8d699f,NIKE,132090,,,
DASS SEST713728486978110CM1554196515538711NBR328254220260410-1,OK,DASS SEST,137284,1299257,86978,ATAC. MR130027 6MM RECICLADO COR 4085/PET [4695e210-ea75-43dc-accd-6f0798d387ed],110CM,15541965,144,15538711NBR3282542,10/04/2026,22/06/2026,11,Ativo,,,900313,4695e210-ea75-43dc-accd-6f0798d387ed,NIKE,132090,,,
DASS SEST713728486978110CM1554196515538712NBR328254220260410-1,OK,DASS SEST,137284,1299257,86978,ATAC. MR130027 6MM RECICLADO COR 4085/PET [b8da5048-33b9-4b80-aeb6-3f1cd8850c9b],110CM,15541965,168,15538712NBR3282542,10/04/2026,22/06/2026,11,Ativo,,,900314,b8da5048-33b9-4b80-aeb6-3f1cd8850c9b,NIKE,132090,,,
DASS SEST713728486978110CM1554196515538691NBR328260520260410-1,OK,DASS SEST,137284,1299257,86978,ATAC. MR130027 6MM RECICLADO COR 4085/PET [8797c4ae-5020-4d29-9c31-4d21d76bf8fc],110CM,15541965,144,15538691NBR3282605,10/04/2026,22/06/2026,11,Ativo,,,900315,8797c4ae-5020-4d29-9c31-4d21d76bf8fc,NIKE,132090,,,
DASS SEST713728486978110CM1554196515538692NBR328260520260410-1,OK,DASS SEST,137284,1299257,86978,ATAC. MR130027 6MM RECICLADO COR 4085/PET [2dbd8417-64e1-4c65-a4ee-674aca9b3dbf],110CM,15541965,174,15538692NBR3282605,10/04/2026,22/06/2026,11,Ativo,,,900316,2dbd8417-64e1-4c65-a4ee-674aca9b3dbf,NIKE,132090,,,
DASS SEST713728488671105CM1554196515537937NBR328252520260410-1,OK,DASS SEST,137284,1301801,88671,ATAC. MR130027 6MM RECICLADO COR 4588/PET [553b765f-2147-4146-9883-49c8272bbf69],105CM,15541965,516,15537937NBR3282525,10/04/2026,22/06/2026,11,Ativo,,,900317,553b765f-2147-4146-9883-49c8272bbf69,NIKE,132090,,,
DASS SEST713728488671105CM1554196515537938NBR328252520260410-1,OK,DASS SEST,137284,1301801,88671,ATAC. MR130027 6MM RECICLADO COR 4588/PET [17152ce8-0be6-4473-be6e-062234957f17],105CM,15541965,558,15537938NBR3282525,10/04/2026,22/06/2026,11,Ativo,,,900318,17152ce8-0be6-4473-be6e-062234957f17,NIKE,132090,,,
DASS SEST713728488671110CM1554196515537937NBR328252520260410-1,OK,DASS SEST,137284,1301801,88671,ATAC. MR130027 6MM RECICLADO COR 4588/PET [04e749d1-5c4c-4897-a315-79b473e3cf25],110CM,15541965,555,15537937NBR3282525,10/04/2026,22/06/2026,11,Ativo,,,900319,04e749d1-5c4c-4897-a315-79b473e3cf25,NIKE,132090,,,
DASS SEST713728488671110CM1554196515537938NBR328252520260410-1,OK,DASS SEST,137284,1301801,88671,ATAC. MR130027 6MM RECICLADO COR 4588/PET [0f5386dd-2386-4bd2-90ef-071791c891de],110CM,15541965,594,15537938NBR3282525,10/04/2026,22/06/2026,11,Ativo,,,900320,0f5386dd-2386-4bd2-90ef-071791c891de,NIKE,132090,,,
DASS SEST713728488671115CM1554196515537937NBR328252520260410-1,OK,DASS SEST,137284,1301801,88671,ATAC. MR130027 6MM RECICLADO COR 4588/PET [608929c4-5940-4e32-b269-e0386b27ee55],115CM,15541965,18,15537937NBR3282525,10/04/2026,22/06/2026,11,Ativo,,,900321,608929c4-5940-4e32-b269-e0386b27ee55,NIKE,132090,,,
DASS SEST713728488671115CM1554196515537938NBR328252520260410-1,OK,DASS SEST,137284,1301801,88671,ATAC. MR130027 6MM RECICLADO COR 4588/PET [eb180fec-8945-410c-9128-3f5f5634efd7],115CM,15541965,12,15537938NBR3282525,10/04/2026,22/06/2026,11,Ativo,,,900322,eb180fec-8945-410c-9128-3f5f5634efd7,NIKE,132090,,,
DASS SEST713728493774110CM1554196515537966NBR33381-A20260410-1,OK,DASS SEST,137284,1384403,93774,ATAC. MR130027 6MM RECICLADO COR 6077/PET [735f639e-cdb1-456f-8d5d-4a369dc7ed4e],110CM,15541965,156,15537966NBR33381-A,10/04/2026,22/06/2026,11,Ativo,,,900323,735f639e-cdb1-456f-8d5d-4a369dc7ed4e,NIKE,132090,,,
DASS SEST713728493774110CM1554196515537967NBR33381-B20260410-1,OK,DASS SEST,137284,1384403,93774,ATAC. MR130027 6MM RECICLADO COR 6077/PET [c9fcfe66-7346-42dc-88d8-b3fb01b05ef2],110CM,15541965,174,15537967NBR33381-B,10/04/2026,22/06/2026,11,Ativo,,,900324,c9fcfe66-7346-42dc-88d8-b3fb01b05ef2,NIKE,132090,,,
DASS SEST713728493774115CM1554196515537966NBR33381-A20260410-1,OK,DASS SEST,137284,1384403,93774,ATAC. MR130027 6MM RECICLADO COR 6077/PET [57f7e4ef-c564-4328-8b20-cd9401bc5bed],115CM,15541965,410,15537966NBR33381-A,10/04/2026,22/06/2026,11,Ativo,,,900325,57f7e4ef-c564-4328-8b20-cd9401bc5bed,NIKE,132090,,,
DASS SEST713728493774115CM1554196515537967NBR33381-B20260410-1,OK,DASS SEST,137284,1384403,93774,ATAC. MR130027 6MM RECICLADO COR 6077/PET [b63e823c-8c18-4077-853b-bf420881a874],115CM,15541965,420,15537967NBR33381-B,10/04/2026,22/06/2026,11,Ativo,,,900326,b63e823c-8c18-4077-853b-bf420881a874,NIKE,132090,,,
DASS SEST713728493774120CM1554196515537966NBR33381-A20260410-1,OK,DASS SEST,137284,1384403,93774,ATAC. MR130027 6MM RECICLADO COR 6077/PET [db2e9a7e-71ed-4995-b63b-fadb3ebc066d],120CM,15541965,72,15537966NBR33381-A,10/04/2026,22/06/2026,11,Ativo,,,900327,db2e9a7e-71ed-4995-b63b-fadb3ebc066d,NIKE,132090,,,
DASS SEST713728493774120CM1554196515537967NBR33381-B20260410-1,OK,DASS SEST,137284,1384403,93774,ATAC. MR130027 6MM RECICLADO COR 6077/PET [b0a68916-3aab-4efb-8764-52a886292e22],120CM,15541965,60,15537967NBR33381-B,10/04/2026,22/06/2026,11,Ativo,,,900328,b0a68916-3aab-4efb-8764-52a886292e22,NIKE,132090,,,
DASS SEST713728495029105CM1554196515537955NBR33452-A20260410-1,OK,DASS SEST,137284,1409832,95029,ATAC. MR130027 6MM RECICLADO COR 6070/PET [f1554171-bcf2-425e-aab2-88500072995f],105CM,15541965,456,15537955NBR33452-A,10/04/2026,22/06/2026,11,Ativo,,,900329,f1554171-bcf2-425e-aab2-88500072995f,NIKE,132090,,,
DASS SEST713728495029105CM1554196515537956NBR33452-B20260410-1,OK,DASS SEST,137284,1409832,95029,ATAC. MR130027 6MM RECICLADO COR 6070/PET [c44bdaaf-92dc-4bf6-8681-62323df9443d],105CM,15541965,474,15537956NBR33452-B,10/04/2026,22/06/2026,11,Ativo,,,900330,c44bdaaf-92dc-4bf6-8681-62323df9443d,NIKE,132090,,,
DASS SEST713728495029110CM1554196515537955NBR33452-A20260410-1,OK,DASS SEST,137284,1409832,95029,ATAC. MR130027 6MM RECICLADO COR 6070/PET [ce8ddbd2-d2fa-4efe-b742-47498de948f9],110CM,15541965,531,15537955NBR33452-A,10/04/2026,22/06/2026,11,Ativo,,,900331,ce8ddbd2-d2fa-4efe-b742-47498de948f9,NIKE,132090,,,
DASS SEST713728495029110CM1554196515537956NBR33452-B20260410-1,OK,DASS SEST,137284,1409832,95029,ATAC. MR130027 6MM RECICLADO COR 6070/PET [9d2e2be2-aaf0-4156-8a64-328e5534476c],110CM,15541965,558,15537956NBR33452-B,10/04/2026,22/06/2026,11,Ativo,,,900332,9d2e2be2-aaf0-4156-8a64-328e5534476c,NIKE,132090,,,
DASS SEST713728495029115CM1554196515537955NBR33452-A20260410-1,OK,DASS SEST,137284,1409832,95029,ATAC. MR130027 6MM RECICLADO COR 6070/PET [adcf36bf-1f68-486a-9dbd-ee4cabe360f0],115CM,15541965,84,15537955NBR33452-A,10/04/2026,22/06/2026,11,Ativo,,,900333,adcf36bf-1f68-486a-9dbd-ee4cabe360f0,NIKE,132090,,,
DASS SEST713728495029115CM1554196515537956NBR33452-B20260410-1,OK,DASS SEST,137284,1409832,95029,ATAC. MR130027 6MM RECICLADO COR 6070/PET [be318465-db57-4b56-9ab8-194025fe7769],115CM,15541965,72,15537956NBR33452-B,10/04/2026,22/06/2026,11,Ativo,,,900334,be318465-db57-4b56-9ab8-194025fe7769,NIKE,132090,,,
DASS SEST713730895044110CM1554418615536269NBR328263020260410-1,OK,DASS SEST,137308,1421417,95044,ATAC. MR110022 7MM RECICLADO COR 6082/PET / COR 5481/PET [2d210d54-cc7c-47d2-8880-791f96e9de71],110CM,15544186,228,15536269NBR3282630,10/04/2026,22/06/2026,11,Ativo,,,900335,2d210d54-cc7c-47d2-8880-791f96e9de71,NIKE,132120,,,
DASS SEST713730895044115CM1554418615536269NBR328263020260410-1,OK,DASS SEST,137308,1421417,95044,ATAC. MR110022 7MM RECICLADO COR 6082/PET / COR 5481/PET [985835e2-2a09-4501-bd2a-03a7dc563e9b],115CM,15544186,650,15536269NBR3282630,10/04/2026,22/06/2026,11,Ativo,,,900336,985835e2-2a09-4501-bd2a-03a7dc563e9b,NIKE,132120,,,
DASS SEST713730895044120CM1554418615536269NBR328263020260410-1,OK,DASS SEST,137308,1421417,95044,ATAC. MR110022 7MM RECICLADO COR 6082/PET / COR 5481/PET [1b5ae7a2-dfd9-4f88-886f-b9412add4082],120CM,15544186,216,15536269NBR3282630,10/04/2026,22/06/2026,11,Ativo,,,900337,1b5ae7a2-dfd9-4f88-886f-b9412add4082,NIKE,132120,,,
DASS SEST71379287655590CM1563190215614125NBR328261920260428-1,OK,DASS SEST,137928,1070873,76555,ATAC. MR130011 5MM RECICLADO COR 4085 [ce0457e4-60e7-4f5a-860d-f2b0b889d9b2],90CM,15631902,686,15614125NBR3282619,28/04/2026,22/06/2026,11,Ativo,,,900338,ce0457e4-60e7-4f5a-860d-f2b0b889d9b2,NIKE,132705,,,
DASS SEST71379287655590CM1563190215614126NBR328261920260428-1,OK,DASS SEST,137928,1070873,76555,ATAC. MR130011 5MM RECICLADO COR 4085 [e0f293e7-5026-4659-8f08-cca123495526],90CM,15631902,690,15614126NBR3282619,28/04/2026,22/06/2026,11,Ativo,,,900339,e0f293e7-5026-4659-8f08-cca123495526,NIKE,132705,,,
DASS SEST71379287655595CM1563190215614125NBR328261920260428-1,OK,DASS SEST,137928,1070873,76555,ATAC. MR130011 5MM RECICLADO COR 4085 [d55f15a1-fbca-4298-97ae-fc9224e284db],95CM,15631902,240,15614125NBR3282619,28/04/2026,22/06/2026,11,Ativo,,,900340,d55f15a1-fbca-4298-97ae-fc9224e284db,NIKE,132705,,,
DASS SEST71379287655595CM1563190215614126NBR328261920260428-1,OK,DASS SEST,137928,1070873,76555,ATAC. MR130011 5MM RECICLADO COR 4085 [abde0680-bcdd-4e41-b858-733562cf2487],95CM,15631902,246,15614126NBR3282619,28/04/2026,22/06/2026,11,Ativo,,,900341,abde0680-bcdd-4e41-b858-733562cf2487,NIKE,132705,,,
DASS SEST713792876555105CM1563190215614160NBR328252720260428-1,OK,DASS SEST,137928,1070873,76555,ATAC. MR130011 5MM RECICLADO COR 4085 [c71a7c69-1344-47c8-9c46-553e2fe8e6b8],105CM,15631902,318,15614160NBR3282527,28/04/2026,22/06/2026,11,Ativo,,,900342,c71a7c69-1344-47c8-9c46-553e2fe8e6b8,NIKE,132705,,,
DASS SEST713792876555105CM1563190215614146NBR3328320260428-1,OK,DASS SEST,137928,1070873,76555,ATAC. MR130011 5MM RECICLADO COR 4085 [50a41144-d823-41e4-9eac-167531ad5300],105CM,15631902,264,15614146NBR33283,28/04/2026,22/06/2026,11,Ativo,,,900343,50a41144-d823-41e4-9eac-167531ad5300,NIKE,132705,,,
DASS SEST713792876555110CM1563190215614160NBR328252720260428-1,OK,DASS SEST,137928,1070873,76555,ATAC. MR130011 5MM RECICLADO COR 4085 [98ae5330-800c-4982-9771-9a1952780646],110CM,15631902,800,15614160NBR3282527,28/04/2026,22/06/2026,11,Ativo,,,900344,98ae5330-800c-4982-9771-9a1952780646,NIKE,132705,,,
DASS SEST713792876555110CM1563190215614146NBR3328320260428-1,OK,DASS SEST,137928,1070873,76555,ATAC. MR130011 5MM RECICLADO COR 4085 [ec61cdfe-92fe-479b-892c-e15b929c848a],110CM,15631902,614,15614146NBR33283,28/04/2026,22/06/2026,11,Ativo,,,900345,ec61cdfe-92fe-479b-892c-e15b929c848a,NIKE,132705,,,
DASS SEST713792876555115CM1563190215614160NBR328252720260428-1,OK,DASS SEST,137928,1070873,76555,ATAC. MR130011 5MM RECICLADO COR 4085 [48d5aeb4-ab93-42f8-8c37-993a113002e4],115CM,15631902,258,15614160NBR3282527,28/04/2026,22/06/2026,11,Ativo,,,900346,48d5aeb4-ab93-42f8-8c37-993a113002e4,NIKE,132705,,,
DASS SEST713792876555115CM1563190215614146NBR3328320260428-1,OK,DASS SEST,137928,1070873,76555,ATAC. MR130011 5MM RECICLADO COR 4085 [c40a5aee-da84-40f2-bafd-c7d8e19db265],115CM,15631902,192,15614146NBR33283,28/04/2026,22/06/2026,11,Ativo,,,900347,c40a5aee-da84-40f2-bafd-c7d8e19db265,NIKE,132705,,,
DASS SEST713792895102105CM1563190215614178NBR33389-A20260428-1,OK,DASS SEST,137928,1418335,95102,ATAC. MR130011 5MM RECICLADO COR 6191/PET [a318fc48-a1fc-4041-a3a9-55b7414ff39b],105CM,15631902,222,15614178NBR33389-A,28/04/2026,22/06/2026,11,Ativo,,,900348,a318fc48-a1fc-4041-a3a9-55b7414ff39b,NIKE,132705,,,
DASS SEST713792895102105CM1563190215614179NBR33389-B20260428-1,OK,DASS SEST,137928,1418335,95102,ATAC. MR130011 5MM RECICLADO COR 6191/PET [faa14bf3-ac39-4d45-aa3c-b15e4bb3c38c],105CM,15631902,228,15614179NBR33389-B,28/04/2026,22/06/2026,11,Ativo,,,900349,faa14bf3-ac39-4d45-aa3c-b15e4bb3c38c,NIKE,132705,,,
DASS SEST713792895102110CM1563190215614178NBR33389-A20260428-1,OK,DASS SEST,137928,1418335,95102,ATAC. MR130011 5MM RECICLADO COR 6191/PET [6217846d-0fc3-4c20-851f-220a05839da3],110CM,15631902,428,15614178NBR33389-A,28/04/2026,22/06/2026,11,Ativo,,,900350,6217846d-0fc3-4c20-851f-220a05839da3,NIKE,132705,,,
DASS SEST713792895102110CM1563190215614179NBR33389-B20260428-1,OK,DASS SEST,137928,1418335,95102,ATAC. MR130011 5MM RECICLADO COR 6191/PET [9a2f5041-231a-462c-b653-14ef4ff56de0],110CM,15631902,414,15614179NBR33389-B,28/04/2026,22/06/2026,11,Ativo,,,900351,9a2f5041-231a-462c-b653-14ef4ff56de0,NIKE,132705,,,
DASS SEST713792895102115CM1563190215614178NBR33389-A20260428-1,OK,DASS SEST,137928,1418335,95102,ATAC. MR130011 5MM RECICLADO COR 6191/PET [b5168675-b2e5-431c-be58-7e3e14da1e48],115CM,15631902,120,15614178NBR33389-A,28/04/2026,22/06/2026,11,Ativo,,,900352,b5168675-b2e5-431c-be58-7e3e14da1e48,NIKE,132705,,,
DASS SEST713792895102115CM1563190215614179NBR33389-B20260428-1,OK,DASS SEST,137928,1418335,95102,ATAC. MR130011 5MM RECICLADO COR 6191/PET [02c02e99-43cb-4c7d-a990-91b3b00fb8bd],115CM,15631902,156,15614179NBR33389-B,28/04/2026,22/06/2026,11,Ativo,,,900353,02c02e99-43cb-4c7d-a990-91b3b00fb8bd,NIKE,132705,,,
DASS SEST713792882628100CM1563190215614138NBR328263420260428-1,OK,DASS SEST,137928,1188919,82628,ATAC. MR140014 6MM RECICLADO COR 4085/PET [34dd9e33-d339-40f9-838c-fbbc80765d06],100CM,15631902,264,15614138NBR3282634,28/04/2026,22/06/2026,11,Ativo,,,900354,34dd9e33-d339-40f9-838c-fbbc80765d06,NIKE,132705,,,
DASS SEST713792882628100CM1563190215614139NBR328263420260428-1,OK,DASS SEST,137928,1188919,82628,ATAC. MR140014 6MM RECICLADO COR 4085/PET [e0e12c4f-3d96-4989-a0e9-1f857f15642d],100CM,15631902,276,15614139NBR3282634,28/04/2026,22/06/2026,11,Ativo,,,900355,e0e12c4f-3d96-4989-a0e9-1f857f15642d,NIKE,132705,,,
DASS SEST713792882628105CM1563190215614132NBR328259520260428-1,OK,DASS SEST,137928,1188919,82628,ATAC. MR140014 6MM RECICLADO COR 4085/PET [9f629b03-3927-4e51-8d8a-a35c640bd8c3],105CM,15631902,144,15614132NBR3282595,28/04/2026,22/06/2026,11,Ativo,,,900356,9f629b03-3927-4e51-8d8a-a35c640bd8c3,NIKE,132705,,,
DASS SEST713792882628105CM1563190215614133NBR328259520260428-1,OK,DASS SEST,137928,1188919,82628,ATAC. MR140014 6MM RECICLADO COR 4085/PET [9d9c0e34-7b60-416f-9e1c-76523e52dc1c],105CM,15631902,144,15614133NBR3282595,28/04/2026,22/06/2026,11,Ativo,,,900357,9d9c0e34-7b60-416f-9e1c-76523e52dc1c,NIKE,132705,,,
DASS SEST713792882628105CM1563190215614134NBR328259820260428-1,OK,DASS SEST,137928,1188919,82628,ATAC. MR140014 6MM RECICLADO COR 4085/PET [ce8c3a24-3b09-4d27-9fd9-895e214fe17f],105CM,15631902,228,15614134NBR3282598,28/04/2026,22/06/2026,11,Ativo,,,900358,ce8c3a24-3b09-4d27-9fd9-895e214fe17f,NIKE,132705,,,
DASS SEST713792882628105CM1563190215614135NBR328259820260428-1,OK,DASS SEST,137928,1188919,82628,ATAC. MR140014 6MM RECICLADO COR 4085/PET [b15ea47a-04aa-4dd9-b802-4abf8a908885],105CM,15631902,246,15614135NBR3282598,28/04/2026,22/06/2026,11,Ativo,,,900359,b15ea47a-04aa-4dd9-b802-4abf8a908885,NIKE,132705,,,
DASS SEST713792882628105CM1563190215614144NBR328263120260428-1,OK,DASS SEST,137928,1188919,82628,ATAC. MR140014 6MM RECICLADO COR 4085/PET [bfe14245-5d36-489e-b76a-c6ae363a3c02],105CM,15631902,216,15614144NBR3282631,28/04/2026,22/06/2026,11,Ativo,,,900360,bfe14245-5d36-489e-b76a-c6ae363a3c02,NIKE,132705,,,
DASS SEST713792882628105CM1563190215614145NBR328263120260428-1,OK,DASS SEST,137928,1188919,82628,ATAC. MR140014 6MM RECICLADO COR 4085/PET [a3d144c1-2f58-4d4d-836a-60379481e543],105CM,15631902,228,15614145NBR3282631,28/04/2026,22/06/2026,11,Ativo,,,900361,a3d144c1-2f58-4d4d-836a-60379481e543,NIKE,132705,,,
DASS SEST713792882628105CM1563190215614148NBR328263220260428-1,OK,DASS SEST,137928,1188919,82628,ATAC. MR140014 6MM RECICLADO COR 4085/PET [994c3131-b484-4033-86bd-d3b5fba90cb9],105CM,15631902,276,15614148NBR3282632,28/04/2026,22/06/2026,11,Ativo,,,900362,994c3131-b484-4033-86bd-d3b5fba90cb9,NIKE,132705,,,
DASS SEST713792882628105CM1563190215614138NBR328263420260428-1,OK,DASS SEST,137928,1188919,82628,ATAC. MR140014 6MM RECICLADO COR 4085/PET [3196db47-198e-4a98-8b15-e1d20c656f7d],105CM,15631902,843,15614138NBR3282634,28/04/2026,22/06/2026,11,Ativo,,,900363,3196db47-198e-4a98-8b15-e1d20c656f7d,NIKE,132705,,,
DASS SEST713792882628105CM1563190215614139NBR328263420260428-1,OK,DASS SEST,137928,1188919,82628,ATAC. MR140014 6MM RECICLADO COR 4085/PET [ca2a5b0f-131d-4e17-a532-e54539b94483],105CM,15631902,882,15614139NBR3282634,28/04/2026,22/06/2026,11,Ativo,,,900364,ca2a5b0f-131d-4e17-a532-e54539b94483,NIKE,132705,,,
DASS SEST713792882628110CM1563190215614132NBR328259520260428-1,OK,DASS SEST,137928,1188919,82628,ATAC. MR140014 6MM RECICLADO COR 4085/PET [ccc522e8-0d2e-4027-8a63-211a7086f9cb],110CM,15631902,597,15614132NBR3282595,28/04/2026,22/06/2026,11,Ativo,,,900365,ccc522e8-0d2e-4027-8a63-211a7086f9cb,NIKE,132705,,,
DASS SEST713792882628110CM1563190215614133NBR328259520260428-1,OK,DASS SEST,137928,1188919,82628,ATAC. MR140014 6MM RECICLADO COR 4085/PET [c617160c-e086-4af5-a83e-385d40d3d89d],110CM,15631902,582,15614133NBR3282595,28/04/2026,22/06/2026,11,Ativo,,,900366,c617160c-e086-4af5-a83e-385d40d3d89d,NIKE,132705,,,
DASS SEST713792882628110CM1563190215614134NBR328259820260428-1,OK,DASS SEST,137928,1188919,82628,ATAC. MR140014 6MM RECICLADO COR 4085/PET [435a1e4f-10b8-458d-9726-efbd6bf2b9d9],110CM,15631902,548,15614134NBR3282598,28/04/2026,22/06/2026,11,Ativo,,,900367,435a1e4f-10b8-458d-9726-efbd6bf2b9d9,NIKE,132705,,,
DASS SEST713792882628110CM1563190215614135NBR328259820260428-1,OK,DASS SEST,137928,1188919,82628,ATAC. MR140014 6MM RECICLADO COR 4085/PET [9edc91bd-9777-4700-b2ab-a143fa9e60a4],110CM,15631902,558,15614135NBR3282598,28/04/2026,22/06/2026,11,Ativo,,,900368,9edc91bd-9777-4700-b2ab-a143fa9e60a4,NIKE,132705,,,
DASS SEST713792882628110CM1563190215614144NBR328263120260428-1,OK,DASS SEST,137928,1188919,82628,ATAC. MR140014 6MM RECICLADO COR 4085/PET [ebced93c-95d6-463a-8acf-88c2c4d050fc],110CM,15631902,741,15614144NBR3282631,28/04/2026,22/06/2026,11,Ativo,,,900369,ebced93c-95d6-463a-8acf-88c2c4d050fc,NIKE,132705,,,
DASS SEST713792882628110CM1563190215614145NBR328263120260428-1,OK,DASS SEST,137928,1188919,82628,ATAC. MR140014 6MM RECICLADO COR 4085/PET [16a82579-4c96-45da-9114-cdb1d4c27176],110CM,15631902,750,15614145NBR3282631,28/04/2026,22/06/2026,11,Ativo,,,900370,16a82579-4c96-45da-9114-cdb1d4c27176,NIKE,132705,,,
DASS SEST713792882628110CM1563190215614148NBR328263220260428-1,OK,DASS SEST,137928,1188919,82628,ATAC. MR140014 6MM RECICLADO COR 4085/PET [1774c006-1912-4342-8b9d-ea7fb86e67ca],110CM,15631902,746,15614148NBR3282632,28/04/2026,22/06/2026,11,Ativo,,,900371,1774c006-1912-4342-8b9d-ea7fb86e67ca,NIKE,132705,,,
DASS SEST713792882628110CM1563190215614138NBR328263420260428-1,OK,DASS SEST,137928,1188919,82628,ATAC. MR140014 6MM RECICLADO COR 4085/PET [2fd3c5b4-df8c-42b4-90ff-ec85dc033b4f],110CM,15631902,18,15614138NBR3282634,28/04/2026,22/06/2026,11,Ativo,,,900372,2fd3c5b4-df8c-42b4-90ff-ec85dc033b4f,NIKE,132705,,,
DASS SEST713792882628110CM1563190215614139NBR328263420260428-1,OK,DASS SEST,137928,1188919,82628,ATAC. MR140014 6MM RECICLADO COR 4085/PET [7fdf5e75-2696-4d16-8d38-33d61363030c],110CM,15631902,24,15614139NBR3282634,28/04/2026,22/06/2026,11,Ativo,,,900373,7fdf5e75-2696-4d16-8d38-33d61363030c,NIKE,132705,,,
DASS SEST713792882628115CM1563190215614132NBR328259520260428-1,OK,DASS SEST,137928,1188919,82628,ATAC. MR140014 6MM RECICLADO COR 4085/PET [22d2348d-e2b4-405c-bd19-31ce6eeb6b50],115CM,15631902,276,15614132NBR3282595,28/04/2026,22/06/2026,11,Ativo,,,900374,22d2348d-e2b4-405c-bd19-31ce6eeb6b50,NIKE,132705,,,
DASS SEST713792882628115CM1563190215614133NBR328259520260428-1,OK,DASS SEST,137928,1188919,82628,ATAC. MR140014 6MM RECICLADO COR 4085/PET [b5bddc54-1abe-4143-83b2-7340853e3a99],115CM,15631902,288,15614133NBR3282595,28/04/2026,22/06/2026,11,Ativo,,,900375,b5bddc54-1abe-4143-83b2-7340853e3a99,NIKE,132705,,,
DASS SEST713792882628115CM1563190215614134NBR328259820260428-1,OK,DASS SEST,137928,1188919,82628,ATAC. MR140014 6MM RECICLADO COR 4085/PET [35012353-8a3c-4abf-a816-4140077c1a0a],115CM,15631902,144,15614134NBR3282598,28/04/2026,22/06/2026,11,Ativo,,,900376,35012353-8a3c-4abf-a816-4140077c1a0a,NIKE,132705,,,
DASS SEST713792882628115CM1563190215614135NBR328259820260428-1,OK,DASS SEST,137928,1188919,82628,ATAC. MR140014 6MM RECICLADO COR 4085/PET [688dbbfb-8b03-40cb-9692-4dc1f657c89d],115CM,15631902,144,15614135NBR3282598,28/04/2026,22/06/2026,11,Ativo,,,900377,688dbbfb-8b03-40cb-9692-4dc1f657c89d,NIKE,132705,,,
DASS SEST713792882628115CM1563190215614144NBR328263120260428-1,OK,DASS SEST,137928,1188919,82628,ATAC. MR140014 6MM RECICLADO COR 4085/PET [c4596b35-6b72-4cf1-8fa9-718adde9cf70],115CM,15631902,216,15614144NBR3282631,28/04/2026,22/06/2026,11,Ativo,,,900378,c4596b35-6b72-4cf1-8fa9-718adde9cf70,NIKE,132705,,,
DASS SEST713792882628115CM1563190215614145NBR328263120260428-1,OK,DASS SEST,137928,1188919,82628,ATAC. MR140014 6MM RECICLADO COR 4085/PET [5ab68269-93aa-4e6e-9031-f3d889e60ffc],115CM,15631902,240,15614145NBR3282631,28/04/2026,22/06/2026,11,Ativo,,,900379,5ab68269-93aa-4e6e-9031-f3d889e60ffc,NIKE,132705,,,
DASS SEST713792882628115CM1563190215614148NBR328263220260428-1,OK,DASS SEST,137928,1188919,82628,ATAC. MR140014 6MM RECICLADO COR 4085/PET [c30b87d6-f98f-4184-b281-bb6115bf698d],115CM,15631902,150,15614148NBR3282632,28/04/2026,22/06/2026,11,Ativo,,,900380,c30b87d6-f98f-4184-b281-bb6115bf698d,NIKE,132705,,,
DASS SEST713792886418100CM1563190215614158NBR328264920260428-1,OK,DASS SEST,137928,1278311,86418,ATAC. MR140014 6MM RECICLADO COR 4662/PET [e288357f-637f-422b-a5fb-22db0646dc02],100CM,15631902,204,15614158NBR3282649,28/04/2026,22/06/2026,11,Ativo,,,900381,e288357f-637f-422b-a5fb-22db0646dc02,NIKE,132705,,,
DASS SEST713792886418100CM1563190215614159NBR328264920260428-1,OK,DASS SEST,137928,1278311,86418,ATAC. MR140014 6MM RECICLADO COR 4662/PET [5886b452-7511-4a5d-a3d1-f768b20d3304],100CM,15631902,210,15614159NBR3282649,28/04/2026,22/06/2026,11,Ativo,,,900382,5886b452-7511-4a5d-a3d1-f768b20d3304,NIKE,132705,,,
DASS SEST713792886418105CM1563190215614168NBR328257420260428-1,OK,DASS SEST,137928,1278311,86418,ATAC. MR140014 6MM RECICLADO COR 4662/PET [b392dc8a-5cdf-4ab0-a87c-09fbbac20dfc],105CM,15631902,914,15614168NBR3282574,28/04/2026,22/06/2026,11,Ativo,,,900383,b392dc8a-5cdf-4ab0-a87c-09fbbac20dfc,NIKE,132705,,,
DASS SEST713792886418105CM1563190215614175NBR328258420260428-1,OK,DASS SEST,137928,1278311,86418,ATAC. MR140014 6MM RECICLADO COR 4662/PET [132639f5-0d3a-4bb7-b9d2-7a6a0d891ef3],105CM,15631902,18,15614175NBR3282584,28/04/2026,22/06/2026,11,Ativo,,,900384,132639f5-0d3a-4bb7-b9d2-7a6a0d891ef3,NIKE,132705,,,
DASS SEST713792886418105CM1563190215614158NBR328264920260428-1,OK,DASS SEST,137928,1278311,86418,ATAC. MR140014 6MM RECICLADO COR 4662/PET [79b3edcf-9e7c-4b9e-9a92-79a42cfd9e7f],105CM,15631902,626,15614158NBR3282649,28/04/2026,22/06/2026,11,Ativo,,,900385,79b3edcf-9e7c-4b9e-9a92-79a42cfd9e7f,NIKE,132705,,,
DASS SEST713792886418105CM1563190215614159NBR328264920260428-1,OK,DASS SEST,137928,1278311,86418,ATAC. MR140014 6MM RECICLADO COR 4662/PET [1ea7d403-c8d3-4cea-91ec-576dd1e203f6],105CM,15631902,648,15614159NBR3282649,28/04/2026,22/06/2026,11,Ativo,,,900386,1ea7d403-c8d3-4cea-91ec-576dd1e203f6,NIKE,132705,,,
DASS SEST713792886418110CM1563190215614168NBR328257420260428-1,OK,DASS SEST,137928,1278311,86418,ATAC. MR140014 6MM RECICLADO COR 4662/PET [732ed2d9-5704-4966-9b1c-3335476a9d69],110CM,15631902,372,15614168NBR3282574,28/04/2026,22/06/2026,11,Ativo,,,900387,732ed2d9-5704-4966-9b1c-3335476a9d69,NIKE,132705,,,
DASS SEST713792886418110CM1563190215614175NBR328258420260428-1,OK,DASS SEST,137928,1278311,86418,ATAC. MR140014 6MM RECICLADO COR 4662/PET [6c116959-c436-4a3a-8d0c-7cb470dbb114],110CM,15631902,1070,15614175NBR3282584,28/04/2026,22/06/2026,11,Ativo,,,900388,6c116959-c436-4a3a-8d0c-7cb470dbb114,NIKE,132705,,,
DASS SEST713792886418110CM1563190215614158NBR328264920260428-1,OK,DASS SEST,137928,1278311,86418,ATAC. MR140014 6MM RECICLADO COR 4662/PET [9c5671c2-98a9-4222-b97b-d58888085110],110CM,15631902,18,15614158NBR3282649,28/04/2026,22/06/2026,11,Ativo,,,900389,9c5671c2-98a9-4222-b97b-d58888085110,NIKE,132705,,,
DASS SEST713792886418110CM1563190215614159NBR328264920260428-1,OK,DASS SEST,137928,1278311,86418,ATAC. MR140014 6MM RECICLADO COR 4662/PET [c065c084-2f7e-4538-8f92-e032e050c0fd],110CM,15631902,12,15614159NBR3282649,28/04/2026,22/06/2026,11,Ativo,,,900390,c065c084-2f7e-4538-8f92-e032e050c0fd,NIKE,132705,,,
DASS SEST713792886418115CM1563190215614175NBR328258420260428-1,OK,DASS SEST,137928,1278311,86418,ATAC. MR140014 6MM RECICLADO COR 4662/PET [991ea4ff-7a56-44e3-9fbd-ec250b11c2e0],115CM,15631902,186,15614175NBR3282584,28/04/2026,22/06/2026,11,Ativo,,,900391,991ea4ff-7a56-44e3-9fbd-ec250b11c2e0,NIKE,132705,,,
DASS SEST713792892568115CM1563190215614117NBR328278520260428-1,OK,DASS SEST,137928,1027849,92568,ATAC. MR110012 8MM RECICLADO COR 4085/PET [e2d6afe7-e354-4b96-b500-16b8b69b3244],115CM,15631902,174,15614117NBR3282785,28/04/2026,22/06/2026,11,Ativo,,,900392,e2d6afe7-e354-4b96-b500-16b8b69b3244,NIKE,132705,,,
DASS SEST713792892568115CM1563190215614118NBR328278520260428-1,OK,DASS SEST,137928,1027849,92568,ATAC. MR110012 8MM RECICLADO COR 4085/PET [c4605fec-4f82-4dd8-aa82-9f6233dbb238],115CM,15631902,192,15614118NBR3282785,28/04/2026,22/06/2026,11,Ativo,,,900393,c4605fec-4f82-4dd8-aa82-9f6233dbb238,NIKE,132705,,,
DASS SEST713792892568115CM1563190215614119NBR328278820260428-1,OK,DASS SEST,137928,1027849,92568,ATAC. MR110012 8MM RECICLADO COR 4085/PET [9602367d-4557-450e-80f2-47d568b9757b],115CM,15631902,240,15614119NBR3282788,28/04/2026,22/06/2026,11,Ativo,,,900394,9602367d-4557-450e-80f2-47d568b9757b,NIKE,132705,,,
DASS SEST713792892568115CM1563190215614120NBR328278820260428-1,OK,DASS SEST,137928,1027849,92568,ATAC. MR110012 8MM RECICLADO COR 4085/PET [7ceca2db-4d91-49bf-be4a-9d0ef3b9fc05],115CM,15631902,252,15614120NBR3282788,28/04/2026,22/06/2026,11,Ativo,,,900395,7ceca2db-4d91-49bf-be4a-9d0ef3b9fc05,NIKE,132705,,,
DASS SEST713792892568120CM1563190215614117NBR328278520260428-1,OK,DASS SEST,137928,1027849,92568,ATAC. MR110012 8MM RECICLADO COR 4085/PET [ad8825ac-430b-41f3-bf46-44e39986e840],120CM,15631902,680,15614117NBR3282785,28/04/2026,22/06/2026,11,Ativo,,,900396,ad8825ac-430b-41f3-bf46-44e39986e840,NIKE,132705,,,
DASS SEST713792892568120CM1563190215614118NBR328278520260428-1,OK,DASS SEST,137928,1027849,92568,ATAC. MR110012 8MM RECICLADO COR 4085/PET [2ceeb73a-4d15-4a6b-aea6-1afd810cc9f8],120CM,15631902,690,15614118NBR3282785,28/04/2026,22/06/2026,11,Ativo,,,900397,2ceeb73a-4d15-4a6b-aea6-1afd810cc9f8,NIKE,132705,,,
DASS SEST713792892568120CM1563190215614119NBR328278820260428-1,OK,DASS SEST,137928,1027849,92568,ATAC. MR110012 8MM RECICLADO COR 4085/PET [e1d897ca-f6da-4f51-8190-c8565b836199],120CM,15631902,891,15614119NBR3282788,28/04/2026,22/06/2026,11,Ativo,,,900398,e1d897ca-f6da-4f51-8190-c8565b836199,NIKE,132705,,,
DASS SEST713792892568120CM1563190215614120NBR328278820260428-1,OK,DASS SEST,137928,1027849,92568,ATAC. MR110012 8MM RECICLADO COR 4085/PET [b9f3bd15-945e-4c43-82b1-a23946cf42a4],120CM,15631902,924,15614120NBR3282788,28/04/2026,22/06/2026,11,Ativo,,,900399,b9f3bd15-945e-4c43-82b1-a23946cf42a4,NIKE,132705,,,
DASS SEST713792893674100CM1563190215614163NBR328263720260428-1,OK,DASS SEST,137928,1102648,93674,ATAC. MR140023 RECICLADO COR 4085/PET [1f84e46f-ef85-446f-9133-263108f87a65],100CM,15631902,96,15614163NBR3282637,28/04/2026,22/06/2026,11,Ativo,,,900400,1f84e46f-ef85-446f-9133-263108f87a65,NIKE,132705,,,
DASS SEST713792893674100CM1563190215614165NBR328264020260428-1,OK,DASS SEST,137928,1102648,93674,ATAC. MR140023 RECICLADO COR 4085/PET [3d888490-2cda-4549-9972-b69ae7188022],100CM,15631902,120,15614165NBR3282640,28/04/2026,22/06/2026,11,Ativo,,,900401,3d888490-2cda-4549-9972-b69ae7188022,NIKE,132705,,,
DASS SEST713792893674105CM1563190215614163NBR328263720260428-1,OK,DASS SEST,137928,1102648,93674,ATAC. MR140023 RECICLADO COR 4085/PET [2b9dcf52-c7ad-45c6-914b-092694eba9e8],105CM,15631902,707,15614163NBR3282637,28/04/2026,22/06/2026,11,Ativo,,,900402,2b9dcf52-c7ad-45c6-914b-092694eba9e8,NIKE,132705,,,
DASS SEST713792893674105CM1563190215614165NBR328264020260428-1,OK,DASS SEST,137928,1102648,93674,ATAC. MR140023 RECICLADO COR 4085/PET [547bd1a3-7b21-4ff3-a406-a3db36b9461a],105CM,15631902,848,15614165NBR3282640,28/04/2026,22/06/2026,11,Ativo,,,900403,547bd1a3-7b21-4ff3-a406-a3db36b9461a,NIKE,132705,,,
DASS SEST713792893674110CM1563190215614163NBR328263720260428-1,OK,DASS SEST,137928,1102648,93674,ATAC. MR140023 RECICLADO COR 4085/PET [a01b9287-2b1c-4e5a-a3d8-adac28659be8],110CM,15631902,198,15614163NBR3282637,28/04/2026,22/06/2026,11,Ativo,,,900404,a01b9287-2b1c-4e5a-a3d8-adac28659be8,NIKE,132705,,,
DASS SEST713792893674110CM1563190215614165NBR328264020260428-1,OK,DASS SEST,137928,1102648,93674,ATAC. MR140023 RECICLADO COR 4085/PET [c865d452-c28b-43bf-a612-433aa7c60715],110CM,15631902,234,15614165NBR3282640,28/04/2026,22/06/2026,11,Ativo,,,900405,c865d452-c28b-43bf-a612-433aa7c60715,NIKE,132705,,,
DASS SEST713802795283105CM1563695315614180NBR328263320260429-1,OK,DASS SEST,138027,1421357,95283,ATAC. MR140014 6MM RECICLADO COR 6180/PET [70c7bcb0-d8b6-4696-ac1b-7ab8e2366680],105CM,15636953,96,15614180NBR3282633,29/04/2026,22/06/2026,11,Ativo,,,900406,70c7bcb0-d8b6-4696-ac1b-7ab8e2366680,NIKE,132853,,,
DASS SEST713802795283105CM1563695315614181NBR328263320260429-1,OK,DASS SEST,138027,1421357,95283,ATAC. MR140014 6MM RECICLADO COR 6180/PET [87859148-61ce-43a6-b342-1f84c98d5104],105CM,15636953,102,15614181NBR3282633,29/04/2026,22/06/2026,11,Ativo,,,900407,87859148-61ce-43a6-b342-1f84c98d5104,NIKE,132853,,,
DASS SEST713802795283110CM1563695315614180NBR328263320260429-1,OK,DASS SEST,138027,1421357,95283,ATAC. MR140014 6MM RECICLADO COR 6180/PET [3e9dea8b-1c12-49a6-a226-dc9fd9e913cf],110CM,15636953,795,15614180NBR3282633,29/04/2026,22/06/2026,11,Ativo,,,900408,3e9dea8b-1c12-49a6-a226-dc9fd9e913cf,NIKE,132853,,,
DASS SEST713802795283110CM1563695315614181NBR328263320260429-1,OK,DASS SEST,138027,1421357,95283,ATAC. MR140014 6MM RECICLADO COR 6180/PET [0216c1a3-1ffe-4f86-87c6-d03d31d97dff],110CM,15636953,810,15614181NBR3282633,29/04/2026,22/06/2026,11,Ativo,,,900409,0216c1a3-1ffe-4f86-87c6-d03d31d97dff,NIKE,132853,,,
DASS SEST713802795283115CM1563695315614180NBR328263320260429-1,OK,DASS SEST,138027,1421357,95283,ATAC. MR140014 6MM RECICLADO COR 6180/PET [c683b765-2de2-473d-b680-cd41aeedb7bc],115CM,15636953,288,15614180NBR3282633,29/04/2026,22/06/2026,11,Ativo,,,900410,c683b765-2de2-473d-b680-cd41aeedb7bc,NIKE,132853,,,
DASS SEST713802795283115CM1563695315614181NBR328263320260429-1,OK,DASS SEST,138027,1421357,95283,ATAC. MR140014 6MM RECICLADO COR 6180/PET [8b46bac1-2f0b-4421-aa8c-22e737ab440b],115CM,15636953,312,15614181NBR3282633,29/04/2026,22/06/2026,11,Ativo,,,900411,8b46bac1-2f0b-4421-aa8c-22e737ab440b,NIKE,132853,,,
DASS SEST71380288262515MM1563825820260429-1,OK,DASS SEST,138028,1194659,82625,FITA MR100001 C/ GOMA RECICLADO COR 4593/PET [ab13eedf-7993-4c9b-a215-54077acb0625],15MM,15638258,420,0,29/04/2026,22/06/2026,11,Ativo,,,900412,ab13eedf-7993-4c9b-a215-54077acb0625,NIKE,132854,,,
DASS SEST71380287401410MM1563825820260429-1,OK,DASS SEST,138028,965421,74014,FITA MFGP C/ GOMA POLIESTER COR 4085 [59e23438-8888-410d-a083-1642ba4675f3],10MM,15638258,430,0,29/04/2026,22/06/2026,11,Ativo,,,900413,59e23438-8888-410d-a083-1642ba4675f3,NIKE,132854,,,
DASS SEST71381338794616MM1564063020260430-1,OK,DASS SEST,138133,1316829,87946,FITA M31119 C/ GOMA POLIESTER COR 100/ COR 5535/ COR 102 [3a487113-1e4e-41ff-a48b-34114d22d3d8],16MM,15640630,350,0,30/04/2026,22/06/2026,11,Ativo,,,900414,3a487113-1e4e-41ff-a48b-34114d22d3d8,FILA,132933,,,
DASS SEST71381339140716MM1564063020260430-1,OK,DASS SEST,138133,1320158,91407,FITA M31119 C/ GOMA POLIESTER COR 324 / COR 5508 / COR 5508 [d5342a70-3153-4b09-96ed-6b2d08efaa2d],16MM,15640630,420,0,30/04/2026,22/06/2026,11,Ativo,,,900415,d5342a70-3153-4b09-96ed-6b2d08efaa2d,FILA,132933,,,
DASS SEST71381339296316MM1564063020260430-1,OK,DASS SEST,138133,1353470,92963,FITA M31119 C/ GOMA POLIESTER COR 102 / COR 100 / COR 100 [c3390542-8a14-4756-b6ec-116ef6e6724b],16MM,15640630,770,0,30/04/2026,22/06/2026,11,Ativo,,,900416,c3390542-8a14-4756-b6ec-116ef6e6724b,FILA,132933,,,
DASS SEST71381339530016MM1564063020260430-1,OK,DASS SEST,138133,1416744,95300,FITA M31119 C/ GOMA POLIESTER COR 814 / COR 100 / COR 100 [864f51d7-4a69-43b1-9b9c-4c1e55d3e8cc],16MM,15640630,490,0,30/04/2026,22/06/2026,11,Ativo,,,900417,864f51d7-4a69-43b1-9b9c-4c1e55d3e8cc,FILA,132933,,,
DASS SEST71385148622615MM1570511120260514-1,OK,DASS SEST,138514,1271908,86226,FITA M32207 C/ GOMA POLIESTER COR 100 / COR 5535 / COR 100 [2b870386-8580-435a-b44f-f8b9428428e8],15MM,15705111,110,0,14/05/2026,22/06/2026,11,Ativo,,,900418,2b870386-8580-435a-b44f-f8b9428428e8,FILA,133319,,,
DASS SEST71385148758112MM1570511120260514-1,OK,DASS SEST,138514,1287981,87581,FITA M41476 C/ GOMA POLIESTER COR 102 / COR 5508 [daf9be54-99e9-4478-99f9-5028ea5bca7e],12MM,15705111,640,0,14/05/2026,22/06/2026,11,Ativo,,,900419,daf9be54-99e9-4478-99f9-5028ea5bca7e,FILA,133319,,,
DASS SEST71385149047512MM1570511120260514-1,OK,DASS SEST,138514,1356824,90475,FITA M41476 C/ GOMA POLIESTER COR 5508 / COR 102 [634ebdf6-a903-4d89-b59b-f0c64a96e2ba],12MM,15705111,70,0,14/05/2026,22/06/2026,11,Ativo,,,900420,634ebdf6-a903-4d89-b59b-f0c64a96e2ba,FILA,133319,,,
DASS SEST71385149248712MM1570511120260514-1,OK,DASS SEST,138514,1394708,92487,FITA M41476 C/ GOMA POLIESTER COR 114 / COR 599 [dfa10676-a514-474c-98e3-c640f4618d5e],12MM,15705111,250,0,14/05/2026,22/06/2026,11,Ativo,,,900421,dfa10676-a514-474c-98e3-c640f4618d5e,FILA,133319,,,
DASS SEST71385147016412MM1570511120260514-1,OK,DASS SEST,138514,898941,70164,FITA MFGP C/ GOMA POLIESTER COR 100 [b9bc851a-0ce1-4764-a7e7-89aad28a92ba],12MM,15705111,100,0,14/05/2026,22/06/2026,11,Ativo,,,900422,b9bc851a-0ce1-4764-a7e7-89aad28a92ba,FILA,133319,,,
DASS SEST7138514735228MM1570511120260514-1,OK,DASS SEST,138514,1072623,73522,FITA MFGP C/ GOMA POLIESTER COR 057 [36469877-d99b-4b1b-a166-bebcbc2537c4],8MM,15705111,50,0,14/05/2026,22/06/2026,11,Ativo,,,900423,36469877-d99b-4b1b-a166-bebcbc2537c4,FILA,133319,,,
DASS SEST71385147352215MM1570511120260514-1,OK,DASS SEST,138514,902057,73522,FITA MFGP C/ GOMA POLIESTER COR 057 [748e278d-8c88-4dfa-927e-6b8171a9b0e4],15MM,15705111,90,0,14/05/2026,22/06/2026,11,Ativo,,,900424,748e278d-8c88-4dfa-927e-6b8171a9b0e4,FILA,133319,,,
DASS SEST7138514740308MM1570511120260514-1,OK,DASS SEST,138514,1104264,74030,FITA MFGP C/ GOMA POLIESTER COR 114 [ae04e953-0d1c-45c2-94ed-aae4f3e10736],8MM,15705111,70,0,14/05/2026,22/06/2026,11,Ativo,,,900425,ae04e953-0d1c-45c2-94ed-aae4f3e10736,FILA,133319,,,
DASS SEST71385147771610MM1570511120260514-1,OK,DASS SEST,138514,1313443,77716,FITA MFGP C/ GOMA POLIESTER COR 056 [0463fe66-7667-4c6a-8545-697274830f78],10MM,15705111,80,0,14/05/2026,22/06/2026,11,Ativo,,,900426,0463fe66-7667-4c6a-8545-697274830f78,FILA,133319,,,
DASS SEST7138514781878MM1570511120260514-1,OK,DASS SEST,138514,1146621,78187,FITA MFGP C/ GOMA POLIESTER COR 053 [3c61291d-5832-457e-a588-5d780eacb113],8MM,15705111,150,0,14/05/2026,22/06/2026,11,Ativo,,,900427,3c61291d-5832-457e-a588-5d780eacb113,FILA,133319,,,
DASS SEST7138514922338MM1570511120260514-1,OK,DASS SEST,138514,1359678,92233,FITA MFGP C/ GOMA POLIESTER COR 5834 [5891ba92-df12-478d-a871-a94f854b7bb0],8MM,15705111,50,0,14/05/2026,22/06/2026,11,Ativo,,,900428,5891ba92-df12-478d-a871-a94f854b7bb0,FILA,133319,,,
DASS SEST71385149248815MM1570511120260514-1,OK,DASS SEST,138514,1397653,92488,FITA MFGP C/ GOMA POLIESTER COR 6001 [236ae038-b807-400c-96e7-0b6b5f1906f8],15MM,15705111,80,0,14/05/2026,22/06/2026,11,Ativo,,,900429,236ae038-b807-400c-96e7-0b6b5f1906f8,FILA,133319,,,
DASS SEST71385149268410MM1570511120260514-1,OK,DASS SEST,138514,1397608,92684,FITA MFGP C/ GOMA POLIESTER COR 5982 [e7325261-d022-4de0-ba25-58d8b9a14f27],10MM,15705111,90,0,14/05/2026,22/06/2026,11,Ativo,,,900430,e7325261-d022-4de0-ba25-58d8b9a14f27,FILA,133319,,,
DASS SEST71385407601490CM1570702915692988FIL00145620260514-1,OK,DASS SEST,138540,1175750,76014,ATAC. M13723 6MM POLIESTER COR 057 [347f9198-e548-49da-851d-06b2b986d879],90CM,15707029,96,15692988FIL001456,14/05/2026,22/06/2026,11,Ativo,,,900431,347f9198-e548-49da-851d-06b2b986d879,FILA,133344,,,
DASS SEST713854076014100CM1570702915692988FIL00145620260514-1,OK,DASS SEST,138540,1175750,76014,ATAC. M13723 6MM POLIESTER COR 057 [6fded926-790a-42ab-9db4-32fcfae6bbc6],100CM,15707029,240,15692988FIL001456,14/05/2026,22/06/2026,11,Ativo,,,900432,6fded926-790a-42ab-9db4-32fcfae6bbc6,FILA,133344,,,
DASS SEST713854076014110CM1570702915692988FIL00145620260514-1,OK,DASS SEST,138540,1175750,76014,ATAC. M13723 6MM POLIESTER COR 057 [4ea1f86e-8162-42f0-8f91-b5be6f6ab3ee],110CM,15707029,372,15692988FIL001456,14/05/2026,22/06/2026,11,Ativo,,,900433,4ea1f86e-8162-42f0-8f91-b5be6f6ab3ee,FILA,133344,,,
DASS SEST713854075595120CM1570702915692981BR31461720260514-1,OK,DASS SEST,138540,1175396,75595,ATAC. M13725 6MM POLIESTER COR 100 [dcad567c-7622-4bfa-b449-8e6dc9687671],120CM,15707029,288,15692981BR314617,14/05/2026,22/06/2026,11,Ativo,,,900434,dcad567c-7622-4bfa-b449-8e6dc9687671,FILA,133344,,,
DASS SEST713854095198110CM1570702915692980BR31461620260514-1,OK,DASS SEST,138540,1387899,95198,ATAC. M13725 6MM POLIESTER COR 5998 [4c078754-953f-4c55-9a3a-19f112c3f7f6],110CM,15707029,288,15692980BR314616,14/05/2026,22/06/2026,11,Ativo,,,900435,4c078754-953f-4c55-9a3a-19f112c3f7f6,FILA,133344,,,
DASS SEST713854095198120CM1570702915692978BR31458720260514-1,OK,DASS SEST,138540,1387899,95198,ATAC. M13725 6MM POLIESTER COR 5998 [2d138f84-baf5-4cbe-a065-9e0eb636902c],120CM,15707029,312,15692978BR314587,14/05/2026,22/06/2026,11,Ativo,,,900436,2d138f84-baf5-4cbe-a065-9e0eb636902c,FILA,133344,,,
DASS SEST713854095198120CM1570702915692980BR31461620260514-1,OK,DASS SEST,138540,1387899,95198,ATAC. M13725 6MM POLIESTER COR 5998 [fe6531ff-5311-4106-9801-7979d6affb13],120CM,15707029,432,15692980BR314616,14/05/2026,22/06/2026,11,Ativo,,,900437,fe6531ff-5311-4106-9801-7979d6affb13,FILA,133344,,,
DASS SEST713854095198130CM1570702915692978BR31458720260514-1,OK,DASS SEST,138540,1387899,95198,ATAC. M13725 6MM POLIESTER COR 5998 [bea4ecde-0d04-4609-937a-1f7aec983173],130CM,15707029,420,15692978BR314587,14/05/2026,22/06/2026,11,Ativo,,,900438,bea4ecde-0d04-4609-937a-1f7aec983173,FILA,133344,,,
DASS SEST713854094064130CM1570702915692966BR31460620260514-1,OK,DASS SEST,138540,1326676,94064,ATAC. M22013 6MM POLIESTER COR 5535 / COR 263 [33b05677-1cc0-4b26-9618-d356b9253f01],130CM,15707029,252,15692966BR314606,14/05/2026,22/06/2026,11,Ativo,,,900439,33b05677-1cc0-4b26-9618-d356b9253f01,FILA,133344,,,
DASS SEST713854094064140CM1570702915692966BR31460620260514-1,OK,DASS SEST,138540,1326676,94064,ATAC. M22013 6MM POLIESTER COR 5535 / COR 263 [d377c00c-926e-4e41-930e-42a825a92070],140CM,15707029,156,15692966BR314606,14/05/2026,22/06/2026,11,Ativo,,,900440,d377c00c-926e-4e41-930e-42a825a92070,FILA,133344,,,
DASS SEST713854073819110CM1570702915693001BR31454520260514-1,OK,DASS SEST,138540,1051608,73819,ATAC. M21020 8MM POLIESTER COR 114 [d4574cc1-5817-460e-b1a6-e8e3ece5272a],110CM,15707029,240,15693001BR314545,14/05/2026,22/06/2026,11,Ativo,,,900441,d4574cc1-5817-460e-b1a6-e8e3ece5272a,FILA,133344,,,
DASS SEST713854073819120CM1570702915692997BR31454020260514-1,OK,DASS SEST,138540,1051608,73819,ATAC. M21020 8MM POLIESTER COR 114 [7bc3bb99-1f21-41ac-87ed-bd35031f9f4a],120CM,15707029,156,15692997BR314540,14/05/2026,22/06/2026,11,Ativo,,,900442,7bc3bb99-1f21-41ac-87ed-bd35031f9f4a,FILA,133344,,,
DASS SEST713854073819120CM1570702915693001BR31454520260514-1,OK,DASS SEST,138540,1051608,73819,ATAC. M21020 8MM POLIESTER COR 114 [98e92cd0-afe4-459e-b632-e7812f415e68],120CM,15707029,240,15693001BR314545,14/05/2026,22/06/2026,11,Ativo,,,900443,98e92cd0-afe4-459e-b632-e7812f415e68,FILA,133344,,,
DASS SEST713854073819130CM1570702915692997BR31454020260514-1,OK,DASS SEST,138540,1051608,73819,ATAC. M21020 8MM POLIESTER COR 114 [b4280537-13ae-43dc-ac61-51e375cd940c],130CM,15707029,324,15692997BR314540,14/05/2026,22/06/2026,11,Ativo,,,900444,b4280537-13ae-43dc-ac61-51e375cd940c,FILA,133344,,,
DASS SEST713854073822110CM1570702915692999BR31454320260514-1,OK,DASS SEST,138540,813449,73822,ATAC. M21020 8MM POLIESTER COR 102 [367f029c-f5b2-460b-aadd-30696a714b51],110CM,15707029,240,15692999BR314543,14/05/2026,22/06/2026,11,Ativo,,,900445,367f029c-f5b2-460b-aadd-30696a714b51,FILA,133344,,,
DASS SEST713854073822110CM1570702915693000BR31454420260514-1,OK,DASS SEST,138540,813449,73822,ATAC. M21020 8MM POLIESTER COR 102 [fbea567c-7a99-45ef-98fb-c15c98ce62da],110CM,15707029,168,15693000BR314544,14/05/2026,22/06/2026,11,Ativo,,,900446,fbea567c-7a99-45ef-98fb-c15c98ce62da,FILA,133344,,,
DASS SEST713854073822120CM1570702915692995BR31453820260514-1,OK,DASS SEST,138540,813449,73822,ATAC. M21020 8MM POLIESTER COR 102 [fea7e0d6-cb13-4742-affd-182461d8f21c],120CM,15707029,156,15692995BR314538,14/05/2026,22/06/2026,11,Ativo,,,900447,fea7e0d6-cb13-4742-affd-182461d8f21c,FILA,133344,,,
DASS SEST713854073822120CM1570702915692996BR31453920260514-1,OK,DASS SEST,138540,813449,73822,ATAC. M21020 8MM POLIESTER COR 102 [10d5852b-27a8-4fba-b2c0-6253514a4f6b],120CM,15707029,120,15692996BR314539,14/05/2026,22/06/2026,11,Ativo,,,900448,10d5852b-27a8-4fba-b2c0-6253514a4f6b,FILA,133344,,,
DASS SEST713854073822120CM1570702915692999BR31454320260514-1,OK,DASS SEST,138540,813449,73822,ATAC. M21020 8MM POLIESTER COR 102 [d1e9e26d-6f22-4107-886d-c8f54208f1c9],120CM,15707029,240,15692999BR314543,14/05/2026,22/06/2026,11,Ativo,,,900449,d1e9e26d-6f22-4107-886d-c8f54208f1c9,FILA,133344,,,
DASS SEST713854073822120CM1570702915693000BR31454420260514-1,OK,DASS SEST,138540,813449,73822,ATAC. M21020 8MM POLIESTER COR 102 [64f1f9c9-eb5a-4141-802f-382ae0395509],120CM,15707029,168,15693000BR314544,14/05/2026,22/06/2026,11,Ativo,,,900450,64f1f9c9-eb5a-4141-802f-382ae0395509,FILA,133344,,,
DASS SEST713854073822130CM1570702915692995BR31453820260514-1,OK,DASS SEST,138540,813449,73822,ATAC. M21020 8MM POLIESTER COR 102 [a119ad2c-b197-4337-a02c-ec3fbfaeef06],130CM,15707029,324,15692995BR314538,14/05/2026,22/06/2026,11,Ativo,,,900451,a119ad2c-b197-4337-a02c-ec3fbfaeef06,FILA,133344,,,
DASS SEST713854073822130CM1570702915692996BR31453920260514-1,OK,DASS SEST,138540,813449,73822,ATAC. M21020 8MM POLIESTER COR 102 [f59950d1-085f-4da9-9cd8-eb1cf650fec6],130CM,15707029,228,15692996BR314539,14/05/2026,22/06/2026,11,Ativo,,,900452,f59950d1-085f-4da9-9cd8-eb1cf650fec6,FILA,133344,,,
DASS SEST713854094668110CM1570702915693002BR31454620260514-1,OK,DASS SEST,138540,1397060,94668,ATAC. M21020 8MM POLIESTER COR 788 [e1d981c4-45bc-4852-86cc-41c03615d474],110CM,15707029,216,15693002BR314546,14/05/2026,22/06/2026,11,Ativo,,,900453,e1d981c4-45bc-4852-86cc-41c03615d474,FILA,133344,,,
DASS SEST713854094668120CM1570702915692998BR31454120260514-1,OK,DASS SEST,138540,1397060,94668,ATAC. M21020 8MM POLIESTER COR 788 [a6c708d5-1226-4dfc-8f42-db94733e7aaf],120CM,15707029,144,15692998BR314541,14/05/2026,22/06/2026,11,Ativo,,,900454,a6c708d5-1226-4dfc-8f42-db94733e7aaf,FILA,133344,,,
DASS SEST713854094668120CM1570702915693002BR31454620260514-1,OK,DASS SEST,138540,1397060,94668,ATAC. M21020 8MM POLIESTER COR 788 [352c621e-e867-48dd-b81e-25c3b717757a],120CM,15707029,240,15693002BR314546,14/05/2026,22/06/2026,11,Ativo,,,900455,352c621e-e867-48dd-b81e-25c3b717757a,FILA,133344,,,
DASS SEST713854094668130CM1570702915692998BR31454120260514-1,OK,DASS SEST,138540,1397060,94668,ATAC. M21020 8MM POLIESTER COR 788 [c5b419a7-524c-4b0c-bfa5-9277ef2d6d2e],130CM,15707029,300,15692998BR314541,14/05/2026,22/06/2026,11,Ativo,,,900456,c5b419a7-524c-4b0c-bfa5-9277ef2d6d2e,FILA,133344,,,
DASS SEST713854081709100CM1570702915692987BR31461220260514-1,OK,DASS SEST,138540,1187111,81709,ATAC. M15101 POLIESTER COR 114 [92001c39-90db-4398-aedd-699e46cba112],100CM,15707029,264,15692987BR314612,14/05/2026,22/06/2026,11,Ativo,,,900457,92001c39-90db-4398-aedd-699e46cba112,FILA,133344,,,
DASS SEST713854081709110CM1570702915692987BR31461220260514-1,OK,DASS SEST,138540,1187111,81709,ATAC. M15101 POLIESTER COR 114 [8710be74-5f69-4e3a-abce-989de4773fe5],110CM,15707029,252,15692987BR314612,14/05/2026,22/06/2026,11,Ativo,,,900458,8710be74-5f69-4e3a-abce-989de4773fe5,FILA,133344,,,
DASS SEST713854095200110CM1570702915692986BR31457820260514-1,OK,DASS SEST,138540,1397693,95200,ATAC. M15101 POLIESTER COR 6009 [accaf05e-fe79-4dd2-9b56-593ff5e1482f],110CM,15707029,324,15692986BR314578,14/05/2026,22/06/2026,11,Ativo,,,900459,accaf05e-fe79-4dd2-9b56-593ff5e1482f,FILA,133344,,,
DASS SEST713854095200120CM1570702915692986BR31457820260514-1,OK,DASS SEST,138540,1397693,95200,ATAC. M15101 POLIESTER COR 6009 [4e59b8da-2954-49a3-a01c-34646b61d1f9],120CM,15707029,204,15692986BR314578,14/05/2026,22/06/2026,11,Ativo,,,900460,4e59b8da-2954-49a3-a01c-34646b61d1f9,FILA,133344,,,
DASS SEST713894193661130CM1575043515748047NBR328297420260526-1,OK,DASS SEST,138941,1065806,93661,ATAC. MR110029 RECICLADO COR 4662/PET [5308af07-3e78-4a5e-bdf3-93a2fec275b6],130CM,15750435,384,15748047NBR3282974,26/05/2026,22/06/2026,11,Ativo,,,900461,5308af07-3e78-4a5e-bdf3-93a2fec275b6,NIKE,133673,,,
DASS SEST713894193661130CM1575043515748051NBR328297420260526-1,OK,DASS SEST,138941,1065806,93661,ATAC. MR110029 RECICLADO COR 4662/PET [74900d64-e758-4905-8737-4a258673f2d9],130CM,15750435,414,15748051NBR3282974,26/05/2026,22/06/2026,11,Ativo,,,900462,74900d64-e758-4905-8737-4a258673f2d9,NIKE,133673,,,
DASS SEST713894193661135CM1575043515748047NBR328297420260526-1,OK,DASS SEST,138941,1065806,93661,ATAC. MR110029 RECICLADO COR 4662/PET [55799396-c709-4af9-9d8d-4bdde8bc86a0],135CM,15750435,387,15748047NBR3282974,26/05/2026,22/06/2026,11,Ativo,,,900463,55799396-c709-4af9-9d8d-4bdde8bc86a0,NIKE,133673,,,
DASS SEST713894193661135CM1575043515748051NBR328297420260526-1,OK,DASS SEST,138941,1065806,93661,ATAC. MR110029 RECICLADO COR 4662/PET [bb95b437-ecfa-4fe7-8a92-ae91c6b2d3dc],135CM,15750435,413,15748051NBR3282974,26/05/2026,22/06/2026,11,Ativo,,,900464,bb95b437-ecfa-4fe7-8a92-ae91c6b2d3dc,NIKE,133673,,,
DASS SEST713894193696135CM1575043515748054NBR328297920260526-1,OK,DASS SEST,138941,1069210,93696,ATAC. MR110029 RECICLADO COR 4085/PET [839ad44a-ac24-4cc9-8c4f-8e9fcc84efde],135CM,15750435,865,15748054NBR3282979,26/05/2026,22/06/2026,11,Ativo,,,900465,839ad44a-ac24-4cc9-8c4f-8e9fcc84efde,NIKE,133673,,,
DASS SEST713894193696135CM1575043515748055NBR328297920260526-1,OK,DASS SEST,138941,1069210,93696,ATAC. MR110029 RECICLADO COR 4085/PET [012dc2be-74fa-4622-811f-b89706cb0ff4],135CM,15750435,884,15748055NBR3282979,26/05/2026,22/06/2026,11,Ativo,,,900466,012dc2be-74fa-4622-811f-b89706cb0ff4,NIKE,133673,,,
DASS SEST713894193696135CM1575043515748056NBR328298120260526-1,OK,DASS SEST,138941,1069210,93696,ATAC. MR110029 RECICLADO COR 4085/PET [8fb78cbe-415b-439f-ba14-3b716cbe9cfb],135CM,15750435,865,15748056NBR3282981,26/05/2026,22/06/2026,11,Ativo,,,900467,8fb78cbe-415b-439f-ba14-3b716cbe9cfb,NIKE,133673,,,
DASS SEST713894193696135CM1575043515748057NBR328298120260526-1,OK,DASS SEST,138941,1069210,93696,ATAC. MR110029 RECICLADO COR 4085/PET [66ba62f2-d6cf-44f0-bfd6-2edf9ccb3d27],135CM,15750435,920,15748057NBR3282981,26/05/2026,22/06/2026,11,Ativo,,,900468,66ba62f2-d6cf-44f0-bfd6-2edf9ccb3d27,NIKE,133673,,,
DASS SEST713894193696135CM1575043515748058NBR328298220260526-1,OK,DASS SEST,138941,1069210,93696,ATAC. MR110029 RECICLADO COR 4085/PET [022b5c91-5084-434b-84ba-183367da7660],135CM,15750435,865,15748058NBR3282982,26/05/2026,22/06/2026,11,Ativo,,,900469,022b5c91-5084-434b-84ba-183367da7660,NIKE,133673,,,
DASS SEST713894193696135CM1575043515748059NBR328298220260526-1,OK,DASS SEST,138941,1069210,93696,ATAC. MR110029 RECICLADO COR 4085/PET [870d7243-ff76-40d1-8ab7-d8f815e03c9f],135CM,15750435,599,15748059NBR3282982,26/05/2026,22/06/2026,11,Ativo,,,900470,870d7243-ff76-40d1-8ab7-d8f815e03c9f,NIKE,133673,,,
DASS SEST713894193696140CM1575043515748054NBR328297920260526-1,OK,DASS SEST,138941,1069210,93696,ATAC. MR110029 RECICLADO COR 4085/PET [572e5976-0047-4815-a266-da2fa63da196],140CM,15750435,102,15748054NBR3282979,26/05/2026,22/06/2026,11,Ativo,,,900471,572e5976-0047-4815-a266-da2fa63da196,NIKE,133673,,,
DASS SEST713894193696140CM1575043515748055NBR328297920260526-1,OK,DASS SEST,138941,1069210,93696,ATAC. MR110029 RECICLADO COR 4085/PET [87f01ec5-6595-470d-b18e-882f2e76e933],140CM,15750435,93,15748055NBR3282979,26/05/2026,22/06/2026,11,Ativo,,,900472,87f01ec5-6595-470d-b18e-882f2e76e933,NIKE,133673,,,
DASS SEST713894193696140CM1575043515748056NBR328298120260526-1,OK,DASS SEST,138941,1069210,93696,ATAC. MR110029 RECICLADO COR 4085/PET [d99f02fd-adc6-41f5-8226-a64ba1f90272],140CM,15750435,108,15748056NBR3282981,26/05/2026,22/06/2026,11,Ativo,,,900473,d99f02fd-adc6-41f5-8226-a64ba1f90272,NIKE,133673,,,
DASS SEST713894193696140CM1575043515748057NBR328298120260526-1,OK,DASS SEST,138941,1069210,93696,ATAC. MR110029 RECICLADO COR 4085/PET [98947018-d78f-4a9c-9252-86187545cfb3],140CM,15750435,99,15748057NBR3282981,26/05/2026,22/06/2026,11,Ativo,,,900474,98947018-d78f-4a9c-9252-86187545cfb3,NIKE,133673,,,
DASS SEST713894193696140CM1575043515748058NBR328298220260526-1,OK,DASS SEST,138941,1069210,93696,ATAC. MR110029 RECICLADO COR 4085/PET [c109b20a-64e9-4794-8462-d48d6fa7737f],140CM,15750435,90,15748058NBR3282982,26/05/2026,22/06/2026,11,Ativo,,,900475,c109b20a-64e9-4794-8462-d48d6fa7737f,NIKE,133673,,,
DASS SEST713894193696140CM1575043515748059NBR328298220260526-1,OK,DASS SEST,138941,1069210,93696,ATAC. MR110029 RECICLADO COR 4085/PET [96ed628a-e6d2-451b-9984-6d1adfff8dd3],140CM,15750435,74,15748059NBR3282982,26/05/2026,22/06/2026,11,Ativo,,,900476,96ed628a-e6d2-451b-9984-6d1adfff8dd3,NIKE,133673,,,
DASS SEST71391298814616MM1576259920260529-1,OK,DASS SEST,139129,1320253,88146,FITA M31119 C/ GOMA POLIESTER COR 100/ COR 114/ COR 263 [87881bb3-deab-4011-89a9-83a7e483a16a],16MM,15762599,40,0,29/05/2026,22/06/2026,11,Ativo,,,900477,87881bb3-deab-4011-89a9-83a7e483a16a,FILA,133837,,,
DASS ITABERABA7013836276013115CM1567929115669015BRITB0052420260509-1,OK,DASS ITABERABA,138362,991872,76013,ATAC. M13723 6MM POLIESTER COR 102 [4d79b6b0-93e2-4600-a8d8-4fa48855e047],115CM,15679291,444,15669015BRITB00524,09/05/2026,22/06/2026,11,Ativo,,,900478,4d79b6b0-93e2-4600-a8d8-4fa48855e047,FILA,133148,,,
DASS ITABERABA7013836276013125CM1567929115669015BRITB0052420260509-1,OK,DASS ITABERABA,138362,991872,76013,ATAC. M13723 6MM POLIESTER COR 102 [97dcc1d9-2572-449a-b71f-5b69917eb809],125CM,15679291,564,15669015BRITB00524,09/05/2026,22/06/2026,11,Ativo,,,900479,97dcc1d9-2572-449a-b71f-5b69917eb809,FILA,133148,,,
DASS ITABERABA701383957016412MM1567505320260511-1,OK,DASS ITABERABA,138395,898941,70164,FITA MFGP C/ GOMA POLIESTER COR 100 [f991e76e-8310-438e-b2d0-a865dea4dde1],12MM,15675053,2250,0,11/05/2026,22/06/2026,11,Ativo,,,900480,f991e76e-8310-438e-b2d0-a865dea4dde1,FILA,133172,,,
DASS ITABERABA701383957037512MM1567505320260511-1,OK,DASS ITABERABA,138395,1240579,70375,FITA MFGP C/ GOMA POLIESTER COR 678 [860e2f43-ca2c-4911-a1ce-3026cf24a16b],12MM,15675053,250,0,11/05/2026,22/06/2026,11,Ativo,,,900481,860e2f43-ca2c-4911-a1ce-3026cf24a16b,FILA,133172,,,
DASS ITABERABA701383957601012MM1567505320260511-1,OK,DASS ITABERABA,138395,1386809,76010,FITA MFGP C/ GOMA POLIESTER COR 447 [ea8b4c6c-540c-4362-bdc2-e5dd2d371a9c],12MM,15675053,230,0,11/05/2026,22/06/2026,11,Ativo,,,900482,ea8b4c6c-540c-4362-bdc2-e5dd2d371a9c,FILA,133172,,,
DASS ITABERABA701383958599712MM1567505320260511-1,OK,DASS ITABERABA,138395,1273335,85997,FITA MFGP C/ GOMA POLIESTER COR 5507 [b239eecd-31e3-4274-8009-d24998f9d7d8],12MM,15675053,390,0,11/05/2026,22/06/2026,11,Ativo,,,900483,b239eecd-31e3-4274-8009-d24998f9d7d8,FILA,133172,,,
DASS ITABERABA701383958629812MM1567505320260511-1,OK,DASS ITABERABA,138395,1411787,86298,FITA MFGP C/ GOMA POLIESTER COR 486 [3e77a0f7-2097-46fb-ada8-6504e3095d01],12MM,15675053,320,0,11/05/2026,22/06/2026,11,Ativo,,,900484,3e77a0f7-2097-46fb-ada8-6504e3095d01,FILA,133172,,,
DASS ITABERABA701383959218115MM1567505320260511-1,OK,DASS ITABERABA,138395,1387456,92181,FITA MFGP C/ GOMA POLIESTER COR 5094 [e0526eab-17ec-4402-ae57-ead8118ffe92],15MM,15675053,320,0,11/05/2026,22/06/2026,11,Ativo,,,900485,e0526eab-17ec-4402-ae57-ead8118ffe92,FILA,133172,,,
DASS ITABERABA701383959530116MM1567505320260511-1,OK,DASS ITABERABA,138395,1416908,95301,FITA M31119 C/ GOMA POLIESTER COR 6038 / COR 5508 / COR 5508 [de8d91f1-d753-424a-8489-db63299b9bbb],16MM,15675053,270,0,11/05/2026,22/06/2026,11,Ativo,,,900486,de8d91f1-d753-424a-8489-db63299b9bbb,FILA,133172,,,
DASS ITABERABA701383959538416MM1567505320260511-1,OK,DASS ITABERABA,138395,1411433,95384,FITA M31119 C/ GOMA POLIESTER COR 6008 / COR 102 / COR 102 [722b24a4-35ac-4f52-b25f-0f3c0d77f522],16MM,15675053,110,0,11/05/2026,22/06/2026,11,Ativo,,,900487,722b24a4-35ac-4f52-b25f-0f3c0d77f522,FILA,133172,,,
DASS ITABERABA7013842395397105CM1568295615669164NET00006920260511-1,OK,DASS ITABERABA,138423,1428591,95397,ATAC. M13723 6MM POLIESTER COR 5094 [d3bc0043-2b7e-49d3-9c46-94c7cec4bcb7],105CM,15682956,612,15669164NET000069,11/05/2026,22/06/2026,11,Ativo,,,900488,d3bc0043-2b7e-49d3-9c46-94c7cec4bcb7,FILA,133198,,,
DASS ITABERABA7013842395397105CM1568295615669165NET00007520260511-1,OK,DASS ITABERABA,138423,1428591,95397,ATAC. M13723 6MM POLIESTER COR 5094 [08b78dd3-38fa-4bac-94c2-7c256ec59edd],105CM,15682956,192,15669165NET000075,11/05/2026,22/06/2026,11,Ativo,,,900489,08b78dd3-38fa-4bac-94c2-7c256ec59edd,FILA,133198,,,
DASS ITABERABA7013842395397115CM1568295615669164NET00006920260511-1,OK,DASS ITABERABA,138423,1428591,95397,ATAC. M13723 6MM POLIESTER COR 5094 [9be711ad-f6f7-4f91-81d9-3ddc2de35221],115CM,15682956,456,15669164NET000069,11/05/2026,22/06/2026,11,Ativo,,,900490,9be711ad-f6f7-4f91-81d9-3ddc2de35221,FILA,133198,,,
DASS ITABERABA7013842395397115CM1568295615669165NET00007520260511-1,OK,DASS ITABERABA,138423,1428591,95397,ATAC. M13723 6MM POLIESTER COR 5094 [92f6215b-ad04-4359-9c87-706ecbd18be7],115CM,15682956,132,15669165NET000075,11/05/2026,22/06/2026,11,Ativo,,,900491,92f6215b-ad04-4359-9c87-706ecbd18be7,FILA,133198,,,
DASS ITABERABA701386748794416MM1572406820260520-1,OK,DASS ITABERABA,138674,1294761,87944,FITA M31119 C/ GOMA POLIESTER COR 102/ COR 100/ COR 678 [fdc7b1d5-a6a7-4517-872d-6d2746ffe781],16MM,15724068,170,0,20/05/2026,22/06/2026,11,Ativo,,,900492,fdc7b1d5-a6a7-4517-872d-6d2746ffe781,FILA,133469,,,
DASS ITABERABA701386748794616MM1572406820260520-1,OK,DASS ITABERABA,138674,1316829,87946,FITA M31119 C/ GOMA POLIESTER COR 100/ COR 5535/ COR 102 [b5b3b821-703c-435d-8671-4018b2b32498],16MM,15724068,170,0,20/05/2026,22/06/2026,11,Ativo,,,900493,b5b3b821-703c-435d-8671-4018b2b32498,FILA,133469,,,
DASS ITABERABA701386757559590CM1572409615718251ARG201936-20260520-1,OK,DASS ITABERABA,138675,1175396,75595,ATAC. M13725 6MM POLIESTER COR 100 [e840d2db-61b9-4737-9dbd-8287dabf8495],90CM,15724096,348,15718251ARG201936-,20/05/2026,22/06/2026,11,Ativo,,,900494,e840d2db-61b9-4737-9dbd-8287dabf8495,FILA,133470,,,
DASS ITABERABA701386757559590CM1572409615718252ARG201936-20260520-1,OK,DASS ITABERABA,138675,1175396,75595,ATAC. M13725 6MM POLIESTER COR 100 [4e0f2970-2ac4-489c-a5a7-0c7b566c6213],90CM,15724096,360,15718252ARG201936-,20/05/2026,22/06/2026,11,Ativo,,,900495,4e0f2970-2ac4-489c-a5a7-0c7b566c6213,FILA,133470,,,
DASS ITABERABA701386757559590CM1572409615718253ARG20193720260520-1,OK,DASS ITABERABA,138675,1175396,75595,ATAC. M13725 6MM POLIESTER COR 100 [d83e9f0a-d496-4cd0-b9ca-8ab3ec1e1843],90CM,15724096,540,15718253ARG201937,20/05/2026,22/06/2026,11,Ativo,,,900496,d83e9f0a-d496-4cd0-b9ca-8ab3ec1e1843,FILA,133470,,,
DASS ITABERABA7013867575595100CM1572409615718251ARG201936-20260520-1,OK,DASS ITABERABA,138675,1175396,75595,ATAC. M13725 6MM POLIESTER COR 100 [d5992fcd-4234-4cd9-905c-fbf51debbd74],100CM,15724096,492,15718251ARG201936-,20/05/2026,22/06/2026,11,Ativo,,,900497,d5992fcd-4234-4cd9-905c-fbf51debbd74,FILA,133470,,,
DASS ITABERABA7013867575595100CM1572409615718252ARG201936-20260520-1,OK,DASS ITABERABA,138675,1175396,75595,ATAC. M13725 6MM POLIESTER COR 100 [35f2e02e-dc8c-4c88-b527-54d0f6dde33c],100CM,15724096,528,15718252ARG201936-,20/05/2026,22/06/2026,11,Ativo,,,900498,35f2e02e-dc8c-4c88-b527-54d0f6dde33c,FILA,133470,,,
DASS ITABERABA7013867575595100CM1572409615718253ARG20193720260520-1,OK,DASS ITABERABA,138675,1175396,75595,ATAC. M13725 6MM POLIESTER COR 100 [50b1e58d-b2d8-4f29-bc70-b0ce22144392],100CM,15724096,852,15718253ARG201937,20/05/2026,22/06/2026,11,Ativo,,,900499,50b1e58d-b2d8-4f29-bc70-b0ce22144392,FILA,133470,,,
DASS ITABERABA701386757566290CM1572409615718250ARG201935-20260520-1,OK,DASS ITABERABA,138675,1314384,75662,ATAC. M13725 6MM POLIESTER COR 114 [e995b537-93ba-40de-8c05-4f9b347fbd46],90CM,15724096,384,15718250ARG201935-,20/05/2026,22/06/2026,11,Ativo,,,900500,e995b537-93ba-40de-8c05-4f9b347fbd46,FILA,133470,,,
DASS ITABERABA7013867575662100CM1572409615718250ARG201935-20260520-1,OK,DASS ITABERABA,138675,1314384,75662,ATAC. M13725 6MM POLIESTER COR 114 [dab96a3b-63b8-4ab2-8903-aa26508e52d6],100CM,15724096,576,15718250ARG201935-,20/05/2026,22/06/2026,11,Ativo,,,900501,dab96a3b-63b8-4ab2-8903-aa26508e52d6,FILA,133470,,,
DASS ITABERABA701386828794616MM1572486020260520-1,OK,DASS ITABERABA,138682,1316829,87946,FITA M31119 C/ GOMA POLIESTER COR 100/ COR 5535/ COR 102 [d410963d-60c9-4602-9a4e-7c716d1cda63],16MM,15724860,50,0,20/05/2026,22/06/2026,11,Ativo,,,900502,d410963d-60c9-4602-9a4e-7c716d1cda63,FILA,133494,,,
DASS ITABERABA701386837559690CM1572487615724479BRITB0052520260520-1,OK,DASS ITABERABA,138683,1038632,75596,ATAC. M13725 6MM POLIESTER COR 4750 [8f83e1a9-c944-4330-866d-23616de0563c],90CM,15724876,240,15724479BRITB00525,20/05/2026,22/06/2026,11,Ativo,,,900503,8f83e1a9-c944-4330-866d-23616de0563c,FILA,133495,,,
DASS ITABERABA701386837559690CM1572487615724480BRITB0052520260520-1,OK,DASS ITABERABA,138683,1038632,75596,ATAC. M13725 6MM POLIESTER COR 4750 [476086e6-5896-4589-9501-ecf4c19279a1],90CM,15724876,240,15724480BRITB00525,20/05/2026,22/06/2026,11,Ativo,,,900504,476086e6-5896-4589-9501-ecf4c19279a1,FILA,133495,,,
DASS ITABERABA7013868375596100CM1572487615724479BRITB0052520260520-1,OK,DASS ITABERABA,138683,1038632,75596,ATAC. M13725 6MM POLIESTER COR 4750 [b5e47431-f0f6-4563-8a1b-2ca6d8b9a01e],100CM,15724876,516,15724479BRITB00525,20/05/2026,22/06/2026,11,Ativo,,,900505,b5e47431-f0f6-4563-8a1b-2ca6d8b9a01e,FILA,133495,,,
DASS ITABERABA7013868375596100CM1572487615724480BRITB0052520260520-1,OK,DASS ITABERABA,138683,1038632,75596,ATAC. M13725 6MM POLIESTER COR 4750 [1b8c9eb6-37bb-437e-8787-8cb677617a4f],100CM,15724876,528,15724480BRITB00525,20/05/2026,22/06/2026,11,Ativo,,,900506,1b8c9eb6-37bb-437e-8787-8cb677617a4f,FILA,133495,,,
DASS ITABERABA701390368743115MM1575617820260527-1,OK,DASS ITABERABA,139036,1265494,87431,FITA MFGP C/ GOMA POLIESTER COR 100 / COR 5535 / COR 100 [99bdf73e-fa26-43f7-80da-132d269a33f6],15MM,15756178,410,0,27/05/2026,22/06/2026,11,Ativo,,,900507,99bdf73e-fa26-43f7-80da-132d269a33f6,FILA,133747,,,
DASS ITABERABA701390369230015MM1575617820260527-1,OK,DASS ITABERABA,139036,1386952,92300,FITA MFGP C/ GOMA POLIESTER COR 788 [892ab6a9-a4a7-49a5-b14c-51eed3b2b2c8],15MM,15756178,180,0,27/05/2026,22/06/2026,11,Ativo,,,900508,892ab6a9-a4a7-49a5-b14c-51eed3b2b2c8,FILA,133747,,,
DASS ITABERABA701390369509115MM1575617820260527-1,OK,DASS ITABERABA,139036,1413354,95091,FITA MFGP C/ GOMA POLIESTER COR 114 / COR 5998 / COR 114 [ec61af89-6065-4276-9cf5-964b4c219c5a],15MM,15756178,250,0,27/05/2026,22/06/2026,11,Ativo,,,900509,ec61af89-6065-4276-9cf5-964b4c219c5a,FILA,133747,,,
DASS ITABERABA701390369509415MM1575617820260527-1,OK,DASS ITABERABA,139036,1401453,95094,FITA MFGP C/ GOMA POLIESTER COR 100 / COR 788 / COR 100 [21a4e9bc-7455-407a-a3cc-04c0fb5539c4],15MM,15756178,120,0,27/05/2026,22/06/2026,11,Ativo,,,900510,21a4e9bc-7455-407a-a3cc-04c0fb5539c4,FILA,133747,,,
DASS ITABERABA7013903776524100CM1575622515746778BRITB0052720260527-1,OK,DASS ITABERABA,139037,816378,76524,ATAC. M13725 6MM POLIESTER COR 263 [19577f42-8007-4e61-b923-c4e36ffaa213],100CM,15756225,300,15746778BRITB00527,27/05/2026,22/06/2026,11,Ativo,,,900511,19577f42-8007-4e61-b923-c4e36ffaa213,FILA,133748,,,
DASS ITABERABA7013903776524100CM1575622515746779BRITB0052720260527-1,OK,DASS ITABERABA,139037,816378,76524,ATAC. M13725 6MM POLIESTER COR 263 [b72eb8c3-3a3d-47ec-a429-6dd4d1e2e689],100CM,15756225,312,15746779BRITB00527,27/05/2026,22/06/2026,11,Ativo,,,900512,b72eb8c3-3a3d-47ec-a429-6dd4d1e2e689,FILA,133748,,,
DASS ITABERABA7013903776524100CM1575622515746780BRITB0052720260527-1,OK,DASS ITABERABA,139037,816378,76524,ATAC. M13725 6MM POLIESTER COR 263 [b59276b5-6e45-472b-868f-c7c77e1db076],100CM,15756225,432,15746780BRITB00527,27/05/2026,22/06/2026,11,Ativo,,,900513,b59276b5-6e45-472b-868f-c7c77e1db076,FILA,133748,,,
DASS ITABERABA7013903776524110CM1575622515746778BRITB0052720260527-1,OK,DASS ITABERABA,139037,816378,76524,ATAC. M13725 6MM POLIESTER COR 263 [8135f944-8a18-4431-8076-9ad4eba7c65e],110CM,15756225,408,15746778BRITB00527,27/05/2026,22/06/2026,11,Ativo,,,900514,8135f944-8a18-4431-8076-9ad4eba7c65e,FILA,133748,,,
DASS ITABERABA7013903776524110CM1575622515746779BRITB0052720260527-1,OK,DASS ITABERABA,139037,816378,76524,ATAC. M13725 6MM POLIESTER COR 263 [aac61d52-8c7c-403f-930d-906377b8249a],110CM,15756225,444,15746779BRITB00527,27/05/2026,22/06/2026,11,Ativo,,,900515,aac61d52-8c7c-403f-930d-906377b8249a,FILA,133748,,,
DASS ITABERABA7013903776524110CM1575622515746780BRITB0052720260527-1,OK,DASS ITABERABA,139037,816378,76524,ATAC. M13725 6MM POLIESTER COR 263 [7560db6e-79a1-4456-946c-2bf8019644c5],110CM,15756225,648,15746780BRITB00527,27/05/2026,22/06/2026,11,Ativo,,,900516,7560db6e-79a1-4456-946c-2bf8019644c5,FILA,133748,,,
DASS ITABERABA701394327137620MM1579836480293120260608-1,OK,DASS ITABERABA,139432,1169743,71376,FITA MFGP C/ GOMA POLIESTER COR 102 [81474ee1-a30a-4817-aba7-0f98f416b78c],20MM,15798364,60,802931,08/06/2026,22/06/2026,11,Ativo,,,900517,81474ee1-a30a-4817-aba7-0f98f416b78c,FILA,134180,,,
DASS SANTO ANTONIO15261387187016412MM1572504420260520-1,OK,DASS SANTO ANTONIO,138718,898941,70164,FITA MFGP C/ GOMA POLIESTER COR 100 [e7891c88-2b17-45e7-8a04-45d75c513634],12MM,15725044,150,0,20/05/2026,22/06/2026,11,Ativo,,,900518,e7891c88-2b17-45e7-8a04-45d75c513634,FILA,133524,,,
DASS SANTO ANTONIO15261387187016415MM1572504420260520-1,OK,DASS SANTO ANTONIO,138718,783896,70164,FITA MFGP C/ GOMA POLIESTER COR 100 [3e4c2541-d425-439e-883d-fc843cfeaa86],15MM,15725044,220,0,20/05/2026,22/06/2026,11,Ativo,,,900519,3e4c2541-d425-439e-883d-fc843cfeaa86,FILA,133524,,,
DASS SANTO ANTONIO15261387187137612MM1572504420260520-1,OK,DASS SANTO ANTONIO,138718,935525,71376,FITA MFGP C/ GOMA POLIESTER COR 102 [80db2d27-87bf-4b8e-aeca-63d218c08642],12MM,15725044,170,0,20/05/2026,22/06/2026,11,Ativo,,,900520,80db2d27-87bf-4b8e-aeca-63d218c08642,FILA,133524,,,
DASS SANTO ANTONIO15261387187352215MM1572504420260520-1,OK,DASS SANTO ANTONIO,138718,902057,73522,FITA MFGP C/ GOMA POLIESTER COR 057 [bf44ad64-482b-42e4-a0b8-114b2f47e143],15MM,15725044,640,0,20/05/2026,22/06/2026,11,Ativo,,,900521,bf44ad64-482b-42e4-a0b8-114b2f47e143,FILA,133524,,,
DASS SANTO ANTONIO15261387187691015MM1572504420260520-1,OK,DASS SANTO ANTONIO,138718,975119,76910,FITA MFGP C/ GOMA POLIESTER COR 263 [3fa9c79d-6972-43d3-a2ee-41afaa33b0f5],15MM,15725044,150,0,20/05/2026,22/06/2026,11,Ativo,,,900522,3fa9c79d-6972-43d3-a2ee-41afaa33b0f5,FILA,133524,,,
DASS SANTO ANTONIO15261387188599715MM1572504420260520-1,OK,DASS SANTO ANTONIO,138718,1299351,85997,FITA MFGP C/ GOMA POLIESTER COR 5507 [4c3d6697-66e2-437a-9ca0-d52d6a1a2df2],15MM,15725044,380,0,20/05/2026,22/06/2026,11,Ativo,,,900523,4c3d6697-66e2-437a-9ca0-d52d6a1a2df2,FILA,133524,,,
DASS SANTO ANTONIO15261387188619115MM1572504420260520-1,OK,DASS SANTO ANTONIO,138718,1354721,86191,FITA MFGP C/ GOMA POLIESTER COR 5535 [1e629b54-3aa0-4794-89a4-5eefc8e903ad],15MM,15725044,200,0,20/05/2026,22/06/2026,11,Ativo,,,900524,1e629b54-3aa0-4794-89a4-5eefc8e903ad,FILA,133524,,,
DASS SANTO ANTONIO152613871975594110CM1572536015724127BRSA00178420260520-1,OK,DASS SANTO ANTONIO,138719,1028535,75594,ATAC. M13725 6MM POLIESTER COR 102 [53961e19-5dfa-4a11-b160-28b1bfe4defb],110CM,15725360,336,15724127BRSA001784,20/05/2026,22/06/2026,11,Ativo,,,900525,53961e19-5dfa-4a11-b160-28b1bfe4defb,FILA,133525,,,
DASS SANTO ANTONIO152613871975594120CM1572536015724127BRSA00178420260520-1,OK,DASS SANTO ANTONIO,138719,1028535,75594,ATAC. M13725 6MM POLIESTER COR 102 [6c8aa2ea-9959-4c73-8789-01fa1a703290],120CM,15725360,480,15724127BRSA001784,20/05/2026,22/06/2026,11,Ativo,,,900526,6c8aa2ea-9959-4c73-8789-01fa1a703290,FILA,133525,,,
DASS SANTO ANTONIO152613871975595110CM1572536015724129BRSA00178620260520-1,OK,DASS SANTO ANTONIO,138719,1175396,75595,ATAC. M13725 6MM POLIESTER COR 100 [6f6d0872-5dee-4aaf-9d35-a6de74166d5d],110CM,15725360,300,15724129BRSA001786,20/05/2026,22/06/2026,11,Ativo,,,900527,6f6d0872-5dee-4aaf-9d35-a6de74166d5d,FILA,133525,,,
DASS SANTO ANTONIO152613871975595120CM1572536015724129BRSA00178620260520-1,OK,DASS SANTO ANTONIO,138719,1175396,75595,ATAC. M13725 6MM POLIESTER COR 100 [9886679a-7f3a-447c-8dc6-07c23f4daa54],120CM,15725360,480,15724129BRSA001786,20/05/2026,22/06/2026,11,Ativo,,,900528,9886679a-7f3a-447c-8dc6-07c23f4daa54,FILA,133525,,,
DASS SANTO ANTONIO152613875194787100CM1572675815724123BRSA00178020260521-1,OK,DASS SANTO ANTONIO,138751,1403291,94787,ATAC. M13725 6MM POLIESTER COR 6008 [deeb7496-a7a6-4bee-931d-5c4be14041d4],100CM,15726758,216,15724123BRSA001780,21/05/2026,22/06/2026,11,Ativo,,,900529,deeb7496-a7a6-4bee-931d-5c4be14041d4,FILA,133562,,,
DASS SANTO ANTONIO152613875194787110CM1572675815724123BRSA00178020260521-1,OK,DASS SANTO ANTONIO,138751,1403291,94787,ATAC. M13725 6MM POLIESTER COR 6008 [072cbc6c-9a0f-4b5b-86e8-3fb252a3e025],110CM,15726758,264,15724123BRSA001780,21/05/2026,22/06/2026,11,Ativo,,,900530,072cbc6c-9a0f-4b5b-86e8-3fb252a3e025,FILA,133562,,,
DASS SANTO ANTONIO15261387529328612MM1572677920260521-1,OK,DASS SANTO ANTONIO,138752,1385046,93286,FITA MFGP C/ GOMA POLIESTER COR 6038 [c0bf61e8-97ee-4ee1-9787-a12c5f4025af],12MM,15726779,100,0,21/05/2026,22/06/2026,11,Ativo,,,900531,c0bf61e8-97ee-4ee1-9787-a12c5f4025af,FILA,133563,,,
DASS SEST71395028759315MM1580779680070620260610-1,OK,DASS SEST,139502,1301596,87593,FITA MR100001 C/ GOMA RECICLADO COR 5364/PET [de4c6477-d01e-4e57-879d-6a3587b9d159],15MM,15807796,30,800706,10/06/2026,24/06/2026,13,Ativo,,,900532,de4c6477-d01e-4e57-879d-6a3587b9d159,NIKE,134253,,,
DASS ITABERABA701387207401415MM1572512520260520-1,OK,DASS ITABERABA,138720,1425019,74014,FITA MFGP C/ GOMA POLIESTER COR 4085 [160ef2d4-4e4c-402f-9be5-569916a13e47],15MM,15725125,470,0,20/05/2026,25/06/2026,14,Ativo,,,900533,160ef2d4-4e4c-402f-9be5-569916a13e47,ASICS,133526,,,
DASS ITABERABA701387209400315MM1572512520260520-1,OK,DASS ITABERABA,138720,1425013,94003,FITA MFGP C/ GOMA POLIESTER COR 6106 [3fca1aa0-2d87-4b86-b858-431850f6b752],15MM,15725125,250,0,20/05/2026,25/06/2026,14,Ativo,,,900534,3fca1aa0-2d87-4b86-b858-431850f6b752,ASICS,133526,,,
DASS ITABERABA7013872180361120CM1572512715719368ASB005278420260520-1,OK,DASS ITABERABA,138721,1176403,80361,ATAC. M18006 POLIESTER COR 5151 [4843639a-c09c-40bc-8c51-c284a603874a],120CM,15725127,242,15719368ASB0052784,20/05/2026,25/06/2026,14,Ativo,,,900535,4843639a-c09c-40bc-8c51-c284a603874a,ASICS,133527,,,
DASS ITABERABA7013872180361130CM1572512715719368ASB005278420260520-1,OK,DASS ITABERABA,138721,1176403,80361,ATAC. M18006 POLIESTER COR 5151 [11eed3f4-3ae0-4a2e-ac71-aaa6266444e1],130CM,15725127,81,15719368ASB0052784,20/05/2026,25/06/2026,14,Ativo,,,900536,11eed3f4-3ae0-4a2e-ac71-aaa6266444e1,ASICS,133527,,,
DASS ITABERABA7013872184206110CM1572512715719393ASB005274220260520-1,OK,DASS ITABERABA,138721,1229330,84206,ATAC. M18006 POLIESTER COR 4085 [12f19e7a-2929-4c2b-be98-3e89c605525a],110CM,15725127,459,15719393ASB0052742,20/05/2026,25/06/2026,14,Ativo,,,900537,12f19e7a-2929-4c2b-be98-3e89c605525a,ASICS,133527,,,
DASS ITABERABA7013872184206120CM1572512715719387ASB005271320260520-1,OK,DASS ITABERABA,138721,1229330,84206,ATAC. M18006 POLIESTER COR 4085 [99dabf2c-f26f-4fdf-b9ff-5d3e096c9c6d],120CM,15725127,725,15719387ASB0052713,20/05/2026,25/06/2026,14,Ativo,,,900538,99dabf2c-f26f-4fdf-b9ff-5d3e096c9c6d,ASICS,133527,,,
DASS ITABERABA7013872184206120CM1572512715719388ASB005271520260520-1,OK,DASS ITABERABA,138721,1229330,84206,ATAC. M18006 POLIESTER COR 4085 [0b11776d-83ca-400e-b428-65d39226fe49],120CM,15725127,75,15719388ASB0052715,20/05/2026,25/06/2026,14,Ativo,,,900539,0b11776d-83ca-400e-b428-65d39226fe49,ASICS,133527,,,
DASS ITABERABA7013872184206120CM1572512715719393ASB005274220260520-1,OK,DASS ITABERABA,138721,1229330,84206,ATAC. M18006 POLIESTER COR 4085 [10bee478-6852-4cff-aee4-e84d7930e8a7],120CM,15725127,186,15719393ASB0052742,20/05/2026,25/06/2026,14,Ativo,,,900540,10bee478-6852-4cff-aee4-e84d7930e8a7,ASICS,133527,,,
DASS ITABERABA7013872184206120CM1572512715719370ASB005278220260520-1,OK,DASS ITABERABA,138721,1229330,84206,ATAC. M18006 POLIESTER COR 4085 [47a6ed9b-f549-4527-b8c8-f12d9522a9c4],120CM,15725127,228,15719370ASB0052782,20/05/2026,25/06/2026,14,Ativo,,,900541,47a6ed9b-f549-4527-b8c8-f12d9522a9c4,ASICS,133527,,,
DASS ITABERABA7013872184206130CM1572512715719387ASB005271320260520-1,OK,DASS ITABERABA,138721,1229330,84206,ATAC. M18006 POLIESTER COR 4085 [d4cfe79b-9a36-474a-9d44-c5007f00fb2a],130CM,15725127,724,15719387ASB0052713,20/05/2026,25/06/2026,14,Ativo,,,900542,d4cfe79b-9a36-474a-9d44-c5007f00fb2a,ASICS,133527,,,
DASS ITABERABA7013872184206130CM1572512715719388ASB005271520260520-1,OK,DASS ITABERABA,138721,1229330,84206,ATAC. M18006 POLIESTER COR 4085 [fc73c009-5072-4c6e-8c8b-feb345bb98c2],130CM,15725127,49,15719388ASB0052715,20/05/2026,25/06/2026,14,Ativo,,,900543,fc73c009-5072-4c6e-8c8b-feb345bb98c2,ASICS,133527,,,
DASS ITABERABA7013872184206130CM1572512715719370ASB005278220260520-1,OK,DASS ITABERABA,138721,1229330,84206,ATAC. M18006 POLIESTER COR 4085 [f4620e17-ea6f-480c-99a4-9e0057b5dea9],130CM,15725127,129,15719370ASB0052782,20/05/2026,25/06/2026,14,Ativo,,,900544,f4620e17-ea6f-480c-99a4-9e0057b5dea9,ASICS,133527,,,
DASS ITABERABA7013872187249110CM1572512715719366ASB005280720260520-1,OK,DASS ITABERABA,138721,1275982,87249,ATAC. M18006 POLIESTER COR 5604 [77aefa5a-73bb-47b7-958a-0af59d232104],110CM,15725127,156,15719366ASB0052807,20/05/2026,25/06/2026,14,Ativo,,,900545,77aefa5a-73bb-47b7-958a-0af59d232104,ASICS,133527,,,
DASS ITABERABA7013872187249120CM1572512715719366ASB005280720260520-1,OK,DASS ITABERABA,138721,1275982,87249,ATAC. M18006 POLIESTER COR 5604 [24d39fa0-dbf2-48b8-970e-4f2bc862661e],120CM,15725127,155,15719366ASB0052807,20/05/2026,25/06/2026,14,Ativo,,,900546,24d39fa0-dbf2-48b8-970e-4f2bc862661e,ASICS,133527,,,
DASS ITABERABA7013872194505110CM1572512715719367ASB005280820260520-1,OK,DASS ITABERABA,138721,1393580,94505,ATAC. M18006 POLIESTER COR 6109 [bdec7cc8-7d7d-4303-b6e2-0a82874f476e],110CM,15725127,156,15719367ASB0052808,20/05/2026,25/06/2026,14,Ativo,,,900547,bdec7cc8-7d7d-4303-b6e2-0a82874f476e,ASICS,133527,,,
DASS ITABERABA7013872194505120CM1572512715719367ASB005280820260520-1,OK,DASS ITABERABA,138721,1393580,94505,ATAC. M18006 POLIESTER COR 6109 [fc05b641-4d8d-41a6-bace-6fe62aaef90f],120CM,15725127,155,15719367ASB0052808,20/05/2026,25/06/2026,14,Ativo,,,900548,fc05b641-4d8d-41a6-bace-6fe62aaef90f,ASICS,133527,,,
DASS ITABERABA7013872194827120CM1572512715719391ASB005272120260520-1,OK,DASS ITABERABA,138721,1400180,94827,ATAC. M18006 POLIESTER COR 6106 [e7387e9c-b235-426d-9efa-01fdab7e1827],120CM,15725127,604,15719391ASB0052721,20/05/2026,25/06/2026,14,Ativo,,,900549,e7387e9c-b235-426d-9efa-01fdab7e1827,ASICS,133527,,,
DASS ITABERABA7013872194827130CM1572512715719391ASB005272120260520-1,OK,DASS ITABERABA,138721,1400180,94827,ATAC. M18006 POLIESTER COR 6106 [d79a55da-f677-4f25-84ee-418d98d87140],130CM,15725127,535,15719391ASB0052721,20/05/2026,25/06/2026,14,Ativo,,,900550,d79a55da-f677-4f25-84ee-418d98d87140,ASICS,133527,,,
DASS ITABERABA7013872187264140CM1572512715719315ASB005275520260520-1,OK,DASS ITABERABA,138721,1307388,87264,ATAC. 6ALN POLIESTER COR 5151 [33b40ac3-87b1-42a9-8b05-d13eb7c69acd],140CM,15725127,348,15719315ASB0052755,20/05/2026,25/06/2026,14,Ativo,,,900551,33b40ac3-87b1-42a9-8b05-d13eb7c69acd,ASICS,133527,,,
DASS ITABERABA7013872189369130CM1572512715719317ASB005276420260520-1,OK,DASS ITABERABA,138721,1341986,89369,ATAC. 6ALN POLIESTER COR 5711 [d753b4e3-401c-4692-91b7-969b9c5065cd],130CM,15725127,309,15719317ASB0052764,20/05/2026,25/06/2026,14,Ativo,,,900552,d753b4e3-401c-4692-91b7-969b9c5065cd,ASICS,133527,,,
DASS ITABERABA7013872189369140CM1572512715719314ASB005275320260520-1,OK,DASS ITABERABA,138721,1341986,89369,ATAC. 6ALN POLIESTER COR 5711 [fc787deb-fff2-4654-8e01-823a6a63a4b1],140CM,15725127,308,15719314ASB0052753,20/05/2026,25/06/2026,14,Ativo,,,900553,fc787deb-fff2-4654-8e01-823a6a63a4b1,ASICS,133527,,,
DASS ITABERABA7013872192608130CM1572512715719319ASB005276620260520-1,OK,DASS ITABERABA,138721,1392404,92608,ATAC. 6ALN POLIESTER COR 4588 [2f7a5a93-2859-4635-8947-7fe1b3f02b75],130CM,15725127,309,15719319ASB0052766,20/05/2026,25/06/2026,14,Ativo,,,900554,2f7a5a93-2859-4635-8947-7fe1b3f02b75,ASICS,133527,,,
DASS ITABERABA7013872174802130CM1572512715719376ASB005268720260520-1,OK,DASS ITABERABA,138721,1015432,74802,ATAC. M22031 REFLEX COR 4219/1 [bfc7a082-7aa6-453e-8dc5-c32cf8dd4ecb],130CM,15725127,587,15719376ASB0052687,20/05/2026,25/06/2026,14,Ativo,,,900555,bfc7a082-7aa6-453e-8dc5-c32cf8dd4ecb,ASICS,133527,,,
DASS ITABERABA7013872174802140CM1572512715719376ASB005268720260520-1,OK,DASS ITABERABA,138721,1015432,74802,ATAC. M22031 REFLEX COR 4219/1 [b3fd8135-3c7e-4c87-8f05-a79d3135f9ea],140CM,15725127,488,15719376ASB0052687,20/05/2026,25/06/2026,14,Ativo,,,900556,b3fd8135-3c7e-4c87-8f05-a79d3135f9ea,ASICS,133527,,,
DASS ITABERABA7013872184768120CM1572512715719375ASB005268820260520-1,OK,DASS ITABERABA,138721,1249007,84768,ATAC. M22031 REFLEX COR 4085/1 [37e70204-ee8d-4ff8-88a9-18fdc20a4a36],120CM,15725127,1080,15719375ASB0052688,20/05/2026,25/06/2026,14,Ativo,,,900557,37e70204-ee8d-4ff8-88a9-18fdc20a4a36,ASICS,133527,,,
DASS ITABERABA7013872184768130CM1572512715719378ASB005268620260520-1,OK,DASS ITABERABA,138721,1249007,84768,ATAC. M22031 REFLEX COR 4085/1 [f9567421-4817-44de-86b9-3e0331816eae],130CM,15725127,654,15719378ASB0052686,20/05/2026,25/06/2026,14,Ativo,,,900558,f9567421-4817-44de-86b9-3e0331816eae,ASICS,133527,,,
DASS ITABERABA7013872184768130CM1572512715719375ASB005268820260520-1,OK,DASS ITABERABA,138721,1249007,84768,ATAC. M22031 REFLEX COR 4085/1 [67f5fd43-be61-46d8-b713-2e69a3f65443],130CM,15725127,467,15719375ASB0052688,20/05/2026,25/06/2026,14,Ativo,,,900559,67f5fd43-be61-46d8-b713-2e69a3f65443,ASICS,133527,,,
DASS ITABERABA7013872184768130CM1572512715719379ASB005269720260520-1,OK,DASS ITABERABA,138721,1249007,84768,ATAC. M22031 REFLEX COR 4085/1 [9a77d5c6-4bc3-4842-ab43-b1073b4b0fd8],130CM,15725127,823,15719379ASB0052697,20/05/2026,25/06/2026,14,Ativo,,,900560,9a77d5c6-4bc3-4842-ab43-b1073b4b0fd8,ASICS,133527,,,
DASS ITABERABA7013872184768140CM1572512715719378ASB005268620260520-1,OK,DASS ITABERABA,138721,1249007,84768,ATAC. M22031 REFLEX COR 4085/1 [7a8e1938-4b35-4b74-9486-fda51eff4dd9],140CM,15725127,263,15719378ASB0052686,20/05/2026,25/06/2026,14,Ativo,,,900561,7a8e1938-4b35-4b74-9486-fda51eff4dd9,ASICS,133527,,,
DASS ITABERABA7013872184768140CM1572512715719379ASB005269720260520-1,OK,DASS ITABERABA,138721,1249007,84768,ATAC. M22031 REFLEX COR 4085/1 [5db23be4-4dbf-4e3d-931d-b870c08ff843],140CM,15725127,538,15719379ASB0052697,20/05/2026,25/06/2026,14,Ativo,,,900562,5db23be4-4dbf-4e3d-931d-b870c08ff843,ASICS,133527,,,
DASS ITABERABA7013872184793130CM1572512715719377ASB005270020260520-1,OK,DASS ITABERABA,138721,1226448,84793,ATAC. M22031 REFLEX COR 5473/1 [c2844420-433d-43b5-9983-b94fdee9d556],130CM,15725127,243,15719377ASB0052700,20/05/2026,25/06/2026,14,Ativo,,,900563,c2844420-433d-43b5-9983-b94fdee9d556,ASICS,133527,,,
DASS ITABERABA7013872184793140CM1572512715719377ASB005270020260520-1,OK,DASS ITABERABA,138721,1226448,84793,ATAC. M22031 REFLEX COR 5473/1 [0f77eab1-0d11-4768-a282-c1a3af60ee10],140CM,15725127,118,15719377ASB0052700,20/05/2026,25/06/2026,14,Ativo,,,900564,0f77eab1-0d11-4768-a282-c1a3af60ee10,ASICS,133527,,,
DASS ITABERABA7013872192609120CM1572512715719373ASB005273820260520-1,OK,DASS ITABERABA,138721,1393890,92609,ATAC. M22031 REFLEX COR 214/1 [590ab4f9-9c0e-4d18-8e33-aaae995f0285],120CM,15725127,225,15719373ASB0052738,20/05/2026,25/06/2026,14,Ativo,,,900565,590ab4f9-9c0e-4d18-8e33-aaae995f0285,ASICS,133527,,,
DASS ITABERABA7013872192609130CM1572512715719373ASB005273820260520-1,OK,DASS ITABERABA,138721,1393890,92609,ATAC. M22031 REFLEX COR 214/1 [7e384861-8a4a-495f-a8ca-48786e99002f],130CM,15725127,112,15719373ASB0052738,20/05/2026,25/06/2026,14,Ativo,,,900566,7e384861-8a4a-495f-a8ca-48786e99002f,ASICS,133527,,,
DASS ITABERABA7013872192717120CM1572512715719372ASB005268920260520-1,OK,DASS ITABERABA,138721,1393892,92717,ATAC. M22031 REFLEX COR 5108/1 [86787f81-6e0b-4b17-ae6c-63aa2e7681c7],120CM,15725127,322,15719372ASB0052689,20/05/2026,25/06/2026,14,Ativo,,,900567,86787f81-6e0b-4b17-ae6c-63aa2e7681c7,ASICS,133527,,,
DASS ITABERABA7013872192717130CM1572512715719372ASB005268920260520-1,OK,DASS ITABERABA,138721,1393892,92717,ATAC. M22031 REFLEX COR 5108/1 [23ced816-b15e-4af8-8d81-ad45f89ca5ec],130CM,15725127,235,15719372ASB0052689,20/05/2026,25/06/2026,14,Ativo,,,900568,23ced816-b15e-4af8-8d81-ad45f89ca5ec,ASICS,133527,,,
DASS ITABERABA7013872192801120CM1572512715719374ASB005273520260520-1,OK,DASS ITABERABA,138721,1393891,92801,ATAC. M22031 REFLEX COR 4313/1 [592714c7-bcd6-4b60-acf7-c6a2bfda9be6],120CM,15725127,396,15719374ASB0052735,20/05/2026,25/06/2026,14,Ativo,,,900569,592714c7-bcd6-4b60-acf7-c6a2bfda9be6,ASICS,133527,,,
DASS ITABERABA7013872192801130CM1572512715719374ASB005273520260520-1,OK,DASS ITABERABA,138721,1393891,92801,ATAC. M22031 REFLEX COR 4313/1 [510dbee1-c86f-47c7-888c-7c4f0b147f68],130CM,15725127,175,15719374ASB0052735,20/05/2026,25/06/2026,14,Ativo,,,900570,510dbee1-c86f-47c7-888c-7c4f0b147f68,ASICS,133527,,,
DASS ITABERABA70138722930221.8MM1572517720260520-1,OK,DASS ITABERABA,138722,1400176,93022,CORDAO M9099 POLIESTER COR 4085 [efc502b5-230b-4640-8828-69996ee8d4bc],1.8MM,15725177,1200,0,20/05/2026,25/06/2026,14,Ativo,,,900571,efc502b5-230b-4640-8828-69996ee8d4bc,ASICS,133528,,,
DASS ITABERABA70138722948781.8MM1572517720260520-1,OK,DASS ITABERABA,138722,1400179,94878,CORDAO M9099 POLIESTER COR 6106 [3cbb5c16-4577-40d8-af5f-a6b5695b0f37],1.8MM,15725177,600,0,20/05/2026,25/06/2026,14,Ativo,,,900572,3cbb5c16-4577-40d8-af5f-a6b5695b0f37,ASICS,133528,,,
DASS VITORIA39113922395643110CM1575105815729837BRI01027520260601-1,NÃO,DASS VITORIA,139223,827533,95643,ATAC. M13801 POLIESTER COR 100 [aae17423-b9ee-48e4-bb03-f1c86989f6cd],110CM,15751058,168,15729837BRI010275,01/06/2026,25/06/2026,14,Ativo,,,900573,aae17423-b9ee-48e4-bb03-f1c86989f6cd,UMBRO,133924,,,
DASS VITORIA39113922395643120CM1575105815729832BRI01026720260601-1,NÃO,DASS VITORIA,139223,827533,95643,ATAC. M13801 POLIESTER COR 100 [f6bbf9e5-78c2-4d95-bfed-920e68593579],120CM,15751058,180,15729832BRI010267,01/06/2026,25/06/2026,14,Ativo,,,900574,f6bbf9e5-78c2-4d95-bfed-920e68593579,UMBRO,133924,,,
DASS VITORIA39113922395643120CM1575105815729839BRI01026820260601-1,NÃO,DASS VITORIA,139223,827533,95643,ATAC. M13801 POLIESTER COR 100 [8c55dd5e-ca83-4c0e-b7fe-07c86673f137],120CM,15751058,96,15729839BRI010268,01/06/2026,25/06/2026,14,Ativo,,,900575,8c55dd5e-ca83-4c0e-b7fe-07c86673f137,UMBRO,133924,,,
DASS VITORIA39113922395643120CM1575105815729833BRI01027120260601-1,NÃO,DASS VITORIA,139223,827533,95643,ATAC. M13801 POLIESTER COR 100 [91cae425-c56a-49ff-9f20-001d0a107261],120CM,15751058,144,15729833BRI010271,01/06/2026,25/06/2026,14,Ativo,,,900576,91cae425-c56a-49ff-9f20-001d0a107261,UMBRO,133924,,,
DASS VITORIA39113922395643120CM1575105815729842BRI01027220260601-1,NÃO,DASS VITORIA,139223,827533,95643,ATAC. M13801 POLIESTER COR 100 [9fe02c95-091a-4291-8460-4ad4d39d92a8],120CM,15751058,132,15729842BRI010272,01/06/2026,25/06/2026,14,Ativo,,,900577,9fe02c95-091a-4291-8460-4ad4d39d92a8,UMBRO,133924,,,
DASS VITORIA39113922395643120CM1575105815729837BRI01027520260601-1,NÃO,DASS VITORIA,139223,827533,95643,ATAC. M13801 POLIESTER COR 100 [64feb174-e0cf-49e5-80e4-4a97fd78da1f],120CM,15751058,360,15729837BRI010275,01/06/2026,25/06/2026,14,Ativo,,,900578,64feb174-e0cf-49e5-80e4-4a97fd78da1f,UMBRO,133924,,,
DASS VITORIA39113922395643130CM1575105815729832BRI01026720260601-1,NÃO,DASS VITORIA,139223,827533,95643,ATAC. M13801 POLIESTER COR 100 [e17d8356-c8af-4c22-b0e2-d184cadd60ff],130CM,15751058,120,15729832BRI010267,01/06/2026,25/06/2026,14,Ativo,,,900579,e17d8356-c8af-4c22-b0e2-d184cadd60ff,UMBRO,133924,,,
DASS VITORIA39113922395643130CM1575105815729839BRI01026820260601-1,NÃO,DASS VITORIA,139223,827533,95643,ATAC. M13801 POLIESTER COR 100 [266cd9a6-4e7d-458d-b0f5-9f5fff141094],130CM,15751058,204,15729839BRI010268,01/06/2026,25/06/2026,14,Ativo,,,900580,266cd9a6-4e7d-458d-b0f5-9f5fff141094,UMBRO,133924,,,
DASS VITORIA39113922395643130CM1575105815729833BRI01027120260601-1,NÃO,DASS VITORIA,139223,827533,95643,ATAC. M13801 POLIESTER COR 100 [5a5734ba-84ea-4dc1-9a89-2aab30ff7137],130CM,15751058,156,15729833BRI010271,01/06/2026,25/06/2026,14,Ativo,,,900581,5a5734ba-84ea-4dc1-9a89-2aab30ff7137,UMBRO,133924,,,
DASS VITORIA39113922395643130CM1575105815729842BRI01027220260601-1,NÃO,DASS VITORIA,139223,827533,95643,ATAC. M13801 POLIESTER COR 100 [3f261365-9eea-43e3-84cd-3b94187c616d],130CM,15751058,180,15729842BRI010272,01/06/2026,25/06/2026,14,Ativo,,,900582,3f261365-9eea-43e3-84cd-3b94187c616d,UMBRO,133924,,,
DASS VITORIA39113922395644110CM1575105815729836BRI01027420260601-1,NÃO,DASS VITORIA,139223,827530,95644,ATAC. M13801 POLIESTER COR 102 [8196f578-0d04-46e8-b702-5bdb6c9f2557],110CM,15751058,240,15729836BRI010274,01/06/2026,25/06/2026,14,Ativo,,,900583,8196f578-0d04-46e8-b702-5bdb6c9f2557,UMBRO,133924,,,
DASS VITORIA39113922395644110CM1575105815729838BRI01027620260601-1,NÃO,DASS VITORIA,139223,827530,95644,ATAC. M13801 POLIESTER COR 102 [ef30cd32-a577-40f1-83ff-0125d68c914a],110CM,15751058,216,15729838BRI010276,01/06/2026,25/06/2026,14,Ativo,,,900584,ef30cd32-a577-40f1-83ff-0125d68c914a,UMBRO,133924,,,
DASS VITORIA39113922395644120CM1575105815729836BRI01027420260601-1,NÃO,DASS VITORIA,139223,827530,95644,ATAC. M13801 POLIESTER COR 102 [9f9f58ba-2be6-410b-8536-d8cfff75f4c8],120CM,15751058,540,15729836BRI010274,01/06/2026,25/06/2026,14,Ativo,,,900585,9f9f58ba-2be6-410b-8536-d8cfff75f4c8,UMBRO,133924,,,
DASS VITORIA39113922395644120CM1575105815729838BRI01027620260601-1,NÃO,DASS VITORIA,139223,827530,95644,ATAC. M13801 POLIESTER COR 102 [1cdc3295-6f0e-4dbd-b290-ff6f36db54b1],120CM,15751058,336,15729838BRI010276,01/06/2026,25/06/2026,14,Ativo,,,900586,1cdc3295-6f0e-4dbd-b290-ff6f36db54b1,UMBRO,133924,,,
DASS VITORIA39113922395645120CM1575105815729841BRI01026920260601-1,NÃO,DASS VITORIA,139223,1328498,95645,ATAC. M13801 POLIESTER COR 058 [e035ba77-0fcb-4dfa-9b4f-f2ca336dcaf4],120CM,15751058,348,15729841BRI010269,01/06/2026,25/06/2026,14,Ativo,,,900587,e035ba77-0fcb-4dfa-9b4f-f2ca336dcaf4,UMBRO,133924,,,
DASS VITORIA39113922395645120CM1575105815729843BRI01027320260601-1,NÃO,DASS VITORIA,139223,1328498,95645,ATAC. M13801 POLIESTER COR 058 [4dceca09-33b6-4449-a9fd-b90423f91f94],120CM,15751058,240,15729843BRI010273,01/06/2026,25/06/2026,14,Ativo,,,900588,4dceca09-33b6-4449-a9fd-b90423f91f94,UMBRO,133924,,,
DASS VITORIA39113922395645130CM1575105815729841BRI01026920260601-1,NÃO,DASS VITORIA,139223,1328498,95645,ATAC. M13801 POLIESTER COR 058 [855f3694-8689-438b-a62e-f156efddf025],130CM,15751058,612,15729841BRI010269,01/06/2026,25/06/2026,14,Ativo,,,900589,855f3694-8689-438b-a62e-f156efddf025,UMBRO,133924,,,
DASS VITORIA39113922395645130CM1575105815729843BRI01027320260601-1,NÃO,DASS VITORIA,139223,1328498,95645,ATAC. M13801 POLIESTER COR 058 [2eb76734-0bdc-40d4-bf81-cce81d4103fe],130CM,15751058,492,15729843BRI010273,01/06/2026,25/06/2026,14,Ativo,,,900590,2eb76734-0bdc-40d4-bf81-cce81d4103fe,UMBRO,133924,,,
DASS SEST713608282628100CM1540032915398409NBR328253920260309-1,OK,DASS SEST,136082,1188919,82628,ATAC. MR140014 6MM RECICLADO COR 4085/PET [d31e3537-3fbb-4050-9981-a2c4cdb9c448],100CM,15400329,12,15398409NBR3282539,09/03/2026,29/06/2026,18,Ativo,,,900591,d31e3537-3fbb-4050-9981-a2c4cdb9c448,NIKE,130899,,,
DASS SEST713608282628100CM1540032915398410NBR328253920260309-1,OK,DASS SEST,136082,1188919,82628,ATAC. MR140014 6MM RECICLADO COR 4085/PET [bbfcb3d4-fe11-4fe8-8a2d-b03215b2bc10],100CM,15400329,18,15398410NBR3282539,09/03/2026,29/06/2026,18,Ativo,,,900592,bbfcb3d4-fe11-4fe8-8a2d-b03215b2bc10,NIKE,130899,,,
DASS SEST713608282628105CM1540032915398409NBR328253920260309-1,OK,DASS SEST,136082,1188919,82628,ATAC. MR140014 6MM RECICLADO COR 4085/PET [fb8cd6bc-908f-44bb-82fd-0600df0d7043],105CM,15400329,336,15398409NBR3282539,09/03/2026,29/06/2026,18,Ativo,,,900593,fb8cd6bc-908f-44bb-82fd-0600df0d7043,NIKE,130899,,,
DASS SEST713608282628105CM1540032915398410NBR328253920260309-1,OK,DASS SEST,136082,1188919,82628,ATAC. MR140014 6MM RECICLADO COR 4085/PET [bccdb46e-aa0c-4c7c-a8e8-555f2f2fd7fc],105CM,15400329,324,15398410NBR3282539,09/03/2026,29/06/2026,18,Ativo,,,900594,bccdb46e-aa0c-4c7c-a8e8-555f2f2fd7fc,NIKE,130899,,,
DASS SEST713608282628105CM1540032915398411NBR328253920260309-1,OK,DASS SEST,136082,1188919,82628,ATAC. MR140014 6MM RECICLADO COR 4085/PET [fb3aa40f-4405-4465-a7bc-974373970c09],105CM,15400329,360,15398411NBR3282539,09/03/2026,29/06/2026,18,Ativo,,,900595,fb3aa40f-4405-4465-a7bc-974373970c09,NIKE,130899,,,
DASS SEST713608282628110CM1540032915398409NBR328253920260309-1,OK,DASS SEST,136082,1188919,82628,ATAC. MR140014 6MM RECICLADO COR 4085/PET [88e346ea-ae00-4269-97eb-2e5cb2976081],110CM,15400329,507,15398409NBR3282539,09/03/2026,29/06/2026,18,Ativo,,,900596,88e346ea-ae00-4269-97eb-2e5cb2976081,NIKE,130899,,,
DASS SEST713608282628110CM1540032915398410NBR328253920260309-1,OK,DASS SEST,136082,1188919,82628,ATAC. MR140014 6MM RECICLADO COR 4085/PET [69c2e86e-c2d6-4c4a-932a-6de21a283473],110CM,15400329,492,15398410NBR3282539,09/03/2026,29/06/2026,18,Ativo,,,900597,69c2e86e-c2d6-4c4a-932a-6de21a283473,NIKE,130899,,,
DASS SEST713608282628110CM1540032915398411NBR328253920260309-1,OK,DASS SEST,136082,1188919,82628,ATAC. MR140014 6MM RECICLADO COR 4085/PET [bc23e49b-b3a6-4d11-bf28-a82243952d07],110CM,15400329,516,15398411NBR3282539,09/03/2026,29/06/2026,18,Ativo,,,900598,bc23e49b-b3a6-4d11-bf28-a82243952d07,NIKE,130899,,,
DASS SEST713608282628115CM1540032915398409NBR328253920260309-1,OK,DASS SEST,136082,1188919,82628,ATAC. MR140014 6MM RECICLADO COR 4085/PET [2cd7a07b-f6f1-4526-afee-b1aedc8ae265],115CM,15400329,60,15398409NBR3282539,09/03/2026,29/06/2026,18,Ativo,,,900599,2cd7a07b-f6f1-4526-afee-b1aedc8ae265,NIKE,130899,,,
DASS SEST713608282628115CM1540032915398410NBR328253920260309-1,OK,DASS SEST,136082,1188919,82628,ATAC. MR140014 6MM RECICLADO COR 4085/PET [8c2bd995-2abe-4c22-b632-222b5c9361f7],115CM,15400329,60,15398410NBR3282539,09/03/2026,29/06/2026,18,Ativo,,,900600,8c2bd995-2abe-4c22-b632-222b5c9361f7,NIKE,130899,,,
DASS SEST713608282628115CM1540032915398411NBR328253920260309-1,OK,DASS SEST,136082,1188919,82628,ATAC. MR140014 6MM RECICLADO COR 4085/PET [bdb92104-c0a6-42c0-9bc3-792c86f06281],115CM,15400329,72,15398411NBR3282539,09/03/2026,29/06/2026,18,Ativo,,,900601,bdb92104-c0a6-42c0-9bc3-792c86f06281,NIKE,130899,,,
DASS SEST713650682628100CM1545019615446446NBR328259020260319-1,OK,DASS SEST,136506,1188919,82628,ATAC. MR140014 6MM RECICLADO COR 4085/PET [b98d4c9f-666e-466a-9d59-7adfb0484118],100CM,15450196,120,15446446NBR3282590,19/03/2026,29/06/2026,18,Ativo,,,900602,b98d4c9f-666e-466a-9d59-7adfb0484118,NIKE,131324,,,
DASS SEST713650682628105CM1545019615446437NBR328253520260319-1,OK,DASS SEST,136506,1188919,82628,ATAC. MR140014 6MM RECICLADO COR 4085/PET [b956188d-4637-435f-a1be-5dc433966b73],105CM,15450196,222,15446437NBR3282535,19/03/2026,29/06/2026,18,Ativo,,,900603,b956188d-4637-435f-a1be-5dc433966b73,NIKE,131324,,,
DASS SEST713650682628105CM1545019615446446NBR328259020260319-1,OK,DASS SEST,136506,1188919,82628,ATAC. MR140014 6MM RECICLADO COR 4085/PET [eff2510d-1e6e-46f3-b718-5c5bdb440d82],105CM,15450196,836,15446446NBR3282590,19/03/2026,29/06/2026,18,Ativo,,,900604,eff2510d-1e6e-46f3-b718-5c5bdb440d82,NIKE,131324,,,
DASS SEST713650682628110CM1545019615446437NBR328253520260319-1,OK,DASS SEST,136506,1188919,82628,ATAC. MR140014 6MM RECICLADO COR 4085/PET [dc8ad7ac-4dd1-4f5f-9916-e4fbca5c6964],110CM,15450196,644,15446437NBR3282535,19/03/2026,29/06/2026,18,Ativo,,,900605,dc8ad7ac-4dd1-4f5f-9916-e4fbca5c6964,NIKE,131324,,,
DASS SEST713650682628110CM1545019615446446NBR328259020260319-1,OK,DASS SEST,136506,1188919,82628,ATAC. MR140014 6MM RECICLADO COR 4085/PET [425ca0be-c9e2-42f1-b765-2a7d8b9ec16c],110CM,15450196,48,15446446NBR3282590,19/03/2026,29/06/2026,18,Ativo,,,900606,425ca0be-c9e2-42f1-b765-2a7d8b9ec16c,NIKE,131324,,,
DASS SEST713650682628115CM1545019615446437NBR328253520260319-1,OK,DASS SEST,136506,1188919,82628,ATAC. MR140014 6MM RECICLADO COR 4085/PET [b3e2c334-c3b1-4ab0-afb3-151053b36237],115CM,15450196,258,15446437NBR3282535,19/03/2026,29/06/2026,18,Ativo,,,900607,b3e2c334-c3b1-4ab0-afb3-151053b36237,NIKE,131324,,,
DASS SEST713652994721120CM1545209915446473NBR328252920260319-1,OK,DASS SEST,136529,1405823,94721,ATAC. MR110029 RECICLADO COR 4203/PET [3d3dc3db-b4b8-4963-b6fc-1fee5948d171],120CM,15452099,66,15446473NBR3282529,19/03/2026,29/06/2026,18,Ativo,,,900608,3d3dc3db-b4b8-4963-b6fc-1fee5948d171,NIKE,131337,,,
DASS SEST713652994721130CM1545209915446473NBR328252920260319-1,OK,DASS SEST,136529,1405823,94721,ATAC. MR110029 RECICLADO COR 4203/PET [0bd31207-5577-428a-9210-f5862581941b],130CM,15452099,902,15446473NBR3282529,19/03/2026,29/06/2026,18,Ativo,,,900609,0bd31207-5577-428a-9210-f5862581941b,NIKE,131337,,,
DASS SEST713652994721140CM1545209915446473NBR328252920260319-1,OK,DASS SEST,136529,1405823,94721,ATAC. MR110029 RECICLADO COR 4203/PET [a60f8f29-04a7-4f2f-b2db-743254173d68],140CM,15452099,108,15446473NBR3282529,19/03/2026,29/06/2026,18,Ativo,,,900610,a60f8f29-04a7-4f2f-b2db-743254173d68,NIKE,131337,,,
DASS SEST71372707400710MM1554339720260410-1,OK,DASS SEST,137270,1200469,74007,FITA M32164 C/ GOMA POLIESTER COR 4085 [39c7f67a-bd12-4c5c-af27-504fa912c5f6],10MM,15543397,320,0,10/04/2026,29/06/2026,18,Ativo,,,900611,39c7f67a-bd12-4c5c-af27-504fa912c5f6,NIKE,132080,,,
DASS SEST713728588668110CM1554196715536915NBR328265820260410-1,OK,DASS SEST,137285,1304277,88668,ATAC. MR110022 7MM RECICLADO COR 4085/PET / COR 496/PET [7cf60697-818c-4b06-bbe1-5a7aa5388a79],110CM,15541967,819,15536915NBR3282658,10/04/2026,29/06/2026,18,Ativo,,,900612,7cf60697-818c-4b06-bbe1-5a7aa5388a79,NIKE,132091,,,
DASS SEST713728588668110CM1554196715536916NBR328265820260410-1,OK,DASS SEST,137285,1304277,88668,ATAC. MR110022 7MM RECICLADO COR 4085/PET / COR 496/PET [4925dda0-fef3-4f04-8193-4ae82960746d],110CM,15541967,768,15536916NBR3282658,10/04/2026,29/06/2026,18,Ativo,,,900613,4925dda0-fef3-4f04-8193-4ae82960746d,NIKE,132091,,,
DASS SEST713728588668110CM1554196715536917NBR328265820260410-1,OK,DASS SEST,137285,1304277,88668,ATAC. MR110022 7MM RECICLADO COR 4085/PET / COR 496/PET [533a018e-f628-4ba7-95f6-d6164ac8b7e1],110CM,15541967,840,15536917NBR3282658,10/04/2026,29/06/2026,18,Ativo,,,900614,533a018e-f628-4ba7-95f6-d6164ac8b7e1,NIKE,132091,,,
DASS SEST713728588668115CM1554196715536915NBR328265820260410-1,OK,DASS SEST,137285,1304277,88668,ATAC. MR110022 7MM RECICLADO COR 4085/PET / COR 496/PET [3fdf19c2-22c5-46a0-b60c-823cff5d9bfc],115CM,15541967,18,15536915NBR3282658,10/04/2026,29/06/2026,18,Ativo,,,900615,3fdf19c2-22c5-46a0-b60c-823cff5d9bfc,NIKE,132091,,,
DASS SEST713728588668115CM1554196715536916NBR328265820260410-1,OK,DASS SEST,137285,1304277,88668,ATAC. MR110022 7MM RECICLADO COR 4085/PET / COR 496/PET [e0e4a99e-3d29-40c1-883f-081a4972abee],115CM,15541967,24,15536916NBR3282658,10/04/2026,29/06/2026,18,Ativo,,,900616,e0e4a99e-3d29-40c1-883f-081a4972abee,NIKE,132091,,,
DASS SEST713728592431110CM1554196715536944NBR33428-A20260410-1,OK,DASS SEST,137285,1362000,92431,ATAC. MR110022 7MM RECICLADO COR 4662/PET / COR 4758/PET [6e87f885-3d03-487c-9223-79004327853c],110CM,15541967,987,15536944NBR33428-A,10/04/2026,29/06/2026,18,Ativo,,,900617,6e87f885-3d03-487c-9223-79004327853c,NIKE,132091,,,
DASS SEST713728592431110CM1554196715536945NBR33428-B20260410-1,OK,DASS SEST,137285,1362000,92431,ATAC. MR110022 7MM RECICLADO COR 4662/PET / COR 4758/PET [ec9c26eb-8f15-4d48-81d5-a30d9823ab28],110CM,15541967,1038,15536945NBR33428-B,10/04/2026,29/06/2026,18,Ativo,,,900618,ec9c26eb-8f15-4d48-81d5-a30d9823ab28,NIKE,132091,,,
DASS SEST713728592431115CM1554196715536944NBR33428-A20260410-1,OK,DASS SEST,137285,1362000,92431,ATAC. MR110022 7MM RECICLADO COR 4662/PET / COR 4758/PET [a7e4aeed-ad82-41d4-9f94-4741d897dd5a],115CM,15541967,18,15536944NBR33428-A,10/04/2026,29/06/2026,18,Ativo,,,900619,a7e4aeed-ad82-41d4-9f94-4741d897dd5a,NIKE,132091,,,
DASS SEST713728594788110CM1554196715536952NBR328257720260410-1,OK,DASS SEST,137285,1413116,94788,ATAC. MR110022 7MM RECICLADO COR 6140/PET / COR 5687/PET [945a33b1-be51-4eaf-9388-07f13476836c],110CM,15541967,1119,15536952NBR3282577,10/04/2026,29/06/2026,18,Ativo,,,900620,945a33b1-be51-4eaf-9388-07f13476836c,NIKE,132091,,,
DASS SEST713728594788110CM1554196715536953NBR328257720260410-1,OK,DASS SEST,137285,1413116,94788,ATAC. MR110022 7MM RECICLADO COR 6140/PET / COR 5687/PET [7b32c2f8-4ef0-43ee-a004-d622e3a37789],110CM,15541967,1188,15536953NBR3282577,10/04/2026,29/06/2026,18,Ativo,,,900621,7b32c2f8-4ef0-43ee-a004-d622e3a37789,NIKE,132091,,,
DASS SEST713728594788115CM1554196715536952NBR328257720260410-1,OK,DASS SEST,137285,1413116,94788,ATAC. MR110022 7MM RECICLADO COR 6140/PET / COR 5687/PET [c55839f8-7541-4448-a8df-48473882a78b],115CM,15541967,18,15536952NBR3282577,10/04/2026,29/06/2026,18,Ativo,,,900622,c55839f8-7541-4448-a8df-48473882a78b,NIKE,132091,,,
DASS SEST713728594788115CM1554196715536953NBR328257720260410-1,OK,DASS SEST,137285,1413116,94788,ATAC. MR110022 7MM RECICLADO COR 6140/PET / COR 5687/PET [f55d0583-d22c-4c89-bf70-b6372dded90b],115CM,15541967,24,15536953NBR3282577,10/04/2026,29/06/2026,18,Ativo,,,900623,f55d0583-d22c-4c89-bf70-b6372dded90b,NIKE,132091,,,
DASS SEST713728595026110CM1554196715536946NBR328266020260410-1,OK,DASS SEST,137285,1413117,95026,ATAC. MR110022 7MM RECICLADO COR 6146/PET / COR 492/PET [84abe576-7228-4d94-990a-4c26439bcb08],110CM,15541967,264,15536946NBR3282660,10/04/2026,29/06/2026,18,Ativo,,,900624,84abe576-7228-4d94-990a-4c26439bcb08,NIKE,132091,,,
DASS SEST713728595026115CM1554196715536946NBR328266020260410-1,OK,DASS SEST,137285,1413117,95026,ATAC. MR110022 7MM RECICLADO COR 6146/PET / COR 492/PET [4fe44925-08b3-452c-8bab-e94a47bbeac4],115CM,15541967,728,15536946NBR3282660,10/04/2026,29/06/2026,18,Ativo,,,900625,4fe44925-08b3-452c-8bab-e94a47bbeac4,NIKE,132091,,,
DASS SEST713728595026120CM1554196715536946NBR328266020260410-1,OK,DASS SEST,137285,1413117,95026,ATAC. MR110022 7MM RECICLADO COR 6146/PET / COR 492/PET [daf8eded-672a-458f-9510-c8505a949a63],120CM,15541967,162,15536946NBR3282660,10/04/2026,29/06/2026,18,Ativo,,,900626,daf8eded-672a-458f-9510-c8505a949a63,NIKE,132091,,,
DASS SEST713728595027110CM1554196715536921NBR328264320260410-1,OK,DASS SEST,137285,1408855,95027,ATAC. MR110022 7MM RECICLADO COR 4085/PET / COR 596/PET [6a580508-ef5e-4ca9-b71d-f5cb7943c5a9],110CM,15541967,180,15536921NBR3282643,10/04/2026,29/06/2026,18,Ativo,,,900627,6a580508-ef5e-4ca9-b71d-f5cb7943c5a9,NIKE,132091,,,
DASS SEST713728595027110CM1554196715536922NBR328264320260410-1,OK,DASS SEST,137285,1408855,95027,ATAC. MR110022 7MM RECICLADO COR 4085/PET / COR 596/PET [b255435f-efec-45a4-9168-7e285602ee68],110CM,15541967,162,15536922NBR3282643,10/04/2026,29/06/2026,18,Ativo,,,900628,b255435f-efec-45a4-9168-7e285602ee68,NIKE,132091,,,
DASS SEST713728595027115CM1554196715536921NBR328264320260410-1,OK,DASS SEST,137285,1408855,95027,ATAC. MR110022 7MM RECICLADO COR 4085/PET / COR 596/PET [30d6d1ba-2670-4a48-8e37-3b3ece43afd7],115CM,15541967,464,15536921NBR3282643,10/04/2026,29/06/2026,18,Ativo,,,900629,30d6d1ba-2670-4a48-8e37-3b3ece43afd7,NIKE,132091,,,
DASS SEST713728595027115CM1554196715536922NBR328264320260410-1,OK,DASS SEST,137285,1408855,95027,ATAC. MR110022 7MM RECICLADO COR 4085/PET / COR 596/PET [a792baf3-d329-45b4-b19d-2534f59c366c],115CM,15541967,468,15536922NBR3282643,10/04/2026,29/06/2026,18,Ativo,,,900630,a792baf3-d329-45b4-b19d-2534f59c366c,NIKE,132091,,,
DASS SEST713728595027120CM1554196715536921NBR328264320260410-1,OK,DASS SEST,137285,1408855,95027,ATAC. MR110022 7MM RECICLADO COR 4085/PET / COR 596/PET [fd8d2342-7930-4326-bde4-b42a5768b084],120CM,15541967,96,15536921NBR3282643,10/04/2026,29/06/2026,18,Ativo,,,900631,fd8d2342-7930-4326-bde4-b42a5768b084,NIKE,132091,,,
DASS SEST713728595027120CM1554196715536922NBR328264320260410-1,OK,DASS SEST,137285,1408855,95027,ATAC. MR110022 7MM RECICLADO COR 4085/PET / COR 596/PET [257d4012-4701-4d81-9b3e-1f2b3e98fc2f],120CM,15541967,102,15536922NBR3282643,10/04/2026,29/06/2026,18,Ativo,,,900632,257d4012-4701-4d81-9b3e-1f2b3e98fc2f,NIKE,132091,,,
DASS SEST713728586978100CM1554196715538693NBR328260620260410-1,OK,DASS SEST,137285,1299257,86978,ATAC. MR130027 6MM RECICLADO COR 4085/PET [c8ae7648-45dc-4816-b155-f7ece5441247],100CM,15541967,168,15538693NBR3282606,10/04/2026,29/06/2026,18,Ativo,,,900633,c8ae7648-45dc-4816-b155-f7ece5441247,NIKE,132091,,,
DASS SEST713728586978100CM1554196715538694NBR328260620260410-1,OK,DASS SEST,137285,1299257,86978,ATAC. MR130027 6MM RECICLADO COR 4085/PET [12edf4cb-78dd-4668-aa27-49be76c7ebb6],100CM,15541967,180,15538694NBR3282606,10/04/2026,29/06/2026,18,Ativo,,,900634,12edf4cb-78dd-4668-aa27-49be76c7ebb6,NIKE,132091,,,
DASS SEST713728586978100CM1554196715538698NBR328262520260410-1,OK,DASS SEST,137285,1299257,86978,ATAC. MR130027 6MM RECICLADO COR 4085/PET [2a28fcd9-4159-43ba-8fea-1bc0668a2176],100CM,15541967,156,15538698NBR3282625,10/04/2026,29/06/2026,18,Ativo,,,900635,2a28fcd9-4159-43ba-8fea-1bc0668a2176,NIKE,132091,,,
DASS SEST713728586978100CM1554196715538699NBR328262520260410-1,OK,DASS SEST,137285,1299257,86978,ATAC. MR130027 6MM RECICLADO COR 4085/PET [982dd58b-2592-4975-bea4-73ca94f44364],100CM,15541967,144,15538699NBR3282625,10/04/2026,29/06/2026,18,Ativo,,,900636,982dd58b-2592-4975-bea4-73ca94f44364,NIKE,132091,,,
DASS SEST713728586978100CM1554196715538701NBR328262520260410-1,OK,DASS SEST,137285,1299257,86978,ATAC. MR130027 6MM RECICLADO COR 4085/PET [8a6ab3b0-ddcc-4941-bca5-7d6257061c03],100CM,15541967,168,15538701NBR3282625,10/04/2026,29/06/2026,18,Ativo,,,900637,8a6ab3b0-ddcc-4941-bca5-7d6257061c03,NIKE,132091,,,
DASS SEST713728586978105CM1554196715538693NBR328260620260410-1,OK,DASS SEST,137285,1299257,86978,ATAC. MR130027 6MM RECICLADO COR 4085/PET [fd5f5fd8-219a-4eab-b2e7-ccb91144388b],105CM,15541967,536,15538693NBR3282606,10/04/2026,29/06/2026,18,Ativo,,,900638,fd5f5fd8-219a-4eab-b2e7-ccb91144388b,NIKE,132091,,,
DASS SEST713728586978105CM1554196715538694NBR328260620260410-1,OK,DASS SEST,137285,1299257,86978,ATAC. MR130027 6MM RECICLADO COR 4085/PET [7c1882b7-e39e-4d16-92bd-55d8b33f04ad],105CM,15541967,546,15538694NBR3282606,10/04/2026,29/06/2026,18,Ativo,,,900639,7c1882b7-e39e-4d16-92bd-55d8b33f04ad,NIKE,132091,,,
DASS SEST713728586978105CM1554196715538698NBR328262520260410-1,OK,DASS SEST,137285,1299257,86978,ATAC. MR130027 6MM RECICLADO COR 4085/PET [dad913ff-daa1-4257-a312-500ec2c613e1],105CM,15541967,489,15538698NBR3282625,10/04/2026,29/06/2026,18,Ativo,,,900640,dad913ff-daa1-4257-a312-500ec2c613e1,NIKE,132091,,,
DASS SEST713728586978105CM1554196715538699NBR328262520260410-1,OK,DASS SEST,137285,1299257,86978,ATAC. MR130027 6MM RECICLADO COR 4085/PET [ebf3ee2b-28b7-46ab-8531-fbc9d85733cd],105CM,15541967,456,15538699NBR3282625,10/04/2026,29/06/2026,18,Ativo,,,900641,ebf3ee2b-28b7-46ab-8531-fbc9d85733cd,NIKE,132091,,,
DASS SEST713728586978105CM1554196715538701NBR328262520260410-1,OK,DASS SEST,137285,1299257,86978,ATAC. MR130027 6MM RECICLADO COR 4085/PET [b199ec52-d9d6-4eae-8e83-4b48a60c7ae9],105CM,15541967,492,15538701NBR3282625,10/04/2026,29/06/2026,18,Ativo,,,900642,b199ec52-d9d6-4eae-8e83-4b48a60c7ae9,NIKE,132091,,,
DASS SEST713728586978110CM1554196715538693NBR328260620260410-1,OK,DASS SEST,137285,1299257,86978,ATAC. MR130027 6MM RECICLADO COR 4085/PET [90e90fd6-bb09-465e-9d82-7bafc4ad2614],110CM,15541967,144,15538693NBR3282606,10/04/2026,29/06/2026,18,Ativo,,,900643,90e90fd6-bb09-465e-9d82-7bafc4ad2614,NIKE,132091,,,
DASS SEST713728586978110CM1554196715538694NBR328260620260410-1,OK,DASS SEST,137285,1299257,86978,ATAC. MR130027 6MM RECICLADO COR 4085/PET [4182c809-ca04-4ec8-8617-6c57adac7067],110CM,15541967,168,15538694NBR3282606,10/04/2026,29/06/2026,18,Ativo,,,900644,4182c809-ca04-4ec8-8617-6c57adac7067,NIKE,132091,,,
DASS SEST713728586978110CM1554196715538698NBR328262520260410-1,OK,DASS SEST,137285,1299257,86978,ATAC. MR130027 6MM RECICLADO COR 4085/PET [dbecf7ed-1b32-4c72-a2aa-09a02ca39f31],110CM,15541967,144,15538698NBR3282625,10/04/2026,29/06/2026,18,Ativo,,,900645,dbecf7ed-1b32-4c72-a2aa-09a02ca39f31,NIKE,132091,,,
DASS SEST713728586978110CM1554196715538699NBR328262520260410-1,OK,DASS SEST,137285,1299257,86978,ATAC. MR130027 6MM RECICLADO COR 4085/PET [7dbacb92-a81b-442e-98ab-632f6a4a24d7],110CM,15541967,120,15538699NBR3282625,10/04/2026,29/06/2026,18,Ativo,,,900646,7dbacb92-a81b-442e-98ab-632f6a4a24d7,NIKE,132091,,,
DASS SEST713728586978110CM1554196715538701NBR328262520260410-1,OK,DASS SEST,137285,1299257,86978,ATAC. MR130027 6MM RECICLADO COR 4085/PET [0cd64dc8-7eca-4217-b2c8-29e0a496b5a6],110CM,15541967,150,15538701NBR3282625,10/04/2026,29/06/2026,18,Ativo,,,900647,0cd64dc8-7eca-4217-b2c8-29e0a496b5a6,NIKE,132091,,,
DASS SEST713728588671105CM1554196715537939NBR328254520260410-1,OK,DASS SEST,137285,1301801,88671,ATAC. MR130027 6MM RECICLADO COR 4588/PET [91c8f91c-b071-44a4-9080-a6425a6c051a],105CM,15541967,444,15537939NBR3282545,10/04/2026,29/06/2026,18,Ativo,,,900648,91c8f91c-b071-44a4-9080-a6425a6c051a,NIKE,132091,,,
DASS SEST713728588671105CM1554196715537940NBR328254520260410-1,OK,DASS SEST,137285,1301801,88671,ATAC. MR130027 6MM RECICLADO COR 4588/PET [25cc6f65-9cde-4339-87a8-c06e66e25a75],105CM,15541967,468,15537940NBR3282545,10/04/2026,29/06/2026,18,Ativo,,,900649,25cc6f65-9cde-4339-87a8-c06e66e25a75,NIKE,132091,,,
DASS SEST713728588671110CM1554196715537939NBR328254520260410-1,OK,DASS SEST,137285,1301801,88671,ATAC. MR130027 6MM RECICLADO COR 4588/PET [5acbe111-eab4-4b08-b497-017760234a97],110CM,15541967,482,15537939NBR3282545,10/04/2026,29/06/2026,18,Ativo,,,900650,5acbe111-eab4-4b08-b497-017760234a97,NIKE,132091,,,
DASS SEST713728588671110CM1554196715537940NBR328254520260410-1,OK,DASS SEST,137285,1301801,88671,ATAC. MR130027 6MM RECICLADO COR 4588/PET [2abd34a4-c838-46cf-b887-63029e0d270a],110CM,15541967,516,15537940NBR3282545,10/04/2026,29/06/2026,18,Ativo,,,900651,2abd34a4-c838-46cf-b887-63029e0d270a,NIKE,132091,,,
DASS SEST713728588671115CM1554196715537939NBR328254520260410-1,OK,DASS SEST,137285,1301801,88671,ATAC. MR130027 6MM RECICLADO COR 4588/PET [b71d859a-4e21-4326-b929-85961f6b5cea],115CM,15541967,30,15537939NBR3282545,10/04/2026,29/06/2026,18,Ativo,,,900652,b71d859a-4e21-4326-b929-85961f6b5cea,NIKE,132091,,,
DASS SEST713728588671115CM1554196715537940NBR328254520260410-1,OK,DASS SEST,137285,1301801,88671,ATAC. MR130027 6MM RECICLADO COR 4588/PET [054b7acc-1d46-4d4b-9bd2-8d96ae85e0b2],115CM,15541967,24,15537940NBR3282545,10/04/2026,29/06/2026,18,Ativo,,,900653,054b7acc-1d46-4d4b-9bd2-8d96ae85e0b2,NIKE,132091,,,
DASS SEST713728593450110CM1554196715537933NBR328266620260410-1,OK,DASS SEST,137285,1409834,93450,ATAC. MR130027 6MM RECICLADO COR 057/PET [f9e5c88a-5c95-4516-9ea6-ebb346b2a40f],110CM,15541967,186,15537933NBR3282666,10/04/2026,29/06/2026,18,Ativo,,,900654,f9e5c88a-5c95-4516-9ea6-ebb346b2a40f,NIKE,132091,,,
DASS SEST713728593450110CM1554196715537934NBR328266620260410-1,OK,DASS SEST,137285,1409834,93450,ATAC. MR130027 6MM RECICLADO COR 057/PET [782a9c1a-9f79-408b-9b19-3feb6f196f51],110CM,15541967,174,15537934NBR3282666,10/04/2026,29/06/2026,18,Ativo,,,900655,782a9c1a-9f79-408b-9b19-3feb6f196f51,NIKE,132091,,,
DASS SEST713728593450115CM1554196715537933NBR328266620260410-1,OK,DASS SEST,137285,1409834,93450,ATAC. MR130027 6MM RECICLADO COR 057/PET [ea57b457-c560-4987-aacc-1346e5892c24],115CM,15541967,494,15537933NBR3282666,10/04/2026,29/06/2026,18,Ativo,,,900656,ea57b457-c560-4987-aacc-1346e5892c24,NIKE,132091,,,
DASS SEST713728593450115CM1554196715537934NBR328266620260410-1,OK,DASS SEST,137285,1409834,93450,ATAC. MR130027 6MM RECICLADO COR 057/PET [1f753bf7-06de-4f52-841c-52aae8ee033a],115CM,15541967,498,15537934NBR3282666,10/04/2026,29/06/2026,18,Ativo,,,900657,1f753bf7-06de-4f52-841c-52aae8ee033a,NIKE,132091,,,
DASS SEST713728593450120CM1554196715537933NBR328266620260410-1,OK,DASS SEST,137285,1409834,93450,ATAC. MR130027 6MM RECICLADO COR 057/PET [25d3ad2f-c4dc-4595-8377-ae96ec1d076d],120CM,15541967,72,15537933NBR3282666,10/04/2026,29/06/2026,18,Ativo,,,900658,25d3ad2f-c4dc-4595-8377-ae96ec1d076d,NIKE,132091,,,
DASS SEST713728593450120CM1554196715537934NBR328266620260410-1,OK,DASS SEST,137285,1409834,93450,ATAC. MR130027 6MM RECICLADO COR 057/PET [ec48ec68-84b3-45b2-a7b0-8635966b4ad8],120CM,15541967,66,15537934NBR3282666,10/04/2026,29/06/2026,18,Ativo,,,900659,ec48ec68-84b3-45b2-a7b0-8635966b4ad8,NIKE,132091,,,
DASS SEST713728595030110CM1554196715537958NBR328256620260410-1,OK,DASS SEST,137285,1409833,95030,ATAC. MR130027 6MM RECICLADO COR 6082/PET [ebd6a607-61b7-41a6-acad-3f3a939c45d9],110CM,15541967,144,15537958NBR3282566,10/04/2026,29/06/2026,18,Ativo,,,900660,ebd6a607-61b7-41a6-acad-3f3a939c45d9,NIKE,132091,,,
DASS SEST713728595030110CM1554196715537959NBR328256620260410-1,OK,DASS SEST,137285,1409833,95030,ATAC. MR130027 6MM RECICLADO COR 6082/PET [8a0ef9f6-9941-4ca4-9334-d108d15cde43],110CM,15541967,168,15537959NBR3282566,10/04/2026,29/06/2026,18,Ativo,,,900661,8a0ef9f6-9941-4ca4-9334-d108d15cde43,NIKE,132091,,,
DASS SEST713728595030115CM1554196715537958NBR328256620260410-1,OK,DASS SEST,137285,1409833,95030,ATAC. MR130027 6MM RECICLADO COR 6082/PET [2a103e4b-a954-4cb6-8814-10bf09a90eee],115CM,15541967,596,15537958NBR3282566,10/04/2026,29/06/2026,18,Ativo,,,900662,2a103e4b-a954-4cb6-8814-10bf09a90eee,NIKE,132091,,,
DASS SEST713728595030115CM1554196715537959NBR328256620260410-1,OK,DASS SEST,137285,1409833,95030,ATAC. MR130027 6MM RECICLADO COR 6082/PET [fabdf9c9-469e-49b8-8bbe-97d26fe18905],115CM,15541967,606,15537959NBR3282566,10/04/2026,29/06/2026,18,Ativo,,,900663,fabdf9c9-469e-49b8-8bbe-97d26fe18905,NIKE,132091,,,
DASS SEST713728595030120CM1554196715537958NBR328256620260410-1,OK,DASS SEST,137285,1409833,95030,ATAC. MR130027 6MM RECICLADO COR 6082/PET [f0a0b2ee-d28f-47cb-bdc0-f6708322b88e],120CM,15541967,156,15537958NBR3282566,10/04/2026,29/06/2026,18,Ativo,,,900664,f0a0b2ee-d28f-47cb-bdc0-f6708322b88e,NIKE,132091,,,
DASS SEST713728595030120CM1554196715537959NBR328256620260410-1,OK,DASS SEST,137285,1409833,95030,ATAC. MR130027 6MM RECICLADO COR 6082/PET [144a6ac6-2048-49e8-bd2f-628d99665efe],120CM,15541967,186,15537959NBR3282566,10/04/2026,29/06/2026,18,Ativo,,,900665,144a6ac6-2048-49e8-bd2f-628d99665efe,NIKE,132091,,,
DASS SEST713730995044110CM1554418815536963NBR328264420260410-1,OK,DASS SEST,137309,1421417,95044,ATAC. MR110022 7MM RECICLADO COR 6082/PET / COR 5481/PET [56f888c3-11e0-4ff4-b26d-bd642bbf68b9],110CM,15544188,192,15536963NBR3282644,10/04/2026,29/06/2026,18,Ativo,,,900666,56f888c3-11e0-4ff4-b26d-bd642bbf68b9,NIKE,132121,,,
DASS SEST713730995044110CM1554418815536964NBR328264420260410-1,OK,DASS SEST,137309,1421417,95044,ATAC. MR110022 7MM RECICLADO COR 6082/PET / COR 5481/PET [85561b53-3238-467e-99c5-273d29f20698],110CM,15544188,210,15536964NBR3282644,10/04/2026,29/06/2026,18,Ativo,,,900667,85561b53-3238-467e-99c5-273d29f20698,NIKE,132121,,,
DASS SEST713730995044115CM1554418815536963NBR328264420260410-1,OK,DASS SEST,137309,1421417,95044,ATAC. MR110022 7MM RECICLADO COR 6082/PET / COR 5481/PET [5dee64de-3b25-4715-8aae-d87ae193c1ac],115CM,15544188,524,15536963NBR3282644,10/04/2026,29/06/2026,18,Ativo,,,900668,5dee64de-3b25-4715-8aae-d87ae193c1ac,NIKE,132121,,,
DASS SEST713730995044115CM1554418815536964NBR328264420260410-1,OK,DASS SEST,137309,1421417,95044,ATAC. MR110022 7MM RECICLADO COR 6082/PET / COR 5481/PET [0ce41922-240c-45d7-9d00-2d9e5555a896],115CM,15544188,552,15536964NBR3282644,10/04/2026,29/06/2026,18,Ativo,,,900669,0ce41922-240c-45d7-9d00-2d9e5555a896,NIKE,132121,,,
DASS SEST713730995044120CM1554418815536963NBR328264420260410-1,OK,DASS SEST,137309,1421417,95044,ATAC. MR110022 7MM RECICLADO COR 6082/PET / COR 5481/PET [2074c707-922c-46cd-b6d6-f7714b84b008],120CM,15544188,60,15536963NBR3282644,10/04/2026,29/06/2026,18,Ativo,,,900670,2074c707-922c-46cd-b6d6-f7714b84b008,NIKE,132121,,,
DASS SEST713730995044120CM1554418815536964NBR328264420260410-1,OK,DASS SEST,137309,1421417,95044,ATAC. MR110022 7MM RECICLADO COR 6082/PET / COR 5481/PET [f4572153-ef81-4ee9-be8a-7668729bab6d],120CM,15544188,72,15536964NBR3282644,10/04/2026,29/06/2026,18,Ativo,,,900671,f4572153-ef81-4ee9-be8a-7668729bab6d,NIKE,132121,,,
DASS SEST71379307655590CM1563193215614127NBR328262020260428-1,OK,DASS SEST,137930,1070873,76555,ATAC. MR130011 5MM RECICLADO COR 4085 [2eca276a-08a5-4425-bb25-f3adff8fe8e4],90CM,15631932,686,15614127NBR3282620,28/04/2026,29/06/2026,18,Ativo,,,900672,2eca276a-08a5-4425-bb25-f3adff8fe8e4,NIKE,132707,,,
DASS SEST71379307655590CM1563193215614128NBR328262020260428-1,OK,DASS SEST,137930,1070873,76555,ATAC. MR130011 5MM RECICLADO COR 4085 [95725e07-7076-4cd2-ad82-450706749c7a],90CM,15631932,690,15614128NBR3282620,28/04/2026,29/06/2026,18,Ativo,,,900673,95725e07-7076-4cd2-ad82-450706749c7a,NIKE,132707,,,
DASS SEST71379307655595CM1563193215614127NBR328262020260428-1,OK,DASS SEST,137930,1070873,76555,ATAC. MR130011 5MM RECICLADO COR 4085 [ef33ef16-8d39-40ee-8f7a-ebdaa9535211],95CM,15631932,240,15614127NBR3282620,28/04/2026,29/06/2026,18,Ativo,,,900674,ef33ef16-8d39-40ee-8f7a-ebdaa9535211,NIKE,132707,,,
DASS SEST71379307655595CM1563193215614128NBR328262020260428-1,OK,DASS SEST,137930,1070873,76555,ATAC. MR130011 5MM RECICLADO COR 4085 [e99bfc3d-9771-4583-80b5-9582234b72aa],95CM,15631932,246,15614128NBR3282620,28/04/2026,29/06/2026,18,Ativo,,,900675,e99bfc3d-9771-4583-80b5-9582234b72aa,NIKE,132707,,,
DASS SEST713793076555105CM1563193215614161NBR328255520260428-1,OK,DASS SEST,137930,1070873,76555,ATAC. MR130011 5MM RECICLADO COR 4085 [078d368d-c9f1-4d23-8c95-6953b9943bd8],105CM,15631932,162,15614161NBR3282555,28/04/2026,29/06/2026,18,Ativo,,,900676,078d368d-c9f1-4d23-8c95-6953b9943bd8,NIKE,132707,,,
DASS SEST713793076555110CM1563193215614161NBR328255520260428-1,OK,DASS SEST,137930,1070873,76555,ATAC. MR130011 5MM RECICLADO COR 4085 [170a271b-edc7-4ec5-9af3-79da4b7e4c10],110CM,15631932,800,15614161NBR3282555,28/04/2026,29/06/2026,18,Ativo,,,900677,170a271b-edc7-4ec5-9af3-79da4b7e4c10,NIKE,132707,,,
DASS SEST713793076555115CM1563193215614161NBR328255520260428-1,OK,DASS SEST,137930,1070873,76555,ATAC. MR130011 5MM RECICLADO COR 4085 [d9235541-8e5f-4f8c-8651-7f55945116ea],115CM,15631932,390,15614161NBR3282555,28/04/2026,29/06/2026,18,Ativo,,,900678,d9235541-8e5f-4f8c-8651-7f55945116ea,NIKE,132707,,,
DASS SEST713793095102105CM1563193215614176NBR328262420260428-1,OK,DASS SEST,137930,1418335,95102,ATAC. MR130011 5MM RECICLADO COR 6191/PET [6fe62ab9-eb6f-4e36-851d-3b01f84044c7],105CM,15631932,222,15614176NBR3282624,28/04/2026,29/06/2026,18,Ativo,,,900679,6fe62ab9-eb6f-4e36-851d-3b01f84044c7,NIKE,132707,,,
DASS SEST713793095102105CM1563193215614177NBR328262420260428-1,OK,DASS SEST,137930,1418335,95102,ATAC. MR130011 5MM RECICLADO COR 6191/PET [256428e2-8e83-467c-bb24-44f05ff680b6],105CM,15631932,228,15614177NBR3282624,28/04/2026,29/06/2026,18,Ativo,,,900680,256428e2-8e83-467c-bb24-44f05ff680b6,NIKE,132707,,,
DASS SEST713793095102110CM1563193215614176NBR328262420260428-1,OK,DASS SEST,137930,1418335,95102,ATAC. MR130011 5MM RECICLADO COR 6191/PET [419d1b1a-9f8b-4f32-a81c-f789d67ac65e],110CM,15631932,428,15614176NBR3282624,28/04/2026,29/06/2026,18,Ativo,,,900681,419d1b1a-9f8b-4f32-a81c-f789d67ac65e,NIKE,132707,,,
DASS SEST713793095102110CM1563193215614177NBR328262420260428-1,OK,DASS SEST,137930,1418335,95102,ATAC. MR130011 5MM RECICLADO COR 6191/PET [42855571-b041-4128-af9f-9d829ee28ddc],110CM,15631932,414,15614177NBR3282624,28/04/2026,29/06/2026,18,Ativo,,,900682,42855571-b041-4128-af9f-9d829ee28ddc,NIKE,132707,,,
DASS SEST713793095102115CM1563193215614176NBR328262420260428-1,OK,DASS SEST,137930,1418335,95102,ATAC. MR130011 5MM RECICLADO COR 6191/PET [379de0a8-7528-4695-a758-fe5bcd2b1180],115CM,15631932,120,15614176NBR3282624,28/04/2026,29/06/2026,18,Ativo,,,900683,379de0a8-7528-4695-a758-fe5bcd2b1180,NIKE,132707,,,
DASS SEST713793095102115CM1563193215614177NBR328262420260428-1,OK,DASS SEST,137930,1418335,95102,ATAC. MR130011 5MM RECICLADO COR 6191/PET [7c899804-f908-406d-af01-7568d298a68b],115CM,15631932,156,15614177NBR3282624,28/04/2026,29/06/2026,18,Ativo,,,900684,7c899804-f908-406d-af01-7568d298a68b,NIKE,132707,,,
DASS SEST713793082628100CM1563193215614140NBR328272720260428-1,OK,DASS SEST,137930,1188919,82628,ATAC. MR140014 6MM RECICLADO COR 4085/PET [45b9ef77-f13c-4d2f-bbf5-c0236c2047f1],100CM,15631932,204,15614140NBR3282727,28/04/2026,29/06/2026,18,Ativo,,,900685,45b9ef77-f13c-4d2f-bbf5-c0236c2047f1,NIKE,132707,,,
DASS SEST713793082628100CM1563193215614141NBR328272720260428-1,OK,DASS SEST,137930,1188919,82628,ATAC. MR140014 6MM RECICLADO COR 4085/PET [6144f1f4-b7d1-46e1-9cf6-57ea7b52c43a],100CM,15631932,234,15614141NBR3282727,28/04/2026,29/06/2026,18,Ativo,,,900686,6144f1f4-b7d1-46e1-9cf6-57ea7b52c43a,NIKE,132707,,,
DASS SEST713793082628100CM1563193215614142NBR328274120260428-1,OK,DASS SEST,137930,1188919,82628,ATAC. MR140014 6MM RECICLADO COR 4085/PET [38f43338-442f-4ac7-a38d-c94ae43d6645],100CM,15631932,204,15614142NBR3282741,28/04/2026,29/06/2026,18,Ativo,,,900687,38f43338-442f-4ac7-a38d-c94ae43d6645,NIKE,132707,,,
DASS SEST713793082628100CM1563193215614143NBR328274120260428-1,OK,DASS SEST,137930,1188919,82628,ATAC. MR140014 6MM RECICLADO COR 4085/PET [07d3ebe1-00ac-4b11-aeae-4d639c11c9a7],100CM,15631932,234,15614143NBR3282741,28/04/2026,29/06/2026,18,Ativo,,,900688,07d3ebe1-00ac-4b11-aeae-4d639c11c9a7,NIKE,132707,,,
DASS SEST713793082628105CM1563193215614172NBR328258620260428-1,OK,DASS SEST,137930,1188919,82628,ATAC. MR140014 6MM RECICLADO COR 4085/PET [31b56e50-b2f1-47a0-a2f6-273ea725f3ff],105CM,15631932,24,15614172NBR3282586,28/04/2026,29/06/2026,18,Ativo,,,900689,31b56e50-b2f1-47a0-a2f6-273ea725f3ff,NIKE,132707,,,
DASS SEST713793082628105CM1563193215614136NBR328270820260428-1,OK,DASS SEST,137930,1188919,82628,ATAC. MR140014 6MM RECICLADO COR 4085/PET [4b93099b-06ce-4435-823b-96618563c2e3],105CM,15631932,144,15614136NBR3282708,28/04/2026,29/06/2026,18,Ativo,,,900690,4b93099b-06ce-4435-823b-96618563c2e3,NIKE,132707,,,
DASS SEST713793082628105CM1563193215614137NBR328270820260428-1,OK,DASS SEST,137930,1188919,82628,ATAC. MR140014 6MM RECICLADO COR 4085/PET [cd609bf6-5b89-4510-82a0-94f9441588f2],105CM,15631932,144,15614137NBR3282708,28/04/2026,29/06/2026,18,Ativo,,,900691,cd609bf6-5b89-4510-82a0-94f9441588f2,NIKE,132707,,,
DASS SEST713793082628105CM1563193215614149NBR328272520260428-1,OK,DASS SEST,137930,1188919,82628,ATAC. MR140014 6MM RECICLADO COR 4085/PET [b686648d-3f44-46af-9f99-df92d6757f22],105CM,15631932,102,15614149NBR3282725,28/04/2026,29/06/2026,18,Ativo,,,900692,b686648d-3f44-46af-9f99-df92d6757f22,NIKE,132707,,,
DASS SEST713793082628105CM1563193215614150NBR328272520260428-1,OK,DASS SEST,137930,1188919,82628,ATAC. MR140014 6MM RECICLADO COR 4085/PET [2e810c06-8705-4ac6-9d6f-12a7131cb754],105CM,15631932,114,15614150NBR3282725,28/04/2026,29/06/2026,18,Ativo,,,900693,2e810c06-8705-4ac6-9d6f-12a7131cb754,NIKE,132707,,,
DASS SEST713793082628105CM1563193215614140NBR328272720260428-1,OK,DASS SEST,137930,1188919,82628,ATAC. MR140014 6MM RECICLADO COR 4085/PET [17921b6a-b773-4b39-8eaa-ff84202f5686],105CM,15631932,783,15614140NBR3282727,28/04/2026,29/06/2026,18,Ativo,,,900694,17921b6a-b773-4b39-8eaa-ff84202f5686,NIKE,132707,,,
DASS SEST713793082628105CM1563193215614141NBR328272720260428-1,OK,DASS SEST,137930,1188919,82628,ATAC. MR140014 6MM RECICLADO COR 4085/PET [b338375d-9041-4bb9-9b93-87b921c21774],105CM,15631932,810,15614141NBR3282727,28/04/2026,29/06/2026,18,Ativo,,,900695,b338375d-9041-4bb9-9b93-87b921c21774,NIKE,132707,,,
DASS SEST713793082628105CM1563193215614142NBR328274120260428-1,OK,DASS SEST,137930,1188919,82628,ATAC. MR140014 6MM RECICLADO COR 4085/PET [b36c6966-8c67-4c60-9c3b-56d616aa9901],105CM,15631932,783,15614142NBR3282741,28/04/2026,29/06/2026,18,Ativo,,,900696,b36c6966-8c67-4c60-9c3b-56d616aa9901,NIKE,132707,,,
DASS SEST713793082628105CM1563193215614143NBR328274120260428-1,OK,DASS SEST,137930,1188919,82628,ATAC. MR140014 6MM RECICLADO COR 4085/PET [95fb1fdb-f5b3-4d12-8fea-50e72ee44bd1],105CM,15631932,810,15614143NBR3282741,28/04/2026,29/06/2026,18,Ativo,,,900697,95fb1fdb-f5b3-4d12-8fea-50e72ee44bd1,NIKE,132707,,,
DASS SEST713793082628105CM1563193215614166NBR328275120260428-1,OK,DASS SEST,137930,1188919,82628,ATAC. MR140014 6MM RECICLADO COR 4085/PET [1fa151ac-e281-4561-ba47-96026359fe6d],105CM,15631932,542,15614166NBR3282751,28/04/2026,29/06/2026,18,Ativo,,,900698,1fa151ac-e281-4561-ba47-96026359fe6d,NIKE,132707,,,
DASS SEST713793082628105CM1563193215614167NBR328275120260428-1,OK,DASS SEST,137930,1188919,82628,ATAC. MR140014 6MM RECICLADO COR 4085/PET [1739d501-4854-4fc8-9ba4-50dde4f431b5],105CM,15631932,588,15614167NBR3282751,28/04/2026,29/06/2026,18,Ativo,,,900699,1739d501-4854-4fc8-9ba4-50dde4f431b5,NIKE,132707,,,
DASS SEST713793082628110CM1563193215614172NBR328258620260428-1,OK,DASS SEST,137930,1188919,82628,ATAC. MR140014 6MM RECICLADO COR 4085/PET [dac42d07-80ac-4413-8400-8700a1190436],110CM,15631932,927,15614172NBR3282586,28/04/2026,29/06/2026,18,Ativo,,,900700,dac42d07-80ac-4413-8400-8700a1190436,NIKE,132707,,,
DASS SEST713793082628110CM1563193215614173NBR328258620260428-1,OK,DASS SEST,137930,1188919,82628,ATAC. MR140014 6MM RECICLADO COR 4085/PET [fa163034-ab09-42fa-b4ed-db03f4c556ad],110CM,15631932,744,15614173NBR3282586,28/04/2026,29/06/2026,18,Ativo,,,900701,fa163034-ab09-42fa-b4ed-db03f4c556ad,NIKE,132707,,,
DASS SEST713793082628110CM1563193215614174NBR328258620260428-1,OK,DASS SEST,137930,1188919,82628,ATAC. MR140014 6MM RECICLADO COR 4085/PET [756dcb74-b97e-4a61-9a15-4bf0e25de783],110CM,15631932,588,15614174NBR3282586,28/04/2026,29/06/2026,18,Ativo,,,900702,756dcb74-b97e-4a61-9a15-4bf0e25de783,NIKE,132707,,,
DASS SEST713793082628110CM1563193215614136NBR328270820260428-1,OK,DASS SEST,137930,1188919,82628,ATAC. MR140014 6MM RECICLADO COR 4085/PET [097229f5-3392-43d2-844f-7d6f848189ee],110CM,15631932,597,15614136NBR3282708,28/04/2026,29/06/2026,18,Ativo,,,900703,097229f5-3392-43d2-844f-7d6f848189ee,NIKE,132707,,,
DASS SEST713793082628110CM1563193215614137NBR328270820260428-1,OK,DASS SEST,137930,1188919,82628,ATAC. MR140014 6MM RECICLADO COR 4085/PET [579d6acc-821d-4c98-a3e7-87b61ddfdec8],110CM,15631932,582,15614137NBR3282708,28/04/2026,29/06/2026,18,Ativo,,,900704,579d6acc-821d-4c98-a3e7-87b61ddfdec8,NIKE,132707,,,
DASS SEST713793082628110CM1563193215614149NBR328272520260428-1,OK,DASS SEST,137930,1188919,82628,ATAC. MR140014 6MM RECICLADO COR 4085/PET [4fc13c60-dff7-40c0-8053-701cda3d055d],110CM,15631932,482,15614149NBR3282725,28/04/2026,29/06/2026,18,Ativo,,,900705,4fc13c60-dff7-40c0-8053-701cda3d055d,NIKE,132707,,,
DASS SEST713793082628110CM1563193215614150NBR328272520260428-1,OK,DASS SEST,137930,1188919,82628,ATAC. MR140014 6MM RECICLADO COR 4085/PET [43a6afc8-b2f8-4528-a87c-cee7cd3299b4],110CM,15631932,504,15614150NBR3282725,28/04/2026,29/06/2026,18,Ativo,,,900706,43a6afc8-b2f8-4528-a87c-cee7cd3299b4,NIKE,132707,,,
DASS SEST713793082628110CM1563193215614140NBR328272720260428-1,OK,DASS SEST,137930,1188919,82628,ATAC. MR140014 6MM RECICLADO COR 4085/PET [aff12ce7-4709-4967-940a-2dd5ba4fbdee],110CM,15631932,18,15614140NBR3282727,28/04/2026,29/06/2026,18,Ativo,,,900707,aff12ce7-4709-4967-940a-2dd5ba4fbdee,NIKE,132707,,,
DASS SEST713793082628110CM1563193215614141NBR328272720260428-1,OK,DASS SEST,137930,1188919,82628,ATAC. MR140014 6MM RECICLADO COR 4085/PET [1d801812-f42c-43fa-b4cf-4ed34de59d38],110CM,15631932,12,15614141NBR3282727,28/04/2026,29/06/2026,18,Ativo,,,900708,1d801812-f42c-43fa-b4cf-4ed34de59d38,NIKE,132707,,,
DASS SEST713793082628110CM1563193215614142NBR328274120260428-1,OK,DASS SEST,137930,1188919,82628,ATAC. MR140014 6MM RECICLADO COR 4085/PET [a10a7388-1ff4-444b-953c-bc4ab8edfcad],110CM,15631932,18,15614142NBR3282741,28/04/2026,29/06/2026,18,Ativo,,,900709,a10a7388-1ff4-444b-953c-bc4ab8edfcad,NIKE,132707,,,
DASS SEST713793082628110CM1563193215614143NBR328274120260428-1,OK,DASS SEST,137930,1188919,82628,ATAC. MR140014 6MM RECICLADO COR 4085/PET [fa7e5197-7f22-44bd-bc20-3261f0f2235a],110CM,15631932,12,15614143NBR3282741,28/04/2026,29/06/2026,18,Ativo,,,900710,fa7e5197-7f22-44bd-bc20-3261f0f2235a,NIKE,132707,,,
DASS SEST713793082628110CM1563193215614166NBR328275120260428-1,OK,DASS SEST,137930,1188919,82628,ATAC. MR140014 6MM RECICLADO COR 4085/PET [8b5699a1-95f6-4c7d-a17c-f4103e2e8a61],110CM,15631932,204,15614166NBR3282751,28/04/2026,29/06/2026,18,Ativo,,,900711,8b5699a1-95f6-4c7d-a17c-f4103e2e8a61,NIKE,132707,,,
DASS SEST713793082628110CM1563193215614167NBR328275120260428-1,OK,DASS SEST,137930,1188919,82628,ATAC. MR140014 6MM RECICLADO COR 4085/PET [334ed7e5-696b-43e7-8997-e5db524eb458],110CM,15631932,234,15614167NBR3282751,28/04/2026,29/06/2026,18,Ativo,,,900712,334ed7e5-696b-43e7-8997-e5db524eb458,NIKE,132707,,,
DASS SEST713793082628115CM1563193215614172NBR328258620260428-1,OK,DASS SEST,137930,1188919,82628,ATAC. MR140014 6MM RECICLADO COR 4085/PET [3185b860-b618-4db5-b5ed-29e34c1364de],115CM,15631932,144,15614172NBR3282586,28/04/2026,29/06/2026,18,Ativo,,,900713,3185b860-b618-4db5-b5ed-29e34c1364de,NIKE,132707,,,
DASS SEST713793082628115CM1563193215614173NBR328258620260428-1,OK,DASS SEST,137930,1188919,82628,ATAC. MR140014 6MM RECICLADO COR 4085/PET [363ee240-7bce-4784-9e90-3d57845b66c5],115CM,15631932,144,15614173NBR3282586,28/04/2026,29/06/2026,18,Ativo,,,900714,363ee240-7bce-4784-9e90-3d57845b66c5,NIKE,132707,,,
DASS SEST713793082628115CM1563193215614174NBR328258620260428-1,OK,DASS SEST,137930,1188919,82628,ATAC. MR140014 6MM RECICLADO COR 4085/PET [9169c12c-0804-4ef6-983f-512605c1f469],115CM,15631932,162,15614174NBR3282586,28/04/2026,29/06/2026,18,Ativo,,,900715,9169c12c-0804-4ef6-983f-512605c1f469,NIKE,132707,,,
DASS SEST713793082628115CM1563193215614136NBR328270820260428-1,OK,DASS SEST,137930,1188919,82628,ATAC. MR140014 6MM RECICLADO COR 4085/PET [e8864769-9c34-4103-9b65-94fda87a9b87],115CM,15631932,276,15614136NBR3282708,28/04/2026,29/06/2026,18,Ativo,,,900716,e8864769-9c34-4103-9b65-94fda87a9b87,NIKE,132707,,,
DASS SEST713793082628115CM1563193215614137NBR328270820260428-1,OK,DASS SEST,137930,1188919,82628,ATAC. MR140014 6MM RECICLADO COR 4085/PET [24805fef-5c1d-4fe5-a31f-44cbc62069ab],115CM,15631932,288,15614137NBR3282708,28/04/2026,29/06/2026,18,Ativo,,,900717,24805fef-5c1d-4fe5-a31f-44cbc62069ab,NIKE,132707,,,
DASS SEST713793082628115CM1563193215614149NBR328272520260428-1,OK,DASS SEST,137930,1188919,82628,ATAC. MR140014 6MM RECICLADO COR 4085/PET [e4f9c7c0-a981-499e-9e7b-438cc3f0417d],115CM,15631932,240,15614149NBR3282725,28/04/2026,29/06/2026,18,Ativo,,,900718,e4f9c7c0-a981-499e-9e7b-438cc3f0417d,NIKE,132707,,,
DASS SEST713793082628115CM1563193215614150NBR328272520260428-1,OK,DASS SEST,137930,1188919,82628,ATAC. MR140014 6MM RECICLADO COR 4085/PET [24126be7-7bf8-4703-b937-a50a08756ea6],115CM,15631932,258,15614150NBR3282725,28/04/2026,29/06/2026,18,Ativo,,,900719,24126be7-7bf8-4703-b937-a50a08756ea6,NIKE,132707,,,
DASS SEST713793086418100CM1563193215614156NBR328263520260428-1,OK,DASS SEST,137930,1278311,86418,ATAC. MR140014 6MM RECICLADO COR 4662/PET [0e6f83e7-c083-4a46-8c4e-0ff4394336f7],100CM,15631932,228,15614156NBR3282635,28/04/2026,29/06/2026,18,Ativo,,,900720,0e6f83e7-c083-4a46-8c4e-0ff4394336f7,NIKE,132707,,,
DASS SEST713793086418100CM1563193215614157NBR328263520260428-1,OK,DASS SEST,137930,1278311,86418,ATAC. MR140014 6MM RECICLADO COR 4662/PET [3e5ea225-7879-4f7e-bb38-982275332c66],100CM,15631932,240,15614157NBR3282635,28/04/2026,29/06/2026,18,Ativo,,,900721,3e5ea225-7879-4f7e-bb38-982275332c66,NIKE,132707,,,
DASS SEST713793086418105CM1563193215614156NBR328263520260428-1,OK,DASS SEST,137930,1278311,86418,ATAC. MR140014 6MM RECICLADO COR 4662/PET [bdc9b94f-1735-47da-811c-61196773e893],105CM,15631932,831,15614156NBR3282635,28/04/2026,29/06/2026,18,Ativo,,,900722,bdc9b94f-1735-47da-811c-61196773e893,NIKE,132707,,,
DASS SEST713793086418105CM1563193215614157NBR328263520260428-1,OK,DASS SEST,137930,1278311,86418,ATAC. MR140014 6MM RECICLADO COR 4662/PET [2051a6b3-d4cd-469a-b905-d96952019e5a],105CM,15631932,858,15614157NBR3282635,28/04/2026,29/06/2026,18,Ativo,,,900723,2051a6b3-d4cd-469a-b905-d96952019e5a,NIKE,132707,,,
DASS SEST713793086418110CM1563193215614156NBR328263520260428-1,OK,DASS SEST,137930,1278311,86418,ATAC. MR140014 6MM RECICLADO COR 4662/PET [d401d55f-f949-4979-a844-a1a860d24487],110CM,15631932,18,15614156NBR3282635,28/04/2026,29/06/2026,18,Ativo,,,900724,d401d55f-f949-4979-a844-a1a860d24487,NIKE,132707,,,
DASS SEST713793086418110CM1563193215614157NBR328263520260428-1,OK,DASS SEST,137930,1278311,86418,ATAC. MR140014 6MM RECICLADO COR 4662/PET [1f8a71cd-0ef5-429e-8ec6-8e5fdd23b2ba],110CM,15631932,12,15614157NBR3282635,28/04/2026,29/06/2026,18,Ativo,,,900725,1f8a71cd-0ef5-429e-8ec6-8e5fdd23b2ba,NIKE,132707,,,
DASS SEST713793094884100CM1563193215614151NBR328271420260428-1,OK,DASS SEST,137930,1405625,94884,ATAC. MR140014 6MM RECICLADO COR 6149/PET [be1a0daf-a843-440d-bb04-d64fed15ed38],100CM,15631932,240,15614151NBR3282714,28/04/2026,29/06/2026,18,Ativo,,,900726,be1a0daf-a843-440d-bb04-d64fed15ed38,NIKE,132707,,,
DASS SEST713793094884100CM1563193215614153NBR328271420260428-1,OK,DASS SEST,137930,1405625,94884,ATAC. MR140014 6MM RECICLADO COR 6149/PET [d2f7c90c-a7d0-4429-b763-7f157707a66a],100CM,15631932,270,15614153NBR3282714,28/04/2026,29/06/2026,18,Ativo,,,900727,d2f7c90c-a7d0-4429-b763-7f157707a66a,NIKE,132707,,,
DASS SEST713793094884100CM1563193215614154NBR328273920260428-1,OK,DASS SEST,137930,1405625,94884,ATAC. MR140014 6MM RECICLADO COR 6149/PET [c68040b5-c2ae-4426-bb9f-f0f12955de34],100CM,15631932,240,15614154NBR3282739,28/04/2026,29/06/2026,18,Ativo,,,900728,c68040b5-c2ae-4426-bb9f-f0f12955de34,NIKE,132707,,,
DASS SEST713793094884100CM1563193215614155NBR328273920260428-1,OK,DASS SEST,137930,1405625,94884,ATAC. MR140014 6MM RECICLADO COR 6149/PET [63e9119f-229d-423d-aee7-c965e93fb0f7],100CM,15631932,270,15614155NBR3282739,28/04/2026,29/06/2026,18,Ativo,,,900729,63e9119f-229d-423d-aee7-c965e93fb0f7,NIKE,132707,,,
DASS SEST713793094884105CM1563193215614151NBR328271420260428-1,OK,DASS SEST,137930,1405625,94884,ATAC. MR140014 6MM RECICLADO COR 6149/PET [9ac42ded-2611-4c30-9a58-7392fc4314fa],105CM,15631932,891,15614151NBR3282714,28/04/2026,29/06/2026,18,Ativo,,,900730,9ac42ded-2611-4c30-9a58-7392fc4314fa,NIKE,132707,,,
DASS SEST713793094884105CM1563193215614153NBR328271420260428-1,OK,DASS SEST,137930,1405625,94884,ATAC. MR140014 6MM RECICLADO COR 6149/PET [2c0b4ea4-b217-453f-a8a9-04b235f9532c],105CM,15631932,936,15614153NBR3282714,28/04/2026,29/06/2026,18,Ativo,,,900731,2c0b4ea4-b217-453f-a8a9-04b235f9532c,NIKE,132707,,,
DASS SEST713793094884105CM1563193215614154NBR328273920260428-1,OK,DASS SEST,137930,1405625,94884,ATAC. MR140014 6MM RECICLADO COR 6149/PET [0e509923-c023-4791-b9e0-a213925276b1],105CM,15631932,891,15614154NBR3282739,28/04/2026,29/06/2026,18,Ativo,,,900732,0e509923-c023-4791-b9e0-a213925276b1,NIKE,132707,,,
DASS SEST713793094884105CM1563193215614155NBR328273920260428-1,OK,DASS SEST,137930,1405625,94884,ATAC. MR140014 6MM RECICLADO COR 6149/PET [2a518ceb-a2a9-471a-a24f-2a590202181b],105CM,15631932,936,15614155NBR3282739,28/04/2026,29/06/2026,18,Ativo,,,900733,2a518ceb-a2a9-471a-a24f-2a590202181b,NIKE,132707,,,
DASS SEST713793094884110CM1563193215614151NBR328271420260428-1,OK,DASS SEST,137930,1405625,94884,ATAC. MR140014 6MM RECICLADO COR 6149/PET [aa8c36bb-5a2a-4f4c-984d-ad88f0cdfec9],110CM,15631932,18,15614151NBR3282714,28/04/2026,29/06/2026,18,Ativo,,,900734,aa8c36bb-5a2a-4f4c-984d-ad88f0cdfec9,NIKE,132707,,,
DASS SEST713793094884110CM1563193215614153NBR328271420260428-1,OK,DASS SEST,137930,1405625,94884,ATAC. MR140014 6MM RECICLADO COR 6149/PET [b8489ffc-4201-4b9f-adf9-a5e89abe1bd8],110CM,15631932,12,15614153NBR3282714,28/04/2026,29/06/2026,18,Ativo,,,900735,b8489ffc-4201-4b9f-adf9-a5e89abe1bd8,NIKE,132707,,,
DASS SEST713793094884110CM1563193215614154NBR328273920260428-1,OK,DASS SEST,137930,1405625,94884,ATAC. MR140014 6MM RECICLADO COR 6149/PET [aab32f00-1dbb-4be1-89d3-8d055315c706],110CM,15631932,18,15614154NBR3282739,28/04/2026,29/06/2026,18,Ativo,,,900736,aab32f00-1dbb-4be1-89d3-8d055315c706,NIKE,132707,,,
DASS SEST713793094884110CM1563193215614155NBR328273920260428-1,OK,DASS SEST,137930,1405625,94884,ATAC. MR140014 6MM RECICLADO COR 6149/PET [eb7f49fd-76ba-40a1-a207-c3e6fcb3544f],110CM,15631932,12,15614155NBR3282739,28/04/2026,29/06/2026,18,Ativo,,,900737,eb7f49fd-76ba-40a1-a207-c3e6fcb3544f,NIKE,132707,,,
DASS SEST713793092568115CM1563193215614109NBR328276420260428-1,OK,DASS SEST,137930,1027849,92568,ATAC. MR110012 8MM RECICLADO COR 4085/PET [5e2fb409-62fe-4ee5-806d-a0ebbe4fa04b],115CM,15631932,186,15614109NBR3282764,28/04/2026,29/06/2026,18,Ativo,,,900738,5e2fb409-62fe-4ee5-806d-a0ebbe4fa04b,NIKE,132707,,,
DASS SEST713793092568115CM1563193215614110NBR328276420260428-1,OK,DASS SEST,137930,1027849,92568,ATAC. MR110012 8MM RECICLADO COR 4085/PET [c49ab8fe-9925-4107-aca6-3082636d1edd],115CM,15631932,198,15614110NBR3282764,28/04/2026,29/06/2026,18,Ativo,,,900739,c49ab8fe-9925-4107-aca6-3082636d1edd,NIKE,132707,,,
DASS SEST713793092568115CM1563193215614111NBR328276620260428-1,OK,DASS SEST,137930,1027849,92568,ATAC. MR110012 8MM RECICLADO COR 4085/PET [5117fd42-c16b-4420-97bc-6beea1d7973d],115CM,15631932,216,15614111NBR3282766,28/04/2026,29/06/2026,18,Ativo,,,900740,5117fd42-c16b-4420-97bc-6beea1d7973d,NIKE,132707,,,
DASS SEST713793092568115CM1563193215614112NBR328276620260428-1,OK,DASS SEST,137930,1027849,92568,ATAC. MR110012 8MM RECICLADO COR 4085/PET [29d90fce-aecb-442e-808a-145714a5872f],115CM,15631932,180,15614112NBR3282766,28/04/2026,29/06/2026,18,Ativo,,,900741,29d90fce-aecb-442e-808a-145714a5872f,NIKE,132707,,,
DASS SEST713793092568115CM1563193215614113NBR328276620260428-1,OK,DASS SEST,137930,1027849,92568,ATAC. MR110012 8MM RECICLADO COR 4085/PET [199d7544-b33a-4cce-b2ae-0e2e96c733e6],115CM,15631932,210,15614113NBR3282766,28/04/2026,29/06/2026,18,Ativo,,,900742,199d7544-b33a-4cce-b2ae-0e2e96c733e6,NIKE,132707,,,
DASS SEST713793092568115CM1563193215614114NBR328277020260428-1,OK,DASS SEST,137930,1027849,92568,ATAC. MR110012 8MM RECICLADO COR 4085/PET [91e0eef1-db0d-4234-8c86-7dff3065b329],115CM,15631932,174,15614114NBR3282770,28/04/2026,29/06/2026,18,Ativo,,,900743,91e0eef1-db0d-4234-8c86-7dff3065b329,NIKE,132707,,,
DASS SEST713793092568115CM1563193215614116NBR328277020260428-1,OK,DASS SEST,137930,1027849,92568,ATAC. MR110012 8MM RECICLADO COR 4085/PET [93b74fc8-20f8-4b99-a893-f632adc62d42],115CM,15631932,192,15614116NBR3282770,28/04/2026,29/06/2026,18,Ativo,,,900744,93b74fc8-20f8-4b99-a893-f632adc62d42,NIKE,132707,,,
DASS SEST713793092568120CM1563193215614109NBR328276420260428-1,OK,DASS SEST,137930,1027849,92568,ATAC. MR110012 8MM RECICLADO COR 4085/PET [bb9c243b-2af5-4736-93c4-a97990a15526],120CM,15631932,680,15614109NBR3282764,28/04/2026,29/06/2026,18,Ativo,,,900745,bb9c243b-2af5-4736-93c4-a97990a15526,NIKE,132707,,,
DASS SEST713793092568120CM1563193215614110NBR328276420260428-1,OK,DASS SEST,137930,1027849,92568,ATAC. MR110012 8MM RECICLADO COR 4085/PET [0756ae0d-0f13-4368-9d25-ad88b0fa9304],120CM,15631932,732,15614110NBR3282764,28/04/2026,29/06/2026,18,Ativo,,,900746,0756ae0d-0f13-4368-9d25-ad88b0fa9304,NIKE,132707,,,
DASS SEST713793092568120CM1563193215614111NBR328276620260428-1,OK,DASS SEST,137930,1027849,92568,ATAC. MR110012 8MM RECICLADO COR 4085/PET [adde8b32-825d-46e4-8115-88a0ee9cdb8f],120CM,15631932,921,15614111NBR3282766,28/04/2026,29/06/2026,18,Ativo,,,900747,adde8b32-825d-46e4-8115-88a0ee9cdb8f,NIKE,132707,,,
DASS SEST713793092568120CM1563193215614112NBR328276620260428-1,OK,DASS SEST,137930,1027849,92568,ATAC. MR110012 8MM RECICLADO COR 4085/PET [5f570772-45fb-466f-867d-7fecfb24eb96],120CM,15631932,732,15614112NBR3282766,28/04/2026,29/06/2026,18,Ativo,,,900748,5f570772-45fb-466f-867d-7fecfb24eb96,NIKE,132707,,,
DASS SEST713793092568120CM1563193215614113NBR328276620260428-1,OK,DASS SEST,137930,1027849,92568,ATAC. MR110012 8MM RECICLADO COR 4085/PET [72e63dbe-7784-4a1e-9178-0cd09211e058],120CM,15631932,546,15614113NBR3282766,28/04/2026,29/06/2026,18,Ativo,,,900749,72e63dbe-7784-4a1e-9178-0cd09211e058,NIKE,132707,,,
DASS SEST713793092568120CM1563193215614114NBR328277020260428-1,OK,DASS SEST,137930,1027849,92568,ATAC. MR110012 8MM RECICLADO COR 4085/PET [14710eec-865f-411e-9a8b-655675a73742],120CM,15631932,680,15614114NBR3282770,28/04/2026,29/06/2026,18,Ativo,,,900750,14710eec-865f-411e-9a8b-655675a73742,NIKE,132707,,,
DASS SEST713793092568120CM1563193215614116NBR328277020260428-1,OK,DASS SEST,137930,1027849,92568,ATAC. MR110012 8MM RECICLADO COR 4085/PET [e1429247-e76d-4799-be61-61a07805521b],120CM,15631932,696,15614116NBR3282770,28/04/2026,29/06/2026,18,Ativo,,,900751,e1429247-e76d-4799-be61-61a07805521b,NIKE,132707,,,
DASS SEST71379309367495CM1563193215614123NBR328259220260428-1,OK,DASS SEST,137930,1102648,93674,ATAC. MR140023 RECICLADO COR 4085/PET [ab0a2854-4c7b-4093-88f8-f0f128a6cb12],95CM,15631932,360,15614123NBR3282592,28/04/2026,29/06/2026,18,Ativo,,,900752,ab0a2854-4c7b-4093-88f8-f0f128a6cb12,NIKE,132707,,,
DASS SEST71379309367495CM1563193215614124NBR328259220260428-1,OK,DASS SEST,137930,1102648,93674,ATAC. MR140023 RECICLADO COR 4085/PET [385f52dc-d80a-45bf-bbde-c46a24e76d86],95CM,15631932,390,15614124NBR3282592,28/04/2026,29/06/2026,18,Ativo,,,900753,385f52dc-d80a-45bf-bbde-c46a24e76d86,NIKE,132707,,,
DASS SEST713793093674100CM1563193215614121NBR328253120260428-1,OK,DASS SEST,137930,1102648,93674,ATAC. MR140023 RECICLADO COR 4085/PET [cf43075a-0e98-4747-9eff-485f53ef7518],100CM,15631932,84,15614121NBR3282531,28/04/2026,29/06/2026,18,Ativo,,,900754,cf43075a-0e98-4747-9eff-485f53ef7518,NIKE,132707,,,
DASS SEST713793093674100CM1563193215614122NBR328253120260428-1,OK,DASS SEST,137930,1102648,93674,ATAC. MR140023 RECICLADO COR 4085/PET [1cc0ffb7-c6df-42b1-a914-e81bcdd802a6],100CM,15631932,96,15614122NBR3282531,28/04/2026,29/06/2026,18,Ativo,,,900755,1cc0ffb7-c6df-42b1-a914-e81bcdd802a6,NIKE,132707,,,
DASS SEST713793093674100CM1563193215614123NBR328259220260428-1,OK,DASS SEST,137930,1102648,93674,ATAC. MR140023 RECICLADO COR 4085/PET [fc2555bc-3661-4caf-b46a-3b1e436bf676],100CM,15631932,470,15614123NBR3282592,28/04/2026,29/06/2026,18,Ativo,,,900756,fc2555bc-3661-4caf-b46a-3b1e436bf676,NIKE,132707,,,
DASS SEST713793093674100CM1563193215614124NBR328259220260428-1,OK,DASS SEST,137930,1102648,93674,ATAC. MR140023 RECICLADO COR 4085/PET [eb67b023-5e7b-4bab-8a9a-1f3171cc51a7],100CM,15631932,486,15614124NBR3282592,28/04/2026,29/06/2026,18,Ativo,,,900757,eb67b023-5e7b-4bab-8a9a-1f3171cc51a7,NIKE,132707,,,
DASS SEST713793093674105CM1563193215614121NBR328253120260428-1,OK,DASS SEST,137930,1102648,93674,ATAC. MR140023 RECICLADO COR 4085/PET [6ede6fd7-8d31-45af-8206-8444400192ce],105CM,15631932,626,15614121NBR3282531,28/04/2026,29/06/2026,18,Ativo,,,900758,6ede6fd7-8d31-45af-8206-8444400192ce,NIKE,132707,,,
DASS SEST713793093674105CM1563193215614122NBR328253120260428-1,OK,DASS SEST,137930,1102648,93674,ATAC. MR140023 RECICLADO COR 4085/PET [101e64d9-be0b-4e98-9c66-5b258fa3a19b],105CM,15631932,648,15614122NBR3282531,28/04/2026,29/06/2026,18,Ativo,,,900759,101e64d9-be0b-4e98-9c66-5b258fa3a19b,NIKE,132707,,,
DASS SEST713793093674105CM1563193215614123NBR328259220260428-1,OK,DASS SEST,137930,1102648,93674,ATAC. MR140023 RECICLADO COR 4085/PET [89f8181a-e432-41c8-9318-b66ef4adacb4],105CM,15631932,66,15614123NBR3282592,28/04/2026,29/06/2026,18,Ativo,,,900760,89f8181a-e432-41c8-9318-b66ef4adacb4,NIKE,132707,,,
DASS SEST713793093674105CM1563193215614124NBR328259220260428-1,OK,DASS SEST,137930,1102648,93674,ATAC. MR140023 RECICLADO COR 4085/PET [19d2a99b-7d36-41c2-87ae-8c33b8c4ca5a],105CM,15631932,48,15614124NBR3282592,28/04/2026,29/06/2026,18,Ativo,,,900761,19d2a99b-7d36-41c2-87ae-8c33b8c4ca5a,NIKE,132707,,,
DASS SEST713793093674110CM1563193215614121NBR328253120260428-1,OK,DASS SEST,137930,1102648,93674,ATAC. MR140023 RECICLADO COR 4085/PET [6ee35cdd-9e8c-4570-b50a-310c8b7aaf95],110CM,15631932,180,15614121NBR3282531,28/04/2026,29/06/2026,18,Ativo,,,900762,6ee35cdd-9e8c-4570-b50a-310c8b7aaf95,NIKE,132707,,,
DASS SEST713793093674110CM1563193215614122NBR328253120260428-1,OK,DASS SEST,137930,1102648,93674,ATAC. MR140023 RECICLADO COR 4085/PET [e70996b2-58c4-4072-b7cb-81064ed8c320],110CM,15631932,180,15614122NBR3282531,28/04/2026,29/06/2026,18,Ativo,,,900763,e70996b2-58c4-4072-b7cb-81064ed8c320,NIKE,132707,,,
DASS SEST71380298373810MM1563849920260429-1,OK,DASS SEST,138029,1200761,83738,FITA M32164 C/ GOMA POLIESTER COR 533 [604da6a5-5ab4-4fbe-8dd6-6c5935a502d6],10MM,15638499,170,0,29/04/2026,29/06/2026,18,Ativo,,,900764,604da6a5-5ab4-4fbe-8dd6-6c5935a502d6,NIKE,132855,,,
DASS SEST71380298844015MM1563849920260429-1,OK,DASS SEST,138029,1321458,88440,FITA MR100001 C/ GOMA RECICLADO COR 545 [81f0fd22-119a-4e5c-a87e-1b8224f6bbd3],15MM,15638499,240,0,29/04/2026,29/06/2026,18,Ativo,,,900765,81f0fd22-119a-4e5c-a87e-1b8224f6bbd3,NIKE,132855,,,
DASS SEST71380298871215MM1563849920260429-1,OK,DASS SEST,138029,1321457,88712,FITA MR100001 C/ GOMA RECICLADO COR 4252/PET [e62a2928-75d6-4e24-a4f6-d411a77a488c],15MM,15638499,550,0,29/04/2026,29/06/2026,18,Ativo,,,900766,e62a2928-75d6-4e24-a4f6-d411a77a488c,NIKE,132855,,,
DASS SEST71380297400510MM1563849920260429-1,OK,DASS SEST,138029,1074423,74005,FITA MFGP C/ GOMA POLIESTER COR 4699 [cd249e34-dab7-4068-9b2e-c846de078d55],10MM,15638499,60,0,29/04/2026,29/06/2026,18,Ativo,,,900767,cd249e34-dab7-4068-9b2e-c846de078d55,NIKE,132855,,,
DASS SEST71380297401410MM1563849920260429-1,OK,DASS SEST,138029,965421,74014,FITA MFGP C/ GOMA POLIESTER COR 4085 [c2ed5cb6-eb1c-4cb5-a149-a9f4a87c73ae],10MM,15638499,320,0,29/04/2026,29/06/2026,18,Ativo,,,900768,c2ed5cb6-eb1c-4cb5-a149-a9f4a87c73ae,NIKE,132855,,,
DASS SEST71381348794616MM1564058420260430-1,OK,DASS SEST,138134,1316829,87946,FITA M31119 C/ GOMA POLIESTER COR 100/ COR 5535/ COR 102 [fba8e29e-3ec3-4961-922f-1cfe13fbd3e6],16MM,15640584,730,0,30/04/2026,29/06/2026,18,Ativo,,,900769,fba8e29e-3ec3-4961-922f-1cfe13fbd3e6,FILA,132934,,,
DASS SEST71381349296316MM1564058420260430-1,OK,DASS SEST,138134,1353470,92963,FITA M31119 C/ GOMA POLIESTER COR 102 / COR 100 / COR 100 [4c79958a-97ed-45d6-b1d0-107cd057ffdd],16MM,15640584,160,0,30/04/2026,29/06/2026,18,Ativo,,,900770,4c79958a-97ed-45d6-b1d0-107cd057ffdd,FILA,132934,,,
DASS SEST71381349530116MM1564058420260430-1,OK,DASS SEST,138134,1416908,95301,FITA M31119 C/ GOMA POLIESTER COR 6038 / COR 5508 / COR 5508 [92f9c98b-3ca7-4fec-b8b8-e6c9d7163713],16MM,15640584,730,0,30/04/2026,29/06/2026,18,Ativo,,,900771,92f9c98b-3ca7-4fec-b8b8-e6c9d7163713,FILA,132934,,,
DASS SEST71384638794616MM1569354920260512-1,OK,DASS SEST,138463,1316829,87946,FITA M31119 C/ GOMA POLIESTER COR 100/ COR 5535/ COR 102 [b8257403-1dc6-4389-a79c-17e2c1c02472],16MM,15693549,140,0,12/05/2026,29/06/2026,18,Ativo,,,900772,b8257403-1dc6-4389-a79c-17e2c1c02472,FILA,133261,,,
DASS SEST71385218907012MM1570510720260514-1,OK,DASS SEST,138521,1287984,89070,FITA M41476 C/ GOMA POLIESTER COR 114/ COR 5508 [bede1922-abd2-4b3f-a576-c407d5ad51b4],12MM,15705107,120,0,14/05/2026,29/06/2026,18,Ativo,,,900773,bede1922-abd2-4b3f-a576-c407d5ad51b4,FILA,133322,,,
DASS SEST71385219035612MM1570510720260514-1,OK,DASS SEST,138521,1356826,90356,FITA M41476 C/ GOMA POLIESTER COR 100 / COR 102 [ae9d0bfc-ffcd-415a-bb5e-e50862751de9],12MM,15705107,240,0,14/05/2026,29/06/2026,18,Ativo,,,900774,ae9d0bfc-ffcd-415a-bb5e-e50862751de9,FILA,133322,,,
DASS SEST71385219093212MM1570510720260514-1,OK,DASS SEST,138521,1356830,90932,FITA M41476 C/ GOMA POLIESTER COR 5855 / COR 114 [f992c6f3-7875-4dd9-b5fc-3dcdcdece92a],12MM,15705107,290,0,14/05/2026,29/06/2026,18,Ativo,,,900775,f992c6f3-7875-4dd9-b5fc-3dcdcdece92a,FILA,133322,,,
DASS SEST71385219504512MM1570510720260514-1,OK,DASS SEST,138521,1287983,95045,FITA M41476 C/ GOMA POLIESTER COR 100 / COR 5508 [b16cb493-3efd-4b3c-81bc-239e4f6117b2],12MM,15705107,340,0,14/05/2026,29/06/2026,18,Ativo,,,900776,b16cb493-3efd-4b3c-81bc-239e4f6117b2,FILA,133322,,,
DASS SEST71385217016415MM1570510720260514-1,OK,DASS SEST,138521,783896,70164,FITA MFGP C/ GOMA POLIESTER COR 100 [ccf8dd40-89cb-4d3d-ba66-d093ee781938],15MM,15705107,700,0,14/05/2026,29/06/2026,18,Ativo,,,900777,ccf8dd40-89cb-4d3d-ba66-d093ee781938,FILA,133322,,,
DASS SEST71385217691015MM1570510720260514-1,OK,DASS SEST,138521,975119,76910,FITA MFGP C/ GOMA POLIESTER COR 263 [b8e13d5a-c18f-4566-8014-f818797780b4],15MM,15705107,330,0,14/05/2026,29/06/2026,18,Ativo,,,900778,b8e13d5a-c18f-4566-8014-f818797780b4,FILA,133322,,,
DASS SEST7138521781878MM1570510720260514-1,OK,DASS SEST,138521,1146621,78187,FITA MFGP C/ GOMA POLIESTER COR 053 [51cae254-52d1-402b-bc07-d4b1db314860],8MM,15705107,640,0,14/05/2026,29/06/2026,18,Ativo,,,900779,51cae254-52d1-402b-bc07-d4b1db314860,FILA,133322,,,
DASS SEST71385218457415MM1570510720260514-1,OK,DASS SEST,138521,1387454,84574,FITA MFGP C/ GOMA POLIESTER COR 4039 [34f4d8f8-2cad-47f8-8c5c-eda5fdb5da7c],15MM,15705107,170,0,14/05/2026,29/06/2026,18,Ativo,,,900780,34f4d8f8-2cad-47f8-8c5c-eda5fdb5da7c,FILA,133322,,,
DASS SEST71385218603112MM1570510720260514-1,OK,DASS SEST,138521,1268009,86031,FITA MFGP C/ GOMA POLIESTER COR 5512 [334a7fdc-363e-43fe-8fdb-b33ad98311de],12MM,15705107,170,0,14/05/2026,29/06/2026,18,Ativo,,,900781,334a7fdc-363e-43fe-8fdb-b33ad98311de,FILA,133322,,,
DASS SEST71385218752012MM1570510720260514-1,OK,DASS SEST,138521,1314368,87520,FITA MFGP C/ GOMA POLIESTER COR 324 [ee2adeeb-1aaa-46ef-a136-3aebdf52422e],12MM,15705107,90,0,14/05/2026,29/06/2026,18,Ativo,,,900782,ee2adeeb-1aaa-46ef-a136-3aebdf52422e,FILA,133322,,,
DASS SEST71385219218115MM1570510720260514-1,OK,DASS SEST,138521,1387456,92181,FITA MFGP C/ GOMA POLIESTER COR 5094 [a9504b2c-4f3a-469c-81ee-32f26e08fb3f],15MM,15705107,240,0,14/05/2026,29/06/2026,18,Ativo,,,900783,a9504b2c-4f3a-469c-81ee-32f26e08fb3f,FILA,133322,,,
DASS SEST71385219327412MM1570510720260514-1,OK,DASS SEST,138521,1409206,93274,FITA MFGP C/ GOMA POLIESTER COR 458 [f69b3699-6457-40f9-aad3-f9dae78cc87d],12MM,15705107,80,0,14/05/2026,29/06/2026,18,Ativo,,,900784,f69b3699-6457-40f9-aad3-f9dae78cc87d,FILA,133322,,,
DASS SEST71385219328612MM1570510720260514-1,OK,DASS SEST,138521,1385046,93286,FITA MFGP C/ GOMA POLIESTER COR 6038 [287c730e-a48f-484c-8cd8-81cdce7bf589],12MM,15705107,80,0,14/05/2026,29/06/2026,18,Ativo,,,900785,287c730e-a48f-484c-8cd8-81cdce7bf589,FILA,133322,,,
DASS SEST71385219328712MM1570510720260514-1,OK,DASS SEST,138521,1409207,93287,FITA MFGP C/ GOMA POLIESTER COR 5758 [cf30683a-cd38-4aa3-be7e-f7cf4bb21427],12MM,15705107,90,0,14/05/2026,29/06/2026,18,Ativo,,,900786,cf30683a-cd38-4aa3-be7e-f7cf4bb21427,FILA,133322,,,
DASS SEST71385218794616MM1570510720260514-1,OK,DASS SEST,138521,1316829,87946,FITA M31119 C/ GOMA POLIESTER COR 100/ COR 5535/ COR 102 [32e8335f-5fe2-4e39-82a7-2fddace3cc94],16MM,15705107,170,0,14/05/2026,29/06/2026,18,Ativo,,,900787,32e8335f-5fe2-4e39-82a7-2fddace3cc94,FILA,133322,,,
DASS SEST71385219517616MM1570510720260514-1,OK,DASS SEST,138521,1320199,95176,FITA M31119 C/ GOMA POLIESTER COR 053 / COR 114 / COR 114 [35739767-1970-4bd0-a842-2bdf5c2232e8],16MM,15705107,690,0,14/05/2026,29/06/2026,18,Ativo,,,900788,35739767-1970-4bd0-a842-2bdf5c2232e8,FILA,133322,,,
DASS SEST71385219549116MM1570510720260514-1,OK,DASS SEST,138521,1416938,95491,FITA M31119 C/ GOMA POLIESTER COR 6001 / COR 5508 / COR 5508 [e51becf8-4659-4c6a-94dc-082b31aac9be],16MM,15705107,350,0,14/05/2026,29/06/2026,18,Ativo,,,900789,e51becf8-4659-4c6a-94dc-082b31aac9be,FILA,133322,,,
DASS SEST71385419504680CM1570701315696407BR31463220260514-1,OK,DASS SEST,138541,1409191,95046,ATAC. M10110 5MM POLIESTER COR 100 / COR 5535 [5fb028b5-64c8-4892-b3cb-15f19b04dfab],80CM,15707013,72,15696407BR314632,14/05/2026,29/06/2026,18,Ativo,,,900790,5fb028b5-64c8-4892-b3cb-15f19b04dfab,FILA,133345,,,
DASS SEST71385419504690CM1570701315696407BR31463220260514-1,OK,DASS SEST,138541,1409191,95046,ATAC. M10110 5MM POLIESTER COR 100 / COR 5535 [302b49a3-f5c4-40fc-b1d7-b14b9dc53546],90CM,15707013,216,15696407BR314632,14/05/2026,29/06/2026,18,Ativo,,,900791,302b49a3-f5c4-40fc-b1d7-b14b9dc53546,FILA,133345,,,
DASS SEST713854195046100CM1570701315696407BR31463220260514-1,OK,DASS SEST,138541,1409191,95046,ATAC. M10110 5MM POLIESTER COR 100 / COR 5535 [693d769c-7544-4a41-b43e-fffdc2471935],100CM,15707013,240,15696407BR314632,14/05/2026,29/06/2026,18,Ativo,,,900792,693d769c-7544-4a41-b43e-fffdc2471935,FILA,133345,,,
DASS SEST71385417559580CM1570701315696387BR31463020260514-1,OK,DASS SEST,138541,1175396,75595,ATAC. M13725 6MM POLIESTER COR 100 [03813134-92db-4ed8-ae93-c508fe504d25],80CM,15707013,120,15696387BR314630,14/05/2026,29/06/2026,18,Ativo,,,900793,03813134-92db-4ed8-ae93-c508fe504d25,FILA,133345,,,
DASS SEST71385417559590CM1570701315696387BR31463020260514-1,OK,DASS SEST,138541,1175396,75595,ATAC. M13725 6MM POLIESTER COR 100 [ee4e9d2d-4da2-4978-a9d4-93d9ba87faec],90CM,15707013,420,15696387BR314630,14/05/2026,29/06/2026,18,Ativo,,,900794,ee4e9d2d-4da2-4978-a9d4-93d9ba87faec,FILA,133345,,,
DASS SEST713854175595100CM1570701315696387BR31463020260514-1,OK,DASS SEST,138541,1175396,75595,ATAC. M13725 6MM POLIESTER COR 100 [f552294c-1bac-4b52-acf0-1c12f65caeb4],100CM,15707013,492,15696387BR314630,14/05/2026,29/06/2026,18,Ativo,,,900795,f552294c-1bac-4b52-acf0-1c12f65caeb4,FILA,133345,,,
DASS SEST71385418966780CM1570701315696394BR31463120260514-1,OK,DASS SEST,138541,1314385,89667,ATAC. M13725 6MM POLIESTER COR 5508 [8979dc15-b515-4024-84ac-c82f0b9f9b5a],80CM,15707013,48,15696394BR314631,14/05/2026,29/06/2026,18,Ativo,,,900796,8979dc15-b515-4024-84ac-c82f0b9f9b5a,FILA,133345,,,
DASS SEST71385418966790CM1570701315696394BR31463120260514-1,OK,DASS SEST,138541,1314385,89667,ATAC. M13725 6MM POLIESTER COR 5508 [0f094b2c-74f6-405c-9eaf-b8710370df7b],90CM,15707013,216,15696394BR314631,14/05/2026,29/06/2026,18,Ativo,,,900797,0f094b2c-74f6-405c-9eaf-b8710370df7b,FILA,133345,,,
DASS SEST713854189667100CM1570701315696394BR31463120260514-1,OK,DASS SEST,138541,1314385,89667,ATAC. M13725 6MM POLIESTER COR 5508 [adf8da4a-1c3b-4108-af9d-0f844613dc7a],100CM,15707013,240,15696394BR314631,14/05/2026,29/06/2026,18,Ativo,,,900798,adf8da4a-1c3b-4108-af9d-0f844613dc7a,FILA,133345,,,
DASS SEST713854173818110CM1570701315696426BR31454820260514-1,OK,DASS SEST,138541,1040532,73818,ATAC. M21020 8MM POLIESTER COR 052 [89322e60-16aa-42fc-b4c9-2d6ddcfc22a9],110CM,15707013,132,15696426BR314548,14/05/2026,29/06/2026,18,Ativo,,,900799,89322e60-16aa-42fc-b4c9-2d6ddcfc22a9,FILA,133345,,,
DASS SEST713854173818120CM1570701315696426BR31454820260514-1,OK,DASS SEST,138541,1040532,73818,ATAC. M21020 8MM POLIESTER COR 052 [5220376a-96e2-420e-b89a-b47bf754bfb7],120CM,15707013,144,15696426BR314548,14/05/2026,29/06/2026,18,Ativo,,,900800,5220376a-96e2-420e-b89a-b47bf754bfb7,FILA,133345,,,
DASS SEST713854173819110CM1570701315696425BR31454720260514-1,OK,DASS SEST,138541,1051608,73819,ATAC. M21020 8MM POLIESTER COR 114 [d36afac0-4293-454a-bd20-82ce5cf1eff9],110CM,15707013,276,15696425BR314547,14/05/2026,29/06/2026,18,Ativo,,,900801,d36afac0-4293-454a-bd20-82ce5cf1eff9,FILA,133345,,,
DASS SEST713854173819120CM1570701315696424BR31454220260514-1,OK,DASS SEST,138541,1051608,73819,ATAC. M21020 8MM POLIESTER COR 114 [96f89208-89f9-43fc-ae41-8e1c5f023bbf],120CM,15707013,192,15696424BR314542,14/05/2026,29/06/2026,18,Ativo,,,900802,96f89208-89f9-43fc-ae41-8e1c5f023bbf,FILA,133345,,,
DASS SEST713854173819120CM1570701315696425BR31454720260514-1,OK,DASS SEST,138541,1051608,73819,ATAC. M21020 8MM POLIESTER COR 114 [12f4698e-e05b-42e3-89a1-5b6821fdb027],120CM,15707013,312,15696425BR314547,14/05/2026,29/06/2026,18,Ativo,,,900803,12f4698e-e05b-42e3-89a1-5b6821fdb027,FILA,133345,,,
DASS SEST713854173819130CM1570701315696424BR31454220260514-1,OK,DASS SEST,138541,1051608,73819,ATAC. M21020 8MM POLIESTER COR 114 [30e11865-8da4-416f-890c-7f29785e6b75],130CM,15707013,396,15696424BR314542,14/05/2026,29/06/2026,18,Ativo,,,900804,30e11865-8da4-416f-890c-7f29785e6b75,FILA,133345,,,
DASS SEST713854173821120CM1570701315696386BR31457920260514-1,OK,DASS SEST,138541,1163455,73821,ATAC. M21020 8MM POLIESTER COR 100 [19b538bb-5ccc-48b3-83a3-eb696d7ae20b],120CM,15707013,528,15696386BR314579,14/05/2026,29/06/2026,18,Ativo,,,900805,19b538bb-5ccc-48b3-83a3-eb696d7ae20b,FILA,133345,,,
DASS SEST713854173821130CM1570701315696386BR31457920260514-1,OK,DASS SEST,138541,1163455,73821,ATAC. M21020 8MM POLIESTER COR 100 [31ffcf14-ee73-42df-b8ba-0d214787f126],130CM,15707013,492,15696386BR314579,14/05/2026,29/06/2026,18,Ativo,,,900806,31ffcf14-ee73-42df-b8ba-0d214787f126,FILA,133345,,,
DASS SEST713854173877120CM1570701315696392BR31458020260514-1,OK,DASS SEST,138541,1024417,73877,ATAC. M21020 8MM POLIESTER COR 057 [d9e07bae-86df-445c-ad8e-880ffa0fca5b],120CM,15707013,516,15696392BR314580,14/05/2026,29/06/2026,18,Ativo,,,900807,d9e07bae-86df-445c-ad8e-880ffa0fca5b,FILA,133345,,,
DASS SEST713854173877130CM1570701315696392BR31458020260514-1,OK,DASS SEST,138541,1024417,73877,ATAC. M21020 8MM POLIESTER COR 057 [ec62a5dc-6d96-4d7a-8c84-f1666283bc6f],130CM,15707013,492,15696392BR314580,14/05/2026,29/06/2026,18,Ativo,,,900808,ec62a5dc-6d96-4d7a-8c84-f1666283bc6f,FILA,133345,,,
DASS SEST713854178570120CM1570701315696406BR31458120260514-1,OK,DASS SEST,138541,1140249,78570,ATAC. M21020 8MM POLIESTER COR 263 [246f9bd3-1584-42b9-9e89-bc3159ba6cbd],120CM,15707013,276,15696406BR314581,14/05/2026,29/06/2026,18,Ativo,,,900809,246f9bd3-1584-42b9-9e89-bc3159ba6cbd,FILA,133345,,,
DASS SEST713854178570130CM1570701315696406BR31458120260514-1,OK,DASS SEST,138541,1140249,78570,ATAC. M21020 8MM POLIESTER COR 263 [d4d6411b-b361-4e6a-9d44-d6b0809a1dae],130CM,15707013,252,15696406BR314581,14/05/2026,29/06/2026,18,Ativo,,,900810,d4d6411b-b361-4e6a-9d44-d6b0809a1dae,FILA,133345,,,
DASS SEST713854195490125CM1570701315696421BR314562-A20260514-1,OK,DASS SEST,138541,1423777,95490,ATAC. M60132 ALPINA COR 2001 [3598d159-a92b-420a-8bf5-4448db078557],125CM,15707013,324,15696421BR314562-A,14/05/2026,29/06/2026,18,Ativo,,,900811,3598d159-a92b-420a-8bf5-4448db078557,FILA,133345,,,
DASS SEST713854195490135CM1570701315696421BR314562-A20260514-1,OK,DASS SEST,138541,1423777,95490,ATAC. M60132 ALPINA COR 2001 [76420212-d9d1-4708-be00-099124a45e9e],135CM,15707013,420,15696421BR314562-A,14/05/2026,29/06/2026,18,Ativo,,,900812,76420212-d9d1-4708-be00-099124a45e9e,FILA,133345,,,
DASS SEST71385869218115MM1571398820260518-1,OK,DASS SEST,138586,1387456,92181,FITA MFGP C/ GOMA POLIESTER COR 5094 [26c4e2ad-dbbf-424c-8d63-2ec1d95f597b],15MM,15713988,10,0,18/05/2026,29/06/2026,18,Ativo,,,900813,26c4e2ad-dbbf-424c-8d63-2ec1d95f597b,FILA,133390,,,
DASS SEST713894293661130CM1575043715748062NBR328297120260526-1,OK,DASS SEST,138942,1065806,93661,ATAC. MR110029 RECICLADO COR 4662/PET [c2afb374-763f-4b3a-a5ff-c77eb02517ea],130CM,15750437,456,15748062NBR3282971,26/05/2026,29/06/2026,18,Ativo,,,900814,c2afb374-763f-4b3a-a5ff-c77eb02517ea,NIKE,133674,,,
DASS SEST713894293661130CM1575043715748063NBR328297120260526-1,OK,DASS SEST,138942,1065806,93661,ATAC. MR110029 RECICLADO COR 4662/PET [cf3a1fbf-cbb1-4e13-a656-0ed9a9199237],130CM,15750437,501,15748063NBR3282971,26/05/2026,29/06/2026,18,Ativo,,,900815,cf3a1fbf-cbb1-4e13-a656-0ed9a9199237,NIKE,133674,,,
DASS SEST713894293661130CM1575043715748064NBR328297320260526-1,OK,DASS SEST,138942,1065806,93661,ATAC. MR110029 RECICLADO COR 4662/PET [5e61a4d5-14f4-4816-a650-a5d881d2fe36],130CM,15750437,456,15748064NBR3282973,26/05/2026,29/06/2026,18,Ativo,,,900816,5e61a4d5-14f4-4816-a650-a5d881d2fe36,NIKE,133674,,,
DASS SEST713894293661130CM1575043715748066NBR328297320260526-1,OK,DASS SEST,138942,1065806,93661,ATAC. MR110029 RECICLADO COR 4662/PET [493caa23-cb45-4df3-bac0-21de22e33eee],130CM,15750437,470,15748066NBR3282973,26/05/2026,29/06/2026,18,Ativo,,,900817,493caa23-cb45-4df3-bac0-21de22e33eee,NIKE,133674,,,
DASS SEST713894293661135CM1575043715748062NBR328297120260526-1,OK,DASS SEST,138942,1065806,93661,ATAC. MR110029 RECICLADO COR 4662/PET [40d512c3-0d2b-49e1-95db-98c990db0917],135CM,15750437,459,15748062NBR3282971,26/05/2026,29/06/2026,18,Ativo,,,900818,40d512c3-0d2b-49e1-95db-98c990db0917,NIKE,133674,,,
DASS SEST713894293661135CM1575043715748063NBR328297120260526-1,OK,DASS SEST,138942,1065806,93661,ATAC. MR110029 RECICLADO COR 4662/PET [39d32f45-4203-470a-8c11-d3072ca7b2bf],135CM,15750437,499,15748063NBR3282971,26/05/2026,29/06/2026,18,Ativo,,,900819,39d32f45-4203-470a-8c11-d3072ca7b2bf,NIKE,133674,,,
DASS SEST713894293661135CM1575043715748064NBR328297320260526-1,OK,DASS SEST,138942,1065806,93661,ATAC. MR110029 RECICLADO COR 4662/PET [f80156e7-0610-4b40-a700-dd468dfd1237],135CM,15750437,507,15748064NBR3282973,26/05/2026,29/06/2026,18,Ativo,,,900820,f80156e7-0610-4b40-a700-dd468dfd1237,NIKE,133674,,,
DASS SEST713894293661135CM1575043715748066NBR328297320260526-1,OK,DASS SEST,138942,1065806,93661,ATAC. MR110029 RECICLADO COR 4662/PET [22d104e7-a54a-49ed-bb82-db62f2fdfa35],135CM,15750437,518,15748066NBR3282973,26/05/2026,29/06/2026,18,Ativo,,,900821,22d104e7-a54a-49ed-bb82-db62f2fdfa35,NIKE,133674,,,
DASS SEST713894293696135CM1575043715748060NBR328297720260526-1,OK,DASS SEST,138942,1069210,93696,ATAC. MR110029 RECICLADO COR 4085/PET [3e3e71f7-ca32-4a03-8daa-b06a1d794e9e],135CM,15750437,927,15748060NBR3282977,26/05/2026,29/06/2026,18,Ativo,,,900822,3e3e71f7-ca32-4a03-8daa-b06a1d794e9e,NIKE,133674,,,
DASS SEST713894293696135CM1575043715748061NBR328297720260526-1,OK,DASS SEST,138942,1069210,93696,ATAC. MR110029 RECICLADO COR 4085/PET [a57996a6-1b31-439a-9964-4ab491364989],135CM,15750437,970,15748061NBR3282977,26/05/2026,29/06/2026,18,Ativo,,,900823,a57996a6-1b31-439a-9964-4ab491364989,NIKE,133674,,,
DASS SEST713894293696140CM1575043715748060NBR328297720260526-1,OK,DASS SEST,138942,1069210,93696,ATAC. MR110029 RECICLADO COR 4085/PET [b7761073-e0fc-415c-84dc-1b3559bcbd3d],140CM,15750437,102,15748060NBR3282977,26/05/2026,29/06/2026,18,Ativo,,,900824,b7761073-e0fc-415c-84dc-1b3559bcbd3d,NIKE,133674,,,
DASS SEST713894293696140CM1575043715748061NBR328297720260526-1,OK,DASS SEST,138942,1069210,93696,ATAC. MR110029 RECICLADO COR 4085/PET [665a9c84-c398-42fa-acbb-cf4aec2a3669],140CM,15750437,99,15748061NBR3282977,26/05/2026,29/06/2026,18,Ativo,,,900825,665a9c84-c398-42fa-acbb-cf4aec2a3669,NIKE,133674,,,
DASS SEST713894294070130CM1575043715748086NBR328296520260526-1,OK,DASS SEST,138942,1108596,94070,ATAC. MR110029 RECICLADO COR 101/PET [7fdc0a79-51af-429d-a968-8b6d4c13a6fc],130CM,15750437,420,15748086NBR3282965,26/05/2026,29/06/2026,18,Ativo,,,900826,7fdc0a79-51af-429d-a968-8b6d4c13a6fc,NIKE,133674,,,
DASS SEST713894294070130CM1575043715748088NBR328296520260526-1,OK,DASS SEST,138942,1108596,94070,ATAC. MR110029 RECICLADO COR 101/PET [6944f7e8-42c3-472e-8c0c-f16f4410a972],130CM,15750437,439,15748088NBR3282965,26/05/2026,29/06/2026,18,Ativo,,,900827,6944f7e8-42c3-472e-8c0c-f16f4410a972,NIKE,133674,,,
DASS SEST713894294070135CM1575043715748086NBR328296520260526-1,OK,DASS SEST,138942,1108596,94070,ATAC. MR110029 RECICLADO COR 101/PET [c2615a30-1c19-45dd-b51e-a370c8c515e7],135CM,15750437,423,15748086NBR3282965,26/05/2026,29/06/2026,18,Ativo,,,900828,c2615a30-1c19-45dd-b51e-a370c8c515e7,NIKE,133674,,,
DASS SEST713894294070135CM1575043715748088NBR328296520260526-1,OK,DASS SEST,138942,1108596,94070,ATAC. MR110029 RECICLADO COR 101/PET [12387979-f5b7-47d8-aa72-f4ce3e1c6370],135CM,15750437,438,15748088NBR3282965,26/05/2026,29/06/2026,18,Ativo,,,900829,12387979-f5b7-47d8-aa72-f4ce3e1c6370,NIKE,133674,,,
DASS SEST71389919102316MM1575338020260527-1,OK,DASS SEST,138991,1320254,91023,FITA M31119 C/ GOMA POLIESTER COR 114 / COR 100 / COR 100 [dd69bfec-dd23-4020-99a5-9c2ae00728f8],16MM,15753380,430,0,27/05/2026,29/06/2026,18,Ativo,,,900830,dd69bfec-dd23-4020-99a5-9c2ae00728f8,FILA,133710,,,
DASS SEST713899273818110CM1575339215742508BR31464020260527-1,OK,DASS SEST,138992,1040532,73818,ATAC. M21020 8MM POLIESTER COR 052 [03f835d7-b333-49b9-b3b1-a1a4d65c988c],110CM,15753392,60,15742508BR314640,27/05/2026,29/06/2026,18,Ativo,,,900831,03f835d7-b333-49b9-b3b1-a1a4d65c988c,FILA,133711,,,
DASS SEST713899273818120CM1575339215742508BR31464020260527-1,OK,DASS SEST,138992,1040532,73818,ATAC. M21020 8MM POLIESTER COR 052 [3a86e6c1-1ad7-41c6-b818-be1b09a3275a],120CM,15753392,84,15742508BR314640,27/05/2026,29/06/2026,18,Ativo,,,900832,3a86e6c1-1ad7-41c6-b818-be1b09a3275a,FILA,133711,,,
DASS SEST713937393661135CM1578773315787212NBR328311220260604-1,OK,DASS SEST,139373,1065806,93661,ATAC. MR110029 RECICLADO COR 4662/PET [f3f6a466-6877-4eb8-8841-7d41b94749cf],135CM,15787733,951,15787212NBR3283112,04/06/2026,29/06/2026,18,Ativo,,,900833,f3f6a466-6877-4eb8-8841-7d41b94749cf,NIKE,134035,,,
DASS SEST713937393661135CM1578773315787213NBR328311220260604-1,OK,DASS SEST,139373,1065806,93661,ATAC. MR110029 RECICLADO COR 4662/PET [f774fa9d-919b-40cb-9600-fdda92a5d9cc],135CM,15787733,960,15787213NBR3283112,04/06/2026,29/06/2026,18,Ativo,,,900834,f774fa9d-919b-40cb-9600-fdda92a5d9cc,NIKE,134035,,,
DASS SEST713937393661135CM1578773315787214NBR328311320260604-1,OK,DASS SEST,139373,1065806,93661,ATAC. MR110029 RECICLADO COR 4662/PET [ae4714da-cb28-45ae-99e7-df9bf52fd0ee],135CM,15787733,734,15787214NBR3283113,04/06/2026,29/06/2026,18,Ativo,,,900835,ae4714da-cb28-45ae-99e7-df9bf52fd0ee,NIKE,134035,,,
DASS SEST713937393661135CM1578773315787215NBR328311320260604-1,OK,DASS SEST,139373,1065806,93661,ATAC. MR110029 RECICLADO COR 4662/PET [d537f2bd-caa0-4e77-b4b3-763ec5ac5305],135CM,15787733,732,15787215NBR3283113,04/06/2026,29/06/2026,18,Ativo,,,900836,d537f2bd-caa0-4e77-b4b3-763ec5ac5305,NIKE,134035,,,
DASS SEST713937393661140CM1578773315787212NBR328311220260604-1,OK,DASS SEST,139373,1065806,93661,ATAC. MR110029 RECICLADO COR 4662/PET [db802068-205b-48c5-bf17-6f10b07d83b3],140CM,15787733,192,15787212NBR3283112,04/06/2026,29/06/2026,18,Ativo,,,900837,db802068-205b-48c5-bf17-6f10b07d83b3,NIKE,134035,,,
DASS SEST713937393661140CM1578773315787213NBR328311220260604-1,OK,DASS SEST,139373,1065806,93661,ATAC. MR110029 RECICLADO COR 4662/PET [10f27509-f1f2-4a89-808f-1e6b0bf7879b],140CM,15787733,198,15787213NBR3283112,04/06/2026,29/06/2026,18,Ativo,,,900838,10f27509-f1f2-4a89-808f-1e6b0bf7879b,NIKE,134035,,,
DASS SEST713937393661140CM1578773315787214NBR328311320260604-1,OK,DASS SEST,139373,1065806,93661,ATAC. MR110029 RECICLADO COR 4662/PET [3328c3ea-47e7-45a3-b555-10ef7e5cf019],140CM,15787733,84,15787214NBR3283113,04/06/2026,29/06/2026,18,Ativo,,,900839,3328c3ea-47e7-45a3-b555-10ef7e5cf019,NIKE,134035,,,
DASS SEST713937393661140CM1578773315787215NBR328311320260604-1,OK,DASS SEST,139373,1065806,93661,ATAC. MR110029 RECICLADO COR 4662/PET [7efa9d6b-831c-4ddb-aa8c-29006d2ce45d],140CM,15787733,72,15787215NBR3283113,04/06/2026,29/06/2026,18,Ativo,,,900840,7efa9d6b-831c-4ddb-aa8c-29006d2ce45d,NIKE,134035,,,
DASS SEST713937393696135CM1578773315787206NBR328311420260604-1,OK,DASS SEST,139373,1069210,93696,ATAC. MR110029 RECICLADO COR 4085/PET [7a9a57e4-a908-48a8-9aef-a8f8f333e172],135CM,15787733,656,15787206NBR3283114,04/06/2026,29/06/2026,18,Ativo,,,900841,7a9a57e4-a908-48a8-9aef-a8f8f333e172,NIKE,134035,,,
DASS SEST713937393696135CM1578773315787207NBR328311420260604-1,OK,DASS SEST,139373,1069210,93696,ATAC. MR110029 RECICLADO COR 4085/PET [0fb69fe5-4e11-49af-883c-4c2cfccb0ee4],135CM,15787733,654,15787207NBR3283114,04/06/2026,29/06/2026,18,Ativo,,,900842,0fb69fe5-4e11-49af-883c-4c2cfccb0ee4,NIKE,134035,,,
DASS SEST713937393696135CM1578773315787208NBR328311620260604-1,OK,DASS SEST,139373,1069210,93696,ATAC. MR110029 RECICLADO COR 4085/PET [ce530c0f-627e-4dc3-8842-5481d76ccda5],135CM,15787733,1323,15787208NBR3283116,04/06/2026,29/06/2026,18,Ativo,,,900843,ce530c0f-627e-4dc3-8842-5481d76ccda5,NIKE,134035,,,
DASS SEST713937393696135CM1578773315787209NBR328311620260604-1,OK,DASS SEST,139373,1069210,93696,ATAC. MR110029 RECICLADO COR 4085/PET [767e4fbf-24a3-42f8-9102-ce0502095931],135CM,15787733,1350,15787209NBR3283116,04/06/2026,29/06/2026,18,Ativo,,,900844,767e4fbf-24a3-42f8-9102-ce0502095931,NIKE,134035,,,
DASS SEST713937393696140CM1578773315787206NBR328311420260604-1,OK,DASS SEST,139373,1069210,93696,ATAC. MR110029 RECICLADO COR 4085/PET [947b7c63-a90a-4a42-a7ce-384e91c1411a],140CM,15787733,72,15787206NBR3283114,04/06/2026,29/06/2026,18,Ativo,,,900845,947b7c63-a90a-4a42-a7ce-384e91c1411a,NIKE,134035,,,
DASS SEST713937393696140CM1578773315787207NBR328311420260604-1,OK,DASS SEST,139373,1069210,93696,ATAC. MR110029 RECICLADO COR 4085/PET [f903578c-d97c-4faa-bae2-7a939fed8fb4],140CM,15787733,78,15787207NBR3283114,04/06/2026,29/06/2026,18,Ativo,,,900846,f903578c-d97c-4faa-bae2-7a939fed8fb4,NIKE,134035,,,
DASS SEST713937393696140CM1578773315787208NBR328311620260604-1,OK,DASS SEST,139373,1069210,93696,ATAC. MR110029 RECICLADO COR 4085/PET [62c16153-11d5-4428-bdb8-7cf9f47070cd],140CM,15787733,144,15787208NBR3283116,04/06/2026,29/06/2026,18,Ativo,,,900847,62c16153-11d5-4428-bdb8-7cf9f47070cd,NIKE,134035,,,
DASS SEST713937393696140CM1578773315787209NBR328311620260604-1,OK,DASS SEST,139373,1069210,93696,ATAC. MR110029 RECICLADO COR 4085/PET [510462d6-71a3-4545-a560-6a6f7687ccdc],140CM,15787733,150,15787209NBR3283116,04/06/2026,29/06/2026,18,Ativo,,,900848,510462d6-71a3-4545-a560-6a6f7687ccdc,NIKE,134035,,,
DASS ITABERABA701383967016412MM1567503720260511-1,OK,DASS ITABERABA,138396,898941,70164,FITA MFGP C/ GOMA POLIESTER COR 100 [ef96dddb-6360-42b0-8e19-9b6b5731118b],12MM,15675037,550,0,11/05/2026,29/06/2026,18,Ativo,,,900849,ef96dddb-6360-42b0-8e19-9b6b5731118b,FILA,133173,,,
DASS ITABERABA701383968599712MM1567503720260511-1,OK,DASS ITABERABA,138396,1273335,85997,FITA MFGP C/ GOMA POLIESTER COR 5507 [1167d07e-b581-41f2-9948-a685128785cd],12MM,15675037,190,0,11/05/2026,29/06/2026,18,Ativo,,,900850,1167d07e-b581-41f2-9948-a685128785cd,FILA,133173,,,
DASS ITABERABA701383969538516MM1567503720260511-1,OK,DASS ITABERABA,138396,1401825,95385,FITA M31119 C/ GOMA POLIESTER COR 814 / COR 5508 / COR 5508 [cdda24ed-5797-4e7c-b7da-424a933a3497],16MM,15675037,80,0,11/05/2026,29/06/2026,18,Ativo,,,900851,cdda24ed-5797-4e7c-b7da-424a933a3497,FILA,133173,,,
DASS ITABERABA701386769257416MM1572402520260520-1,OK,DASS ITABERABA,138676,1358112,92574,FITA M31119 C/ GOMA POLIESTER COR 057 / COR 102 / COR 102 [a957504c-cb91-491b-9462-33a9a5f5000e],16MM,15724025,170,0,20/05/2026,29/06/2026,18,Ativo,,,900852,a957504c-cb91-491b-9462-33a9a5f5000e,FILA,133471,,,
DASS ITABERABA701386769530116MM1572402520260520-1,OK,DASS ITABERABA,138676,1416908,95301,FITA M31119 C/ GOMA POLIESTER COR 6038 / COR 5508 / COR 5508 [3d7fa711-a3fc-4a4c-a34f-8af2c805b63b],16MM,15724025,150,0,20/05/2026,29/06/2026,18,Ativo,,,900853,3d7fa711-a3fc-4a4c-a34f-8af2c805b63b,FILA,133471,,,
DASS ITABERABA701386769538216MM1572402520260520-1,OK,DASS ITABERABA,138676,1403058,95382,FITA M31119 C/ GOMA POLIESTER COR 788 / COR 5768 / COR 5768 [cb21f51c-1e00-4278-ae4c-b36c432bf76f],16MM,15724025,60,0,20/05/2026,29/06/2026,18,Ativo,,,900854,cb21f51c-1e00-4278-ae4c-b36c432bf76f,FILA,133471,,,
DASS ITABERABA701386777566290CM1572404915718249ARG201935-20260520-1,OK,DASS ITABERABA,138677,1314384,75662,ATAC. M13725 6MM POLIESTER COR 114 [1f2141e1-37b5-4d77-8c7b-48f6cb752a64],90CM,15724049,384,15718249ARG201935-,20/05/2026,29/06/2026,18,Ativo,,,900855,1f2141e1-37b5-4d77-8c7b-48f6cb752a64,FILA,133472,,,
DASS ITABERABA7013867775662100CM1572404915718249ARG201935-20260520-1,OK,DASS ITABERABA,138677,1314384,75662,ATAC. M13725 6MM POLIESTER COR 114 [1c170671-8830-4e59-ba08-3782402cfbb4],100CM,15724049,576,15718249ARG201935-,20/05/2026,29/06/2026,18,Ativo,,,900856,1c170671-8830-4e59-ba08-3782402cfbb4,FILA,133472,,,
DASS ITABERABA701390387016412MM1575628320260527-1,OK,DASS ITABERABA,139038,898941,70164,FITA MFGP C/ GOMA POLIESTER COR 100 [0018e9ab-3a0c-4026-bee9-5746390d92b1],12MM,15756283,1130,0,27/05/2026,29/06/2026,18,Ativo,,,900857,0018e9ab-3a0c-4026-bee9-5746390d92b1,FILA,133749,,,
DASS ITABERABA701390387037512MM1575628320260527-1,OK,DASS ITABERABA,139038,1240579,70375,FITA MFGP C/ GOMA POLIESTER COR 678 [0790dc03-2ad1-4e56-8f8b-e0b13ed645c8],12MM,15756283,260,0,27/05/2026,29/06/2026,18,Ativo,,,900858,0790dc03-2ad1-4e56-8f8b-e0b13ed645c8,FILA,133749,,,
DASS ITABERABA701390387352215MM1575628320260527-1,OK,DASS ITABERABA,139038,902057,73522,FITA MFGP C/ GOMA POLIESTER COR 057 [ae4a5320-23eb-4fe7-ab06-51970f36973b],15MM,15756283,140,0,27/05/2026,29/06/2026,18,Ativo,,,900859,ae4a5320-23eb-4fe7-ab06-51970f36973b,FILA,133749,,,
DASS ITABERABA701390387387215MM1575628320260527-1,OK,DASS ITABERABA,139038,1413356,73872,FITA MFGP C/ GOMA POLIESTER COR 057 / COR 114 / COR 057 [acecfb4f-0b51-4edb-8385-15b2813df3cc],15MM,15756283,110,0,27/05/2026,29/06/2026,18,Ativo,,,900860,acecfb4f-0b51-4edb-8385-15b2813df3cc,FILA,133749,,,
DASS ITABERABA701390388455912MM1575628320260527-1,OK,DASS ITABERABA,139038,1104256,84559,FITA MFGP C/ GOMA POLIESTER COR 114 [df10ec37-c086-4306-ba91-91b5094e57ff],12MM,15756283,690,0,27/05/2026,29/06/2026,18,Ativo,,,900861,df10ec37-c086-4306-ba91-91b5094e57ff,FILA,133749,,,
DASS ITABERABA701390388629812MM1575628320260527-1,OK,DASS ITABERABA,139038,1411787,86298,FITA MFGP C/ GOMA POLIESTER COR 486 [357c89b5-c117-4462-a28b-e83f66cfd0f2],12MM,15756283,380,0,27/05/2026,29/06/2026,18,Ativo,,,900862,357c89b5-c117-4462-a28b-e83f66cfd0f2,FILA,133749,,,
DASS ITABERABA701390389218115MM1575628320260527-1,OK,DASS ITABERABA,139038,1387456,92181,FITA MFGP C/ GOMA POLIESTER COR 5094 [52b8698e-3f97-4bf7-aa00-fd83b3068edd],15MM,15756283,500,0,27/05/2026,29/06/2026,18,Ativo,,,900863,52b8698e-3f97-4bf7-aa00-fd83b3068edd,FILA,133749,,,
DASS ITABERABA701390397559590CM1575636015746775BRITB0052720260527-1,OK,DASS ITABERABA,139039,1175396,75595,ATAC. M13725 6MM POLIESTER COR 100 [5b8ce88c-95f2-43ed-b6c6-490651fc4ae5],90CM,15756360,396,15746775BRITB00527,27/05/2026,29/06/2026,18,Ativo,,,900864,5b8ce88c-95f2-43ed-b6c6-490651fc4ae5,FILA,133750,,,
DASS ITABERABA701390397559590CM1575636015746776BRITB0052720260527-1,OK,DASS ITABERABA,139039,1175396,75595,ATAC. M13725 6MM POLIESTER COR 100 [b487ac79-6769-4ad0-b8cb-06f918ec888f],90CM,15756360,288,15746776BRITB00527,27/05/2026,29/06/2026,18,Ativo,,,900865,b487ac79-6769-4ad0-b8cb-06f918ec888f,FILA,133750,,,
DASS ITABERABA7013903975595100CM1575636015746775BRITB0052720260527-1,OK,DASS ITABERABA,139039,1175396,75595,ATAC. M13725 6MM POLIESTER COR 100 [cb11e938-71eb-4941-a444-40bfba4894dc],100CM,15756360,720,15746775BRITB00527,27/05/2026,29/06/2026,18,Ativo,,,900866,cb11e938-71eb-4941-a444-40bfba4894dc,FILA,133750,,,
DASS ITABERABA7013903975595100CM1575636015746776BRITB0052720260527-1,OK,DASS ITABERABA,139039,1175396,75595,ATAC. M13725 6MM POLIESTER COR 100 [6220a608-47f8-49c4-aab6-d8ccec8fdfbc],100CM,15756360,636,15746776BRITB00527,27/05/2026,29/06/2026,18,Ativo,,,900867,6220a608-47f8-49c4-aab6-d8ccec8fdfbc,FILA,133750,,,
DASS ITABERABA701390397566290CM1575636015746773BRITB0052720260527-1,OK,DASS ITABERABA,139039,1314384,75662,ATAC. M13725 6MM POLIESTER COR 114 [09365246-6072-4c3b-815e-9840037f9e6e],90CM,15756360,384,15746773BRITB00527,27/05/2026,29/06/2026,18,Ativo,,,900868,09365246-6072-4c3b-815e-9840037f9e6e,FILA,133750,,,
DASS ITABERABA7013903975662100CM1575636015746773BRITB0052720260527-1,OK,DASS ITABERABA,139039,1314384,75662,ATAC. M13725 6MM POLIESTER COR 114 [3c28368d-1d44-49e1-9464-a0f316443660],100CM,15756360,660,15746773BRITB00527,27/05/2026,29/06/2026,18,Ativo,,,900869,3c28368d-1d44-49e1-9464-a0f316443660,FILA,133750,,,
DASS ITABERABA701390399089190CM1575636015746774BRITB0052720260527-1,OK,DASS ITABERABA,139039,1321091,90891,ATAC. M13725 6MM POLIESTER COR 5703 [d48aa3f0-4bc9-4e8f-bcee-1bec79ad3a94],90CM,15756360,432,15746774BRITB00527,27/05/2026,29/06/2026,18,Ativo,,,900870,d48aa3f0-4bc9-4e8f-bcee-1bec79ad3a94,FILA,133750,,,
DASS ITABERABA7013903990891100CM1575636015746774BRITB0052720260527-1,OK,DASS ITABERABA,139039,1321091,90891,ATAC. M13725 6MM POLIESTER COR 5703 [0e4e1850-258c-415a-bc68-f94c4d791f99],100CM,15756360,612,15746774BRITB00527,27/05/2026,29/06/2026,18,Ativo,,,900871,0e4e1850-258c-415a-bc68-f94c4d791f99,FILA,133750,,,
DASS ITABERABA7013903973821120CM1575636015746740ARG201956-20260527-1,OK,DASS ITABERABA,139039,1163455,73821,ATAC. M21020 8MM POLIESTER COR 100 [a1d602aa-ab00-40c8-ae61-87701051b1c8],120CM,15756360,528,15746740ARG201956-,27/05/2026,29/06/2026,18,Ativo,,,900872,a1d602aa-ab00-40c8-ae61-87701051b1c8,FILA,133750,,,
DASS ITABERABA7013903973821120CM1575636015746741ARG201956-20260527-1,OK,DASS ITABERABA,139039,1163455,73821,ATAC. M21020 8MM POLIESTER COR 100 [7b593739-08b3-433d-970b-417160f979b2],120CM,15756360,528,15746741ARG201956-,27/05/2026,29/06/2026,18,Ativo,,,900873,7b593739-08b3-433d-970b-417160f979b2,FILA,133750,,,
DASS ITABERABA7013903973821130CM1575636015746740ARG201956-20260527-1,OK,DASS ITABERABA,139039,1163455,73821,ATAC. M21020 8MM POLIESTER COR 100 [30c0a046-3c6c-4dda-a3ee-c1bdcaccdff3],130CM,15756360,432,15746740ARG201956-,27/05/2026,29/06/2026,18,Ativo,,,900874,30c0a046-3c6c-4dda-a3ee-c1bdcaccdff3,FILA,133750,,,
DASS ITABERABA7013903973821130CM1575636015746741ARG201956-20260527-1,OK,DASS ITABERABA,139039,1163455,73821,ATAC. M21020 8MM POLIESTER COR 100 [d3f1569f-3337-40aa-ab43-c1a113939c2f],130CM,15756360,432,15746741ARG201956-,27/05/2026,29/06/2026,18,Ativo,,,900875,d3f1569f-3337-40aa-ab43-c1a113939c2f,FILA,133750,,,
DASS ITABERABA7013903973877120CM1575636015746743ARG201957-20260527-1,OK,DASS ITABERABA,139039,1024417,73877,ATAC. M21020 8MM POLIESTER COR 057 [0c0367f2-02a7-4062-8f76-58a0c0323655],120CM,15756360,528,15746743ARG201957-,27/05/2026,29/06/2026,18,Ativo,,,900876,0c0367f2-02a7-4062-8f76-58a0c0323655,FILA,133750,,,
DASS ITABERABA7013903973877130CM1575636015746743ARG201957-20260527-1,OK,DASS ITABERABA,139039,1024417,73877,ATAC. M21020 8MM POLIESTER COR 057 [6338bb13-81e7-4bd6-bd4f-04668c7e3002],130CM,15756360,432,15746743ARG201957-,27/05/2026,29/06/2026,18,Ativo,,,900877,6338bb13-81e7-4bd6-bd4f-04668c7e3002,FILA,133750,,,
DASS ITABERABA701395039294815MM1581068420260610-1,OK,DASS ITABERABA,139503,1403526,92948,FITA M32207 C/ GOMA POLIESTER COR 100 / COR 282 / COR 100 [749880a5-108c-49c4-9734-aab45069d887],15MM,15810684,630,0,10/06/2026,29/06/2026,18,Ativo,,,900878,749880a5-108c-49c4-9734-aab45069d887,FILA,134254,,,
DASS ITABERABA701395039295015MM1581068420260610-1,OK,DASS ITABERABA,139503,1403527,92950,FITA M32207 C/ GOMA POLIESTER COR 114 / COR 491 / COR 114 [0e149c43-bc79-4b1f-b7d5-082b897dffa5],15MM,15810684,150,0,10/06/2026,29/06/2026,18,Ativo,,,900879,0e149c43-bc79-4b1f-b7d5-082b897dffa5,FILA,134254,,,
DASS ITABERABA701395037016415MM1581068420260610-1,OK,DASS ITABERABA,139503,783896,70164,FITA MFGP C/ GOMA POLIESTER COR 100 [1b3a56d4-42f9-46ac-82ed-5d36fc4d8529],15MM,15810684,1110,0,10/06/2026,29/06/2026,18,Ativo,,,900880,1b3a56d4-42f9-46ac-82ed-5d36fc4d8529,FILA,134254,,,
DASS ITABERABA701395037137615MM1581068420260610-1,OK,DASS ITABERABA,139503,902655,71376,FITA MFGP C/ GOMA POLIESTER COR 102 [100a24ae-1fc7-4514-ae86-2f64c1a66bfa],15MM,15810684,580,0,10/06/2026,29/06/2026,18,Ativo,,,900881,100a24ae-1fc7-4514-ae86-2f64c1a66bfa,FILA,134254,,,
DASS ITABERABA701395039248815MM1581068420260610-1,OK,DASS ITABERABA,139503,1397653,92488,FITA MFGP C/ GOMA POLIESTER COR 6001 [5a8a9245-64ca-4048-a8ad-a2e2eb867c74],15MM,15810684,280,0,10/06/2026,29/06/2026,18,Ativo,,,900882,5a8a9245-64ca-4048-a8ad-a2e2eb867c74,FILA,134254,,,
DASS ITABERABA701395038794416MM1581068420260610-1,OK,DASS ITABERABA,139503,1294761,87944,FITA M31119 C/ GOMA POLIESTER COR 102/ COR 100/ COR 678 [84f77f02-e869-4fbc-afbf-1f1eb7a4aff4],16MM,15810684,100,0,10/06/2026,29/06/2026,18,Ativo,,,900883,84f77f02-e869-4fbc-afbf-1f1eb7a4aff4,FILA,134254,,,
DASS ITABERABA701395039257416MM1581068420260610-1,OK,DASS ITABERABA,139503,1358112,92574,FITA M31119 C/ GOMA POLIESTER COR 057 / COR 102 / COR 102 [b8876595-a72b-4f00-a7a3-94534632c500],16MM,15810684,10,0,10/06/2026,29/06/2026,18,Ativo,,,900884,b8876595-a72b-4f00-a7a3-94534632c500,FILA,134254,,,
DASS ITABERABA701395039530116MM1581068420260610-1,OK,DASS ITABERABA,139503,1416908,95301,FITA M31119 C/ GOMA POLIESTER COR 6038 / COR 5508 / COR 5508 [a8b61493-d495-430e-b6cd-f3ba7c5687a2],16MM,15810684,10,0,10/06/2026,29/06/2026,18,Ativo,,,900885,a8b61493-d495-430e-b6cd-f3ba7c5687a2,FILA,134254,,,
DASS ITABERABA701395047561190CM1581071915800671FIL00150720260610-1,OK,DASS ITABERABA,139504,1176326,75611,ATAC. M13727 POLIESTER COR 100 / COR 263 [21a4b0ef-046a-42c0-a859-42110949b0b2],90CM,15810719,396,15800671FIL001507,10/06/2026,29/06/2026,18,Ativo,,,900886,21a4b0ef-046a-42c0-a859-42110949b0b2,FILA,134255,,,
DASS ITABERABA7013950475611100CM1581071915801339EXP010650520260610-1,OK,DASS ITABERABA,139504,1176326,75611,ATAC. M13727 POLIESTER COR 100 / COR 263 [4b21d422-aa4f-4b70-bd51-9e9b529d3200],100CM,15810719,558,15801339EXP0106505,10/06/2026,29/06/2026,18,Ativo,,,900887,4b21d422-aa4f-4b70-bd51-9e9b529d3200,FILA,134255,,,
DASS ITABERABA7013950475611100CM1581071915800656FIL00149020260610-1,OK,DASS ITABERABA,139504,1176326,75611,ATAC. M13727 POLIESTER COR 100 / COR 263 [c580ae37-affa-4a36-a715-21ae058698d4],100CM,15810719,852,15800656FIL001490,10/06/2026,29/06/2026,18,Ativo,,,900888,c580ae37-affa-4a36-a715-21ae058698d4,FILA,134255,,,
DASS ITABERABA7013950475611100CM1581071915800671FIL00150720260610-1,OK,DASS ITABERABA,139504,1176326,75611,ATAC. M13727 POLIESTER COR 100 / COR 263 [0834eb42-a588-4ba0-9fe3-11c6e5369bef],100CM,15810719,444,15800671FIL001507,10/06/2026,29/06/2026,18,Ativo,,,900889,0834eb42-a588-4ba0-9fe3-11c6e5369bef,FILA,134255,,,
DASS ITABERABA7013950475611110CM1581071915801339EXP010650520260610-1,OK,DASS ITABERABA,139504,1176326,75611,ATAC. M13727 POLIESTER COR 100 / COR 263 [0e2ddc05-1880-4f1f-907a-9eb8ff7b70a0],110CM,15810719,72,15801339EXP0106505,10/06/2026,29/06/2026,18,Ativo,,,900890,0e2ddc05-1880-4f1f-907a-9eb8ff7b70a0,FILA,134255,,,
DASS ITABERABA7013950475611110CM1581071915800656FIL00149020260610-1,OK,DASS ITABERABA,139504,1176326,75611,ATAC. M13727 POLIESTER COR 100 / COR 263 [086d16c5-4ac4-4262-a478-fbd1cc8852a8],110CM,15810719,396,15800656FIL001490,10/06/2026,29/06/2026,18,Ativo,,,900891,086d16c5-4ac4-4262-a478-fbd1cc8852a8,FILA,134255,,,
DASS ITABERABA7013950473819115CM1581071915801334EXP010645320260610-1,OK,DASS ITABERABA,139504,1051608,73819,ATAC. M21020 8MM POLIESTER COR 114 [93afc3ec-07d2-499f-80bd-5b8fc10339b2],115CM,15810719,342,15801334EXP0106453,10/06/2026,29/06/2026,18,Ativo,,,900892,93afc3ec-07d2-499f-80bd-5b8fc10339b2,FILA,134255,,,
DASS ITABERABA7013950473819125CM1581071915801334EXP010645320260610-1,OK,DASS ITABERABA,139504,1051608,73819,ATAC. M21020 8MM POLIESTER COR 114 [81eb4698-a9bf-45ce-a73c-e76c5f07a37a],125CM,15810719,138,15801334EXP0106453,10/06/2026,29/06/2026,18,Ativo,,,900893,81eb4698-a9bf-45ce-a73c-e76c5f07a37a,FILA,134255,,,
DASS ITABERABA7013950473821115CM1581071915801333EXP010645220260610-1,OK,DASS ITABERABA,139504,813443,73821,ATAC. M21020 8MM POLIESTER COR 100 [1470b36a-bd1c-4c6f-b8c8-996d18ec2833],115CM,15810719,294,15801333EXP0106452,10/06/2026,29/06/2026,18,Ativo,,,900894,1470b36a-bd1c-4c6f-b8c8-996d18ec2833,FILA,134255,,,
DASS ITABERABA7013950473821115CM1581071915800628FIL001499-20260610-1,OK,DASS ITABERABA,139504,813443,73821,ATAC. M21020 8MM POLIESTER COR 100 [e21dae36-e69f-4efe-af23-0fb8015f06cc],115CM,15810719,360,15800628FIL001499-,10/06/2026,29/06/2026,18,Ativo,,,900895,e21dae36-e69f-4efe-af23-0fb8015f06cc,FILA,134255,,,
DASS ITABERABA7013950473821115CM1581071915800629FIL001499-20260610-1,OK,DASS ITABERABA,139504,813443,73821,ATAC. M21020 8MM POLIESTER COR 100 [75ef7830-8a1a-41dd-b8be-c91c9edee554],115CM,15810719,372,15800629FIL001499-,10/06/2026,29/06/2026,18,Ativo,,,900896,75ef7830-8a1a-41dd-b8be-c91c9edee554,FILA,134255,,,
DASS ITABERABA7013950473821125CM1581071915801333EXP010645220260610-1,OK,DASS ITABERABA,139504,813443,73821,ATAC. M21020 8MM POLIESTER COR 100 [b417178f-eab7-4a5c-9da2-7348a74462ac],125CM,15810719,240,15801333EXP0106452,10/06/2026,29/06/2026,18,Ativo,,,900897,b417178f-eab7-4a5c-9da2-7348a74462ac,FILA,134255,,,
DASS ITABERABA7013950473821125CM1581071915800628FIL001499-20260610-1,OK,DASS ITABERABA,139504,813443,73821,ATAC. M21020 8MM POLIESTER COR 100 [7378edce-b681-4018-8441-c113aafbf4b2],125CM,15810719,396,15800628FIL001499-,10/06/2026,29/06/2026,18,Ativo,,,900898,7378edce-b681-4018-8441-c113aafbf4b2,FILA,134255,,,
DASS ITABERABA7013950473821125CM1581071915800629FIL001499-20260610-1,OK,DASS ITABERABA,139504,813443,73821,ATAC. M21020 8MM POLIESTER COR 100 [8c784454-b147-4696-b148-47d89ac8436a],125CM,15810719,432,15800629FIL001499-,10/06/2026,29/06/2026,18,Ativo,,,900899,8c784454-b147-4696-b148-47d89ac8436a,FILA,134255,,,
DASS SANTO ANTONIO15261387237016412MM1572541920260520-1,OK,DASS SANTO ANTONIO,138723,898941,70164,FITA MFGP C/ GOMA POLIESTER COR 100 [4bb1f963-48e5-494f-90d6-e3c47f479037],12MM,15725419,620,0,20/05/2026,29/06/2026,18,Ativo,,,900900,4bb1f963-48e5-494f-90d6-e3c47f479037,FILA,133529,,,
DASS SANTO ANTONIO15261387237137612MM1572541920260520-1,OK,DASS SANTO ANTONIO,138723,935525,71376,FITA MFGP C/ GOMA POLIESTER COR 102 [bfb7c585-b41f-46c5-9686-5acf07f0ae6f],12MM,15725419,420,0,20/05/2026,29/06/2026,18,Ativo,,,900901,bfb7c585-b41f-46c5-9686-5acf07f0ae6f,FILA,133529,,,
DASS SANTO ANTONIO152613872475594100CM1572547015724119BRSA00177720260520-1,OK,DASS SANTO ANTONIO,138724,1028535,75594,ATAC. M13725 6MM POLIESTER COR 102 [5f65bb8c-7c31-45b1-9167-db89598ad1f6],100CM,15725470,300,15724119BRSA001777,20/05/2026,29/06/2026,18,Ativo,,,900902,5f65bb8c-7c31-45b1-9167-db89598ad1f6,FILA,133530,,,
DASS SANTO ANTONIO152613872475594100CM1572547015724120BRSA00177820260520-1,OK,DASS SANTO ANTONIO,138724,1028535,75594,ATAC. M13725 6MM POLIESTER COR 102 [0392a493-c090-4c40-ba6e-406773c2a230],100CM,15725470,264,15724120BRSA001778,20/05/2026,29/06/2026,18,Ativo,,,900903,0392a493-c090-4c40-ba6e-406773c2a230,FILA,133530,,,
DASS SANTO ANTONIO152613872475594110CM1572547015724119BRSA00177720260520-1,OK,DASS SANTO ANTONIO,138724,1028535,75594,ATAC. M13725 6MM POLIESTER COR 102 [4c27aa22-350b-4e7f-87fc-28b2981eb019],110CM,15725470,348,15724119BRSA001777,20/05/2026,29/06/2026,18,Ativo,,,900904,4c27aa22-350b-4e7f-87fc-28b2981eb019,FILA,133530,,,
DASS SANTO ANTONIO152613872475594110CM1572547015724120BRSA00177820260520-1,OK,DASS SANTO ANTONIO,138724,1028535,75594,ATAC. M13725 6MM POLIESTER COR 102 [35db5597-692e-47bd-90c8-408d26cafd11],110CM,15725470,312,15724120BRSA001778,20/05/2026,29/06/2026,18,Ativo,,,900905,35db5597-692e-47bd-90c8-408d26cafd11,FILA,133530,,,
DASS SANTO ANTONIO152613872475594110CM1572547015724126BRSA00178320260520-1,OK,DASS SANTO ANTONIO,138724,1028535,75594,ATAC. M13725 6MM POLIESTER COR 102 [caae082b-c714-4968-9634-824ff087842f],110CM,15725470,360,15724126BRSA001783,20/05/2026,29/06/2026,18,Ativo,,,900906,caae082b-c714-4968-9634-824ff087842f,FILA,133530,,,
DASS SANTO ANTONIO152613872475594120CM1572547015724126BRSA00178320260520-1,OK,DASS SANTO ANTONIO,138724,1028535,75594,ATAC. M13725 6MM POLIESTER COR 102 [9e3a293d-57e9-49ab-9a22-0c7750c1ea3b],120CM,15725470,504,15724126BRSA001783,20/05/2026,29/06/2026,18,Ativo,,,900907,9e3a293d-57e9-49ab-9a22-0c7750c1ea3b,FILA,133530,,,
DASS SANTO ANTONIO152613872475595100CM1572547015724124BRSA00178120260520-1,OK,DASS SANTO ANTONIO,138724,1175396,75595,ATAC. M13725 6MM POLIESTER COR 100 [5aa17ec5-13b3-4fd7-8741-35cad48e1c8c],100CM,15725470,528,15724124BRSA001781,20/05/2026,29/06/2026,18,Ativo,,,900908,5aa17ec5-13b3-4fd7-8741-35cad48e1c8c,FILA,133530,,,
DASS SANTO ANTONIO152613872475595100CM1572547015724125BRSA00178220260520-1,OK,DASS SANTO ANTONIO,138724,1175396,75595,ATAC. M13725 6MM POLIESTER COR 100 [834c60e1-afe0-4800-8e35-b000f00a1fbf],100CM,15725470,372,15724125BRSA001782,20/05/2026,29/06/2026,18,Ativo,,,900909,834c60e1-afe0-4800-8e35-b000f00a1fbf,FILA,133530,,,
DASS SANTO ANTONIO152613872475595110CM1572547015724124BRSA00178120260520-1,OK,DASS SANTO ANTONIO,138724,1175396,75595,ATAC. M13725 6MM POLIESTER COR 100 [a55cccc2-bb0a-45b1-bc6c-fde8abfed94b],110CM,15725470,600,15724124BRSA001781,20/05/2026,29/06/2026,18,Ativo,,,900910,a55cccc2-bb0a-45b1-bc6c-fde8abfed94b,FILA,133530,,,
DASS SANTO ANTONIO152613872475595110CM1572547015724125BRSA00178220260520-1,OK,DASS SANTO ANTONIO,138724,1175396,75595,ATAC. M13725 6MM POLIESTER COR 100 [b9efb85c-7409-458e-8d75-4db6623c91c9],110CM,15725470,432,15724125BRSA001782,20/05/2026,29/06/2026,18,Ativo,,,900911,b9efb85c-7409-458e-8d75-4db6623c91c9,FILA,133530,,,
DASS SANTO ANTONIO152613872475595110CM1572547015724128BRSA00178520260520-1,OK,DASS SANTO ANTONIO,138724,1175396,75595,ATAC. M13725 6MM POLIESTER COR 100 [9fb52e4d-8c76-4462-805e-2e9974640a40],110CM,15725470,432,15724128BRSA001785,20/05/2026,29/06/2026,18,Ativo,,,900912,9fb52e4d-8c76-4462-805e-2e9974640a40,FILA,133530,,,
DASS SANTO ANTONIO152613872475595120CM1572547015724128BRSA00178520260520-1,OK,DASS SANTO ANTONIO,138724,1175396,75595,ATAC. M13725 6MM POLIESTER COR 100 [5717b224-c1a3-42d4-bd8a-84f5b451ad7f],120CM,15725470,732,15724128BRSA001785,20/05/2026,29/06/2026,18,Ativo,,,900913,5717b224-c1a3-42d4-bd8a-84f5b451ad7f,FILA,133530,,,
DASS SANTO ANTONIO152613875394787100CM1572675015724121BRSA00177920260521-1,OK,DASS SANTO ANTONIO,138753,1403291,94787,ATAC. M13725 6MM POLIESTER COR 6008 [6292e22a-94a3-4e2b-a067-a9dc3244c9ef],100CM,15726750,180,15724121BRSA001779,21/05/2026,29/06/2026,18,Ativo,,,900914,6292e22a-94a3-4e2b-a067-a9dc3244c9ef,FILA,133564,,,
DASS SANTO ANTONIO152613875394787110CM1572675015724121BRSA00177920260521-1,OK,DASS SANTO ANTONIO,138753,1403291,94787,ATAC. M13725 6MM POLIESTER COR 6008 [6427b424-5c94-4859-96fb-0c2ce835537e],110CM,15726750,228,15724121BRSA001779,21/05/2026,29/06/2026,18,Ativo,,,900915,6427b424-5c94-4859-96fb-0c2ce835537e,FILA,133564,,,
DASS SANTO ANTONIO15261387549328612MM1572678120260521-1,OK,DASS SANTO ANTONIO,138754,1385046,93286,FITA MFGP C/ GOMA POLIESTER COR 6038 [1b2a4c50-569c-4ddf-9e05-e6f6cf87fd4c],12MM,15726781,100,0,21/05/2026,29/06/2026,18,Ativo,,,900916,1b2a4c50-569c-4ddf-9e05-e6f6cf87fd4c,FILA,133565,,,
DASS SANTO ANTONIO15261390787691015MM1575914920260528-1,OK,DASS SANTO ANTONIO,139078,975119,76910,FITA MFGP C/ GOMA POLIESTER COR 263 [6c53f428-c2a1-44cf-b4f0-9f532d21c01d],15MM,15759149,140,0,28/05/2026,29/06/2026,18,Ativo,,,900917,6c53f428-c2a1-44cf-b4f0-9f532d21c01d,FILA,133789,,,
DASS SANTO ANTONIO15261390788619115MM1575914920260528-1,OK,DASS SANTO ANTONIO,139078,1354721,86191,FITA MFGP C/ GOMA POLIESTER COR 5535 [fdac6fd9-acf7-40f5-8509-2c2d53d7fbc7],15MM,15759149,400,0,28/05/2026,29/06/2026,18,Ativo,,,900918,fdac6fd9-acf7-40f5-8509-2c2d53d7fbc7,FILA,133789,,,
DASS SANTO ANTONIO15261390789372015MM1575914920260528-1,OK,DASS SANTO ANTONIO,139078,1418464,93720,FITA MFGP C/ GOMA POLIESTER COR 5998 [56641603-817d-4da6-92f7-8a37bfba779e],15MM,15759149,125,0,28/05/2026,29/06/2026,18,Ativo,,,900919,56641603-817d-4da6-92f7-8a37bfba779e,FILA,133789,,,
DASS SANTO ANTONIO152613907987843105CM1575934515746104BRSA00179420260528-1,OK,DASS SANTO ANTONIO,139079,1294817,87843,ATAC. M10110 5MM POLIESTER COR 599 / COR 114 [b94dc4c2-50a4-4b23-9f3d-ebe8471f9aaf],105CM,15759345,312,15746104BRSA001794,28/05/2026,29/06/2026,18,Ativo,,,900920,b94dc4c2-50a4-4b23-9f3d-ebe8471f9aaf,FILA,133790,,,
DASS SANTO ANTONIO152613907987843105CM1575934515746105BRSA00179420260528-1,OK,DASS SANTO ANTONIO,139079,1294817,87843,ATAC. M10110 5MM POLIESTER COR 599 / COR 114 [9d1a56a2-7dbd-4851-9e14-e8c0efa641e8],105CM,15759345,312,15746105BRSA001794,28/05/2026,29/06/2026,18,Ativo,,,900921,9d1a56a2-7dbd-4851-9e14-e8c0efa641e8,FILA,133790,,,
DASS SANTO ANTONIO152613907987843115CM1575934515746104BRSA00179420260528-1,OK,DASS SANTO ANTONIO,139079,1294817,87843,ATAC. M10110 5MM POLIESTER COR 599 / COR 114 [28f340fd-cf90-458c-83d3-6045b0e42928],115CM,15759345,468,15746104BRSA001794,28/05/2026,29/06/2026,18,Ativo,,,900922,28f340fd-cf90-458c-83d3-6045b0e42928,FILA,133790,,,
DASS SANTO ANTONIO152613907987843115CM1575934515746105BRSA00179420260528-1,OK,DASS SANTO ANTONIO,139079,1294817,87843,ATAC. M10110 5MM POLIESTER COR 599 / COR 114 [d336acb5-b354-4117-99d8-ab2e29198393],115CM,15759345,468,15746105BRSA001794,28/05/2026,29/06/2026,18,Ativo,,,900923,d336acb5-b354-4117-99d8-ab2e29198393,FILA,133790,,,
DASS SANTO ANTONIO152613907995039105CM1575934515746106BRSA00179520260528-1,OK,DASS SANTO ANTONIO,139079,1404591,95039,ATAC. M10110 5MM POLIESTER COR 102 / COR 6038 [c7579930-4d9c-41c7-bb19-068dbbe36014],105CM,15759345,468,15746106BRSA001795,28/05/2026,29/06/2026,18,Ativo,,,900924,c7579930-4d9c-41c7-bb19-068dbbe36014,FILA,133790,,,
DASS SANTO ANTONIO152613907995039115CM1575934515746106BRSA00179520260528-1,OK,DASS SANTO ANTONIO,139079,1404591,95039,ATAC. M10110 5MM POLIESTER COR 102 / COR 6038 [da4f40e8-95fe-4330-a767-c1cfe8dcfe83],115CM,15759345,588,15746106BRSA001795,28/05/2026,29/06/2026,18,Ativo,,,900925,da4f40e8-95fe-4330-a767-c1cfe8dcfe83,FILA,133790,,,
MARFIM PERDIGÃO225113444283038100CMI/202620260127-1,NÃO,MARFIM PERDIGÃO,134442,,83038,ATAC. 4000MG PARES POLIESTER COR 100 [3cb4995c-d202-48d8-a9da-f1d1cc666f48],100CM,I/2026,20000,,27/01/2026,29/06/2026,18,Ativo,,,900926,3cb4995c-d202-48d8-a9da-f1d1cc666f48,,129454,,,
MARFIM PERDIGÃO225113444283038140CMI/202620260127-1,NÃO,MARFIM PERDIGÃO,134442,,83038,ATAC. 4000MG PARES POLIESTER COR 100 [6a884076-d00f-4f40-b84c-fa59b8a2f37f],140CM,I/2026,15368,,27/01/2026,29/06/2026,18,Ativo,,,900927,6a884076-d00f-4f40-b84c-fa59b8a2f37f,,129454,,,
MARFIM PERDIGÃO225113444283047100CMI/202620260127-1,NÃO,MARFIM PERDIGÃO,134442,,83047,ATAC. 4000MG PARES POLIESTER COR 101 [792e3f48-00a3-49af-bcce-8bdc61edcc35],100CM,I/2026,15000,,27/01/2026,29/06/2026,18,Ativo,,,900928,792e3f48-00a3-49af-bcce-8bdc61edcc35,,129454,,,
MARFIM PERDIGÃO225113444283047130CMI/202620260127-1,NÃO,MARFIM PERDIGÃO,134442,,83047,ATAC. 4000MG PARES POLIESTER COR 101 [69de72c6-372b-4409-8e07-930788f781a6],130CM,I/2026,1524,,27/01/2026,29/06/2026,18,Ativo,,,900929,69de72c6-372b-4409-8e07-930788f781a6,,129454,,,
MARFIM PERDIGÃO225113444283047140CMI/202620260127-1,NÃO,MARFIM PERDIGÃO,134442,,83047,ATAC. 4000MG PARES POLIESTER COR 101 [a3241ab3-acd7-45b9-8e57-52e365f198b0],140CM,I/2026,6132,,27/01/2026,29/06/2026,18,Ativo,,,900930,a3241ab3-acd7-45b9-8e57-52e365f198b0,,129454,,,
MARFIM PERDIGÃO225113528383038120CMIV/202620260218-1,NÃO,MARFIM PERDIGÃO,135283,,83038,ATAC. 4000MG PARES POLIESTER COR 100 [3e39151a-8f66-4a44-afff-d2f306de682f],120CM,IV/2026,120114,,18/02/2026,29/06/2026,18,Ativo,,,900931,3e39151a-8f66-4a44-afff-d2f306de682f,,130239,,,
MARFIM PERDIGÃO225113528383047120CMIV/202620260218-1,NÃO,MARFIM PERDIGÃO,135283,,83047,ATAC. 4000MG PARES POLIESTER COR 101 [25d21d93-deb1-4ecb-b2c1-5c7fd3a29b6f],120CM,IV/2026,108000,,18/02/2026,29/06/2026,18,Ativo,,,900932,25d21d93-deb1-4ecb-b2c1-5c7fd3a29b6f,,130239,,,
DASS ITABERABA701387257401415MM1572533120260520-1,OK,DASS ITABERABA,138725,1425019,74014,FITA MFGP C/ GOMA POLIESTER COR 4085 [4ff10b2c-da9c-474e-922e-c4f5e60d46ec],15MM,15725331,390,0,20/05/2026,01/07/2026,20,Ativo,,,900933,4ff10b2c-da9c-474e-922e-c4f5e60d46ec,ASICS,133531,,,
DASS ITABERABA701387259400015MM1572533120260520-1,OK,DASS ITABERABA,138725,1425014,94000,FITA MFGP C/ GOMA POLIESTER COR 5598 [7422f06e-d140-4436-bc1d-d2614acb3e60],15MM,15725331,240,0,20/05/2026,01/07/2026,20,Ativo,,,900934,7422f06e-d140-4436-bc1d-d2614acb3e60,ASICS,133531,,,
DASS ITABERABA7013872684194120CM1572533715719360ASB005268220260520-1,OK,DASS ITABERABA,138726,1229356,84194,ATAC. M13741 6MM POLIESTER BRILHANTE COR 4085/BT [e2dbccf7-e23f-493c-a24f-776f8a38845a],120CM,15725337,407,15719360ASB0052682,20/05/2026,01/07/2026,20,Ativo,,,900935,e2dbccf7-e23f-493c-a24f-776f8a38845a,ASICS,133532,,,
DASS ITABERABA7013872684194130CM1572533715719360ASB005268220260520-1,OK,DASS ITABERABA,138726,1229356,84194,ATAC. M13741 6MM POLIESTER BRILHANTE COR 4085/BT [9fbbc5ae-e96b-4abe-b3e1-82e0e5dbec81],130CM,15725337,162,15719360ASB0052682,20/05/2026,01/07/2026,20,Ativo,,,900936,9fbbc5ae-e96b-4abe-b3e1-82e0e5dbec81,ASICS,133532,,,
DASS ITABERABA7013872684194130CM1572533715719313ASB005269020260520-1,OK,DASS ITABERABA,138726,1229356,84194,ATAC. M13741 6MM POLIESTER BRILHANTE COR 4085/BT [c41228ed-77b3-4ff6-a987-397ce44c3209],130CM,15725337,155,15719313ASB0052690,20/05/2026,01/07/2026,20,Ativo,,,900937,c41228ed-77b3-4ff6-a987-397ce44c3209,ASICS,133532,,,
DASS ITABERABA7013872684194140CM1572533715719313ASB005269020260520-1,OK,DASS ITABERABA,138726,1229356,84194,ATAC. M13741 6MM POLIESTER BRILHANTE COR 4085/BT [986f9656-ed86-411e-b7c8-ed9c4acec284],140CM,15725337,154,15719313ASB0052690,20/05/2026,01/07/2026,20,Ativo,,,900938,986f9656-ed86-411e-b7c8-ed9c4acec284,ASICS,133532,,,
DASS ITABERABA7013872684201130CM1572533715719359ASB005269520260520-1,OK,DASS ITABERABA,138726,1264366,84201,ATAC. M13741 6MM POLIESTER COR 4075/BT [bed2726f-8457-4096-be7d-d1d0303a289d],130CM,15725337,155,15719359ASB0052695,20/05/2026,01/07/2026,20,Ativo,,,900939,bed2726f-8457-4096-be7d-d1d0303a289d,ASICS,133532,,,
DASS ITABERABA7013872684201140CM1572533715719359ASB005269520260520-1,OK,DASS ITABERABA,138726,1264366,84201,ATAC. M13741 6MM POLIESTER COR 4075/BT [2277a8a0-6685-4fa0-9723-9ec2a4000617],140CM,15725337,154,15719359ASB0052695,20/05/2026,01/07/2026,20,Ativo,,,900940,2277a8a0-6685-4fa0-9723-9ec2a4000617,ASICS,133532,,,
DASS ITABERABA7013872684785130CM1572533715719358ASB005268120260520-1,OK,DASS ITABERABA,138726,1259764,84785,ATAC. M13741 6MM POLIESTER COR 5461/BT [2b1f2e4c-dda0-4a69-9c80-ae1f42949c85],130CM,15725337,298,15719358ASB0052681,20/05/2026,01/07/2026,20,Ativo,,,900941,2b1f2e4c-dda0-4a69-9c80-ae1f42949c85,ASICS,133532,,,
DASS ITABERABA7013872684785140CM1572533715719358ASB005268120260520-1,OK,DASS ITABERABA,138726,1259764,84785,ATAC. M13741 6MM POLIESTER COR 5461/BT [864f16d5-8aff-4b12-96a2-33f2fd607e77],140CM,15725337,99,15719358ASB0052681,20/05/2026,01/07/2026,20,Ativo,,,900942,864f16d5-8aff-4b12-96a2-33f2fd607e77,ASICS,133532,,,
DASS ITABERABA7013872689514130CM1572533715719357ASB005268020260520-1,OK,DASS ITABERABA,138726,1313135,89514,ATAC. M13741 6MM POLIESTER COR 5730/BT [c180b108-c152-4745-b2db-84da1b8d52db],130CM,15725337,252,15719357ASB0052680,20/05/2026,01/07/2026,20,Ativo,,,900943,c180b108-c152-4745-b2db-84da1b8d52db,ASICS,133532,,,
DASS ITABERABA7013872689514140CM1572533715719357ASB005268020260520-1,OK,DASS ITABERABA,138726,1313135,89514,ATAC. M13741 6MM POLIESTER COR 5730/BT [b6b68445-b374-488b-81fb-01076fdbe92a],140CM,15725337,121,15719357ASB0052680,20/05/2026,01/07/2026,20,Ativo,,,900944,b6b68445-b374-488b-81fb-01076fdbe92a,ASICS,133532,,,
DASS ITABERABA7013872694362120CM1572533715719361ASB005273020260520-1,OK,DASS ITABERABA,138726,1390728,94362,ATAC. M13741 6MM POLIESTER COR 6108 [49a38330-885b-43f6-bac3-2be1b709e190],120CM,15725337,204,15719361ASB0052730,20/05/2026,01/07/2026,20,Ativo,,,900945,49a38330-885b-43f6-bac3-2be1b709e190,ASICS,133532,,,
DASS ITABERABA7013872694362130CM1572533715719361ASB005273020260520-1,OK,DASS ITABERABA,138726,1390728,94362,ATAC. M13741 6MM POLIESTER COR 6108 [6e157515-8aca-4c8e-8364-729d6b87bd2d],130CM,15725337,105,15719361ASB0052730,20/05/2026,01/07/2026,20,Ativo,,,900946,6e157515-8aca-4c8e-8364-729d6b87bd2d,ASICS,133532,,,
DASS ITABERABA7013872684206120CM1572533715719385ASB005271120260520-1,OK,DASS ITABERABA,138726,1229330,84206,ATAC. M18006 POLIESTER COR 4085 [3800ece2-9b5a-4418-857d-76fb1827ad84],120CM,15725337,403,15719385ASB0052711,20/05/2026,01/07/2026,20,Ativo,,,900947,3800ece2-9b5a-4418-857d-76fb1827ad84,ASICS,133532,,,
DASS ITABERABA7013872684206120CM1572533715719386ASB005271220260520-1,OK,DASS ITABERABA,138726,1229330,84206,ATAC. M18006 POLIESTER COR 4085 [7f1b800e-333e-48d7-923f-ee5962d50c6a],120CM,15725337,558,15719386ASB0052712,20/05/2026,01/07/2026,20,Ativo,,,900948,7f1b800e-333e-48d7-923f-ee5962d50c6a,ASICS,133532,,,
DASS ITABERABA7013872684206130CM1572533715719385ASB005271120260520-1,OK,DASS ITABERABA,138726,1229330,84206,ATAC. M18006 POLIESTER COR 4085 [21daf215-78d4-4348-8888-72f7c0be09ef],130CM,15725337,402,15719385ASB0052711,20/05/2026,01/07/2026,20,Ativo,,,900949,21daf215-78d4-4348-8888-72f7c0be09ef,ASICS,133532,,,
DASS ITABERABA7013872684206130CM1572533715719386ASB005271220260520-1,OK,DASS ITABERABA,138726,1229330,84206,ATAC. M18006 POLIESTER COR 4085 [9da2d193-bc43-4165-9529-f6a01987bfbd],130CM,15725337,421,15719386ASB0052712,20/05/2026,01/07/2026,20,Ativo,,,900950,9da2d193-bc43-4165-9529-f6a01987bfbd,ASICS,133532,,,
DASS ITABERABA7013872687888110CM1572533715719396ASB005274820260520-1,OK,DASS ITABERABA,138726,1310003,87888,ATAC. M18006 POLIESTER COR 5451 [59338661-77ad-449d-a100-c155f2d50010],110CM,15725337,904,15719396ASB0052748,20/05/2026,01/07/2026,20,Ativo,,,900951,59338661-77ad-449d-a100-c155f2d50010,ASICS,133532,,,
DASS ITABERABA7013872687888120CM1572533715719396ASB005274820260520-1,OK,DASS ITABERABA,138726,1310003,87888,ATAC. M18006 POLIESTER COR 5451 [c81495f9-4159-4bf5-a7a5-118c05d0b736],120CM,15725337,367,15719396ASB0052748,20/05/2026,01/07/2026,20,Ativo,,,900952,c81495f9-4159-4bf5-a7a5-118c05d0b736,ASICS,133532,,,
DASS ITABERABA7013872684199140CM1572533715719312ASB005275920260520-1,OK,DASS ITABERABA,138726,1248962,84199,ATAC. 6ALN POLIESTER COR 4085 [760061a2-5d12-4a18-86e8-c32c12b37884],140CM,15725337,361,15719312ASB0052759,20/05/2026,01/07/2026,20,Ativo,,,900953,760061a2-5d12-4a18-86e8-c32c12b37884,ASICS,133532,,,
DASS ITABERABA7013872687264140CM1572533715719333ASB005276120260520-1,OK,DASS ITABERABA,138726,1307388,87264,ATAC. 6ALN POLIESTER COR 5151 [8291a8ce-6992-4fa7-af2e-26e0c61622be],140CM,15725337,335,15719333ASB0052761,20/05/2026,01/07/2026,20,Ativo,,,900954,8291a8ce-6992-4fa7-af2e-26e0c61622be,ASICS,133532,,,
DASS ITABERABA7013872689369130CM1572533715719335ASB005276820260520-1,OK,DASS ITABERABA,138726,1341986,89369,ATAC. 6ALN POLIESTER COR 5711 [142071c0-1074-4a01-813f-80e933aeba23],130CM,15725337,308,15719335ASB0052768,20/05/2026,01/07/2026,20,Ativo,,,900955,142071c0-1074-4a01-813f-80e933aeba23,ASICS,133532,,,
DASS ITABERABA7013872692608130CM1572533715719336ASB005277020260520-1,OK,DASS ITABERABA,138726,1392404,92608,ATAC. 6ALN POLIESTER COR 4588 [2d7ba1db-c7d3-4ab9-8330-5c63d1745379],130CM,15725337,371,15719336ASB0052770,20/05/2026,01/07/2026,20,Ativo,,,900956,2d7ba1db-c7d3-4ab9-8330-5c63d1745379,ASICS,133532,,,
DASS ITABERABA7013872691133130CM1572533715719323ASB005278620260520-1,OK,DASS ITABERABA,138726,1365482,91133,ATAC. M22037 6MM REFLEX COR 5711 [777094c5-9080-4ca4-977c-6929f710c868],130CM,15725337,785,15719323ASB0052786,20/05/2026,01/07/2026,20,Ativo,,,900957,777094c5-9080-4ca4-977c-6929f710c868,ASICS,133532,,,
DASS ITABERABA7013872691133130CM1572533715719324ASB005278620260520-1,OK,DASS ITABERABA,138726,1365482,91133,ATAC. M22037 6MM REFLEX COR 5711 [ecf7124f-4f82-4834-b5b5-2170316b9663],130CM,15725337,837,15719324ASB0052786,20/05/2026,01/07/2026,20,Ativo,,,900958,ecf7124f-4f82-4834-b5b5-2170316b9663,ASICS,133532,,,
DASS ITABERABA7013872691133130CM1572533715719325ASB005278720260520-1,OK,DASS ITABERABA,138726,1365482,91133,ATAC. M22037 6MM REFLEX COR 5711 [52eb360f-0f08-45dd-8cad-939b9e8ad3c7],130CM,15725337,57,15719325ASB0052787,20/05/2026,01/07/2026,20,Ativo,,,900959,52eb360f-0f08-45dd-8cad-939b9e8ad3c7,ASICS,133532,,,
DASS ITABERABA7013872691133140CM1572533715719323ASB005278620260520-1,OK,DASS ITABERABA,138726,1365482,91133,ATAC. M22037 6MM REFLEX COR 5711 [70f768c2-221b-44f4-8ffb-e7263f8c6d78],140CM,15725337,324,15719323ASB0052786,20/05/2026,01/07/2026,20,Ativo,,,900960,70f768c2-221b-44f4-8ffb-e7263f8c6d78,ASICS,133532,,,
DASS ITABERABA7013872691133140CM1572533715719324ASB005278620260520-1,OK,DASS ITABERABA,138726,1365482,91133,ATAC. M22037 6MM REFLEX COR 5711 [1998d7aa-add7-4de2-a669-26fd8317476c],140CM,15725337,331,15719324ASB0052786,20/05/2026,01/07/2026,20,Ativo,,,900961,1998d7aa-add7-4de2-a669-26fd8317476c,ASICS,133532,,,
DASS ITABERABA7013872691133140CM1572533715719325ASB005278720260520-1,OK,DASS ITABERABA,138726,1365482,91133,ATAC. M22037 6MM REFLEX COR 5711 [171d9f68-2747-4551-96f6-5226054bffcd],140CM,15725337,56,15719325ASB0052787,20/05/2026,01/07/2026,20,Ativo,,,900962,171d9f68-2747-4551-96f6-5226054bffcd,ASICS,133532,,,
DASS ITABERABA7013872676319130CM1572533715719380ASB005279620260520-1,OK,DASS ITABERABA,138726,1245215,76319,ATAC. 6AL 6MM POLIESTER COR 4085 [4a77f6bb-d3a2-4979-b9ce-fd0332f34f1b],130CM,15725337,331,15719380ASB0052796,20/05/2026,01/07/2026,20,Ativo,,,900963,4a77f6bb-d3a2-4979-b9ce-fd0332f34f1b,ASICS,133532,,,
DASS ITABERABA7013872676319140CM1572533715719380ASB005279620260520-1,OK,DASS ITABERABA,138726,1245215,76319,ATAC. 6AL 6MM POLIESTER COR 4085 [b0e228d0-0c7f-4aa1-8daa-3c212922f1d6],140CM,15725337,250,15719380ASB0052796,20/05/2026,01/07/2026,20,Ativo,,,900964,b0e228d0-0c7f-4aa1-8daa-3c212922f1d6,ASICS,133532,,,
DASS ITABERABA7013872685474130CM1572533715719382ASB005280120260520-1,OK,DASS ITABERABA,138726,1245217,85474,ATAC. 6AL 6MM POLIESTER COR 5151 [56a878f0-a49c-4762-a29f-47f7baed603c],130CM,15725337,269,15719382ASB0052801,20/05/2026,01/07/2026,20,Ativo,,,900965,56a878f0-a49c-4762-a29f-47f7baed603c,ASICS,133532,,,
DASS ITABERABA7013872685474140CM1572533715719382ASB005280120260520-1,OK,DASS ITABERABA,138726,1245217,85474,ATAC. 6AL 6MM POLIESTER COR 5151 [a0c82e89-7910-4041-9007-61da8869aa27],140CM,15725337,66,15719382ASB0052801,20/05/2026,01/07/2026,20,Ativo,,,900966,a0c82e89-7910-4041-9007-61da8869aa27,ASICS,133532,,,
DASS ITABERABA7013872687706120CM1572533715719384ASB005282720260520-1,OK,DASS ITABERABA,138726,1313035,87706,ATAC. 6AL 6MM POLIESTER COR 987 [91d3decd-9b86-49ee-83cf-6ff8cbec8282],120CM,15725337,183,15719384ASB0052827,20/05/2026,01/07/2026,20,Ativo,,,900967,91d3decd-9b86-49ee-83cf-6ff8cbec8282,ASICS,133532,,,
DASS ITABERABA7013872687706130CM1572533715719381ASB005279820260520-1,OK,DASS ITABERABA,138726,1313035,87706,ATAC. 6AL 6MM POLIESTER COR 987 [7be89fa4-342d-4517-b6ff-0b341614cdf1],130CM,15725337,252,15719381ASB0052798,20/05/2026,01/07/2026,20,Ativo,,,900968,7be89fa4-342d-4517-b6ff-0b341614cdf1,ASICS,133532,,,
DASS ITABERABA7013872687706130CM1572533715719384ASB005282720260520-1,OK,DASS ITABERABA,138726,1313035,87706,ATAC. 6AL 6MM POLIESTER COR 987 [5f9f324c-6a50-42e4-97e4-fac49a8ded4e],130CM,15725337,126,15719384ASB0052827,20/05/2026,01/07/2026,20,Ativo,,,900969,5f9f324c-6a50-42e4-97e4-fac49a8ded4e,ASICS,133532,,,
DASS ITABERABA7013872687706140CM1572533715719381ASB005279820260520-1,OK,DASS ITABERABA,138726,1313035,87706,ATAC. 6AL 6MM POLIESTER COR 987 [06649c90-619f-48d3-a22d-f06c6d6aa4ae],140CM,15725337,109,15719381ASB0052798,20/05/2026,01/07/2026,20,Ativo,,,900970,06649c90-619f-48d3-a22d-f06c6d6aa4ae,ASICS,133532,,,
DASS ITABERABA7013872694163120CM1572533715719383ASB005282520260520-1,OK,DASS ITABERABA,138726,1393629,94163,ATAC. 6AL 6MM POLIESTER COR 4694 [f345ecea-f85e-46bf-bcc0-2a2becadd2a9],120CM,15725337,218,15719383ASB0052825,20/05/2026,01/07/2026,20,Ativo,,,900971,f345ecea-f85e-46bf-bcc0-2a2becadd2a9,ASICS,133532,,,
DASS ITABERABA7013872694163130CM1572533715719383ASB005282520260520-1,OK,DASS ITABERABA,138726,1393629,94163,ATAC. 6AL 6MM POLIESTER COR 4694 [c5d43a1b-7089-4d88-815c-e1b3e705555b],130CM,15725337,155,15719383ASB0052825,20/05/2026,01/07/2026,20,Ativo,,,900972,c5d43a1b-7089-4d88-815c-e1b3e705555b,ASICS,133532,,,
DASS ITABERABA7013872684269120CM1572533715719355ASB005280520260520-1,OK,DASS ITABERABA,138726,980687,84269,ATAC. M12109 8MM POLIESTER COR 987 [16307443-526d-4b9a-98b8-1246ea37f6b2],120CM,15725337,397,15719355ASB0052805,20/05/2026,01/07/2026,20,Ativo,,,900973,16307443-526d-4b9a-98b8-1246ea37f6b2,ASICS,133532,,,
DASS ITABERABA7013872684269130CM1572533715719353ASB005278020260520-1,OK,DASS ITABERABA,138726,980687,84269,ATAC. M12109 8MM POLIESTER COR 987 [d594679d-585f-4ee2-9400-3871b4905c2a],130CM,15725337,373,15719353ASB0052780,20/05/2026,01/07/2026,20,Ativo,,,900974,d594679d-585f-4ee2-9400-3871b4905c2a,ASICS,133532,,,
DASS ITABERABA7013872690989120CM1572533715719354ASB005280320260520-1,OK,DASS ITABERABA,138726,1365268,90989,ATAC. M12109 8MM POLIESTER COR 4085 [d28ca1bc-07ca-445f-8d70-97b84ff73f38],120CM,15725337,198,15719354ASB0052803,20/05/2026,01/07/2026,20,Ativo,,,900975,d28ca1bc-07ca-445f-8d70-97b84ff73f38,ASICS,133532,,,
DASS ITABERABA7013872690989130CM1572533715719349ASB005277320260520-1,OK,DASS ITABERABA,138726,1365268,90989,ATAC. M12109 8MM POLIESTER COR 4085 [fd7f85c0-9e75-48b1-81d8-352666a01409],130CM,15725337,309,15719349ASB0052773,20/05/2026,01/07/2026,20,Ativo,,,900976,fd7f85c0-9e75-48b1-81d8-352666a01409,ASICS,133532,,,
DASS ITABERABA7013872690989130CM1572533715719352ASB005277820260520-1,OK,DASS ITABERABA,138726,1365268,90989,ATAC. M12109 8MM POLIESTER COR 4085 [5df6f9fe-719b-4638-944e-456887e547d2],130CM,15725337,321,15719352ASB0052778,20/05/2026,01/07/2026,20,Ativo,,,900977,5df6f9fe-719b-4638-944e-456887e547d2,ASICS,133532,,,
DASS ITABERABA7013872690989130CM1572533715719354ASB005280320260520-1,OK,DASS ITABERABA,138726,1365268,90989,ATAC. M12109 8MM POLIESTER COR 4085 [8158ec95-a0fc-455e-bbdc-314185eab2ff],130CM,15725337,111,15719354ASB0052803,20/05/2026,01/07/2026,20,Ativo,,,900978,8158ec95-a0fc-455e-bbdc-314185eab2ff,ASICS,133532,,,
DASS ITABERABA7013872692802130CM1572533715719351ASB005277520260520-1,OK,DASS ITABERABA,138726,1394042,92802,ATAC. M12109 8MM POLIESTER COR 905 [e25ffdc7-5a15-48f5-a645-9671cf8d3a9f],130CM,15725337,349,15719351ASB0052775,20/05/2026,01/07/2026,20,Ativo,,,900979,e25ffdc7-5a15-48f5-a645-9671cf8d3a9f,ASICS,133532,,,
DASS ITABERABA70138727930221.8MM1572534020260520-1,OK,DASS ITABERABA,138727,1400176,93022,CORDAO M9099 POLIESTER COR 4085 [3dfc68fb-19ff-493f-af9c-61119eee25df],1.8MM,15725340,890,0,20/05/2026,01/07/2026,20,Ativo,,,900980,3dfc68fb-19ff-493f-af9c-61119eee25df,ASICS,133533,,,
DASS ITABERABA70138727936981.8MM1572534020260520-1,OK,DASS ITABERABA,138727,1400178,93698,CORDAO M9099 POLIESTER COR 5451 [73e4dd9e-4821-486e-b9ff-5ddf29ca6f5d],1.8MM,15725340,560,0,20/05/2026,01/07/2026,20,Ativo,,,900981,73e4dd9e-4821-486e-b9ff-5ddf29ca6f5d,ASICS,133533,,,
DASS VITORIA39113895610536MM1575305420260526-1,OK,DASS VITORIA,138956,738316,1053,ELAST. MTM POLIESTER COR 100 [f53060c0-e0de-4536-8622-51904d496ea7],6MM,15753054,480,0,26/05/2026,01/07/2026,20,Ativo,,,900982,f53060c0-e0de-4536-8622-51904d496ea7,UMBRO,133693,,,
DASS SEST71372727400710MM1554344520260410-1,OK,DASS SEST,137272,1200469,74007,FITA M32164 C/ GOMA POLIESTER COR 4085 [ca5587d0-e27d-487a-96c7-8547646b370b],10MM,15543445,200,0,10/04/2026,06/07/2026,25,Ativo,,,900983,ca5587d0-e27d-487a-96c7-8547646b370b,NIKE,132082,,,
DASS SEST71372728848910MM1554344520260410-1,OK,DASS SEST,137272,1323871,88489,FITA M32164 C/ GOMA POLIESTER COR 5641 [70eb2ebd-9f4e-4b75-992e-cdfb9a70633a],10MM,15543445,200,0,10/04/2026,06/07/2026,25,Ativo,,,900984,70eb2ebd-9f4e-4b75-992e-cdfb9a70633a,NIKE,132082,,,
DASS SEST713728688668110CM1554197215536912NBR328274820260410-1,OK,DASS SEST,137286,1304277,88668,ATAC. MR110022 7MM RECICLADO COR 4085/PET / COR 496/PET [5cac3d38-7784-4910-98cc-055691af400b],110CM,15541972,192,15536912NBR3282748,10/04/2026,06/07/2026,25,Ativo,,,900985,5cac3d38-7784-4910-98cc-055691af400b,NIKE,132092,,,
DASS SEST713728688668110CM1554197215536913NBR328274820260410-1,OK,DASS SEST,137286,1304277,88668,ATAC. MR110022 7MM RECICLADO COR 4085/PET / COR 496/PET [7bb627b2-6e60-4a0a-b152-50a447152b10],110CM,15541972,186,15536913NBR3282748,10/04/2026,06/07/2026,25,Ativo,,,900986,7bb627b2-6e60-4a0a-b152-50a447152b10,NIKE,132092,,,
DASS SEST713728688668110CM1554197215536914NBR328274820260410-1,OK,DASS SEST,137286,1304277,88668,ATAC. MR110022 7MM RECICLADO COR 4085/PET / COR 496/PET [1948575d-e68e-4714-8abf-80a8ab8336af],110CM,15541972,186,15536914NBR3282748,10/04/2026,06/07/2026,25,Ativo,,,900987,1948575d-e68e-4714-8abf-80a8ab8336af,NIKE,132092,,,
DASS SEST713728688668115CM1554197215536912NBR328274820260410-1,OK,DASS SEST,137286,1304277,88668,ATAC. MR110022 7MM RECICLADO COR 4085/PET / COR 496/PET [34e0f6a4-49b3-4548-98ef-b8861b747a6b],115CM,15541972,681,15536912NBR3282748,10/04/2026,06/07/2026,25,Ativo,,,900988,34e0f6a4-49b3-4548-98ef-b8861b747a6b,NIKE,132092,,,
DASS SEST713728688668115CM1554197215536913NBR328274820260410-1,OK,DASS SEST,137286,1304277,88668,ATAC. MR110022 7MM RECICLADO COR 4085/PET / COR 496/PET [6e602cd9-cacd-4759-b010-7851bf52f79e],115CM,15541972,528,15536913NBR3282748,10/04/2026,06/07/2026,25,Ativo,,,900989,6e602cd9-cacd-4759-b010-7851bf52f79e,NIKE,132092,,,
DASS SEST713728688668115CM1554197215536914NBR328274820260410-1,OK,DASS SEST,137286,1304277,88668,ATAC. MR110022 7MM RECICLADO COR 4085/PET / COR 496/PET [6e263426-3624-4ae6-8bd2-0d821644d7f4],115CM,15541972,390,15536914NBR3282748,10/04/2026,06/07/2026,25,Ativo,,,900990,6e263426-3624-4ae6-8bd2-0d821644d7f4,NIKE,132092,,,
DASS SEST713728688668120CM1554197215536912NBR328274820260410-1,OK,DASS SEST,137286,1304277,88668,ATAC. MR110022 7MM RECICLADO COR 4085/PET / COR 496/PET [37c51e8c-51b9-4420-91c4-5145a63b4ebf],120CM,15541972,108,15536912NBR3282748,10/04/2026,06/07/2026,25,Ativo,,,900991,37c51e8c-51b9-4420-91c4-5145a63b4ebf,NIKE,132092,,,
DASS SEST713728688668120CM1554197215536913NBR328274820260410-1,OK,DASS SEST,137286,1304277,88668,ATAC. MR110022 7MM RECICLADO COR 4085/PET / COR 496/PET [f60e29de-d0cd-4a48-808c-60d6d0902772],120CM,15541972,108,15536913NBR3282748,10/04/2026,06/07/2026,25,Ativo,,,900992,f60e29de-d0cd-4a48-808c-60d6d0902772,NIKE,132092,,,
DASS SEST713728688668120CM1554197215536914NBR328274820260410-1,OK,DASS SEST,137286,1304277,88668,ATAC. MR110022 7MM RECICLADO COR 4085/PET / COR 496/PET [bda1998c-54ee-4b01-8277-5291f1944a1f],120CM,15541972,114,15536914NBR3282748,10/04/2026,06/07/2026,25,Ativo,,,900993,bda1998c-54ee-4b01-8277-5291f1944a1f,NIKE,132092,,,
DASS SEST713728692431110CM1554197215536939NBR328271920260410-1,OK,DASS SEST,137286,1362000,92431,ATAC. MR110022 7MM RECICLADO COR 4662/PET / COR 4758/PET [661ef58c-a5f2-4d21-917a-47ec89997077],110CM,15541972,950,15536939NBR3282719,10/04/2026,06/07/2026,25,Ativo,,,900994,661ef58c-a5f2-4d21-917a-47ec89997077,NIKE,132092,,,
DASS SEST713728692431110CM1554197215536941NBR328274620260410-1,OK,DASS SEST,137286,1362000,92431,ATAC. MR110022 7MM RECICLADO COR 4662/PET / COR 4758/PET [41f68588-6d76-46e1-8632-09f3c040e6fd],110CM,15541972,963,15536941NBR3282746,10/04/2026,06/07/2026,25,Ativo,,,900995,41f68588-6d76-46e1-8632-09f3c040e6fd,NIKE,132092,,,
DASS SEST713728692431110CM1554197215536942NBR328274620260410-1,OK,DASS SEST,137286,1362000,92431,ATAC. MR110022 7MM RECICLADO COR 4662/PET / COR 4758/PET [48fb4e20-83ef-4be2-9ad7-2b3024fa296f],110CM,15541972,924,15536942NBR3282746,10/04/2026,06/07/2026,25,Ativo,,,900996,48fb4e20-83ef-4be2-9ad7-2b3024fa296f,NIKE,132092,,,
DASS SEST713728692431110CM1554197215536943NBR328274620260410-1,OK,DASS SEST,137286,1362000,92431,ATAC. MR110022 7MM RECICLADO COR 4662/PET / COR 4758/PET [ef599bb3-2554-4b92-aa36-b061ab84ab83],110CM,15541972,978,15536943NBR3282746,10/04/2026,06/07/2026,25,Ativo,,,900997,ef599bb3-2554-4b92-aa36-b061ab84ab83,NIKE,132092,,,
DASS SEST713728692431115CM1554197215536939NBR328271920260410-1,OK,DASS SEST,137286,1362000,92431,ATAC. MR110022 7MM RECICLADO COR 4662/PET / COR 4758/PET [84b6162c-77a8-4bc6-806d-02c627adea14],115CM,15541972,72,15536939NBR3282719,10/04/2026,06/07/2026,25,Ativo,,,900998,84b6162c-77a8-4bc6-806d-02c627adea14,NIKE,132092,,,
DASS SEST713728692431115CM1554197215536941NBR328274620260410-1,OK,DASS SEST,137286,1362000,92431,ATAC. MR110022 7MM RECICLADO COR 4662/PET / COR 4758/PET [9213dd55-6861-49d8-be90-a4d8e82f1b1c],115CM,15541972,12,15536941NBR3282746,10/04/2026,06/07/2026,25,Ativo,,,900999,9213dd55-6861-49d8-be90-a4d8e82f1b1c,NIKE,132092,,,
DASS SEST713728692431115CM1554197215536942NBR328274620260410-1,OK,DASS SEST,137286,1362000,92431,ATAC. MR110022 7MM RECICLADO COR 4662/PET / COR 4758/PET [6b547a8f-0f94-4c13-a459-9d7b236725c9],115CM,15541972,12,15536942NBR3282746,10/04/2026,06/07/2026,25,Ativo,,,901000,6b547a8f-0f94-4c13-a459-9d7b236725c9,NIKE,132092,,,
DASS SEST713728692431115CM1554197215536943NBR328274620260410-1,OK,DASS SEST,137286,1362000,92431,ATAC. MR110022 7MM RECICLADO COR 4662/PET / COR 4758/PET [bc2340c9-7348-4321-8c7b-f63eafbef3a9],115CM,15541972,24,15536943NBR3282746,10/04/2026,06/07/2026,25,Ativo,,,901001,bc2340c9-7348-4321-8c7b-f63eafbef3a9,NIKE,132092,,,
DASS SEST713728694536110CM1554197215536931NBR328271820260410-1,OK,DASS SEST,137286,1408857,94536,ATAC. MR110022 7MM RECICLADO COR 4662/PET / COR 310/PET [3b6e9c22-c863-40f2-b03b-5785cd1ed2fe],110CM,15541972,962,15536931NBR3282718,10/04/2026,06/07/2026,25,Ativo,,,901002,3b6e9c22-c863-40f2-b03b-5785cd1ed2fe,NIKE,132092,,,
DASS SEST713728694536110CM1554197215536932NBR328271820260410-1,OK,DASS SEST,137286,1408857,94536,ATAC. MR110022 7MM RECICLADO COR 4662/PET / COR 310/PET [554b7300-93b7-4761-96fb-e9108079db26],110CM,15541972,966,15536932NBR3282718,10/04/2026,06/07/2026,25,Ativo,,,901003,554b7300-93b7-4761-96fb-e9108079db26,NIKE,132092,,,
DASS SEST713728694788110CM1554197215536956NBR328273020260410-1,OK,DASS SEST,137286,1413116,94788,ATAC. MR110022 7MM RECICLADO COR 6140/PET / COR 5687/PET [2279d476-9d2c-4d3b-9dc0-b1f32c578d0a],110CM,15541972,1119,15536956NBR3282730,10/04/2026,06/07/2026,25,Ativo,,,901004,2279d476-9d2c-4d3b-9dc0-b1f32c578d0a,NIKE,132092,,,
DASS SEST713728694788110CM1554197215536957NBR328273020260410-1,OK,DASS SEST,137286,1413116,94788,ATAC. MR110022 7MM RECICLADO COR 6140/PET / COR 5687/PET [e75b5168-43d8-4734-8e1f-f8e4fabb46e0],110CM,15541972,1188,15536957NBR3282730,10/04/2026,06/07/2026,25,Ativo,,,901005,e75b5168-43d8-4734-8e1f-f8e4fabb46e0,NIKE,132092,,,
DASS SEST713728694788115CM1554197215536956NBR328273020260410-1,OK,DASS SEST,137286,1413116,94788,ATAC. MR110022 7MM RECICLADO COR 6140/PET / COR 5687/PET [e6c8848e-5f6a-4425-beb6-770fbc114fa7],115CM,15541972,18,15536956NBR3282730,10/04/2026,06/07/2026,25,Ativo,,,901006,e6c8848e-5f6a-4425-beb6-770fbc114fa7,NIKE,132092,,,
DASS SEST713728694788115CM1554197215536957NBR328273020260410-1,OK,DASS SEST,137286,1413116,94788,ATAC. MR110022 7MM RECICLADO COR 6140/PET / COR 5687/PET [d9efb410-e659-4040-a7c8-191ea287b877],115CM,15541972,24,15536957NBR3282730,10/04/2026,06/07/2026,25,Ativo,,,901007,d9efb410-e659-4040-a7c8-191ea287b877,NIKE,132092,,,
DASS SEST713728695026110CM1554197215536947NBR328272020260410-1,OK,DASS SEST,137286,1413117,95026,ATAC. MR110022 7MM RECICLADO COR 6146/PET / COR 492/PET [e4424180-f36a-4d7a-9384-90ad59a459f6],110CM,15541972,120,15536947NBR3282720,10/04/2026,06/07/2026,25,Ativo,,,901008,e4424180-f36a-4d7a-9384-90ad59a459f6,NIKE,132092,,,
DASS SEST713728695026110CM1554197215536948NBR328272020260410-1,OK,DASS SEST,137286,1413117,95026,ATAC. MR110022 7MM RECICLADO COR 6146/PET / COR 492/PET [be89401a-d705-49f8-8407-fc79ef9cc524],110CM,15541972,102,15536948NBR3282720,10/04/2026,06/07/2026,25,Ativo,,,901009,be89401a-d705-49f8-8407-fc79ef9cc524,NIKE,132092,,,
DASS SEST713728695026110CM1554197215536949NBR328274720260410-1,OK,DASS SEST,137286,1413117,95026,ATAC. MR110022 7MM RECICLADO COR 6146/PET / COR 492/PET [d7bc2984-7841-46fb-95ff-972385382e82],110CM,15541972,120,15536949NBR3282747,10/04/2026,06/07/2026,25,Ativo,,,901010,d7bc2984-7841-46fb-95ff-972385382e82,NIKE,132092,,,
DASS SEST713728695026110CM1554197215536951NBR328274720260410-1,OK,DASS SEST,137286,1413117,95026,ATAC. MR110022 7MM RECICLADO COR 6146/PET / COR 492/PET [9900acad-fd96-4933-80df-b19388558dad],110CM,15541972,102,15536951NBR3282747,10/04/2026,06/07/2026,25,Ativo,,,901011,9900acad-fd96-4933-80df-b19388558dad,NIKE,132092,,,
DASS SEST713728695026115CM1554197215536947NBR328272020260410-1,OK,DASS SEST,137286,1413117,95026,ATAC. MR110022 7MM RECICLADO COR 6146/PET / COR 492/PET [f0eb3038-84a4-4bea-ad11-83c4d7c4d969],115CM,15541972,663,15536947NBR3282720,10/04/2026,06/07/2026,25,Ativo,,,901012,f0eb3038-84a4-4bea-ad11-83c4d7c4d969,NIKE,132092,,,
DASS SEST713728695026115CM1554197215536948NBR328272020260410-1,OK,DASS SEST,137286,1413117,95026,ATAC. MR110022 7MM RECICLADO COR 6146/PET / COR 492/PET [7831f5b3-fd6d-4ba2-97b2-ccf4308d7405],115CM,15541972,672,15536948NBR3282720,10/04/2026,06/07/2026,25,Ativo,,,901013,7831f5b3-fd6d-4ba2-97b2-ccf4308d7405,NIKE,132092,,,
DASS SEST713728695026115CM1554197215536949NBR328274720260410-1,OK,DASS SEST,137286,1413117,95026,ATAC. MR110022 7MM RECICLADO COR 6146/PET / COR 492/PET [087999fc-9fd4-4204-acd7-77a2c6d7e60a],115CM,15541972,663,15536949NBR3282747,10/04/2026,06/07/2026,25,Ativo,,,901014,087999fc-9fd4-4204-acd7-77a2c6d7e60a,NIKE,132092,,,
DASS SEST713728695026115CM1554197215536951NBR328274720260410-1,OK,DASS SEST,137286,1413117,95026,ATAC. MR110022 7MM RECICLADO COR 6146/PET / COR 492/PET [b558f6da-041e-40f4-9c51-b40fa2f67765],115CM,15541972,672,15536951NBR3282747,10/04/2026,06/07/2026,25,Ativo,,,901015,b558f6da-041e-40f4-9c51-b40fa2f67765,NIKE,132092,,,
DASS SEST713728695026120CM1554197215536947NBR328272020260410-1,OK,DASS SEST,137286,1413117,95026,ATAC. MR110022 7MM RECICLADO COR 6146/PET / COR 492/PET [2aae09da-b756-42cc-9597-57490815e7b2],120CM,15541972,228,15536947NBR3282720,10/04/2026,06/07/2026,25,Ativo,,,901016,2aae09da-b756-42cc-9597-57490815e7b2,NIKE,132092,,,
DASS SEST713728695026120CM1554197215536948NBR328272020260410-1,OK,DASS SEST,137286,1413117,95026,ATAC. MR110022 7MM RECICLADO COR 6146/PET / COR 492/PET [df068950-de73-4c4c-9080-7eb2308b728d],120CM,15541972,252,15536948NBR3282720,10/04/2026,06/07/2026,25,Ativo,,,901017,df068950-de73-4c4c-9080-7eb2308b728d,NIKE,132092,,,
DASS SEST713728695026120CM1554197215536949NBR328274720260410-1,OK,DASS SEST,137286,1413117,95026,ATAC. MR110022 7MM RECICLADO COR 6146/PET / COR 492/PET [c2bf59a9-fcd2-4707-9190-fb1f95290065],120CM,15541972,228,15536949NBR3282747,10/04/2026,06/07/2026,25,Ativo,,,901018,c2bf59a9-fcd2-4707-9190-fb1f95290065,NIKE,132092,,,
DASS SEST713728695026120CM1554197215536951NBR328274720260410-1,OK,DASS SEST,137286,1413117,95026,ATAC. MR110022 7MM RECICLADO COR 6146/PET / COR 492/PET [95a4f2e8-6ad7-42e9-ba88-19aefd9a6973],120CM,15541972,252,15536951NBR3282747,10/04/2026,06/07/2026,25,Ativo,,,901019,95a4f2e8-6ad7-42e9-ba88-19aefd9a6973,NIKE,132092,,,
DASS SEST71372868697895CM1554197215538721NBR328261720260410-1,OK,DASS SEST,137286,1299257,86978,ATAC. MR130027 6MM RECICLADO COR 4085/PET [0db591e6-cc6c-42a4-9997-094b71533a62],95CM,15541972,396,15538721NBR3282617,10/04/2026,06/07/2026,25,Ativo,,,901020,0db591e6-cc6c-42a4-9997-094b71533a62,NIKE,132092,,,
DASS SEST71372868697895CM1554197215538722NBR328261720260410-1,OK,DASS SEST,137286,1299257,86978,ATAC. MR130027 6MM RECICLADO COR 4085/PET [604a638a-fe3a-4e8a-a396-819e8152b17a],95CM,15541972,372,15538722NBR3282617,10/04/2026,06/07/2026,25,Ativo,,,901021,604a638a-fe3a-4e8a-a396-819e8152b17a,NIKE,132092,,,
DASS SEST71372868697895CM1554197215538723NBR328261720260410-1,OK,DASS SEST,137286,1299257,86978,ATAC. MR130027 6MM RECICLADO COR 4085/PET [81a44a76-e031-495d-926f-15f1e6596336],95CM,15541972,414,15538723NBR3282617,10/04/2026,06/07/2026,25,Ativo,,,901022,81a44a76-e031-495d-926f-15f1e6596336,NIKE,132092,,,
DASS SEST71372868697895CM1554197215538724NBR328261820260410-1,OK,DASS SEST,137286,1299257,86978,ATAC. MR130027 6MM RECICLADO COR 4085/PET [3531e375-7605-48e6-a2d2-6b0073abe711],95CM,15541972,372,15538724NBR3282618,10/04/2026,06/07/2026,25,Ativo,,,901023,3531e375-7605-48e6-a2d2-6b0073abe711,NIKE,132092,,,
DASS SEST71372868697895CM1554197215538726NBR328261820260410-1,OK,DASS SEST,137286,1299257,86978,ATAC. MR130027 6MM RECICLADO COR 4085/PET [db456274-04e3-4ecf-a0ff-79b00b06effe],95CM,15541972,414,15538726NBR3282618,10/04/2026,06/07/2026,25,Ativo,,,901024,db456274-04e3-4ecf-a0ff-79b00b06effe,NIKE,132092,,,
DASS SEST713728686978100CM1554197215538721NBR328261720260410-1,OK,DASS SEST,137286,1299257,86978,ATAC. MR130027 6MM RECICLADO COR 4085/PET [5b519593-b63f-4efb-93aa-ff9a411b78c0],100CM,15541972,495,15538721NBR3282617,10/04/2026,06/07/2026,25,Ativo,,,901025,5b519593-b63f-4efb-93aa-ff9a411b78c0,NIKE,132092,,,
DASS SEST713728686978100CM1554197215538722NBR328261720260410-1,OK,DASS SEST,137286,1299257,86978,ATAC. MR130027 6MM RECICLADO COR 4085/PET [5901a88f-3cb5-43d9-851f-f9d0fea919c5],100CM,15541972,480,15538722NBR3282617,10/04/2026,06/07/2026,25,Ativo,,,901026,5901a88f-3cb5-43d9-851f-f9d0fea919c5,NIKE,132092,,,
DASS SEST713728686978100CM1554197215538723NBR328261720260410-1,OK,DASS SEST,137286,1299257,86978,ATAC. MR130027 6MM RECICLADO COR 4085/PET [b3247ec7-48d8-4c2c-a1dc-b243d2c2128c],100CM,15541972,516,15538723NBR3282617,10/04/2026,06/07/2026,25,Ativo,,,901027,b3247ec7-48d8-4c2c-a1dc-b243d2c2128c,NIKE,132092,,,
DASS SEST713728686978100CM1554197215538724NBR328261820260410-1,OK,DASS SEST,137286,1299257,86978,ATAC. MR130027 6MM RECICLADO COR 4085/PET [d1814322-a5f0-4aff-9218-9e32b4795b4b],100CM,15541972,482,15538724NBR3282618,10/04/2026,06/07/2026,25,Ativo,,,901028,d1814322-a5f0-4aff-9218-9e32b4795b4b,NIKE,132092,,,
DASS SEST713728686978100CM1554197215538726NBR328261820260410-1,OK,DASS SEST,137286,1299257,86978,ATAC. MR130027 6MM RECICLADO COR 4085/PET [01d76fde-dc68-4d4d-a169-3900fff8fc46],100CM,15541972,516,15538726NBR3282618,10/04/2026,06/07/2026,25,Ativo,,,901029,01d76fde-dc68-4d4d-a169-3900fff8fc46,NIKE,132092,,,
DASS SEST713728686978105CM1554197215538721NBR328261720260410-1,OK,DASS SEST,137286,1299257,86978,ATAC. MR130027 6MM RECICLADO COR 4085/PET [e6aa7a3b-b221-4200-a951-365651fa6c65],105CM,15541972,60,15538721NBR3282617,10/04/2026,06/07/2026,25,Ativo,,,901030,e6aa7a3b-b221-4200-a951-365651fa6c65,NIKE,132092,,,
DASS SEST713728686978105CM1554197215538722NBR328261720260410-1,OK,DASS SEST,137286,1299257,86978,ATAC. MR130027 6MM RECICLADO COR 4085/PET [fe39176e-ea2d-40fb-8d94-8fa8a191d8ca],105CM,15541972,60,15538722NBR3282617,10/04/2026,06/07/2026,25,Ativo,,,901031,fe39176e-ea2d-40fb-8d94-8fa8a191d8ca,NIKE,132092,,,
DASS SEST713728686978105CM1554197215538723NBR328261720260410-1,OK,DASS SEST,137286,1299257,86978,ATAC. MR130027 6MM RECICLADO COR 4085/PET [2fea922f-11dc-47ec-b0ac-824ebdf263c9],105CM,15541972,60,15538723NBR3282617,10/04/2026,06/07/2026,25,Ativo,,,901032,2fea922f-11dc-47ec-b0ac-824ebdf263c9,NIKE,132092,,,
DASS SEST713728686978105CM1554197215538724NBR328261820260410-1,OK,DASS SEST,137286,1299257,86978,ATAC. MR130027 6MM RECICLADO COR 4085/PET [006543f1-bd21-4444-98cf-a05dcf251596],105CM,15541972,60,15538724NBR3282618,10/04/2026,06/07/2026,25,Ativo,,,901033,006543f1-bd21-4444-98cf-a05dcf251596,NIKE,132092,,,
DASS SEST713728686978105CM1554197215538726NBR328261820260410-1,OK,DASS SEST,137286,1299257,86978,ATAC. MR130027 6MM RECICLADO COR 4085/PET [c2338778-1d14-4f9f-be3c-03072d0265a9],105CM,15541972,60,15538726NBR3282618,10/04/2026,06/07/2026,25,Ativo,,,901034,c2338778-1d14-4f9f-be3c-03072d0265a9,NIKE,132092,,,
DASS SEST713728688671105CM1554197215537942NBR33296-A20260410-1,OK,DASS SEST,137286,1301801,88671,ATAC. MR130027 6MM RECICLADO COR 4588/PET [0448b8e6-52f6-4ab6-b12d-dac7d645a1a0],105CM,15541972,360,15537942NBR33296-A,10/04/2026,06/07/2026,25,Ativo,,,901035,0448b8e6-52f6-4ab6-b12d-dac7d645a1a0,NIKE,132092,,,
DASS SEST713728688671105CM1554197215537943NBR33296-B20260410-1,OK,DASS SEST,137286,1301801,88671,ATAC. MR130027 6MM RECICLADO COR 4588/PET [73dcca27-480e-42b2-b6bb-c6e7211ee812],105CM,15541972,390,15537943NBR33296-B,10/04/2026,06/07/2026,25,Ativo,,,901036,73dcca27-480e-42b2-b6bb-c6e7211ee812,NIKE,132092,,,
DASS SEST713728688671110CM1554197215537942NBR33296-A20260410-1,OK,DASS SEST,137286,1301801,88671,ATAC. MR130027 6MM RECICLADO COR 4588/PET [fb2e0e54-b377-406a-bbef-397612ca2b14],110CM,15541972,398,15537942NBR33296-A,10/04/2026,06/07/2026,25,Ativo,,,901037,fb2e0e54-b377-406a-bbef-397612ca2b14,NIKE,132092,,,
DASS SEST713728688671110CM1554197215537943NBR33296-B20260410-1,OK,DASS SEST,137286,1301801,88671,ATAC. MR130027 6MM RECICLADO COR 4588/PET [ed5c5d17-e9b0-4dff-8c3f-1d70d08c2944],110CM,15541972,420,15537943NBR33296-B,10/04/2026,06/07/2026,25,Ativo,,,901038,ed5c5d17-e9b0-4dff-8c3f-1d70d08c2944,NIKE,132092,,,
DASS SEST713728688671115CM1554197215537942NBR33296-A20260410-1,OK,DASS SEST,137286,1301801,88671,ATAC. MR130027 6MM RECICLADO COR 4588/PET [3dd964aa-598f-4683-a9a0-a9d1f98f2b8c],115CM,15541972,18,15537942NBR33296-A,10/04/2026,06/07/2026,25,Ativo,,,901039,3dd964aa-598f-4683-a9a0-a9d1f98f2b8c,NIKE,132092,,,
DASS SEST713728688671115CM1554197215537943NBR33296-B20260410-1,OK,DASS SEST,137286,1301801,88671,ATAC. MR130027 6MM RECICLADO COR 4588/PET [bf3c3ce3-6cb9-45bf-a231-9acf1aff6415],115CM,15541972,12,15537943NBR33296-B,10/04/2026,06/07/2026,25,Ativo,,,901040,bf3c3ce3-6cb9-45bf-a231-9acf1aff6415,NIKE,132092,,,
DASS SEST713728695029105CM1554197215537949NBR33299-A20260410-1,OK,DASS SEST,137286,1409832,95029,ATAC. MR130027 6MM RECICLADO COR 6070/PET [a9a8205d-8ad6-4480-8eeb-1ff6d5a4b460],105CM,15541972,324,15537949NBR33299-A,10/04/2026,06/07/2026,25,Ativo,,,901041,a9a8205d-8ad6-4480-8eeb-1ff6d5a4b460,NIKE,132092,,,
DASS SEST713728695029105CM1554197215537951NBR33299-B20260410-1,OK,DASS SEST,137286,1409832,95029,ATAC. MR130027 6MM RECICLADO COR 6070/PET [18c5876a-c881-4725-8d1a-8771996a0612],105CM,15541972,366,15537951NBR33299-B,10/04/2026,06/07/2026,25,Ativo,,,901042,18c5876a-c881-4725-8d1a-8771996a0612,NIKE,132092,,,
DASS SEST713728695029110CM1554197215537949NBR33299-A20260410-1,OK,DASS SEST,137286,1409832,95029,ATAC. MR130027 6MM RECICLADO COR 6070/PET [e6b27d66-d440-44c5-9cf8-d69b24463668],110CM,15541972,326,15537949NBR33299-A,10/04/2026,06/07/2026,25,Ativo,,,901043,e6b27d66-d440-44c5-9cf8-d69b24463668,NIKE,132092,,,
DASS SEST713728695029110CM1554197215537951NBR33299-B20260410-1,OK,DASS SEST,137286,1409832,95029,ATAC. MR130027 6MM RECICLADO COR 6070/PET [13ae49cc-43bc-4c7f-8bc1-133997625485],110CM,15541972,360,15537951NBR33299-B,10/04/2026,06/07/2026,25,Ativo,,,901044,13ae49cc-43bc-4c7f-8bc1-133997625485,NIKE,132092,,,
DASS SEST713728695029115CM1554197215537949NBR33299-A20260410-1,OK,DASS SEST,137286,1409832,95029,ATAC. MR130027 6MM RECICLADO COR 6070/PET [a3045a63-8df7-4ca6-bd2c-1b07a3cd5bf5],115CM,15541972,12,15537949NBR33299-A,10/04/2026,06/07/2026,25,Ativo,,,901045,a3045a63-8df7-4ca6-bd2c-1b07a3cd5bf5,NIKE,132092,,,
DASS SEST71379317655590CM1563195315621490NBR328269220260428-1,OK,DASS SEST,137931,1070873,76555,ATAC. MR130011 5MM RECICLADO COR 4085 [5daf4410-1e8e-4884-831e-624e2cd85260],90CM,15631953,566,15621490NBR3282692,28/04/2026,06/07/2026,25,Ativo,,,901046,5daf4410-1e8e-4884-831e-624e2cd85260,NIKE,132708,,,
DASS SEST71379317655590CM1563195315621491NBR328269220260428-1,OK,DASS SEST,137931,1070873,76555,ATAC. MR130011 5MM RECICLADO COR 4085 [16aae966-0ec7-4e72-9170-71c912e6341d],90CM,15631953,534,15621491NBR3282692,28/04/2026,06/07/2026,25,Ativo,,,901047,16aae966-0ec7-4e72-9170-71c912e6341d,NIKE,132708,,,
DASS SEST71379317655595CM1563195315621490NBR328269220260428-1,OK,DASS SEST,137931,1070873,76555,ATAC. MR130011 5MM RECICLADO COR 4085 [00c74d24-2989-4253-b3cf-bcbb3a8adb1a],95CM,15631953,372,15621490NBR3282692,28/04/2026,06/07/2026,25,Ativo,,,901048,00c74d24-2989-4253-b3cf-bcbb3a8adb1a,NIKE,132708,,,
DASS SEST71379317655595CM1563195315621491NBR328269220260428-1,OK,DASS SEST,137931,1070873,76555,ATAC. MR130011 5MM RECICLADO COR 4085 [4fc6fbb9-9a5d-42c4-b32f-6d45d68987d8],95CM,15631953,378,15621491NBR3282692,28/04/2026,06/07/2026,25,Ativo,,,901049,4fc6fbb9-9a5d-42c4-b32f-6d45d68987d8,NIKE,132708,,,
DASS SEST713793176555105CM1563195315621508NBR328255620260428-1,OK,DASS SEST,137931,1070873,76555,ATAC. MR130011 5MM RECICLADO COR 4085 [2e7b410e-35a5-4be5-b8a8-faf7439f5c50],105CM,15631953,276,15621508NBR3282556,28/04/2026,06/07/2026,25,Ativo,,,901050,2e7b410e-35a5-4be5-b8a8-faf7439f5c50,NIKE,132708,,,
DASS SEST713793176555110CM1563195315621508NBR328255620260428-1,OK,DASS SEST,137931,1070873,76555,ATAC. MR130011 5MM RECICLADO COR 4085 [c7f3280a-6214-404a-94d2-cd38de40c702],110CM,15631953,752,15621508NBR3282556,28/04/2026,06/07/2026,25,Ativo,,,901051,c7f3280a-6214-404a-94d2-cd38de40c702,NIKE,132708,,,
DASS SEST713793176555115CM1563195315621508NBR328255620260428-1,OK,DASS SEST,137931,1070873,76555,ATAC. MR130011 5MM RECICLADO COR 4085 [17b1c32a-d585-4c9c-b2aa-648842ea1e11],115CM,15631953,228,15621508NBR3282556,28/04/2026,06/07/2026,25,Ativo,,,901052,17b1c32a-d585-4c9c-b2aa-648842ea1e11,NIKE,132708,,,
DASS SEST713793195102105CM1563195315621517NBR328262320260428-1,OK,DASS SEST,137931,1418335,95102,ATAC. MR130011 5MM RECICLADO COR 6191/PET [071b5c69-40ba-4b30-91af-bd4adf1de4d5],105CM,15631953,168,15621517NBR3282623,28/04/2026,06/07/2026,25,Ativo,,,901053,071b5c69-40ba-4b30-91af-bd4adf1de4d5,NIKE,132708,,,
DASS SEST713793195102105CM1563195315621518NBR328262320260428-1,OK,DASS SEST,137931,1418335,95102,ATAC. MR130011 5MM RECICLADO COR 6191/PET [d5162bb6-23b1-4e2a-b623-0f5966e154d0],105CM,15631953,204,15621518NBR3282623,28/04/2026,06/07/2026,25,Ativo,,,901054,d5162bb6-23b1-4e2a-b623-0f5966e154d0,NIKE,132708,,,
DASS SEST713793195102110CM1563195315621517NBR328262320260428-1,OK,DASS SEST,137931,1418335,95102,ATAC. MR130011 5MM RECICLADO COR 6191/PET [9ab02bc5-0b14-4d34-a778-0dd6c98424b3],110CM,15631953,597,15621517NBR3282623,28/04/2026,06/07/2026,25,Ativo,,,901055,9ab02bc5-0b14-4d34-a778-0dd6c98424b3,NIKE,132708,,,
DASS SEST713793195102110CM1563195315621518NBR328262320260428-1,OK,DASS SEST,137931,1418335,95102,ATAC. MR130011 5MM RECICLADO COR 6191/PET [c95b0087-c107-4987-b08c-dfc6d5aa38f8],110CM,15631953,582,15621518NBR3282623,28/04/2026,06/07/2026,25,Ativo,,,901056,c95b0087-c107-4987-b08c-dfc6d5aa38f8,NIKE,132708,,,
DASS SEST713793195102115CM1563195315621517NBR328262320260428-1,OK,DASS SEST,137931,1418335,95102,ATAC. MR130011 5MM RECICLADO COR 6191/PET [b886186d-913f-4cb5-9d87-1defa5e2a512],115CM,15631953,240,15621517NBR3282623,28/04/2026,06/07/2026,25,Ativo,,,901057,b886186d-913f-4cb5-9d87-1defa5e2a512,NIKE,132708,,,
DASS SEST713793195102115CM1563195315621518NBR328262320260428-1,OK,DASS SEST,137931,1418335,95102,ATAC. MR130011 5MM RECICLADO COR 6191/PET [63790b28-bd9c-4034-b2c9-d90ec8e5f1f9],115CM,15631953,258,15621518NBR3282623,28/04/2026,06/07/2026,25,Ativo,,,901058,63790b28-bd9c-4034-b2c9-d90ec8e5f1f9,NIKE,132708,,,
DASS SEST713793182628100CM1563195315621493NBR328271120260428-1,OK,DASS SEST,137931,1188919,82628,ATAC. MR140014 6MM RECICLADO COR 4085/PET [7742f54f-8320-4520-8e86-99128dcc9676],100CM,15631953,132,15621493NBR3282711,28/04/2026,06/07/2026,25,Ativo,,,901059,7742f54f-8320-4520-8e86-99128dcc9676,NIKE,132708,,,
DASS SEST713793182628100CM1563195315621494NBR328271120260428-1,OK,DASS SEST,137931,1188919,82628,ATAC. MR140014 6MM RECICLADO COR 4085/PET [8ed4fd34-ddf5-454e-87f9-cfa777c5a252],100CM,15631953,156,15621494NBR3282711,28/04/2026,06/07/2026,25,Ativo,,,901060,8ed4fd34-ddf5-454e-87f9-cfa777c5a252,NIKE,132708,,,
DASS SEST713793182628100CM1563195315621495NBR328273320260428-1,OK,DASS SEST,137931,1188919,82628,ATAC. MR140014 6MM RECICLADO COR 4085/PET [b83ab728-9d7a-4503-a443-0c7118c05237],100CM,15631953,204,15621495NBR3282733,28/04/2026,06/07/2026,25,Ativo,,,901061,b83ab728-9d7a-4503-a443-0c7118c05237,NIKE,132708,,,
DASS SEST713793182628100CM1563195315621496NBR328273320260428-1,OK,DASS SEST,137931,1188919,82628,ATAC. MR140014 6MM RECICLADO COR 4085/PET [0aa313d0-0cc7-498f-93a5-26b2901603b9],100CM,15631953,234,15621496NBR3282733,28/04/2026,06/07/2026,25,Ativo,,,901062,0aa313d0-0cc7-498f-93a5-26b2901603b9,NIKE,132708,,,
DASS SEST713793182628100CM1563195315621497NBR328273820260428-1,OK,DASS SEST,137931,1188919,82628,ATAC. MR140014 6MM RECICLADO COR 4085/PET [c5b15729-e122-4afd-954a-ffe233e622e6],100CM,15631953,204,15621497NBR3282738,28/04/2026,06/07/2026,25,Ativo,,,901063,c5b15729-e122-4afd-954a-ffe233e622e6,NIKE,132708,,,
DASS SEST713793182628100CM1563195315621498NBR328273820260428-1,OK,DASS SEST,137931,1188919,82628,ATAC. MR140014 6MM RECICLADO COR 4085/PET [2510bc94-3c35-4948-b69c-5cbce75bbd75],100CM,15631953,234,15621498NBR3282738,28/04/2026,06/07/2026,25,Ativo,,,901064,2510bc94-3c35-4948-b69c-5cbce75bbd75,NIKE,132708,,,
DASS SEST713793182628100CM1563195315621499NBR328274320260428-1,OK,DASS SEST,137931,1188919,82628,ATAC. MR140014 6MM RECICLADO COR 4085/PET [05410e79-cb6c-453c-8a9c-44b105efdc3c],100CM,15631953,132,15621499NBR3282743,28/04/2026,06/07/2026,25,Ativo,,,901065,05410e79-cb6c-453c-8a9c-44b105efdc3c,NIKE,132708,,,
DASS SEST713793182628100CM1563195315621500NBR328274320260428-1,OK,DASS SEST,137931,1188919,82628,ATAC. MR140014 6MM RECICLADO COR 4085/PET [55a36413-6f3d-46d2-9c08-e169873a09d7],100CM,15631953,156,15621500NBR3282743,28/04/2026,06/07/2026,25,Ativo,,,901066,55a36413-6f3d-46d2-9c08-e169873a09d7,NIKE,132708,,,
DASS SEST713793182628105CM1563195315621503NBR328270920260428-1,OK,DASS SEST,137931,1188919,82628,ATAC. MR140014 6MM RECICLADO COR 4085/PET [d1e40e87-6d28-4e69-9e17-6a45061e6cbb],105CM,15631953,102,15621503NBR3282709,28/04/2026,06/07/2026,25,Ativo,,,901067,d1e40e87-6d28-4e69-9e17-6a45061e6cbb,NIKE,132708,,,
DASS SEST713793182628105CM1563195315621504NBR328270920260428-1,OK,DASS SEST,137931,1188919,82628,ATAC. MR140014 6MM RECICLADO COR 4085/PET [60170863-ab27-448c-bf6e-b94d1bc88956],105CM,15631953,114,15621504NBR3282709,28/04/2026,06/07/2026,25,Ativo,,,901068,60170863-ab27-448c-bf6e-b94d1bc88956,NIKE,132708,,,
DASS SEST713793182628105CM1563195315621493NBR328271120260428-1,OK,DASS SEST,137931,1188919,82628,ATAC. MR140014 6MM RECICLADO COR 4085/PET [608e4654-ccd3-4f52-8ebf-9e4bf9355097],105CM,15631953,626,15621493NBR3282711,28/04/2026,06/07/2026,25,Ativo,,,901069,608e4654-ccd3-4f52-8ebf-9e4bf9355097,NIKE,132708,,,
DASS SEST713793182628105CM1563195315621494NBR328271120260428-1,OK,DASS SEST,137931,1188919,82628,ATAC. MR140014 6MM RECICLADO COR 4085/PET [2362b0f9-572b-49b7-b294-2bb761a09da5],105CM,15631953,672,15621494NBR3282711,28/04/2026,06/07/2026,25,Ativo,,,901070,2362b0f9-572b-49b7-b294-2bb761a09da5,NIKE,132708,,,
DASS SEST713793182628105CM1563195315621495NBR328273320260428-1,OK,DASS SEST,137931,1188919,82628,ATAC. MR140014 6MM RECICLADO COR 4085/PET [6d539619-cfc7-45f0-8a76-8d459415a1a5],105CM,15631953,783,15621495NBR3282733,28/04/2026,06/07/2026,25,Ativo,,,901071,6d539619-cfc7-45f0-8a76-8d459415a1a5,NIKE,132708,,,
DASS SEST713793182628105CM1563195315621496NBR328273320260428-1,OK,DASS SEST,137931,1188919,82628,ATAC. MR140014 6MM RECICLADO COR 4085/PET [c33ee0d0-9382-492d-90c1-ca9ab8da1c2e],105CM,15631953,810,15621496NBR3282733,28/04/2026,06/07/2026,25,Ativo,,,901072,c33ee0d0-9382-492d-90c1-ca9ab8da1c2e,NIKE,132708,,,
DASS SEST713793182628105CM1563195315621497NBR328273820260428-1,OK,DASS SEST,137931,1188919,82628,ATAC. MR140014 6MM RECICLADO COR 4085/PET [f62ff3b5-a782-4357-9c72-043b780f5e2c],105CM,15631953,783,15621497NBR3282738,28/04/2026,06/07/2026,25,Ativo,,,901073,f62ff3b5-a782-4357-9c72-043b780f5e2c,NIKE,132708,,,
DASS SEST713793182628105CM1563195315621498NBR328273820260428-1,OK,DASS SEST,137931,1188919,82628,ATAC. MR140014 6MM RECICLADO COR 4085/PET [84f97532-f192-46b0-bad0-ea26cb57ad2d],105CM,15631953,804,15621498NBR3282738,28/04/2026,06/07/2026,25,Ativo,,,901074,84f97532-f192-46b0-bad0-ea26cb57ad2d,NIKE,132708,,,
DASS SEST713793182628105CM1563195315621499NBR328274320260428-1,OK,DASS SEST,137931,1188919,82628,ATAC. MR140014 6MM RECICLADO COR 4085/PET [8347b49a-e569-4b32-adcc-c7ce29c83139],105CM,15631953,626,15621499NBR3282743,28/04/2026,06/07/2026,25,Ativo,,,901075,8347b49a-e569-4b32-adcc-c7ce29c83139,NIKE,132708,,,
DASS SEST713793182628105CM1563195315621500NBR328274320260428-1,OK,DASS SEST,137931,1188919,82628,ATAC. MR140014 6MM RECICLADO COR 4085/PET [20d96338-57fb-4f33-896e-b5d8cd6c70a6],105CM,15631953,672,15621500NBR3282743,28/04/2026,06/07/2026,25,Ativo,,,901076,20d96338-57fb-4f33-896e-b5d8cd6c70a6,NIKE,132708,,,
DASS SEST713793182628110CM1563195315621503NBR328270920260428-1,OK,DASS SEST,137931,1188919,82628,ATAC. MR140014 6MM RECICLADO COR 4085/PET [1fccca42-0c3f-48ff-a681-cc42965ed9ff],110CM,15631953,482,15621503NBR3282709,28/04/2026,06/07/2026,25,Ativo,,,901077,1fccca42-0c3f-48ff-a681-cc42965ed9ff,NIKE,132708,,,
DASS SEST713793182628110CM1563195315621504NBR328270920260428-1,OK,DASS SEST,137931,1188919,82628,ATAC. MR140014 6MM RECICLADO COR 4085/PET [f3bcefb3-88f4-4e55-9737-8c441338cca1],110CM,15631953,504,15621504NBR3282709,28/04/2026,06/07/2026,25,Ativo,,,901078,f3bcefb3-88f4-4e55-9737-8c441338cca1,NIKE,132708,,,
DASS SEST713793182628110CM1563195315621493NBR328271120260428-1,OK,DASS SEST,137931,1188919,82628,ATAC. MR140014 6MM RECICLADO COR 4085/PET [85a99453-c16d-4369-ab1a-953d4b9ef545],110CM,15631953,30,15621493NBR3282711,28/04/2026,06/07/2026,25,Ativo,,,901079,85a99453-c16d-4369-ab1a-953d4b9ef545,NIKE,132708,,,
DASS SEST713793182628110CM1563195315621494NBR328271120260428-1,OK,DASS SEST,137931,1188919,82628,ATAC. MR140014 6MM RECICLADO COR 4085/PET [baa7468c-8714-49b0-86ae-6104013d2943],110CM,15631953,24,15621494NBR3282711,28/04/2026,06/07/2026,25,Ativo,,,901080,baa7468c-8714-49b0-86ae-6104013d2943,NIKE,132708,,,
DASS SEST713793182628110CM1563195315621495NBR328273320260428-1,OK,DASS SEST,137931,1188919,82628,ATAC. MR140014 6MM RECICLADO COR 4085/PET [a0018c63-9364-444b-bcee-5a65693539da],110CM,15631953,18,15621495NBR3282733,28/04/2026,06/07/2026,25,Ativo,,,901081,a0018c63-9364-444b-bcee-5a65693539da,NIKE,132708,,,
DASS SEST713793182628110CM1563195315621496NBR328273320260428-1,OK,DASS SEST,137931,1188919,82628,ATAC. MR140014 6MM RECICLADO COR 4085/PET [406015bb-8f1d-4d7d-b615-cb6ddb9f8583],110CM,15631953,12,15621496NBR3282733,28/04/2026,06/07/2026,25,Ativo,,,901082,406015bb-8f1d-4d7d-b615-cb6ddb9f8583,NIKE,132708,,,
DASS SEST713793182628110CM1563195315621497NBR328273820260428-1,OK,DASS SEST,137931,1188919,82628,ATAC. MR140014 6MM RECICLADO COR 4085/PET [eedb5b0b-a323-4bb5-99e6-546c78f32701],110CM,15631953,18,15621497NBR3282738,28/04/2026,06/07/2026,25,Ativo,,,901083,eedb5b0b-a323-4bb5-99e6-546c78f32701,NIKE,132708,,,
DASS SEST713793182628110CM1563195315621498NBR328273820260428-1,OK,DASS SEST,137931,1188919,82628,ATAC. MR140014 6MM RECICLADO COR 4085/PET [50e4a689-9914-4647-81ab-f76d60615cf9],110CM,15631953,12,15621498NBR3282738,28/04/2026,06/07/2026,25,Ativo,,,901084,50e4a689-9914-4647-81ab-f76d60615cf9,NIKE,132708,,,
DASS SEST713793182628110CM1563195315621499NBR328274320260428-1,OK,DASS SEST,137931,1188919,82628,ATAC. MR140014 6MM RECICLADO COR 4085/PET [d4067de0-ff10-4d42-a8cc-605fbf69e829],110CM,15631953,18,15621499NBR3282743,28/04/2026,06/07/2026,25,Ativo,,,901085,d4067de0-ff10-4d42-a8cc-605fbf69e829,NIKE,132708,,,
DASS SEST713793182628110CM1563195315621500NBR328274320260428-1,OK,DASS SEST,137931,1188919,82628,ATAC. MR140014 6MM RECICLADO COR 4085/PET [2d5702ad-8e8f-4f91-8b8f-1f2313a43178],110CM,15631953,24,15621500NBR3282743,28/04/2026,06/07/2026,25,Ativo,,,901086,2d5702ad-8e8f-4f91-8b8f-1f2313a43178,NIKE,132708,,,
DASS SEST713793182628115CM1563195315621503NBR328270920260428-1,OK,DASS SEST,137931,1188919,82628,ATAC. MR140014 6MM RECICLADO COR 4085/PET [497844f5-a16c-4f4c-8016-4f6087a40f7c],115CM,15631953,240,15621503NBR3282709,28/04/2026,06/07/2026,25,Ativo,,,901087,497844f5-a16c-4f4c-8016-4f6087a40f7c,NIKE,132708,,,
DASS SEST713793182628115CM1563195315621504NBR328270920260428-1,OK,DASS SEST,137931,1188919,82628,ATAC. MR140014 6MM RECICLADO COR 4085/PET [c011e1f9-c8cd-4903-97dd-a732ea62c5d8],115CM,15631953,258,15621504NBR3282709,28/04/2026,06/07/2026,25,Ativo,,,901088,c011e1f9-c8cd-4903-97dd-a732ea62c5d8,NIKE,132708,,,
DASS SEST713793186418100CM1563195315621505NBR328271220260428-1,OK,DASS SEST,137931,1278311,86418,ATAC. MR140014 6MM RECICLADO COR 4662/PET [66c16e86-4dcb-4390-ba55-a17e33c77d83],100CM,15631953,180,15621505NBR3282712,28/04/2026,06/07/2026,25,Ativo,,,901089,66c16e86-4dcb-4390-ba55-a17e33c77d83,NIKE,132708,,,
DASS SEST713793186418100CM1563195315621506NBR328271220260428-1,OK,DASS SEST,137931,1278311,86418,ATAC. MR140014 6MM RECICLADO COR 4662/PET [ee68ad1c-2cf8-4135-afc3-3d88fada8635],100CM,15631953,168,15621506NBR3282712,28/04/2026,06/07/2026,25,Ativo,,,901090,ee68ad1c-2cf8-4135-afc3-3d88fada8635,NIKE,132708,,,
DASS SEST713793186418100CM1563195315621507NBR328271220260428-1,OK,DASS SEST,137931,1278311,86418,ATAC. MR140014 6MM RECICLADO COR 4662/PET [7690ab6d-4799-4ca1-8e1f-c3e6aa9be27d],100CM,15631953,204,15621507NBR3282712,28/04/2026,06/07/2026,25,Ativo,,,901091,7690ab6d-4799-4ca1-8e1f-c3e6aa9be27d,NIKE,132708,,,
DASS SEST713793186418105CM1563195315621505NBR328271220260428-1,OK,DASS SEST,137931,1278311,86418,ATAC. MR140014 6MM RECICLADO COR 4662/PET [2f284edc-ca03-4327-8f41-ccf4cb735a16],105CM,15631953,759,15621505NBR3282712,28/04/2026,06/07/2026,25,Ativo,,,901092,2f284edc-ca03-4327-8f41-ccf4cb735a16,NIKE,132708,,,
DASS SEST713793186418105CM1563195315621506NBR328271220260428-1,OK,DASS SEST,137931,1278311,86418,ATAC. MR140014 6MM RECICLADO COR 4662/PET [b1bdae64-eea4-41b3-8e2b-2e15d1f914c8],105CM,15631953,756,15621506NBR3282712,28/04/2026,06/07/2026,25,Ativo,,,901093,b1bdae64-eea4-41b3-8e2b-2e15d1f914c8,NIKE,132708,,,
DASS SEST713793186418105CM1563195315621507NBR328271220260428-1,OK,DASS SEST,137931,1278311,86418,ATAC. MR140014 6MM RECICLADO COR 4662/PET [dccddc4a-af2e-4723-96a9-6cfa48e7ac01],105CM,15631953,780,15621507NBR3282712,28/04/2026,06/07/2026,25,Ativo,,,901094,dccddc4a-af2e-4723-96a9-6cfa48e7ac01,NIKE,132708,,,
DASS SEST713793186418110CM1563195315621505NBR328271220260428-1,OK,DASS SEST,137931,1278311,86418,ATAC. MR140014 6MM RECICLADO COR 4662/PET [cd79a682-fbb5-4d60-af54-6d0f97bbe232],110CM,15631953,60,15621505NBR3282712,28/04/2026,06/07/2026,25,Ativo,,,901095,cd79a682-fbb5-4d60-af54-6d0f97bbe232,NIKE,132708,,,
DASS SEST713793186418110CM1563195315621506NBR328271220260428-1,OK,DASS SEST,137931,1278311,86418,ATAC. MR140014 6MM RECICLADO COR 4662/PET [3f6342f2-4935-4d0c-ae63-211a6206e40e],110CM,15631953,36,15621506NBR3282712,28/04/2026,06/07/2026,25,Ativo,,,901096,3f6342f2-4935-4d0c-ae63-211a6206e40e,NIKE,132708,,,
DASS SEST713793194884105CM1563195315621516NBR3341920260428-1,OK,DASS SEST,137931,1405625,94884,ATAC. MR140014 6MM RECICLADO COR 6149/PET [e1a26398-b0b4-4437-bb3e-e6d56df2fed1],105CM,15631953,716,15621516NBR33419,28/04/2026,06/07/2026,25,Ativo,,,901097,e1a26398-b0b4-4437-bb3e-e6d56df2fed1,NIKE,132708,,,
DASS SEST713793194884110CM1563195315621516NBR3341920260428-1,OK,DASS SEST,137931,1405625,94884,ATAC. MR140014 6MM RECICLADO COR 6149/PET [19d1179e-804f-43a7-b7f3-036b6a08a821],110CM,15631953,288,15621516NBR33419,28/04/2026,06/07/2026,25,Ativo,,,901098,19d1179e-804f-43a7-b7f3-036b6a08a821,NIKE,132708,,,
DASS SEST713793192568115CM1563195315621480NBR328276720260428-1,OK,DASS SEST,137931,1027849,92568,ATAC. MR110012 8MM RECICLADO COR 4085/PET [712d7b23-f3bd-4fee-a573-1d5f1fb5c104],115CM,15631953,90,15621480NBR3282767,28/04/2026,06/07/2026,25,Ativo,,,901099,712d7b23-f3bd-4fee-a573-1d5f1fb5c104,NIKE,132708,,,
DASS SEST713793192568115CM1563195315621481NBR328276720260428-1,OK,DASS SEST,137931,1027849,92568,ATAC. MR110012 8MM RECICLADO COR 4085/PET [f49dbb3e-a3ae-412e-8b5a-ff6e6b7be188],115CM,15631953,120,15621481NBR3282767,28/04/2026,06/07/2026,25,Ativo,,,901100,f49dbb3e-a3ae-412e-8b5a-ff6e6b7be188,NIKE,132708,,,
DASS SEST713793192568115CM1563195315621482NBR328277320260428-1,OK,DASS SEST,137931,1027849,92568,ATAC. MR110012 8MM RECICLADO COR 4085/PET [97980c97-4275-4589-bd31-2be26d0fa060],115CM,15631953,240,15621482NBR3282773,28/04/2026,06/07/2026,25,Ativo,,,901101,97980c97-4275-4589-bd31-2be26d0fa060,NIKE,132708,,,
DASS SEST713793192568115CM1563195315621483NBR328277320260428-1,OK,DASS SEST,137931,1027849,92568,ATAC. MR110012 8MM RECICLADO COR 4085/PET [6c32e504-2731-4b01-ba33-042c25d89a3e],115CM,15631953,258,15621483NBR3282773,28/04/2026,06/07/2026,25,Ativo,,,901102,6c32e504-2731-4b01-ba33-042c25d89a3e,NIKE,132708,,,
DASS SEST713793192568115CM1563195315621484NBR328278620260428-1,OK,DASS SEST,137931,1027849,92568,ATAC. MR110012 8MM RECICLADO COR 4085/PET [e1a37be3-8df5-4e7e-a2bb-5a3e8988d105],115CM,15631953,186,15621484NBR3282786,28/04/2026,06/07/2026,25,Ativo,,,901103,e1a37be3-8df5-4e7e-a2bb-5a3e8988d105,NIKE,132708,,,
DASS SEST713793192568115CM1563195315621485NBR328278620260428-1,OK,DASS SEST,137931,1027849,92568,ATAC. MR110012 8MM RECICLADO COR 4085/PET [b070aa05-76a2-459f-8288-578ec5b7b79c],115CM,15631953,210,15621485NBR3282786,28/04/2026,06/07/2026,25,Ativo,,,901104,b070aa05-76a2-459f-8288-578ec5b7b79c,NIKE,132708,,,
DASS SEST713793192568120CM1563195315621480NBR328276720260428-1,OK,DASS SEST,137931,1027849,92568,ATAC. MR110012 8MM RECICLADO COR 4085/PET [ea140d36-0382-4d33-874a-bb07942d2918],120CM,15631953,776,15621480NBR3282767,28/04/2026,06/07/2026,25,Ativo,,,901105,ea140d36-0382-4d33-874a-bb07942d2918,NIKE,132708,,,
DASS SEST713793192568120CM1563195315621481NBR328276720260428-1,OK,DASS SEST,137931,1027849,92568,ATAC. MR110012 8MM RECICLADO COR 4085/PET [6c5cdaff-4664-4d3e-b70f-e6b65e1b4019],120CM,15631953,786,15621481NBR3282767,28/04/2026,06/07/2026,25,Ativo,,,901106,6c5cdaff-4664-4d3e-b70f-e6b65e1b4019,NIKE,132708,,,
DASS SEST713793192568120CM1563195315621482NBR328277320260428-1,OK,DASS SEST,137931,1027849,92568,ATAC. MR110012 8MM RECICLADO COR 4085/PET [d85e4dfb-4451-4570-a276-2e14c7c12f57],120CM,15631953,903,15621482NBR3282773,28/04/2026,06/07/2026,25,Ativo,,,901107,d85e4dfb-4451-4570-a276-2e14c7c12f57,NIKE,132708,,,
DASS SEST713793192568120CM1563195315621483NBR328277320260428-1,OK,DASS SEST,137931,1027849,92568,ATAC. MR110012 8MM RECICLADO COR 4085/PET [a06abfd6-3574-4a93-919d-1a4b45796ceb],120CM,15631953,942,15621483NBR3282773,28/04/2026,06/07/2026,25,Ativo,,,901108,a06abfd6-3574-4a93-919d-1a4b45796ceb,NIKE,132708,,,
DASS SEST713793192568120CM1563195315621484NBR328278620260428-1,OK,DASS SEST,137931,1027849,92568,ATAC. MR110012 8MM RECICLADO COR 4085/PET [763a4912-353d-45c0-8d79-264159cea4a4],120CM,15631953,734,15621484NBR3282786,28/04/2026,06/07/2026,25,Ativo,,,901109,763a4912-353d-45c0-8d79-264159cea4a4,NIKE,132708,,,
DASS SEST713793192568120CM1563195315621485NBR328278620260428-1,OK,DASS SEST,137931,1027849,92568,ATAC. MR110012 8MM RECICLADO COR 4085/PET [83e57286-8cec-43c4-88c4-b769c46f3e3f],120CM,15631953,744,15621485NBR3282786,28/04/2026,06/07/2026,25,Ativo,,,901110,83e57286-8cec-43c4-88c4-b769c46f3e3f,NIKE,132708,,,
DASS SEST713793193674100CM1563195315621486NBR328251920260428-1,OK,DASS SEST,137931,1102648,93674,ATAC. MR140023 RECICLADO COR 4085/PET [62b3697d-4a17-449e-8c13-d3c286f634bb],100CM,15631953,96,15621486NBR3282519,28/04/2026,06/07/2026,25,Ativo,,,901111,62b3697d-4a17-449e-8c13-d3c286f634bb,NIKE,132708,,,
DASS SEST713793193674105CM1563195315621486NBR328251920260428-1,OK,DASS SEST,137931,1102648,93674,ATAC. MR140023 RECICLADO COR 4085/PET [6b627175-875a-4e8e-ad46-eb5ffa727e72],105CM,15631953,707,15621486NBR3282519,28/04/2026,06/07/2026,25,Ativo,,,901112,6b627175-875a-4e8e-ad46-eb5ffa727e72,NIKE,132708,,,
DASS SEST713793193674110CM1563195315621486NBR328251920260428-1,OK,DASS SEST,137931,1102648,93674,ATAC. MR140023 RECICLADO COR 4085/PET [aa5d2f52-5cf2-439f-b6bb-f7aec7873161],110CM,15631953,198,15621486NBR3282519,28/04/2026,06/07/2026,25,Ativo,,,901113,aa5d2f52-5cf2-439f-b6bb-f7aec7873161,NIKE,132708,,,
DASS SEST713803095284105CM1563695415621514NBR33423-A20260429-1,OK,DASS SEST,138030,1435014,95284,ATAC. MR140014 6MM RECICLADO COR 6182/PET [b834e418-c220-4695-a6be-536188073bec],105CM,15636954,18,15621514NBR33423-A,29/04/2026,06/07/2026,25,Ativo,,,901114,b834e418-c220-4695-a6be-536188073bec,NIKE,132856,,,
DASS SEST713803095284110CM1563695415621512NBR33421-A20260429-1,OK,DASS SEST,138030,1435014,95284,ATAC. MR140014 6MM RECICLADO COR 6182/PET [1a2fe232-0009-48c5-a769-f9b46adea545],110CM,15636954,1005,15621512NBR33421-A,29/04/2026,06/07/2026,25,Ativo,,,901115,1a2fe232-0009-48c5-a769-f9b46adea545,NIKE,132856,,,
DASS SEST713803095284110CM1563695415621513NBR33421-B20260429-1,OK,DASS SEST,138030,1435014,95284,ATAC. MR140014 6MM RECICLADO COR 6182/PET [0e1a55d4-673d-4569-b16c-5f91b8b33e30],110CM,15636954,1032,15621513NBR33421-B,29/04/2026,06/07/2026,25,Ativo,,,901116,0e1a55d4-673d-4569-b16c-5f91b8b33e30,NIKE,132856,,,
DASS SEST713803095284110CM1563695415621514NBR33423-A20260429-1,OK,DASS SEST,138030,1435014,95284,ATAC. MR140014 6MM RECICLADO COR 6182/PET [01f8dec0-22c8-4d3d-bf66-b27368d6e723],110CM,15636954,632,15621514NBR33423-A,29/04/2026,06/07/2026,25,Ativo,,,901117,01f8dec0-22c8-4d3d-bf66-b27368d6e723,NIKE,132856,,,
DASS SEST713803095284110CM1563695415621515NBR33423-B20260429-1,OK,DASS SEST,138030,1435014,95284,ATAC. MR140014 6MM RECICLADO COR 6182/PET [778ab798-2cc6-477d-aadb-7ff7292406a3],110CM,15636954,642,15621515NBR33423-B,29/04/2026,06/07/2026,25,Ativo,,,901118,778ab798-2cc6-477d-aadb-7ff7292406a3,NIKE,132856,,,
DASS SEST713803095284115CM1563695415621512NBR33421-A20260429-1,OK,DASS SEST,138030,1435014,95284,ATAC. MR140014 6MM RECICLADO COR 6182/PET [4b81af90-d078-4dbe-943c-c17df49261b2],115CM,15636954,72,15621512NBR33421-A,29/04/2026,06/07/2026,25,Ativo,,,901119,4b81af90-d078-4dbe-943c-c17df49261b2,NIKE,132856,,,
DASS SEST713803095284115CM1563695415621513NBR33421-B20260429-1,OK,DASS SEST,138030,1435014,95284,ATAC. MR140014 6MM RECICLADO COR 6182/PET [5d98e39a-1a4e-494d-9d74-a75ac33cc5fa],115CM,15636954,96,15621513NBR33421-B,29/04/2026,06/07/2026,25,Ativo,,,901120,5d98e39a-1a4e-494d-9d74-a75ac33cc5fa,NIKE,132856,,,
DASS SEST713803095284115CM1563695415621514NBR33423-A20260429-1,OK,DASS SEST,138030,1435014,95284,ATAC. MR140014 6MM RECICLADO COR 6182/PET [aa4ae0e7-092d-4b62-906e-fa1464696578],115CM,15636954,120,15621514NBR33423-A,29/04/2026,06/07/2026,25,Ativo,,,901121,aa4ae0e7-092d-4b62-906e-fa1464696578,NIKE,132856,,,
DASS SEST713803095284115CM1563695415621515NBR33423-B20260429-1,OK,DASS SEST,138030,1435014,95284,ATAC. MR140014 6MM RECICLADO COR 6182/PET [93a76c55-33af-4c87-857f-63db2d7b6877],115CM,15636954,138,15621515NBR33423-B,29/04/2026,06/07/2026,25,Ativo,,,901122,93a76c55-33af-4c87-857f-63db2d7b6877,NIKE,132856,,,
DASS SEST71380318262515MM1563872920260429-1,OK,DASS SEST,138031,1194659,82625,FITA MR100001 C/ GOMA RECICLADO COR 4593/PET [0a72c7a9-d74a-491d-b1ce-baa256bfe752],15MM,15638729,970,0,29/04/2026,06/07/2026,25,Ativo,,,901123,0a72c7a9-d74a-491d-b1ce-baa256bfe752,NIKE,132857,,,
DASS SEST71380317401410MM1563872920260429-1,OK,DASS SEST,138031,965421,74014,FITA MFGP C/ GOMA POLIESTER COR 4085 [494e6e4b-c04d-415a-a52c-4b28f3ed0b6b],10MM,15638729,160,0,29/04/2026,06/07/2026,25,Ativo,,,901124,494e6e4b-c04d-415a-a52c-4b28f3ed0b6b,NIKE,132857,,,
DASS SEST71380319340510MM1563872920260429-1,OK,DASS SEST,138031,1405613,93405,FITA MFGP C/ GOMA POLIESTER COR 5519 [261fb2d1-5a3b-4fe7-ae4a-61aff1e0e4f6],10MM,15638729,250,0,29/04/2026,06/07/2026,25,Ativo,,,901125,261fb2d1-5a3b-4fe7-ae4a-61aff1e0e4f6,NIKE,132857,,,
DASS SEST7138515740308MM1570510320260514-1,OK,DASS SEST,138515,1104264,74030,FITA MFGP C/ GOMA POLIESTER COR 114 [c444d12b-bc95-4b0c-91d7-936eec016620],8MM,15705103,60,0,14/05/2026,06/07/2026,25,Ativo,,,901126,c444d12b-bc95-4b0c-91d7-936eec016620,FILA,133320,,,
DASS SEST7138515905268MM1570510320260514-1,OK,DASS SEST,138515,1360138,90526,FITA MFGP C/ GOMA POLIESTER COR 186 [56f4a487-4d0a-40fb-89f0-b4dfd8ab2ea5],8MM,15705103,70,0,14/05/2026,06/07/2026,25,Ativo,,,901127,56f4a487-4d0a-40fb-89f0-b4dfd8ab2ea5,FILA,133320,,,
DASS SEST71385159296416MM1570510320260514-1,OK,DASS SEST,138515,1360126,92964,FITA M31119 C/ GOMA POLIESTER COR 186 / COR 5508 / COR 5508 [0d2b2677-8bda-44c8-95eb-b28781b7cfaa],16MM,15705103,70,0,14/05/2026,06/07/2026,25,Ativo,,,901128,0d2b2677-8bda-44c8-95eb-b28781b7cfaa,FILA,133320,,,
DASS SEST71385159530116MM1570510320260514-1,OK,DASS SEST,138515,1416908,95301,FITA M31119 C/ GOMA POLIESTER COR 6038 / COR 5508 / COR 5508 [ce818af3-b1f8-4f20-8d65-e4104a5dcae1],16MM,15705103,270,0,14/05/2026,06/07/2026,25,Ativo,,,901129,ce818af3-b1f8-4f20-8d65-e4104a5dcae1,FILA,133320,,,
DASS SEST7138522713768MM1570510520260514-1,OK,DASS SEST,138522,112354,71376,FITA MFGP C/ GOMA POLIESTER COR 102 [f0649149-720d-4ca5-a7f5-ddd426785d32],8MM,15705105,200,0,14/05/2026,06/07/2026,25,Ativo,,,901130,f0649149-720d-4ca5-a7f5-ddd426785d32,FILA,133323,,,
DASS SEST7138522742798MM1570510520260514-1,OK,DASS SEST,138522,1104263,74279,FITA MFGP C/ GOMA POLIESTER COR 447 [dcdccfd2-f777-4d8d-a678-8759708d4ceb],8MM,15705105,200,0,14/05/2026,06/07/2026,25,Ativo,,,901131,dcdccfd2-f777-4d8d-a678-8759708d4ceb,FILA,133323,,,
DASS SEST71385228794616MM1570510520260514-1,OK,DASS SEST,138522,1316829,87946,FITA M31119 C/ GOMA POLIESTER COR 100/ COR 5535/ COR 102 [31e7c513-2595-40a4-a484-ec1ef1d25261],16MM,15705105,790,0,14/05/2026,06/07/2026,25,Ativo,,,901132,31e7c513-2595-40a4-a484-ec1ef1d25261,FILA,133323,,,
DASS SEST71385229296316MM1570510520260514-1,OK,DASS SEST,138522,1353470,92963,FITA M31119 C/ GOMA POLIESTER COR 102 / COR 100 / COR 100 [7f7f87b1-4b16-4667-a0aa-7955bd7a76b4],16MM,15705105,210,0,14/05/2026,06/07/2026,25,Ativo,,,901133,7f7f87b1-4b16-4667-a0aa-7955bd7a76b4,FILA,133323,,,
DASS SEST71385229517616MM1570510520260514-1,OK,DASS SEST,138522,1320199,95176,FITA M31119 C/ GOMA POLIESTER COR 053 / COR 114 / COR 114 [8acf5eb1-2378-4bba-a6e7-57e3aa32e50b],16MM,15705105,700,0,14/05/2026,06/07/2026,25,Ativo,,,901134,8acf5eb1-2378-4bba-a6e7-57e3aa32e50b,FILA,133323,,,
DASS SEST71385229548616MM1570510520260514-1,OK,DASS SEST,138522,1406217,95486,FITA M31119 C/ GOMA POLIESTER COR 447 / COR 100 / COR 100 [f6ea75c8-63f8-43c2-885a-4776db778be4],16MM,15705105,220,0,14/05/2026,06/07/2026,25,Ativo,,,901135,f6ea75c8-63f8-43c2-885a-4776db778be4,FILA,133323,,,
DASS SEST71385229548716MM1570510520260514-1,OK,DASS SEST,138522,1353472,95487,FITA M31119 C/ GOMA POLIESTER COR 5703 / COR 114 / COR 114 [9a507b5a-4afd-4684-955b-a22b45bbb67b],16MM,15705105,620,0,14/05/2026,06/07/2026,25,Ativo,,,901136,9a507b5a-4afd-4684-955b-a22b45bbb67b,FILA,133323,,,
DASS SEST713852395490125CM1570512615693930BR314562-B20260514-1,OK,DASS SEST,138523,1423777,95490,ATAC. M60132 ALPINA COR 2001 [12d7730c-1ba2-4f0a-b2ba-06c7aab9a74f],125CM,15705126,324,15693930BR314562-B,14/05/2026,06/07/2026,25,Ativo,,,901137,12d7730c-1ba2-4f0a-b2ba-06c7aab9a74f,FILA,133324,,,
DASS SEST713852395490135CM1570512615693931BR314556-A20260514-1,OK,DASS SEST,138523,1423777,95490,ATAC. M60132 ALPINA COR 2001 [00109094-67f5-4c8a-adee-63bb7b6e45cd],135CM,15705126,444,15693931BR314556-A,14/05/2026,06/07/2026,25,Ativo,,,901138,00109094-67f5-4c8a-adee-63bb7b6e45cd,FILA,133324,,,
DASS SEST713852395490135CM1570512615693932BR314556-B20260514-1,OK,DASS SEST,138523,1423777,95490,ATAC. M60132 ALPINA COR 2001 [f4d4b2b1-ee54-42a7-8624-8906511718a6],135CM,15705126,444,15693932BR314556-B,14/05/2026,06/07/2026,25,Ativo,,,901139,f4d4b2b1-ee54-42a7-8624-8906511718a6,FILA,133324,,,
DASS SEST713852395490135CM1570512615693935BR31455720260514-1,OK,DASS SEST,138523,1423777,95490,ATAC. M60132 ALPINA COR 2001 [00df5bcb-3def-45e2-aab6-9fd292b50777],135CM,15705126,696,15693935BR314557,14/05/2026,06/07/2026,25,Ativo,,,901140,00df5bcb-3def-45e2-aab6-9fd292b50777,FILA,133324,,,
DASS SEST713852395490135CM1570512615693930BR314562-B20260514-1,OK,DASS SEST,138523,1423777,95490,ATAC. M60132 ALPINA COR 2001 [17cb118c-d3df-49e9-b105-eb823c012907],135CM,15705126,444,15693930BR314562-B,14/05/2026,06/07/2026,25,Ativo,,,901141,17cb118c-d3df-49e9-b105-eb823c012907,FILA,133324,,,
DASS SEST713852395490145CM1570512615693931BR314556-A20260514-1,OK,DASS SEST,138523,1423777,95490,ATAC. M60132 ALPINA COR 2001 [66420437-9da5-4239-9a4a-05e10a72b798],145CM,15705126,288,15693931BR314556-A,14/05/2026,06/07/2026,25,Ativo,,,901142,66420437-9da5-4239-9a4a-05e10a72b798,FILA,133324,,,
DASS SEST713852395490145CM1570512615693932BR314556-B20260514-1,OK,DASS SEST,138523,1423777,95490,ATAC. M60132 ALPINA COR 2001 [18179d48-4bc7-44fe-8e9d-de2e6b3ca1e1],145CM,15705126,288,15693932BR314556-B,14/05/2026,06/07/2026,25,Ativo,,,901143,18179d48-4bc7-44fe-8e9d-de2e6b3ca1e1,FILA,133324,,,
DASS SEST713852395490145CM1570512615693935BR31455720260514-1,OK,DASS SEST,138523,1423777,95490,ATAC. M60132 ALPINA COR 2001 [26d706bd-ced5-4f6b-ac77-766241593b90],145CM,15705126,384,15693935BR314557,14/05/2026,06/07/2026,25,Ativo,,,901144,26d706bd-ced5-4f6b-ac77-766241593b90,FILA,133324,,,
DASS SEST71385878794616MM1571398520260518-1,OK,DASS SEST,138587,1316829,87946,FITA M31119 C/ GOMA POLIESTER COR 100/ COR 5535/ COR 102 [2f6bd920-b87d-4549-b16e-f75d81ab1917],16MM,15713985,20,0,18/05/2026,06/07/2026,25,Ativo,,,901145,2f6bd920-b87d-4549-b16e-f75d81ab1917,FILA,133391,,,
DASS SEST7138588932868MM1571398420260518-1,OK,DASS SEST,138588,1417375,93286,FITA MFGP C/ GOMA POLIESTER COR 6038 [c8b22dd4-546a-4c3e-a92d-faf1c124c81a],8MM,15713984,250,0,18/05/2026,06/07/2026,25,Ativo,,,901146,c8b22dd4-546a-4c3e-a92d-faf1c124c81a,FILA,133392,,,
DASS SEST71389438990518MM1575080220260526-1,OK,DASS SEST,138943,1342875,89905,FITA M31132 C/GOMA POLIESTER COR 4085 [0c3c481f-2825-484e-8628-211bf8583170],18MM,15750802,600,0,26/05/2026,06/07/2026,25,Ativo,,,901147,0c3c481f-2825-484e-8628-211bf8583170,NIKE,133675,,,
DASS SEST71389938907012MM1575340720260527-1,OK,DASS SEST,138993,1287984,89070,FITA M41476 C/ GOMA POLIESTER COR 114/ COR 5508 [2955d8c6-4ad0-4b54-b47c-b018ecc8696b],12MM,15753407,660,0,27/05/2026,06/07/2026,25,Ativo,,,901148,2955d8c6-4ad0-4b54-b47c-b018ecc8696b,FILA,133712,,,
DASS SEST71389939102316MM1575340720260527-1,OK,DASS SEST,138993,1320254,91023,FITA M31119 C/ GOMA POLIESTER COR 114 / COR 100 / COR 100 [3a90b7a7-cf0c-4c86-8ff7-fdf194477d77],16MM,15753407,510,0,27/05/2026,06/07/2026,25,Ativo,,,901149,3a90b7a7-cf0c-4c86-8ff7-fdf194477d77,FILA,133712,,,
DASS SEST7139301923008MM1577774420260602-1,OK,DASS SEST,139301,1406202,92300,FITA MFGP C/ GOMA POLIESTER COR 788 [af0b1201-7e4f-4f9d-bcd8-687da756c144],8MM,15777744,350,0,02/06/2026,06/07/2026,25,Ativo,,,901150,af0b1201-7e4f-4f9d-bcd8-687da756c144,FILA,133937,,,
DASS SEST71393019538416MM1577774420260602-1,OK,DASS SEST,139301,1411433,95384,FITA M31119 C/ GOMA POLIESTER COR 6008 / COR 102 / COR 102 [91ee64fc-dcbe-43a0-8be9-ffec81f0d9c6],16MM,15777744,1240,0,02/06/2026,06/07/2026,25,Ativo,,,901151,91ee64fc-dcbe-43a0-8be9-ffec81f0d9c6,FILA,133937,,,
DASS SEST71393019548616MM1577774420260602-1,OK,DASS SEST,139301,1406217,95486,FITA M31119 C/ GOMA POLIESTER COR 447 / COR 100 / COR 100 [cc755b81-1cb0-4b83-a19a-8dfbfb95cd13],16MM,15777744,350,0,02/06/2026,06/07/2026,25,Ativo,,,901152,cc755b81-1cb0-4b83-a19a-8dfbfb95cd13,FILA,133937,,,
DASS SEST71393019571216MM1577774420260602-1,OK,DASS SEST,139301,1406222,95712,FITA M31119 C/ GOMA POLIESTER COR 788 / COR 599 / COR 599 [dbbab60d-b36a-49f1-b30c-638e17b67fb5],16MM,15777744,400,0,02/06/2026,06/07/2026,25,Ativo,,,901153,dbbab60d-b36a-49f1-b30c-638e17b67fb5,FILA,133937,,,
DASS SEST713937482628100CM1578773415787218NBR328260420260604-1,OK,DASS SEST,139374,1188919,82628,ATAC. MR140014 6MM RECICLADO COR 4085/PET [4826c230-622b-461e-80b5-c9988d989b16],100CM,15787734,944,15787218NBR3282604,04/06/2026,06/07/2026,25,Ativo,,,901154,4826c230-622b-461e-80b5-c9988d989b16,NIKE,134036,,,
DASS SEST713937482628105CM1578773415787218NBR328260420260604-1,OK,DASS SEST,139374,1188919,82628,ATAC. MR140014 6MM RECICLADO COR 4085/PET [e51281f4-610b-40f6-8b9d-2b86726c649d],105CM,15787734,486,15787218NBR3282604,04/06/2026,06/07/2026,25,Ativo,,,901155,e51281f4-610b-40f6-8b9d-2b86726c649d,NIKE,134036,,,
DASS SEST713937493661130CM1578773415787204NBR328311020260604-1,OK,DASS SEST,139374,1065806,93661,ATAC. MR110029 RECICLADO COR 4662/PET [285bdb67-0eee-4418-9737-25ab92de1459],130CM,15787734,444,15787204NBR3283110,04/06/2026,06/07/2026,25,Ativo,,,901156,285bdb67-0eee-4418-9737-25ab92de1459,NIKE,134036,,,
DASS SEST713937493661130CM1578773415787205NBR328311020260604-1,OK,DASS SEST,139374,1065806,93661,ATAC. MR110029 RECICLADO COR 4662/PET [7cc860cd-ff87-407c-8cb3-6b0fa1f6ae45],130CM,15787734,456,15787205NBR3283110,04/06/2026,06/07/2026,25,Ativo,,,901157,7cc860cd-ff87-407c-8cb3-6b0fa1f6ae45,NIKE,134036,,,
DASS SEST713937493661135CM1578773415787210NBR328297820260604-1,OK,DASS SEST,139374,1065806,93661,ATAC. MR110029 RECICLADO COR 4662/PET [18887dc0-73e9-40b9-8370-28ab7897025e],135CM,15787734,921,15787210NBR3282978,04/06/2026,06/07/2026,25,Ativo,,,901158,18887dc0-73e9-40b9-8370-28ab7897025e,NIKE,134036,,,
DASS SEST713937493661135CM1578773415787211NBR328297820260604-1,OK,DASS SEST,139374,1065806,93661,ATAC. MR110029 RECICLADO COR 4662/PET [48f898db-42fc-4fa9-9048-bcb3b1ad23c0],135CM,15787734,942,15787211NBR3282978,04/06/2026,06/07/2026,25,Ativo,,,901159,48f898db-42fc-4fa9-9048-bcb3b1ad23c0,NIKE,134036,,,
DASS SEST713937493661135CM1578773415787204NBR328311020260604-1,OK,DASS SEST,139374,1065806,93661,ATAC. MR110029 RECICLADO COR 4662/PET [0c9106b5-0d05-40c0-a77d-d9b91be834f3],135CM,15787734,440,15787204NBR3283110,04/06/2026,06/07/2026,25,Ativo,,,901160,0c9106b5-0d05-40c0-a77d-d9b91be834f3,NIKE,134036,,,
DASS SEST713937493661135CM1578773415787205NBR328311020260604-1,OK,DASS SEST,139374,1065806,93661,ATAC. MR110029 RECICLADO COR 4662/PET [d672c9ae-547e-4b5f-a79e-6c29a9efd0b3],135CM,15787734,462,15787205NBR3283110,04/06/2026,06/07/2026,25,Ativo,,,901161,d672c9ae-547e-4b5f-a79e-6c29a9efd0b3,NIKE,134036,,,
DASS SEST713937493661135CM1578773415787216NBR328311520260604-1,OK,DASS SEST,139374,1065806,93661,ATAC. MR110029 RECICLADO COR 4662/PET [bd09eb0f-f5a1-47ca-9979-c72f4cf915a7],135CM,15787734,734,15787216NBR3283115,04/06/2026,06/07/2026,25,Ativo,,,901162,bd09eb0f-f5a1-47ca-9979-c72f4cf915a7,NIKE,134036,,,
DASS SEST713937493661135CM1578773415787217NBR328311520260604-1,OK,DASS SEST,139374,1065806,93661,ATAC. MR110029 RECICLADO COR 4662/PET [af64f527-b0f2-45ce-b28c-c9b68f121679],135CM,15787734,732,15787217NBR3283115,04/06/2026,06/07/2026,25,Ativo,,,901163,af64f527-b0f2-45ce-b28c-c9b68f121679,NIKE,134036,,,
DASS SEST713937493661140CM1578773415787210NBR328297820260604-1,OK,DASS SEST,139374,1065806,93661,ATAC. MR110029 RECICLADO COR 4662/PET [2f47dc83-3e9e-4829-8547-b21878e69a18],140CM,15787734,108,15787210NBR3282978,04/06/2026,06/07/2026,25,Ativo,,,901164,2f47dc83-3e9e-4829-8547-b21878e69a18,NIKE,134036,,,
DASS SEST713937493661140CM1578773415787211NBR328297820260604-1,OK,DASS SEST,139374,1065806,93661,ATAC. MR110029 RECICLADO COR 4662/PET [98297596-e089-4f3c-953b-6174f197be88],140CM,15787734,102,15787211NBR3282978,04/06/2026,06/07/2026,25,Ativo,,,901165,98297596-e089-4f3c-953b-6174f197be88,NIKE,134036,,,
DASS SEST713937493661140CM1578773415787216NBR328311520260604-1,OK,DASS SEST,139374,1065806,93661,ATAC. MR110029 RECICLADO COR 4662/PET [260c6460-6c2a-4682-a114-1f1adda2aa33],140CM,15787734,84,15787216NBR3283115,04/06/2026,06/07/2026,25,Ativo,,,901166,260c6460-6c2a-4682-a114-1f1adda2aa33,NIKE,134036,,,
DASS SEST713937493661140CM1578773415787217NBR328311520260604-1,OK,DASS SEST,139374,1065806,93661,ATAC. MR110029 RECICLADO COR 4662/PET [30ecb462-b53c-4aa7-a5f7-170dcb5d255f],140CM,15787734,72,15787217NBR3283115,04/06/2026,06/07/2026,25,Ativo,,,901167,30ecb462-b53c-4aa7-a5f7-170dcb5d255f,NIKE,134036,,,
DASS ITABERABA701383637016412MM1567502320260509-1,OK,DASS ITABERABA,138363,898941,70164,FITA MFGP C/ GOMA POLIESTER COR 100 [f50fa142-9e79-436a-8270-7d747b1ee732],12MM,15675023,330,0,09/05/2026,06/07/2026,25,Ativo,,,901168,f50fa142-9e79-436a-8270-7d747b1ee732,FILA,133149,,,
DASS ITABERABA701390407601012MM1575639720260527-1,OK,DASS ITABERABA,139040,1386809,76010,FITA MFGP C/ GOMA POLIESTER COR 447 [17cad799-44e0-41b5-8ec9-803bf5f45127],12MM,15756397,230,0,27/05/2026,06/07/2026,25,Ativo,,,901169,17cad799-44e0-41b5-8ec9-803bf5f45127,FILA,133751,,,
DASS ITABERABA70139040781878MM1575639720260527-1,OK,DASS ITABERABA,139040,1146621,78187,FITA MFGP C/ GOMA POLIESTER COR 053 [33b44a34-dcd9-4382-9525-6a697b921053],8MM,15756397,450,0,27/05/2026,06/07/2026,25,Ativo,,,901170,33b44a34-dcd9-4382-9525-6a697b921053,FILA,133751,,,
DASS ITABERABA70139040923008MM1575639720260527-1,OK,DASS ITABERABA,139040,1406202,92300,FITA MFGP C/ GOMA POLIESTER COR 788 [c80077d6-4e7a-4b4e-bda3-529649a3feba],8MM,15756397,60,0,27/05/2026,06/07/2026,25,Ativo,,,901171,c80077d6-4e7a-4b4e-bda3-529649a3feba,FILA,133751,,,
DASS ITABERABA7013904176013115CM1575644915746770BRITB0052720260527-1,OK,DASS ITABERABA,139041,991872,76013,ATAC. M13723 6MM POLIESTER COR 102 [0ad1f344-0431-4b03-a168-b34ffe44e9c1],115CM,15756449,456,15746770BRITB00527,27/05/2026,06/07/2026,25,Ativo,,,901172,0ad1f344-0431-4b03-a168-b34ffe44e9c1,FILA,133752,,,
DASS ITABERABA7013904176013125CM1575644915746770BRITB0052720260527-1,OK,DASS ITABERABA,139041,991872,76013,ATAC. M13723 6MM POLIESTER COR 102 [c7dddda8-925e-469a-bf1d-2fdd813cf919],125CM,15756449,600,15746770BRITB00527,27/05/2026,06/07/2026,25,Ativo,,,901173,c7dddda8-925e-469a-bf1d-2fdd813cf919,FILA,133752,,,
DASS ITABERABA701390419498290CM1575644915746781BRITB0052820260527-1,OK,DASS ITABERABA,139041,1404465,94982,ATAC. M13725 6MM POLIESTER COR 6002 [d370a854-4211-49d9-af53-cde53f32e734],90CM,15756449,420,15746781BRITB00528,27/05/2026,06/07/2026,25,Ativo,,,901174,d370a854-4211-49d9-af53-cde53f32e734,FILA,133752,,,
DASS ITABERABA701390419498290CM1575644915746782BRITB0052820260527-1,OK,DASS ITABERABA,139041,1404465,94982,ATAC. M13725 6MM POLIESTER COR 6002 [12db4d64-4435-41d9-a0dd-fba23690bdff],90CM,15756449,312,15746782BRITB00528,27/05/2026,06/07/2026,25,Ativo,,,901175,12db4d64-4435-41d9-a0dd-fba23690bdff,FILA,133752,,,
DASS ITABERABA7013904194982100CM1575644915746781BRITB0052820260527-1,OK,DASS ITABERABA,139041,1404465,94982,ATAC. M13725 6MM POLIESTER COR 6002 [28c04f42-f90a-4f65-b553-af50c8df3df0],100CM,15756449,696,15746781BRITB00528,27/05/2026,06/07/2026,25,Ativo,,,901176,28c04f42-f90a-4f65-b553-af50c8df3df0,FILA,133752,,,
DASS ITABERABA7013904194982100CM1575644915746782BRITB0052820260527-1,OK,DASS ITABERABA,139041,1404465,94982,ATAC. M13725 6MM POLIESTER COR 6002 [3b0cbb40-1dd9-4a6b-891e-81603fe16fd8],100CM,15756449,576,15746782BRITB00528,27/05/2026,06/07/2026,25,Ativo,,,901177,3b0cbb40-1dd9-4a6b-891e-81603fe16fd8,FILA,133752,,,
DASS ITABERABA7013904173877120CM1575644915746744ARG201957-20260527-1,OK,DASS ITABERABA,139041,1024417,73877,ATAC. M21020 8MM POLIESTER COR 057 [b89357e5-fb64-4a85-94ec-4195a89e37f3],120CM,15756449,528,15746744ARG201957-,27/05/2026,06/07/2026,25,Ativo,,,901178,b89357e5-fb64-4a85-94ec-4195a89e37f3,FILA,133752,,,
DASS ITABERABA7013904173877130CM1575644915746744ARG201957-20260527-1,OK,DASS ITABERABA,139041,1024417,73877,ATAC. M21020 8MM POLIESTER COR 057 [9cd1a112-3ab9-4dfd-9ba8-6ce1bbb0e529],130CM,15756449,432,15746744ARG201957-,27/05/2026,06/07/2026,25,Ativo,,,901179,9cd1a112-3ab9-4dfd-9ba8-6ce1bbb0e529,FILA,133752,,,
DASS ITABERABA7013904178570120CM1575644915746771ARG201958-20260527-1,OK,DASS ITABERABA,139041,1140249,78570,ATAC. M21020 8MM POLIESTER COR 263 [3712734e-ae2f-41db-818d-8f7517212638],120CM,15756449,528,15746771ARG201958-,27/05/2026,06/07/2026,25,Ativo,,,901180,3712734e-ae2f-41db-818d-8f7517212638,FILA,133752,,,
DASS ITABERABA7013904178570120CM1575644915746772ARG201958-20260527-1,OK,DASS ITABERABA,139041,1140249,78570,ATAC. M21020 8MM POLIESTER COR 263 [ef1e0e03-8fcf-47a9-a32f-5a93df8f28da],120CM,15756449,528,15746772ARG201958-,27/05/2026,06/07/2026,25,Ativo,,,901181,ef1e0e03-8fcf-47a9-a32f-5a93df8f28da,FILA,133752,,,
DASS ITABERABA7013904178570130CM1575644915746771ARG201958-20260527-1,OK,DASS ITABERABA,139041,1140249,78570,ATAC. M21020 8MM POLIESTER COR 263 [ba65ff9e-c405-42a6-8f34-ec3fafb1f94b],130CM,15756449,432,15746771ARG201958-,27/05/2026,06/07/2026,25,Ativo,,,901182,ba65ff9e-c405-42a6-8f34-ec3fafb1f94b,FILA,133752,,,
DASS ITABERABA7013904178570130CM1575644915746772ARG201958-20260527-1,OK,DASS ITABERABA,139041,1140249,78570,ATAC. M21020 8MM POLIESTER COR 263 [1a30b8a6-f79a-44c5-bd06-7db25e5a00df],130CM,15756449,432,15746772ARG201958-,27/05/2026,06/07/2026,25,Ativo,,,901183,1a30b8a6-f79a-44c5-bd06-7db25e5a00df,FILA,133752,,,
DASS ITABERABA701395059294515MM1581118420260610-1,OK,DASS ITABERABA,139505,1403524,92945,FITA M32207 C/ GOMA POLIESTER COR 788 / COR 174 / COR 788 [f0a22459-2b27-498c-a735-c00ec2408515],15MM,15811184,220,0,10/06/2026,06/07/2026,25,Ativo,,,901184,f0a22459-2b27-498c-a735-c00ec2408515,FILA,134256,,,
DASS ITABERABA701395059295015MM1581118420260610-1,OK,DASS ITABERABA,139505,1403527,92950,FITA M32207 C/ GOMA POLIESTER COR 114 / COR 491 / COR 114 [d0676780-a962-424b-9fae-f2abf23ecebd],15MM,15811184,580,0,10/06/2026,06/07/2026,25,Ativo,,,901185,d0676780-a962-424b-9fae-f2abf23ecebd,FILA,134256,,,
DASS ITABERABA701395057016410MM1581118420260610-1,OK,DASS ITABERABA,139505,998350,70164,FITA MFGP C/ GOMA POLIESTER COR 100 [3a2ff9d9-c75c-4ecb-9516-13fa6b797ddd],10MM,15811184,3870,0,10/06/2026,06/07/2026,25,Ativo,,,901186,3a2ff9d9-c75c-4ecb-9516-13fa6b797ddd,FILA,134256,,,
DASS ITABERABA701395057016415MM1581118420260610-1,OK,DASS ITABERABA,139505,783896,70164,FITA MFGP C/ GOMA POLIESTER COR 100 [4132dd70-ca5e-47de-a5d7-fc8e0d1c856d],15MM,15811184,730,0,10/06/2026,06/07/2026,25,Ativo,,,901187,4132dd70-ca5e-47de-a5d7-fc8e0d1c856d,FILA,134256,,,
DASS ITABERABA701395057352215MM1581118420260610-1,OK,DASS ITABERABA,139505,902057,73522,FITA MFGP C/ GOMA POLIESTER COR 057 [f56fcd9d-da4c-4eb1-bfb0-9dfa31412f23],15MM,15811184,400,0,10/06/2026,06/07/2026,25,Ativo,,,901188,f56fcd9d-da4c-4eb1-bfb0-9dfa31412f23,FILA,134256,,,
DASS ITABERABA701395057358915MM1581118420260610-1,OK,DASS ITABERABA,139505,975119,73589,FITA MFGP C/ GOMA POLIESTER COR 263 [5b226185-9b1c-4cf8-bd0e-bb21f210bc8e],15MM,15811184,800,0,10/06/2026,06/07/2026,25,Ativo,,,901189,5b226185-9b1c-4cf8-bd0e-bb21f210bc8e,FILA,134256,,,
DASS ITABERABA701395059042215MM1581118420260610-1,OK,DASS ITABERABA,139505,1354620,90422,FITA MFGP C/ GOMA POLIESTER COR 5703 [3857b7fb-4871-456e-ad19-b695c1674166],15MM,15811184,300,0,10/06/2026,06/07/2026,25,Ativo,,,901190,3857b7fb-4871-456e-ad19-b695c1674166,FILA,134256,,,
DASS ITABERABA701395059218115MM1581118420260610-1,OK,DASS ITABERABA,139505,1387456,92181,FITA MFGP C/ GOMA POLIESTER COR 5094 [b8cc3231-dcff-4cd2-aa9c-ed037841b102],15MM,15811184,390,0,10/06/2026,06/07/2026,25,Ativo,,,901191,b8cc3231-dcff-4cd2-aa9c-ed037841b102,FILA,134256,,,
DASS ITABERABA701395059230015MM1581118420260610-1,OK,DASS ITABERABA,139505,1386952,92300,FITA MFGP C/ GOMA POLIESTER COR 788 [8ffac4a0-d840-49fc-9480-741392188bee],15MM,15811184,350,0,10/06/2026,06/07/2026,25,Ativo,,,901192,8ffac4a0-d840-49fc-9480-741392188bee,FILA,134256,,,
DASS ITABERABA701395059538216MM1581118420260610-1,OK,DASS ITABERABA,139505,1403058,95382,FITA M31119 C/ GOMA POLIESTER COR 788 / COR 5768 / COR 5768 [3774570b-65c4-4887-9a3b-d9402e15ec27],16MM,15811184,110,0,10/06/2026,06/07/2026,25,Ativo,,,901193,3774570b-65c4-4887-9a3b-d9402e15ec27,FILA,134256,,,
DASS ITABERABA701395059538316MM1581118420260610-1,OK,DASS ITABERABA,139505,1417771,95383,FITA M31119 C/ GOMA POLIESTER COR 5855 / COR 5768 / COR 5768 [b11d119e-80b2-410b-bf98-eef90028ce60],16MM,15811184,160,0,10/06/2026,06/07/2026,25,Ativo,,,901194,b11d119e-80b2-410b-bf98-eef90028ce60,FILA,134256,,,
DASS ITABERABA701395067559390CM1581122815800654BRITB0053020260610-1,OK,DASS ITABERABA,139506,1179318,75593,ATAC. M13725 6MM POLIESTER COR 057 [b9d5e99f-a402-4eb9-9d7e-378020256570],90CM,15811228,312,15800654BRITB00530,10/06/2026,06/07/2026,25,Ativo,,,901195,b9d5e99f-a402-4eb9-9d7e-378020256570,FILA,134257,,,
DASS ITABERABA7013950675593100CM1581122815800654BRITB0053020260610-1,OK,DASS ITABERABA,139506,1179318,75593,ATAC. M13725 6MM POLIESTER COR 057 [58fbde5b-1e36-40d6-a5df-4056061ff4b9],100CM,15811228,744,15800654BRITB00530,10/06/2026,06/07/2026,25,Ativo,,,901196,58fbde5b-1e36-40d6-a5df-4056061ff4b9,FILA,134257,,,
DASS ITABERABA7013950675595100CM1581122815800621BRITB0052920260610-1,OK,DASS ITABERABA,139506,1175396,75595,ATAC. M13725 6MM POLIESTER COR 100 [a23d8a18-a6ff-4c9e-9148-a2fbac309721],100CM,15811228,444,15800621BRITB00529,10/06/2026,06/07/2026,25,Ativo,,,901197,a23d8a18-a6ff-4c9e-9148-a2fbac309721,FILA,134257,,,
DASS ITABERABA7013950675595100CM1581122815800622BRITB0052920260610-1,OK,DASS ITABERABA,139506,1175396,75595,ATAC. M13725 6MM POLIESTER COR 100 [a25346b9-310a-4a9a-b48d-b37408689023],100CM,15811228,336,15800622BRITB00529,10/06/2026,06/07/2026,25,Ativo,,,901198,a25346b9-310a-4a9a-b48d-b37408689023,FILA,134257,,,
DASS ITABERABA7013950675595110CM1581122815800621BRITB0052920260610-1,OK,DASS ITABERABA,139506,1175396,75595,ATAC. M13725 6MM POLIESTER COR 100 [4e8481b6-89c3-465a-8dbf-a0fb609a9097],110CM,15811228,684,15800621BRITB00529,10/06/2026,06/07/2026,25,Ativo,,,901199,4e8481b6-89c3-465a-8dbf-a0fb609a9097,FILA,134257,,,
DASS ITABERABA7013950675595110CM1581122815800622BRITB0052920260610-1,OK,DASS ITABERABA,139506,1175396,75595,ATAC. M13725 6MM POLIESTER COR 100 [0a1adaf6-e5f7-40e6-a450-556a6c915e6f],110CM,15811228,588,15800622BRITB00529,10/06/2026,06/07/2026,25,Ativo,,,901200,0a1adaf6-e5f7-40e6-a450-556a6c915e6f,FILA,134257,,,
DASS ITABERABA7013950676524100CM1581122815800650BRITB0052920260610-1,OK,DASS ITABERABA,139506,816378,76524,ATAC. M13725 6MM POLIESTER COR 263 [f12bf630-3586-40cb-8865-e59bc263e697],100CM,15811228,312,15800650BRITB00529,10/06/2026,06/07/2026,25,Ativo,,,901201,f12bf630-3586-40cb-8865-e59bc263e697,FILA,134257,,,
DASS ITABERABA7013950676524100CM1581122815800651BRITB0052920260610-1,OK,DASS ITABERABA,139506,816378,76524,ATAC. M13725 6MM POLIESTER COR 263 [8a84fab3-3ab0-4976-89be-0d31f18a7b68],100CM,15811228,324,15800651BRITB00529,10/06/2026,06/07/2026,25,Ativo,,,901202,8a84fab3-3ab0-4976-89be-0d31f18a7b68,FILA,134257,,,
DASS ITABERABA7013950676524100CM1581122815800652BRITB0052920260610-1,OK,DASS ITABERABA,139506,816378,76524,ATAC. M13725 6MM POLIESTER COR 263 [82860c79-45c7-49ad-8a72-625fccf728e2],100CM,15811228,540,15800652BRITB00529,10/06/2026,06/07/2026,25,Ativo,,,901203,82860c79-45c7-49ad-8a72-625fccf728e2,FILA,134257,,,
DASS ITABERABA7013950676524110CM1581122815800650BRITB0052920260610-1,OK,DASS ITABERABA,139506,816378,76524,ATAC. M13725 6MM POLIESTER COR 263 [ec635e2f-5550-49a1-8f22-af9b0d6eb210],110CM,15811228,504,15800650BRITB00529,10/06/2026,06/07/2026,25,Ativo,,,901204,ec635e2f-5550-49a1-8f22-af9b0d6eb210,FILA,134257,,,
DASS ITABERABA7013950676524110CM1581122815800651BRITB0052920260610-1,OK,DASS ITABERABA,139506,816378,76524,ATAC. M13725 6MM POLIESTER COR 263 [563b8833-9890-4e08-afe1-fb5970f17410],110CM,15811228,528,15800651BRITB00529,10/06/2026,06/07/2026,25,Ativo,,,901205,563b8833-9890-4e08-afe1-fb5970f17410,FILA,134257,,,
DASS ITABERABA7013950676524110CM1581122815800652BRITB0052920260610-1,OK,DASS ITABERABA,139506,816378,76524,ATAC. M13725 6MM POLIESTER COR 263 [d8f81b16-c276-4d7a-b3f5-48d3733b15cc],110CM,15811228,840,15800652BRITB00529,10/06/2026,06/07/2026,25,Ativo,,,901206,d8f81b16-c276-4d7a-b3f5-48d3733b15cc,FILA,134257,,,
DASS ITABERABA701395069498290CM1581122815800653BRITB0053020260610-1,OK,DASS ITABERABA,139506,1404465,94982,ATAC. M13725 6MM POLIESTER COR 6002 [cad61def-e482-47ef-b400-9c10e8c49350],90CM,15811228,456,15800653BRITB00530,10/06/2026,06/07/2026,25,Ativo,,,901207,cad61def-e482-47ef-b400-9c10e8c49350,FILA,134257,,,
DASS ITABERABA7013950694982100CM1581122815800653BRITB0053020260610-1,OK,DASS ITABERABA,139506,1404465,94982,ATAC. M13725 6MM POLIESTER COR 6002 [4fefb4c8-1747-49a4-a4dc-7f45bba5e7b1],100CM,15811228,588,15800653BRITB00530,10/06/2026,06/07/2026,25,Ativo,,,901208,4fefb4c8-1747-49a4-a4dc-7f45bba5e7b1,FILA,134257,,,
DASS ITABERABA701395068420295CM1581122815801330ARG20196820260610-1,OK,DASS ITABERABA,139506,1259297,84202,ATAC. M13727 POLIESTER COR 100 / COR 102 [4b113b82-5714-4d88-a88e-c75cd5de265c],95CM,15811228,492,15801330ARG201968,10/06/2026,06/07/2026,25,Ativo,,,901209,4b113b82-5714-4d88-a88e-c75cd5de265c,FILA,134257,,,
DASS ITABERABA701395068420295CM1581122815801331ARG20196920260610-1,OK,DASS ITABERABA,139506,1259297,84202,ATAC. M13727 POLIESTER COR 100 / COR 102 [de540d45-df39-4839-9e3d-9cfe7388d74c],95CM,15811228,372,15801331ARG201969,10/06/2026,06/07/2026,25,Ativo,,,901210,de540d45-df39-4839-9e3d-9cfe7388d74c,FILA,134257,,,
DASS ITABERABA7013950684202100CM1581122815801329ARG20196120260610-1,OK,DASS ITABERABA,139506,1259297,84202,ATAC. M13727 POLIESTER COR 100 / COR 102 [7cf920b3-8d76-4e77-9b75-885e3065dd7b],100CM,15811228,960,15801329ARG201961,10/06/2026,06/07/2026,25,Ativo,,,901211,7cf920b3-8d76-4e77-9b75-885e3065dd7b,FILA,134257,,,
DASS ITABERABA7013950684202100CM1581122815801330ARG20196820260610-1,OK,DASS ITABERABA,139506,1259297,84202,ATAC. M13727 POLIESTER COR 100 / COR 102 [5cb4180d-9270-4d1a-96f9-cbed4aec79ed],100CM,15811228,708,15801330ARG201968,10/06/2026,06/07/2026,25,Ativo,,,901212,5cb4180d-9270-4d1a-96f9-cbed4aec79ed,FILA,134257,,,
DASS ITABERABA7013950684202100CM1581122815801331ARG20196920260610-1,OK,DASS ITABERABA,139506,1259297,84202,ATAC. M13727 POLIESTER COR 100 / COR 102 [6488db65-5d3f-4ac4-b679-6754e457d2ab],100CM,15811228,588,15801331ARG201969,10/06/2026,06/07/2026,25,Ativo,,,901213,6488db65-5d3f-4ac4-b679-6754e457d2ab,FILA,134257,,,
DASS ITABERABA7013950684202105CM1581122815801329ARG20196120260610-1,OK,DASS ITABERABA,139506,1259297,84202,ATAC. M13727 POLIESTER COR 100 / COR 102 [195d474f-ae96-4348-9e12-d81752a6fd91],105CM,15811228,240,15801329ARG201961,10/06/2026,06/07/2026,25,Ativo,,,901214,195d474f-ae96-4348-9e12-d81752a6fd91,FILA,134257,,,
DASS ITABERABA701395068796890CM1581122815800675FIL001511-20260610-1,OK,DASS ITABERABA,139506,1286937,87968,ATAC. M13727 POLIESTER COR 114 / COR 5535 [a9404a7b-7a59-40d0-a113-5b83ca28e7ed],90CM,15811228,312,15800675FIL001511-,10/06/2026,06/07/2026,25,Ativo,,,901215,a9404a7b-7a59-40d0-a113-5b83ca28e7ed,FILA,134257,,,
DASS ITABERABA701395068796890CM1581122815800676FIL001511-20260610-1,OK,DASS ITABERABA,139506,1286937,87968,ATAC. M13727 POLIESTER COR 114 / COR 5535 [f4f6d99d-9250-4509-81bd-18596c824764],90CM,15811228,324,15800676FIL001511-,10/06/2026,06/07/2026,25,Ativo,,,901216,f4f6d99d-9250-4509-81bd-18596c824764,FILA,134257,,,
DASS ITABERABA7013950687968100CM1581122815800675FIL001511-20260610-1,OK,DASS ITABERABA,139506,1286937,87968,ATAC. M13727 POLIESTER COR 114 / COR 5535 [243835db-445f-4d17-984e-b749ffe51276],100CM,15811228,444,15800675FIL001511-,10/06/2026,06/07/2026,25,Ativo,,,901217,243835db-445f-4d17-984e-b749ffe51276,FILA,134257,,,
DASS ITABERABA7013950687968100CM1581122815800676FIL001511-20260610-1,OK,DASS ITABERABA,139506,1286937,87968,ATAC. M13727 POLIESTER COR 114 / COR 5535 [f52e2201-1df4-4560-ad20-4c1a14581b4c],100CM,15811228,468,15800676FIL001511-,10/06/2026,06/07/2026,25,Ativo,,,901218,f52e2201-1df4-4560-ad20-4c1a14581b4c,FILA,134257,,,
DASS ITABERABA7013950688007100CM1581122815800657FIL00149120260610-1,OK,DASS ITABERABA,139506,1281681,88007,ATAC. M13727 POLIESTER COR 100 / COR 114 [d9bfcf75-8882-4d34-8395-3d056661ed9e],100CM,15811228,372,15800657FIL001491,10/06/2026,06/07/2026,25,Ativo,,,901219,d9bfcf75-8882-4d34-8395-3d056661ed9e,FILA,134257,,,
DASS ITABERABA7013950688007110CM1581122815800657FIL00149120260610-1,OK,DASS ITABERABA,139506,1281681,88007,ATAC. M13727 POLIESTER COR 100 / COR 114 [e3de16d1-5fbc-4c47-ab7a-af7a7d7f3d59],110CM,15811228,180,15800657FIL001491,10/06/2026,06/07/2026,25,Ativo,,,901220,e3de16d1-5fbc-4c47-ab7a-af7a7d7f3d59,FILA,134257,,,
DASS ITABERABA701395069024890CM1581122815800672FIL00150820260610-1,OK,DASS ITABERABA,139506,1310138,90248,ATAC. M13727 POLIESTER COR 5508 / COR 5535 [f3048824-0a42-4d0a-91f9-3bca4912469b],90CM,15811228,384,15800672FIL001508,10/06/2026,06/07/2026,25,Ativo,,,901221,f3048824-0a42-4d0a-91f9-3bca4912469b,FILA,134257,,,
DASS ITABERABA7013950690248100CM1581122815800667FIL00149520260610-1,OK,DASS ITABERABA,139506,1310138,90248,ATAC. M13727 POLIESTER COR 5508 / COR 5535 [e519d1f7-a131-4c36-8edc-ffac8e6b4253],100CM,15811228,504,15800667FIL001495,10/06/2026,06/07/2026,25,Ativo,,,901222,e519d1f7-a131-4c36-8edc-ffac8e6b4253,FILA,134257,,,
DASS ITABERABA7013950690248100CM1581122815800672FIL00150820260610-1,OK,DASS ITABERABA,139506,1310138,90248,ATAC. M13727 POLIESTER COR 5508 / COR 5535 [97a3a157-c49b-4e22-8978-7883ab4a5908],100CM,15811228,444,15800672FIL001508,10/06/2026,06/07/2026,25,Ativo,,,901223,97a3a157-c49b-4e22-8978-7883ab4a5908,FILA,134257,,,
DASS ITABERABA7013950690248110CM1581122815800667FIL00149520260610-1,OK,DASS ITABERABA,139506,1310138,90248,ATAC. M13727 POLIESTER COR 5508 / COR 5535 [72cecdf3-276e-450c-bd57-89d01c9f6f0b],110CM,15811228,336,15800667FIL001495,10/06/2026,06/07/2026,25,Ativo,,,901224,72cecdf3-276e-450c-bd57-89d01c9f6f0b,FILA,134257,,,
DASS ITABERABA7013950695778100CM1581122815800668FIL00149620260610-1,OK,DASS ITABERABA,139506,1403289,95778,ATAC. M13727 POLIESTER COR 4039 / COR 114 [3a2e6c27-9efe-4b4e-90a3-aa70b91276ab],100CM,15811228,744,15800668FIL001496,10/06/2026,06/07/2026,25,Ativo,,,901225,3a2e6c27-9efe-4b4e-90a3-aa70b91276ab,FILA,134257,,,
DASS ITABERABA7013950695778110CM1581122815800668FIL00149620260610-1,OK,DASS ITABERABA,139506,1403289,95778,ATAC. M13727 POLIESTER COR 4039 / COR 114 [2f0496ef-c38f-46fa-94a7-d5394ebc161b],110CM,15811228,312,15800668FIL001496,10/06/2026,06/07/2026,25,Ativo,,,901226,2f0496ef-c38f-46fa-94a7-d5394ebc161b,FILA,134257,,,
DASS ITABERABA7013950673819115CM1581122815800634FIL001501-20260610-1,OK,DASS ITABERABA,139506,1051608,73819,ATAC. M21020 8MM POLIESTER COR 114 [2d6ae491-21ec-4e28-ada5-664c2e7cd4fd],115CM,15811228,444,15800634FIL001501-,10/06/2026,06/07/2026,25,Ativo,,,901227,2d6ae491-21ec-4e28-ada5-664c2e7cd4fd,FILA,134257,,,
DASS ITABERABA7013950673819115CM1581122815800635FIL001501-20260610-1,OK,DASS ITABERABA,139506,1051608,73819,ATAC. M21020 8MM POLIESTER COR 114 [47c7107f-24a0-439b-9ca9-570e0ff8b2c0],115CM,15811228,444,15800635FIL001501-,10/06/2026,06/07/2026,25,Ativo,,,901228,47c7107f-24a0-439b-9ca9-570e0ff8b2c0,FILA,134257,,,
DASS ITABERABA7013950673819125CM1581122815800634FIL001501-20260610-1,OK,DASS ITABERABA,139506,1051608,73819,ATAC. M21020 8MM POLIESTER COR 114 [4a8460b0-a3ad-4bc3-a6a5-8f1173ff642a],125CM,15811228,504,15800634FIL001501-,10/06/2026,06/07/2026,25,Ativo,,,901229,4a8460b0-a3ad-4bc3-a6a5-8f1173ff642a,FILA,134257,,,
DASS ITABERABA7013950673819125CM1581122815800635FIL001501-20260610-1,OK,DASS ITABERABA,139506,1051608,73819,ATAC. M21020 8MM POLIESTER COR 114 [91bcca0c-ebd6-4770-9599-b64bde507283],125CM,15811228,540,15800635FIL001501-,10/06/2026,06/07/2026,25,Ativo,,,901230,91bcca0c-ebd6-4770-9599-b64bde507283,FILA,134257,,,
DASS ITABERABA7013950695779115CM1581122815801335EXP010645420260610-1,NÃO,DASS ITABERABA,139506,1421812,95779,ATAC. M21020 8MM REFLEX COR 5998/1 [e042ea36-f636-4796-9815-e441a379ce4a],115CM,15811228,462,15801335EXP0106454,10/06/2026,06/07/2026,25,Ativo,,,901231,e042ea36-f636-4796-9815-e441a379ce4a,FILA,134257,,,
DASS ITABERABA7013950695779125CM1581122815801335EXP010645420260610-1,NÃO,DASS ITABERABA,139506,1421812,95779,ATAC. M21020 8MM REFLEX COR 5998/1 [9fbcc844-5572-4ae0-9892-59757163b990],125CM,15811228,258,15801335EXP0106454,10/06/2026,06/07/2026,25,Ativo,,,901232,9fbcc844-5572-4ae0-9892-59757163b990,FILA,134257,,,
DASS ITABERABA701395277016410MM1581173520260610-1,OK,DASS ITABERABA,139527,998350,70164,FITA MFGP C/ GOMA POLIESTER COR 100 [0ddf354e-36b5-4614-8eb3-3c75d101b65c],10MM,15811735,280,0,10/06/2026,06/07/2026,25,Ativo,,,901233,0ddf354e-36b5-4614-8eb3-3c75d101b65c,FILA,134281,,,
DASS ITABERABA701395279230015MM1581173520260610-1,OK,DASS ITABERABA,139527,1386952,92300,FITA MFGP C/ GOMA POLIESTER COR 788 [b6fcdca3-8aec-49b4-b433-06be573ed87d],15MM,15811735,70,0,10/06/2026,06/07/2026,25,Ativo,,,901234,b6fcdca3-8aec-49b4-b433-06be573ed87d,FILA,134281,,,
DASS SANTO ANTONIO152613908075606120CM1575994815746102BRSA00178720260528-1,OK,DASS SANTO ANTONIO,139080,1174322,75606,ATAC. M13723 6MM POLIESTER COR 100 [4d287705-00b5-472b-822a-07ebb0964aaa],120CM,15759948,276,15746102BRSA001787,28/05/2026,06/07/2026,25,Ativo,,,901235,4d287705-00b5-472b-822a-07ebb0964aaa,FILA,133791,,,
DASS SANTO ANTONIO152613908075606130CM1575994815746102BRSA00178720260528-1,OK,DASS SANTO ANTONIO,139080,1174322,75606,ATAC. M13723 6MM POLIESTER COR 100 [37bd0d69-a74d-4782-b27e-52e61e576a9e],130CM,15759948,252,15746102BRSA001787,28/05/2026,06/07/2026,25,Ativo,,,901236,37bd0d69-a74d-4782-b27e-52e61e576a9e,FILA,133791,,,
DASS SANTO ANTONIO152613908194667110CM1576214015746103BRSA00179020260528-1,OK,DASS SANTO ANTONIO,139081,1401353,94667,ATAC. M13723 6MM POLIESTER COR 6002 [348313df-68e1-451b-8d0b-3c8fa3130ff9],110CM,15762140,144,15746103BRSA001790,28/05/2026,06/07/2026,25,Ativo,,,901237,348313df-68e1-451b-8d0b-3c8fa3130ff9,FILA,133792,,,
DASS SANTO ANTONIO152613908194667120CM1576214015746103BRSA00179020260528-1,OK,DASS SANTO ANTONIO,139081,1401353,94667,ATAC. M13723 6MM POLIESTER COR 6002 [8a16f30b-b983-4a93-90ee-7a1feaeedd0a],120CM,15762140,396,15746103BRSA001790,28/05/2026,06/07/2026,25,Ativo,,,901238,8a16f30b-b983-4a93-90ee-7a1feaeedd0a,FILA,133792,,,
DASS SANTO ANTONIO152613908195297120CM1576214015746135BRSA00178820260528-1,OK,DASS SANTO ANTONIO,139081,1415812,95297,ATAC. M13723 6MM POLIESTER COR 4539 [f1eade59-9bcf-4bdd-93c9-c7ca7f39bff5],120CM,15762140,408,15746135BRSA001788,28/05/2026,06/07/2026,25,Ativo,,,901239,f1eade59-9bcf-4bdd-93c9-c7ca7f39bff5,FILA,133792,,,
DASS SANTO ANTONIO152613908195297130CM1576214015746135BRSA00178820260528-1,OK,DASS SANTO ANTONIO,139081,1415812,95297,ATAC. M13723 6MM POLIESTER COR 4539 [d468d0be-9814-4b99-a5a5-1ccadeb9612f],130CM,15762140,240,15746135BRSA001788,28/05/2026,06/07/2026,25,Ativo,,,901240,d468d0be-9814-4b99-a5a5-1ccadeb9612f,FILA,133792,,,
DASS ITABERABA701387289400015MM1572546120260520-1,OK,DASS ITABERABA,138728,1425014,94000,FITA MFGP C/ GOMA POLIESTER COR 5598 [f67bb74d-c448-42ca-b1d9-a58e5429e5a3],15MM,15725461,190,0,20/05/2026,08/07/2026,27,Ativo,,,901241,f67bb74d-c448-42ca-b1d9-a58e5429e5a3,ASICS,133534,,,
DASS ITABERABA7013872987888110CM1572546315719397ASB005274920260520-1,OK,DASS ITABERABA,138729,1310003,87888,ATAC. M18006 POLIESTER COR 5451 [dd87824b-0796-4a09-814c-918f3486cfb8],110CM,15725463,742,15719397ASB0052749,20/05/2026,08/07/2026,27,Ativo,,,901242,dd87824b-0796-4a09-814c-918f3486cfb8,ASICS,133535,,,
DASS ITABERABA7013872987888120CM1572546315719397ASB005274920260520-1,OK,DASS ITABERABA,138729,1310003,87888,ATAC. M18006 POLIESTER COR 5451 [ce048945-ea1e-497e-9654-c7aa131ee8de],120CM,15725463,247,15719397ASB0052749,20/05/2026,08/07/2026,27,Ativo,,,901243,ce048945-ea1e-497e-9654-c7aa131ee8de,ASICS,133535,,,
DASS ITABERABA7013872992607135CM1572546315719334ASB005276320260520-1,OK,DASS ITABERABA,138729,1392406,92607,ATAC. 6ALN POLIESTER COR 4049 [4d75e781-c084-462e-b5f4-5a3036aa205d],135CM,15725463,311,15719334ASB0052763,20/05/2026,08/07/2026,27,Ativo,,,901244,4d75e781-c084-462e-b5f4-5a3036aa205d,ASICS,133535,,,
DASS ITABERABA7013872985476130CM1572546315719320ASB005278520260520-1,OK,DASS ITABERABA,138729,1231865,85476,ATAC. M22037 6MM REFLEX COR 4085/1 [09e56eb0-e74f-456d-a5d3-98c1aa54a314],130CM,15725463,882,15719320ASB0052785,20/05/2026,08/07/2026,27,Ativo,,,901245,09e56eb0-e74f-456d-a5d3-98c1aa54a314,ASICS,133535,,,
DASS ITABERABA7013872985476130CM1572546315719321ASB005278520260520-1,OK,DASS ITABERABA,138729,1231865,85476,ATAC. M22037 6MM REFLEX COR 4085/1 [503ece0e-7932-46a6-96d9-29c2a140fc58],130CM,15725463,887,15719321ASB0052785,20/05/2026,08/07/2026,27,Ativo,,,901246,503ece0e-7932-46a6-96d9-29c2a140fc58,ASICS,133535,,,
DASS ITABERABA7013872985476140CM1572546315719320ASB005278520260520-1,OK,DASS ITABERABA,138729,1231865,85476,ATAC. M22037 6MM REFLEX COR 4085/1 [49468cc6-f9da-4180-b767-41da20afe18d],140CM,15725463,444,15719320ASB0052785,20/05/2026,08/07/2026,27,Ativo,,,901247,49468cc6-f9da-4180-b767-41da20afe18d,ASICS,133535,,,
DASS ITABERABA7013872985476140CM1572546315719321ASB005278520260520-1,OK,DASS ITABERABA,138729,1231865,85476,ATAC. M22037 6MM REFLEX COR 4085/1 [880ebd5a-5281-46ca-92ca-e9c48fd9ea2e],140CM,15725463,458,15719321ASB0052785,20/05/2026,08/07/2026,27,Ativo,,,901248,880ebd5a-5281-46ca-92ca-e9c48fd9ea2e,ASICS,133535,,,
DASS ITABERABA7013872985480120CM1572546315719332ASB005281120260520-1,OK,DASS ITABERABA,138729,1345837,85480,ATAC. M22037 6MM REFLEX COR 987/1 [fe3e54fa-2ee6-490c-b8f6-6b05b9f3e05a],120CM,15725463,730,15719332ASB0052811,20/05/2026,08/07/2026,27,Ativo,,,901249,fe3e54fa-2ee6-490c-b8f6-6b05b9f3e05a,ASICS,133535,,,
DASS ITABERABA7013872985480130CM1572546315719332ASB005281120260520-1,OK,DASS ITABERABA,138729,1345837,85480,ATAC. M22037 6MM REFLEX COR 987/1 [ee9895d5-2529-4ac4-988d-1c66b4970843],130CM,15725463,247,15719332ASB0052811,20/05/2026,08/07/2026,27,Ativo,,,901250,ee9895d5-2529-4ac4-988d-1c66b4970843,ASICS,133535,,,
DASS ITABERABA7013872990397120CM1572546315719328ASB005280920260520-1,OK,DASS ITABERABA,138729,1332512,90397,ATAC. M22037 6MM REFLEX COR 5217/1 [10ac550f-9738-4223-9c38-13287689d8cc],120CM,15725463,546,15719328ASB0052809,20/05/2026,08/07/2026,27,Ativo,,,901251,10ac550f-9738-4223-9c38-13287689d8cc,ASICS,133535,,,
DASS ITABERABA7013872990397120CM1572546315719329ASB005280920260520-1,OK,DASS ITABERABA,138729,1332512,90397,ATAC. M22037 6MM REFLEX COR 5217/1 [cecf9c2e-9eb9-4ad3-91d1-caa65b68268c],120CM,15725463,556,15719329ASB0052809,20/05/2026,08/07/2026,27,Ativo,,,901252,cecf9c2e-9eb9-4ad3-91d1-caa65b68268c,ASICS,133535,,,
DASS ITABERABA7013872990397130CM1572546315719328ASB005280920260520-1,OK,DASS ITABERABA,138729,1332512,90397,ATAC. M22037 6MM REFLEX COR 5217/1 [f0043da1-55cc-4c84-a680-fba212fb0314],130CM,15725463,528,15719328ASB0052809,20/05/2026,08/07/2026,27,Ativo,,,901253,f0043da1-55cc-4c84-a680-fba212fb0314,ASICS,133535,,,
DASS ITABERABA7013872990397130CM1572546315719329ASB005280920260520-1,OK,DASS ITABERABA,138729,1332512,90397,ATAC. M22037 6MM REFLEX COR 5217/1 [7539036c-6985-4995-b790-0fd32ee7b425],130CM,15725463,560,15719329ASB0052809,20/05/2026,08/07/2026,27,Ativo,,,901254,7539036c-6985-4995-b790-0fd32ee7b425,ASICS,133535,,,
DASS ITABERABA7013872991133120CM1572546315719330ASB005281020260520-1,OK,DASS ITABERABA,138729,1365482,91133,ATAC. M22037 6MM REFLEX COR 5711 [b0a99da9-5c9e-40f4-92ea-ce00b5332e4e],120CM,15725463,942,15719330ASB0052810,20/05/2026,08/07/2026,27,Ativo,,,901255,b0a99da9-5c9e-40f4-92ea-ce00b5332e4e,ASICS,133535,,,
DASS ITABERABA7013872991133120CM1572546315719331ASB005281020260520-1,OK,DASS ITABERABA,138729,1365482,91133,ATAC. M22037 6MM REFLEX COR 5711 [b10bc5a2-6f46-4491-a35b-6137940dcf56],120CM,15725463,951,15719331ASB0052810,20/05/2026,08/07/2026,27,Ativo,,,901256,b10bc5a2-6f46-4491-a35b-6137940dcf56,ASICS,133535,,,
DASS ITABERABA7013872991133130CM1572546315719330ASB005281020260520-1,OK,DASS ITABERABA,138729,1365482,91133,ATAC. M22037 6MM REFLEX COR 5711 [1ef6f35a-8e3d-412c-849b-0f778aede5f9],130CM,15725463,420,15719330ASB0052810,20/05/2026,08/07/2026,27,Ativo,,,901257,1ef6f35a-8e3d-412c-849b-0f778aede5f9,ASICS,133535,,,
DASS ITABERABA7013872991133130CM1572546315719331ASB005281020260520-1,OK,DASS ITABERABA,138729,1365482,91133,ATAC. M22037 6MM REFLEX COR 5711 [03db24a2-096a-4c42-b714-b9804f45b799],130CM,15725463,445,15719331ASB0052810,20/05/2026,08/07/2026,27,Ativo,,,901258,03db24a2-096a-4c42-b714-b9804f45b799,ASICS,133535,,,
DASS ITABERABA7013872994773130CM1572546315719326ASB005278820260520-1,OK,DASS ITABERABA,138729,1392977,94773,ATAC. M22037 6MM REFLEX COR 6127/1 [f85a34c9-3ca9-4473-9e3a-a2b52b9efc93],130CM,15725463,712,15719326ASB0052788,20/05/2026,08/07/2026,27,Ativo,,,901259,f85a34c9-3ca9-4473-9e3a-a2b52b9efc93,ASICS,133535,,,
DASS ITABERABA7013872994773130CM1572546315719327ASB005278820260520-1,OK,DASS ITABERABA,138729,1392977,94773,ATAC. M22037 6MM REFLEX COR 6127/1 [bc461643-0202-471c-9e47-aced3aaccd72],130CM,15725463,724,15719327ASB0052788,20/05/2026,08/07/2026,27,Ativo,,,901260,bc461643-0202-471c-9e47-aced3aaccd72,ASICS,133535,,,
DASS ITABERABA7013872994773140CM1572546315719326ASB005278820260520-1,OK,DASS ITABERABA,138729,1392977,94773,ATAC. M22037 6MM REFLEX COR 6127/1 [234e6fd1-6668-4922-a40a-53a41fe6349d],140CM,15725463,468,15719326ASB0052788,20/05/2026,08/07/2026,27,Ativo,,,901261,234e6fd1-6668-4922-a40a-53a41fe6349d,ASICS,133535,,,
DASS ITABERABA7013872994773140CM1572546315719327ASB005278820260520-1,OK,DASS ITABERABA,138729,1392977,94773,ATAC. M22037 6MM REFLEX COR 6127/1 [86a20970-fc57-463c-8d87-fe1a82044b5b],140CM,15725463,496,15719327ASB0052788,20/05/2026,08/07/2026,27,Ativo,,,901262,86a20970-fc57-463c-8d87-fe1a82044b5b,ASICS,133535,,,
DASS ITABERABA70138730936981.8MM1572546820260520-1,OK,DASS ITABERABA,138730,1400178,93698,CORDAO M9099 POLIESTER COR 5451 [f7828fa2-2aa5-482f-880f-a4584b8c5ba9],1.8MM,15725468,445,0,20/05/2026,08/07/2026,27,Ativo,,,901263,f7828fa2-2aa5-482f-880f-a4584b8c5ba9,ASICS,133536,,,
DASS SEST71372737400710MM1554350920260410-1,OK,DASS SEST,137273,1200469,74007,FITA M32164 C/ GOMA POLIESTER COR 4085 [34c531f1-936d-4e26-9b80-69ecc8b9d288],10MM,15543509,150,0,10/04/2026,13/07/2026,32,Ativo,,,901264,34c531f1-936d-4e26-9b80-69ecc8b9d288,NIKE,132083,,,
DASS SEST71372738496010MM1554350920260410-1,OK,DASS SEST,137273,1236790,84960,FITA M32164 C/ GOMA POLIESTER COR 5422 [d7f16787-f33e-4f01-9b66-4cc44463839d],10MM,15543509,230,0,10/04/2026,13/07/2026,32,Ativo,,,901265,d7f16787-f33e-4f01-9b66-4cc44463839d,NIKE,132083,,,
DASS SEST713727888668110CM1554197315536918NBR328273520260410-1,OK,DASS SEST,137278,1304277,88668,ATAC. MR110022 7MM RECICLADO COR 4085/PET / COR 496/PET [0b94658e-9083-4283-b769-84a8a47acc89],110CM,15541973,819,15536918NBR3282735,10/04/2026,13/07/2026,32,Ativo,,,901266,0b94658e-9083-4283-b769-84a8a47acc89,NIKE,132084,,,
DASS SEST713727888668110CM1554197315536919NBR328273520260410-1,OK,DASS SEST,137278,1304277,88668,ATAC. MR110022 7MM RECICLADO COR 4085/PET / COR 496/PET [67483d1c-9ecd-436c-9320-774b292ed6aa],110CM,15541973,768,15536919NBR3282735,10/04/2026,13/07/2026,32,Ativo,,,901267,67483d1c-9ecd-436c-9320-774b292ed6aa,NIKE,132084,,,
DASS SEST713727888668110CM1554197315536920NBR328273520260410-1,OK,DASS SEST,137278,1304277,88668,ATAC. MR110022 7MM RECICLADO COR 4085/PET / COR 496/PET [adcd71a9-f080-4757-97b5-85d5a30b1a0f],110CM,15541973,840,15536920NBR3282735,10/04/2026,13/07/2026,32,Ativo,,,901268,adcd71a9-f080-4757-97b5-85d5a30b1a0f,NIKE,132084,,,
DASS SEST713727888668115CM1554197315536918NBR328273520260410-1,OK,DASS SEST,137278,1304277,88668,ATAC. MR110022 7MM RECICLADO COR 4085/PET / COR 496/PET [9cfe70ec-96e1-43ae-92a5-47b728608f74],115CM,15541973,18,15536918NBR3282735,10/04/2026,13/07/2026,32,Ativo,,,901269,9cfe70ec-96e1-43ae-92a5-47b728608f74,NIKE,132084,,,
DASS SEST713727888668115CM1554197315536919NBR328273520260410-1,OK,DASS SEST,137278,1304277,88668,ATAC. MR110022 7MM RECICLADO COR 4085/PET / COR 496/PET [371a8f7e-1320-45c1-9c28-f3f8d329dfc9],115CM,15541973,24,15536919NBR3282735,10/04/2026,13/07/2026,32,Ativo,,,901270,371a8f7e-1320-45c1-9c28-f3f8d329dfc9,NIKE,132084,,,
DASS SEST713727894788110CM1554197315536954NBR328271720260410-1,OK,DASS SEST,137278,1413116,94788,ATAC. MR110022 7MM RECICLADO COR 6140/PET / COR 5687/PET [a8beff64-de0a-4868-8a59-6256d0bcfcff],110CM,15541973,1059,15536954NBR3282717,10/04/2026,13/07/2026,32,Ativo,,,901271,a8beff64-de0a-4868-8a59-6256d0bcfcff,NIKE,132084,,,
DASS SEST713727894788110CM1554197315536955NBR328271720260410-1,OK,DASS SEST,137278,1413116,94788,ATAC. MR110022 7MM RECICLADO COR 6140/PET / COR 5687/PET [03485347-c949-4235-a065-9378b43ec6e0],110CM,15541973,1128,15536955NBR3282717,10/04/2026,13/07/2026,32,Ativo,,,901272,03485347-c949-4235-a065-9378b43ec6e0,NIKE,132084,,,
DASS SEST713727894788110CM1554197315536958NBR328273620260410-1,OK,DASS SEST,137278,1413116,94788,ATAC. MR110022 7MM RECICLADO COR 6140/PET / COR 5687/PET [880dac27-7faa-4378-9abe-453c14cba26e],110CM,15541973,1047,15536958NBR3282736,10/04/2026,13/07/2026,32,Ativo,,,901273,880dac27-7faa-4378-9abe-453c14cba26e,NIKE,132084,,,
DASS SEST713727894788110CM1554197315536959NBR328273620260410-1,OK,DASS SEST,137278,1413116,94788,ATAC. MR110022 7MM RECICLADO COR 6140/PET / COR 5687/PET [7b634352-dbe7-413c-954d-120f959991d2],110CM,15541973,1128,15536959NBR3282736,10/04/2026,13/07/2026,32,Ativo,,,901274,7b634352-dbe7-413c-954d-120f959991d2,NIKE,132084,,,
DASS SEST713727894788110CM1554197315536960NBR328274420260410-1,OK,DASS SEST,137278,1413116,94788,ATAC. MR110022 7MM RECICLADO COR 6140/PET / COR 5687/PET [5183d8f8-f49c-4ad1-b661-111c71eebfb8],110CM,15541973,1059,15536960NBR3282744,10/04/2026,13/07/2026,32,Ativo,,,901275,5183d8f8-f49c-4ad1-b661-111c71eebfb8,NIKE,132084,,,
DASS SEST713727894788110CM1554197315536962NBR328274420260410-1,OK,DASS SEST,137278,1413116,94788,ATAC. MR110022 7MM RECICLADO COR 6140/PET / COR 5687/PET [327b5364-1380-4ba3-8bb4-b14763275509],110CM,15541973,1128,15536962NBR3282744,10/04/2026,13/07/2026,32,Ativo,,,901276,327b5364-1380-4ba3-8bb4-b14763275509,NIKE,132084,,,
DASS SEST713727894788115CM1554197315536954NBR328271720260410-1,OK,DASS SEST,137278,1413116,94788,ATAC. MR110022 7MM RECICLADO COR 6140/PET / COR 5687/PET [bb87fed4-dce3-46b0-a0ca-0236b3d49446],115CM,15541973,12,15536954NBR3282717,10/04/2026,13/07/2026,32,Ativo,,,901277,bb87fed4-dce3-46b0-a0ca-0236b3d49446,NIKE,132084,,,
DASS SEST713727894788115CM1554197315536955NBR328271720260410-1,OK,DASS SEST,137278,1413116,94788,ATAC. MR110022 7MM RECICLADO COR 6140/PET / COR 5687/PET [33f6a8e9-c97a-45ab-8e0b-e05258219e3e],115CM,15541973,24,15536955NBR3282717,10/04/2026,13/07/2026,32,Ativo,,,901278,33f6a8e9-c97a-45ab-8e0b-e05258219e3e,NIKE,132084,,,
DASS SEST713727894788115CM1554197315536958NBR328273620260410-1,OK,DASS SEST,137278,1413116,94788,ATAC. MR110022 7MM RECICLADO COR 6140/PET / COR 5687/PET [7f15d01d-f4b7-46c3-b089-520dd7346308],115CM,15541973,18,15536958NBR3282736,10/04/2026,13/07/2026,32,Ativo,,,901279,7f15d01d-f4b7-46c3-b089-520dd7346308,NIKE,132084,,,
DASS SEST713727894788115CM1554197315536959NBR328273620260410-1,OK,DASS SEST,137278,1413116,94788,ATAC. MR110022 7MM RECICLADO COR 6140/PET / COR 5687/PET [ce8f88a2-59f0-4816-bdec-ce95046e23c8],115CM,15541973,24,15536959NBR3282736,10/04/2026,13/07/2026,32,Ativo,,,901280,ce8f88a2-59f0-4816-bdec-ce95046e23c8,NIKE,132084,,,
DASS SEST713727894788115CM1554197315536960NBR328274420260410-1,OK,DASS SEST,137278,1413116,94788,ATAC. MR110022 7MM RECICLADO COR 6140/PET / COR 5687/PET [5bbc9631-f1d8-473a-b479-57183064f048],115CM,15541973,12,15536960NBR3282744,10/04/2026,13/07/2026,32,Ativo,,,901281,5bbc9631-f1d8-473a-b479-57183064f048,NIKE,132084,,,
DASS SEST713727894788115CM1554197315536962NBR328274420260410-1,OK,DASS SEST,137278,1413116,94788,ATAC. MR110022 7MM RECICLADO COR 6140/PET / COR 5687/PET [644faca7-79f8-46b9-a421-100884e9e1a1],115CM,15541973,24,15536962NBR3282744,10/04/2026,13/07/2026,32,Ativo,,,901282,644faca7-79f8-46b9-a421-100884e9e1a1,NIKE,132084,,,
DASS SEST713727894789110CM1554197315536927NBR328270420260410-1,OK,DASS SEST,137278,1408856,94789,ATAC. MR110022 7MM RECICLADO COR 4662/PET / COR 057/PET [e67a2076-7881-486e-9108-28291dd763cb],110CM,15541973,198,15536927NBR3282704,10/04/2026,13/07/2026,32,Ativo,,,901283,e67a2076-7881-486e-9108-28291dd763cb,NIKE,132084,,,
DASS SEST713727894789110CM1554197315536928NBR328270420260410-1,OK,DASS SEST,137278,1408856,94789,ATAC. MR110022 7MM RECICLADO COR 4662/PET / COR 057/PET [e49571bc-596c-433d-908a-cadd47df557c],110CM,15541973,216,15536928NBR3282704,10/04/2026,13/07/2026,32,Ativo,,,901284,e49571bc-596c-433d-908a-cadd47df557c,NIKE,132084,,,
DASS SEST713727894789110CM1554197315536929NBR328272320260410-1,OK,DASS SEST,137278,1408856,94789,ATAC. MR110022 7MM RECICLADO COR 4662/PET / COR 057/PET [fb4f0359-1a69-4f76-832e-91cd11afd3be],110CM,15541973,198,15536929NBR3282723,10/04/2026,13/07/2026,32,Ativo,,,901285,fb4f0359-1a69-4f76-832e-91cd11afd3be,NIKE,132084,,,
DASS SEST713727894789110CM1554197315536930NBR328272320260410-1,OK,DASS SEST,137278,1408856,94789,ATAC. MR110022 7MM RECICLADO COR 4662/PET / COR 057/PET [70c51983-23e1-4f4d-af54-2cabfbad07df],110CM,15541973,216,15536930NBR3282723,10/04/2026,13/07/2026,32,Ativo,,,901286,70c51983-23e1-4f4d-af54-2cabfbad07df,NIKE,132084,,,
DASS SEST713727894789115CM1554197315536927NBR328270420260410-1,OK,DASS SEST,137278,1408856,94789,ATAC. MR110022 7MM RECICLADO COR 4662/PET / COR 057/PET [c9d7a8fd-fc2b-466b-8924-50e71d174fea],115CM,15541973,524,15536927NBR3282704,10/04/2026,13/07/2026,32,Ativo,,,901287,c9d7a8fd-fc2b-466b-8924-50e71d174fea,NIKE,132084,,,
DASS SEST713727894789115CM1554197315536928NBR328270420260410-1,OK,DASS SEST,137278,1408856,94789,ATAC. MR110022 7MM RECICLADO COR 4662/PET / COR 057/PET [1b03bb43-3674-455e-a5dd-914101b4cf3d],115CM,15541973,540,15536928NBR3282704,10/04/2026,13/07/2026,32,Ativo,,,901288,1b03bb43-3674-455e-a5dd-914101b4cf3d,NIKE,132084,,,
DASS SEST713727894789115CM1554197315536929NBR328272320260410-1,OK,DASS SEST,137278,1408856,94789,ATAC. MR110022 7MM RECICLADO COR 4662/PET / COR 057/PET [eff633c8-0374-45f6-8b32-bd05134d8d4b],115CM,15541973,518,15536929NBR3282723,10/04/2026,13/07/2026,32,Ativo,,,901289,eff633c8-0374-45f6-8b32-bd05134d8d4b,NIKE,132084,,,
DASS SEST713727894789115CM1554197315536930NBR328272320260410-1,OK,DASS SEST,137278,1408856,94789,ATAC. MR110022 7MM RECICLADO COR 4662/PET / COR 057/PET [d9460dd7-e247-447b-834a-15745cb451df],115CM,15541973,540,15536930NBR3282723,10/04/2026,13/07/2026,32,Ativo,,,901290,d9460dd7-e247-447b-834a-15745cb451df,NIKE,132084,,,
DASS SEST713727894789120CM1554197315536927NBR328270420260410-1,OK,DASS SEST,137278,1408856,94789,ATAC. MR110022 7MM RECICLADO COR 4662/PET / COR 057/PET [0d519505-9412-45ab-b7b6-b7937408e116],120CM,15541973,66,15536927NBR3282704,10/04/2026,13/07/2026,32,Ativo,,,901291,0d519505-9412-45ab-b7b6-b7937408e116,NIKE,132084,,,
DASS SEST713727894789120CM1554197315536928NBR328270420260410-1,OK,DASS SEST,137278,1408856,94789,ATAC. MR110022 7MM RECICLADO COR 4662/PET / COR 057/PET [ed777011-ade8-4bd2-8273-c48776ca82fe],120CM,15541973,72,15536928NBR3282704,10/04/2026,13/07/2026,32,Ativo,,,901292,ed777011-ade8-4bd2-8273-c48776ca82fe,NIKE,132084,,,
DASS SEST713727894789120CM1554197315536929NBR328272320260410-1,OK,DASS SEST,137278,1408856,94789,ATAC. MR110022 7MM RECICLADO COR 4662/PET / COR 057/PET [03708783-3c13-4193-b6c6-185e9cd9738b],120CM,15541973,66,15536929NBR3282723,10/04/2026,13/07/2026,32,Ativo,,,901293,03708783-3c13-4193-b6c6-185e9cd9738b,NIKE,132084,,,
DASS SEST713727894789120CM1554197315536930NBR328272320260410-1,OK,DASS SEST,137278,1408856,94789,ATAC. MR110022 7MM RECICLADO COR 4662/PET / COR 057/PET [0cefabcb-d592-4786-ba69-d334706d8b14],120CM,15541973,72,15536930NBR3282723,10/04/2026,13/07/2026,32,Ativo,,,901294,0cefabcb-d592-4786-ba69-d334706d8b14,NIKE,132084,,,
DASS SEST713727895027110CM1554197315536923NBR328270320260410-1,OK,DASS SEST,137278,1408855,95027,ATAC. MR110022 7MM RECICLADO COR 4085/PET / COR 596/PET [e6b9cab0-5e60-4b96-9e64-3f31df8a8cd6],110CM,15541973,186,15536923NBR3282703,10/04/2026,13/07/2026,32,Ativo,,,901295,e6b9cab0-5e60-4b96-9e64-3f31df8a8cd6,NIKE,132084,,,
DASS SEST713727895027110CM1554197315536924NBR328270320260410-1,OK,DASS SEST,137278,1408855,95027,ATAC. MR110022 7MM RECICLADO COR 4085/PET / COR 596/PET [0513c33d-8cf8-4f30-87b1-b02c4cb0e268],110CM,15541973,186,15536924NBR3282703,10/04/2026,13/07/2026,32,Ativo,,,901296,0513c33d-8cf8-4f30-87b1-b02c4cb0e268,NIKE,132084,,,
DASS SEST713727895027115CM1554197315536923NBR328270320260410-1,OK,DASS SEST,137278,1408855,95027,ATAC. MR110022 7MM RECICLADO COR 4085/PET / COR 596/PET [5ff287f1-ee55-41f5-8ddd-989f0da2ab7f],115CM,15541973,536,15536923NBR3282703,10/04/2026,13/07/2026,32,Ativo,,,901297,5ff287f1-ee55-41f5-8ddd-989f0da2ab7f,NIKE,132084,,,
DASS SEST713727895027115CM1554197315536924NBR328270320260410-1,OK,DASS SEST,137278,1408855,95027,ATAC. MR110022 7MM RECICLADO COR 4085/PET / COR 596/PET [ef30a379-f61a-4e92-b760-22c1ee98f4d9],115CM,15541973,546,15536924NBR3282703,10/04/2026,13/07/2026,32,Ativo,,,901298,ef30a379-f61a-4e92-b760-22c1ee98f4d9,NIKE,132084,,,
DASS SEST713727895027120CM1554197315536923NBR328270320260410-1,OK,DASS SEST,137278,1408855,95027,ATAC. MR110022 7MM RECICLADO COR 4085/PET / COR 596/PET [528f3879-6b5d-4c43-8cc4-eb7f24473766],120CM,15541973,84,15536923NBR3282703,10/04/2026,13/07/2026,32,Ativo,,,901299,528f3879-6b5d-4c43-8cc4-eb7f24473766,NIKE,132084,,,
DASS SEST713727895027120CM1554197315536924NBR328270320260410-1,OK,DASS SEST,137278,1408855,95027,ATAC. MR110022 7MM RECICLADO COR 4085/PET / COR 596/PET [2fafdba9-8eee-451e-9c74-2de7a7b1f8fb],120CM,15541973,72,15536924NBR3282703,10/04/2026,13/07/2026,32,Ativo,,,901300,2fafdba9-8eee-451e-9c74-2de7a7b1f8fb,NIKE,132084,,,
DASS SEST713727886978100CM1554197315538713NBR328262620260410-1,OK,DASS SEST,137278,1299257,86978,ATAC. MR130027 6MM RECICLADO COR 4085/PET [637e6413-d211-441a-b501-c31be844a120],100CM,15541973,192,15538713NBR3282626,10/04/2026,13/07/2026,32,Ativo,,,901301,637e6413-d211-441a-b501-c31be844a120,NIKE,132084,,,
DASS SEST713727886978100CM1554197315538714NBR328262620260410-1,OK,DASS SEST,137278,1299257,86978,ATAC. MR130027 6MM RECICLADO COR 4085/PET [a9241124-f91a-456f-aa75-bb6b39e71691],100CM,15541973,204,15538714NBR3282626,10/04/2026,13/07/2026,32,Ativo,,,901302,a9241124-f91a-456f-aa75-bb6b39e71691,NIKE,132084,,,
DASS SEST713727886978100CM1554197315538716NBR328262720260410-1,OK,DASS SEST,137278,1299257,86978,ATAC. MR130027 6MM RECICLADO COR 4085/PET [96b67233-890d-41b7-9118-718475a4668b],100CM,15541973,192,15538716NBR3282627,10/04/2026,13/07/2026,32,Ativo,,,901303,96b67233-890d-41b7-9118-718475a4668b,NIKE,132084,,,
DASS SEST713727886978100CM1554197315538720NBR328262720260410-1,OK,DASS SEST,137278,1299257,86978,ATAC. MR130027 6MM RECICLADO COR 4085/PET [e6d43a18-f1ed-43af-9931-27ea74b59a9e],100CM,15541973,204,15538720NBR3282627,10/04/2026,13/07/2026,32,Ativo,,,901304,e6d43a18-f1ed-43af-9931-27ea74b59a9e,NIKE,132084,,,
DASS SEST713727886978105CM1554197315538713NBR328262620260410-1,OK,DASS SEST,137278,1299257,86978,ATAC. MR130027 6MM RECICLADO COR 4085/PET [41e384ec-7778-4919-bd75-6a4ecc60ba0a],105CM,15541973,602,15538713NBR3282626,10/04/2026,13/07/2026,32,Ativo,,,901305,41e384ec-7778-4919-bd75-6a4ecc60ba0a,NIKE,132084,,,
DASS SEST713727886978105CM1554197315538714NBR328262620260410-1,OK,DASS SEST,137278,1299257,86978,ATAC. MR130027 6MM RECICLADO COR 4085/PET [c5b640dd-f89f-4cd2-aee6-62ab57d42383],105CM,15541973,606,15538714NBR3282626,10/04/2026,13/07/2026,32,Ativo,,,901306,c5b640dd-f89f-4cd2-aee6-62ab57d42383,NIKE,132084,,,
DASS SEST713727886978105CM1554197315538716NBR328262720260410-1,OK,DASS SEST,137278,1299257,86978,ATAC. MR130027 6MM RECICLADO COR 4085/PET [186f9bc0-c440-4bd2-a866-f5ff2d2317be],105CM,15541973,602,15538716NBR3282627,10/04/2026,13/07/2026,32,Ativo,,,901307,186f9bc0-c440-4bd2-a866-f5ff2d2317be,NIKE,132084,,,
DASS SEST713727886978105CM1554197315538720NBR328262720260410-1,OK,DASS SEST,137278,1299257,86978,ATAC. MR130027 6MM RECICLADO COR 4085/PET [522a8a2b-a1c2-4369-af69-b365994a8861],105CM,15541973,606,15538720NBR3282627,10/04/2026,13/07/2026,32,Ativo,,,901308,522a8a2b-a1c2-4369-af69-b365994a8861,NIKE,132084,,,
DASS SEST713727886978110CM1554197315538713NBR328262620260410-1,OK,DASS SEST,137278,1299257,86978,ATAC. MR130027 6MM RECICLADO COR 4085/PET [05eb3042-3b0a-4ce8-af34-2eb862095a25],110CM,15541973,168,15538713NBR3282626,10/04/2026,13/07/2026,32,Ativo,,,901309,05eb3042-3b0a-4ce8-af34-2eb862095a25,NIKE,132084,,,
DASS SEST713727886978110CM1554197315538714NBR328262620260410-1,OK,DASS SEST,137278,1299257,86978,ATAC. MR130027 6MM RECICLADO COR 4085/PET [f2ce5e5c-3ce8-4830-bf5e-386861ee1806],110CM,15541973,186,15538714NBR3282626,10/04/2026,13/07/2026,32,Ativo,,,901310,f2ce5e5c-3ce8-4830-bf5e-386861ee1806,NIKE,132084,,,
DASS SEST713727886978110CM1554197315538716NBR328262720260410-1,OK,DASS SEST,137278,1299257,86978,ATAC. MR130027 6MM RECICLADO COR 4085/PET [45900b81-eca3-4769-b7a4-d98a05e307cb],110CM,15541973,168,15538716NBR3282627,10/04/2026,13/07/2026,32,Ativo,,,901311,45900b81-eca3-4769-b7a4-d98a05e307cb,NIKE,132084,,,
DASS SEST713727886978110CM1554197315538720NBR328262720260410-1,OK,DASS SEST,137278,1299257,86978,ATAC. MR130027 6MM RECICLADO COR 4085/PET [d582f4ac-3f99-4560-8509-590e5ce7d19c],110CM,15541973,186,15538720NBR3282627,10/04/2026,13/07/2026,32,Ativo,,,901312,d582f4ac-3f99-4560-8509-590e5ce7d19c,NIKE,132084,,,
DASS SEST713727886978110CM1554197315537924NBR328266320260410-1,OK,DASS SEST,137278,1299257,86978,ATAC. MR130027 6MM RECICLADO COR 4085/PET [d04724de-57da-4d3c-96d9-911a4b7c41e1],110CM,15541973,252,15537924NBR3282663,10/04/2026,13/07/2026,32,Ativo,,,901313,d04724de-57da-4d3c-96d9-911a4b7c41e1,NIKE,132084,,,
DASS SEST713727886978110CM1554197315537925NBR328266320260410-1,OK,DASS SEST,137278,1299257,86978,ATAC. MR130027 6MM RECICLADO COR 4085/PET [c0a5c22b-f148-4ce6-95c2-003251cb4eb8],110CM,15541973,252,15537925NBR3282663,10/04/2026,13/07/2026,32,Ativo,,,901314,c0a5c22b-f148-4ce6-95c2-003251cb4eb8,NIKE,132084,,,
DASS SEST713727886978110CM1554197315537909NBR328269420260410-1,OK,DASS SEST,137278,1299257,86978,ATAC. MR130027 6MM RECICLADO COR 4085/PET [3563da73-3c8f-4515-a433-3c100a913c9f],110CM,15541973,144,15537909NBR3282694,10/04/2026,13/07/2026,32,Ativo,,,901315,3563da73-3c8f-4515-a433-3c100a913c9f,NIKE,132084,,,
DASS SEST713727886978110CM1554197315537910NBR328269420260410-1,OK,DASS SEST,137278,1299257,86978,ATAC. MR130027 6MM RECICLADO COR 4085/PET [dc3b147e-dddb-4876-a62f-801c91530849],110CM,15541973,162,15537910NBR3282694,10/04/2026,13/07/2026,32,Ativo,,,901316,dc3b147e-dddb-4876-a62f-801c91530849,NIKE,132084,,,
DASS SEST713727886978110CM1554197315537911NBR328269520260410-1,OK,DASS SEST,137278,1299257,86978,ATAC. MR130027 6MM RECICLADO COR 4085/PET [b4e58625-15d8-4473-8b1f-6984188959c3],110CM,15541973,132,15537911NBR3282695,10/04/2026,13/07/2026,32,Ativo,,,901317,b4e58625-15d8-4473-8b1f-6984188959c3,NIKE,132084,,,
DASS SEST713727886978110CM1554197315537912NBR328269520260410-1,OK,DASS SEST,137278,1299257,86978,ATAC. MR130027 6MM RECICLADO COR 4085/PET [beb061b8-eb80-4144-a88a-4e4e076bc030],110CM,15541973,132,15537912NBR3282695,10/04/2026,13/07/2026,32,Ativo,,,901318,beb061b8-eb80-4144-a88a-4e4e076bc030,NIKE,132084,,,
DASS SEST713727886978115CM1554197315537924NBR328266320260410-1,OK,DASS SEST,137278,1299257,86978,ATAC. MR130027 6MM RECICLADO COR 4085/PET [08845b1c-92a7-464e-ac8f-3d503b47b802],115CM,15541973,717,15537924NBR3282663,10/04/2026,13/07/2026,32,Ativo,,,901319,08845b1c-92a7-464e-ac8f-3d503b47b802,NIKE,132084,,,
DASS SEST713727886978115CM1554197315537925NBR328266320260410-1,OK,DASS SEST,137278,1299257,86978,ATAC. MR130027 6MM RECICLADO COR 4085/PET [06d42628-ae2e-4bb5-a444-9d5b8c340545],115CM,15541973,714,15537925NBR3282663,10/04/2026,13/07/2026,32,Ativo,,,901320,06d42628-ae2e-4bb5-a444-9d5b8c340545,NIKE,132084,,,
DASS SEST713727886978115CM1554197315537909NBR328269420260410-1,OK,DASS SEST,137278,1299257,86978,ATAC. MR130027 6MM RECICLADO COR 4085/PET [86e17c0b-ae39-402e-9311-a5a06408310b],115CM,15541973,512,15537909NBR3282694,10/04/2026,13/07/2026,32,Ativo,,,901321,86e17c0b-ae39-402e-9311-a5a06408310b,NIKE,132084,,,
DASS SEST713727886978115CM1554197315537910NBR328269420260410-1,OK,DASS SEST,137278,1299257,86978,ATAC. MR130027 6MM RECICLADO COR 4085/PET [ea2f850a-832e-449f-be25-1595a5cfbbf4],115CM,15541973,504,15537910NBR3282694,10/04/2026,13/07/2026,32,Ativo,,,901322,ea2f850a-832e-449f-be25-1595a5cfbbf4,NIKE,132084,,,
DASS SEST713727886978115CM1554197315537911NBR328269520260410-1,OK,DASS SEST,137278,1299257,86978,ATAC. MR130027 6MM RECICLADO COR 4085/PET [f5a94329-8bf0-4b1f-8920-731babdf0373],115CM,15541973,392,15537911NBR3282695,10/04/2026,13/07/2026,32,Ativo,,,901323,f5a94329-8bf0-4b1f-8920-731babdf0373,NIKE,132084,,,
DASS SEST713727886978115CM1554197315537912NBR328269520260410-1,OK,DASS SEST,137278,1299257,86978,ATAC. MR130027 6MM RECICLADO COR 4085/PET [6b3359b5-5a8f-4d6e-93ca-59b4659b1953],115CM,15541973,390,15537912NBR3282695,10/04/2026,13/07/2026,32,Ativo,,,901324,6b3359b5-5a8f-4d6e-93ca-59b4659b1953,NIKE,132084,,,
DASS SEST713727886978120CM1554197315537924NBR328266320260410-1,OK,DASS SEST,137278,1299257,86978,ATAC. MR130027 6MM RECICLADO COR 4085/PET [2d080302-9cdb-455a-9cb2-4f687940d3a2],120CM,15541973,96,15537924NBR3282663,10/04/2026,13/07/2026,32,Ativo,,,901325,2d080302-9cdb-455a-9cb2-4f687940d3a2,NIKE,132084,,,
DASS SEST713727886978120CM1554197315537925NBR328266320260410-1,OK,DASS SEST,137278,1299257,86978,ATAC. MR130027 6MM RECICLADO COR 4085/PET [e304e164-9f0d-4668-8aac-cac2b50797fe],120CM,15541973,132,15537925NBR3282663,10/04/2026,13/07/2026,32,Ativo,,,901326,e304e164-9f0d-4668-8aac-cac2b50797fe,NIKE,132084,,,
DASS SEST713727886978120CM1554197315537909NBR328269420260410-1,OK,DASS SEST,137278,1299257,86978,ATAC. MR130027 6MM RECICLADO COR 4085/PET [4b8b2338-8116-4a7b-961e-c92a5a3bee64],120CM,15541973,72,15537909NBR3282694,10/04/2026,13/07/2026,32,Ativo,,,901327,4b8b2338-8116-4a7b-961e-c92a5a3bee64,NIKE,132084,,,
DASS SEST713727886978120CM1554197315537910NBR328269420260410-1,OK,DASS SEST,137278,1299257,86978,ATAC. MR130027 6MM RECICLADO COR 4085/PET [35b62d6b-6d06-4ea7-879c-3a00cfa1affe],120CM,15541973,84,15537910NBR3282694,10/04/2026,13/07/2026,32,Ativo,,,901328,35b62d6b-6d06-4ea7-879c-3a00cfa1affe,NIKE,132084,,,
DASS SEST713727886978120CM1554197315537911NBR328269520260410-1,OK,DASS SEST,137278,1299257,86978,ATAC. MR130027 6MM RECICLADO COR 4085/PET [4a1482da-6cba-46f4-818e-e58e7f893151],120CM,15541973,96,15537911NBR3282695,10/04/2026,13/07/2026,32,Ativo,,,901329,4a1482da-6cba-46f4-818e-e58e7f893151,NIKE,132084,,,
DASS SEST713727886978120CM1554197315537912NBR328269520260410-1,OK,DASS SEST,137278,1299257,86978,ATAC. MR130027 6MM RECICLADO COR 4085/PET [4f950554-c500-4ff7-8425-8ac86f952187],120CM,15541973,114,15537912NBR3282695,10/04/2026,13/07/2026,32,Ativo,,,901330,4f950554-c500-4ff7-8425-8ac86f952187,NIKE,132084,,,
DASS SEST713727888671105CM1554197315537935NBR328252420260410-1,OK,DASS SEST,137278,1301801,88671,ATAC. MR130027 6MM RECICLADO COR 4588/PET [b80067c6-34e3-499a-b971-7e570886d06d],105CM,15541973,444,15537935NBR3282524,10/04/2026,13/07/2026,32,Ativo,,,901331,b80067c6-34e3-499a-b971-7e570886d06d,NIKE,132084,,,
DASS SEST713727888671105CM1554197315537936NBR328252420260410-1,OK,DASS SEST,137278,1301801,88671,ATAC. MR130027 6MM RECICLADO COR 4588/PET [3fcba90f-7116-4063-9c58-0e6ade9a4f48],105CM,15541973,468,15537936NBR3282524,10/04/2026,13/07/2026,32,Ativo,,,901332,3fcba90f-7116-4063-9c58-0e6ade9a4f48,NIKE,132084,,,
DASS SEST713727888671110CM1554197315537935NBR328252420260410-1,OK,DASS SEST,137278,1301801,88671,ATAC. MR130027 6MM RECICLADO COR 4588/PET [f0d29505-40c6-4827-995b-94dcd9c57302],110CM,15541973,482,15537935NBR3282524,10/04/2026,13/07/2026,32,Ativo,,,901333,f0d29505-40c6-4827-995b-94dcd9c57302,NIKE,132084,,,
DASS SEST713727888671110CM1554197315537936NBR328252420260410-1,OK,DASS SEST,137278,1301801,88671,ATAC. MR130027 6MM RECICLADO COR 4588/PET [66a5e151-9075-40f4-9916-83634598b4c1],110CM,15541973,516,15537936NBR3282524,10/04/2026,13/07/2026,32,Ativo,,,901334,66a5e151-9075-40f4-9916-83634598b4c1,NIKE,132084,,,
DASS SEST713727888671115CM1554197315537935NBR328252420260410-1,OK,DASS SEST,137278,1301801,88671,ATAC. MR130027 6MM RECICLADO COR 4588/PET [3afca996-c2b8-45c3-95d4-bac680e459b1],115CM,15541973,30,15537935NBR3282524,10/04/2026,13/07/2026,32,Ativo,,,901335,3afca996-c2b8-45c3-95d4-bac680e459b1,NIKE,132084,,,
DASS SEST713727888671115CM1554197315537936NBR328252420260410-1,OK,DASS SEST,137278,1301801,88671,ATAC. MR130027 6MM RECICLADO COR 4588/PET [c19adf48-cdf2-477f-bffd-d19a818df6ba],115CM,15541973,24,15537936NBR3282524,10/04/2026,13/07/2026,32,Ativo,,,901336,c19adf48-cdf2-477f-bffd-d19a818df6ba,NIKE,132084,,,
DASS SEST713793282628105CM1563196315622394NBR328258320260428-1,OK,DASS SEST,137932,1188919,82628,ATAC. MR140014 6MM RECICLADO COR 4085/PET [8e54bef4-5c6b-45e7-8f8c-b31b1ae6c260],105CM,15631963,24,15622394NBR3282583,28/04/2026,13/07/2026,32,Ativo,,,901337,8e54bef4-5c6b-45e7-8f8c-b31b1ae6c260,NIKE,132709,,,
DASS SEST713793282628105CM1563196315622341NBR328281720260428-1,OK,DASS SEST,137932,1188919,82628,ATAC. MR140014 6MM RECICLADO COR 4085/PET [a6283603-a8e7-4db9-8d40-23aeccf26992],105CM,15631963,144,15622341NBR3282817,28/04/2026,13/07/2026,32,Ativo,,,901338,a6283603-a8e7-4db9-8d40-23aeccf26992,NIKE,132709,,,
DASS SEST713793282628105CM1563196315622342NBR328281720260428-1,OK,DASS SEST,137932,1188919,82628,ATAC. MR140014 6MM RECICLADO COR 4085/PET [dc82ec79-7ba1-4887-b86e-5d4ca1ece214],105CM,15631963,144,15622342NBR3282817,28/04/2026,13/07/2026,32,Ativo,,,901339,dc82ec79-7ba1-4887-b86e-5d4ca1ece214,NIKE,132709,,,
DASS SEST713793282628110CM1563196315622394NBR328258320260428-1,OK,DASS SEST,137932,1188919,82628,ATAC. MR140014 6MM RECICLADO COR 4085/PET [b95c53f1-f0a6-40a9-ae74-9689cbafa95c],110CM,15631963,1220,15622394NBR3282583,28/04/2026,13/07/2026,32,Ativo,,,901340,b95c53f1-f0a6-40a9-ae74-9689cbafa95c,NIKE,132709,,,
DASS SEST713793282628110CM1563196315622341NBR328281720260428-1,OK,DASS SEST,137932,1188919,82628,ATAC. MR140014 6MM RECICLADO COR 4085/PET [cbaca1e1-7e24-4789-9871-43d9d97f4d40],110CM,15631963,597,15622341NBR3282817,28/04/2026,13/07/2026,32,Ativo,,,901341,cbaca1e1-7e24-4789-9871-43d9d97f4d40,NIKE,132709,,,
DASS SEST713793282628110CM1563196315622342NBR328281720260428-1,OK,DASS SEST,137932,1188919,82628,ATAC. MR140014 6MM RECICLADO COR 4085/PET [322c34fc-1538-4773-b1b3-fef3b101b63f],110CM,15631963,582,15622342NBR3282817,28/04/2026,13/07/2026,32,Ativo,,,901342,322c34fc-1538-4773-b1b3-fef3b101b63f,NIKE,132709,,,
DASS SEST713793282628115CM1563196315622394NBR328258320260428-1,OK,DASS SEST,137932,1188919,82628,ATAC. MR140014 6MM RECICLADO COR 4085/PET [34135782-edb2-4d6e-ace3-b03146900b16],115CM,15631963,216,15622394NBR3282583,28/04/2026,13/07/2026,32,Ativo,,,901343,34135782-edb2-4d6e-ace3-b03146900b16,NIKE,132709,,,
DASS SEST713793282628115CM1563196315622341NBR328281720260428-1,OK,DASS SEST,137932,1188919,82628,ATAC. MR140014 6MM RECICLADO COR 4085/PET [6a85be30-ffe8-40cf-a3a6-95812fc789c8],115CM,15631963,276,15622341NBR3282817,28/04/2026,13/07/2026,32,Ativo,,,901344,6a85be30-ffe8-40cf-a3a6-95812fc789c8,NIKE,132709,,,
DASS SEST713793282628115CM1563196315622342NBR328281720260428-1,OK,DASS SEST,137932,1188919,82628,ATAC. MR140014 6MM RECICLADO COR 4085/PET [a30e403c-af4a-4a16-82f4-cefc4f43feca],115CM,15631963,288,15622342NBR3282817,28/04/2026,13/07/2026,32,Ativo,,,901345,a30e403c-af4a-4a16-82f4-cefc4f43feca,NIKE,132709,,,
DASS SEST713793286418100CM1563196315622377NBR328272820260428-1,OK,DASS SEST,137932,1278311,86418,ATAC. MR140014 6MM RECICLADO COR 4662/PET [4720dd08-5a3d-459b-a971-1fe0d6539a01],100CM,15631963,228,15622377NBR3282728,28/04/2026,13/07/2026,32,Ativo,,,901346,4720dd08-5a3d-459b-a971-1fe0d6539a01,NIKE,132709,,,
DASS SEST713793286418100CM1563196315622378NBR328272820260428-1,OK,DASS SEST,137932,1278311,86418,ATAC. MR140014 6MM RECICLADO COR 4662/PET [4fa8a6ed-a486-497d-83f9-b32ee47638ac],100CM,15631963,234,15622378NBR3282728,28/04/2026,13/07/2026,32,Ativo,,,901347,4fa8a6ed-a486-497d-83f9-b32ee47638ac,NIKE,132709,,,
DASS SEST713793286418105CM1563196315622389NBR328266820260428-1,OK,DASS SEST,137932,1278311,86418,ATAC. MR140014 6MM RECICLADO COR 4662/PET [df18662a-e932-45e6-9d48-28f722427de3],105CM,15631963,746,15622389NBR3282668,28/04/2026,13/07/2026,32,Ativo,,,901348,df18662a-e932-45e6-9d48-28f722427de3,NIKE,132709,,,
DASS SEST713793286418105CM1563196315622377NBR328272820260428-1,OK,DASS SEST,137932,1278311,86418,ATAC. MR140014 6MM RECICLADO COR 4662/PET [b959f6b7-3ccf-4104-91f1-9f79333d630d],105CM,15631963,831,15622377NBR3282728,28/04/2026,13/07/2026,32,Ativo,,,901349,b959f6b7-3ccf-4104-91f1-9f79333d630d,NIKE,132709,,,
DASS SEST713793286418105CM1563196315622378NBR328272820260428-1,OK,DASS SEST,137932,1278311,86418,ATAC. MR140014 6MM RECICLADO COR 4662/PET [2ff138ce-51c3-498a-bdc8-87e8e807cb2f],105CM,15631963,846,15622378NBR3282728,28/04/2026,13/07/2026,32,Ativo,,,901350,2ff138ce-51c3-498a-bdc8-87e8e807cb2f,NIKE,132709,,,
DASS SEST713793286418110CM1563196315622389NBR328266820260428-1,OK,DASS SEST,137932,1278311,86418,ATAC. MR140014 6MM RECICLADO COR 4662/PET [698e02f7-3b93-4b4f-bb8d-0737df689f5e],110CM,15631963,264,15622389NBR3282668,28/04/2026,13/07/2026,32,Ativo,,,901351,698e02f7-3b93-4b4f-bb8d-0737df689f5e,NIKE,132709,,,
DASS SEST713793286418110CM1563196315622377NBR328272820260428-1,OK,DASS SEST,137932,1278311,86418,ATAC. MR140014 6MM RECICLADO COR 4662/PET [190fecd4-a48b-43ff-bbf6-9135081f4d71],110CM,15631963,18,15622377NBR3282728,28/04/2026,13/07/2026,32,Ativo,,,901352,190fecd4-a48b-43ff-bbf6-9135081f4d71,NIKE,132709,,,
DASS SEST713793286418110CM1563196315622378NBR328272820260428-1,OK,DASS SEST,137932,1278311,86418,ATAC. MR140014 6MM RECICLADO COR 4662/PET [ee5703ba-49b6-4c26-842c-cf5f02227a37],110CM,15631963,12,15622378NBR3282728,28/04/2026,13/07/2026,32,Ativo,,,901353,ee5703ba-49b6-4c26-842c-cf5f02227a37,NIKE,132709,,,
DASS SEST713793294884100CM1563196315622371NBR328272920260428-1,OK,DASS SEST,137932,1405625,94884,ATAC. MR140014 6MM RECICLADO COR 6149/PET [9c3d4593-1fff-452e-927c-129f35e6e8e7],100CM,15631963,306,15622371NBR3282729,28/04/2026,13/07/2026,32,Ativo,,,901354,9c3d4593-1fff-452e-927c-129f35e6e8e7,NIKE,132709,,,
DASS SEST713793294884100CM1563196315622372NBR328273420260428-1,OK,DASS SEST,137932,1405625,94884,ATAC. MR140014 6MM RECICLADO COR 6149/PET [d1511d86-98c7-4c6a-b89c-84f3780b8357],100CM,15631963,192,15622372NBR3282734,28/04/2026,13/07/2026,32,Ativo,,,901355,d1511d86-98c7-4c6a-b89c-84f3780b8357,NIKE,132709,,,
DASS SEST713793294884100CM1563196315622373NBR328273420260428-1,OK,DASS SEST,137932,1405625,94884,ATAC. MR140014 6MM RECICLADO COR 6149/PET [f8d66d30-78d9-4331-9b39-d0b8cc3386cc],100CM,15631963,222,15622373NBR3282734,28/04/2026,13/07/2026,32,Ativo,,,901356,f8d66d30-78d9-4331-9b39-d0b8cc3386cc,NIKE,132709,,,
DASS SEST713793294884100CM1563196315622374NBR328274220260428-1,OK,DASS SEST,137932,1405625,94884,ATAC. MR140014 6MM RECICLADO COR 6149/PET [a2132a24-8926-43bc-8b4d-f6e1ef3e709b],100CM,15631963,240,15622374NBR3282742,28/04/2026,13/07/2026,32,Ativo,,,901357,a2132a24-8926-43bc-8b4d-f6e1ef3e709b,NIKE,132709,,,
DASS SEST713793294884100CM1563196315622375NBR328274220260428-1,OK,DASS SEST,137932,1405625,94884,ATAC. MR140014 6MM RECICLADO COR 6149/PET [cb0af731-2325-403a-acf6-dacefa02b891],100CM,15631963,264,15622375NBR3282742,28/04/2026,13/07/2026,32,Ativo,,,901358,cb0af731-2325-403a-acf6-dacefa02b891,NIKE,132709,,,
DASS SEST713793294884105CM1563196315622371NBR328272920260428-1,OK,DASS SEST,137932,1405625,94884,ATAC. MR140014 6MM RECICLADO COR 6149/PET [c2675eca-7546-4b16-8098-c3a61a7e01b3],105CM,15631963,1058,15622371NBR3282729,28/04/2026,13/07/2026,32,Ativo,,,901359,c2675eca-7546-4b16-8098-c3a61a7e01b3,NIKE,132709,,,
DASS SEST713793294884105CM1563196315622372NBR328273420260428-1,OK,DASS SEST,137932,1405625,94884,ATAC. MR140014 6MM RECICLADO COR 6149/PET [5277cbd9-f2bc-4ed9-9685-1ae8a071d3a1],105CM,15631963,710,15622372NBR3282734,28/04/2026,13/07/2026,32,Ativo,,,901360,5277cbd9-f2bc-4ed9-9685-1ae8a071d3a1,NIKE,132709,,,
DASS SEST713793294884105CM1563196315622373NBR328273420260428-1,OK,DASS SEST,137932,1405625,94884,ATAC. MR140014 6MM RECICLADO COR 6149/PET [b8783c07-486d-4230-8648-3e9668b6f2b7],105CM,15631963,744,15622373NBR3282734,28/04/2026,13/07/2026,32,Ativo,,,901361,b8783c07-486d-4230-8648-3e9668b6f2b7,NIKE,132709,,,
DASS SEST713793294884105CM1563196315622374NBR328274220260428-1,OK,DASS SEST,137932,1405625,94884,ATAC. MR140014 6MM RECICLADO COR 6149/PET [78307660-3dcf-4398-87ed-fd765eeaf076],105CM,15631963,891,15622374NBR3282742,28/04/2026,13/07/2026,32,Ativo,,,901362,78307660-3dcf-4398-87ed-fd765eeaf076,NIKE,132709,,,
DASS SEST713793294884105CM1563196315622375NBR328274220260428-1,OK,DASS SEST,137932,1405625,94884,ATAC. MR140014 6MM RECICLADO COR 6149/PET [4dfac391-3f5d-4120-a7ca-dc5280c55e17],105CM,15631963,924,15622375NBR3282742,28/04/2026,13/07/2026,32,Ativo,,,901363,4dfac391-3f5d-4120-a7ca-dc5280c55e17,NIKE,132709,,,
DASS SEST713793294884105CM1563196315622392NBR33420-A20260428-1,OK,DASS SEST,137932,1405625,94884,ATAC. MR140014 6MM RECICLADO COR 6149/PET [c2bf3e16-846f-4804-bb5d-03f58f416b1e],105CM,15631963,650,15622392NBR33420-A,28/04/2026,13/07/2026,32,Ativo,,,901364,c2bf3e16-846f-4804-bb5d-03f58f416b1e,NIKE,132709,,,
DASS SEST713793294884105CM1563196315622393NBR33420-B20260428-1,OK,DASS SEST,137932,1405625,94884,ATAC. MR140014 6MM RECICLADO COR 6149/PET [6ec7f925-b844-4ced-b4e9-fd886854bfc0],105CM,15631963,690,15622393NBR33420-B,28/04/2026,13/07/2026,32,Ativo,,,901365,6ec7f925-b844-4ced-b4e9-fd886854bfc0,NIKE,132709,,,
DASS SEST713793294884110CM1563196315622371NBR328272920260428-1,OK,DASS SEST,137932,1405625,94884,ATAC. MR140014 6MM RECICLADO COR 6149/PET [7bb75d8d-415a-4d4e-9862-ea731c08512e],110CM,15631963,48,15622371NBR3282729,28/04/2026,13/07/2026,32,Ativo,,,901366,7bb75d8d-415a-4d4e-9862-ea731c08512e,NIKE,132709,,,
DASS SEST713793294884110CM1563196315622372NBR328273420260428-1,OK,DASS SEST,137932,1405625,94884,ATAC. MR140014 6MM RECICLADO COR 6149/PET [dce492ae-cdba-47aa-b27d-2cea48646a9a],110CM,15631963,24,15622372NBR3282734,28/04/2026,13/07/2026,32,Ativo,,,901367,dce492ae-cdba-47aa-b27d-2cea48646a9a,NIKE,132709,,,
DASS SEST713793294884110CM1563196315622374NBR328274220260428-1,OK,DASS SEST,137932,1405625,94884,ATAC. MR140014 6MM RECICLADO COR 6149/PET [92e4dfd0-8b0f-4e39-a539-a5d49411ad78],110CM,15631963,18,15622374NBR3282742,28/04/2026,13/07/2026,32,Ativo,,,901368,92e4dfd0-8b0f-4e39-a539-a5d49411ad78,NIKE,132709,,,
DASS SEST713793294884110CM1563196315622375NBR328274220260428-1,OK,DASS SEST,137932,1405625,94884,ATAC. MR140014 6MM RECICLADO COR 6149/PET [9bb1df08-bd05-453b-b436-21a48529dda2],110CM,15631963,12,15622375NBR3282742,28/04/2026,13/07/2026,32,Ativo,,,901369,9bb1df08-bd05-453b-b436-21a48529dda2,NIKE,132709,,,
DASS SEST713793294884110CM1563196315622392NBR33420-A20260428-1,OK,DASS SEST,137932,1405625,94884,ATAC. MR140014 6MM RECICLADO COR 6149/PET [b8324e7d-8f1e-4197-bf99-6ae97cc8fef2],110CM,15631963,282,15622392NBR33420-A,28/04/2026,13/07/2026,32,Ativo,,,901370,b8324e7d-8f1e-4197-bf99-6ae97cc8fef2,NIKE,132709,,,
DASS SEST713793294884110CM1563196315622393NBR33420-B20260428-1,OK,DASS SEST,137932,1405625,94884,ATAC. MR140014 6MM RECICLADO COR 6149/PET [4c6df319-350f-43e3-89fc-abd19522d2fd],110CM,15631963,312,15622393NBR33420-B,28/04/2026,13/07/2026,32,Ativo,,,901371,4c6df319-350f-43e3-89fc-abd19522d2fd,NIKE,132709,,,
DASS SEST713793282631115CM1563196315622278NBR328277720260428-1,OK,DASS SEST,137932,1048514,82631,ATAC. MR110012 8MM RECICLADO COR 4699/PET [4abc6d9e-365d-4049-903a-db727c3eea09],115CM,15631963,162,15622278NBR3282777,28/04/2026,13/07/2026,32,Ativo,,,901372,4abc6d9e-365d-4049-903a-db727c3eea09,NIKE,132709,,,
DASS SEST713793282631115CM1563196315622279NBR328277720260428-1,OK,DASS SEST,137932,1048514,82631,ATAC. MR110012 8MM RECICLADO COR 4699/PET [f4f3f854-4af5-47d7-8853-40a6125d6ae2],115CM,15631963,168,15622279NBR3282777,28/04/2026,13/07/2026,32,Ativo,,,901373,f4f3f854-4af5-47d7-8853-40a6125d6ae2,NIKE,132709,,,
DASS SEST713793282631120CM1563196315622278NBR328277720260428-1,OK,DASS SEST,137932,1048514,82631,ATAC. MR110012 8MM RECICLADO COR 4699/PET [07027328-3a26-4375-8a72-7f6fdf9427b8],120CM,15631963,614,15622278NBR3282777,28/04/2026,13/07/2026,32,Ativo,,,901374,07027328-3a26-4375-8a72-7f6fdf9427b8,NIKE,132709,,,
DASS SEST713793282631120CM1563196315622279NBR328277720260428-1,OK,DASS SEST,137932,1048514,82631,ATAC. MR110012 8MM RECICLADO COR 4699/PET [aac30514-fa9f-40be-b7f6-4a210f140f22],120CM,15631963,630,15622279NBR3282777,28/04/2026,13/07/2026,32,Ativo,,,901375,aac30514-fa9f-40be-b7f6-4a210f140f22,NIKE,132709,,,
DASS SEST713793292568115CM1563196315622282NBR328278720260428-1,OK,DASS SEST,137932,1027849,92568,ATAC. MR110012 8MM RECICLADO COR 4085/PET [ad6e9817-73db-46b9-bc47-ccef8923ff4f],115CM,15631963,186,15622282NBR3282787,28/04/2026,13/07/2026,32,Ativo,,,901376,ad6e9817-73db-46b9-bc47-ccef8923ff4f,NIKE,132709,,,
DASS SEST713793292568115CM1563196315622284NBR328278720260428-1,OK,DASS SEST,137932,1027849,92568,ATAC. MR110012 8MM RECICLADO COR 4085/PET [5f471678-2dfe-4732-8fff-6710c1cb1e3b],115CM,15631963,210,15622284NBR3282787,28/04/2026,13/07/2026,32,Ativo,,,901377,5f471678-2dfe-4732-8fff-6710c1cb1e3b,NIKE,132709,,,
DASS SEST713793292568115CM1563196315622285NBR328279020260428-1,OK,DASS SEST,137932,1027849,92568,ATAC. MR110012 8MM RECICLADO COR 4085/PET [71c2410e-a7bd-4da4-91da-7f2a4932d66c],115CM,15631963,270,15622285NBR3282790,28/04/2026,13/07/2026,32,Ativo,,,901378,71c2410e-a7bd-4da4-91da-7f2a4932d66c,NIKE,132709,,,
DASS SEST713793292568115CM1563196315622286NBR328279020260428-1,OK,DASS SEST,137932,1027849,92568,ATAC. MR110012 8MM RECICLADO COR 4085/PET [9f20d5a2-3c53-4f6b-abd6-fcd39c9fad5f],115CM,15631963,270,15622286NBR3282790,28/04/2026,13/07/2026,32,Ativo,,,901379,9f20d5a2-3c53-4f6b-abd6-fcd39c9fad5f,NIKE,132709,,,
DASS SEST713793292568120CM1563196315622282NBR328278720260428-1,OK,DASS SEST,137932,1027849,92568,ATAC. MR110012 8MM RECICLADO COR 4085/PET [d18950b9-3c93-4d76-b3d6-3a830bd59034],120CM,15631963,734,15622282NBR3282787,28/04/2026,13/07/2026,32,Ativo,,,901380,d18950b9-3c93-4d76-b3d6-3a830bd59034,NIKE,132709,,,
DASS SEST713793292568120CM1563196315622284NBR328278720260428-1,OK,DASS SEST,137932,1027849,92568,ATAC. MR110012 8MM RECICLADO COR 4085/PET [b61ec611-c148-415f-b916-1a0235460ba5],120CM,15631963,744,15622284NBR3282787,28/04/2026,13/07/2026,32,Ativo,,,901381,b61ec611-c148-415f-b916-1a0235460ba5,NIKE,132709,,,
DASS SEST713793292568120CM1563196315622285NBR328279020260428-1,OK,DASS SEST,137932,1027849,92568,ATAC. MR110012 8MM RECICLADO COR 4085/PET [54b4424e-b4cb-468f-b5cb-7680ac8c1dd6],120CM,15631963,969,15622285NBR3282790,28/04/2026,13/07/2026,32,Ativo,,,901382,54b4424e-b4cb-468f-b5cb-7680ac8c1dd6,NIKE,132709,,,
DASS SEST713793292568120CM1563196315622286NBR328279020260428-1,OK,DASS SEST,137932,1027849,92568,ATAC. MR110012 8MM RECICLADO COR 4085/PET [5edd2468-1a94-407e-b34b-0c75936c7a59],120CM,15631963,1008,15622286NBR3282790,28/04/2026,13/07/2026,32,Ativo,,,901383,5edd2468-1a94-407e-b34b-0c75936c7a59,NIKE,132709,,,
DASS SEST713793293661120CM1563196315622321NBR328267220260428-1,OK,DASS SEST,137932,1065806,93661,ATAC. MR110029 RECICLADO COR 4662/PET [825cda9b-7d11-42b0-be7d-2f61668c8a3e],120CM,15631963,72,15622321NBR3282672,28/04/2026,13/07/2026,32,Ativo,,,901384,825cda9b-7d11-42b0-be7d-2f61668c8a3e,NIKE,132709,,,
DASS SEST713793293661120CM1563196315622322NBR328267220260428-1,OK,DASS SEST,137932,1065806,93661,ATAC. MR110029 RECICLADO COR 4662/PET [f593b63e-9a61-469d-97bb-96dfd88696a4],120CM,15631963,72,15622322NBR3282672,28/04/2026,13/07/2026,32,Ativo,,,901385,f593b63e-9a61-469d-97bb-96dfd88696a4,NIKE,132709,,,
DASS SEST713793293661130CM1563196315622321NBR328267220260428-1,OK,DASS SEST,137932,1065806,93661,ATAC. MR110029 RECICLADO COR 4662/PET [f363b94a-f5aa-44de-8469-2e453e1875bb],130CM,15631963,806,15622321NBR3282672,28/04/2026,13/07/2026,32,Ativo,,,901386,f363b94a-f5aa-44de-8469-2e453e1875bb,NIKE,132709,,,
DASS SEST713793293661130CM1563196315622322NBR328267220260428-1,OK,DASS SEST,137932,1065806,93661,ATAC. MR110029 RECICLADO COR 4662/PET [77daaead-3352-4a7e-ad9b-e04748110f32],130CM,15631963,858,15622322NBR3282672,28/04/2026,13/07/2026,32,Ativo,,,901387,77daaead-3352-4a7e-ad9b-e04748110f32,NIKE,132709,,,
DASS SEST713793293661140CM1563196315622321NBR328267220260428-1,OK,DASS SEST,137932,1065806,93661,ATAC. MR110029 RECICLADO COR 4662/PET [d93a2c53-2898-4328-a328-6b2cbd9afe37],140CM,15631963,90,15622321NBR3282672,28/04/2026,13/07/2026,32,Ativo,,,901388,d93a2c53-2898-4328-a328-6b2cbd9afe37,NIKE,132709,,,
DASS SEST713793293661140CM1563196315622322NBR328267220260428-1,OK,DASS SEST,137932,1065806,93661,ATAC. MR110029 RECICLADO COR 4662/PET [02a6ae64-d32a-424f-af83-9740149ec0dd],140CM,15631963,90,15622322NBR3282672,28/04/2026,13/07/2026,32,Ativo,,,901389,02a6ae64-d32a-424f-af83-9740149ec0dd,NIKE,132709,,,
DASS SEST71379329367495CM1563196315622287NBR328259120260428-1,OK,DASS SEST,137932,1102648,93674,ATAC. MR140023 RECICLADO COR 4085/PET [b01e5312-e0a6-452d-bd38-c0f01a7a9a9e],95CM,15631963,444,15622287NBR3282591,28/04/2026,13/07/2026,32,Ativo,,,901390,b01e5312-e0a6-452d-bd38-c0f01a7a9a9e,NIKE,132709,,,
DASS SEST71379329367495CM1563196315622288NBR328259120260428-1,OK,DASS SEST,137932,1102648,93674,ATAC. MR140023 RECICLADO COR 4085/PET [fa19282a-5946-4383-9ea8-40dcc5341f1b],95CM,15631963,456,15622288NBR3282591,28/04/2026,13/07/2026,32,Ativo,,,901391,fa19282a-5946-4383-9ea8-40dcc5341f1b,NIKE,132709,,,
DASS SEST713793293674100CM1563196315622287NBR328259120260428-1,OK,DASS SEST,137932,1102648,93674,ATAC. MR140023 RECICLADO COR 4085/PET [32dea598-cba9-4cb3-b164-30177058952e],100CM,15631963,458,15622287NBR3282591,28/04/2026,13/07/2026,32,Ativo,,,901392,32dea598-cba9-4cb3-b164-30177058952e,NIKE,132709,,,
DASS SEST713793293674100CM1563196315622288NBR328259120260428-1,OK,DASS SEST,137932,1102648,93674,ATAC. MR140023 RECICLADO COR 4085/PET [1a913c0d-2aab-4edf-87fe-ed3a3f8997d4],100CM,15631963,474,15622288NBR3282591,28/04/2026,13/07/2026,32,Ativo,,,901393,1a913c0d-2aab-4edf-87fe-ed3a3f8997d4,NIKE,132709,,,
DASS SEST713793293674105CM1563196315622287NBR328259120260428-1,OK,DASS SEST,137932,1102648,93674,ATAC. MR140023 RECICLADO COR 4085/PET [c48ad6fc-f399-439b-b622-4245bd0aa5ff],105CM,15631963,18,15622287NBR3282591,28/04/2026,13/07/2026,32,Ativo,,,901394,c48ad6fc-f399-439b-b622-4245bd0aa5ff,NIKE,132709,,,
DASS SEST713803295283105CM1563695515622396NBR328272620260429-1,OK,DASS SEST,138032,1421357,95283,ATAC. MR140014 6MM RECICLADO COR 6180/PET [65de1e7a-4f98-4698-9948-44575f769792],105CM,15636955,84,15622396NBR3282726,29/04/2026,13/07/2026,32,Ativo,,,901395,65de1e7a-4f98-4698-9948-44575f769792,NIKE,132858,,,
DASS SEST713803295283105CM1563695515622397NBR328272620260429-1,OK,DASS SEST,138032,1421357,95283,ATAC. MR140014 6MM RECICLADO COR 6180/PET [29c94024-0c11-4e0f-9b00-32af69eff8d6],105CM,15636955,102,15622397NBR3282726,29/04/2026,13/07/2026,32,Ativo,,,901396,29c94024-0c11-4e0f-9b00-32af69eff8d6,NIKE,132858,,,
DASS SEST713803295283110CM1563695515622396NBR328272620260429-1,OK,DASS SEST,138032,1421357,95283,ATAC. MR140014 6MM RECICLADO COR 6180/PET [36d471e1-534a-4bfb-887d-0c511a37ff71],110CM,15636955,578,15622396NBR3282726,29/04/2026,13/07/2026,32,Ativo,,,901397,36d471e1-534a-4bfb-887d-0c511a37ff71,NIKE,132858,,,
DASS SEST713803295283110CM1563695515622397NBR328272620260429-1,OK,DASS SEST,138032,1421357,95283,ATAC. MR140014 6MM RECICLADO COR 6180/PET [34d35b06-dafd-41ae-b663-86612e6da93d],110CM,15636955,576,15622397NBR3282726,29/04/2026,13/07/2026,32,Ativo,,,901398,34d35b06-dafd-41ae-b663-86612e6da93d,NIKE,132858,,,
DASS SEST713803295283115CM1563695515622396NBR328272620260429-1,OK,DASS SEST,138032,1421357,95283,ATAC. MR140014 6MM RECICLADO COR 6180/PET [07057137-3e14-4623-88c0-770fa90059ac],115CM,15636955,216,15622396NBR3282726,29/04/2026,13/07/2026,32,Ativo,,,901399,07057137-3e14-4623-88c0-770fa90059ac,NIKE,132858,,,
DASS SEST713803295283115CM1563695515622397NBR328272620260429-1,OK,DASS SEST,138032,1421357,95283,ATAC. MR140014 6MM RECICLADO COR 6180/PET [f4de6891-581f-401f-949e-f313a0e9a160],115CM,15636955,216,15622397NBR3282726,29/04/2026,13/07/2026,32,Ativo,,,901400,f4de6891-581f-401f-949e-f313a0e9a160,NIKE,132858,,,
DASS SEST71380339411815MM1563896120260429-1,OK,DASS SEST,138033,1408914,94118,FITA MR100001 C/ GOMA RECICLADO COR 5298/PET [817f7dbe-28c1-420c-b97d-4ca04816a820],15MM,15638961,590,0,29/04/2026,13/07/2026,32,Ativo,,,901401,817f7dbe-28c1-420c-b97d-4ca04816a820,NIKE,132859,,,
DASS SEST71380337400510MM1563896120260429-1,OK,DASS SEST,138033,1074423,74005,FITA MFGP C/ GOMA POLIESTER COR 4699 [465d3298-9be1-4019-9d2c-010b14455d82],10MM,15638961,140,0,29/04/2026,13/07/2026,32,Ativo,,,901402,465d3298-9be1-4019-9d2c-010b14455d82,NIKE,132859,,,
DASS SEST71380337401410MM1563896120260429-1,OK,DASS SEST,138033,965421,74014,FITA MFGP C/ GOMA POLIESTER COR 4085 [21741a32-d36d-4790-8a68-bd2a442899e9],10MM,15638961,300,0,29/04/2026,13/07/2026,32,Ativo,,,901403,21741a32-d36d-4790-8a68-bd2a442899e9,NIKE,132859,,,
DASS SEST71385159102316MM1570510320260514-1,OK,DASS SEST,138515,1320254,91023,FITA M31119 C/ GOMA POLIESTER COR 114 / COR 100 / COR 100 [cb91f680-dcad-4f4f-bca2-c236a69eebc3],16MM,15705103,60,0,14/05/2026,13/07/2026,32,Ativo,,,901404,cb91f680-dcad-4f4f-bca2-c236a69eebc3,FILA,133320,,,
DASS SEST71385159530216MM1570510320260514-1,OK,DASS SEST,138515,1416741,95302,FITA M31119 C/ GOMA POLIESTER COR 102 / COR 5508 / COR 5508 [24b98a4b-14e0-4a64-a2de-86834ab6cc1b],16MM,15705103,590,0,14/05/2026,13/07/2026,32,Ativo,,,901405,24b98a4b-14e0-4a64-a2de-86834ab6cc1b,FILA,133320,,,
DASS SEST71385169530116MM1570509720260514-1,OK,DASS SEST,138516,1416908,95301,FITA M31119 C/ GOMA POLIESTER COR 6038 / COR 5508 / COR 5508 [abcad914-5fe8-4568-95b8-ad02ea1c1436],16MM,15705097,120,0,14/05/2026,13/07/2026,32,Ativo,,,901406,abcad914-5fe8-4568-95b8-ad02ea1c1436,FILA,133321,,,
DASS SEST713852495488125CM1570512115693927BR314561-A20260514-1,OK,DASS SEST,138524,1423776,95488,ATAC. M60132 ALPINA COR 2000 [b4daf592-97fb-4321-b307-1e107a590467],125CM,15705121,312,15693927BR314561-A,14/05/2026,13/07/2026,32,Ativo,,,901407,b4daf592-97fb-4321-b307-1e107a590467,FILA,133325,,,
DASS SEST713852495488125CM1570512115693928BR314561-B20260514-1,OK,DASS SEST,138524,1423776,95488,ATAC. M60132 ALPINA COR 2000 [2bb0dbc1-93d3-48ba-9267-d046f64bc437],125CM,15705121,324,15693928BR314561-B,14/05/2026,13/07/2026,32,Ativo,,,901408,2bb0dbc1-93d3-48ba-9267-d046f64bc437,FILA,133325,,,
DASS SEST713852495488135CM1570512115693922BR31455520260514-1,OK,DASS SEST,138524,1423776,95488,ATAC. M60132 ALPINA COR 2000 [b5c8132e-5705-4f39-b21e-47bc9c77c3ef],135CM,15705121,636,15693922BR314555,14/05/2026,13/07/2026,32,Ativo,,,901409,b5c8132e-5705-4f39-b21e-47bc9c77c3ef,FILA,133325,,,
DASS SEST713852495488135CM1570512115693927BR314561-A20260514-1,OK,DASS SEST,138524,1423776,95488,ATAC. M60132 ALPINA COR 2000 [71da5e93-cc0a-4f8d-9a06-2173567c8926],135CM,15705121,432,15693927BR314561-A,14/05/2026,13/07/2026,32,Ativo,,,901410,71da5e93-cc0a-4f8d-9a06-2173567c8926,FILA,133325,,,
DASS SEST713852495488135CM1570512115693928BR314561-B20260514-1,OK,DASS SEST,138524,1423776,95488,ATAC. M60132 ALPINA COR 2000 [1cbef658-af03-42e5-a820-4673a8d719bc],135CM,15705121,444,15693928BR314561-B,14/05/2026,13/07/2026,32,Ativo,,,901411,1cbef658-af03-42e5-a820-4673a8d719bc,FILA,133325,,,
DASS SEST713852495488145CM1570512115693922BR31455520260514-1,OK,DASS SEST,138524,1423776,95488,ATAC. M60132 ALPINA COR 2000 [100d133d-1d97-4ffe-8166-5251be51d454],145CM,15705121,372,15693922BR314555,14/05/2026,13/07/2026,32,Ativo,,,901412,100d133d-1d97-4ffe-8166-5251be51d454,FILA,133325,,,
DASS SEST7138589932868MM1571398220260518-1,OK,DASS SEST,138589,1417375,93286,FITA MFGP C/ GOMA POLIESTER COR 6038 [6a436682-4b9d-4cf0-bb07-54b506b9cbfb],8MM,15713982,110,0,18/05/2026,13/07/2026,32,Ativo,,,901413,6a436682-4b9d-4cf0-bb07-54b506b9cbfb,FILA,133393,,,
DASS SEST71389448990518MM1575081820260526-1,OK,DASS SEST,138944,1342875,89905,FITA M31132 C/GOMA POLIESTER COR 4085 [2518e4b1-0acd-48e3-a434-abcbceb599fc],18MM,15750818,500,0,26/05/2026,13/07/2026,32,Ativo,,,901414,2518e4b1-0acd-48e3-a434-abcbceb599fc,NIKE,133676,,,
DASS SEST71389979035612MM1575466720260527-1,OK,DASS SEST,138997,1356826,90356,FITA M41476 C/ GOMA POLIESTER COR 100 / COR 102 [74f99609-1125-4008-9aea-a92ba86733f7],12MM,15754667,170,0,27/05/2026,13/07/2026,32,Ativo,,,901415,74f99609-1125-4008-9aea-a92ba86733f7,FILA,133715,,,
DASS SEST71389979268812MM1575466720260527-1,OK,DASS SEST,138997,1394642,92688,FITA M41476 C/ GOMA POLIESTER COR 5512 / COR 5535 [b669764c-2c7a-42d9-85ff-2831c880f615],12MM,15754667,80,0,27/05/2026,13/07/2026,32,Ativo,,,901416,b669764c-2c7a-42d9-85ff-2831c880f615,FILA,133715,,,
DASS SEST71389979504512MM1575466720260527-1,OK,DASS SEST,138997,1287983,95045,FITA M41476 C/ GOMA POLIESTER COR 100 / COR 5508 [9b111377-1b99-4481-97f1-81e24afe177b],12MM,15754667,1110,0,27/05/2026,13/07/2026,32,Ativo,,,901417,9b111377-1b99-4481-97f1-81e24afe177b,FILA,133715,,,
DASS SEST71389977016412MM1575466720260527-1,OK,DASS SEST,138997,898941,70164,FITA MFGP C/ GOMA POLIESTER COR 100 [a3650baa-4000-46b8-835a-30b5a9457754],12MM,15754667,190,0,27/05/2026,13/07/2026,32,Ativo,,,901418,a3650baa-4000-46b8-835a-30b5a9457754,FILA,133715,,,
DASS SEST7138997713768MM1575466720260527-1,OK,DASS SEST,138997,112354,71376,FITA MFGP C/ GOMA POLIESTER COR 102 [b451491e-b89a-4239-a1ee-626bbb24cddf],8MM,15754667,20,0,27/05/2026,13/07/2026,32,Ativo,,,901419,b451491e-b89a-4239-a1ee-626bbb24cddf,FILA,133715,,,
DASS SEST7138997742798MM1575466720260527-1,OK,DASS SEST,138997,1104263,74279,FITA MFGP C/ GOMA POLIESTER COR 447 [763cd36d-8d9e-44c7-a39b-2ba50f298d9e],8MM,15754667,110,0,27/05/2026,13/07/2026,32,Ativo,,,901420,763cd36d-8d9e-44c7-a39b-2ba50f298d9e,FILA,133715,,,
DASS SEST7138997781878MM1575466720260527-1,OK,DASS SEST,138997,1146621,78187,FITA MFGP C/ GOMA POLIESTER COR 053 [a42415e7-97f7-4ef1-9acd-651b9d35d595],8MM,15754667,80,0,27/05/2026,13/07/2026,32,Ativo,,,901421,a42415e7-97f7-4ef1-9acd-651b9d35d595,FILA,133715,,,
DASS SEST71389978603112MM1575466720260527-1,OK,DASS SEST,138997,1268009,86031,FITA MFGP C/ GOMA POLIESTER COR 5512 [241be7e0-fef3-46e5-bc15-4ad6df435b98],12MM,15754667,170,0,27/05/2026,13/07/2026,32,Ativo,,,901422,241be7e0-fef3-46e5-bc15-4ad6df435b98,FILA,133715,,,
DASS SEST7138997905268MM1575466720260527-1,OK,DASS SEST,138997,1360138,90526,FITA MFGP C/ GOMA POLIESTER COR 186 [48da11cb-3ace-48d1-a249-8d48fb1eb32d],8MM,15754667,140,0,27/05/2026,13/07/2026,32,Ativo,,,901423,48da11cb-3ace-48d1-a249-8d48fb1eb32d,FILA,133715,,,
DASS SEST71389979328612MM1575466720260527-1,OK,DASS SEST,138997,1385046,93286,FITA MFGP C/ GOMA POLIESTER COR 6038 [d69a6534-35f8-4051-a1e4-96be935af77d],12MM,15754667,90,0,27/05/2026,13/07/2026,32,Ativo,,,901424,d69a6534-35f8-4051-a1e4-96be935af77d,FILA,133715,,,
DASS SEST71389978794616MM1575466720260527-1,OK,DASS SEST,138997,1316829,87946,FITA M31119 C/ GOMA POLIESTER COR 100/ COR 5535/ COR 102 [1a43303f-c41e-4cc1-b387-1ebeb46ec7c4],16MM,15754667,360,0,27/05/2026,13/07/2026,32,Ativo,,,901425,1a43303f-c41e-4cc1-b387-1ebeb46ec7c4,FILA,133715,,,
DASS SEST71389979102316MM1575466720260527-1,OK,DASS SEST,138997,1320254,91023,FITA M31119 C/ GOMA POLIESTER COR 114 / COR 100 / COR 100 [2e54829c-58d9-4107-b8ab-5cb71070218a],16MM,15754667,290,0,27/05/2026,13/07/2026,32,Ativo,,,901426,2e54829c-58d9-4107-b8ab-5cb71070218a,FILA,133715,,,
DASS SEST71389979296316MM1575466720260527-1,OK,DASS SEST,138997,1353470,92963,FITA M31119 C/ GOMA POLIESTER COR 102 / COR 100 / COR 100 [9afd22ab-fd2c-44f2-b148-4caf48e9859e],16MM,15754667,80,0,27/05/2026,13/07/2026,32,Ativo,,,901427,9afd22ab-fd2c-44f2-b148-4caf48e9859e,FILA,133715,,,
DASS SEST71389979296416MM1575466720260527-1,OK,DASS SEST,138997,1360126,92964,FITA M31119 C/ GOMA POLIESTER COR 186 / COR 5508 / COR 5508 [c52a5298-e01d-45fe-8e4d-1344a654a67b],16MM,15754667,140,0,27/05/2026,13/07/2026,32,Ativo,,,901428,c52a5298-e01d-45fe-8e4d-1344a654a67b,FILA,133715,,,
DASS SEST71389979517616MM1575466720260527-1,OK,DASS SEST,138997,1320199,95176,FITA M31119 C/ GOMA POLIESTER COR 053 / COR 114 / COR 114 [23e38e12-05c6-4eaf-aa23-f19ff6ce51e5],16MM,15754667,90,0,27/05/2026,13/07/2026,32,Ativo,,,901429,23e38e12-05c6-4eaf-aa23-f19ff6ce51e5,FILA,133715,,,
DASS SEST71389979548616MM1575466720260527-1,OK,DASS SEST,138997,1406217,95486,FITA M31119 C/ GOMA POLIESTER COR 447 / COR 100 / COR 100 [8f93ec2c-2a04-46fa-ab42-dc72f0c0b9dc],16MM,15754667,110,0,27/05/2026,13/07/2026,32,Ativo,,,901430,8f93ec2c-2a04-46fa-ab42-dc72f0c0b9dc,FILA,133715,,,
DASS SEST71389979548716MM1575466720260527-1,OK,DASS SEST,138997,1353472,95487,FITA M31119 C/ GOMA POLIESTER COR 5703 / COR 114 / COR 114 [40d15090-16a8-4f97-aa14-cff63acef62c],16MM,15754667,270,0,27/05/2026,13/07/2026,32,Ativo,,,901431,40d15090-16a8-4f97-aa14-cff63acef62c,FILA,133715,,,
DASS SEST71389987559590CM1575478415742463BR31469720260527-1,OK,DASS SEST,138998,1175396,75595,ATAC. M13725 6MM POLIESTER COR 100 [6fe95f84-7e7e-4ed6-a137-6deb3e0e4a5f],90CM,15754784,432,15742463BR314697,27/05/2026,13/07/2026,32,Ativo,,,901432,6fe95f84-7e7e-4ed6-a137-6deb3e0e4a5f,FILA,133716,,,
DASS SEST713899875595100CM1575478415742463BR31469720260527-1,OK,DASS SEST,138998,1175396,75595,ATAC. M13725 6MM POLIESTER COR 100 [f02f038a-fa18-4008-a78b-744571daeea0],100CM,15754784,588,15742463BR314697,27/05/2026,13/07/2026,32,Ativo,,,901433,f02f038a-fa18-4008-a78b-744571daeea0,FILA,133716,,,
DASS SEST713899890712130CM1575478415742467BR31467420260527-1,OK,DASS SEST,138998,1317461,90712,ATAC. M22013 6MM POLIESTER COR 100 / COR 5535 [9a8a4b34-648b-4b31-8291-851f9f312eeb],130CM,15754784,408,15742467BR314674,27/05/2026,13/07/2026,32,Ativo,,,901434,9a8a4b34-648b-4b31-8291-851f9f312eeb,FILA,133716,,,
DASS SEST713899890712140CM1575478415742467BR31467420260527-1,OK,DASS SEST,138998,1317461,90712,ATAC. M22013 6MM POLIESTER COR 100 / COR 5535 [cba87ed3-4015-4ab0-9481-66b51631f818],140CM,15754784,408,15742467BR314674,27/05/2026,13/07/2026,32,Ativo,,,901435,cba87ed3-4015-4ab0-9481-66b51631f818,FILA,133716,,,
DASS SEST713899895490135CM1575478415742505BR314670-A20260527-1,OK,DASS SEST,138998,1423777,95490,ATAC. M60132 ALPINA COR 2001 [46858532-aec4-4baa-b1d2-e1ae6d6481be],135CM,15754784,432,15742505BR314670-A,27/05/2026,13/07/2026,32,Ativo,,,901436,46858532-aec4-4baa-b1d2-e1ae6d6481be,FILA,133716,,,
DASS SEST713899895490135CM1575478415742507BR314670-B20260527-1,OK,DASS SEST,138998,1423777,95490,ATAC. M60132 ALPINA COR 2001 [96ba1cb1-133a-4774-bab9-0321e3564d47],135CM,15754784,444,15742507BR314670-B,27/05/2026,13/07/2026,32,Ativo,,,901437,96ba1cb1-133a-4774-bab9-0321e3564d47,FILA,133716,,,
DASS SEST713899895490145CM1575478415742505BR314670-A20260527-1,OK,DASS SEST,138998,1423777,95490,ATAC. M60132 ALPINA COR 2001 [22e284e2-7b71-43d5-9dad-fea66778354e],145CM,15754784,312,15742505BR314670-A,27/05/2026,13/07/2026,32,Ativo,,,901438,22e284e2-7b71-43d5-9dad-fea66778354e,FILA,133716,,,
DASS SEST713899895490145CM1575478415742507BR314670-B20260527-1,OK,DASS SEST,138998,1423777,95490,ATAC. M60132 ALPINA COR 2001 [930df464-993b-4083-9bf3-a6a52187a84b],145CM,15754784,324,15742507BR314670-B,27/05/2026,13/07/2026,32,Ativo,,,901439,930df464-993b-4083-9bf3-a6a52187a84b,FILA,133716,,,
DASS SEST7139302923008MM1577774820260602-1,OK,DASS SEST,139302,1406202,92300,FITA MFGP C/ GOMA POLIESTER COR 788 [43512a19-7365-45c1-9f0d-ef6c5baea9be],8MM,15777748,280,0,02/06/2026,13/07/2026,32,Ativo,,,901440,43512a19-7365-45c1-9f0d-ef6c5baea9be,FILA,133938,,,
DASS SEST71393029538416MM1577774820260602-1,OK,DASS SEST,139302,1411433,95384,FITA M31119 C/ GOMA POLIESTER COR 6008 / COR 102 / COR 102 [3ca35334-ec96-4b25-b8f5-31eed50429df],16MM,15777748,1050,0,02/06/2026,13/07/2026,32,Ativo,,,901441,3ca35334-ec96-4b25-b8f5-31eed50429df,FILA,133938,,,
DASS SEST71393029548616MM1577774820260602-1,OK,DASS SEST,139302,1406217,95486,FITA M31119 C/ GOMA POLIESTER COR 447 / COR 100 / COR 100 [3493fbad-245d-420a-a154-ed71b3c6da2e],16MM,15777748,590,0,02/06/2026,13/07/2026,32,Ativo,,,901442,3493fbad-245d-420a-a154-ed71b3c6da2e,FILA,133938,,,
DASS SEST71393029571216MM1577774820260602-1,OK,DASS SEST,139302,1406222,95712,FITA M31119 C/ GOMA POLIESTER COR 788 / COR 599 / COR 599 [c9bcac13-b0ed-432f-aa9e-d0811c343f82],16MM,15777748,300,0,02/06/2026,13/07/2026,32,Ativo,,,901443,c9bcac13-b0ed-432f-aa9e-d0811c343f82,FILA,133938,,,
DASS SEST713937586418100CM1578773615787220NBR328267720260604-1,OK,DASS SEST,139375,1278311,86418,ATAC. MR140014 6MM RECICLADO COR 4662/PET [6c9dc683-d8a3-4e92-a090-45df3e8d2b32],100CM,15787736,12,15787220NBR3282677,04/06/2026,13/07/2026,32,Ativo,,,901444,6c9dc683-d8a3-4e92-a090-45df3e8d2b32,NIKE,134037,,,
DASS SEST713937586418100CM1578773615787221NBR328268820260604-1,OK,DASS SEST,139375,1278311,86418,ATAC. MR140014 6MM RECICLADO COR 4662/PET [d92c1a60-30c0-4331-8ce3-becd9601d022],100CM,15787736,12,15787221NBR3282688,04/06/2026,13/07/2026,32,Ativo,,,901445,d92c1a60-30c0-4331-8ce3-becd9601d022,NIKE,134037,,,
DASS SEST713937586418105CM1578773615787220NBR328267720260604-1,OK,DASS SEST,139375,1278311,86418,ATAC. MR140014 6MM RECICLADO COR 4662/PET [623cacf2-d488-4b6f-8072-d972cfbfc794],105CM,15787736,498,15787220NBR3282677,04/06/2026,13/07/2026,32,Ativo,,,901446,623cacf2-d488-4b6f-8072-d972cfbfc794,NIKE,134037,,,
DASS SEST713937586418105CM1578773615787221NBR328268820260604-1,OK,DASS SEST,139375,1278311,86418,ATAC. MR140014 6MM RECICLADO COR 4662/PET [f5f12c82-4035-43ca-8398-10f2291384a7],105CM,15787736,498,15787221NBR3282688,04/06/2026,13/07/2026,32,Ativo,,,901447,f5f12c82-4035-43ca-8398-10f2291384a7,NIKE,134037,,,
DASS SEST713937586418110CM1578773615787220NBR328267720260604-1,OK,DASS SEST,139375,1278311,86418,ATAC. MR140014 6MM RECICLADO COR 4662/PET [9e17e007-78fa-4ba2-bb03-8a7e08ecbeb9],110CM,15787736,746,15787220NBR3282677,04/06/2026,13/07/2026,32,Ativo,,,901448,9e17e007-78fa-4ba2-bb03-8a7e08ecbeb9,NIKE,134037,,,
DASS SEST713937586418110CM1578773615787221NBR328268820260604-1,OK,DASS SEST,139375,1278311,86418,ATAC. MR140014 6MM RECICLADO COR 4662/PET [99a4c1b1-71d9-4b72-b4d1-9de11be6343b],110CM,15787736,746,15787221NBR3282688,04/06/2026,13/07/2026,32,Ativo,,,901449,99a4c1b1-71d9-4b72-b4d1-9de11be6343b,NIKE,134037,,,
DASS SEST713937586418115CM1578773615787220NBR328267720260604-1,OK,DASS SEST,139375,1278311,86418,ATAC. MR140014 6MM RECICLADO COR 4662/PET [5c0a4c51-d386-41f2-891c-eb5e0bb8a826],115CM,15787736,96,15787220NBR3282677,04/06/2026,13/07/2026,32,Ativo,,,901450,5c0a4c51-d386-41f2-891c-eb5e0bb8a826,NIKE,134037,,,
DASS SEST713937586418115CM1578773615787221NBR328268820260604-1,OK,DASS SEST,139375,1278311,86418,ATAC. MR140014 6MM RECICLADO COR 4662/PET [3b6d52ae-728a-4bee-8d74-fd9de110442a],115CM,15787736,96,15787221NBR3282688,04/06/2026,13/07/2026,32,Ativo,,,901451,3b6d52ae-728a-4bee-8d74-fd9de110442a,NIKE,134037,,,
DASS SEST713937593661130CM1578773615787202NBR328298420260604-1,OK,DASS SEST,139375,1065806,93661,ATAC. MR110029 RECICLADO COR 4662/PET [b95071f8-7d08-4c28-94cf-521f825b9bda],130CM,15787736,528,15787202NBR3282984,04/06/2026,13/07/2026,32,Ativo,,,901452,b95071f8-7d08-4c28-94cf-521f825b9bda,NIKE,134037,,,
DASS SEST713937593661130CM1578773615787203NBR328298420260604-1,OK,DASS SEST,139375,1065806,93661,ATAC. MR110029 RECICLADO COR 4662/PET [211474f6-a623-4aea-bd90-aeb0f6f088fe],130CM,15787736,582,15787203NBR3282984,04/06/2026,13/07/2026,32,Ativo,,,901453,211474f6-a623-4aea-bd90-aeb0f6f088fe,NIKE,134037,,,
DASS SEST713937593661135CM1578773615787202NBR328298420260604-1,OK,DASS SEST,139375,1065806,93661,ATAC. MR110029 RECICLADO COR 4662/PET [1c8d7644-db9d-435d-912d-0eb6fa26e804],135CM,15787736,561,15787202NBR3282984,04/06/2026,13/07/2026,32,Ativo,,,901454,1c8d7644-db9d-435d-912d-0eb6fa26e804,NIKE,134037,,,
DASS SEST713937593661135CM1578773615787203NBR328298420260604-1,OK,DASS SEST,139375,1065806,93661,ATAC. MR110029 RECICLADO COR 4662/PET [7b53622d-e146-49d6-b16f-d63f205cb84a],135CM,15787736,552,15787203NBR3282984,04/06/2026,13/07/2026,32,Ativo,,,901455,7b53622d-e146-49d6-b16f-d63f205cb84a,NIKE,134037,,,
DASS ITABERABA70139060728018MM1575801720260528-1,OK,DASS ITABERABA,139060,1072623,72801,FITA MFGP C/ GOMA POLIESTER COR 057/1 [71f73b46-1774-42ae-9e4f-a7fda0e12fcf],8MM,15758017,90,0,28/05/2026,13/07/2026,32,Ativo,,,901456,71f73b46-1774-42ae-9e4f-a7fda0e12fcf,FILA,133771,,,
DASS ITABERABA70139060740308MM1575801720260528-1,OK,DASS ITABERABA,139060,1104264,74030,FITA MFGP C/ GOMA POLIESTER COR 114 [66d6fa8d-aedc-4b47-a9fa-8d31089461f5],8MM,15758017,360,0,28/05/2026,13/07/2026,32,Ativo,,,901457,66d6fa8d-aedc-4b47-a9fa-8d31089461f5,FILA,133771,,,
DASS ITABERABA701390608599712MM1575801720260528-1,OK,DASS ITABERABA,139060,1273335,85997,FITA MFGP C/ GOMA POLIESTER COR 5507 [c3a88d18-ec25-42fc-92f2-11fb0ea5f153],12MM,15758017,330,0,28/05/2026,13/07/2026,32,Ativo,,,901458,c3a88d18-ec25-42fc-92f2-11fb0ea5f153,FILA,133771,,,
DASS ITABERABA70139060922338MM1575801720260528-1,OK,DASS ITABERABA,139060,1359678,92233,FITA MFGP C/ GOMA POLIESTER COR 5834 [0a48b50f-d50b-41b1-8162-c3b5bde1c61a],8MM,15758017,60,0,28/05/2026,13/07/2026,32,Ativo,,,901459,0a48b50f-d50b-41b1-8162-c3b5bde1c61a,FILA,133771,,,
DASS ITABERABA701395289294515MM1581226720260610-1,OK,DASS ITABERABA,139528,1403524,92945,FITA M32207 C/ GOMA POLIESTER COR 788 / COR 174 / COR 788 [693f6934-65b3-4360-b9af-65d317647d44],15MM,15812267,840,0,10/06/2026,13/07/2026,32,Ativo,,,901460,693f6934-65b3-4360-b9af-65d317647d44,FILA,134282,,,
DASS SEST713728788668110CM1554198615536901NBR328272120260410-1,OK,DASS SEST,137287,1304277,88668,ATAC. MR110022 7MM RECICLADO COR 4085/PET / COR 496/PET [0bfc8938-9b71-4691-88d2-213c603213ae],110CM,15541986,258,15536901NBR3282721,10/04/2026,20/07/2026,39,Ativo,,,901461,0bfc8938-9b71-4691-88d2-213c603213ae,NIKE,132093,,,
DASS SEST713728788668110CM1554198615536902NBR328273120260410-1,OK,DASS SEST,137287,1304277,88668,ATAC. MR110022 7MM RECICLADO COR 4085/PET / COR 496/PET [26ded384-6ed5-41e6-89a2-2b6e4a206bc0],110CM,15541986,156,15536902NBR3282731,10/04/2026,20/07/2026,39,Ativo,,,901462,26ded384-6ed5-41e6-89a2-2b6e4a206bc0,NIKE,132093,,,
DASS SEST713728788668110CM1554198615536904NBR328273120260410-1,OK,DASS SEST,137287,1304277,88668,ATAC. MR110022 7MM RECICLADO COR 4085/PET / COR 496/PET [e7273681-6f6d-4f29-947a-02da1b4f778e],110CM,15541986,174,15536904NBR3282731,10/04/2026,20/07/2026,39,Ativo,,,901463,e7273681-6f6d-4f29-947a-02da1b4f778e,NIKE,132093,,,
DASS SEST713728788668110CM1554198615536906NBR328273720260410-1,OK,DASS SEST,137287,1304277,88668,ATAC. MR110022 7MM RECICLADO COR 4085/PET / COR 496/PET [5c59a089-da5d-4778-8e78-99e086c5ff4d],110CM,15541986,156,15536906NBR3282737,10/04/2026,20/07/2026,39,Ativo,,,901464,5c59a089-da5d-4778-8e78-99e086c5ff4d,NIKE,132093,,,
DASS SEST713728788668110CM1554198615536907NBR328273720260410-1,OK,DASS SEST,137287,1304277,88668,ATAC. MR110022 7MM RECICLADO COR 4085/PET / COR 496/PET [a58244b8-3c9e-4d09-beb4-ae043045d867],110CM,15541986,174,15536907NBR3282737,10/04/2026,20/07/2026,39,Ativo,,,901465,a58244b8-3c9e-4d09-beb4-ae043045d867,NIKE,132093,,,
DASS SEST713728788668110CM1554198615536908NBR328274020260410-1,OK,DASS SEST,137287,1304277,88668,ATAC. MR110022 7MM RECICLADO COR 4085/PET / COR 496/PET [bef8f84e-a896-49e6-8f81-84ca19967890],110CM,15541986,192,15536908NBR3282740,10/04/2026,20/07/2026,39,Ativo,,,901466,bef8f84e-a896-49e6-8f81-84ca19967890,NIKE,132093,,,
DASS SEST713728788668110CM1554198615536910NBR328274020260410-1,OK,DASS SEST,137287,1304277,88668,ATAC. MR110022 7MM RECICLADO COR 4085/PET / COR 496/PET [3a2bfc19-ef3e-4ea0-91b9-e4dd95d33c4c],110CM,15541986,186,15536910NBR3282740,10/04/2026,20/07/2026,39,Ativo,,,901467,3a2bfc19-ef3e-4ea0-91b9-e4dd95d33c4c,NIKE,132093,,,
DASS SEST713728788668110CM1554198615536911NBR328274020260410-1,OK,DASS SEST,137287,1304277,88668,ATAC. MR110022 7MM RECICLADO COR 4085/PET / COR 496/PET [7380e40b-5861-48ca-8367-d074e0a69462],110CM,15541986,186,15536911NBR3282740,10/04/2026,20/07/2026,39,Ativo,,,901468,7380e40b-5861-48ca-8367-d074e0a69462,NIKE,132093,,,
DASS SEST713728788668115CM1554198615536901NBR328272120260410-1,OK,DASS SEST,137287,1304277,88668,ATAC. MR110022 7MM RECICLADO COR 4085/PET / COR 496/PET [2eec5bc6-1400-4dca-9a67-12cf00bf060d],115CM,15541986,596,15536901NBR3282721,10/04/2026,20/07/2026,39,Ativo,,,901469,2eec5bc6-1400-4dca-9a67-12cf00bf060d,NIKE,132093,,,
DASS SEST713728788668115CM1554198615536902NBR328273120260410-1,OK,DASS SEST,137287,1304277,88668,ATAC. MR110022 7MM RECICLADO COR 4085/PET / COR 496/PET [8dc69a65-03dd-48dd-b91f-ec149631bf0d],115CM,15541986,669,15536902NBR3282731,10/04/2026,20/07/2026,39,Ativo,,,901470,8dc69a65-03dd-48dd-b91f-ec149631bf0d,NIKE,132093,,,
DASS SEST713728788668115CM1554198615536904NBR328273120260410-1,OK,DASS SEST,137287,1304277,88668,ATAC. MR110022 7MM RECICLADO COR 4085/PET / COR 496/PET [65ca4a29-39fa-4164-b3d0-6b7ed0ce1f6a],115CM,15541986,672,15536904NBR3282731,10/04/2026,20/07/2026,39,Ativo,,,901471,65ca4a29-39fa-4164-b3d0-6b7ed0ce1f6a,NIKE,132093,,,
DASS SEST713728788668115CM1554198615536906NBR328273720260410-1,OK,DASS SEST,137287,1304277,88668,ATAC. MR110022 7MM RECICLADO COR 4085/PET / COR 496/PET [3446e310-e4ed-42c2-be94-d5443388aea9],115CM,15541986,669,15536906NBR3282737,10/04/2026,20/07/2026,39,Ativo,,,901472,3446e310-e4ed-42c2-be94-d5443388aea9,NIKE,132093,,,
DASS SEST713728788668115CM1554198615536907NBR328273720260410-1,OK,DASS SEST,137287,1304277,88668,ATAC. MR110022 7MM RECICLADO COR 4085/PET / COR 496/PET [4485b52f-e806-4f0b-9712-535292d8d8a9],115CM,15541986,666,15536907NBR3282737,10/04/2026,20/07/2026,39,Ativo,,,901473,4485b52f-e806-4f0b-9712-535292d8d8a9,NIKE,132093,,,
DASS SEST713728788668115CM1554198615536908NBR328274020260410-1,OK,DASS SEST,137287,1304277,88668,ATAC. MR110022 7MM RECICLADO COR 4085/PET / COR 496/PET [1f89a199-dc63-4a25-8a66-59899d9af0eb],115CM,15541986,681,15536908NBR3282740,10/04/2026,20/07/2026,39,Ativo,,,901474,1f89a199-dc63-4a25-8a66-59899d9af0eb,NIKE,132093,,,
DASS SEST713728788668115CM1554198615536910NBR328274020260410-1,OK,DASS SEST,137287,1304277,88668,ATAC. MR110022 7MM RECICLADO COR 4085/PET / COR 496/PET [8a21be8d-f4e3-4a59-a86a-12d651da8efa],115CM,15541986,528,15536910NBR3282740,10/04/2026,20/07/2026,39,Ativo,,,901475,8a21be8d-f4e3-4a59-a86a-12d651da8efa,NIKE,132093,,,
DASS SEST713728788668115CM1554198615536911NBR328274020260410-1,OK,DASS SEST,137287,1304277,88668,ATAC. MR110022 7MM RECICLADO COR 4085/PET / COR 496/PET [a93ea324-c18f-466c-962b-b1768299d2e9],115CM,15541986,390,15536911NBR3282740,10/04/2026,20/07/2026,39,Ativo,,,901476,a93ea324-c18f-466c-962b-b1768299d2e9,NIKE,132093,,,
DASS SEST713728788668120CM1554198615536901NBR328272120260410-1,OK,DASS SEST,137287,1304277,88668,ATAC. MR110022 7MM RECICLADO COR 4085/PET / COR 496/PET [03f9aff0-683a-4628-9d06-9a6b483aeae2],120CM,15541986,168,15536901NBR3282721,10/04/2026,20/07/2026,39,Ativo,,,901477,03f9aff0-683a-4628-9d06-9a6b483aeae2,NIKE,132093,,,
DASS SEST713728788668120CM1554198615536902NBR328273120260410-1,OK,DASS SEST,137287,1304277,88668,ATAC. MR110022 7MM RECICLADO COR 4085/PET / COR 496/PET [8d9d6c5d-4f7f-4e97-982b-3d82f7afd1f6],120CM,15541986,216,15536902NBR3282731,10/04/2026,20/07/2026,39,Ativo,,,901478,8d9d6c5d-4f7f-4e97-982b-3d82f7afd1f6,NIKE,132093,,,
DASS SEST713728788668120CM1554198615536904NBR328273120260410-1,OK,DASS SEST,137287,1304277,88668,ATAC. MR110022 7MM RECICLADO COR 4085/PET / COR 496/PET [a40fa3cc-f1f2-46a5-a390-21e3b2cbd978],120CM,15541986,228,15536904NBR3282731,10/04/2026,20/07/2026,39,Ativo,,,901479,a40fa3cc-f1f2-46a5-a390-21e3b2cbd978,NIKE,132093,,,
DASS SEST713728788668120CM1554198615536906NBR328273720260410-1,OK,DASS SEST,137287,1304277,88668,ATAC. MR110022 7MM RECICLADO COR 4085/PET / COR 496/PET [20943f6b-6491-47c3-8afb-512d0b396c60],120CM,15541986,216,15536906NBR3282737,10/04/2026,20/07/2026,39,Ativo,,,901480,20943f6b-6491-47c3-8afb-512d0b396c60,NIKE,132093,,,
DASS SEST713728788668120CM1554198615536907NBR328273720260410-1,OK,DASS SEST,137287,1304277,88668,ATAC. MR110022 7MM RECICLADO COR 4085/PET / COR 496/PET [87479ddf-a588-4243-bdad-37395334a9f3],120CM,15541986,228,15536907NBR3282737,10/04/2026,20/07/2026,39,Ativo,,,901481,87479ddf-a588-4243-bdad-37395334a9f3,NIKE,132093,,,
DASS SEST713728788668120CM1554198615536908NBR328274020260410-1,OK,DASS SEST,137287,1304277,88668,ATAC. MR110022 7MM RECICLADO COR 4085/PET / COR 496/PET [0602376c-28df-4684-a843-80c9d0d6252d],120CM,15541986,108,15536908NBR3282740,10/04/2026,20/07/2026,39,Ativo,,,901482,0602376c-28df-4684-a843-80c9d0d6252d,NIKE,132093,,,
DASS SEST713728788668120CM1554198615536910NBR328274020260410-1,OK,DASS SEST,137287,1304277,88668,ATAC. MR110022 7MM RECICLADO COR 4085/PET / COR 496/PET [e521982f-4bfb-4fe6-8ce5-2749d658c3d4],120CM,15541986,108,15536910NBR3282740,10/04/2026,20/07/2026,39,Ativo,,,901483,e521982f-4bfb-4fe6-8ce5-2749d658c3d4,NIKE,132093,,,
DASS SEST713728788668120CM1554198615536911NBR328274020260410-1,OK,DASS SEST,137287,1304277,88668,ATAC. MR110022 7MM RECICLADO COR 4085/PET / COR 496/PET [f814e43a-a271-4cd7-9c10-41191faec12e],120CM,15541986,114,15536911NBR3282740,10/04/2026,20/07/2026,39,Ativo,,,901484,f814e43a-a271-4cd7-9c10-41191faec12e,NIKE,132093,,,
DASS SEST713728794536110CM1554198615536933NBR328274520260410-1,OK,DASS SEST,137287,1408857,94536,ATAC. MR110022 7MM RECICLADO COR 4662/PET / COR 310/PET [6fa21b00-3f22-4bec-9777-8a16ab5a1489],110CM,15541986,962,15536933NBR3282745,10/04/2026,20/07/2026,39,Ativo,,,901485,6fa21b00-3f22-4bec-9777-8a16ab5a1489,NIKE,132093,,,
DASS SEST713728794536110CM1554198615536934NBR328274520260410-1,OK,DASS SEST,137287,1408857,94536,ATAC. MR110022 7MM RECICLADO COR 4662/PET / COR 310/PET [dec09a38-7796-4d35-94c4-ccf29dac37c9],110CM,15541986,966,15536934NBR3282745,10/04/2026,20/07/2026,39,Ativo,,,901486,dec09a38-7796-4d35-94c4-ccf29dac37c9,NIKE,132093,,,
DASS SEST713728794536110CM1554198615536935NBR328274920260410-1,OK,DASS SEST,137287,1408857,94536,ATAC. MR110022 7MM RECICLADO COR 4662/PET / COR 310/PET [daa72293-f2dd-465b-a95f-c0c16bb0a4f6],110CM,15541986,872,15536935NBR3282749,10/04/2026,20/07/2026,39,Ativo,,,901487,daa72293-f2dd-465b-a95f-c0c16bb0a4f6,NIKE,132093,,,
DASS SEST713728794536110CM1554198615536936NBR328274920260410-1,OK,DASS SEST,137287,1408857,94536,ATAC. MR110022 7MM RECICLADO COR 4662/PET / COR 310/PET [32bc90c4-a584-4ee6-bfc5-87fbb4d4927c],110CM,15541986,930,15536936NBR3282749,10/04/2026,20/07/2026,39,Ativo,,,901488,32bc90c4-a584-4ee6-bfc5-87fbb4d4927c,NIKE,132093,,,
DASS SEST713728794536110CM1554198615536937NBR328275020260410-1,OK,DASS SEST,137287,1408857,94536,ATAC. MR110022 7MM RECICLADO COR 4662/PET / COR 310/PET [17d69f30-741f-47b5-9447-194cfe32e077],110CM,15541986,902,15536937NBR3282750,10/04/2026,20/07/2026,39,Ativo,,,901489,17d69f30-741f-47b5-9447-194cfe32e077,NIKE,132093,,,
DASS SEST713728794536110CM1554198615536938NBR328275020260410-1,OK,DASS SEST,137287,1408857,94536,ATAC. MR110022 7MM RECICLADO COR 4662/PET / COR 310/PET [db1b7631-e01e-423c-83e6-f4e7aff52d69],110CM,15541986,930,15536938NBR3282750,10/04/2026,20/07/2026,39,Ativo,,,901490,db1b7631-e01e-423c-83e6-f4e7aff52d69,NIKE,132093,,,
DASS SEST713728795027110CM1554198615536925NBR328272220260410-1,OK,DASS SEST,137287,1408855,95027,ATAC. MR110022 7MM RECICLADO COR 4085/PET / COR 596/PET [1f8f7e6b-a36e-4efa-9f7c-e6c7b78fc95e],110CM,15541986,186,15536925NBR3282722,10/04/2026,20/07/2026,39,Ativo,,,901491,1f8f7e6b-a36e-4efa-9f7c-e6c7b78fc95e,NIKE,132093,,,
DASS SEST713728795027110CM1554198615536926NBR328272220260410-1,OK,DASS SEST,137287,1408855,95027,ATAC. MR110022 7MM RECICLADO COR 4085/PET / COR 596/PET [529a9484-630a-469f-b952-16d362b89a66],110CM,15541986,186,15536926NBR3282722,10/04/2026,20/07/2026,39,Ativo,,,901492,529a9484-630a-469f-b952-16d362b89a66,NIKE,132093,,,
DASS SEST713728795027115CM1554198615536925NBR328272220260410-1,OK,DASS SEST,137287,1408855,95027,ATAC. MR110022 7MM RECICLADO COR 4085/PET / COR 596/PET [cf842363-6343-4698-a73c-020004fe6927],115CM,15541986,536,15536925NBR3282722,10/04/2026,20/07/2026,39,Ativo,,,901493,cf842363-6343-4698-a73c-020004fe6927,NIKE,132093,,,
DASS SEST713728795027115CM1554198615536926NBR328272220260410-1,OK,DASS SEST,137287,1408855,95027,ATAC. MR110022 7MM RECICLADO COR 4085/PET / COR 596/PET [9005adce-e0b8-4174-bdf4-a81b37669ce1],115CM,15541986,546,15536926NBR3282722,10/04/2026,20/07/2026,39,Ativo,,,901494,9005adce-e0b8-4174-bdf4-a81b37669ce1,NIKE,132093,,,
DASS SEST713728795027120CM1554198615536925NBR328272220260410-1,OK,DASS SEST,137287,1408855,95027,ATAC. MR110022 7MM RECICLADO COR 4085/PET / COR 596/PET [de3db324-6f43-4753-b663-4f4b5960f227],120CM,15541986,84,15536925NBR3282722,10/04/2026,20/07/2026,39,Ativo,,,901495,de3db324-6f43-4753-b663-4f4b5960f227,NIKE,132093,,,
DASS SEST713728795027120CM1554198615536926NBR328272220260410-1,OK,DASS SEST,137287,1408855,95027,ATAC. MR110022 7MM RECICLADO COR 4085/PET / COR 596/PET [09fe19ef-cd8d-4dd1-acd7-f68784b74af9],120CM,15541986,72,15536926NBR3282722,10/04/2026,20/07/2026,39,Ativo,,,901496,09fe19ef-cd8d-4dd1-acd7-f68784b74af9,NIKE,132093,,,
DASS SEST713728786978100CM1554198615538702NBR328267820260410-1,OK,DASS SEST,137287,1299257,86978,ATAC. MR130027 6MM RECICLADO COR 4085/PET [9963cfc4-7ae4-400b-a446-7b5853ba1803],100CM,15541986,156,15538702NBR3282678,10/04/2026,20/07/2026,39,Ativo,,,901497,9963cfc4-7ae4-400b-a446-7b5853ba1803,NIKE,132093,,,
DASS SEST713728786978100CM1554198615538703NBR328267820260410-1,OK,DASS SEST,137287,1299257,86978,ATAC. MR130027 6MM RECICLADO COR 4085/PET [c07d05f1-acd4-4a2d-9f40-300fd688a695],100CM,15541986,144,15538703NBR3282678,10/04/2026,20/07/2026,39,Ativo,,,901498,c07d05f1-acd4-4a2d-9f40-300fd688a695,NIKE,132093,,,
DASS SEST713728786978100CM1554198615538705NBR328267820260410-1,OK,DASS SEST,137287,1299257,86978,ATAC. MR130027 6MM RECICLADO COR 4085/PET [21c5f214-cc11-4590-a86d-f1cd2492071e],100CM,15541986,168,15538705NBR3282678,10/04/2026,20/07/2026,39,Ativo,,,901499,21c5f214-cc11-4590-a86d-f1cd2492071e,NIKE,132093,,,
DASS SEST713728786978105CM1554198615538702NBR328267820260410-1,OK,DASS SEST,137287,1299257,86978,ATAC. MR130027 6MM RECICLADO COR 4085/PET [bdef66c8-d425-4d45-a721-80f1a738d260],105CM,15541986,651,15538702NBR3282678,10/04/2026,20/07/2026,39,Ativo,,,901500,bdef66c8-d425-4d45-a721-80f1a738d260,NIKE,132093,,,
DASS SEST713728786978105CM1554198615538703NBR328267820260410-1,OK,DASS SEST,137287,1299257,86978,ATAC. MR130027 6MM RECICLADO COR 4085/PET [e3509471-d8c5-4635-a5a5-744739daa294],105CM,15541986,480,15538703NBR3282678,10/04/2026,20/07/2026,39,Ativo,,,901501,e3509471-d8c5-4635-a5a5-744739daa294,NIKE,132093,,,
DASS SEST713728786978105CM1554198615538705NBR328267820260410-1,OK,DASS SEST,137287,1299257,86978,ATAC. MR130027 6MM RECICLADO COR 4085/PET [2a2c75d7-814d-46fc-924f-568f8de672b4],105CM,15541986,324,15538705NBR3282678,10/04/2026,20/07/2026,39,Ativo,,,901502,2a2c75d7-814d-46fc-924f-568f8de672b4,NIKE,132093,,,
DASS SEST713728786978105CM1554198615537918NBR328268220260410-1,OK,DASS SEST,137287,1299257,86978,ATAC. MR130027 6MM RECICLADO COR 4085/PET [e81c288a-fc70-4f32-8aa7-bb4f7e4d9c9e],105CM,15541986,300,15537918NBR3282682,10/04/2026,20/07/2026,39,Ativo,,,901503,e81c288a-fc70-4f32-8aa7-bb4f7e4d9c9e,NIKE,132093,,,
DASS SEST713728786978105CM1554198615537919NBR328268220260410-1,OK,DASS SEST,137287,1299257,86978,ATAC. MR130027 6MM RECICLADO COR 4085/PET [ed2a1b83-a424-474f-a710-f61d84a54382],105CM,15541986,318,15537919NBR3282682,10/04/2026,20/07/2026,39,Ativo,,,901504,ed2a1b83-a424-474f-a710-f61d84a54382,NIKE,132093,,,
DASS SEST713728786978110CM1554198615538702NBR328267820260410-1,OK,DASS SEST,137287,1299257,86978,ATAC. MR130027 6MM RECICLADO COR 4085/PET [7ac11a29-7d31-4a98-a2f2-4826e5a8ac59],110CM,15541986,144,15538702NBR3282678,10/04/2026,20/07/2026,39,Ativo,,,901505,7ac11a29-7d31-4a98-a2f2-4826e5a8ac59,NIKE,132093,,,
DASS SEST713728786978110CM1554198615538703NBR328267820260410-1,OK,DASS SEST,137287,1299257,86978,ATAC. MR130027 6MM RECICLADO COR 4085/PET [76b769ce-01f3-4677-a630-a6bdeea2d950],110CM,15541986,120,15538703NBR3282678,10/04/2026,20/07/2026,39,Ativo,,,901506,76b769ce-01f3-4677-a630-a6bdeea2d950,NIKE,132093,,,
DASS SEST713728786978110CM1554198615538705NBR328267820260410-1,OK,DASS SEST,137287,1299257,86978,ATAC. MR130027 6MM RECICLADO COR 4085/PET [75ed2d17-3376-42ab-925b-820f390261bb],110CM,15541986,156,15538705NBR3282678,10/04/2026,20/07/2026,39,Ativo,,,901507,75ed2d17-3376-42ab-925b-820f390261bb,NIKE,132093,,,
DASS SEST713728786978110CM1554198615537918NBR328268220260410-1,OK,DASS SEST,137287,1299257,86978,ATAC. MR130027 6MM RECICLADO COR 4085/PET [f55d1e73-ab2d-4651-87d6-afb15d39c3aa],110CM,15541986,314,15537918NBR3282682,10/04/2026,20/07/2026,39,Ativo,,,901508,f55d1e73-ab2d-4651-87d6-afb15d39c3aa,NIKE,132093,,,
DASS SEST713728786978110CM1554198615537919NBR328268220260410-1,OK,DASS SEST,137287,1299257,86978,ATAC. MR130027 6MM RECICLADO COR 4085/PET [99df0c65-70a5-4b5c-b362-9e270a6861cb],110CM,15541986,336,15537919NBR3282682,10/04/2026,20/07/2026,39,Ativo,,,901509,99df0c65-70a5-4b5c-b362-9e270a6861cb,NIKE,132093,,,
DASS SEST713728786978115CM1554198615537918NBR328268220260410-1,OK,DASS SEST,137287,1299257,86978,ATAC. MR130027 6MM RECICLADO COR 4085/PET [d318eeb5-ec7f-4f86-9c6c-ede3edc8a06a],115CM,15541986,12,15537918NBR3282682,10/04/2026,20/07/2026,39,Ativo,,,901510,d318eeb5-ec7f-4f86-9c6c-ede3edc8a06a,NIKE,132093,,,
DASS SEST71372878859395CM1554198615538750NBR3343820260410-1,OK,DASS SEST,137287,1324964,88593,ATAC. MR130027 6MM RECICLADO COR 5641 [f9a14a5d-7969-4b69-b4a8-79e7f3c3cd8c],95CM,15541986,510,15538750NBR33438,10/04/2026,20/07/2026,39,Ativo,,,901511,f9a14a5d-7969-4b69-b4a8-79e7f3c3cd8c,NIKE,132093,,,
DASS SEST71372878859395CM1554198615538751NBR3343920260410-1,OK,DASS SEST,137287,1324964,88593,ATAC. MR130027 6MM RECICLADO COR 5641 [0d99047f-0b6c-44b4-9e4d-2809ead4bd23],95CM,15541986,510,15538751NBR33439,10/04/2026,20/07/2026,39,Ativo,,,901512,0d99047f-0b6c-44b4-9e4d-2809ead4bd23,NIKE,132093,,,
DASS SEST713728788593100CM1554198615538750NBR3343820260410-1,OK,DASS SEST,137287,1324964,88593,ATAC. MR130027 6MM RECICLADO COR 5641 [af546b2a-27a1-47ba-a161-6f4d519539a5],100CM,15541986,650,15538750NBR33438,10/04/2026,20/07/2026,39,Ativo,,,901513,af546b2a-27a1-47ba-a161-6f4d519539a5,NIKE,132093,,,
DASS SEST713728788593100CM1554198615538751NBR3343920260410-1,OK,DASS SEST,137287,1324964,88593,ATAC. MR130027 6MM RECICLADO COR 5641 [69155437-0861-4fb9-86e7-486340afa039],100CM,15541986,650,15538751NBR33439,10/04/2026,20/07/2026,39,Ativo,,,901514,69155437-0861-4fb9-86e7-486340afa039,NIKE,132093,,,
DASS SEST713728788593105CM1554198615538750NBR3343820260410-1,OK,DASS SEST,137287,1324964,88593,ATAC. MR130027 6MM RECICLADO COR 5641 [f0effc37-f2ab-4807-96b1-a4c4636addb5],105CM,15541986,78,15538750NBR33438,10/04/2026,20/07/2026,39,Ativo,,,901515,f0effc37-f2ab-4807-96b1-a4c4636addb5,NIKE,132093,,,
DASS SEST713728788593105CM1554198615538751NBR3343920260410-1,OK,DASS SEST,137287,1324964,88593,ATAC. MR130027 6MM RECICLADO COR 5641 [3e116b2b-a48e-4e5b-8517-f230bae19ab7],105CM,15541986,78,15538751NBR33439,10/04/2026,20/07/2026,39,Ativo,,,901516,3e116b2b-a48e-4e5b-8517-f230bae19ab7,NIKE,132093,,,
DASS SEST713728793450110CM1554198615537931NBR328266420260410-1,OK,DASS SEST,137287,1409834,93450,ATAC. MR130027 6MM RECICLADO COR 057/PET [f4ca8fd1-75c1-42c2-9430-952011693c59],110CM,15541986,276,15537931NBR3282664,10/04/2026,20/07/2026,39,Ativo,,,901517,f4ca8fd1-75c1-42c2-9430-952011693c59,NIKE,132093,,,
DASS SEST713728793450115CM1554198615537931NBR328266420260410-1,OK,DASS SEST,137287,1409834,93450,ATAC. MR130027 6MM RECICLADO COR 057/PET [36e5b62b-ebc7-494f-9562-b641ac96dbec],115CM,15541986,800,15537931NBR3282664,10/04/2026,20/07/2026,39,Ativo,,,901518,36e5b62b-ebc7-494f-9562-b641ac96dbec,NIKE,132093,,,
DASS SEST713728793450120CM1554198615537931NBR328266420260410-1,OK,DASS SEST,137287,1409834,93450,ATAC. MR130027 6MM RECICLADO COR 057/PET [3cbe4904-fcef-4c9a-9796-3a1ad5fd88f1],120CM,15541986,114,15537931NBR3282664,10/04/2026,20/07/2026,39,Ativo,,,901519,3cbe4904-fcef-4c9a-9796-3a1ad5fd88f1,NIKE,132093,,,
DASS SEST713728795030110CM1554198615537961NBR328256720260410-1,OK,DASS SEST,137287,1409833,95030,ATAC. MR130027 6MM RECICLADO COR 6082/PET [ce10bb0a-11af-45c4-8f61-786e9b44db91],110CM,15541986,90,15537961NBR3282567,10/04/2026,20/07/2026,39,Ativo,,,901520,ce10bb0a-11af-45c4-8f61-786e9b44db91,NIKE,132093,,,
DASS SEST713728795030110CM1554198615537962NBR328256720260410-1,OK,DASS SEST,137287,1409833,95030,ATAC. MR130027 6MM RECICLADO COR 6082/PET [329578a7-7f3b-4b46-a6bd-9a476c120aad],110CM,15541986,90,15537962NBR3282567,10/04/2026,20/07/2026,39,Ativo,,,901521,329578a7-7f3b-4b46-a6bd-9a476c120aad,NIKE,132093,,,
DASS SEST713728795030115CM1554198615537961NBR328256720260410-1,OK,DASS SEST,137287,1409833,95030,ATAC. MR130027 6MM RECICLADO COR 6082/PET [d7e34e7a-f8fd-49d6-894f-b469024fc748],115CM,15541986,434,15537961NBR3282567,10/04/2026,20/07/2026,39,Ativo,,,901522,d7e34e7a-f8fd-49d6-894f-b469024fc748,NIKE,132093,,,
DASS SEST713728795030115CM1554198615537962NBR328256720260410-1,OK,DASS SEST,137287,1409833,95030,ATAC. MR130027 6MM RECICLADO COR 6082/PET [f8541b5f-5677-4c59-a61a-733473ad924f],115CM,15541986,444,15537962NBR3282567,10/04/2026,20/07/2026,39,Ativo,,,901523,f8541b5f-5677-4c59-a61a-733473ad924f,NIKE,132093,,,
DASS SEST713728795030120CM1554198615537961NBR328256720260410-1,OK,DASS SEST,137287,1409833,95030,ATAC. MR130027 6MM RECICLADO COR 6082/PET [a888d2de-d3cd-400c-a78f-7c1d5dcde1b5],120CM,15541986,120,15537961NBR3282567,10/04/2026,20/07/2026,39,Ativo,,,901524,a888d2de-d3cd-400c-a78f-7c1d5dcde1b5,NIKE,132093,,,
DASS SEST713728795030120CM1554198615537962NBR328256720260410-1,OK,DASS SEST,137287,1409833,95030,ATAC. MR130027 6MM RECICLADO COR 6082/PET [c7e9e115-ec40-41c6-bbcb-125e882ac744],120CM,15541986,156,15537962NBR3282567,10/04/2026,20/07/2026,39,Ativo,,,901525,c7e9e115-ec40-41c6-bbcb-125e882ac744,NIKE,132093,,,
DASS SEST71372907400710MM1554355020260410-1,OK,DASS SEST,137290,1200469,74007,FITA M32164 C/ GOMA POLIESTER COR 4085 [1bad4d5e-3716-49c5-aec0-806079714035],10MM,15543550,240,0,10/04/2026,20/07/2026,39,Ativo,,,901526,1bad4d5e-3716-49c5-aec0-806079714035,NIKE,132114,,,
DASS SEST71372908496010MM1554355020260410-1,OK,DASS SEST,137290,1236790,84960,FITA M32164 C/ GOMA POLIESTER COR 5422 [aae42ac2-a620-4535-9106-5e94b8de7ae4],10MM,15543550,240,0,10/04/2026,20/07/2026,39,Ativo,,,901527,aae42ac2-a620-4535-9106-5e94b8de7ae4,NIKE,132114,,,
DASS SEST713731095044110CM1554418915536970NBR328270520260410-1,OK,DASS SEST,137310,1421417,95044,ATAC. MR110022 7MM RECICLADO COR 6082/PET / COR 5481/PET [9923f0f2-3996-457f-89be-dafe13d0c0e5],110CM,15544189,192,15536970NBR3282705,10/04/2026,20/07/2026,39,Ativo,,,901528,9923f0f2-3996-457f-89be-dafe13d0c0e5,NIKE,132122,,,
DASS SEST713731095044110CM1554418915536974NBR328270520260410-1,OK,DASS SEST,137310,1421417,95044,ATAC. MR110022 7MM RECICLADO COR 6082/PET / COR 5481/PET [2c416b7a-79b5-4c90-82dc-7f8902f763b4],110CM,15544189,204,15536974NBR3282705,10/04/2026,20/07/2026,39,Ativo,,,901529,2c416b7a-79b5-4c90-82dc-7f8902f763b4,NIKE,132122,,,
DASS SEST713731095044115CM1554418915536970NBR328270520260410-1,OK,DASS SEST,137310,1421417,95044,ATAC. MR110022 7MM RECICLADO COR 6082/PET / COR 5481/PET [ad799dbe-b0c5-42e4-ac98-e5ec371ef929],115CM,15544189,518,15536970NBR3282705,10/04/2026,20/07/2026,39,Ativo,,,901530,ad799dbe-b0c5-42e4-ac98-e5ec371ef929,NIKE,132122,,,
DASS SEST713731095044115CM1554418915536974NBR328270520260410-1,OK,DASS SEST,137310,1421417,95044,ATAC. MR110022 7MM RECICLADO COR 6082/PET / COR 5481/PET [3f9629c2-16b0-47d4-b36c-1cdf8943a4b6],115CM,15544189,552,15536974NBR3282705,10/04/2026,20/07/2026,39,Ativo,,,901531,3f9629c2-16b0-47d4-b36c-1cdf8943a4b6,NIKE,132122,,,
DASS SEST713731095044120CM1554418915536970NBR328270520260410-1,OK,DASS SEST,137310,1421417,95044,ATAC. MR110022 7MM RECICLADO COR 6082/PET / COR 5481/PET [ed3cb060-3700-410d-88bf-6a98f36bcd7a],120CM,15544189,60,15536970NBR3282705,10/04/2026,20/07/2026,39,Ativo,,,901532,ed3cb060-3700-410d-88bf-6a98f36bcd7a,NIKE,132122,,,
DASS SEST713731095044120CM1554418915536974NBR328270520260410-1,OK,DASS SEST,137310,1421417,95044,ATAC. MR110022 7MM RECICLADO COR 6082/PET / COR 5481/PET [10c225d3-5aa0-4231-b648-b82bd713c4d9],120CM,15544189,72,15536974NBR3282705,10/04/2026,20/07/2026,39,Ativo,,,901533,10c225d3-5aa0-4231-b648-b82bd713c4d9,NIKE,132122,,,
DASS SEST713793382628105CM1563196515622395NBR328258520260428-1,OK,DASS SEST,137933,1188919,82628,ATAC. MR140014 6MM RECICLADO COR 4085/PET [b7f57957-31ae-4e3f-97a0-418b452cc8b1],105CM,15631965,12,15622395NBR3282585,28/04/2026,20/07/2026,39,Ativo,,,901534,b7f57957-31ae-4e3f-97a0-418b452cc8b1,NIKE,132710,,,
DASS SEST713793382628105CM1563196515622387NBR328266720260428-1,OK,DASS SEST,137933,1188919,82628,ATAC. MR140014 6MM RECICLADO COR 4085/PET [ac3646af-82b4-4ae4-94cf-c117c32904b4],105CM,15631965,18,15622387NBR3282667,28/04/2026,20/07/2026,39,Ativo,,,901535,ac3646af-82b4-4ae4-94cf-c117c32904b4,NIKE,132710,,,
DASS SEST713793382628105CM1563196515622361NBR328270720260428-1,OK,DASS SEST,137933,1188919,82628,ATAC. MR140014 6MM RECICLADO COR 4085/PET [d2c16e29-d8e1-4e29-af78-c5590d22690a],105CM,15631965,180,15622361NBR3282707,28/04/2026,20/07/2026,39,Ativo,,,901536,d2c16e29-d8e1-4e29-af78-c5590d22690a,NIKE,132710,,,
DASS SEST713793382628105CM1563196515622363NBR328270720260428-1,OK,DASS SEST,137933,1188919,82628,ATAC. MR140014 6MM RECICLADO COR 4085/PET [663fa7e2-375a-425a-a27b-827717793490],105CM,15631965,204,15622363NBR3282707,28/04/2026,20/07/2026,39,Ativo,,,901537,663fa7e2-375a-425a-a27b-827717793490,NIKE,132710,,,
DASS SEST713793382628105CM1563196515622364NBR328280020260428-1,OK,DASS SEST,137933,1188919,82628,ATAC. MR140014 6MM RECICLADO COR 4085/PET [67a233e9-f0a9-44b6-80e4-5ffbf1500c06],105CM,15631965,156,15622364NBR3282800,28/04/2026,20/07/2026,39,Ativo,,,901538,67a233e9-f0a9-44b6-80e4-5ffbf1500c06,NIKE,132710,,,
DASS SEST713793382628105CM1563196515622365NBR328280020260428-1,OK,DASS SEST,137933,1188919,82628,ATAC. MR140014 6MM RECICLADO COR 4085/PET [e54bf2dc-805e-4490-974c-8cbc76cef072],105CM,15631965,156,15622365NBR3282800,28/04/2026,20/07/2026,39,Ativo,,,901539,e54bf2dc-805e-4490-974c-8cbc76cef072,NIKE,132710,,,
DASS SEST713793382628105CM1563196515622366NBR328280020260428-1,OK,DASS SEST,137933,1188919,82628,ATAC. MR140014 6MM RECICLADO COR 4085/PET [5ad0a0f5-9d90-493f-9d03-b72f37cb9017],105CM,15631965,192,15622366NBR3282800,28/04/2026,20/07/2026,39,Ativo,,,901540,5ad0a0f5-9d90-493f-9d03-b72f37cb9017,NIKE,132710,,,
DASS SEST713793382628105CM1563196515622369NBR328280120260428-1,OK,DASS SEST,137933,1188919,82628,ATAC. MR140014 6MM RECICLADO COR 4085/PET [d730d10a-ee3c-408c-96ea-b4f22745a58f],105CM,15631965,90,15622369NBR3282801,28/04/2026,20/07/2026,39,Ativo,,,901541,d730d10a-ee3c-408c-96ea-b4f22745a58f,NIKE,132710,,,
DASS SEST713793382628105CM1563196515622370NBR328280120260428-1,OK,DASS SEST,137933,1188919,82628,ATAC. MR140014 6MM RECICLADO COR 4085/PET [d3f3abb0-5969-4581-b0bc-8ef810781ae3],105CM,15631965,96,15622370NBR3282801,28/04/2026,20/07/2026,39,Ativo,,,901542,d3f3abb0-5969-4581-b0bc-8ef810781ae3,NIKE,132710,,,
DASS SEST713793382628105CM1563196515622343NBR328281820260428-1,OK,DASS SEST,137933,1188919,82628,ATAC. MR140014 6MM RECICLADO COR 4085/PET [31c422a4-3441-41e9-a379-c06c17a91585],105CM,15631965,144,15622343NBR3282818,28/04/2026,20/07/2026,39,Ativo,,,901543,31c422a4-3441-41e9-a379-c06c17a91585,NIKE,132710,,,
DASS SEST713793382628105CM1563196515622344NBR328281820260428-1,OK,DASS SEST,137933,1188919,82628,ATAC. MR140014 6MM RECICLADO COR 4085/PET [6c02eda0-ddb6-4b18-b528-010a32b9183b],105CM,15631965,144,15622344NBR3282818,28/04/2026,20/07/2026,39,Ativo,,,901544,6c02eda0-ddb6-4b18-b528-010a32b9183b,NIKE,132710,,,
DASS SEST713793382628105CM1563196515622345NBR328281920260428-1,OK,DASS SEST,137933,1188919,82628,ATAC. MR140014 6MM RECICLADO COR 4085/PET [e8140602-17a0-42f5-8c1a-471bf5471494],105CM,15631965,144,15622345NBR3282819,28/04/2026,20/07/2026,39,Ativo,,,901545,e8140602-17a0-42f5-8c1a-471bf5471494,NIKE,132710,,,
DASS SEST713793382628105CM1563196515622349NBR328281920260428-1,OK,DASS SEST,137933,1188919,82628,ATAC. MR140014 6MM RECICLADO COR 4085/PET [e3bac113-1590-4113-a9fe-04bef5f6ce12],105CM,15631965,144,15622349NBR3282819,28/04/2026,20/07/2026,39,Ativo,,,901546,e3bac113-1590-4113-a9fe-04bef5f6ce12,NIKE,132710,,,
DASS SEST713793382628105CM1563196515622350NBR328282020260428-1,OK,DASS SEST,137933,1188919,82628,ATAC. MR140014 6MM RECICLADO COR 4085/PET [a409156d-1df7-46c2-8d46-e6d50b45bda3],105CM,15631965,144,15622350NBR3282820,28/04/2026,20/07/2026,39,Ativo,,,901547,a409156d-1df7-46c2-8d46-e6d50b45bda3,NIKE,132710,,,
DASS SEST713793382628105CM1563196515622359NBR328282020260428-1,OK,DASS SEST,137933,1188919,82628,ATAC. MR140014 6MM RECICLADO COR 4085/PET [8f0d7ddd-8c36-4de0-aa20-7057a618ef89],105CM,15631965,150,15622359NBR3282820,28/04/2026,20/07/2026,39,Ativo,,,901548,8f0d7ddd-8c36-4de0-aa20-7057a618ef89,NIKE,132710,,,
DASS SEST713793382628110CM1563196515622395NBR328258520260428-1,OK,DASS SEST,137933,1188919,82628,ATAC. MR140014 6MM RECICLADO COR 4085/PET [117e46d8-6e1c-4f7d-bdde-d4de50679bb3],110CM,15631965,896,15622395NBR3282585,28/04/2026,20/07/2026,39,Ativo,,,901549,117e46d8-6e1c-4f7d-bdde-d4de50679bb3,NIKE,132710,,,
DASS SEST713793382628110CM1563196515622387NBR328266720260428-1,OK,DASS SEST,137933,1188919,82628,ATAC. MR140014 6MM RECICLADO COR 4085/PET [b676bd67-6909-43ce-bec7-72cd1b083c9d],110CM,15631965,794,15622387NBR3282667,28/04/2026,20/07/2026,39,Ativo,,,901550,b676bd67-6909-43ce-bec7-72cd1b083c9d,NIKE,132710,,,
DASS SEST713793382628110CM1563196515622388NBR328266720260428-1,OK,DASS SEST,137933,1188919,82628,ATAC. MR140014 6MM RECICLADO COR 4085/PET [9eea8e67-1583-4d7d-8294-b0c5580242fb],110CM,15631965,846,15622388NBR3282667,28/04/2026,20/07/2026,39,Ativo,,,901551,9eea8e67-1583-4d7d-8294-b0c5580242fb,NIKE,132710,,,
DASS SEST713793382628110CM1563196515622361NBR328270720260428-1,OK,DASS SEST,137933,1188919,82628,ATAC. MR140014 6MM RECICLADO COR 4085/PET [1cb1a83e-9f8f-482f-8727-b8b256979570],110CM,15631965,584,15622361NBR3282707,28/04/2026,20/07/2026,39,Ativo,,,901552,1cb1a83e-9f8f-482f-8727-b8b256979570,NIKE,132710,,,
DASS SEST713793382628110CM1563196515622363NBR328270720260428-1,OK,DASS SEST,137933,1188919,82628,ATAC. MR140014 6MM RECICLADO COR 4085/PET [8dd30d7b-f57d-471c-b811-9e2f0f727a77],110CM,15631965,588,15622363NBR3282707,28/04/2026,20/07/2026,39,Ativo,,,901553,8dd30d7b-f57d-471c-b811-9e2f0f727a77,NIKE,132710,,,
DASS SEST713793382628110CM1563196515622364NBR328280020260428-1,OK,DASS SEST,137933,1188919,82628,ATAC. MR140014 6MM RECICLADO COR 4085/PET [f8b7471e-a51f-4f87-a792-dd21dfd03162],110CM,15631965,735,15622364NBR3282800,28/04/2026,20/07/2026,39,Ativo,,,901554,f8b7471e-a51f-4f87-a792-dd21dfd03162,NIKE,132710,,,
DASS SEST713793382628110CM1563196515622365NBR328280020260428-1,OK,DASS SEST,137933,1188919,82628,ATAC. MR140014 6MM RECICLADO COR 4085/PET [4dd34ea7-bc0d-4ebf-b6db-8fa1031f22f0],110CM,15631965,552,15622365NBR3282800,28/04/2026,20/07/2026,39,Ativo,,,901555,4dd34ea7-bc0d-4ebf-b6db-8fa1031f22f0,NIKE,132710,,,
DASS SEST713793382628110CM1563196515622366NBR328280020260428-1,OK,DASS SEST,137933,1188919,82628,ATAC. MR140014 6MM RECICLADO COR 4085/PET [8366179c-18b6-4d09-9a1c-898a6b8c6778],110CM,15631965,402,15622366NBR3282800,28/04/2026,20/07/2026,39,Ativo,,,901556,8366179c-18b6-4d09-9a1c-898a6b8c6778,NIKE,132710,,,
DASS SEST713793382628110CM1563196515622369NBR328280120260428-1,OK,DASS SEST,137933,1188919,82628,ATAC. MR140014 6MM RECICLADO COR 4085/PET [58e262f8-fa2f-4e1a-9539-4e97091ce461],110CM,15631965,506,15622369NBR3282801,28/04/2026,20/07/2026,39,Ativo,,,901557,58e262f8-fa2f-4e1a-9539-4e97091ce461,NIKE,132710,,,
DASS SEST713793382628110CM1563196515622370NBR328280120260428-1,OK,DASS SEST,137933,1188919,82628,ATAC. MR140014 6MM RECICLADO COR 4085/PET [8d98b574-b264-4398-a0db-97a59429b2d5],110CM,15631965,504,15622370NBR3282801,28/04/2026,20/07/2026,39,Ativo,,,901558,8d98b574-b264-4398-a0db-97a59429b2d5,NIKE,132710,,,
DASS SEST713793382628110CM1563196515622343NBR328281820260428-1,OK,DASS SEST,137933,1188919,82628,ATAC. MR140014 6MM RECICLADO COR 4085/PET [dc8e018d-281c-444f-9b91-ecb3f95358e9],110CM,15631965,645,15622343NBR3282818,28/04/2026,20/07/2026,39,Ativo,,,901559,dc8e018d-281c-444f-9b91-ecb3f95358e9,NIKE,132710,,,
DASS SEST713793382628110CM1563196515622344NBR328281820260428-1,OK,DASS SEST,137933,1188919,82628,ATAC. MR140014 6MM RECICLADO COR 4085/PET [126d1a56-74d0-4efa-b786-15f490796ab6],110CM,15631965,660,15622344NBR3282818,28/04/2026,20/07/2026,39,Ativo,,,901560,126d1a56-74d0-4efa-b786-15f490796ab6,NIKE,132710,,,
DASS SEST713793382628110CM1563196515622345NBR328281920260428-1,OK,DASS SEST,137933,1188919,82628,ATAC. MR140014 6MM RECICLADO COR 4085/PET [f4cb27f5-0a07-419a-8a1c-ff47aa3b1dd2],110CM,15631965,645,15622345NBR3282819,28/04/2026,20/07/2026,39,Ativo,,,901561,f4cb27f5-0a07-419a-8a1c-ff47aa3b1dd2,NIKE,132710,,,
DASS SEST713793382628110CM1563196515622349NBR328281920260428-1,OK,DASS SEST,137933,1188919,82628,ATAC. MR140014 6MM RECICLADO COR 4085/PET [c9ce32dd-b284-4997-8005-db69ae5a9ba2],110CM,15631965,660,15622349NBR3282819,28/04/2026,20/07/2026,39,Ativo,,,901562,c9ce32dd-b284-4997-8005-db69ae5a9ba2,NIKE,132710,,,
DASS SEST713793382628110CM1563196515622350NBR328282020260428-1,OK,DASS SEST,137933,1188919,82628,ATAC. MR140014 6MM RECICLADO COR 4085/PET [ce272a96-ece6-4acf-89f3-82573fa46d32],110CM,15631965,651,15622350NBR3282820,28/04/2026,20/07/2026,39,Ativo,,,901563,ce272a96-ece6-4acf-89f3-82573fa46d32,NIKE,132710,,,
DASS SEST713793382628110CM1563196515622359NBR328282020260428-1,OK,DASS SEST,137933,1188919,82628,ATAC. MR140014 6MM RECICLADO COR 4085/PET [3f848d71-a83d-4d95-ae09-297bee0e6e64],110CM,15631965,666,15622359NBR3282820,28/04/2026,20/07/2026,39,Ativo,,,901564,3f848d71-a83d-4d95-ae09-297bee0e6e64,NIKE,132710,,,
DASS SEST713793382628115CM1563196515622395NBR328258520260428-1,OK,DASS SEST,137933,1188919,82628,ATAC. MR140014 6MM RECICLADO COR 4085/PET [f9943427-b2d8-4646-bdaf-ffcd0e53ecf2],115CM,15631965,156,15622395NBR3282585,28/04/2026,20/07/2026,39,Ativo,,,901565,f9943427-b2d8-4646-bdaf-ffcd0e53ecf2,NIKE,132710,,,
DASS SEST713793382628115CM1563196515622387NBR328266720260428-1,OK,DASS SEST,137933,1188919,82628,ATAC. MR140014 6MM RECICLADO COR 4085/PET [e9a144df-959c-40d5-a5e5-f331baf1dc86],115CM,15631965,144,15622387NBR3282667,28/04/2026,20/07/2026,39,Ativo,,,901566,e9a144df-959c-40d5-a5e5-f331baf1dc86,NIKE,132710,,,
DASS SEST713793382628115CM1563196515622388NBR328266720260428-1,OK,DASS SEST,137933,1188919,82628,ATAC. MR140014 6MM RECICLADO COR 4085/PET [695839cc-f7e8-420c-a3a1-49998212729e],115CM,15631965,180,15622388NBR3282667,28/04/2026,20/07/2026,39,Ativo,,,901567,695839cc-f7e8-420c-a3a1-49998212729e,NIKE,132710,,,
DASS SEST713793382628115CM1563196515622361NBR328270720260428-1,OK,DASS SEST,137933,1188919,82628,ATAC. MR140014 6MM RECICLADO COR 4085/PET [9617151f-8ede-4ca4-927e-d8fb4cbf92df],115CM,15631965,192,15622361NBR3282707,28/04/2026,20/07/2026,39,Ativo,,,901568,9617151f-8ede-4ca4-927e-d8fb4cbf92df,NIKE,132710,,,
DASS SEST713793382628115CM1563196515622363NBR328270720260428-1,OK,DASS SEST,137933,1188919,82628,ATAC. MR140014 6MM RECICLADO COR 4085/PET [b2b5b6a1-a3f2-4169-9859-8e0958c830bf],115CM,15631965,198,15622363NBR3282707,28/04/2026,20/07/2026,39,Ativo,,,901569,b2b5b6a1-a3f2-4169-9859-8e0958c830bf,NIKE,132710,,,
DASS SEST713793382628115CM1563196515622364NBR328280020260428-1,OK,DASS SEST,137933,1188919,82628,ATAC. MR140014 6MM RECICLADO COR 4085/PET [d89ce957-2fa2-49d3-b976-afd504b85304],115CM,15631965,180,15622364NBR3282800,28/04/2026,20/07/2026,39,Ativo,,,901570,d89ce957-2fa2-49d3-b976-afd504b85304,NIKE,132710,,,
DASS SEST713793382628115CM1563196515622365NBR328280020260428-1,OK,DASS SEST,137933,1188919,82628,ATAC. MR140014 6MM RECICLADO COR 4085/PET [07f6d26e-126e-4877-8054-897a874664cc],115CM,15631965,156,15622365NBR3282800,28/04/2026,20/07/2026,39,Ativo,,,901571,07f6d26e-126e-4877-8054-897a874664cc,NIKE,132710,,,
DASS SEST713793382628115CM1563196515622366NBR328280020260428-1,OK,DASS SEST,137933,1188919,82628,ATAC. MR140014 6MM RECICLADO COR 4085/PET [85490be9-0c69-46e3-839c-8a20d48cc69a],115CM,15631965,180,15622366NBR3282800,28/04/2026,20/07/2026,39,Ativo,,,901572,85490be9-0c69-46e3-839c-8a20d48cc69a,NIKE,132710,,,
DASS SEST713793382628115CM1563196515622369NBR328280120260428-1,OK,DASS SEST,137933,1188919,82628,ATAC. MR140014 6MM RECICLADO COR 4085/PET [0d53130a-0e44-43aa-9314-452c4c45e373],115CM,15631965,156,15622369NBR3282801,28/04/2026,20/07/2026,39,Ativo,,,901573,0d53130a-0e44-43aa-9314-452c4c45e373,NIKE,132710,,,
DASS SEST713793382628115CM1563196515622370NBR328280120260428-1,OK,DASS SEST,137933,1188919,82628,ATAC. MR140014 6MM RECICLADO COR 4085/PET [87638dd7-1e9c-4972-9c84-1eda062c81df],115CM,15631965,192,15622370NBR3282801,28/04/2026,20/07/2026,39,Ativo,,,901574,87638dd7-1e9c-4972-9c84-1eda062c81df,NIKE,132710,,,
DASS SEST713793382628115CM1563196515622343NBR328281820260428-1,OK,DASS SEST,137933,1188919,82628,ATAC. MR140014 6MM RECICLADO COR 4085/PET [c60ec95e-daea-427d-b2b9-3456bef11f1e],115CM,15631965,228,15622343NBR3282818,28/04/2026,20/07/2026,39,Ativo,,,901575,c60ec95e-daea-427d-b2b9-3456bef11f1e,NIKE,132710,,,
DASS SEST713793382628115CM1563196515622344NBR328281820260428-1,OK,DASS SEST,137933,1188919,82628,ATAC. MR140014 6MM RECICLADO COR 4085/PET [af6b2e46-e878-4f56-80b2-ecbcea0a8de1],115CM,15631965,234,15622344NBR3282818,28/04/2026,20/07/2026,39,Ativo,,,901576,af6b2e46-e878-4f56-80b2-ecbcea0a8de1,NIKE,132710,,,
DASS SEST713793382628115CM1563196515622345NBR328281920260428-1,OK,DASS SEST,137933,1188919,82628,ATAC. MR140014 6MM RECICLADO COR 4085/PET [8bd153f7-3fbf-44d0-ab4a-2ceca02c6cbd],115CM,15631965,228,15622345NBR3282819,28/04/2026,20/07/2026,39,Ativo,,,901577,8bd153f7-3fbf-44d0-ab4a-2ceca02c6cbd,NIKE,132710,,,
DASS SEST713793382628115CM1563196515622349NBR328281920260428-1,OK,DASS SEST,137933,1188919,82628,ATAC. MR140014 6MM RECICLADO COR 4085/PET [3ea1e202-0e53-4f3b-a744-5a3f0bf670a7],115CM,15631965,234,15622349NBR3282819,28/04/2026,20/07/2026,39,Ativo,,,901578,3ea1e202-0e53-4f3b-a744-5a3f0bf670a7,NIKE,132710,,,
DASS SEST713793382628115CM1563196515622350NBR328282020260428-1,OK,DASS SEST,137933,1188919,82628,ATAC. MR140014 6MM RECICLADO COR 4085/PET [98107af3-533e-465e-8639-4e6fa7fcf91a],115CM,15631965,228,15622350NBR3282820,28/04/2026,20/07/2026,39,Ativo,,,901579,98107af3-533e-465e-8639-4e6fa7fcf91a,NIKE,132710,,,
DASS SEST713793382628115CM1563196515622359NBR328282020260428-1,OK,DASS SEST,137933,1188919,82628,ATAC. MR140014 6MM RECICLADO COR 4085/PET [1530b9e1-0b36-4287-b629-b1d1b5a7425e],115CM,15631965,240,15622359NBR3282820,28/04/2026,20/07/2026,39,Ativo,,,901580,1530b9e1-0b36-4287-b629-b1d1b5a7425e,NIKE,132710,,,
DASS SEST713793386418105CM1563196515622360NBR328257020260428-1,OK,DASS SEST,137933,1278311,86418,ATAC. MR140014 6MM RECICLADO COR 4662/PET [bd0c4abf-bc49-4ff2-ab33-360913a4ea70],105CM,15631965,252,15622360NBR3282570,28/04/2026,20/07/2026,39,Ativo,,,901581,bd0c4abf-bc49-4ff2-ab33-360913a4ea70,NIKE,132710,,,
DASS SEST713793386418105CM1563196515622390NBR328266920260428-1,OK,DASS SEST,137933,1278311,86418,ATAC. MR140014 6MM RECICLADO COR 4662/PET [667bcde1-e498-42ec-a13e-83a21eabc762],105CM,15631965,518,15622390NBR3282669,28/04/2026,20/07/2026,39,Ativo,,,901582,667bcde1-e498-42ec-a13e-83a21eabc762,NIKE,132710,,,
DASS SEST713793386418105CM1563196515622391NBR328266920260428-1,OK,DASS SEST,137933,1278311,86418,ATAC. MR140014 6MM RECICLADO COR 4662/PET [c4dba72c-8afc-4ebd-becd-de47a3e76918],105CM,15631965,552,15622391NBR3282669,28/04/2026,20/07/2026,39,Ativo,,,901583,c4dba72c-8afc-4ebd-becd-de47a3e76918,NIKE,132710,,,
DASS SEST713793386418110CM1563196515622360NBR328257020260428-1,OK,DASS SEST,137933,1278311,86418,ATAC. MR140014 6MM RECICLADO COR 4662/PET [46ec313a-865c-48a2-9751-1facf3301e3b],110CM,15631965,680,15622360NBR3282570,28/04/2026,20/07/2026,39,Ativo,,,901584,46ec313a-865c-48a2-9751-1facf3301e3b,NIKE,132710,,,
DASS SEST713793386418110CM1563196515622390NBR328266920260428-1,OK,DASS SEST,137933,1278311,86418,ATAC. MR140014 6MM RECICLADO COR 4662/PET [2812836d-0d97-49cc-a2c2-f5aec66219e5],110CM,15631965,252,15622390NBR3282669,28/04/2026,20/07/2026,39,Ativo,,,901585,2812836d-0d97-49cc-a2c2-f5aec66219e5,NIKE,132710,,,
DASS SEST713793386418110CM1563196515622391NBR328266920260428-1,OK,DASS SEST,137933,1278311,86418,ATAC. MR140014 6MM RECICLADO COR 4662/PET [8c3e5c03-8cf3-422c-9548-587508167b4e],110CM,15631965,258,15622391NBR3282669,28/04/2026,20/07/2026,39,Ativo,,,901586,8c3e5c03-8cf3-422c-9548-587508167b4e,NIKE,132710,,,
DASS SEST713793386418115CM1563196515622360NBR328257020260428-1,OK,DASS SEST,137933,1278311,86418,ATAC. MR140014 6MM RECICLADO COR 4662/PET [d3186b53-eb6d-4350-a487-15bb76fe2ff4],115CM,15631965,126,15622360NBR3282570,28/04/2026,20/07/2026,39,Ativo,,,901587,d3186b53-eb6d-4350-a487-15bb76fe2ff4,NIKE,132710,,,
DASS SEST713793392568115CM1563196515622280NBR328276120260428-1,OK,DASS SEST,137933,1027849,92568,ATAC. MR110012 8MM RECICLADO COR 4085/PET [729dc003-f8cb-4aba-a2d0-b846ee82acda],115CM,15631965,240,15622280NBR3282761,28/04/2026,20/07/2026,39,Ativo,,,901588,729dc003-f8cb-4aba-a2d0-b846ee82acda,NIKE,132710,,,
DASS SEST713793392568115CM1563196515622281NBR328276120260428-1,OK,DASS SEST,137933,1027849,92568,ATAC. MR110012 8MM RECICLADO COR 4085/PET [83140ad9-ba41-4b6f-bc23-eb70ad9a0606],115CM,15631965,228,15622281NBR3282761,28/04/2026,20/07/2026,39,Ativo,,,901589,83140ad9-ba41-4b6f-bc23-eb70ad9a0606,NIKE,132710,,,
DASS SEST713793392568120CM1563196515622280NBR328276120260428-1,OK,DASS SEST,137933,1027849,92568,ATAC. MR110012 8MM RECICLADO COR 4085/PET [9a3e8ee6-53fa-4383-83a9-51cc806a7a2a],120CM,15631965,843,15622280NBR3282761,28/04/2026,20/07/2026,39,Ativo,,,901590,9a3e8ee6-53fa-4383-83a9-51cc806a7a2a,NIKE,132710,,,
DASS SEST713793392568120CM1563196515622281NBR328276120260428-1,OK,DASS SEST,137933,1027849,92568,ATAC. MR110012 8MM RECICLADO COR 4085/PET [37f13122-b34a-4a55-bfd2-b8a100e34ad7],120CM,15631965,876,15622281NBR3282761,28/04/2026,20/07/2026,39,Ativo,,,901591,37f13122-b34a-4a55-bfd2-b8a100e34ad7,NIKE,132710,,,
DASS SEST713793394710115CM1563196515622380NBR328276220260428-1,OK,DASS SEST,137933,1406946,94710,ATAC. MR110012 8MM RECICLADO COR 5519/PET [55abef81-f5c4-418e-b6ac-96e415d1ea1c],115CM,15631965,192,15622380NBR3282762,28/04/2026,20/07/2026,39,Ativo,,,901592,55abef81-f5c4-418e-b6ac-96e415d1ea1c,NIKE,132710,,,
DASS SEST713793394710115CM1563196515622381NBR328276220260428-1,OK,DASS SEST,137933,1406946,94710,ATAC. MR110012 8MM RECICLADO COR 5519/PET [a6835950-0459-41f2-b738-c1cc2f0aa44e],115CM,15631965,204,15622381NBR3282762,28/04/2026,20/07/2026,39,Ativo,,,901593,a6835950-0459-41f2-b738-c1cc2f0aa44e,NIKE,132710,,,
DASS SEST713793394710115CM1563196515622382NBR328276320260428-1,OK,DASS SEST,137933,1406946,94710,ATAC. MR110012 8MM RECICLADO COR 5519/PET [eb9c9dc0-23c8-4225-8f9d-a3f3feca0af5],115CM,15631965,162,15622382NBR3282763,28/04/2026,20/07/2026,39,Ativo,,,901594,eb9c9dc0-23c8-4225-8f9d-a3f3feca0af5,NIKE,132710,,,
DASS SEST713793394710115CM1563196515622383NBR328276320260428-1,OK,DASS SEST,137933,1406946,94710,ATAC. MR110012 8MM RECICLADO COR 5519/PET [bd3f3a73-8dfa-4e8e-9a8a-0998254aa3c5],115CM,15631965,168,15622383NBR3282763,28/04/2026,20/07/2026,39,Ativo,,,901595,bd3f3a73-8dfa-4e8e-9a8a-0998254aa3c5,NIKE,132710,,,
DASS SEST713793394710120CM1563196515622380NBR328276220260428-1,OK,DASS SEST,137933,1406946,94710,ATAC. MR110012 8MM RECICLADO COR 5519/PET [6ada1c24-7772-46c0-b27b-8ccf76729de3],120CM,15631965,740,15622380NBR3282762,28/04/2026,20/07/2026,39,Ativo,,,901596,6ada1c24-7772-46c0-b27b-8ccf76729de3,NIKE,132710,,,
DASS SEST713793394710120CM1563196515622381NBR328276220260428-1,OK,DASS SEST,137933,1406946,94710,ATAC. MR110012 8MM RECICLADO COR 5519/PET [690b4a2a-541d-4504-aaf6-feca2f7573e4],120CM,15631965,726,15622381NBR3282762,28/04/2026,20/07/2026,39,Ativo,,,901597,690b4a2a-541d-4504-aaf6-feca2f7573e4,NIKE,132710,,,
DASS SEST713793394710120CM1563196515622382NBR328276320260428-1,OK,DASS SEST,137933,1406946,94710,ATAC. MR110012 8MM RECICLADO COR 5519/PET [7a9f0bc1-4b9c-4ee1-b57e-6504891a50b2],120CM,15631965,614,15622382NBR3282763,28/04/2026,20/07/2026,39,Ativo,,,901598,7a9f0bc1-4b9c-4ee1-b57e-6504891a50b2,NIKE,132710,,,
DASS SEST713793394710120CM1563196515622383NBR328276320260428-1,OK,DASS SEST,137933,1406946,94710,ATAC. MR110012 8MM RECICLADO COR 5519/PET [88100791-1679-42f0-84b1-cfb8311f5cf5],120CM,15631965,630,15622383NBR3282763,28/04/2026,20/07/2026,39,Ativo,,,901599,88100791-1679-42f0-84b1-cfb8311f5cf5,NIKE,132710,,,
DASS SEST71379339367495CM1563196515622299NBR328259320260428-1,OK,DASS SEST,137933,1102648,93674,ATAC. MR140023 RECICLADO COR 4085/PET [d34d718b-2a2c-4885-bfac-bac9ec777dcf],95CM,15631965,444,15622299NBR3282593,28/04/2026,20/07/2026,39,Ativo,,,901600,d34d718b-2a2c-4885-bfac-bac9ec777dcf,NIKE,132710,,,
DASS SEST71379339367495CM1563196515622300NBR328259320260428-1,OK,DASS SEST,137933,1102648,93674,ATAC. MR140023 RECICLADO COR 4085/PET [ac0ee615-6e9c-4219-847f-e27c8d592ee7],95CM,15631965,456,15622300NBR3282593,28/04/2026,20/07/2026,39,Ativo,,,901601,ac0ee615-6e9c-4219-847f-e27c8d592ee7,NIKE,132710,,,
DASS SEST71379339367495CM1563196515622301NBR328260320260428-1,OK,DASS SEST,137933,1102648,93674,ATAC. MR140023 RECICLADO COR 4085/PET [31140152-63f0-4a4d-ab28-4fdc45c7c44c],95CM,15631965,432,15622301NBR3282603,28/04/2026,20/07/2026,39,Ativo,,,901602,31140152-63f0-4a4d-ab28-4fdc45c7c44c,NIKE,132710,,,
DASS SEST71379339367495CM1563196515622302NBR328260320260428-1,OK,DASS SEST,137933,1102648,93674,ATAC. MR140023 RECICLADO COR 4085/PET [bac52cd2-0078-430c-9dcf-82506b6b224c],95CM,15631965,456,15622302NBR3282603,28/04/2026,20/07/2026,39,Ativo,,,901603,bac52cd2-0078-430c-9dcf-82506b6b224c,NIKE,132710,,,
DASS SEST713793393674100CM1563196515622299NBR328259320260428-1,OK,DASS SEST,137933,1102648,93674,ATAC. MR140023 RECICLADO COR 4085/PET [bd6d1b77-8cd4-45a4-a746-935120582477],100CM,15631965,458,15622299NBR3282593,28/04/2026,20/07/2026,39,Ativo,,,901604,bd6d1b77-8cd4-45a4-a746-935120582477,NIKE,132710,,,
DASS SEST713793393674100CM1563196515622300NBR328259320260428-1,OK,DASS SEST,137933,1102648,93674,ATAC. MR140023 RECICLADO COR 4085/PET [94fab129-7886-415b-85a5-6961a50d2603],100CM,15631965,474,15622300NBR3282593,28/04/2026,20/07/2026,39,Ativo,,,901605,94fab129-7886-415b-85a5-6961a50d2603,NIKE,132710,,,
DASS SEST713793393674100CM1563196515622301NBR328260320260428-1,OK,DASS SEST,137933,1102648,93674,ATAC. MR140023 RECICLADO COR 4085/PET [d564b1c4-ce41-4f60-b205-65cae7c1cdf3],100CM,15631965,446,15622301NBR3282603,28/04/2026,20/07/2026,39,Ativo,,,901606,d564b1c4-ce41-4f60-b205-65cae7c1cdf3,NIKE,132710,,,
DASS SEST713793393674100CM1563196515622302NBR328260320260428-1,OK,DASS SEST,137933,1102648,93674,ATAC. MR140023 RECICLADO COR 4085/PET [1c1618af-a2ef-4c1f-9bf5-3dd618034a59],100CM,15631965,474,15622302NBR3282603,28/04/2026,20/07/2026,39,Ativo,,,901607,1c1618af-a2ef-4c1f-9bf5-3dd618034a59,NIKE,132710,,,
DASS SEST713793393674105CM1563196515622299NBR328259320260428-1,OK,DASS SEST,137933,1102648,93674,ATAC. MR140023 RECICLADO COR 4085/PET [d1ab02f9-13c4-412f-8e57-143e3a3ec721],105CM,15631965,18,15622299NBR3282593,28/04/2026,20/07/2026,39,Ativo,,,901608,d1ab02f9-13c4-412f-8e57-143e3a3ec721,NIKE,132710,,,
DASS SEST713793393674105CM1563196515622301NBR328260320260428-1,OK,DASS SEST,137933,1102648,93674,ATAC. MR140023 RECICLADO COR 4085/PET [500fd965-4c69-4a9b-8945-81e8816d81c3],105CM,15631965,18,15622301NBR3282603,28/04/2026,20/07/2026,39,Ativo,,,901609,500fd965-4c69-4a9b-8945-81e8816d81c3,NIKE,132710,,,
DASS SEST71380817423715MM1563967020260430-1,OK,DASS SEST,138081,1181716,74237,FITA MR100001 C/ GOMA RECICLADO COR 4085/PET [4df517f2-4114-4a0d-b9c8-5d03ba53ffc2],15MM,15639670,210,0,30/04/2026,20/07/2026,39,Ativo,,,901610,4df517f2-4114-4a0d-b9c8-5d03ba53ffc2,NIKE,132892,,,
DASS SEST71380818871215MM1563967020260430-1,OK,DASS SEST,138081,1321457,88712,FITA MR100001 C/ GOMA RECICLADO COR 4252/PET [a884345e-7831-449d-83ed-e0ec9ac020ef],15MM,15639670,460,0,30/04/2026,20/07/2026,39,Ativo,,,901611,a884345e-7831-449d-83ed-e0ec9ac020ef,NIKE,132892,,,
DASS SEST71380817401410MM1563967020260430-1,OK,DASS SEST,138081,965421,74014,FITA MFGP C/ GOMA POLIESTER COR 4085 [9a815782-e200-4e3a-9234-c4d9cee729d6],10MM,15639670,400,0,30/04/2026,20/07/2026,39,Ativo,,,901612,9a815782-e200-4e3a-9234-c4d9cee729d6,NIKE,132892,,,
DASS SEST7138516740308MM1570509720260514-1,OK,DASS SEST,138516,1104264,74030,FITA MFGP C/ GOMA POLIESTER COR 114 [01516e32-e66d-4bd3-9b1c-d39f91b3e839],8MM,15705097,240,0,14/05/2026,20/07/2026,39,Ativo,,,901613,01516e32-e66d-4bd3-9b1c-d39f91b3e839,FILA,133321,,,
DASS SEST71385169102316MM1570509720260514-1,OK,DASS SEST,138516,1320254,91023,FITA M31119 C/ GOMA POLIESTER COR 114 / COR 100 / COR 100 [ab56345b-161a-434d-9a1a-9f0711699498],16MM,15705097,270,0,14/05/2026,20/07/2026,39,Ativo,,,901614,ab56345b-161a-434d-9a1a-9f0711699498,FILA,133321,,,
DASS SEST71389458990518MM1575083620260526-1,OK,DASS SEST,138945,1342875,89905,FITA M31132 C/GOMA POLIESTER COR 4085 [c696ef92-59e6-44cf-abf7-8352e1a7b2fc],18MM,15750836,1440,0,26/05/2026,20/07/2026,39,Ativo,,,901615,c696ef92-59e6-44cf-abf7-8352e1a7b2fc,NIKE,133677,,,
DASS SEST713901695198110CM1575582315743085ARG20195220260527-1,OK,DASS SEST,139016,1387899,95198,ATAC. M13725 6MM POLIESTER COR 5998 [4273f0a9-ae5a-4703-8526-8f6a5d1b033b],110CM,15755823,154,15743085ARG201952,27/05/2026,20/07/2026,39,Ativo,,,901616,4273f0a9-ae5a-4703-8526-8f6a5d1b033b,FILA,133719,,,
DASS SEST713901695198120CM1575582315743084ARG20195020260527-1,OK,DASS SEST,139016,1387899,95198,ATAC. M13725 6MM POLIESTER COR 5998 [a51d5e0f-288f-48f2-85bb-889cd7ea6c62],120CM,15755823,154,15743084ARG201950,27/05/2026,20/07/2026,39,Ativo,,,901617,a51d5e0f-288f-48f2-85bb-889cd7ea6c62,FILA,133719,,,
DASS SEST713901695198120CM1575582315743085ARG20195220260527-1,OK,DASS SEST,139016,1387899,95198,ATAC. M13725 6MM POLIESTER COR 5998 [585f0ccc-ee7e-4e3e-a95f-94ebb7bb0e57],120CM,15755823,154,15743085ARG201952,27/05/2026,20/07/2026,39,Ativo,,,901618,585f0ccc-ee7e-4e3e-a95f-94ebb7bb0e57,FILA,133719,,,
DASS SEST713901695198130CM1575582315743084ARG20195020260527-1,OK,DASS SEST,139016,1387899,95198,ATAC. M13725 6MM POLIESTER COR 5998 [c02cc576-db35-48fe-a6c0-119467079718],130CM,15755823,154,15743084ARG201950,27/05/2026,20/07/2026,39,Ativo,,,901619,c02cc576-db35-48fe-a6c0-119467079718,FILA,133719,,,
DASS SEST713901686297120CM1575582315743072BR31465920260527-1,OK,DASS SEST,139016,1294460,86297,ATAC. M13727 POLIESTER COR 781 / COR 100 [a1025007-bd12-4ead-881c-5942cd1c76c2],120CM,15755823,216,15743072BR314659,27/05/2026,20/07/2026,39,Ativo,,,901620,a1025007-bd12-4ead-881c-5942cd1c76c2,FILA,133719,,,
DASS SEST713901686297130CM1575582315743072BR31465920260527-1,OK,DASS SEST,139016,1294460,86297,ATAC. M13727 POLIESTER COR 781 / COR 100 [1302acae-bdac-4ae5-8bc9-9924b7a0b9ab],130CM,15755823,432,15743072BR314659,27/05/2026,20/07/2026,39,Ativo,,,901621,1302acae-bdac-4ae5-8bc9-9924b7a0b9ab,FILA,133719,,,
DASS SEST713901681667120CM1575582315743108BR31465620260527-1,OK,DASS SEST,139016,1159608,81667,ATAC. M15041 POLIESTER COR 100 [a84877bc-0800-42f9-9174-ef30ff04ab2c],120CM,15755823,276,15743108BR314656,27/05/2026,20/07/2026,39,Ativo,,,901622,a84877bc-0800-42f9-9174-ef30ff04ab2c,FILA,133719,,,
DASS SEST713901681667130CM1575582315743108BR31465620260527-1,OK,DASS SEST,139016,1159608,81667,ATAC. M15041 POLIESTER COR 100 [b7055ace-43df-4c84-8ff0-b3655a1f8e6e],130CM,15755823,144,15743108BR314656,27/05/2026,20/07/2026,39,Ativo,,,901623,b7055ace-43df-4c84-8ff0-b3655a1f8e6e,FILA,133719,,,
DASS SEST713901681667140CM1575582315743108BR31465620260527-1,OK,DASS SEST,139016,1159608,81667,ATAC. M15041 POLIESTER COR 100 [f795c141-dc8c-4271-8dbc-4bbd1a1b0e9d],140CM,15755823,48,15743108BR314656,27/05/2026,20/07/2026,39,Ativo,,,901624,f795c141-dc8c-4271-8dbc-4bbd1a1b0e9d,FILA,133719,,,
DASS SEST713901681709120CM1575582315743224BR31470820260527-1,OK,DASS SEST,139016,1187111,81709,ATAC. M15101 POLIESTER COR 114 [c6233516-7f47-4c73-9d51-598344351d59],120CM,15755823,288,15743224BR314708,27/05/2026,20/07/2026,39,Ativo,,,901625,c6233516-7f47-4c73-9d51-598344351d59,FILA,133719,,,
DASS SEST713901681709120CM1575582315743225BR31470920260527-1,OK,DASS SEST,139016,1187111,81709,ATAC. M15101 POLIESTER COR 114 [1e058ac0-ea4e-4ea8-a6d3-55ee847141bd],120CM,15755823,180,15743225BR314709,27/05/2026,20/07/2026,39,Ativo,,,901626,1e058ac0-ea4e-4ea8-a6d3-55ee847141bd,FILA,133719,,,
DASS SEST713901681709120CM1575582315743226BR31471020260527-1,OK,DASS SEST,139016,1187111,81709,ATAC. M15101 POLIESTER COR 114 [0ff35170-9ed1-4188-9e29-a686ccc0f713],120CM,15755823,168,15743226BR314710,27/05/2026,20/07/2026,39,Ativo,,,901627,0ff35170-9ed1-4188-9e29-a686ccc0f713,FILA,133719,,,
DASS SEST713901681709130CM1575582315743224BR31470820260527-1,OK,DASS SEST,139016,1187111,81709,ATAC. M15101 POLIESTER COR 114 [694b66ef-f1c0-498d-9177-507059fb6643],130CM,15755823,336,15743224BR314708,27/05/2026,20/07/2026,39,Ativo,,,901628,694b66ef-f1c0-498d-9177-507059fb6643,FILA,133719,,,
DASS SEST713901681709130CM1575582315743225BR31470920260527-1,OK,DASS SEST,139016,1187111,81709,ATAC. M15101 POLIESTER COR 114 [1eb9d489-61f5-4913-b598-7d97db2fed08],130CM,15755823,216,15743225BR314709,27/05/2026,20/07/2026,39,Ativo,,,901629,1eb9d489-61f5-4913-b598-7d97db2fed08,FILA,133719,,,
DASS SEST713901681709130CM1575582315743226BR31471020260527-1,OK,DASS SEST,139016,1187111,81709,ATAC. M15101 POLIESTER COR 114 [c847764b-d32f-43b2-99a1-bdab8611aefe],130CM,15755823,192,15743226BR314710,27/05/2026,20/07/2026,39,Ativo,,,901630,c847764b-d32f-43b2-99a1-bdab8611aefe,FILA,133719,,,
DASS SEST713901695488135CM1575582315743111BR314666-A20260527-1,OK,DASS SEST,139016,1423776,95488,ATAC. M60132 ALPINA COR 2000 [c3b1deab-40e5-46b7-8f16-a03ac4df1a60],135CM,15755823,516,15743111BR314666-A,27/05/2026,20/07/2026,39,Ativo,,,901631,c3b1deab-40e5-46b7-8f16-a03ac4df1a60,FILA,133719,,,
DASS SEST713901695488135CM1575582315743114BR314666-B20260527-1,OK,DASS SEST,139016,1423776,95488,ATAC. M60132 ALPINA COR 2000 [da89d6aa-063c-4a9b-bb85-2c645841b02c],135CM,15755823,540,15743114BR314666-B,27/05/2026,20/07/2026,39,Ativo,,,901632,da89d6aa-063c-4a9b-bb85-2c645841b02c,FILA,133719,,,
DASS SEST713901695488145CM1575582315743111BR314666-A20260527-1,OK,DASS SEST,139016,1423776,95488,ATAC. M60132 ALPINA COR 2000 [d06f9d3b-c32c-4ed0-beb1-1bcc6e6e92ea],145CM,15755823,336,15743111BR314666-A,27/05/2026,20/07/2026,39,Ativo,,,901633,d06f9d3b-c32c-4ed0-beb1-1bcc6e6e92ea,FILA,133719,,,
DASS SEST713901695488145CM1575582315743114BR314666-B20260527-1,OK,DASS SEST,139016,1423776,95488,ATAC. M60132 ALPINA COR 2000 [8205f4f2-a1e9-4270-8e09-df03180b1960],145CM,15755823,360,15743114BR314666-B,27/05/2026,20/07/2026,39,Ativo,,,901634,8205f4f2-a1e9-4270-8e09-df03180b1960,FILA,133719,,,
DASS SEST713901695490125CM1575582315743136BR31469420260527-1,OK,DASS SEST,139016,1423777,95490,ATAC. M60132 ALPINA COR 2001 [163ba188-9580-49bb-89bf-5ec92b3f4731],125CM,15755823,528,15743136BR314694,27/05/2026,20/07/2026,39,Ativo,,,901635,163ba188-9580-49bb-89bf-5ec92b3f4731,FILA,133719,,,
DASS SEST713901695490135CM1575582315743136BR31469420260527-1,OK,DASS SEST,139016,1423777,95490,ATAC. M60132 ALPINA COR 2001 [825d35da-b46e-46fb-88e6-28dc4eeea3e6],135CM,15755823,516,15743136BR314694,27/05/2026,20/07/2026,39,Ativo,,,901636,825d35da-b46e-46fb-88e6-28dc4eeea3e6,FILA,133719,,,
DASS SEST71390219047512MM1575564520260527-1,OK,DASS SEST,139021,1356824,90475,FITA M41476 C/ GOMA POLIESTER COR 5508 / COR 102 [2ab2268d-c7c5-4444-a588-ab6f47c02604],12MM,15755645,240,0,27/05/2026,20/07/2026,39,Ativo,,,901637,2ab2268d-c7c5-4444-a588-ab6f47c02604,FILA,133727,,,
DASS SEST71390219248712MM1575564520260527-1,OK,DASS SEST,139021,1394708,92487,FITA M41476 C/ GOMA POLIESTER COR 114 / COR 599 [4a8fcf99-34e7-48cb-bf74-39edc64123f5],12MM,15755645,130,0,27/05/2026,20/07/2026,39,Ativo,,,901638,4a8fcf99-34e7-48cb-bf74-39edc64123f5,FILA,133727,,,
DASS SEST71390219268812MM1575564520260527-1,OK,DASS SEST,139021,1394642,92688,FITA M41476 C/ GOMA POLIESTER COR 5512 / COR 5535 [5f7c2505-b0fe-465a-82c9-33a1de1f06ad],12MM,15755645,100,0,27/05/2026,20/07/2026,39,Ativo,,,901639,5f7c2505-b0fe-465a-82c9-33a1de1f06ad,FILA,133727,,,
DASS SEST71390219504512MM1575564520260527-1,OK,DASS SEST,139021,1287983,95045,FITA M41476 C/ GOMA POLIESTER COR 100 / COR 5508 [29277c2c-354a-45c5-b691-38894cf92510],12MM,15755645,440,0,27/05/2026,20/07/2026,39,Ativo,,,901640,29277c2c-354a-45c5-b691-38894cf92510,FILA,133727,,,
DASS SEST7139021701646MM1575564520260527-1,OK,DASS SEST,139021,1048885,70164,FITA MFGP C/ GOMA POLIESTER COR 100 [1019a20b-945b-45aa-8a04-986ccdde01ba],6MM,15755645,80,0,27/05/2026,20/07/2026,39,Ativo,,,901641,1019a20b-945b-45aa-8a04-986ccdde01ba,FILA,133727,,,
DASS SEST71390217016410MM1575564520260527-1,OK,DASS SEST,139021,998350,70164,FITA MFGP C/ GOMA POLIESTER COR 100 [0fe03b0a-34f2-4a41-acfb-b9e93f2c3578],10MM,15755645,120,0,27/05/2026,20/07/2026,39,Ativo,,,901642,0fe03b0a-34f2-4a41-acfb-b9e93f2c3578,FILA,133727,,,
DASS SEST7139021713768MM1575564520260527-1,OK,DASS SEST,139021,112354,71376,FITA MFGP C/ GOMA POLIESTER COR 102 [8e2ac3e3-4a9c-42eb-aba4-47dfdffe8de8],8MM,15755645,70,0,27/05/2026,20/07/2026,39,Ativo,,,901643,8e2ac3e3-4a9c-42eb-aba4-47dfdffe8de8,FILA,133727,,,
DASS SEST7139021740308MM1575564520260527-1,OK,DASS SEST,139021,1104264,74030,FITA MFGP C/ GOMA POLIESTER COR 114 [71d4a236-7bb5-4e0b-91fb-5995b9477205],8MM,15755645,70,0,27/05/2026,20/07/2026,39,Ativo,,,901644,71d4a236-7bb5-4e0b-91fb-5995b9477205,FILA,133727,,,
DASS SEST71390217403010MM1575564520260527-1,OK,DASS SEST,139021,1098384,74030,FITA MFGP C/ GOMA POLIESTER COR 114 [21cd0741-8c1a-48fc-a77e-31b891784445],10MM,15755645,200,0,27/05/2026,20/07/2026,39,Ativo,,,901645,21cd0741-8c1a-48fc-a77e-31b891784445,FILA,133727,,,
DASS SEST7139021781878MM1575564520260527-1,OK,DASS SEST,139021,1146621,78187,FITA MFGP C/ GOMA POLIESTER COR 053 [a96bcc8c-f826-4894-aafa-ef125a7750be],8MM,15755645,200,0,27/05/2026,20/07/2026,39,Ativo,,,901646,a96bcc8c-f826-4894-aafa-ef125a7750be,FILA,133727,,,
DASS SEST7139021857896MM1575564520260527-1,OK,DASS SEST,139021,1265260,85789,FITA MFGP C/ GOMA POLIESTER COR 5508 [da3b9eb9-036f-49bb-8d8b-0260d736ab17],6MM,15755645,90,0,27/05/2026,20/07/2026,39,Ativo,,,901647,da3b9eb9-036f-49bb-8d8b-0260d736ab17,FILA,133727,,,
DASS SEST71390218578910MM1575564520260527-1,OK,DASS SEST,139021,1264051,85789,FITA MFGP C/ GOMA POLIESTER COR 5508 [7081bac6-eaa5-4ae1-9cde-fe01e98d208e],10MM,15755645,100,0,27/05/2026,20/07/2026,39,Ativo,,,901648,7081bac6-eaa5-4ae1-9cde-fe01e98d208e,FILA,133727,,,
DASS SEST7139021932868MM1575564520260527-1,OK,DASS SEST,139021,1417375,93286,FITA MFGP C/ GOMA POLIESTER COR 6038 [3129051c-cbe3-4b6e-bb7b-8412dae093ad],8MM,15755645,320,0,27/05/2026,20/07/2026,39,Ativo,,,901649,3129051c-cbe3-4b6e-bb7b-8412dae093ad,FILA,133727,,,
DASS SEST71390218794616MM1575564520260527-1,OK,DASS SEST,139021,1316829,87946,FITA M31119 C/ GOMA POLIESTER COR 100/ COR 5535/ COR 102 [ff0c558b-87d4-434e-b96f-5085a62c1ff6],16MM,15755645,240,0,27/05/2026,20/07/2026,39,Ativo,,,901650,ff0c558b-87d4-434e-b96f-5085a62c1ff6,FILA,133727,,,
DASS SEST71390218828616MM1575564520260527-1,OK,DASS SEST,139021,1324887,88286,FITA M31119 C/ GOMA POLIESTER COR 057/ COR 102/ COR 678 [b5df85ed-dae2-47f2-a2f7-a58111a68ff3],16MM,15755645,30,0,27/05/2026,20/07/2026,39,Ativo,,,901651,b5df85ed-dae2-47f2-a2f7-a58111a68ff3,FILA,133727,,,
DASS SEST71390219102316MM1575564520260527-1,OK,DASS SEST,139021,1320254,91023,FITA M31119 C/ GOMA POLIESTER COR 114 / COR 100 / COR 100 [b5f2e6a2-d7ff-42dd-90af-075c969fb17b],16MM,15755645,90,0,27/05/2026,20/07/2026,39,Ativo,,,901652,b5f2e6a2-d7ff-42dd-90af-075c969fb17b,FILA,133727,,,
DASS SEST71390219140716MM1575564520260527-1,OK,DASS SEST,139021,1320158,91407,FITA M31119 C/ GOMA POLIESTER COR 324 / COR 5508 / COR 5508 [9229c4e9-6c2b-464d-9bce-c4a8b64a4acb],16MM,15755645,80,0,27/05/2026,20/07/2026,39,Ativo,,,901653,9229c4e9-6c2b-464d-9bce-c4a8b64a4acb,FILA,133727,,,
DASS SEST71390219257116MM1575564520260527-1,OK,DASS SEST,139021,1379936,92571,FITA M31119 C/ GOMA POLIESTER COR 678 / COR 100 / COR 100 [f46560cf-755b-424d-b332-6322cdf9a195],16MM,15755645,60,0,27/05/2026,20/07/2026,39,Ativo,,,901654,f46560cf-755b-424d-b332-6322cdf9a195,FILA,133727,,,
DASS SEST71390219257316MM1575564520260527-1,OK,DASS SEST,139021,1379938,92573,FITA M31119 C/ GOMA POLIESTER COR 161 / COR 324 / COR 324 [936f802a-6095-4cba-aa6a-5f05defa4311],16MM,15755645,60,0,27/05/2026,20/07/2026,39,Ativo,,,901655,936f802a-6095-4cba-aa6a-5f05defa4311,FILA,133727,,,
DASS SEST71390219257416MM1575564520260527-1,OK,DASS SEST,139021,1358112,92574,FITA M31119 C/ GOMA POLIESTER COR 057 / COR 102 / COR 102 [05c0f73d-3d35-4ff4-8796-c57c1a2841a1],16MM,15755645,70,0,27/05/2026,20/07/2026,39,Ativo,,,901656,05c0f73d-3d35-4ff4-8796-c57c1a2841a1,FILA,133727,,,
DASS SEST71390219282916MM1575564520260527-1,OK,DASS SEST,139021,1401202,92829,FITA M31119 C/ GOMA POLIESTER COR 6001 / COR 114 / COR 282 [3e8c3115-3627-433a-9e92-56ac54ac8243],16MM,15755645,300,0,27/05/2026,20/07/2026,39,Ativo,,,901657,3e8c3115-3627-433a-9e92-56ac54ac8243,FILA,133727,,,
DASS SEST71390219296316MM1575564520260527-1,OK,DASS SEST,139021,1353470,92963,FITA M31119 C/ GOMA POLIESTER COR 102 / COR 100 / COR 100 [4484e9a7-c44f-4176-b3ab-712ae1c0b66c],16MM,15755645,570,0,27/05/2026,20/07/2026,39,Ativo,,,901658,4484e9a7-c44f-4176-b3ab-712ae1c0b66c,FILA,133727,,,
DASS SEST71390219514516MM1575564520260527-1,OK,DASS SEST,139021,1401826,95145,FITA M31119 C/ GOMA POLIESTER COR 6002 / COR 5508 / COR 5508 [85a3ceb1-859b-4362-b25b-afb83d1f3501],16MM,15755645,430,0,27/05/2026,20/07/2026,39,Ativo,,,901659,85a3ceb1-859b-4362-b25b-afb83d1f3501,FILA,133727,,,
DASS SEST71390219514616MM1575564520260527-1,OK,DASS SEST,139021,1400623,95146,FITA M31119 C/ GOMA POLIESTER COR 447 / COR 114 / COR 114 [159d0901-6ee7-440b-8961-f2874a25f62d],16MM,15755645,150,0,27/05/2026,20/07/2026,39,Ativo,,,901660,159d0901-6ee7-440b-8961-f2874a25f62d,FILA,133727,,,
DASS SEST71390219517616MM1575564520260527-1,OK,DASS SEST,139021,1320199,95176,FITA M31119 C/ GOMA POLIESTER COR 053 / COR 114 / COR 114 [68045038-5600-4c20-a247-3e906c0b9571],16MM,15755645,270,0,27/05/2026,20/07/2026,39,Ativo,,,901661,68045038-5600-4c20-a247-3e906c0b9571,FILA,133727,,,
DASS SEST71390219530116MM1575564520260527-1,OK,DASS SEST,139021,1416908,95301,FITA M31119 C/ GOMA POLIESTER COR 6038 / COR 5508 / COR 5508 [72f5b2be-7d3f-4185-9eed-3a061c3151fd],16MM,15755645,500,0,27/05/2026,20/07/2026,39,Ativo,,,901662,72f5b2be-7d3f-4185-9eed-3a061c3151fd,FILA,133727,,,
DASS SEST71390219530216MM1575564520260527-1,OK,DASS SEST,139021,1416741,95302,FITA M31119 C/ GOMA POLIESTER COR 102 / COR 5508 / COR 5508 [26818c58-d109-47c7-81e0-c2d1b8d24b7e],16MM,15755645,420,0,27/05/2026,20/07/2026,39,Ativo,,,901663,26818c58-d109-47c7-81e0-c2d1b8d24b7e,FILA,133727,,,
DASS SEST71390219548716MM1575564520260527-1,OK,DASS SEST,139021,1353472,95487,FITA M31119 C/ GOMA POLIESTER COR 5703 / COR 114 / COR 114 [b89e9b0a-41fe-4675-a8aa-3a33ee0f290d],16MM,15755645,100,0,27/05/2026,20/07/2026,39,Ativo,,,901664,b89e9b0a-41fe-4675-a8aa-3a33ee0f290d,FILA,133727,,,
DASS SEST71390219549116MM1575564520260527-1,OK,DASS SEST,139021,1416938,95491,FITA M31119 C/ GOMA POLIESTER COR 6001 / COR 5508 / COR 5508 [b9860f84-fd4e-44a1-bedc-22f6c8413faf],16MM,15755645,490,0,27/05/2026,20/07/2026,39,Ativo,,,901665,b9860f84-fd4e-44a1-bedc-22f6c8413faf,FILA,133727,,,
DASS SEST71390219566516MM1575564520260527-1,OK,DASS SEST,139021,1357708,95665,FITA M31119 C/ GOMA POLIESTER COR 114 / COR 102 / COR 102 [91a3ba45-79d9-472e-b876-7411f41ab46f],16MM,15755645,180,0,27/05/2026,20/07/2026,39,Ativo,,,901666,91a3ba45-79d9-472e-b876-7411f41ab46f,FILA,133727,,,
DASS SEST71390219566616MM1575564520260527-1,OK,DASS SEST,139021,1429263,95666,FITA M31119 C/ GOMA POLIESTER COR 006 / COR 114 / COR 114 [acfa90cc-7568-45e1-ba29-812fff68e24b],16MM,15755645,110,0,27/05/2026,20/07/2026,39,Ativo,,,901667,acfa90cc-7568-45e1-ba29-812fff68e24b,FILA,133727,,,
DASS SEST71391309248712MM1576261420260529-1,OK,DASS SEST,139130,1394708,92487,FITA M41476 C/ GOMA POLIESTER COR 114 / COR 599 [a144eaa5-a9bc-456e-bbda-9fc2e3a166e6],12MM,15762614,10,0,29/05/2026,20/07/2026,39,Ativo,,,901668,a144eaa5-a9bc-456e-bbda-9fc2e3a166e6,FILA,133838,,,
DASS SEST71392959538416MM1577775020260602-1,OK,DASS SEST,139295,1411433,95384,FITA M31119 C/ GOMA POLIESTER COR 6008 / COR 102 / COR 102 [5211d5c0-113b-422e-a3b1-bff7a742ec83],16MM,15777750,570,0,02/06/2026,20/07/2026,39,Ativo,,,901669,5211d5c0-113b-422e-a3b1-bff7a742ec83,FILA,133932,,,
DASS SEST713937682628100CM1578773715787219NBR328261620260604-1,OK,DASS SEST,139376,1188919,82628,ATAC. MR140014 6MM RECICLADO COR 4085/PET [7de09a24-e436-4453-84cd-dd0d05bc3080],100CM,15787737,944,15787219NBR3282616,04/06/2026,20/07/2026,39,Ativo,,,901670,7de09a24-e436-4453-84cd-dd0d05bc3080,NIKE,134038,,,
DASS SEST713937682628105CM1578773715787219NBR328261620260604-1,OK,DASS SEST,139376,1188919,82628,ATAC. MR140014 6MM RECICLADO COR 4085/PET [7225a070-61fd-4ed6-b059-24e8c6869f3a],105CM,15787737,486,15787219NBR3282616,04/06/2026,20/07/2026,39,Ativo,,,901671,7225a070-61fd-4ed6-b059-24e8c6869f3a,NIKE,134038,,,
DASS ITABERABA701395299294515MM1581252020260610-1,OK,DASS ITABERABA,139529,1403524,92945,FITA M32207 C/ GOMA POLIESTER COR 788 / COR 174 / COR 788 [c5f9a3ef-7a68-4ac0-a169-773e15c2877d],15MM,15812520,580,0,10/06/2026,20/07/2026,39,Ativo,,,901672,c5f9a3ef-7a68-4ac0-a169-773e15c2877d,FILA,134283,,,
DASS ITABERABA701395299294815MM1581252020260610-1,OK,DASS ITABERABA,139529,1403526,92948,FITA M32207 C/ GOMA POLIESTER COR 100 / COR 282 / COR 100 [0908d392-660a-483d-9444-c6899a163758],15MM,15812520,210,0,10/06/2026,20/07/2026,39,Ativo,,,901673,0908d392-660a-483d-9444-c6899a163758,FILA,134283,,,
DASS ITABERABA70139529701648MM1581252020260610-1,OK,DASS ITABERABA,139529,108955,70164,FITA MFGP C/ GOMA POLIESTER COR 100 [cd0b9e5b-b04d-4e85-a83c-2a79cf1e6089],8MM,15812520,60,0,10/06/2026,20/07/2026,39,Ativo,,,901674,cd0b9e5b-b04d-4e85-a83c-2a79cf1e6089,FILA,134283,,,
DASS ITABERABA70139529740308MM1581252020260610-1,OK,DASS ITABERABA,139529,1104264,74030,FITA MFGP C/ GOMA POLIESTER COR 114 [ab8a24ae-413a-465d-a258-efaf90e76810],8MM,15812520,190,0,10/06/2026,20/07/2026,39,Ativo,,,901675,ab8a24ae-413a-465d-a258-efaf90e76810,FILA,134283,,,
DASS ITABERABA70139529781878MM1581252020260610-1,OK,DASS ITABERABA,139529,1146621,78187,FITA MFGP C/ GOMA POLIESTER COR 053 [ec207bed-f5eb-407e-a28d-23b49c08841a],8MM,15812520,80,0,10/06/2026,20/07/2026,39,Ativo,,,901676,ec207bed-f5eb-407e-a28d-23b49c08841a,FILA,134283,,,
DASS SEST71372888697895CM1554201215538729NBR328269020260410-1,OK,DASS SEST,137288,1299257,86978,ATAC. MR130027 6MM RECICLADO COR 4085/PET [7c2d8fb7-21c3-4c46-9cd3-9113b187cb2b],95CM,15542012,372,15538729NBR3282690,10/04/2026,27/07/2026,46,Ativo,,,901677,7c2d8fb7-21c3-4c46-9cd3-9113b187cb2b,NIKE,132094,,,
DASS SEST71372888697895CM1554201215538730NBR328269020260410-1,OK,DASS SEST,137288,1299257,86978,ATAC. MR130027 6MM RECICLADO COR 4085/PET [332bb84f-ee8b-4d50-838f-0487799ed2be],95CM,15542012,414,15538730NBR3282690,10/04/2026,27/07/2026,46,Ativo,,,901678,332bb84f-ee8b-4d50-838f-0487799ed2be,NIKE,132094,,,
DASS SEST713728886978100CM1554201215538729NBR328269020260410-1,OK,DASS SEST,137288,1299257,86978,ATAC. MR130027 6MM RECICLADO COR 4085/PET [f9aabf9d-be42-44b9-99ef-fefb3f89f921],100CM,15542012,482,15538729NBR3282690,10/04/2026,27/07/2026,46,Ativo,,,901679,f9aabf9d-be42-44b9-99ef-fefb3f89f921,NIKE,132094,,,
DASS SEST713728886978100CM1554201215538730NBR328269020260410-1,OK,DASS SEST,137288,1299257,86978,ATAC. MR130027 6MM RECICLADO COR 4085/PET [84c84a0d-f937-4adb-900f-86d6255a26ff],100CM,15542012,516,15538730NBR3282690,10/04/2026,27/07/2026,46,Ativo,,,901680,84c84a0d-f937-4adb-900f-86d6255a26ff,NIKE,132094,,,
DASS SEST713728886978105CM1554201215537916NBR328268120260410-1,OK,DASS SEST,137288,1299257,86978,ATAC. MR130027 6MM RECICLADO COR 4085/PET [eba84d7e-64dc-4a29-bb8a-fb1beca480c1],105CM,15542012,312,15537916NBR3282681,10/04/2026,27/07/2026,46,Ativo,,,901681,eba84d7e-64dc-4a29-bb8a-fb1beca480c1,NIKE,132094,,,
DASS SEST713728886978105CM1554201215537917NBR328268120260410-1,OK,DASS SEST,137288,1299257,86978,ATAC. MR130027 6MM RECICLADO COR 4085/PET [09205999-e826-4a0d-a492-70ff5d17cd5f],105CM,15542012,336,15537917NBR3282681,10/04/2026,27/07/2026,46,Ativo,,,901682,09205999-e826-4a0d-a492-70ff5d17cd5f,NIKE,132094,,,
DASS SEST713728886978105CM1554201215538729NBR328269020260410-1,OK,DASS SEST,137288,1299257,86978,ATAC. MR130027 6MM RECICLADO COR 4085/PET [bf8b49f8-e61d-46a8-ad90-4a47871423aa],105CM,15542012,60,15538729NBR3282690,10/04/2026,27/07/2026,46,Ativo,,,901683,bf8b49f8-e61d-46a8-ad90-4a47871423aa,NIKE,132094,,,
DASS SEST713728886978105CM1554201215538730NBR328269020260410-1,OK,DASS SEST,137288,1299257,86978,ATAC. MR130027 6MM RECICLADO COR 4085/PET [f6438500-fc8e-48fc-ae77-7fa2c51f7201],105CM,15542012,60,15538730NBR3282690,10/04/2026,27/07/2026,46,Ativo,,,901684,f6438500-fc8e-48fc-ae77-7fa2c51f7201,NIKE,132094,,,
DASS SEST713728886978110CM1554201215537926NBR328266520260410-1,OK,DASS SEST,137288,1299257,86978,ATAC. MR130027 6MM RECICLADO COR 4085/PET [ae280920-08fc-444a-af86-a54b515d77c5],110CM,15542012,162,15537926NBR3282665,10/04/2026,27/07/2026,46,Ativo,,,901685,ae280920-08fc-444a-af86-a54b515d77c5,NIKE,132094,,,
DASS SEST713728886978110CM1554201215537927NBR328266520260410-1,OK,DASS SEST,137288,1299257,86978,ATAC. MR130027 6MM RECICLADO COR 4085/PET [57758d40-a3d0-47b5-89a8-1cc723bfb15e],110CM,15542012,156,15537927NBR3282665,10/04/2026,27/07/2026,46,Ativo,,,901686,57758d40-a3d0-47b5-89a8-1cc723bfb15e,NIKE,132094,,,
DASS SEST713728886978110CM1554201215537916NBR328268120260410-1,OK,DASS SEST,137288,1299257,86978,ATAC. MR130027 6MM RECICLADO COR 4085/PET [ee22e19e-7c54-49b0-8197-62788df6bc15],110CM,15542012,338,15537916NBR3282681,10/04/2026,27/07/2026,46,Ativo,,,901687,ee22e19e-7c54-49b0-8197-62788df6bc15,NIKE,132094,,,
DASS SEST713728886978110CM1554201215537917NBR328268120260410-1,OK,DASS SEST,137288,1299257,86978,ATAC. MR130027 6MM RECICLADO COR 4085/PET [db1e35c0-3468-4afd-9c13-39b0e6b68818],110CM,15542012,372,15537917NBR3282681,10/04/2026,27/07/2026,46,Ativo,,,901688,db1e35c0-3468-4afd-9c13-39b0e6b68818,NIKE,132094,,,
DASS SEST713728886978110CM1554201215537907NBR328269320260410-1,OK,DASS SEST,137288,1299257,86978,ATAC. MR130027 6MM RECICLADO COR 4085/PET [b69e0a7f-a199-4879-a15e-69ba3fc6a773],110CM,15542012,216,15537907NBR3282693,10/04/2026,27/07/2026,46,Ativo,,,901689,b69e0a7f-a199-4879-a15e-69ba3fc6a773,NIKE,132094,,,
DASS SEST713728886978110CM1554201215537908NBR328269320260410-1,OK,DASS SEST,137288,1299257,86978,ATAC. MR130027 6MM RECICLADO COR 4085/PET [99f0d9fe-19bc-4c8f-8fc8-3cbdb751dbc9],110CM,15542012,192,15537908NBR3282693,10/04/2026,27/07/2026,46,Ativo,,,901690,99f0d9fe-19bc-4c8f-8fc8-3cbdb751dbc9,NIKE,132094,,,
DASS SEST713728886978115CM1554201215537926NBR328266520260410-1,OK,DASS SEST,137288,1299257,86978,ATAC. MR130027 6MM RECICLADO COR 4085/PET [b7b854a5-c7ec-4ad0-94f6-2054dbfdc9e8],115CM,15542012,482,15537926NBR3282665,10/04/2026,27/07/2026,46,Ativo,,,901691,b7b854a5-c7ec-4ad0-94f6-2054dbfdc9e8,NIKE,132094,,,
DASS SEST713728886978115CM1554201215537927NBR328266520260410-1,OK,DASS SEST,137288,1299257,86978,ATAC. MR130027 6MM RECICLADO COR 4085/PET [6ce9745c-acf6-401d-959f-161c5e63d113],115CM,15542012,486,15537927NBR3282665,10/04/2026,27/07/2026,46,Ativo,,,901692,6ce9745c-acf6-401d-959f-161c5e63d113,NIKE,132094,,,
DASS SEST713728886978115CM1554201215537916NBR328268120260410-1,OK,DASS SEST,137288,1299257,86978,ATAC. MR130027 6MM RECICLADO COR 4085/PET [506b98e0-85b9-4fcd-acfe-0eb126e28e62],115CM,15542012,18,15537916NBR3282681,10/04/2026,27/07/2026,46,Ativo,,,901693,506b98e0-85b9-4fcd-acfe-0eb126e28e62,NIKE,132094,,,
DASS SEST713728886978115CM1554201215537907NBR328269320260410-1,OK,DASS SEST,137288,1299257,86978,ATAC. MR130027 6MM RECICLADO COR 4085/PET [18ec808e-6843-4e48-90e7-9a69edecef04],115CM,15542012,602,15537907NBR3282693,10/04/2026,27/07/2026,46,Ativo,,,901694,18ec808e-6843-4e48-90e7-9a69edecef04,NIKE,132094,,,
DASS SEST713728886978115CM1554201215537908NBR328269320260410-1,OK,DASS SEST,137288,1299257,86978,ATAC. MR130027 6MM RECICLADO COR 4085/PET [b61fa4c1-2823-4fc8-baa1-74713fcb5c9f],115CM,15542012,612,15537908NBR3282693,10/04/2026,27/07/2026,46,Ativo,,,901695,b61fa4c1-2823-4fc8-baa1-74713fcb5c9f,NIKE,132094,,,
DASS SEST713728886978120CM1554201215537926NBR328266520260410-1,OK,DASS SEST,137288,1299257,86978,ATAC. MR130027 6MM RECICLADO COR 4085/PET [487008b1-8862-465f-a183-939f8f8d78f1],120CM,15542012,84,15537926NBR3282665,10/04/2026,27/07/2026,46,Ativo,,,901696,487008b1-8862-465f-a183-939f8f8d78f1,NIKE,132094,,,
DASS SEST713728886978120CM1554201215537927NBR328266520260410-1,OK,DASS SEST,137288,1299257,86978,ATAC. MR130027 6MM RECICLADO COR 4085/PET [034cdb63-427c-424c-889e-7bc49df77346],120CM,15542012,66,15537927NBR3282665,10/04/2026,27/07/2026,46,Ativo,,,901697,034cdb63-427c-424c-889e-7bc49df77346,NIKE,132094,,,
DASS SEST713728886978120CM1554201215537907NBR328269320260410-1,OK,DASS SEST,137288,1299257,86978,ATAC. MR130027 6MM RECICLADO COR 4085/PET [bb3b7afa-55b2-42f8-bcff-2ba95fc5a53a],120CM,15542012,108,15537907NBR3282693,10/04/2026,27/07/2026,46,Ativo,,,901698,bb3b7afa-55b2-42f8-bcff-2ba95fc5a53a,NIKE,132094,,,
DASS SEST713728886978120CM1554201215537908NBR328269320260410-1,OK,DASS SEST,137288,1299257,86978,ATAC. MR130027 6MM RECICLADO COR 4085/PET [75ee5226-f1b3-41d5-aa5d-366b77fc7381],120CM,15542012,138,15537908NBR3282693,10/04/2026,27/07/2026,46,Ativo,,,901699,75ee5226-f1b3-41d5-aa5d-366b77fc7381,NIKE,132094,,,
DASS SEST713728895028100CM1554201215538746NBR328268920260410-1,OK,DASS SEST,137288,1410668,95028,ATAC. MR130027 6MM RECICLADO COR 5422/PET [99ea8d33-3877-4085-83af-309cc9305cfa],100CM,15542012,192,15538746NBR3282689,10/04/2026,27/07/2026,46,Ativo,,,901700,99ea8d33-3877-4085-83af-309cc9305cfa,NIKE,132094,,,
DASS SEST713728895028100CM1554201215538747NBR328268920260410-1,OK,DASS SEST,137288,1410668,95028,ATAC. MR130027 6MM RECICLADO COR 5422/PET [1aca3205-dbaa-4362-93dc-eb9daea7280e],100CM,15542012,168,15538747NBR3282689,10/04/2026,27/07/2026,46,Ativo,,,901701,1aca3205-dbaa-4362-93dc-eb9daea7280e,NIKE,132094,,,
DASS SEST713728895028100CM1554201215538748NBR328268920260410-1,OK,DASS SEST,137288,1410668,95028,ATAC. MR130027 6MM RECICLADO COR 5422/PET [c1625fd7-3b62-4f27-bc11-8cea60e029da],100CM,15542012,216,15538748NBR3282689,10/04/2026,27/07/2026,46,Ativo,,,901702,c1625fd7-3b62-4f27-bc11-8cea60e029da,NIKE,132094,,,
DASS SEST713728895028105CM1554201215538746NBR328268920260410-1,OK,DASS SEST,137288,1410668,95028,ATAC. MR130027 6MM RECICLADO COR 5422/PET [f92e63aa-7824-4ab5-b09d-131242b63ede],105CM,15542012,795,15538746NBR3282689,10/04/2026,27/07/2026,46,Ativo,,,901703,f92e63aa-7824-4ab5-b09d-131242b63ede,NIKE,132094,,,
DASS SEST713728895028105CM1554201215538747NBR328268920260410-1,OK,DASS SEST,137288,1410668,95028,ATAC. MR130027 6MM RECICLADO COR 5422/PET [30f6eab0-c75b-4d11-9757-d132ba0cae2b],105CM,15542012,576,15538747NBR3282689,10/04/2026,27/07/2026,46,Ativo,,,901704,30f6eab0-c75b-4d11-9757-d132ba0cae2b,NIKE,132094,,,
DASS SEST713728895028105CM1554201215538748NBR328268920260410-1,OK,DASS SEST,137288,1410668,95028,ATAC. MR130027 6MM RECICLADO COR 5422/PET [c3b43920-dab3-4f8a-94d3-14a5e5acd573],105CM,15542012,402,15538748NBR3282689,10/04/2026,27/07/2026,46,Ativo,,,901705,c3b43920-dab3-4f8a-94d3-14a5e5acd573,NIKE,132094,,,
DASS SEST713728895028110CM1554201215538746NBR328268920260410-1,OK,DASS SEST,137288,1410668,95028,ATAC. MR130027 6MM RECICLADO COR 5422/PET [ff6b6c26-88da-420c-997c-40a60287c9ea],110CM,15542012,168,15538746NBR3282689,10/04/2026,27/07/2026,46,Ativo,,,901706,ff6b6c26-88da-420c-997c-40a60287c9ea,NIKE,132094,,,
DASS SEST713728895028110CM1554201215538747NBR328268920260410-1,OK,DASS SEST,137288,1410668,95028,ATAC. MR130027 6MM RECICLADO COR 5422/PET [76513eed-ca48-48ff-b6e2-45a77e8125e0],110CM,15542012,156,15538747NBR3282689,10/04/2026,27/07/2026,46,Ativo,,,901707,76513eed-ca48-48ff-b6e2-45a77e8125e0,NIKE,132094,,,
DASS SEST713728895028110CM1554201215538748NBR328268920260410-1,OK,DASS SEST,137288,1410668,95028,ATAC. MR130027 6MM RECICLADO COR 5422/PET [d8424c99-72b7-4e78-b3a6-30becf3be241],110CM,15542012,192,15538748NBR3282689,10/04/2026,27/07/2026,46,Ativo,,,901708,d8424c99-72b7-4e78-b3a6-30becf3be241,NIKE,132094,,,
DASS SEST713793482628100CM1563196815624203NBR328280320260428-1,OK,DASS SEST,137934,1188919,82628,ATAC. MR140014 6MM RECICLADO COR 4085/PET [d7dc2ce5-5c80-41b4-b8dc-e319816bbfdb],100CM,15631968,264,15624203NBR3282803,28/04/2026,27/07/2026,46,Ativo,,,901709,d7dc2ce5-5c80-41b4-b8dc-e319816bbfdb,NIKE,132711,,,
DASS SEST713793482628100CM1563196815624204NBR328280320260428-1,OK,DASS SEST,137934,1188919,82628,ATAC. MR140014 6MM RECICLADO COR 4085/PET [b688dfc9-84d2-47a8-9fdc-149a14776dac],100CM,15631968,282,15624204NBR3282803,28/04/2026,27/07/2026,46,Ativo,,,901710,b688dfc9-84d2-47a8-9fdc-149a14776dac,NIKE,132711,,,
DASS SEST713793482628100CM1563196815624206NBR328280520260428-1,OK,DASS SEST,137934,1188919,82628,ATAC. MR140014 6MM RECICLADO COR 4085/PET [fc93ed3a-9aeb-4f14-80dd-6bd570c924ed],100CM,15631968,132,15624206NBR3282805,28/04/2026,27/07/2026,46,Ativo,,,901711,fc93ed3a-9aeb-4f14-80dd-6bd570c924ed,NIKE,132711,,,
DASS SEST713793482628100CM1563196815624207NBR328280520260428-1,OK,DASS SEST,137934,1188919,82628,ATAC. MR140014 6MM RECICLADO COR 4085/PET [acd671c8-b74e-4d13-9c59-3529fa0c3c1c],100CM,15631968,162,15624207NBR3282805,28/04/2026,27/07/2026,46,Ativo,,,901712,acd671c8-b74e-4d13-9c59-3529fa0c3c1c,NIKE,132711,,,
DASS SEST713793482628105CM1563196815624223NBR328271520260428-1,OK,DASS SEST,137934,1188919,82628,ATAC. MR140014 6MM RECICLADO COR 4085/PET [d7c2387b-2136-4674-afad-b65a713b7e69],105CM,15631968,603,15624223NBR3282715,28/04/2026,27/07/2026,46,Ativo,,,901713,d7c2387b-2136-4674-afad-b65a713b7e69,NIKE,132711,,,
DASS SEST713793482628105CM1563196815624224NBR328271520260428-1,OK,DASS SEST,137934,1188919,82628,ATAC. MR140014 6MM RECICLADO COR 4085/PET [b5362a6c-d045-4ff8-badc-004f1d7d3ddd],105CM,15631968,600,15624224NBR3282715,28/04/2026,27/07/2026,46,Ativo,,,901714,b5362a6c-d045-4ff8-badc-004f1d7d3ddd,NIKE,132711,,,
DASS SEST713793482628105CM1563196815624225NBR328271520260428-1,OK,DASS SEST,137934,1188919,82628,ATAC. MR140014 6MM RECICLADO COR 4085/PET [a0271bf0-9392-4470-9427-a019586f0794],105CM,15631968,648,15624225NBR3282715,28/04/2026,27/07/2026,46,Ativo,,,901715,a0271bf0-9392-4470-9427-a019586f0794,NIKE,132711,,,
DASS SEST713793482628105CM1563196815624203NBR328280320260428-1,OK,DASS SEST,137934,1188919,82628,ATAC. MR140014 6MM RECICLADO COR 4085/PET [a16b35d2-9630-4e6f-afc3-f03dcc8c1cf4],105CM,15631968,771,15624203NBR3282803,28/04/2026,27/07/2026,46,Ativo,,,901716,a16b35d2-9630-4e6f-afc3-f03dcc8c1cf4,NIKE,132711,,,
DASS SEST713793482628105CM1563196815624204NBR328280320260428-1,OK,DASS SEST,137934,1188919,82628,ATAC. MR140014 6MM RECICLADO COR 4085/PET [5ad989f9-7787-42b9-8079-41825cb349a0],105CM,15631968,798,15624204NBR3282803,28/04/2026,27/07/2026,46,Ativo,,,901717,5ad989f9-7787-42b9-8079-41825cb349a0,NIKE,132711,,,
DASS SEST713793482628105CM1563196815624206NBR328280520260428-1,OK,DASS SEST,137934,1188919,82628,ATAC. MR140014 6MM RECICLADO COR 4085/PET [bf52207b-ff27-4c79-b981-0cfa1f815051],105CM,15631968,626,15624206NBR3282805,28/04/2026,27/07/2026,46,Ativo,,,901718,bf52207b-ff27-4c79-b981-0cfa1f815051,NIKE,132711,,,
DASS SEST713793482628105CM1563196815624207NBR328280520260428-1,OK,DASS SEST,137934,1188919,82628,ATAC. MR140014 6MM RECICLADO COR 4085/PET [21b0e521-133b-4d6b-a82c-ba5437bba3b8],105CM,15631968,678,15624207NBR3282805,28/04/2026,27/07/2026,46,Ativo,,,901719,21b0e521-133b-4d6b-a82c-ba5437bba3b8,NIKE,132711,,,
DASS SEST713793482628105CM1563196815624198NBR328282120260428-1,OK,DASS SEST,137934,1188919,82628,ATAC. MR140014 6MM RECICLADO COR 4085/PET [615516ab-78aa-410e-87f7-684bdc74fbc8],105CM,15631968,240,15624198NBR3282821,28/04/2026,27/07/2026,46,Ativo,,,901720,615516ab-78aa-410e-87f7-684bdc74fbc8,NIKE,132711,,,
DASS SEST713793482628105CM1563196815624199NBR328282120260428-1,OK,DASS SEST,137934,1188919,82628,ATAC. MR140014 6MM RECICLADO COR 4085/PET [89d9d13d-9065-4332-8a55-a57c672e0e80],105CM,15631968,276,15624199NBR3282821,28/04/2026,27/07/2026,46,Ativo,,,901721,89d9d13d-9065-4332-8a55-a57c672e0e80,NIKE,132711,,,
DASS SEST713793482628105CM1563196815624201NBR328283620260428-1,OK,DASS SEST,137934,1188919,82628,ATAC. MR140014 6MM RECICLADO COR 4085/PET [68455c53-e9f6-454e-9d00-2ba16daac6ec],105CM,15631968,144,15624201NBR3282836,28/04/2026,27/07/2026,46,Ativo,,,901722,68455c53-e9f6-454e-9d00-2ba16daac6ec,NIKE,132711,,,
DASS SEST713793482628105CM1563196815624202NBR328283620260428-1,OK,DASS SEST,137934,1188919,82628,ATAC. MR140014 6MM RECICLADO COR 4085/PET [fd200cd0-bcc0-4480-9085-4f8852b5c73d],105CM,15631968,144,15624202NBR3282836,28/04/2026,27/07/2026,46,Ativo,,,901723,fd200cd0-bcc0-4480-9085-4f8852b5c73d,NIKE,132711,,,
DASS SEST713793482628110CM1563196815624223NBR328271520260428-1,OK,DASS SEST,137934,1188919,82628,ATAC. MR140014 6MM RECICLADO COR 4085/PET [112af44b-f920-4bd0-8a30-0fc798efb02f],110CM,15631968,282,15624223NBR3282715,28/04/2026,27/07/2026,46,Ativo,,,901724,112af44b-f920-4bd0-8a30-0fc798efb02f,NIKE,132711,,,
DASS SEST713793482628110CM1563196815624224NBR328271520260428-1,OK,DASS SEST,137934,1188919,82628,ATAC. MR140014 6MM RECICLADO COR 4085/PET [29a32958-f232-489b-87ba-4875b8f545be],110CM,15631968,240,15624224NBR3282715,28/04/2026,27/07/2026,46,Ativo,,,901725,29a32958-f232-489b-87ba-4875b8f545be,NIKE,132711,,,
DASS SEST713793482628110CM1563196815624225NBR328271520260428-1,OK,DASS SEST,137934,1188919,82628,ATAC. MR140014 6MM RECICLADO COR 4085/PET [37bcb4e9-ae75-4a29-861c-8887898d1214],110CM,15631968,270,15624225NBR3282715,28/04/2026,27/07/2026,46,Ativo,,,901726,37bcb4e9-ae75-4a29-861c-8887898d1214,NIKE,132711,,,
DASS SEST713793482628110CM1563196815624203NBR328280320260428-1,OK,DASS SEST,137934,1188919,82628,ATAC. MR140014 6MM RECICLADO COR 4085/PET [df7fa077-a2ac-4ee2-a14b-a5feb3514f8b],110CM,15631968,24,15624203NBR3282803,28/04/2026,27/07/2026,46,Ativo,,,901727,df7fa077-a2ac-4ee2-a14b-a5feb3514f8b,NIKE,132711,,,
DASS SEST713793482628110CM1563196815624204NBR328280320260428-1,OK,DASS SEST,137934,1188919,82628,ATAC. MR140014 6MM RECICLADO COR 4085/PET [3a93800b-c641-403c-81c7-7475d68f5440],110CM,15631968,24,15624204NBR3282803,28/04/2026,27/07/2026,46,Ativo,,,901728,3a93800b-c641-403c-81c7-7475d68f5440,NIKE,132711,,,
DASS SEST713793482628110CM1563196815624206NBR328280520260428-1,OK,DASS SEST,137934,1188919,82628,ATAC. MR140014 6MM RECICLADO COR 4085/PET [315643c1-6215-4b59-8019-e61cb6eba3bd],110CM,15631968,18,15624206NBR3282805,28/04/2026,27/07/2026,46,Ativo,,,901729,315643c1-6215-4b59-8019-e61cb6eba3bd,NIKE,132711,,,
DASS SEST713793482628110CM1563196815624207NBR328280520260428-1,OK,DASS SEST,137934,1188919,82628,ATAC. MR140014 6MM RECICLADO COR 4085/PET [6ad35b84-ee11-40f6-96c6-e2c4ca1ada05],110CM,15631968,24,15624207NBR3282805,28/04/2026,27/07/2026,46,Ativo,,,901730,6ad35b84-ee11-40f6-96c6-e2c4ca1ada05,NIKE,132711,,,
DASS SEST713793482628110CM1563196815624198NBR328282120260428-1,OK,DASS SEST,137934,1188919,82628,ATAC. MR140014 6MM RECICLADO COR 4085/PET [d4ef96fb-6c88-4f83-9c79-8e335b7eb7ac],110CM,15631968,651,15624198NBR3282821,28/04/2026,27/07/2026,46,Ativo,,,901731,d4ef96fb-6c88-4f83-9c79-8e335b7eb7ac,NIKE,132711,,,
DASS SEST713793482628110CM1563196815624199NBR328282120260428-1,OK,DASS SEST,137934,1188919,82628,ATAC. MR140014 6MM RECICLADO COR 4085/PET [e444dee2-6349-427c-898d-0fbe92733994],110CM,15631968,666,15624199NBR3282821,28/04/2026,27/07/2026,46,Ativo,,,901732,e444dee2-6349-427c-898d-0fbe92733994,NIKE,132711,,,
DASS SEST713793482628110CM1563196815624201NBR328283620260428-1,OK,DASS SEST,137934,1188919,82628,ATAC. MR140014 6MM RECICLADO COR 4085/PET [fc9f059d-0179-4057-816f-95447b503e46],110CM,15631968,579,15624201NBR3282836,28/04/2026,27/07/2026,46,Ativo,,,901733,fc9f059d-0179-4057-816f-95447b503e46,NIKE,132711,,,
DASS SEST713793482628110CM1563196815624202NBR328283620260428-1,OK,DASS SEST,137934,1188919,82628,ATAC. MR140014 6MM RECICLADO COR 4085/PET [5f3b1fe5-9043-4550-8086-a4557d2560f9],110CM,15631968,588,15624202NBR3282836,28/04/2026,27/07/2026,46,Ativo,,,901734,5f3b1fe5-9043-4550-8086-a4557d2560f9,NIKE,132711,,,
DASS SEST713793482628115CM1563196815624198NBR328282120260428-1,OK,DASS SEST,137934,1188919,82628,ATAC. MR140014 6MM RECICLADO COR 4085/PET [8f8cead3-b9ce-4550-a088-1892f9e01580],115CM,15631968,156,15624198NBR3282821,28/04/2026,27/07/2026,46,Ativo,,,901735,8f8cead3-b9ce-4550-a088-1892f9e01580,NIKE,132711,,,
DASS SEST713793482628115CM1563196815624199NBR328282120260428-1,OK,DASS SEST,137934,1188919,82628,ATAC. MR140014 6MM RECICLADO COR 4085/PET [895ad431-9df2-43a4-8877-cc06caa5be76],115CM,15631968,186,15624199NBR3282821,28/04/2026,27/07/2026,46,Ativo,,,901736,895ad431-9df2-43a4-8877-cc06caa5be76,NIKE,132711,,,
DASS SEST713793482628115CM1563196815624201NBR328283620260428-1,OK,DASS SEST,137934,1188919,82628,ATAC. MR140014 6MM RECICLADO COR 4085/PET [e5e13878-8def-48dc-83ea-ccdcbc0ac3d0],115CM,15631968,276,15624201NBR3282836,28/04/2026,27/07/2026,46,Ativo,,,901737,e5e13878-8def-48dc-83ea-ccdcbc0ac3d0,NIKE,132711,,,
DASS SEST713793482628115CM1563196815624202NBR328283620260428-1,OK,DASS SEST,137934,1188919,82628,ATAC. MR140014 6MM RECICLADO COR 4085/PET [35266444-28a1-41b2-877b-6302befe4859],115CM,15631968,282,15624202NBR3282836,28/04/2026,27/07/2026,46,Ativo,,,901738,35266444-28a1-41b2-877b-6302befe4859,NIKE,132711,,,
DASS SEST713793494884100CM1563196815624221NBR328280420260428-1,OK,DASS SEST,137934,1405625,94884,ATAC. MR140014 6MM RECICLADO COR 6149/PET [313a6951-84d9-4786-8bdf-e7f5c9576722],100CM,15631968,192,15624221NBR3282804,28/04/2026,27/07/2026,46,Ativo,,,901739,313a6951-84d9-4786-8bdf-e7f5c9576722,NIKE,132711,,,
DASS SEST713793494884100CM1563196815624222NBR328280420260428-1,OK,DASS SEST,137934,1405625,94884,ATAC. MR140014 6MM RECICLADO COR 6149/PET [d57883ec-1a60-448e-ab85-416aab667e65],100CM,15631968,222,15624222NBR3282804,28/04/2026,27/07/2026,46,Ativo,,,901740,d57883ec-1a60-448e-ab85-416aab667e65,NIKE,132711,,,
DASS SEST713793494884105CM1563196815624221NBR328280420260428-1,OK,DASS SEST,137934,1405625,94884,ATAC. MR140014 6MM RECICLADO COR 6149/PET [fe53f728-783b-43eb-96bc-15767c96e07f],105CM,15631968,710,15624221NBR3282804,28/04/2026,27/07/2026,46,Ativo,,,901741,fe53f728-783b-43eb-96bc-15767c96e07f,NIKE,132711,,,
DASS SEST713793494884105CM1563196815624222NBR328280420260428-1,OK,DASS SEST,137934,1405625,94884,ATAC. MR140014 6MM RECICLADO COR 6149/PET [f99e89d7-348f-4c74-8c63-e80f9878aca0],105CM,15631968,744,15624222NBR3282804,28/04/2026,27/07/2026,46,Ativo,,,901742,f99e89d7-348f-4c74-8c63-e80f9878aca0,NIKE,132711,,,
DASS SEST713793494884110CM1563196815624221NBR328280420260428-1,OK,DASS SEST,137934,1405625,94884,ATAC. MR140014 6MM RECICLADO COR 6149/PET [787bfb3e-d7b3-4f6b-8b06-489b7a3a8bfc],110CM,15631968,24,15624221NBR3282804,28/04/2026,27/07/2026,46,Ativo,,,901743,787bfb3e-d7b3-4f6b-8b06-489b7a3a8bfc,NIKE,132711,,,
DASS SEST713793482631115CM1563196815624185NBR328277520260428-1,OK,DASS SEST,137934,1048514,82631,ATAC. MR110012 8MM RECICLADO COR 4699/PET [31cec87f-cd1b-4a9a-bb17-15bd44d07477],115CM,15631968,192,15624185NBR3282775,28/04/2026,27/07/2026,46,Ativo,,,901744,31cec87f-cd1b-4a9a-bb17-15bd44d07477,NIKE,132711,,,
DASS SEST713793482631115CM1563196815624186NBR328277520260428-1,OK,DASS SEST,137934,1048514,82631,ATAC. MR110012 8MM RECICLADO COR 4699/PET [9e278eb6-711c-4a6a-90e4-cb3a19fdf492],115CM,15631968,204,15624186NBR3282775,28/04/2026,27/07/2026,46,Ativo,,,901745,9e278eb6-711c-4a6a-90e4-cb3a19fdf492,NIKE,132711,,,
DASS SEST713793482631120CM1563196815624185NBR328277520260428-1,OK,DASS SEST,137934,1048514,82631,ATAC. MR110012 8MM RECICLADO COR 4699/PET [dcdab0e0-6f24-41ed-aa79-ac19115e9273],120CM,15631968,710,15624185NBR3282775,28/04/2026,27/07/2026,46,Ativo,,,901746,dcdab0e0-6f24-41ed-aa79-ac19115e9273,NIKE,132711,,,
DASS SEST713793482631120CM1563196815624186NBR328277520260428-1,OK,DASS SEST,137934,1048514,82631,ATAC. MR110012 8MM RECICLADO COR 4699/PET [cfe2b8cc-0922-4aa5-921e-85ad2400a765],120CM,15631968,732,15624186NBR3282775,28/04/2026,27/07/2026,46,Ativo,,,901747,cfe2b8cc-0922-4aa5-921e-85ad2400a765,NIKE,132711,,,
DASS SEST713793492568115CM1563196815624175NBR328276520260428-1,OK,DASS SEST,137934,1027849,92568,ATAC. MR110012 8MM RECICLADO COR 4085/PET [77d526c9-9de0-4c13-94e9-2b39d6c1591c],115CM,15631968,216,15624175NBR3282765,28/04/2026,27/07/2026,46,Ativo,,,901748,77d526c9-9de0-4c13-94e9-2b39d6c1591c,NIKE,132711,,,
DASS SEST713793492568115CM1563196815624184NBR328277120260428-1,OK,DASS SEST,137934,1027849,92568,ATAC. MR110012 8MM RECICLADO COR 4085/PET [cc9cfade-1c11-45f0-9c62-78465cf78ba9],115CM,15631968,222,15624184NBR3282771,28/04/2026,27/07/2026,46,Ativo,,,901749,cc9cfade-1c11-45f0-9c62-78465cf78ba9,NIKE,132711,,,
DASS SEST713793492568115CM1563196815624187NBR328278320260428-1,OK,DASS SEST,137934,1027849,92568,ATAC. MR110012 8MM RECICLADO COR 4085/PET [c984539a-4fc5-4166-9a14-6c133faa462f],115CM,15631968,240,15624187NBR3282783,28/04/2026,27/07/2026,46,Ativo,,,901750,c984539a-4fc5-4166-9a14-6c133faa462f,NIKE,132711,,,
DASS SEST713793492568115CM1563196815624188NBR328278320260428-1,OK,DASS SEST,137934,1027849,92568,ATAC. MR110012 8MM RECICLADO COR 4085/PET [6808e97e-e7c1-42e2-8072-d0ffc621558d],115CM,15631968,228,15624188NBR3282783,28/04/2026,27/07/2026,46,Ativo,,,901751,6808e97e-e7c1-42e2-8072-d0ffc621558d,NIKE,132711,,,
DASS SEST713793492568120CM1563196815624175NBR328276520260428-1,OK,DASS SEST,137934,1027849,92568,ATAC. MR110012 8MM RECICLADO COR 4085/PET [91e094aa-edc9-4e72-b17e-00b19507a974],120CM,15631968,788,15624175NBR3282765,28/04/2026,27/07/2026,46,Ativo,,,901752,91e094aa-edc9-4e72-b17e-00b19507a974,NIKE,132711,,,
DASS SEST713793492568120CM1563196815624184NBR328277120260428-1,OK,DASS SEST,137934,1027849,92568,ATAC. MR110012 8MM RECICLADO COR 4085/PET [94d6f2bc-574d-46b6-be1e-04ba2e87596d],120CM,15631968,788,15624184NBR3282771,28/04/2026,27/07/2026,46,Ativo,,,901753,94d6f2bc-574d-46b6-be1e-04ba2e87596d,NIKE,132711,,,
DASS SEST713793492568120CM1563196815624187NBR328278320260428-1,OK,DASS SEST,137934,1027849,92568,ATAC. MR110012 8MM RECICLADO COR 4085/PET [6a134709-d0d2-4a00-a3af-640134ff8d78],120CM,15631968,855,15624187NBR3282783,28/04/2026,27/07/2026,46,Ativo,,,901754,6a134709-d0d2-4a00-a3af-640134ff8d78,NIKE,132711,,,
DASS SEST713793492568120CM1563196815624188NBR328278320260428-1,OK,DASS SEST,137934,1027849,92568,ATAC. MR110012 8MM RECICLADO COR 4085/PET [8103100a-8a1f-4c5b-a020-c500c00f059d],120CM,15631968,870,15624188NBR3282783,28/04/2026,27/07/2026,46,Ativo,,,901755,8103100a-8a1f-4c5b-a020-c500c00f059d,NIKE,132711,,,
DASS SEST713793488668110CM1563196815624189NBR328279320260428-1,OK,DASS SEST,137934,1304277,88668,ATAC. MR110022 7MM RECICLADO COR 4085/PET / COR 496/PET [ec60ef87-3cfb-452c-9f38-fe6b36c23978],110CM,15631968,987,15624189NBR3282793,28/04/2026,27/07/2026,46,Ativo,,,901756,ec60ef87-3cfb-452c-9f38-fe6b36c23978,NIKE,132711,,,
DASS SEST713793488668110CM1563196815624190NBR328279320260428-1,OK,DASS SEST,137934,1304277,88668,ATAC. MR110022 7MM RECICLADO COR 4085/PET / COR 496/PET [1e89f781-5295-44bf-9161-655b77b45c6d],110CM,15631968,1056,15624190NBR3282793,28/04/2026,27/07/2026,46,Ativo,,,901757,1e89f781-5295-44bf-9161-655b77b45c6d,NIKE,132711,,,
DASS SEST713793488668110CM1563196815624191NBR328280820260428-1,OK,DASS SEST,137934,1304277,88668,ATAC. MR110022 7MM RECICLADO COR 4085/PET / COR 496/PET [1d2880b5-8345-4958-b6cc-d818dcc3764b],110CM,15631968,1011,15624191NBR3282808,28/04/2026,27/07/2026,46,Ativo,,,901758,1d2880b5-8345-4958-b6cc-d818dcc3764b,NIKE,132711,,,
DASS SEST713793488668110CM1563196815624192NBR328280820260428-1,OK,DASS SEST,137934,1304277,88668,ATAC. MR110022 7MM RECICLADO COR 4085/PET / COR 496/PET [d0bfe998-5816-44d7-bdfe-0b21660e9087],110CM,15631968,1056,15624192NBR3282808,28/04/2026,27/07/2026,46,Ativo,,,901759,d0bfe998-5816-44d7-bdfe-0b21660e9087,NIKE,132711,,,
DASS SEST713793488668110CM1563196815624196NBR328281320260428-1,OK,DASS SEST,137934,1304277,88668,ATAC. MR110022 7MM RECICLADO COR 4085/PET / COR 496/PET [a7c7a4ea-7b6a-4f9b-99be-73747da52fe5],110CM,15631968,987,15624196NBR3282813,28/04/2026,27/07/2026,46,Ativo,,,901760,a7c7a4ea-7b6a-4f9b-99be-73747da52fe5,NIKE,132711,,,
DASS SEST713793488668110CM1563196815624197NBR328281320260428-1,OK,DASS SEST,137934,1304277,88668,ATAC. MR110022 7MM RECICLADO COR 4085/PET / COR 496/PET [623d2f45-38dc-4a73-b3f9-c6cb00ecd9fb],110CM,15631968,1056,15624197NBR3282813,28/04/2026,27/07/2026,46,Ativo,,,901761,623d2f45-38dc-4a73-b3f9-c6cb00ecd9fb,NIKE,132711,,,
DASS SEST713793488668115CM1563196815624189NBR328279320260428-1,OK,DASS SEST,137934,1304277,88668,ATAC. MR110022 7MM RECICLADO COR 4085/PET / COR 496/PET [caf4faa9-e74e-45dc-9286-6709844f7604],115CM,15631968,18,15624189NBR3282793,28/04/2026,27/07/2026,46,Ativo,,,901762,caf4faa9-e74e-45dc-9286-6709844f7604,NIKE,132711,,,
DASS SEST713793488668115CM1563196815624190NBR328279320260428-1,OK,DASS SEST,137934,1304277,88668,ATAC. MR110022 7MM RECICLADO COR 4085/PET / COR 496/PET [dc6a0f26-02a7-4810-803a-9ee37296a952],115CM,15631968,24,15624190NBR3282793,28/04/2026,27/07/2026,46,Ativo,,,901763,dc6a0f26-02a7-4810-803a-9ee37296a952,NIKE,132711,,,
DASS SEST713793488668115CM1563196815624191NBR328280820260428-1,OK,DASS SEST,137934,1304277,88668,ATAC. MR110022 7MM RECICLADO COR 4085/PET / COR 496/PET [7ba71ad7-6190-42fc-9307-0ecc05ad253b],115CM,15631968,18,15624191NBR3282808,28/04/2026,27/07/2026,46,Ativo,,,901764,7ba71ad7-6190-42fc-9307-0ecc05ad253b,NIKE,132711,,,
DASS SEST713793488668115CM1563196815624192NBR328280820260428-1,OK,DASS SEST,137934,1304277,88668,ATAC. MR110022 7MM RECICLADO COR 4085/PET / COR 496/PET [77e30613-ed9b-4233-8983-1365befe4e10],115CM,15631968,24,15624192NBR3282808,28/04/2026,27/07/2026,46,Ativo,,,901765,77e30613-ed9b-4233-8983-1365befe4e10,NIKE,132711,,,
DASS SEST713793488668115CM1563196815624196NBR328281320260428-1,OK,DASS SEST,137934,1304277,88668,ATAC. MR110022 7MM RECICLADO COR 4085/PET / COR 496/PET [3b0fafaa-dcf7-4ede-b78a-97e896cc78fb],115CM,15631968,18,15624196NBR3282813,28/04/2026,27/07/2026,46,Ativo,,,901766,3b0fafaa-dcf7-4ede-b78a-97e896cc78fb,NIKE,132711,,,
DASS SEST713793488668115CM1563196815624197NBR328281320260428-1,OK,DASS SEST,137934,1304277,88668,ATAC. MR110022 7MM RECICLADO COR 4085/PET / COR 496/PET [3a94c302-3e08-4777-a68e-790faaa97614],115CM,15631968,24,15624197NBR3282813,28/04/2026,27/07/2026,46,Ativo,,,901767,3a94c302-3e08-4777-a68e-790faaa97614,NIKE,132711,,,
DASS SEST713793492431110CM1563196815624217NBR328279520260428-1,OK,DASS SEST,137934,1362000,92431,ATAC. MR110022 7MM RECICLADO COR 4662/PET / COR 4758/PET [fd4e074c-6b00-421e-8886-ce70ce1fb7b9],110CM,15631968,938,15624217NBR3282795,28/04/2026,27/07/2026,46,Ativo,,,901768,fd4e074c-6b00-421e-8886-ce70ce1fb7b9,NIKE,132711,,,
DASS SEST713793492431110CM1563196815624218NBR328279520260428-1,OK,DASS SEST,137934,1362000,92431,ATAC. MR110022 7MM RECICLADO COR 4662/PET / COR 4758/PET [68a5ef91-ee57-4816-bf01-77162f7171f1],110CM,15631968,978,15624218NBR3282795,28/04/2026,27/07/2026,46,Ativo,,,901769,68a5ef91-ee57-4816-bf01-77162f7171f1,NIKE,132711,,,
DASS SEST713793492431110CM1563196815624219NBR328282320260428-1,OK,DASS SEST,137934,1362000,92431,ATAC. MR110022 7MM RECICLADO COR 4662/PET / COR 4758/PET [507fc284-b084-48da-9bb4-c9dba4deab05],110CM,15631968,938,15624219NBR3282823,28/04/2026,27/07/2026,46,Ativo,,,901770,507fc284-b084-48da-9bb4-c9dba4deab05,NIKE,132711,,,
DASS SEST713793492431110CM1563196815624220NBR328282320260428-1,OK,DASS SEST,137934,1362000,92431,ATAC. MR110022 7MM RECICLADO COR 4662/PET / COR 4758/PET [ed1c6d0a-e94f-4092-8325-646c728c46d2],110CM,15631968,984,15624220NBR3282823,28/04/2026,27/07/2026,46,Ativo,,,901771,ed1c6d0a-e94f-4092-8325-646c728c46d2,NIKE,132711,,,
DASS SEST713793492431115CM1563196815624217NBR328279520260428-1,OK,DASS SEST,137934,1362000,92431,ATAC. MR110022 7MM RECICLADO COR 4662/PET / COR 4758/PET [ae247d8a-8cdc-40b8-a228-7b4ed7ea619a],115CM,15631968,24,15624217NBR3282795,28/04/2026,27/07/2026,46,Ativo,,,901772,ae247d8a-8cdc-40b8-a228-7b4ed7ea619a,NIKE,132711,,,
DASS SEST713793492431115CM1563196815624219NBR328282320260428-1,OK,DASS SEST,137934,1362000,92431,ATAC. MR110022 7MM RECICLADO COR 4662/PET / COR 4758/PET [4c02c688-a2e4-456c-b119-9984143ef36f],115CM,15631968,24,15624219NBR3282823,28/04/2026,27/07/2026,46,Ativo,,,901773,4c02c688-a2e4-456c-b119-9984143ef36f,NIKE,132711,,,
DASS SEST713793494788110CM1563196815624230NBR328279420260428-1,OK,DASS SEST,137934,1413116,94788,ATAC. MR110022 7MM RECICLADO COR 6140/PET / COR 5687/PET [5098f748-4f64-4ac4-a83f-98a69e947926],110CM,15631968,1119,15624230NBR3282794,28/04/2026,27/07/2026,46,Ativo,,,901774,5098f748-4f64-4ac4-a83f-98a69e947926,NIKE,132711,,,
DASS SEST713793494788110CM1563196815624231NBR328279420260428-1,OK,DASS SEST,137934,1413116,94788,ATAC. MR110022 7MM RECICLADO COR 6140/PET / COR 5687/PET [1dd3c3a2-8640-42e9-ae75-3c72222125a5],110CM,15631968,1188,15624231NBR3282794,28/04/2026,27/07/2026,46,Ativo,,,901775,1dd3c3a2-8640-42e9-ae75-3c72222125a5,NIKE,132711,,,
DASS SEST713793494788110CM1563196815624232NBR328282220260428-1,OK,DASS SEST,137934,1413116,94788,ATAC. MR110022 7MM RECICLADO COR 6140/PET / COR 5687/PET [2704f63d-6f72-405a-9336-a58e71d48a25],110CM,15631968,1059,15624232NBR3282822,28/04/2026,27/07/2026,46,Ativo,,,901776,2704f63d-6f72-405a-9336-a58e71d48a25,NIKE,132711,,,
DASS SEST713793494788110CM1563196815624233NBR328282220260428-1,OK,DASS SEST,137934,1413116,94788,ATAC. MR110022 7MM RECICLADO COR 6140/PET / COR 5687/PET [11f1f8d5-0fea-460b-b087-b3133ebc5aed],110CM,15631968,1128,15624233NBR3282822,28/04/2026,27/07/2026,46,Ativo,,,901777,11f1f8d5-0fea-460b-b087-b3133ebc5aed,NIKE,132711,,,
DASS SEST713793494788115CM1563196815624230NBR328279420260428-1,OK,DASS SEST,137934,1413116,94788,ATAC. MR110022 7MM RECICLADO COR 6140/PET / COR 5687/PET [2ac43c1d-fac8-4d8b-860b-49c5c29598dc],115CM,15631968,12,15624230NBR3282794,28/04/2026,27/07/2026,46,Ativo,,,901778,2ac43c1d-fac8-4d8b-860b-49c5c29598dc,NIKE,132711,,,
DASS SEST713793494788115CM1563196815624231NBR328279420260428-1,OK,DASS SEST,137934,1413116,94788,ATAC. MR110022 7MM RECICLADO COR 6140/PET / COR 5687/PET [c68b70fb-c3a0-4d69-a177-638d21eb5ae4],115CM,15631968,24,15624231NBR3282794,28/04/2026,27/07/2026,46,Ativo,,,901779,c68b70fb-c3a0-4d69-a177-638d21eb5ae4,NIKE,132711,,,
DASS SEST713793494788115CM1563196815624232NBR328282220260428-1,OK,DASS SEST,137934,1413116,94788,ATAC. MR110022 7MM RECICLADO COR 6140/PET / COR 5687/PET [b33681ae-4452-49e0-8ccf-6cd02db69a8f],115CM,15631968,18,15624232NBR3282822,28/04/2026,27/07/2026,46,Ativo,,,901780,b33681ae-4452-49e0-8ccf-6cd02db69a8f,NIKE,132711,,,
DASS SEST713793494788115CM1563196815624233NBR328282220260428-1,OK,DASS SEST,137934,1413116,94788,ATAC. MR110022 7MM RECICLADO COR 6140/PET / COR 5687/PET [a6f530e0-22f2-46c0-b5de-2f8cb1ebad53],115CM,15631968,24,15624233NBR3282822,28/04/2026,27/07/2026,46,Ativo,,,901781,a6f530e0-22f2-46c0-b5de-2f8cb1ebad53,NIKE,132711,,,
DASS SEST713793495027110CM1563196815624208NBR328279820260428-1,OK,DASS SEST,137934,1408855,95027,ATAC. MR110022 7MM RECICLADO COR 4085/PET / COR 596/PET [bf35e73e-6333-44fe-bc82-b43753678df8],110CM,15631968,132,15624208NBR3282798,28/04/2026,27/07/2026,46,Ativo,,,901782,bf35e73e-6333-44fe-bc82-b43753678df8,NIKE,132711,,,
DASS SEST713793495027110CM1563196815624209NBR328279820260428-1,OK,DASS SEST,137934,1408855,95027,ATAC. MR110022 7MM RECICLADO COR 4085/PET / COR 596/PET [8765888b-824f-418e-b19b-a4df0e942109],110CM,15631968,138,15624209NBR3282798,28/04/2026,27/07/2026,46,Ativo,,,901783,8765888b-824f-418e-b19b-a4df0e942109,NIKE,132711,,,
DASS SEST713793495027110CM1563196815624210NBR328281420260428-1,OK,DASS SEST,137934,1408855,95027,ATAC. MR110022 7MM RECICLADO COR 4085/PET / COR 596/PET [8cdd6af2-dcc3-4a28-9189-a63959f3190e],110CM,15631968,132,15624210NBR3282814,28/04/2026,27/07/2026,46,Ativo,,,901784,8cdd6af2-dcc3-4a28-9189-a63959f3190e,NIKE,132711,,,
DASS SEST713793495027110CM1563196815624211NBR328281420260428-1,OK,DASS SEST,137934,1408855,95027,ATAC. MR110022 7MM RECICLADO COR 4085/PET / COR 596/PET [689bdcb1-a932-4697-acb3-681808654374],110CM,15631968,138,15624211NBR3282814,28/04/2026,27/07/2026,46,Ativo,,,901785,689bdcb1-a932-4697-acb3-681808654374,NIKE,132711,,,
DASS SEST713793495027110CM1563196815624214NBR328282620260428-1,OK,DASS SEST,137934,1408855,95027,ATAC. MR110022 7MM RECICLADO COR 4085/PET / COR 596/PET [bc9fa0fc-3f5c-425a-bb84-f6d5e77add75],110CM,15631968,132,15624214NBR3282826,28/04/2026,27/07/2026,46,Ativo,,,901786,bc9fa0fc-3f5c-425a-bb84-f6d5e77add75,NIKE,132711,,,
DASS SEST713793495027110CM1563196815624216NBR328282620260428-1,OK,DASS SEST,137934,1408855,95027,ATAC. MR110022 7MM RECICLADO COR 4085/PET / COR 596/PET [4604f985-4590-42c5-8328-0bb1a715ed43],110CM,15631968,138,15624216NBR3282826,28/04/2026,27/07/2026,46,Ativo,,,901787,4604f985-4590-42c5-8328-0bb1a715ed43,NIKE,132711,,,
DASS SEST713793495027115CM1563196815624208NBR328279820260428-1,OK,DASS SEST,137934,1408855,95027,ATAC. MR110022 7MM RECICLADO COR 4085/PET / COR 596/PET [482753a5-5bca-4110-8866-b092ca795912],115CM,15631968,572,15624208NBR3282798,28/04/2026,27/07/2026,46,Ativo,,,901788,482753a5-5bca-4110-8866-b092ca795912,NIKE,132711,,,
DASS SEST713793495027115CM1563196815624209NBR328279820260428-1,OK,DASS SEST,137934,1408855,95027,ATAC. MR110022 7MM RECICLADO COR 4085/PET / COR 596/PET [2854048b-f910-45c9-bb2d-cb31fa4dfd83],115CM,15631968,588,15624209NBR3282798,28/04/2026,27/07/2026,46,Ativo,,,901789,2854048b-f910-45c9-bb2d-cb31fa4dfd83,NIKE,132711,,,
DASS SEST713793495027115CM1563196815624210NBR328281420260428-1,OK,DASS SEST,137934,1408855,95027,ATAC. MR110022 7MM RECICLADO COR 4085/PET / COR 596/PET [44ba6865-f2c9-4548-9dd6-4e69dd236923],115CM,15631968,572,15624210NBR3282814,28/04/2026,27/07/2026,46,Ativo,,,901790,44ba6865-f2c9-4548-9dd6-4e69dd236923,NIKE,132711,,,
DASS SEST713793495027115CM1563196815624211NBR328281420260428-1,OK,DASS SEST,137934,1408855,95027,ATAC. MR110022 7MM RECICLADO COR 4085/PET / COR 596/PET [e770c495-5b54-4039-9fce-741b4b889d9d],115CM,15631968,588,15624211NBR3282814,28/04/2026,27/07/2026,46,Ativo,,,901791,e770c495-5b54-4039-9fce-741b4b889d9d,NIKE,132711,,,
DASS SEST713793495027115CM1563196815624214NBR328282620260428-1,OK,DASS SEST,137934,1408855,95027,ATAC. MR110022 7MM RECICLADO COR 4085/PET / COR 596/PET [5e7f22c4-8085-4c0f-95a2-0eb45f119700],115CM,15631968,566,15624214NBR3282826,28/04/2026,27/07/2026,46,Ativo,,,901792,5e7f22c4-8085-4c0f-95a2-0eb45f119700,NIKE,132711,,,
DASS SEST713793495027115CM1563196815624216NBR328282620260428-1,OK,DASS SEST,137934,1408855,95027,ATAC. MR110022 7MM RECICLADO COR 4085/PET / COR 596/PET [b9b252a2-830e-4432-854a-da624bb21fce],115CM,15631968,582,15624216NBR3282826,28/04/2026,27/07/2026,46,Ativo,,,901793,b9b252a2-830e-4432-854a-da624bb21fce,NIKE,132711,,,
DASS SEST713793495027120CM1563196815624208NBR328279820260428-1,OK,DASS SEST,137934,1408855,95027,ATAC. MR110022 7MM RECICLADO COR 4085/PET / COR 596/PET [026b75fb-7293-4ed6-b69a-63375f3e1985],120CM,15631968,144,15624208NBR3282798,28/04/2026,27/07/2026,46,Ativo,,,901794,026b75fb-7293-4ed6-b69a-63375f3e1985,NIKE,132711,,,
DASS SEST713793495027120CM1563196815624209NBR328279820260428-1,OK,DASS SEST,137934,1408855,95027,ATAC. MR110022 7MM RECICLADO COR 4085/PET / COR 596/PET [3eaacb54-50fb-4787-b0f7-7f6ccb0c944d],120CM,15631968,168,15624209NBR3282798,28/04/2026,27/07/2026,46,Ativo,,,901795,3eaacb54-50fb-4787-b0f7-7f6ccb0c944d,NIKE,132711,,,
DASS SEST713793495027120CM1563196815624210NBR328281420260428-1,OK,DASS SEST,137934,1408855,95027,ATAC. MR110022 7MM RECICLADO COR 4085/PET / COR 596/PET [f142a996-ff12-4d6d-a83e-3fd00b78504c],120CM,15631968,144,15624210NBR3282814,28/04/2026,27/07/2026,46,Ativo,,,901796,f142a996-ff12-4d6d-a83e-3fd00b78504c,NIKE,132711,,,
DASS SEST713793495027120CM1563196815624211NBR328281420260428-1,OK,DASS SEST,137934,1408855,95027,ATAC. MR110022 7MM RECICLADO COR 4085/PET / COR 596/PET [cbc09f37-2079-458b-bdec-96de97168f6e],120CM,15631968,168,15624211NBR3282814,28/04/2026,27/07/2026,46,Ativo,,,901797,cbc09f37-2079-458b-bdec-96de97168f6e,NIKE,132711,,,
DASS SEST713793495027120CM1563196815624214NBR328282620260428-1,OK,DASS SEST,137934,1408855,95027,ATAC. MR110022 7MM RECICLADO COR 4085/PET / COR 596/PET [31f617b3-e047-4001-a057-b5486f65b01f],120CM,15631968,144,15624214NBR3282826,28/04/2026,27/07/2026,46,Ativo,,,901798,31f617b3-e047-4001-a057-b5486f65b01f,NIKE,132711,,,
DASS SEST713793495027120CM1563196815624216NBR328282620260428-1,OK,DASS SEST,137934,1408855,95027,ATAC. MR110022 7MM RECICLADO COR 4085/PET / COR 596/PET [7e19295b-3079-4bda-861d-5d3f78f3fc1a],120CM,15631968,162,15624216NBR3282826,28/04/2026,27/07/2026,46,Ativo,,,901799,7e19295b-3079-4bda-861d-5d3f78f3fc1a,NIKE,132711,,,
DASS SEST71380827423715MM1564045920260430-1,OK,DASS SEST,138082,1181716,74237,FITA MR100001 C/ GOMA RECICLADO COR 4085/PET [c4e18a21-093d-45b9-baff-ef2d7d830172],15MM,15640459,540,0,30/04/2026,27/07/2026,46,Ativo,,,901800,c4e18a21-093d-45b9-baff-ef2d7d830172,NIKE,132893,,,
DASS SEST71380828871215MM1564045920260430-1,OK,DASS SEST,138082,1321457,88712,FITA MR100001 C/ GOMA RECICLADO COR 4252/PET [9f6b3ae4-16f2-49b2-8bba-25ce229f0496],15MM,15640459,270,0,30/04/2026,27/07/2026,46,Ativo,,,901801,9f6b3ae4-16f2-49b2-8bba-25ce229f0496,NIKE,132893,,,
DASS SEST71380827401410MM1564045920260430-1,OK,DASS SEST,138082,965421,74014,FITA MFGP C/ GOMA POLIESTER COR 4085 [420c7af4-634c-4ac8-ac0e-12c82fba4dba],10MM,15640459,320,0,30/04/2026,27/07/2026,46,Ativo,,,901802,420c7af4-634c-4ac8-ac0e-12c82fba4dba,NIKE,132893,,,
DASS SEST7139017701646MM1575587520260527-1,OK,DASS SEST,139017,1048885,70164,FITA MFGP C/ GOMA POLIESTER COR 100 [b3ad2e18-ac0e-4393-979b-db9310af1a05],6MM,15755875,170,0,27/05/2026,27/07/2026,46,Ativo,,,901803,b3ad2e18-ac0e-4393-979b-db9310af1a05,FILA,133720,,,
DASS SEST71390177016410MM1575587520260527-1,OK,DASS SEST,139017,998350,70164,FITA MFGP C/ GOMA POLIESTER COR 100 [d18399f4-6289-4d8a-adca-aab91ce81c48],10MM,15755875,230,0,27/05/2026,27/07/2026,46,Ativo,,,901804,d18399f4-6289-4d8a-adca-aab91ce81c48,FILA,133720,,,
DASS SEST7139017740308MM1575587520260527-1,OK,DASS SEST,139017,1104264,74030,FITA MFGP C/ GOMA POLIESTER COR 114 [a8152438-3e53-43e8-96d6-e78b18cb960a],8MM,15755875,60,0,27/05/2026,27/07/2026,46,Ativo,,,901805,a8152438-3e53-43e8-96d6-e78b18cb960a,FILA,133720,,,
DASS SEST7139017857896MM1575587520260527-1,OK,DASS SEST,139017,1265260,85789,FITA MFGP C/ GOMA POLIESTER COR 5508 [4a3eb8ff-9e8b-4eda-9322-7408adc71877],6MM,15755875,210,0,27/05/2026,27/07/2026,46,Ativo,,,901806,4a3eb8ff-9e8b-4eda-9322-7408adc71877,FILA,133720,,,
DASS SEST71390178578910MM1575587520260527-1,OK,DASS SEST,139017,1264051,85789,FITA MFGP C/ GOMA POLIESTER COR 5508 [56c72e4e-67bb-4302-91da-a8d0e2710e05],10MM,15755875,290,0,27/05/2026,27/07/2026,46,Ativo,,,901807,56c72e4e-67bb-4302-91da-a8d0e2710e05,FILA,133720,,,
DASS SEST71390178794616MM1575587520260527-1,OK,DASS SEST,139017,1316829,87946,FITA M31119 C/ GOMA POLIESTER COR 100/ COR 5535/ COR 102 [3698e1b6-6bf0-4f21-9f12-2cefb5996d42],16MM,15755875,280,0,27/05/2026,27/07/2026,46,Ativo,,,901808,3698e1b6-6bf0-4f21-9f12-2cefb5996d42,FILA,133720,,,
DASS SEST71390179102316MM1575587520260527-1,OK,DASS SEST,139017,1320254,91023,FITA M31119 C/ GOMA POLIESTER COR 114 / COR 100 / COR 100 [94e83548-3ebb-4f21-9757-97c19c0bc75a],16MM,15755875,340,0,27/05/2026,27/07/2026,46,Ativo,,,901809,94e83548-3ebb-4f21-9757-97c19c0bc75a,FILA,133720,,,
DASS SEST71390179140716MM1575587520260527-1,OK,DASS SEST,139017,1320158,91407,FITA M31119 C/ GOMA POLIESTER COR 324 / COR 5508 / COR 5508 [9f2d1cc2-fafe-427b-b5cd-52a005f99b05],16MM,15755875,100,0,27/05/2026,27/07/2026,46,Ativo,,,901810,9f2d1cc2-fafe-427b-b5cd-52a005f99b05,FILA,133720,,,
DASS SEST71390179282916MM1575587520260527-1,OK,DASS SEST,139017,1401202,92829,FITA M31119 C/ GOMA POLIESTER COR 6001 / COR 114 / COR 282 [e64cb29f-aebd-4895-9984-36ce635bf48e],16MM,15755875,260,0,27/05/2026,27/07/2026,46,Ativo,,,901811,e64cb29f-aebd-4895-9984-36ce635bf48e,FILA,133720,,,
DASS SEST71390179296316MM1575587520260527-1,OK,DASS SEST,139017,1353470,92963,FITA M31119 C/ GOMA POLIESTER COR 102 / COR 100 / COR 100 [3de8de69-1e95-46b4-87f4-2588923fe95e],16MM,15755875,760,0,27/05/2026,27/07/2026,46,Ativo,,,901812,3de8de69-1e95-46b4-87f4-2588923fe95e,FILA,133720,,,
DASS SEST71390179514616MM1575587520260527-1,OK,DASS SEST,139017,1400623,95146,FITA M31119 C/ GOMA POLIESTER COR 447 / COR 114 / COR 114 [f897fb52-b06c-47ba-8bff-1111761425bd],16MM,15755875,230,0,27/05/2026,27/07/2026,46,Ativo,,,901813,f897fb52-b06c-47ba-8bff-1111761425bd,FILA,133720,,,
DASS SEST71390179517616MM1575587520260527-1,OK,DASS SEST,139017,1320199,95176,FITA M31119 C/ GOMA POLIESTER COR 053 / COR 114 / COR 114 [6d4175f4-3604-4c95-96bb-6b7b6c85cc0b],16MM,15755875,440,0,27/05/2026,27/07/2026,46,Ativo,,,901814,6d4175f4-3604-4c95-96bb-6b7b6c85cc0b,FILA,133720,,,
DASS SEST71390179530116MM1575587520260527-1,OK,DASS SEST,139017,1416908,95301,FITA M31119 C/ GOMA POLIESTER COR 6038 / COR 5508 / COR 5508 [401c8a72-42aa-4714-aa67-37f1f7d95795],16MM,15755875,320,0,27/05/2026,27/07/2026,46,Ativo,,,901815,401c8a72-42aa-4714-aa67-37f1f7d95795,FILA,133720,,,
DASS SEST71390179530216MM1575587520260527-1,OK,DASS SEST,139017,1416741,95302,FITA M31119 C/ GOMA POLIESTER COR 102 / COR 5508 / COR 5508 [d202a108-835f-4965-950c-f4ef5887786e],16MM,15755875,380,0,27/05/2026,27/07/2026,46,Ativo,,,901816,d202a108-835f-4965-950c-f4ef5887786e,FILA,133720,,,
DASS SEST71390179548716MM1575587520260527-1,OK,DASS SEST,139017,1353472,95487,FITA M31119 C/ GOMA POLIESTER COR 5703 / COR 114 / COR 114 [43874d40-3249-4903-9942-c4fe015909e0],16MM,15755875,230,0,27/05/2026,27/07/2026,46,Ativo,,,901817,43874d40-3249-4903-9942-c4fe015909e0,FILA,133720,,,
DASS SEST713901895488125CM1575590215743131BR314689-A20260527-1,OK,DASS SEST,139018,1423776,95488,ATAC. M60132 ALPINA COR 2000 [96ac62a3-fa61-4a3b-9e56-a92d2b702781],125CM,15755902,372,15743131BR314689-A,27/05/2026,27/07/2026,46,Ativo,,,901818,96ac62a3-fa61-4a3b-9e56-a92d2b702781,FILA,133721,,,
DASS SEST713901895488125CM1575590215743132BR314689-B20260527-1,OK,DASS SEST,139018,1423776,95488,ATAC. M60132 ALPINA COR 2000 [04fbd4e1-a5c4-4029-aee9-6dfb0aa86c31],125CM,15755902,396,15743132BR314689-B,27/05/2026,27/07/2026,46,Ativo,,,901819,04fbd4e1-a5c4-4029-aee9-6dfb0aa86c31,FILA,133721,,,
DASS SEST713901895488135CM1575590215743131BR314689-A20260527-1,OK,DASS SEST,139018,1423776,95488,ATAC. M60132 ALPINA COR 2000 [4afe166f-f386-4350-9c21-893e9c8f5e3e],135CM,15755902,420,15743131BR314689-A,27/05/2026,27/07/2026,46,Ativo,,,901820,4afe166f-f386-4350-9c21-893e9c8f5e3e,FILA,133721,,,
DASS SEST713901895488135CM1575590215743132BR314689-B20260527-1,OK,DASS SEST,139018,1423776,95488,ATAC. M60132 ALPINA COR 2000 [06abc636-8fc8-4871-9c8b-b52f48866a32],135CM,15755902,456,15743132BR314689-B,27/05/2026,27/07/2026,46,Ativo,,,901821,06abc636-8fc8-4871-9c8b-b52f48866a32,FILA,133721,,,
DASS SEST713901895490135CM1575590215743137BR31467120260527-1,OK,DASS SEST,139018,1423777,95490,ATAC. M60132 ALPINA COR 2001 [f0714afb-7b47-444c-bae6-fcf89021d3d8],135CM,15755902,624,15743137BR314671,27/05/2026,27/07/2026,46,Ativo,,,901822,f0714afb-7b47-444c-bae6-fcf89021d3d8,FILA,133721,,,
DASS SEST713901895490145CM1575590215743137BR31467120260527-1,OK,DASS SEST,139018,1423777,95490,ATAC. M60132 ALPINA COR 2001 [5145cb54-6118-437d-9eca-6df40135cd3e],145CM,15755902,528,15743137BR314671,27/05/2026,27/07/2026,46,Ativo,,,901823,5145cb54-6118-437d-9eca-6df40135cd3e,FILA,133721,,,
DASS SEST71390618373810MM1575861620260528-1,OK,DASS SEST,139061,1200761,83738,FITA M32164 C/ GOMA POLIESTER COR 533 [ab4f6906-9275-4de3-9dad-4f4cc2f4db49],10MM,15758616,870,0,28/05/2026,27/07/2026,46,Ativo,,,901824,ab4f6906-9275-4de3-9dad-4f4cc2f4db49,NIKE,133772,,,
DASS SEST71391317423715MM1576469520260529-1,OK,DASS SEST,139131,1181716,74237,FITA MR100001 C/ GOMA RECICLADO COR 4085/PET [1b378954-1371-4be7-be23-65351d6ab5c9],15MM,15764695,720,0,29/05/2026,27/07/2026,46,Ativo,,,901825,1b378954-1371-4be7-be23-65351d6ab5c9,NIKE,133839,,,
DASS SEST71391318262515MM1576469520260529-1,OK,DASS SEST,139131,1194659,82625,FITA MR100001 C/ GOMA RECICLADO COR 4593/PET [aa858730-2b3f-4858-a6d5-37023a048149],15MM,15764695,2410,0,29/05/2026,27/07/2026,46,Ativo,,,901826,aa858730-2b3f-4858-a6d5-37023a048149,NIKE,133839,,,
DASS SEST71392788494418MM1577521420260602-1,OK,DASS SEST,139278,1233815,84944,FITA MR100038 C/ GOMA RECICLADO COR 5469/PET / COR 5469/B [65283400-930c-4038-bf8c-202117e3b1a7],18MM,15775214,180,0,02/06/2026,27/07/2026,46,Ativo,,,901827,65283400-930c-4038-bf8c-202117e3b1a7,NIKE,133898,,,
DASS SEST71392969570618MM1577521420260602-1,NÃO,DASS SEST,139296,1359543,95706,FITA MR100038 C/ GOMA RECICLADO COR 057/PET / COR 5911/B [e969cb38-b3ff-49e7-be5e-86b7b2930835],18MM,15775214,380,0,02/06/2026,27/07/2026,46,Ativo,,,901828,e969cb38-b3ff-49e7-be5e-86b7b2930835,NIKE,133933,,,
DASS SEST7139303713768MM1577775320260602-1,OK,DASS SEST,139303,112354,71376,FITA MFGP C/ GOMA POLIESTER COR 102 [a0d881eb-7c1a-4204-82a0-7c6b80c31c0c],8MM,15777753,140,0,02/06/2026,27/07/2026,46,Ativo,,,901829,a0d881eb-7c1a-4204-82a0-7c6b80c31c0c,FILA,133939,,,
DASS SEST71393037137610MM1577775320260602-1,OK,DASS SEST,139303,816595,71376,FITA MFGP C/ GOMA POLIESTER COR 102 [843bcb6a-a35a-4f10-b277-de70689f4570],10MM,15777753,90,0,02/06/2026,27/07/2026,46,Ativo,,,901830,843bcb6a-a35a-4f10-b277-de70689f4570,FILA,133939,,,
DASS SEST7139303858548MM1577775320260602-1,OK,DASS SEST,139303,1269691,85854,FITA MFGP C/ GOMA POLIESTER COR 4039 [b0630160-7eee-4e33-8914-a7fcfe46cdd2],8MM,15777753,120,0,02/06/2026,27/07/2026,46,Ativo,,,901831,b0630160-7eee-4e33-8914-a7fcfe46cdd2,FILA,133939,,,
DASS SEST71393038585410MM1577775320260602-1,OK,DASS SEST,139303,1397607,85854,FITA MFGP C/ GOMA POLIESTER COR 4039 [09cb002f-f86f-469a-87ea-0b6e0b9b211b],10MM,15777753,70,0,02/06/2026,27/07/2026,46,Ativo,,,901832,09cb002f-f86f-469a-87ea-0b6e0b9b211b,FILA,133939,,,
DASS SEST7139303875208MM1577775320260602-1,OK,DASS SEST,139303,1316853,87520,FITA MFGP C/ GOMA POLIESTER COR 324 [b6cb46a0-7279-4b7a-bd69-b88b5936a8ba],8MM,15777753,160,0,02/06/2026,27/07/2026,46,Ativo,,,901833,b6cb46a0-7279-4b7a-bd69-b88b5936a8ba,FILA,133939,,,
DASS SEST7139303923008MM1577775320260602-1,OK,DASS SEST,139303,1406202,92300,FITA MFGP C/ GOMA POLIESTER COR 788 [5c056267-d781-47a7-bc56-afe62f7ee353],8MM,15777753,100,0,02/06/2026,27/07/2026,46,Ativo,,,901834,5c056267-d781-47a7-bc56-afe62f7ee353,FILA,133939,,,
DASS SEST71393038826616MM1577775320260602-1,OK,DASS SEST,139303,1324891,88266,FITA M31119 C/ GOMA POLIESTER COR 075/ COR 100/ COR 102 [1e83fa6f-c8fb-448b-b03e-8a89c2760e78],16MM,15777753,170,0,02/06/2026,27/07/2026,46,Ativo,,,901835,1e83fa6f-c8fb-448b-b03e-8a89c2760e78,FILA,133939,,,
DASS SEST71393038910016MM1577775320260602-1,OK,DASS SEST,139303,1294763,89100,FITA M31119 C/ GOMA POLIESTER COR 102 / COR 5535 / COR 5535 [03bfc74c-d320-4740-b41a-e553a5eac403],16MM,15777753,300,0,02/06/2026,27/07/2026,46,Ativo,,,901836,03bfc74c-d320-4740-b41a-e553a5eac403,FILA,133939,,,
DASS SEST71393039530016MM1577775320260602-1,OK,DASS SEST,139303,1416744,95300,FITA M31119 C/ GOMA POLIESTER COR 814 / COR 100 / COR 100 [69af8e64-cf23-442b-a06a-466dd9438f84],16MM,15777753,280,0,02/06/2026,27/07/2026,46,Ativo,,,901837,69af8e64-cf23-442b-a06a-466dd9438f84,FILA,133939,,,
DASS SEST71393039571216MM1577775320260602-1,OK,DASS SEST,139303,1406222,95712,FITA M31119 C/ GOMA POLIESTER COR 788 / COR 599 / COR 599 [1ae0b151-1a5a-435d-beb1-b8a79b2caf28],16MM,15777753,110,0,02/06/2026,27/07/2026,46,Ativo,,,901838,1ae0b151-1a5a-435d-beb1-b8a79b2caf28,FILA,133939,,,
DASS SEST71372898697895CM1554204015538731NBR328269120260410-1,OK,DASS SEST,137289,1299257,86978,ATAC. MR130027 6MM RECICLADO COR 4085/PET [d07e7960-e47f-4a9f-98b4-dfb8afa92f1d],95CM,15542040,396,15538731NBR3282691,10/04/2026,03/08/2026,53,Ativo,,,901839,d07e7960-e47f-4a9f-98b4-dfb8afa92f1d,NIKE,132095,,,
DASS SEST71372898697895CM1554204015538734NBR328269120260410-1,OK,DASS SEST,137289,1299257,86978,ATAC. MR130027 6MM RECICLADO COR 4085/PET [f8e5a1c2-7c54-447a-a13b-c1d2623bac28],95CM,15542040,372,15538734NBR3282691,10/04/2026,03/08/2026,53,Ativo,,,901840,f8e5a1c2-7c54-447a-a13b-c1d2623bac28,NIKE,132095,,,
DASS SEST71372898697895CM1554204015538735NBR328269120260410-1,OK,DASS SEST,137289,1299257,86978,ATAC. MR130027 6MM RECICLADO COR 4085/PET [1cf8ad08-fe76-48de-beb9-bcf4457f4879],95CM,15542040,414,15538735NBR3282691,10/04/2026,03/08/2026,53,Ativo,,,901841,1cf8ad08-fe76-48de-beb9-bcf4457f4879,NIKE,132095,,,
DASS SEST713728986978100CM1554204015538731NBR328269120260410-1,OK,DASS SEST,137289,1299257,86978,ATAC. MR130027 6MM RECICLADO COR 4085/PET [936c89a0-3f1e-4a14-bb66-8593d1521403],100CM,15542040,495,15538731NBR3282691,10/04/2026,03/08/2026,53,Ativo,,,901842,936c89a0-3f1e-4a14-bb66-8593d1521403,NIKE,132095,,,
DASS SEST713728986978100CM1554204015538734NBR328269120260410-1,OK,DASS SEST,137289,1299257,86978,ATAC. MR130027 6MM RECICLADO COR 4085/PET [a5b7f8fa-0e30-4481-937a-7c7cbcb94d81],100CM,15542040,480,15538734NBR3282691,10/04/2026,03/08/2026,53,Ativo,,,901843,a5b7f8fa-0e30-4481-937a-7c7cbcb94d81,NIKE,132095,,,
DASS SEST713728986978100CM1554204015538735NBR328269120260410-1,OK,DASS SEST,137289,1299257,86978,ATAC. MR130027 6MM RECICLADO COR 4085/PET [3c608d36-b62c-4b24-a241-de79eb08b07f],100CM,15542040,516,15538735NBR3282691,10/04/2026,03/08/2026,53,Ativo,,,901844,3c608d36-b62c-4b24-a241-de79eb08b07f,NIKE,132095,,,
DASS SEST713728986978105CM1554204015538731NBR328269120260410-1,OK,DASS SEST,137289,1299257,86978,ATAC. MR130027 6MM RECICLADO COR 4085/PET [fa80935d-4df5-451c-88dc-49ec59806342],105CM,15542040,60,15538731NBR3282691,10/04/2026,03/08/2026,53,Ativo,,,901845,fa80935d-4df5-451c-88dc-49ec59806342,NIKE,132095,,,
DASS SEST713728986978105CM1554204015538734NBR328269120260410-1,OK,DASS SEST,137289,1299257,86978,ATAC. MR130027 6MM RECICLADO COR 4085/PET [cba69ffc-d4df-4258-8001-1959591bca5e],105CM,15542040,60,15538734NBR3282691,10/04/2026,03/08/2026,53,Ativo,,,901846,cba69ffc-d4df-4258-8001-1959591bca5e,NIKE,132095,,,
DASS SEST713728986978105CM1554204015538735NBR328269120260410-1,OK,DASS SEST,137289,1299257,86978,ATAC. MR130027 6MM RECICLADO COR 4085/PET [6b8c12ed-5fa4-40dc-a3d4-c738d57bf8df],105CM,15542040,60,15538735NBR3282691,10/04/2026,03/08/2026,53,Ativo,,,901847,6b8c12ed-5fa4-40dc-a3d4-c738d57bf8df,NIKE,132095,,,
DASS SEST713728995028100CM1554204015538743NBR328267920260410-1,OK,DASS SEST,137289,1410668,95028,ATAC. MR130027 6MM RECICLADO COR 5422/PET [f2e02632-1d92-4ca2-9251-f55b4c54fcac],100CM,15542040,192,15538743NBR3282679,10/04/2026,03/08/2026,53,Ativo,,,901848,f2e02632-1d92-4ca2-9251-f55b4c54fcac,NIKE,132095,,,
DASS SEST713728995028100CM1554204015538744NBR328267920260410-1,OK,DASS SEST,137289,1410668,95028,ATAC. MR130027 6MM RECICLADO COR 5422/PET [7911d836-de5a-486d-a98f-3ef9c4bbe910],100CM,15542040,168,15538744NBR3282679,10/04/2026,03/08/2026,53,Ativo,,,901849,7911d836-de5a-486d-a98f-3ef9c4bbe910,NIKE,132095,,,
DASS SEST713728995028100CM1554204015538745NBR328267920260410-1,OK,DASS SEST,137289,1410668,95028,ATAC. MR130027 6MM RECICLADO COR 5422/PET [3e198a3e-ab13-4ab1-a72f-adf13a68f05b],100CM,15542040,216,15538745NBR3282679,10/04/2026,03/08/2026,53,Ativo,,,901850,3e198a3e-ab13-4ab1-a72f-adf13a68f05b,NIKE,132095,,,
DASS SEST713728995028105CM1554204015538743NBR328267920260410-1,OK,DASS SEST,137289,1410668,95028,ATAC. MR130027 6MM RECICLADO COR 5422/PET [3a819e12-6882-41d4-bca5-7834c7fd0651],105CM,15542040,795,15538743NBR3282679,10/04/2026,03/08/2026,53,Ativo,,,901851,3a819e12-6882-41d4-bca5-7834c7fd0651,NIKE,132095,,,
DASS SEST713728995028105CM1554204015538744NBR328267920260410-1,OK,DASS SEST,137289,1410668,95028,ATAC. MR130027 6MM RECICLADO COR 5422/PET [f20f571d-5388-4603-a664-80bd327cad77],105CM,15542040,576,15538744NBR3282679,10/04/2026,03/08/2026,53,Ativo,,,901852,f20f571d-5388-4603-a664-80bd327cad77,NIKE,132095,,,
DASS SEST713728995028105CM1554204015538745NBR328267920260410-1,OK,DASS SEST,137289,1410668,95028,ATAC. MR130027 6MM RECICLADO COR 5422/PET [7cecbaee-45b5-48bc-96c9-274f8e282292],105CM,15542040,402,15538745NBR3282679,10/04/2026,03/08/2026,53,Ativo,,,901853,7cecbaee-45b5-48bc-96c9-274f8e282292,NIKE,132095,,,
DASS SEST713728995028110CM1554204015538743NBR328267920260410-1,OK,DASS SEST,137289,1410668,95028,ATAC. MR130027 6MM RECICLADO COR 5422/PET [c270a7b7-5f96-4dc3-a2bd-32487238469e],110CM,15542040,168,15538743NBR3282679,10/04/2026,03/08/2026,53,Ativo,,,901854,c270a7b7-5f96-4dc3-a2bd-32487238469e,NIKE,132095,,,
DASS SEST713728995028110CM1554204015538744NBR328267920260410-1,OK,DASS SEST,137289,1410668,95028,ATAC. MR130027 6MM RECICLADO COR 5422/PET [1100d530-7e48-4d74-868f-a04f7bfa31e3],110CM,15542040,156,15538744NBR3282679,10/04/2026,03/08/2026,53,Ativo,,,901855,1100d530-7e48-4d74-868f-a04f7bfa31e3,NIKE,132095,,,
DASS SEST713728995028110CM1554204015538745NBR328267920260410-1,OK,DASS SEST,137289,1410668,95028,ATAC. MR130027 6MM RECICLADO COR 5422/PET [3687b275-fc9b-423d-9a35-71fb834fde8f],110CM,15542040,192,15538745NBR3282679,10/04/2026,03/08/2026,53,Ativo,,,901856,3687b275-fc9b-423d-9a35-71fb834fde8f,NIKE,132095,,,
DASS SEST71379357655590CM1563208815625162NBR328268020260428-1,OK,DASS SEST,137935,1070873,76555,ATAC. MR130011 5MM RECICLADO COR 4085 [5fa6ea4d-8b59-4060-bee0-8e64044de7cc],90CM,15632088,998,15625162NBR3282680,28/04/2026,03/08/2026,53,Ativo,,,901857,5fa6ea4d-8b59-4060-bee0-8e64044de7cc,NIKE,132712,,,
DASS SEST71379357655595CM1563208815625162NBR328268020260428-1,OK,DASS SEST,137935,1070873,76555,ATAC. MR130011 5MM RECICLADO COR 4085 [b9ab5bca-3eb3-4a54-8f1e-e3c08c922595],95CM,15632088,336,15625162NBR3282680,28/04/2026,03/08/2026,53,Ativo,,,901858,b9ab5bca-3eb3-4a54-8f1e-e3c08c922595,NIKE,132712,,,
DASS SEST713793592568115CM1563208815625151NBR328277420260428-1,OK,DASS SEST,137935,1027849,92568,ATAC. MR110012 8MM RECICLADO COR 4085/PET [f14b2660-762b-491b-b90a-9c4fc3d2e7b4],115CM,15632088,222,15625151NBR3282774,28/04/2026,03/08/2026,53,Ativo,,,901859,f14b2660-762b-491b-b90a-9c4fc3d2e7b4,NIKE,132712,,,
DASS SEST713793592568115CM1563208815625152NBR328277420260428-1,OK,DASS SEST,137935,1027849,92568,ATAC. MR110012 8MM RECICLADO COR 4085/PET [213df001-6c37-4b2a-8911-b099a31d0c3f],115CM,15632088,234,15625152NBR3282774,28/04/2026,03/08/2026,53,Ativo,,,901860,213df001-6c37-4b2a-8911-b099a31d0c3f,NIKE,132712,,,
DASS SEST713793592568115CM1563208815625154NBR328278920260428-1,OK,DASS SEST,137935,1027849,92568,ATAC. MR110012 8MM RECICLADO COR 4085/PET [5aa12201-4aab-4548-8086-27feae1f7d86],115CM,15632088,222,15625154NBR3282789,28/04/2026,03/08/2026,53,Ativo,,,901861,5aa12201-4aab-4548-8086-27feae1f7d86,NIKE,132712,,,
DASS SEST713793592568115CM1563208815625155NBR328278920260428-1,OK,DASS SEST,137935,1027849,92568,ATAC. MR110012 8MM RECICLADO COR 4085/PET [2d3ce82f-8ac2-46d2-9431-b5f5deaa2524],115CM,15632088,192,15625155NBR3282789,28/04/2026,03/08/2026,53,Ativo,,,901862,2d3ce82f-8ac2-46d2-9431-b5f5deaa2524,NIKE,132712,,,
DASS SEST713793592568115CM1563208815625156NBR328278920260428-1,OK,DASS SEST,137935,1027849,92568,ATAC. MR110012 8MM RECICLADO COR 4085/PET [4861b3ae-6e22-454c-90de-4ae4c97fb859],115CM,15632088,222,15625156NBR3282789,28/04/2026,03/08/2026,53,Ativo,,,901863,4861b3ae-6e22-454c-90de-4ae4c97fb859,NIKE,132712,,,
DASS SEST713793592568120CM1563208815625151NBR328277420260428-1,OK,DASS SEST,137935,1027849,92568,ATAC. MR110012 8MM RECICLADO COR 4085/PET [f8eb189d-9fb1-471c-aa12-705989bb41fe],120CM,15632088,843,15625151NBR3282774,28/04/2026,03/08/2026,53,Ativo,,,901864,f8eb189d-9fb1-471c-aa12-705989bb41fe,NIKE,132712,,,
DASS SEST713793592568120CM1563208815625152NBR328277420260428-1,OK,DASS SEST,137935,1027849,92568,ATAC. MR110012 8MM RECICLADO COR 4085/PET [4e6c3713-c00c-4e04-9722-1ff29febcf83],120CM,15632088,864,15625152NBR3282774,28/04/2026,03/08/2026,53,Ativo,,,901865,4e6c3713-c00c-4e04-9722-1ff29febcf83,NIKE,132712,,,
DASS SEST713793592568120CM1563208815625154NBR328278920260428-1,OK,DASS SEST,137935,1027849,92568,ATAC. MR110012 8MM RECICLADO COR 4085/PET [18d622c0-6a0c-4af8-a44e-587ce0a86d4d],120CM,15632088,777,15625154NBR3282789,28/04/2026,03/08/2026,53,Ativo,,,901866,18d622c0-6a0c-4af8-a44e-587ce0a86d4d,NIKE,132712,,,
DASS SEST713793592568120CM1563208815625155NBR328278920260428-1,OK,DASS SEST,137935,1027849,92568,ATAC. MR110012 8MM RECICLADO COR 4085/PET [a2c8f819-8c38-4d61-bd0e-e6aa7b8b6e44],120CM,15632088,732,15625155NBR3282789,28/04/2026,03/08/2026,53,Ativo,,,901867,a2c8f819-8c38-4d61-bd0e-e6aa7b8b6e44,NIKE,132712,,,
DASS SEST713793592568120CM1563208815625156NBR328278920260428-1,OK,DASS SEST,137935,1027849,92568,ATAC. MR110012 8MM RECICLADO COR 4085/PET [41d15f3d-77d8-4c45-bf4d-3077232e6dba],120CM,15632088,786,15625156NBR3282789,28/04/2026,03/08/2026,53,Ativo,,,901868,41d15f3d-77d8-4c45-bf4d-3077232e6dba,NIKE,132712,,,
DASS SEST713793588668110CM1563208815625163NBR328279720260428-1,OK,DASS SEST,137935,1304277,88668,ATAC. MR110022 7MM RECICLADO COR 4085/PET / COR 496/PET [21525e15-4ba2-47e1-9a43-76291827be7f],110CM,15632088,156,15625163NBR3282797,28/04/2026,03/08/2026,53,Ativo,,,901869,21525e15-4ba2-47e1-9a43-76291827be7f,NIKE,132712,,,
DASS SEST713793588668110CM1563208815625164NBR328279720260428-1,OK,DASS SEST,137935,1304277,88668,ATAC. MR110022 7MM RECICLADO COR 4085/PET / COR 496/PET [7243db1b-10b9-44f8-a0c9-a8a5fc900798],110CM,15632088,174,15625164NBR3282797,28/04/2026,03/08/2026,53,Ativo,,,901870,7243db1b-10b9-44f8-a0c9-a8a5fc900798,NIKE,132712,,,
DASS SEST713793588668110CM1563208815625165NBR328281220260428-1,OK,DASS SEST,137935,1304277,88668,ATAC. MR110022 7MM RECICLADO COR 4085/PET / COR 496/PET [d9add914-e120-497f-9311-c97302b63aa9],110CM,15632088,276,15625165NBR3282812,28/04/2026,03/08/2026,53,Ativo,,,901871,d9add914-e120-497f-9311-c97302b63aa9,NIKE,132712,,,
DASS SEST713793588668110CM1563208815625166NBR328281220260428-1,OK,DASS SEST,137935,1304277,88668,ATAC. MR110022 7MM RECICLADO COR 4085/PET / COR 496/PET [1dabe42c-c46a-4d5f-9c11-361cc76fecb3],110CM,15632088,294,15625166NBR3282812,28/04/2026,03/08/2026,53,Ativo,,,901872,1dabe42c-c46a-4d5f-9c11-361cc76fecb3,NIKE,132712,,,
DASS SEST713793588668110CM1563208815625167NBR328282520260428-1,OK,DASS SEST,137935,1304277,88668,ATAC. MR110022 7MM RECICLADO COR 4085/PET / COR 496/PET [5d99f11d-d90e-4139-9c43-a211b624e99f],110CM,15632088,156,15625167NBR3282825,28/04/2026,03/08/2026,53,Ativo,,,901873,5d99f11d-d90e-4139-9c43-a211b624e99f,NIKE,132712,,,
DASS SEST713793588668110CM1563208815625168NBR328282520260428-1,OK,DASS SEST,137935,1304277,88668,ATAC. MR110022 7MM RECICLADO COR 4085/PET / COR 496/PET [4cdca44c-c3d1-4114-ab2d-4c71f8d65c4d],110CM,15632088,174,15625168NBR3282825,28/04/2026,03/08/2026,53,Ativo,,,901874,4cdca44c-c3d1-4114-ab2d-4c71f8d65c4d,NIKE,132712,,,
DASS SEST713793588668115CM1563208815625163NBR328279720260428-1,OK,DASS SEST,137935,1304277,88668,ATAC. MR110022 7MM RECICLADO COR 4085/PET / COR 496/PET [80be45e9-aaa9-4506-a29f-d40da36cd34e],115CM,15632088,669,15625163NBR3282797,28/04/2026,03/08/2026,53,Ativo,,,901875,80be45e9-aaa9-4506-a29f-d40da36cd34e,NIKE,132712,,,
DASS SEST713793588668115CM1563208815625164NBR328279720260428-1,OK,DASS SEST,137935,1304277,88668,ATAC. MR110022 7MM RECICLADO COR 4085/PET / COR 496/PET [2516574c-bca6-476d-84d7-4a18e80f5d1d],115CM,15632088,672,15625164NBR3282797,28/04/2026,03/08/2026,53,Ativo,,,901876,2516574c-bca6-476d-84d7-4a18e80f5d1d,NIKE,132712,,,
DASS SEST713793588668115CM1563208815625165NBR328281220260428-1,OK,DASS SEST,137935,1304277,88668,ATAC. MR110022 7MM RECICLADO COR 4085/PET / COR 496/PET [00ed5372-01b2-4220-9831-adb176f66273],115CM,15632088,807,15625165NBR3282812,28/04/2026,03/08/2026,53,Ativo,,,901877,00ed5372-01b2-4220-9831-adb176f66273,NIKE,132712,,,
DASS SEST713793588668115CM1563208815625166NBR328281220260428-1,OK,DASS SEST,137935,1304277,88668,ATAC. MR110022 7MM RECICLADO COR 4085/PET / COR 496/PET [5ef986d5-5797-41aa-ad44-146a2b2edbbc],115CM,15632088,804,15625166NBR3282812,28/04/2026,03/08/2026,53,Ativo,,,901878,5ef986d5-5797-41aa-ad44-146a2b2edbbc,NIKE,132712,,,
DASS SEST713793588668115CM1563208815625167NBR328282520260428-1,OK,DASS SEST,137935,1304277,88668,ATAC. MR110022 7MM RECICLADO COR 4085/PET / COR 496/PET [061a4a2f-cd16-4135-ae89-dff020ce4bfd],115CM,15632088,669,15625167NBR3282825,28/04/2026,03/08/2026,53,Ativo,,,901879,061a4a2f-cd16-4135-ae89-dff020ce4bfd,NIKE,132712,,,
DASS SEST713793588668115CM1563208815625168NBR328282520260428-1,OK,DASS SEST,137935,1304277,88668,ATAC. MR110022 7MM RECICLADO COR 4085/PET / COR 496/PET [b2a3c93e-0b46-4a96-bd30-ab4e59c81270],115CM,15632088,672,15625168NBR3282825,28/04/2026,03/08/2026,53,Ativo,,,901880,b2a3c93e-0b46-4a96-bd30-ab4e59c81270,NIKE,132712,,,
DASS SEST713793588668120CM1563208815625163NBR328279720260428-1,OK,DASS SEST,137935,1304277,88668,ATAC. MR110022 7MM RECICLADO COR 4085/PET / COR 496/PET [36149e97-1b64-4c85-94c4-2c21dacdeaa7],120CM,15632088,216,15625163NBR3282797,28/04/2026,03/08/2026,53,Ativo,,,901881,36149e97-1b64-4c85-94c4-2c21dacdeaa7,NIKE,132712,,,
DASS SEST713793588668120CM1563208815625164NBR328279720260428-1,OK,DASS SEST,137935,1304277,88668,ATAC. MR110022 7MM RECICLADO COR 4085/PET / COR 496/PET [ef3aa8ac-8b3f-43d9-97e1-26de05bd900b],120CM,15632088,228,15625164NBR3282797,28/04/2026,03/08/2026,53,Ativo,,,901882,ef3aa8ac-8b3f-43d9-97e1-26de05bd900b,NIKE,132712,,,
DASS SEST713793588668120CM1563208815625165NBR328281220260428-1,OK,DASS SEST,137935,1304277,88668,ATAC. MR110022 7MM RECICLADO COR 4085/PET / COR 496/PET [8b9f8535-899e-4f31-b3ae-38a6c02dd3c0],120CM,15632088,156,15625165NBR3282812,28/04/2026,03/08/2026,53,Ativo,,,901883,8b9f8535-899e-4f31-b3ae-38a6c02dd3c0,NIKE,132712,,,
DASS SEST713793588668120CM1563208815625166NBR328281220260428-1,OK,DASS SEST,137935,1304277,88668,ATAC. MR110022 7MM RECICLADO COR 4085/PET / COR 496/PET [9968995b-abe2-4632-b57c-3daa553fdfa9],120CM,15632088,174,15625166NBR3282812,28/04/2026,03/08/2026,53,Ativo,,,901884,9968995b-abe2-4632-b57c-3daa553fdfa9,NIKE,132712,,,
DASS SEST713793588668120CM1563208815625167NBR328282520260428-1,OK,DASS SEST,137935,1304277,88668,ATAC. MR110022 7MM RECICLADO COR 4085/PET / COR 496/PET [b45d6236-fce1-4cf2-a7d8-ae892f6fbe22],120CM,15632088,216,15625167NBR3282825,28/04/2026,03/08/2026,53,Ativo,,,901885,b45d6236-fce1-4cf2-a7d8-ae892f6fbe22,NIKE,132712,,,
DASS SEST713793588668120CM1563208815625168NBR328282520260428-1,OK,DASS SEST,137935,1304277,88668,ATAC. MR110022 7MM RECICLADO COR 4085/PET / COR 496/PET [2cf4ec99-59b2-41b4-b96f-d1f87de6b49f],120CM,15632088,228,15625168NBR3282825,28/04/2026,03/08/2026,53,Ativo,,,901886,2cf4ec99-59b2-41b4-b96f-d1f87de6b49f,NIKE,132712,,,
DASS SEST713793594788110CM1563208815625187NBR328280920260428-1,OK,DASS SEST,137935,1413116,94788,ATAC. MR110022 7MM RECICLADO COR 6140/PET / COR 5687/PET [5cbc911c-2413-46e8-827c-3a6bee81eaeb],110CM,15632088,1119,15625187NBR3282809,28/04/2026,03/08/2026,53,Ativo,,,901887,5cbc911c-2413-46e8-827c-3a6bee81eaeb,NIKE,132712,,,
DASS SEST713793594788110CM1563208815625188NBR328280920260428-1,OK,DASS SEST,137935,1413116,94788,ATAC. MR110022 7MM RECICLADO COR 6140/PET / COR 5687/PET [c1d836aa-b632-4b87-927e-1409cdef10ca],110CM,15632088,1188,15625188NBR3282809,28/04/2026,03/08/2026,53,Ativo,,,901888,c1d836aa-b632-4b87-927e-1409cdef10ca,NIKE,132712,,,
DASS SEST713793594788115CM1563208815625187NBR328280920260428-1,OK,DASS SEST,137935,1413116,94788,ATAC. MR110022 7MM RECICLADO COR 6140/PET / COR 5687/PET [89e1e0e0-0815-4b9e-a6d9-70acaa27dbf6],115CM,15632088,12,15625187NBR3282809,28/04/2026,03/08/2026,53,Ativo,,,901889,89e1e0e0-0815-4b9e-a6d9-70acaa27dbf6,NIKE,132712,,,
DASS SEST713793594788115CM1563208815625188NBR328280920260428-1,OK,DASS SEST,137935,1413116,94788,ATAC. MR110022 7MM RECICLADO COR 6140/PET / COR 5687/PET [804dc792-33bb-4fce-bcf2-84db28cfdb0d],115CM,15632088,24,15625188NBR3282809,28/04/2026,03/08/2026,53,Ativo,,,901890,804dc792-33bb-4fce-bcf2-84db28cfdb0d,NIKE,132712,,,
DASS SEST713793595026110CM1563208815625181NBR328279620260428-1,OK,DASS SEST,137935,1413117,95026,ATAC. MR110022 7MM RECICLADO COR 6146/PET / COR 492/PET [30cd283c-43e3-47a4-8ea0-931e167d9849],110CM,15632088,144,15625181NBR3282796,28/04/2026,03/08/2026,53,Ativo,,,901891,30cd283c-43e3-47a4-8ea0-931e167d9849,NIKE,132712,,,
DASS SEST713793595026110CM1563208815625182NBR328279620260428-1,OK,DASS SEST,137935,1413117,95026,ATAC. MR110022 7MM RECICLADO COR 6146/PET / COR 492/PET [c0c7317d-cf72-47f8-b0d5-905ac8f606f7],110CM,15632088,144,15625182NBR3282796,28/04/2026,03/08/2026,53,Ativo,,,901892,c0c7317d-cf72-47f8-b0d5-905ac8f606f7,NIKE,132712,,,
DASS SEST713793595026110CM1563208815625183NBR328281120260428-1,OK,DASS SEST,137935,1413117,95026,ATAC. MR110022 7MM RECICLADO COR 6146/PET / COR 492/PET [cb9adb78-a50b-4b08-85ca-f64f500ac71e],110CM,15632088,132,15625183NBR3282811,28/04/2026,03/08/2026,53,Ativo,,,901893,cb9adb78-a50b-4b08-85ca-f64f500ac71e,NIKE,132712,,,
DASS SEST713793595026110CM1563208815625184NBR328281120260428-1,OK,DASS SEST,137935,1413117,95026,ATAC. MR110022 7MM RECICLADO COR 6146/PET / COR 492/PET [7eb385de-f035-4ebf-98b8-b0dc6e9f67a4],110CM,15632088,96,15625184NBR3282811,28/04/2026,03/08/2026,53,Ativo,,,901894,7eb385de-f035-4ebf-98b8-b0dc6e9f67a4,NIKE,132712,,,
DASS SEST713793595026110CM1563208815625185NBR328282420260428-1,OK,DASS SEST,137935,1413117,95026,ATAC. MR110022 7MM RECICLADO COR 6146/PET / COR 492/PET [5e6272d4-2ef0-48e2-a9f1-c30beed45bfe],110CM,15632088,144,15625185NBR3282824,28/04/2026,03/08/2026,53,Ativo,,,901895,5e6272d4-2ef0-48e2-a9f1-c30beed45bfe,NIKE,132712,,,
DASS SEST713793595026110CM1563208815625186NBR328282420260428-1,OK,DASS SEST,137935,1413117,95026,ATAC. MR110022 7MM RECICLADO COR 6146/PET / COR 492/PET [fa5ecf91-642e-4a56-a945-5befba0e450b],110CM,15632088,144,15625186NBR3282824,28/04/2026,03/08/2026,53,Ativo,,,901896,fa5ecf91-642e-4a56-a945-5befba0e450b,NIKE,132712,,,
DASS SEST713793595026115CM1563208815625181NBR328279620260428-1,OK,DASS SEST,137935,1413117,95026,ATAC. MR110022 7MM RECICLADO COR 6146/PET / COR 492/PET [43826476-e605-467c-b2ab-ad98c9746150],115CM,15632088,663,15625181NBR3282796,28/04/2026,03/08/2026,53,Ativo,,,901897,43826476-e605-467c-b2ab-ad98c9746150,NIKE,132712,,,
DASS SEST713793595026115CM1563208815625182NBR328279620260428-1,OK,DASS SEST,137935,1413117,95026,ATAC. MR110022 7MM RECICLADO COR 6146/PET / COR 492/PET [f127e2e4-3252-4174-849b-e2cf2a98ad41],115CM,15632088,678,15625182NBR3282796,28/04/2026,03/08/2026,53,Ativo,,,901898,f127e2e4-3252-4174-849b-e2cf2a98ad41,NIKE,132712,,,
DASS SEST713793595026115CM1563208815625183NBR328281120260428-1,OK,DASS SEST,137935,1413117,95026,ATAC. MR110022 7MM RECICLADO COR 6146/PET / COR 492/PET [13caab77-6be6-432a-8c49-7288174b8334],115CM,15632088,669,15625183NBR3282811,28/04/2026,03/08/2026,53,Ativo,,,901899,13caab77-6be6-432a-8c49-7288174b8334,NIKE,132712,,,
DASS SEST713793595026115CM1563208815625184NBR328281120260428-1,OK,DASS SEST,137935,1413117,95026,ATAC. MR110022 7MM RECICLADO COR 6146/PET / COR 492/PET [a9544726-8c2e-4202-9ceb-abd862fa3dae],115CM,15632088,684,15625184NBR3282811,28/04/2026,03/08/2026,53,Ativo,,,901900,a9544726-8c2e-4202-9ceb-abd862fa3dae,NIKE,132712,,,
DASS SEST713793595026115CM1563208815625185NBR328282420260428-1,OK,DASS SEST,137935,1413117,95026,ATAC. MR110022 7MM RECICLADO COR 6146/PET / COR 492/PET [1e0ae3ae-2412-42b1-88f3-edf8038c646a],115CM,15632088,663,15625185NBR3282824,28/04/2026,03/08/2026,53,Ativo,,,901901,1e0ae3ae-2412-42b1-88f3-edf8038c646a,NIKE,132712,,,
DASS SEST713793595026115CM1563208815625186NBR328282420260428-1,OK,DASS SEST,137935,1413117,95026,ATAC. MR110022 7MM RECICLADO COR 6146/PET / COR 492/PET [949051b9-3c67-42b1-8b59-0910e936b813],115CM,15632088,678,15625186NBR3282824,28/04/2026,03/08/2026,53,Ativo,,,901902,949051b9-3c67-42b1-8b59-0910e936b813,NIKE,132712,,,
DASS SEST713793595026120CM1563208815625181NBR328279620260428-1,OK,DASS SEST,137935,1413117,95026,ATAC. MR110022 7MM RECICLADO COR 6146/PET / COR 492/PET [4c796be7-f8c4-4da0-b920-aad1877dc0bc],120CM,15632088,216,15625181NBR3282796,28/04/2026,03/08/2026,53,Ativo,,,901903,4c796be7-f8c4-4da0-b920-aad1877dc0bc,NIKE,132712,,,
DASS SEST713793595026120CM1563208815625182NBR328279620260428-1,OK,DASS SEST,137935,1413117,95026,ATAC. MR110022 7MM RECICLADO COR 6146/PET / COR 492/PET [e6751c3b-62eb-4120-b121-118a4e71abc0],120CM,15632088,240,15625182NBR3282796,28/04/2026,03/08/2026,53,Ativo,,,901904,e6751c3b-62eb-4120-b121-118a4e71abc0,NIKE,132712,,,
DASS SEST713793595026120CM1563208815625183NBR328281120260428-1,OK,DASS SEST,137935,1413117,95026,ATAC. MR110022 7MM RECICLADO COR 6146/PET / COR 492/PET [b2593549-1173-4167-a108-99c61eeb14a4],120CM,15632088,228,15625183NBR3282811,28/04/2026,03/08/2026,53,Ativo,,,901905,b2593549-1173-4167-a108-99c61eeb14a4,NIKE,132712,,,
DASS SEST713793595026120CM1563208815625184NBR328281120260428-1,OK,DASS SEST,137935,1413117,95026,ATAC. MR110022 7MM RECICLADO COR 6146/PET / COR 492/PET [aeccf6d1-2218-411d-b4f9-47577ec23473],120CM,15632088,258,15625184NBR3282811,28/04/2026,03/08/2026,53,Ativo,,,901906,aeccf6d1-2218-411d-b4f9-47577ec23473,NIKE,132712,,,
DASS SEST713793595026120CM1563208815625185NBR328282420260428-1,OK,DASS SEST,137935,1413117,95026,ATAC. MR110022 7MM RECICLADO COR 6146/PET / COR 492/PET [e93740e0-7c81-4b71-9ddd-a2488ad9337b],120CM,15632088,216,15625185NBR3282824,28/04/2026,03/08/2026,53,Ativo,,,901907,e93740e0-7c81-4b71-9ddd-a2488ad9337b,NIKE,132712,,,
DASS SEST713793595026120CM1563208815625186NBR328282420260428-1,OK,DASS SEST,137935,1413117,95026,ATAC. MR110022 7MM RECICLADO COR 6146/PET / COR 492/PET [dc8fb3ce-fd8c-443f-bd54-606a6bc23257],120CM,15632088,240,15625186NBR3282824,28/04/2026,03/08/2026,53,Ativo,,,901908,dc8fb3ce-fd8c-443f-bd54-606a6bc23257,NIKE,132712,,,
DASS SEST713793595044110CM1563208815625189NBR328279920260428-1,OK,DASS SEST,137935,1421417,95044,ATAC. MR110022 7MM RECICLADO COR 6082/PET / COR 5481/PET [752323d2-b7ea-4cb0-8b9f-99d708456ac7],110CM,15632088,72,15625189NBR3282799,28/04/2026,03/08/2026,53,Ativo,,,901909,752323d2-b7ea-4cb0-8b9f-99d708456ac7,NIKE,132712,,,
DASS SEST713793595044110CM1563208815625190NBR328279920260428-1,OK,DASS SEST,137935,1421417,95044,ATAC. MR110022 7MM RECICLADO COR 6082/PET / COR 5481/PET [21d39387-a3df-47dd-85b3-2a8da81c7d74],110CM,15632088,78,15625190NBR3282799,28/04/2026,03/08/2026,53,Ativo,,,901910,21d39387-a3df-47dd-85b3-2a8da81c7d74,NIKE,132712,,,
DASS SEST713793595044110CM1563208815625191NBR328282720260428-1,OK,DASS SEST,137935,1421417,95044,ATAC. MR110022 7MM RECICLADO COR 6082/PET / COR 5481/PET [2f203461-4a44-45f8-9f3f-3bc72cd775bb],110CM,15632088,120,15625191NBR3282827,28/04/2026,03/08/2026,53,Ativo,,,901911,2f203461-4a44-45f8-9f3f-3bc72cd775bb,NIKE,132712,,,
DASS SEST713793595044110CM1563208815625192NBR328282720260428-1,OK,DASS SEST,137935,1421417,95044,ATAC. MR110022 7MM RECICLADO COR 6082/PET / COR 5481/PET [34ac8291-45f3-40f7-8213-4bf48b7f6476],110CM,15632088,132,15625192NBR3282827,28/04/2026,03/08/2026,53,Ativo,,,901912,34ac8291-45f3-40f7-8213-4bf48b7f6476,NIKE,132712,,,
DASS SEST713793595044110CM1563208815625193NBR328282720260428-1,OK,DASS SEST,137935,1421417,95044,ATAC. MR110022 7MM RECICLADO COR 6082/PET / COR 5481/PET [8f31717c-3944-4165-9111-f00bf0fa61e7],110CM,15632088,114,15625193NBR3282827,28/04/2026,03/08/2026,53,Ativo,,,901913,8f31717c-3944-4165-9111-f00bf0fa61e7,NIKE,132712,,,
DASS SEST713793595044115CM1563208815625189NBR328279920260428-1,OK,DASS SEST,137935,1421417,95044,ATAC. MR110022 7MM RECICLADO COR 6082/PET / COR 5481/PET [eb3249c4-54ac-4d43-9f24-a0121d19d161],115CM,15632088,590,15625189NBR3282799,28/04/2026,03/08/2026,53,Ativo,,,901914,eb3249c4-54ac-4d43-9f24-a0121d19d161,NIKE,132712,,,
DASS SEST713793595044115CM1563208815625190NBR328279920260428-1,OK,DASS SEST,137935,1421417,95044,ATAC. MR110022 7MM RECICLADO COR 6082/PET / COR 5481/PET [069bbb90-8f2c-4936-8ba9-88c03abc6b78],115CM,15632088,594,15625190NBR3282799,28/04/2026,03/08/2026,53,Ativo,,,901915,069bbb90-8f2c-4936-8ba9-88c03abc6b78,NIKE,132712,,,
DASS SEST713793595044115CM1563208815625191NBR328282720260428-1,OK,DASS SEST,137935,1421417,95044,ATAC. MR110022 7MM RECICLADO COR 6082/PET / COR 5481/PET [26607c43-2c03-4fc0-9f3f-a040b5f13dbb],115CM,15632088,597,15625191NBR3282827,28/04/2026,03/08/2026,53,Ativo,,,901916,26607c43-2c03-4fc0-9f3f-a040b5f13dbb,NIKE,132712,,,
DASS SEST713793595044115CM1563208815625192NBR328282720260428-1,OK,DASS SEST,137935,1421417,95044,ATAC. MR110022 7MM RECICLADO COR 6082/PET / COR 5481/PET [61c26a8d-a812-4886-baf6-ac99ff07810b],115CM,15632088,588,15625192NBR3282827,28/04/2026,03/08/2026,53,Ativo,,,901917,61c26a8d-a812-4886-baf6-ac99ff07810b,NIKE,132712,,,
DASS SEST713793595044115CM1563208815625193NBR328282720260428-1,OK,DASS SEST,137935,1421417,95044,ATAC. MR110022 7MM RECICLADO COR 6082/PET / COR 5481/PET [45641cae-7987-47af-958f-5e2d61802b23],115CM,15632088,618,15625193NBR3282827,28/04/2026,03/08/2026,53,Ativo,,,901918,45641cae-7987-47af-958f-5e2d61802b23,NIKE,132712,,,
DASS SEST713793595044120CM1563208815625189NBR328279920260428-1,OK,DASS SEST,137935,1421417,95044,ATAC. MR110022 7MM RECICLADO COR 6082/PET / COR 5481/PET [6452cda4-57c1-48a7-a2ac-5e925b0717fa],120CM,15632088,216,15625189NBR3282799,28/04/2026,03/08/2026,53,Ativo,,,901919,6452cda4-57c1-48a7-a2ac-5e925b0717fa,NIKE,132712,,,
DASS SEST713793595044120CM1563208815625190NBR328279920260428-1,OK,DASS SEST,137935,1421417,95044,ATAC. MR110022 7MM RECICLADO COR 6082/PET / COR 5481/PET [6831c63a-6eba-4ebd-a427-95a113c66462],120CM,15632088,228,15625190NBR3282799,28/04/2026,03/08/2026,53,Ativo,,,901920,6831c63a-6eba-4ebd-a427-95a113c66462,NIKE,132712,,,
DASS SEST713793595044120CM1563208815625191NBR328282720260428-1,OK,DASS SEST,137935,1421417,95044,ATAC. MR110022 7MM RECICLADO COR 6082/PET / COR 5481/PET [0d2cb2e8-07f3-42c5-840e-190513092f91],120CM,15632088,216,15625191NBR3282827,28/04/2026,03/08/2026,53,Ativo,,,901921,0d2cb2e8-07f3-42c5-840e-190513092f91,NIKE,132712,,,
DASS SEST713793595044120CM1563208815625192NBR328282720260428-1,OK,DASS SEST,137935,1421417,95044,ATAC. MR110022 7MM RECICLADO COR 6082/PET / COR 5481/PET [38054cd8-ce73-4d53-8e72-210c7c6e58ab],120CM,15632088,216,15625192NBR3282827,28/04/2026,03/08/2026,53,Ativo,,,901922,38054cd8-ce73-4d53-8e72-210c7c6e58ab,NIKE,132712,,,
DASS SEST713793595044120CM1563208815625193NBR328282720260428-1,OK,DASS SEST,137935,1421417,95044,ATAC. MR110022 7MM RECICLADO COR 6082/PET / COR 5481/PET [537d48a5-8cff-4a49-b767-f50c1f459f2b],120CM,15632088,216,15625193NBR3282827,28/04/2026,03/08/2026,53,Ativo,,,901923,537d48a5-8cff-4a49-b767-f50c1f459f2b,NIKE,132712,,,
DASS SEST71380839411815MM1564048520260430-1,OK,DASS SEST,138083,1408914,94118,FITA MR100001 C/ GOMA RECICLADO COR 5298/PET [1559a262-d53d-4faf-aa97-ce806c8c8343],15MM,15640485,280,0,30/04/2026,03/08/2026,53,Ativo,,,901924,1559a262-d53d-4faf-aa97-ce806c8c8343,NIKE,132894,,,
DASS SEST71380837400510MM1564048520260430-1,OK,DASS SEST,138083,1074423,74005,FITA MFGP C/ GOMA POLIESTER COR 4699 [37db5c4a-1256-4818-8e8d-2add6b45cb55],10MM,15640485,110,0,30/04/2026,03/08/2026,53,Ativo,,,901925,37db5c4a-1256-4818-8e8d-2add6b45cb55,NIKE,132894,,,
DASS SEST7139042701646MM1575681220260527-1,OK,DASS SEST,139042,1048885,70164,FITA MFGP C/ GOMA POLIESTER COR 100 [25bce9b2-0ab0-48b4-aa89-fea0cf14ea1d],6MM,15756812,60,0,27/05/2026,03/08/2026,53,Ativo,,,901926,25bce9b2-0ab0-48b4-aa89-fea0cf14ea1d,FILA,133753,,,
DASS SEST71390427016410MM1575681220260527-1,OK,DASS SEST,139042,998350,70164,FITA MFGP C/ GOMA POLIESTER COR 100 [822c41e9-acc8-453c-a2b9-db756bdc0fbf],10MM,15756812,90,0,27/05/2026,03/08/2026,53,Ativo,,,901927,822c41e9-acc8-453c-a2b9-db756bdc0fbf,FILA,133753,,,
DASS SEST71390427403010MM1575681220260527-1,OK,DASS SEST,139042,1098384,74030,FITA MFGP C/ GOMA POLIESTER COR 114 [831f7563-1220-4f76-bfb7-8cd78802b2b7],10MM,15756812,200,0,27/05/2026,03/08/2026,53,Ativo,,,901928,831f7563-1220-4f76-bfb7-8cd78802b2b7,FILA,133753,,,
DASS SEST71390429296316MM1575681220260527-1,OK,DASS SEST,139042,1353470,92963,FITA M31119 C/ GOMA POLIESTER COR 102 / COR 100 / COR 100 [2119edc7-9ee0-438c-a97c-0eaf77e1f5f5],16MM,15756812,570,0,27/05/2026,03/08/2026,53,Ativo,,,901929,2119edc7-9ee0-438c-a97c-0eaf77e1f5f5,FILA,133753,,,
DASS SEST71390429549116MM1575681220260527-1,OK,DASS SEST,139042,1416938,95491,FITA M31119 C/ GOMA POLIESTER COR 6001 / COR 5508 / COR 5508 [fcc47b3f-59bf-4cd3-bd9d-94304f3fc3d7],16MM,15756812,280,0,27/05/2026,03/08/2026,53,Ativo,,,901930,fcc47b3f-59bf-4cd3-bd9d-94304f3fc3d7,FILA,133753,,,
DASS SEST71392248262418MM1577523920260601-1,OK,DASS SEST,139224,1220520,82624,FITA MR100037 C/ GOMA RECICLADO COR 100/PET [29d8fe13-5464-4c5f-9ff3-cb987db4c410],18MM,15775239,510,0,01/06/2026,03/08/2026,53,Ativo,,,901931,29d8fe13-5464-4c5f-9ff3-cb987db4c410,NIKE,133925,,,
DASS SEST7139297701648MM1577775820260602-1,OK,DASS SEST,139297,108955,70164,FITA MFGP C/ GOMA POLIESTER COR 100 [851fc821-e7c5-4f87-8587-a34005530b56],8MM,15777758,140,0,02/06/2026,03/08/2026,53,Ativo,,,901932,851fc821-e7c5-4f87-8587-a34005530b56,FILA,133934,,,
DASS SEST71392977016410MM1577775820260602-1,OK,DASS SEST,139297,998350,70164,FITA MFGP C/ GOMA POLIESTER COR 100 [4bede288-3257-4e40-b623-9b8a41fe39c9],10MM,15777758,120,0,02/06/2026,03/08/2026,53,Ativo,,,901933,4bede288-3257-4e40-b623-9b8a41fe39c9,FILA,133934,,,
DASS SEST7139297924888MM1577775820260602-1,OK,DASS SEST,139297,1403347,92488,FITA MFGP C/ GOMA POLIESTER COR 6001 [842a4951-5da7-4adf-95d9-e377a40e7c1e],8MM,15777758,60,0,02/06/2026,03/08/2026,53,Ativo,,,901934,842a4951-5da7-4adf-95d9-e377a40e7c1e,FILA,133934,,,
DASS SEST71392979248810MM1577775820260602-1,OK,DASS SEST,139297,1403346,92488,FITA MFGP C/ GOMA POLIESTER COR 6001 [9c07bc31-7666-4a5a-b876-018c4b483eef],10MM,15777758,40,0,02/06/2026,03/08/2026,53,Ativo,,,901935,9c07bc31-7666-4a5a-b876-018c4b483eef,FILA,133934,,,
DASS SEST71392978794616MM1577775820260602-1,OK,DASS SEST,139297,1316829,87946,FITA M31119 C/ GOMA POLIESTER COR 100/ COR 5535/ COR 102 [3eb80e58-6972-4bdc-b2e0-177c24dd5fab],16MM,15777758,440,0,02/06/2026,03/08/2026,53,Ativo,,,901936,3eb80e58-6972-4bdc-b2e0-177c24dd5fab,FILA,133934,,,
DASS SEST71392979257416MM1577775820260602-1,OK,DASS SEST,139297,1358112,92574,FITA M31119 C/ GOMA POLIESTER COR 057 / COR 102 / COR 102 [54b6e3b4-9a97-4eb4-9d50-84d973dac311],16MM,15777758,130,0,02/06/2026,03/08/2026,53,Ativo,,,901937,54b6e3b4-9a97-4eb4-9d50-84d973dac311,FILA,133934,,,
DASS SEST71392979538416MM1577775820260602-1,OK,DASS SEST,139297,1411433,95384,FITA M31119 C/ GOMA POLIESTER COR 6008 / COR 102 / COR 102 [79251ddd-c324-464d-8c8e-fdc7f8c3ad2a],16MM,15777758,210,0,02/06/2026,03/08/2026,53,Ativo,,,901938,79251ddd-c324-464d-8c8e-fdc7f8c3ad2a,FILA,133934,,,
DASS SEST71392979548616MM1577775820260602-1,OK,DASS SEST,139297,1406217,95486,FITA M31119 C/ GOMA POLIESTER COR 447 / COR 100 / COR 100 [a47e88f7-c841-4cb3-b607-6cc1b210e6aa],16MM,15777758,440,0,02/06/2026,03/08/2026,53,Ativo,,,901939,a47e88f7-c841-4cb3-b607-6cc1b210e6aa,FILA,133934,,,
DASS SEST7139370701648MM1578677420260604-1,OK,DASS SEST,139370,108955,70164,FITA MFGP C/ GOMA POLIESTER COR 100 [f75ab4d1-f140-4db3-89b3-3dfc0cc87a0e],8MM,15786774,40,0,04/06/2026,03/08/2026,53,Ativo,,,901940,f75ab4d1-f140-4db3-89b3-3dfc0cc87a0e,FILA,133997,,,
DASS SEST71393707016410MM1578677420260604-1,OK,DASS SEST,139370,998350,70164,FITA MFGP C/ GOMA POLIESTER COR 100 [e550ecc7-758d-4225-9891-d643b1fd7d62],10MM,15786774,30,0,04/06/2026,03/08/2026,53,Ativo,,,901941,e550ecc7-758d-4225-9891-d643b1fd7d62,FILA,133997,,,
DASS SEST713793692568115CM1563209015625146NBR328276820260428-1,OK,DASS SEST,137936,1027849,92568,ATAC. MR110012 8MM RECICLADO COR 4085/PET [51537eef-14f3-4d55-9cfe-064b85e8c622],115CM,15632090,318,15625146NBR3282768,28/04/2026,10/08/2026,60,Ativo,,,901942,51537eef-14f3-4d55-9cfe-064b85e8c622,NIKE,132713,,,
DASS SEST713793692568115CM1563209015625147NBR328276820260428-1,OK,DASS SEST,137936,1027849,92568,ATAC. MR110012 8MM RECICLADO COR 4085/PET [f5cb2fd3-844b-4ccc-a986-822432c9e245],115CM,15632090,312,15625147NBR3282768,28/04/2026,10/08/2026,60,Ativo,,,901943,f5cb2fd3-844b-4ccc-a986-822432c9e245,NIKE,132713,,,
DASS SEST713793692568115CM1563209015625148NBR328276920260428-1,OK,DASS SEST,137936,1027849,92568,ATAC. MR110012 8MM RECICLADO COR 4085/PET [f9f97fa0-ed2e-431d-90ac-f68bcc0e2532],115CM,15632090,198,15625148NBR3282769,28/04/2026,10/08/2026,60,Ativo,,,901944,f9f97fa0-ed2e-431d-90ac-f68bcc0e2532,NIKE,132713,,,
DASS SEST713793692568115CM1563209015625149NBR328276920260428-1,OK,DASS SEST,137936,1027849,92568,ATAC. MR110012 8MM RECICLADO COR 4085/PET [db794318-6353-4583-b652-53704c27f1bb],115CM,15632090,180,15625149NBR3282769,28/04/2026,10/08/2026,60,Ativo,,,901945,db794318-6353-4583-b652-53704c27f1bb,NIKE,132713,,,
DASS SEST713793692568115CM1563209015625150NBR328276920260428-1,OK,DASS SEST,137936,1027849,92568,ATAC. MR110012 8MM RECICLADO COR 4085/PET [3be1edeb-90d3-4528-a1fd-7cdfc27d4303],115CM,15632090,198,15625150NBR3282769,28/04/2026,10/08/2026,60,Ativo,,,901946,3be1edeb-90d3-4528-a1fd-7cdfc27d4303,NIKE,132713,,,
DASS SEST713793692568120CM1563209015625146NBR328276820260428-1,OK,DASS SEST,137936,1027849,92568,ATAC. MR110012 8MM RECICLADO COR 4085/PET [cfc24759-fae5-4066-9c70-909ef5b3a110],120CM,15632090,759,15625146NBR3282768,28/04/2026,10/08/2026,60,Ativo,,,901947,cfc24759-fae5-4066-9c70-909ef5b3a110,NIKE,132713,,,
DASS SEST713793692568120CM1563209015625147NBR328276820260428-1,OK,DASS SEST,137936,1027849,92568,ATAC. MR110012 8MM RECICLADO COR 4085/PET [8e522928-2d0c-496d-8054-e4a94943f7ff],120CM,15632090,786,15625147NBR3282768,28/04/2026,10/08/2026,60,Ativo,,,901948,8e522928-2d0c-496d-8054-e4a94943f7ff,NIKE,132713,,,
DASS SEST713793692568120CM1563209015625148NBR328276920260428-1,OK,DASS SEST,137936,1027849,92568,ATAC. MR110012 8MM RECICLADO COR 4085/PET [b35c2ab8-f3d6-4ef8-9e05-640905e724c8],120CM,15632090,705,15625148NBR3282769,28/04/2026,10/08/2026,60,Ativo,,,901949,b35c2ab8-f3d6-4ef8-9e05-640905e724c8,NIKE,132713,,,
DASS SEST713793692568120CM1563209015625149NBR328276920260428-1,OK,DASS SEST,137936,1027849,92568,ATAC. MR110012 8MM RECICLADO COR 4085/PET [44adfd2b-bac2-4716-9b5c-64dd94fee15e],120CM,15632090,672,15625149NBR3282769,28/04/2026,10/08/2026,60,Ativo,,,901950,44adfd2b-bac2-4716-9b5c-64dd94fee15e,NIKE,132713,,,
DASS SEST713793692568120CM1563209015625150NBR328276920260428-1,OK,DASS SEST,137936,1027849,92568,ATAC. MR110012 8MM RECICLADO COR 4085/PET [6a11721e-423f-4275-9310-e9635a1fc110],120CM,15632090,732,15625150NBR3282769,28/04/2026,10/08/2026,60,Ativo,,,901951,6a11721e-423f-4275-9310-e9635a1fc110,NIKE,132713,,,
DASS SEST713793688668110CM1563209015625169NBR328281020260428-1,OK,DASS SEST,137936,1304277,88668,ATAC. MR110022 7MM RECICLADO COR 4085/PET / COR 496/PET [f5b19b5e-37d7-48bf-858d-1fefac5fb7d2],110CM,15632090,1203,15625169NBR3282810,28/04/2026,10/08/2026,60,Ativo,,,901952,f5b19b5e-37d7-48bf-858d-1fefac5fb7d2,NIKE,132713,,,
DASS SEST713793688668110CM1563209015625170NBR328281020260428-1,OK,DASS SEST,137936,1304277,88668,ATAC. MR110022 7MM RECICLADO COR 4085/PET / COR 496/PET [a42c0a1b-98ca-41ca-82fc-57aa4790a2ee],110CM,15632090,1236,15625170NBR3282810,28/04/2026,10/08/2026,60,Ativo,,,901953,a42c0a1b-98ca-41ca-82fc-57aa4790a2ee,NIKE,132713,,,
DASS SEST713793688668115CM1563209015625169NBR328281020260428-1,OK,DASS SEST,137936,1304277,88668,ATAC. MR110022 7MM RECICLADO COR 4085/PET / COR 496/PET [0d15f434-2980-49ba-8324-271ac1bd536d],115CM,15632090,18,15625169NBR3282810,28/04/2026,10/08/2026,60,Ativo,,,901954,0d15f434-2980-49ba-8324-271ac1bd536d,NIKE,132713,,,
DASS SEST713793688668115CM1563209015625170NBR328281020260428-1,OK,DASS SEST,137936,1304277,88668,ATAC. MR110022 7MM RECICLADO COR 4085/PET / COR 496/PET [cb0eeed5-e710-48b7-ba13-b15737e4fad2],115CM,15632090,24,15625170NBR3282810,28/04/2026,10/08/2026,60,Ativo,,,901955,cb0eeed5-e710-48b7-ba13-b15737e4fad2,NIKE,132713,,,
DASS SEST713793695027110CM1563209015625177NBR328281520260428-1,OK,DASS SEST,137936,1408855,95027,ATAC. MR110022 7MM RECICLADO COR 4085/PET / COR 596/PET [cd3f1460-6a4f-4583-9d4f-b58677769c82],110CM,15632090,186,15625177NBR3282815,28/04/2026,10/08/2026,60,Ativo,,,901956,cd3f1460-6a4f-4583-9d4f-b58677769c82,NIKE,132713,,,
DASS SEST713793695027110CM1563209015625178NBR328281520260428-1,OK,DASS SEST,137936,1408855,95027,ATAC. MR110022 7MM RECICLADO COR 4085/PET / COR 596/PET [5f186c83-f3ff-4f42-b737-313fa0885690],110CM,15632090,192,15625178NBR3282815,28/04/2026,10/08/2026,60,Ativo,,,901957,5f186c83-f3ff-4f42-b737-313fa0885690,NIKE,132713,,,
DASS SEST713793695027115CM1563209015625177NBR328281520260428-1,OK,DASS SEST,137936,1408855,95027,ATAC. MR110022 7MM RECICLADO COR 4085/PET / COR 596/PET [c4455d6d-743b-4dd3-b05f-143c5b01b64e],115CM,15632090,536,15625177NBR3282815,28/04/2026,10/08/2026,60,Ativo,,,901958,c4455d6d-743b-4dd3-b05f-143c5b01b64e,NIKE,132713,,,
DASS SEST713793695027115CM1563209015625178NBR328281520260428-1,OK,DASS SEST,137936,1408855,95027,ATAC. MR110022 7MM RECICLADO COR 4085/PET / COR 596/PET [7c2f3b6d-e94f-4456-8015-415e9f7f08f2],115CM,15632090,546,15625178NBR3282815,28/04/2026,10/08/2026,60,Ativo,,,901959,7c2f3b6d-e94f-4456-8015-415e9f7f08f2,NIKE,132713,,,
DASS SEST713793695027120CM1563209015625177NBR328281520260428-1,OK,DASS SEST,137936,1408855,95027,ATAC. MR110022 7MM RECICLADO COR 4085/PET / COR 596/PET [c606604b-e1cb-4f12-94dc-c7e3c672446d],120CM,15632090,84,15625177NBR3282815,28/04/2026,10/08/2026,60,Ativo,,,901960,c606604b-e1cb-4f12-94dc-c7e3c672446d,NIKE,132713,,,
DASS SEST713793695027120CM1563209015625178NBR328281520260428-1,OK,DASS SEST,137936,1408855,95027,ATAC. MR110022 7MM RECICLADO COR 4085/PET / COR 596/PET [52b8eba0-99de-4ada-b069-2acc29b2453b],120CM,15632090,72,15625178NBR3282815,28/04/2026,10/08/2026,60,Ativo,,,901961,52b8eba0-99de-4ada-b069-2acc29b2453b,NIKE,132713,,,
DASS SEST71390438794616MM1575687520260527-1,OK,DASS SEST,139043,1316829,87946,FITA M31119 C/ GOMA POLIESTER COR 100/ COR 5535/ COR 102 [13bc497c-10c8-4640-90a3-1fa105922508],16MM,15756875,220,0,27/05/2026,10/08/2026,60,Ativo,,,901962,13bc497c-10c8-4640-90a3-1fa105922508,FILA,133754,,,
DASS SEST71390439296316MM1575687520260527-1,OK,DASS SEST,139043,1353470,92963,FITA M31119 C/ GOMA POLIESTER COR 102 / COR 100 / COR 100 [9642a30f-ef19-45d1-ab04-834eaacd2ef9],16MM,15756875,200,0,27/05/2026,10/08/2026,60,Ativo,,,901963,9642a30f-ef19-45d1-ab04-834eaacd2ef9,FILA,133754,,,
DASS SEST71390439517616MM1575687520260527-1,OK,DASS SEST,139043,1320199,95176,FITA M31119 C/ GOMA POLIESTER COR 053 / COR 114 / COR 114 [7390ca5d-d4aa-4b86-be9d-611ce0df75f0],16MM,15756875,370,0,27/05/2026,10/08/2026,60,Ativo,,,901964,7390ca5d-d4aa-4b86-be9d-611ce0df75f0,FILA,133754,,,
DASS SEST713904495490125CM1575705715744405BR31469520260527-1,OK,DASS SEST,139044,1423777,95490,ATAC. M60132 ALPINA COR 2001 [ede3b487-348e-40b2-9514-1f35a1a1406e],125CM,15757057,480,15744405BR314695,27/05/2026,10/08/2026,60,Ativo,,,901965,ede3b487-348e-40b2-9514-1f35a1a1406e,FILA,133755,,,
DASS SEST713904495490135CM1575705715744405BR31469520260527-1,OK,DASS SEST,139044,1423777,95490,ATAC. M60132 ALPINA COR 2001 [cf169e88-7c23-431e-9add-9916ce9be665],135CM,15757057,492,15744405BR314695,27/05/2026,10/08/2026,60,Ativo,,,901966,cf169e88-7c23-431e-9add-9916ce9be665,FILA,133755,,,
DASS SEST71392258262418MM1577526020260601-1,OK,DASS SEST,139225,1220520,82624,FITA MR100037 C/ GOMA RECICLADO COR 100/PET [fb399c4a-0b9c-40c3-8ac9-03d958e1c4bf],18MM,15775260,260,0,01/06/2026,10/08/2026,60,Ativo,,,901967,fb399c4a-0b9c-40c3-8ac9-03d958e1c4bf,NIKE,133926,,,
DASS SEST71392258262618MM1577526020260601-1,OK,DASS SEST,139225,1220522,82626,FITA MR100038 C/ GOMA RECICLADO COR 4662/PET / COR 5400/B [3d91030b-f33a-484e-b513-c25d3eacd0cf],18MM,15775260,270,0,01/06/2026,10/08/2026,60,Ativo,,,901968,3d91030b-f33a-484e-b513-c25d3eacd0cf,NIKE,133926,,,
DASS SEST713927984942105CM1577519015773824NBR328286220260602-1,OK,DASS SEST,139279,1237086,84942,ATAC. MR140014 6MM RECICLADO COR 956/PET [f6dc3e24-158b-4a24-8937-8a79bfff32ab],105CM,15775190,204,15773824NBR3282862,02/06/2026,10/08/2026,60,Ativo,,,901969,f6dc3e24-158b-4a24-8937-8a79bfff32ab,NIKE,133899,,,
DASS SEST713927984942110CM1577519015773824NBR328286220260602-1,OK,DASS SEST,139279,1237086,84942,ATAC. MR140014 6MM RECICLADO COR 956/PET [c9fb8133-0c79-40c7-bdde-27a77e80de62],110CM,15775190,584,15773824NBR3282862,02/06/2026,10/08/2026,60,Ativo,,,901970,c9fb8133-0c79-40c7-bdde-27a77e80de62,NIKE,133899,,,
DASS SEST713927984942115CM1577519015773824NBR328286220260602-1,OK,DASS SEST,139279,1237086,84942,ATAC. MR140014 6MM RECICLADO COR 956/PET [c9d65fa5-2f8b-4a24-9176-4a8bef0c9648],115CM,15775190,228,15773824NBR3282862,02/06/2026,10/08/2026,60,Ativo,,,901971,c9d65fa5-2f8b-4a24-9176-4a8bef0c9648,NIKE,133899,,,
DASS SEST713927995705105CM1577519015773832NBR328285120260602-1,NÃO,DASS SEST,139279,1360726,95705,ATAC. MR140014 6MM RECICLADO COR 057/PET [4f7aad5b-34ac-4502-9bb3-0f46e417357f],105CM,15775190,216,15773832NBR3282851,02/06/2026,10/08/2026,60,Ativo,,,901972,4f7aad5b-34ac-4502-9bb3-0f46e417357f,NIKE,133899,,,
DASS SEST713927995705105CM1577519015773833NBR328285120260602-1,NÃO,DASS SEST,139279,1360726,95705,ATAC. MR140014 6MM RECICLADO COR 057/PET [c8a95c55-9aad-4c13-a497-a89d7d8b06ce],105CM,15775190,234,15773833NBR3282851,02/06/2026,10/08/2026,60,Ativo,,,901973,c8a95c55-9aad-4c13-a497-a89d7d8b06ce,NIKE,133899,,,
DASS SEST713927995705110CM1577519015773832NBR328285120260602-1,NÃO,DASS SEST,139279,1360726,95705,ATAC. MR140014 6MM RECICLADO COR 057/PET [e91f331d-8a17-46cd-85d9-5b96fec41529],110CM,15775190,633,15773832NBR3282851,02/06/2026,10/08/2026,60,Ativo,,,901974,e91f331d-8a17-46cd-85d9-5b96fec41529,NIKE,133899,,,
DASS SEST713927995705110CM1577519015773833NBR328285120260602-1,NÃO,DASS SEST,139279,1360726,95705,ATAC. MR140014 6MM RECICLADO COR 057/PET [76d9acd4-1d98-43fe-b6d2-cf6b335591ec],110CM,15775190,636,15773833NBR3282851,02/06/2026,10/08/2026,60,Ativo,,,901975,76d9acd4-1d98-43fe-b6d2-cf6b335591ec,NIKE,133899,,,
DASS SEST713927995705115CM1577519015773832NBR328285120260602-1,NÃO,DASS SEST,139279,1360726,95705,ATAC. MR140014 6MM RECICLADO COR 057/PET [5df99202-432f-4c38-af9a-32fcecb55e46],115CM,15775190,252,15773832NBR3282851,02/06/2026,10/08/2026,60,Ativo,,,901976,5df99202-432f-4c38-af9a-32fcecb55e46,NIKE,133899,,,
DASS SEST713927995705115CM1577519015773833NBR328285120260602-1,NÃO,DASS SEST,139279,1360726,95705,ATAC. MR140014 6MM RECICLADO COR 057/PET [b16ebad4-7d44-4022-9571-0715c794c046],115CM,15775190,264,15773833NBR3282851,02/06/2026,10/08/2026,60,Ativo,,,901977,b16ebad4-7d44-4022-9571-0715c794c046,NIKE,133899,,,
DASS SEST71392949548616MM1577776120260602-1,OK,DASS SEST,139294,1406217,95486,FITA M31119 C/ GOMA POLIESTER COR 447 / COR 100 / COR 100 [cfd29773-20e7-424d-b8ec-95301506da63],16MM,15777761,320,0,02/06/2026,10/08/2026,60,Ativo,,,901978,cfd29773-20e7-424d-b8ec-95301506da63,FILA,133931,,,
DASS SEST713792982631115CM1563209115625153NBR328277620260428-1,OK,DASS SEST,137929,1048514,82631,ATAC. MR110012 8MM RECICLADO COR 4699/PET [da5eae19-ae43-443b-9129-f52f08a3f44c],115CM,15632091,306,15625153NBR3282776,28/04/2026,17/08/2026,67,Ativo,,,901979,da5eae19-ae43-443b-9129-f52f08a3f44c,NIKE,132706,,,
DASS SEST713792982631120CM1563209115625153NBR328277620260428-1,OK,DASS SEST,137929,1048514,82631,ATAC. MR110012 8MM RECICLADO COR 4699/PET [35b07b7c-cc22-46be-922c-1a0e467d41b3],120CM,15632091,1142,15625153NBR3282776,28/04/2026,17/08/2026,67,Ativo,,,901980,35b07b7c-cc22-46be-922c-1a0e467d41b3,NIKE,132706,,,
DASS SEST713906293661120CM1575859515758319NBR328283920260528-1,OK,DASS SEST,139062,1065806,93661,ATAC. MR110029 RECICLADO COR 4662/PET [d3a4c36c-4aaa-44fb-8e83-55054e264a2c],120CM,15758595,84,15758319NBR3282839,28/05/2026,17/08/2026,67,Ativo,,,901981,d3a4c36c-4aaa-44fb-8e83-55054e264a2c,NIKE,133773,,,
DASS SEST713906293661120CM1575859515758320NBR328283920260528-1,OK,DASS SEST,139062,1065806,93661,ATAC. MR110029 RECICLADO COR 4662/PET [bfb82aaf-bd60-4289-85ac-50b106f754ec],120CM,15758595,84,15758320NBR3282839,28/05/2026,17/08/2026,67,Ativo,,,901982,bfb82aaf-bd60-4289-85ac-50b106f754ec,NIKE,133773,,,
DASS SEST713906293661120CM1575859515758322NBR328295720260528-1,OK,DASS SEST,139062,1065806,93661,ATAC. MR110029 RECICLADO COR 4662/PET [1b742d1f-9b91-4ebc-9742-1ee2640a0329],120CM,15758595,60,15758322NBR3282957,28/05/2026,17/08/2026,67,Ativo,,,901983,1b742d1f-9b91-4ebc-9742-1ee2640a0329,NIKE,133773,,,
DASS SEST713906293661120CM1575859515758323NBR328295720260528-1,OK,DASS SEST,139062,1065806,93661,ATAC. MR110029 RECICLADO COR 4662/PET [ec8753f1-15c5-48df-ac04-b8299a33253d],120CM,15758595,78,15758323NBR3282957,28/05/2026,17/08/2026,67,Ativo,,,901984,ec8753f1-15c5-48df-ac04-b8299a33253d,NIKE,133773,,,
DASS SEST713906293661130CM1575859515758319NBR328283920260528-1,OK,DASS SEST,139062,1065806,93661,ATAC. MR110029 RECICLADO COR 4662/PET [d68c6f30-ce73-4474-88f9-aa6f2562dd35],130CM,15758595,771,15758319NBR3282839,28/05/2026,17/08/2026,67,Ativo,,,901985,d68c6f30-ce73-4474-88f9-aa6f2562dd35,NIKE,133773,,,
DASS SEST713906293661130CM1575859515758320NBR328283920260528-1,OK,DASS SEST,139062,1065806,93661,ATAC. MR110029 RECICLADO COR 4662/PET [0990d6b6-b60f-4373-98d0-a56f9f82125a],130CM,15758595,786,15758320NBR3282839,28/05/2026,17/08/2026,67,Ativo,,,901986,0990d6b6-b60f-4373-98d0-a56f9f82125a,NIKE,133773,,,
DASS SEST713906293661130CM1575859515758322NBR328295720260528-1,OK,DASS SEST,139062,1065806,93661,ATAC. MR110029 RECICLADO COR 4662/PET [e888b639-cee2-4b77-a7c9-d7f3f83b3220],130CM,15758595,963,15758322NBR3282957,28/05/2026,17/08/2026,67,Ativo,,,901987,e888b639-cee2-4b77-a7c9-d7f3f83b3220,NIKE,133773,,,
DASS SEST713906293661130CM1575859515758323NBR328295720260528-1,OK,DASS SEST,139062,1065806,93661,ATAC. MR110029 RECICLADO COR 4662/PET [61da13a1-3068-4b82-b41b-866f1f7bee2d],130CM,15758595,1020,15758323NBR3282957,28/05/2026,17/08/2026,67,Ativo,,,901988,61da13a1-3068-4b82-b41b-866f1f7bee2d,NIKE,133773,,,
DASS SEST713906293661140CM1575859515758319NBR328283920260528-1,OK,DASS SEST,139062,1065806,93661,ATAC. MR110029 RECICLADO COR 4662/PET [0822127e-ba50-481f-945f-17c0b67b7a9c],140CM,15758595,174,15758319NBR3282839,28/05/2026,17/08/2026,67,Ativo,,,901989,0822127e-ba50-481f-945f-17c0b67b7a9c,NIKE,133773,,,
DASS SEST713906293661140CM1575859515758320NBR328283920260528-1,OK,DASS SEST,139062,1065806,93661,ATAC. MR110029 RECICLADO COR 4662/PET [636242db-116d-48e4-adbf-347203aec42a],140CM,15758595,156,15758320NBR3282839,28/05/2026,17/08/2026,67,Ativo,,,901990,636242db-116d-48e4-adbf-347203aec42a,NIKE,133773,,,
DASS SEST713906293661140CM1575859515758322NBR328295720260528-1,OK,DASS SEST,139062,1065806,93661,ATAC. MR110029 RECICLADO COR 4662/PET [7c6982ac-663e-4f1f-ad4f-7400a3dd6298],140CM,15758595,120,15758322NBR3282957,28/05/2026,17/08/2026,67,Ativo,,,901991,7c6982ac-663e-4f1f-ad4f-7400a3dd6298,NIKE,133773,,,
DASS SEST713906293661140CM1575859515758323NBR328295720260528-1,OK,DASS SEST,139062,1065806,93661,ATAC. MR110029 RECICLADO COR 4662/PET [bba60b3c-7654-479f-91c1-5bee70239dc6],140CM,15758595,120,15758323NBR3282957,28/05/2026,17/08/2026,67,Ativo,,,901992,bba60b3c-7654-479f-91c1-5bee70239dc6,NIKE,133773,,,
DASS SEST713922682628105CM1577519215773813NBR328291020260601-1,OK,DASS SEST,139226,1188919,82628,ATAC. MR140014 6MM RECICLADO COR 4085/PET [344aa1f2-6c96-4208-a052-02c54b3c68d6],105CM,15775192,306,15773813NBR3282910,01/06/2026,17/08/2026,67,Ativo,,,901993,344aa1f2-6c96-4208-a052-02c54b3c68d6,NIKE,133927,,,
DASS SEST713922682628105CM1577519215773814NBR328291720260601-1,OK,DASS SEST,139226,1188919,82628,ATAC. MR140014 6MM RECICLADO COR 4085/PET [882e3ff0-9f3e-4aee-9582-e07f373a9d38],105CM,15775192,306,15773814NBR3282917,01/06/2026,17/08/2026,67,Ativo,,,901994,882e3ff0-9f3e-4aee-9582-e07f373a9d38,NIKE,133927,,,
DASS SEST713922682628110CM1577519215773813NBR328291020260601-1,OK,DASS SEST,139226,1188919,82628,ATAC. MR140014 6MM RECICLADO COR 4085/PET [698bbde7-6bd5-4efc-9ab8-9a62896856a2],110CM,15775192,866,15773813NBR3282910,01/06/2026,17/08/2026,67,Ativo,,,901995,698bbde7-6bd5-4efc-9ab8-9a62896856a2,NIKE,133927,,,
DASS SEST713922682628110CM1577519215773814NBR328291720260601-1,OK,DASS SEST,139226,1188919,82628,ATAC. MR140014 6MM RECICLADO COR 4085/PET [69ec328f-131e-4cdd-ad82-6541b74b4dda],110CM,15775192,866,15773814NBR3282917,01/06/2026,17/08/2026,67,Ativo,,,901996,69ec328f-131e-4cdd-ad82-6541b74b4dda,NIKE,133927,,,
DASS SEST713922682628115CM1577519215773813NBR328291020260601-1,OK,DASS SEST,139226,1188919,82628,ATAC. MR140014 6MM RECICLADO COR 4085/PET [e1191668-0e03-4302-b14a-947c1677bdd4],115CM,15775192,348,15773813NBR3282910,01/06/2026,17/08/2026,67,Ativo,,,901997,e1191668-0e03-4302-b14a-947c1677bdd4,NIKE,133927,,,
DASS SEST713922682628115CM1577519215773814NBR328291720260601-1,OK,DASS SEST,139226,1188919,82628,ATAC. MR140014 6MM RECICLADO COR 4085/PET [1b98e5e1-d0df-4f7d-84d3-0dbcbd9d3dfb],115CM,15775192,348,15773814NBR3282917,01/06/2026,17/08/2026,67,Ativo,,,901998,1b98e5e1-d0df-4f7d-84d3-0dbcbd9d3dfb,NIKE,133927,,,
DASS SEST71392278262418MM1577527120260601-1,OK,DASS SEST,139227,1220520,82624,FITA MR100037 C/ GOMA RECICLADO COR 100/PET [13adb93e-b68b-403c-b74a-2a378a6e52ae],18MM,15775271,860,0,01/06/2026,17/08/2026,67,Ativo,,,901999,13adb93e-b68b-403c-b74a-2a378a6e52ae,NIKE,133928,,,
DASS SEST71390458794616MM1575716520260527-1,OK,DASS SEST,139045,1316829,87946,FITA M31119 C/ GOMA POLIESTER COR 100/ COR 5535/ COR 102 [ba43e0da-b39e-428b-9821-baa0fec2b328],16MM,15757165,110,0,27/05/2026,24/08/2026,74,Ativo,,,902000,ba43e0da-b39e-428b-9821-baa0fec2b328,FILA,133756,,,
DASS SEST71390459102316MM1575716520260527-1,OK,DASS SEST,139045,1320254,91023,FITA M31119 C/ GOMA POLIESTER COR 114 / COR 100 / COR 100 [9010bf86-bdcf-434a-9f6f-578197b6a8be],16MM,15757165,160,0,27/05/2026,24/08/2026,74,Ativo,,,902001,9010bf86-bdcf-434a-9f6f-578197b6a8be,FILA,133756,,,
DASS SEST71390459296316MM1575716520260527-1,OK,DASS SEST,139045,1353470,92963,FITA M31119 C/ GOMA POLIESTER COR 102 / COR 100 / COR 100 [d2465b51-8d3d-434b-9780-c4a29775f1ff],16MM,15757165,270,0,27/05/2026,24/08/2026,74,Ativo,,,902002,d2465b51-8d3d-434b-9780-c4a29775f1ff,FILA,133756,,,
DASS SEST71390459514616MM1575716520260527-1,OK,DASS SEST,139045,1400623,95146,FITA M31119 C/ GOMA POLIESTER COR 447 / COR 114 / COR 114 [cbea02cd-042b-48b2-bae9-72c4b5a902a5],16MM,15757165,180,0,27/05/2026,24/08/2026,74,Ativo,,,902003,cbea02cd-042b-48b2-bae9-72c4b5a902a5,FILA,133756,,,
DASS SEST713904695490135CM1575717315744418SBF80624820260527-1,OK,DASS SEST,139046,1423777,95490,ATAC. M60132 ALPINA COR 2001 [7d1831e1-08c1-405a-bf5a-a8d5c2876c43],135CM,15757173,216,15744418SBF806248,27/05/2026,24/08/2026,74,Ativo,,,902004,7d1831e1-08c1-405a-bf5a-a8d5c2876c43,FILA,133757,,,
DASS SEST713904695490145CM1575717315744418SBF80624820260527-1,OK,DASS SEST,139046,1423777,95490,ATAC. M60132 ALPINA COR 2001 [1ba56dab-fb8e-4065-8678-a17f114cac2c],145CM,15757173,216,15744418SBF806248,27/05/2026,24/08/2026,74,Ativo,,,902005,1ba56dab-fb8e-4065-8678-a17f114cac2c,FILA,133757,,,
DASS SEST713906393661120CM1575859615758317NBR328283820260528-1,OK,DASS SEST,139063,1065806,93661,ATAC. MR110029 RECICLADO COR 4662/PET [9e4c1ce6-9c27-42ae-9776-f183f0bce059],120CM,15758596,84,15758317NBR3282838,28/05/2026,24/08/2026,74,Ativo,,,902006,9e4c1ce6-9c27-42ae-9776-f183f0bce059,NIKE,133774,,,
DASS SEST713906393661120CM1575859615758318NBR328283820260528-1,OK,DASS SEST,139063,1065806,93661,ATAC. MR110029 RECICLADO COR 4662/PET [a478c26c-2ca5-4393-9931-d0b690552a16],120CM,15758596,72,15758318NBR3282838,28/05/2026,24/08/2026,74,Ativo,,,902007,a478c26c-2ca5-4393-9931-d0b690552a16,NIKE,133774,,,
DASS SEST713906393661120CM1575859615758324NBR328295820260528-1,OK,DASS SEST,139063,1065806,93661,ATAC. MR110029 RECICLADO COR 4662/PET [4cf56f86-9ec2-4398-92af-a291dacfe4e6],120CM,15758596,72,15758324NBR3282958,28/05/2026,24/08/2026,74,Ativo,,,902008,4cf56f86-9ec2-4398-92af-a291dacfe4e6,NIKE,133774,,,
DASS SEST713906393661120CM1575859615758325NBR328295820260528-1,OK,DASS SEST,139063,1065806,93661,ATAC. MR110029 RECICLADO COR 4662/PET [910f0a5f-580f-4f4b-903d-f0c1af23b609],120CM,15758596,72,15758325NBR3282958,28/05/2026,24/08/2026,74,Ativo,,,902009,910f0a5f-580f-4f4b-903d-f0c1af23b609,NIKE,133774,,,
DASS SEST713906393661130CM1575859615758317NBR328283820260528-1,OK,DASS SEST,139063,1065806,93661,ATAC. MR110029 RECICLADO COR 4662/PET [aef41bd5-721d-45ad-8a2e-09c82fa75022],130CM,15758596,746,15758317NBR3282838,28/05/2026,24/08/2026,74,Ativo,,,902010,aef41bd5-721d-45ad-8a2e-09c82fa75022,NIKE,133774,,,
DASS SEST713906393661130CM1575859615758318NBR328283820260528-1,OK,DASS SEST,139063,1065806,93661,ATAC. MR110029 RECICLADO COR 4662/PET [9f34e736-3ca3-4a16-825f-baa0db5b86ce],130CM,15758596,792,15758318NBR3282838,28/05/2026,24/08/2026,74,Ativo,,,902011,9f34e736-3ca3-4a16-825f-baa0db5b86ce,NIKE,133774,,,
DASS SEST713906393661130CM1575859615758324NBR328295820260528-1,OK,DASS SEST,139063,1065806,93661,ATAC. MR110029 RECICLADO COR 4662/PET [cab056f3-09af-4b54-880c-90dddccf485e],130CM,15758596,806,15758324NBR3282958,28/05/2026,24/08/2026,74,Ativo,,,902012,cab056f3-09af-4b54-880c-90dddccf485e,NIKE,133774,,,
DASS SEST713906393661130CM1575859615758325NBR328295820260528-1,OK,DASS SEST,139063,1065806,93661,ATAC. MR110029 RECICLADO COR 4662/PET [27f66a4b-0a85-4d58-9d83-0a9b0c844c63],130CM,15758596,852,15758325NBR3282958,28/05/2026,24/08/2026,74,Ativo,,,902013,27f66a4b-0a85-4d58-9d83-0a9b0c844c63,NIKE,133774,,,
DASS SEST713906393661140CM1575859615758317NBR328283820260528-1,OK,DASS SEST,139063,1065806,93661,ATAC. MR110029 RECICLADO COR 4662/PET [6acce32c-453b-46e7-9e18-e653923df3c8],140CM,15758596,72,15758317NBR3282838,28/05/2026,24/08/2026,74,Ativo,,,902014,6acce32c-453b-46e7-9e18-e653923df3c8,NIKE,133774,,,
DASS SEST713906393661140CM1575859615758318NBR328283820260528-1,OK,DASS SEST,139063,1065806,93661,ATAC. MR110029 RECICLADO COR 4662/PET [906ddb67-4dd0-4b8b-bd1e-3ccec02bc9ed],140CM,15758596,84,15758318NBR3282838,28/05/2026,24/08/2026,74,Ativo,,,902015,906ddb67-4dd0-4b8b-bd1e-3ccec02bc9ed,NIKE,133774,,,
DASS SEST713906393661140CM1575859615758324NBR328295820260528-1,OK,DASS SEST,139063,1065806,93661,ATAC. MR110029 RECICLADO COR 4662/PET [d8e5417d-ad37-40d8-b68a-562b7c066818],140CM,15758596,90,15758324NBR3282958,28/05/2026,24/08/2026,74,Ativo,,,902016,d8e5417d-ad37-40d8-b68a-562b7c066818,NIKE,133774,,,
DASS SEST713906393661140CM1575859615758325NBR328295820260528-1,OK,DASS SEST,139063,1065806,93661,ATAC. MR110029 RECICLADO COR 4662/PET [bd80ea26-1f63-4a5e-aab8-c61d478a2a31],140CM,15758596,90,15758325NBR3282958,28/05/2026,24/08/2026,74,Ativo,,,902017,bd80ea26-1f63-4a5e-aab8-c61d478a2a31,NIKE,133774,,,
DASS SEST713922882628100CM1577519315773818NBR328303320260601-1,OK,DASS SEST,139228,1188919,82628,ATAC. MR140014 6MM RECICLADO COR 4085/PET [ce026c14-3f48-46a1-94df-db654ef089d6],100CM,15775193,96,15773818NBR3283033,01/06/2026,24/08/2026,74,Ativo,,,902018,ce026c14-3f48-46a1-94df-db654ef089d6,NIKE,133929,,,
DASS SEST713922882628100CM1577519315773819NBR328303320260601-1,OK,DASS SEST,139228,1188919,82628,ATAC. MR140014 6MM RECICLADO COR 4085/PET [250eeb56-170d-4992-8ba5-3993e3707dfd],100CM,15775193,120,15773819NBR3283033,01/06/2026,24/08/2026,74,Ativo,,,902019,250eeb56-170d-4992-8ba5-3993e3707dfd,NIKE,133929,,,
DASS SEST713922882628105CM1577519315773818NBR328303320260601-1,OK,DASS SEST,139228,1188919,82628,ATAC. MR140014 6MM RECICLADO COR 4085/PET [84f30ce4-c1d7-453c-9206-61055bf6350d],105CM,15775193,734,15773818NBR3283033,01/06/2026,24/08/2026,74,Ativo,,,902020,84f30ce4-c1d7-453c-9206-61055bf6350d,NIKE,133929,,,
DASS SEST713922882628105CM1577519315773819NBR328303320260601-1,OK,DASS SEST,139228,1188919,82628,ATAC. MR140014 6MM RECICLADO COR 4085/PET [3d6f62f0-3d37-4a15-9f77-80dfa25b0e03],105CM,15775193,762,15773819NBR3283033,01/06/2026,24/08/2026,74,Ativo,,,902021,3d6f62f0-3d37-4a15-9f77-80dfa25b0e03,NIKE,133929,,,
DASS SEST713922882628110CM1577519315773818NBR328303320260601-1,OK,DASS SEST,139228,1188919,82628,ATAC. MR140014 6MM RECICLADO COR 4085/PET [d1f8f4dd-aff0-4ef6-be1c-597390682dba],110CM,15775193,54,15773818NBR3283033,01/06/2026,24/08/2026,74,Ativo,,,902022,d1f8f4dd-aff0-4ef6-be1c-597390682dba,NIKE,133929,,,
DASS SEST713922882628110CM1577519315773819NBR328303320260601-1,OK,DASS SEST,139228,1188919,82628,ATAC. MR140014 6MM RECICLADO COR 4085/PET [e2cb3be2-cb0f-4e8f-843c-a9233a70ae3a],110CM,15775193,36,15773819NBR3283033,01/06/2026,24/08/2026,74,Ativo,,,902023,e2cb3be2-cb0f-4e8f-843c-a9233a70ae3a,NIKE,133929,,,
DASS SEST713922886418100CM1577519315773828NBR328288620260601-1,OK,DASS SEST,139228,1278311,86418,ATAC. MR140014 6MM RECICLADO COR 4662/PET [0d130b87-00e8-4638-b429-2a2b526e5704],100CM,15775193,108,15773828NBR3282886,01/06/2026,24/08/2026,74,Ativo,,,902024,0d130b87-00e8-4638-b429-2a2b526e5704,NIKE,133929,,,
DASS SEST713922886418100CM1577519315773829NBR328288620260601-1,OK,DASS SEST,139228,1278311,86418,ATAC. MR140014 6MM RECICLADO COR 4662/PET [fc1086da-4d79-4a9f-97cd-697da9e85733],100CM,15775193,114,15773829NBR3282886,01/06/2026,24/08/2026,74,Ativo,,,902025,fc1086da-4d79-4a9f-97cd-697da9e85733,NIKE,133929,,,
DASS SEST713922886418105CM1577519315773828NBR328288620260601-1,OK,DASS SEST,139228,1278311,86418,ATAC. MR140014 6MM RECICLADO COR 4662/PET [b1c4a2e6-0424-47b1-b0d6-d17edc147fe9],105CM,15775193,746,15773828NBR3282886,01/06/2026,24/08/2026,74,Ativo,,,902026,b1c4a2e6-0424-47b1-b0d6-d17edc147fe9,NIKE,133929,,,
DASS SEST713922886418105CM1577519315773829NBR328288620260601-1,OK,DASS SEST,139228,1278311,86418,ATAC. MR140014 6MM RECICLADO COR 4662/PET [0e613fed-9412-4dbc-9bf7-7509d17c2172],105CM,15775193,792,15773829NBR3282886,01/06/2026,24/08/2026,74,Ativo,,,902027,0e613fed-9412-4dbc-9bf7-7509d17c2172,NIKE,133929,,,
DASS SEST713922886418110CM1577519315773828NBR328288620260601-1,OK,DASS SEST,139228,1278311,86418,ATAC. MR140014 6MM RECICLADO COR 4662/PET [a74553ea-6e41-4bee-823c-e108d3ec8d11],110CM,15775193,48,15773828NBR3282886,01/06/2026,24/08/2026,74,Ativo,,,902028,a74553ea-6e41-4bee-823c-e108d3ec8d11,NIKE,133929,,,
DASS SEST713922886418110CM1577519315773829NBR328288620260601-1,OK,DASS SEST,139228,1278311,86418,ATAC. MR140014 6MM RECICLADO COR 4662/PET [82509032-50d2-4b4d-981f-54d20283eece],110CM,15775193,48,15773829NBR3282886,01/06/2026,24/08/2026,74,Ativo,,,902029,82509032-50d2-4b4d-981f-54d20283eece,NIKE,133929,,,
DASS SEST71392808262618MM1577532120260602-1,OK,DASS SEST,139280,1220522,82626,FITA MR100038 C/ GOMA RECICLADO COR 4662/PET / COR 5400/B [19522d8e-fe10-4d11-afa8-dd7915b5d40f],18MM,15775321,340,0,02/06/2026,24/08/2026,74,Ativo,,,902030,19522d8e-fe10-4d11-afa8-dd7915b5d40f,NIKE,133900,,,
DASS SEST71392989570618MM1577532120260602-1,NÃO,DASS SEST,139298,1359543,95706,FITA MR100038 C/ GOMA RECICLADO COR 057/PET / COR 5911/B [685e10fd-b962-4f02-86fc-1b99781baf20],18MM,15775321,320,0,02/06/2026,24/08/2026,74,Ativo,,,902031,685e10fd-b962-4f02-86fc-1b99781baf20,NIKE,133935,,,
DASS SEST71392999538416MM1577776520260602-1,OK,DASS SEST,139299,1411433,95384,FITA M31119 C/ GOMA POLIESTER COR 6008 / COR 102 / COR 102 [2ac81419-7461-4b5f-b6ec-9bcb0a1ed454],16MM,15777765,390,0,02/06/2026,24/08/2026,74,Ativo,,,902032,2ac81419-7461-4b5f-b6ec-9bcb0a1ed454,FILA,133936,,,
DASS SEST71393718794616MM1578677520260604-1,OK,DASS SEST,139371,1316829,87946,FITA M31119 C/ GOMA POLIESTER COR 100/ COR 5535/ COR 102 [7acde8df-4ad8-4595-ad23-3abeaf10e6c0],16MM,15786775,100,0,04/06/2026,24/08/2026,74,Ativo,,,902033,7acde8df-4ad8-4595-ad23-3abeaf10e6c0,FILA,133998,,,
DASS SEST713906493661120CM1575859715758315NBR328283720260528-1,OK,DASS SEST,139064,1065806,93661,ATAC. MR110029 RECICLADO COR 4662/PET [b18a995e-74cb-4ec7-8495-73443252f6bb],120CM,15758597,84,15758315NBR3282837,28/05/2026,31/08/2026,81,Ativo,,,902034,b18a995e-74cb-4ec7-8495-73443252f6bb,NIKE,133775,,,
DASS SEST713906493661120CM1575859715758316NBR328283720260528-1,OK,DASS SEST,139064,1065806,93661,ATAC. MR110029 RECICLADO COR 4662/PET [e9e93e22-653e-4937-825a-942f2918beda],120CM,15758597,72,15758316NBR3282837,28/05/2026,31/08/2026,81,Ativo,,,902035,e9e93e22-653e-4937-825a-942f2918beda,NIKE,133775,,,
DASS SEST713906493661130CM1575859715758315NBR328283720260528-1,OK,DASS SEST,139064,1065806,93661,ATAC. MR110029 RECICLADO COR 4662/PET [e5fa2b69-8734-4b9b-804e-e1ab1e84da37],130CM,15758597,770,15758315NBR3282837,28/05/2026,31/08/2026,81,Ativo,,,902036,e5fa2b69-8734-4b9b-804e-e1ab1e84da37,NIKE,133775,,,
DASS SEST713906493661130CM1575859715758316NBR328283720260528-1,OK,DASS SEST,139064,1065806,93661,ATAC. MR110029 RECICLADO COR 4662/PET [ed73957f-f875-4617-9cb5-f8e207ae4380],130CM,15758597,816,15758316NBR3282837,28/05/2026,31/08/2026,81,Ativo,,,902037,ed73957f-f875-4617-9cb5-f8e207ae4380,NIKE,133775,,,
DASS SEST713906493661140CM1575859715758315NBR328283720260528-1,OK,DASS SEST,139064,1065806,93661,ATAC. MR110029 RECICLADO COR 4662/PET [f9fa3080-01ac-403e-bd31-a8623bd16303],140CM,15758597,72,15758315NBR3282837,28/05/2026,31/08/2026,81,Ativo,,,902038,f9fa3080-01ac-403e-bd31-a8623bd16303,NIKE,133775,,,
DASS SEST713906493661140CM1575859715758316NBR328283720260528-1,OK,DASS SEST,139064,1065806,93661,ATAC. MR110029 RECICLADO COR 4662/PET [344bc5a9-0166-412c-b672-047a12ba1bb5],140CM,15758597,84,15758316NBR3282837,28/05/2026,31/08/2026,81,Ativo,,,902039,344bc5a9-0166-412c-b672-047a12ba1bb5,NIKE,133775,,,
DASS SEST713922982628100CM1577519515773820NBR328303420260601-1,OK,DASS SEST,139229,1188919,82628,ATAC. MR140014 6MM RECICLADO COR 4085/PET [8f153423-bc81-4a6c-8d2c-cb353264aa85],100CM,15775195,96,15773820NBR3283034,01/06/2026,31/08/2026,81,Ativo,,,902040,8f153423-bc81-4a6c-8d2c-cb353264aa85,NIKE,133930,,,
DASS SEST713922982628100CM1577519515773821NBR328303420260601-1,OK,DASS SEST,139229,1188919,82628,ATAC. MR140014 6MM RECICLADO COR 4085/PET [358847a7-d8f0-4ec6-98e2-643dcabbadab],100CM,15775195,120,15773821NBR3283034,01/06/2026,31/08/2026,81,Ativo,,,902041,358847a7-d8f0-4ec6-98e2-643dcabbadab,NIKE,133930,,,
DASS SEST713922982628100CM1577519515773822NBR328303520260601-1,OK,DASS SEST,139229,1188919,82628,ATAC. MR140014 6MM RECICLADO COR 4085/PET [885e105f-46d9-4fb1-b1b1-6669b841e843],100CM,15775195,96,15773822NBR3283035,01/06/2026,31/08/2026,81,Ativo,,,902042,885e105f-46d9-4fb1-b1b1-6669b841e843,NIKE,133930,,,
DASS SEST713922982628100CM1577519515773823NBR328303520260601-1,OK,DASS SEST,139229,1188919,82628,ATAC. MR140014 6MM RECICLADO COR 4085/PET [7827bf7a-0280-4af5-a68c-efe23be2e7f7],100CM,15775195,102,15773823NBR3283035,01/06/2026,31/08/2026,81,Ativo,,,902043,7827bf7a-0280-4af5-a68c-efe23be2e7f7,NIKE,133930,,,
DASS SEST713922982628105CM1577519515773820NBR328303420260601-1,OK,DASS SEST,139229,1188919,82628,ATAC. MR140014 6MM RECICLADO COR 4085/PET [1bf116f4-81a2-4112-9890-bb1eac290a81],105CM,15775195,734,15773820NBR3283034,01/06/2026,31/08/2026,81,Ativo,,,902044,1bf116f4-81a2-4112-9890-bb1eac290a81,NIKE,133930,,,
DASS SEST713922982628105CM1577519515773821NBR328303420260601-1,OK,DASS SEST,139229,1188919,82628,ATAC. MR140014 6MM RECICLADO COR 4085/PET [e1853a2d-89c6-4d17-8109-7b644f033aee],105CM,15775195,762,15773821NBR3283034,01/06/2026,31/08/2026,81,Ativo,,,902045,e1853a2d-89c6-4d17-8109-7b644f033aee,NIKE,133930,,,
DASS SEST713922982628105CM1577519515773822NBR328303520260601-1,OK,DASS SEST,139229,1188919,82628,ATAC. MR140014 6MM RECICLADO COR 4085/PET [28a2abb3-5b83-423d-a564-dbbfea3153ca],105CM,15775195,698,15773822NBR3283035,01/06/2026,31/08/2026,81,Ativo,,,902046,28a2abb3-5b83-423d-a564-dbbfea3153ca,NIKE,133930,,,
DASS SEST713922982628105CM1577519515773823NBR328303520260601-1,OK,DASS SEST,139229,1188919,82628,ATAC. MR140014 6MM RECICLADO COR 4085/PET [b17064b2-e776-463d-9af0-6bee66a4fbf9],105CM,15775195,702,15773823NBR3283035,01/06/2026,31/08/2026,81,Ativo,,,902047,b17064b2-e776-463d-9af0-6bee66a4fbf9,NIKE,133930,,,
DASS SEST713922982628105CM1577519515773816NBR328303620260601-1,OK,DASS SEST,139229,1188919,82628,ATAC. MR140014 6MM RECICLADO COR 4085/PET [1e8a6149-4f7a-4546-a4f2-485596a7ec55],105CM,15775195,192,15773816NBR3283036,01/06/2026,31/08/2026,81,Ativo,,,902048,1e8a6149-4f7a-4546-a4f2-485596a7ec55,NIKE,133930,,,
DASS SEST713922982628105CM1577519515773817NBR328303620260601-1,OK,DASS SEST,139229,1188919,82628,ATAC. MR140014 6MM RECICLADO COR 4085/PET [355c48a0-5a0b-41e8-b234-21b6af0032b4],105CM,15775195,234,15773817NBR3283036,01/06/2026,31/08/2026,81,Ativo,,,902049,355c48a0-5a0b-41e8-b234-21b6af0032b4,NIKE,133930,,,
DASS SEST713922982628110CM1577519515773820NBR328303420260601-1,OK,DASS SEST,139229,1188919,82628,ATAC. MR140014 6MM RECICLADO COR 4085/PET [a0c75136-160d-465e-bb6b-87f6c1ce9d7a],110CM,15775195,54,15773820NBR3283034,01/06/2026,31/08/2026,81,Ativo,,,902050,a0c75136-160d-465e-bb6b-87f6c1ce9d7a,NIKE,133930,,,
DASS SEST713922982628110CM1577519515773821NBR328303420260601-1,OK,DASS SEST,139229,1188919,82628,ATAC. MR140014 6MM RECICLADO COR 4085/PET [46cc44a2-7ee7-4dec-96d6-6b4bf1f301cb],110CM,15775195,36,15773821NBR3283034,01/06/2026,31/08/2026,81,Ativo,,,902051,46cc44a2-7ee7-4dec-96d6-6b4bf1f301cb,NIKE,133930,,,
DASS SEST713922982628110CM1577519515773822NBR328303520260601-1,OK,DASS SEST,139229,1188919,82628,ATAC. MR140014 6MM RECICLADO COR 4085/PET [a72b9d95-ef0e-4c94-8854-18a164ae2d1b],110CM,15775195,48,15773822NBR3283035,01/06/2026,31/08/2026,81,Ativo,,,902052,a72b9d95-ef0e-4c94-8854-18a164ae2d1b,NIKE,133930,,,
DASS SEST713922982628110CM1577519515773823NBR328303520260601-1,OK,DASS SEST,139229,1188919,82628,ATAC. MR140014 6MM RECICLADO COR 4085/PET [fd9007af-02e2-4a1d-bee8-be9c83a9e688],110CM,15775195,36,15773823NBR3283035,01/06/2026,31/08/2026,81,Ativo,,,902053,fd9007af-02e2-4a1d-bee8-be9c83a9e688,NIKE,133930,,,
DASS SEST713922982628110CM1577519515773816NBR328303620260601-1,OK,DASS SEST,139229,1188919,82628,ATAC. MR140014 6MM RECICLADO COR 4085/PET [410a8298-3c63-48cf-b677-92bbb65953b0],110CM,15775195,609,15773816NBR3283036,01/06/2026,31/08/2026,81,Ativo,,,902054,410a8298-3c63-48cf-b677-92bbb65953b0,NIKE,133930,,,
DASS SEST713922982628110CM1577519515773817NBR328303620260601-1,OK,DASS SEST,139229,1188919,82628,ATAC. MR140014 6MM RECICLADO COR 4085/PET [0b2e4844-8441-4614-90f5-e78b2a4eed84],110CM,15775195,606,15773817NBR3283036,01/06/2026,31/08/2026,81,Ativo,,,902055,0b2e4844-8441-4614-90f5-e78b2a4eed84,NIKE,133930,,,
DASS SEST713922982628115CM1577519515773816NBR328303620260601-1,OK,DASS SEST,139229,1188919,82628,ATAC. MR140014 6MM RECICLADO COR 4085/PET [bb325445-1382-416e-83a1-f6399fdb0132],115CM,15775195,240,15773816NBR3283036,01/06/2026,31/08/2026,81,Ativo,,,902056,bb325445-1382-416e-83a1-f6399fdb0132,NIKE,133930,,,
DASS SEST713922982628115CM1577519515773817NBR328303620260601-1,OK,DASS SEST,139229,1188919,82628,ATAC. MR140014 6MM RECICLADO COR 4085/PET [50fee92b-6334-4f89-bf4d-8b75eeed5b6d],115CM,15775195,246,15773817NBR3283036,01/06/2026,31/08/2026,81,Ativo,,,902057,50fee92b-6334-4f89-bf4d-8b75eeed5b6d,NIKE,133930,,,
DASS SEST71392818262618MM1577533120260602-1,OK,DASS SEST,139281,1220522,82626,FITA MR100038 C/ GOMA RECICLADO COR 4662/PET / COR 5400/B [6949132f-3676-4e3e-9c72-b1ba3f1e78b5],18MM,15775331,460,0,02/06/2026,31/08/2026,81,Ativo,,,902058,6949132f-3676-4e3e-9c72-b1ba3f1e78b5,NIKE,133901,,,
DASS SEST71392819570618MM1577533120260602-1,NÃO,DASS SEST,139281,1359543,95706,FITA MR100038 C/ GOMA RECICLADO COR 057/PET / COR 5911/B [7674a4d5-c425-4a1d-890f-97440d8bea01],18MM,15775331,300,0,02/06/2026,31/08/2026,81,Ativo,,,902059,7674a4d5-c425-4a1d-890f-97440d8bea01,NIKE,133901,,,
DASS SEST713928286418100CM1577519815773825NBR328288520260602-1,OK,DASS SEST,139282,1278311,86418,ATAC. MR140014 6MM RECICLADO COR 4662/PET [6233293d-46c8-45fb-8f2f-61de7e9f2a00],100CM,15775198,144,15773825NBR3282885,02/06/2026,07/09/2026,88,Ativo,,,902060,6233293d-46c8-45fb-8f2f-61de7e9f2a00,NIKE,133902,,,
DASS SEST713928286418100CM1577519815773827NBR328288520260602-1,OK,DASS SEST,139282,1278311,86418,ATAC. MR140014 6MM RECICLADO COR 4662/PET [bea0d9cc-00ab-4b02-a575-03d683774f43],100CM,15775198,144,15773827NBR3282885,02/06/2026,07/09/2026,88,Ativo,,,902061,bea0d9cc-00ab-4b02-a575-03d683774f43,NIKE,133902,,,
DASS SEST713928286418105CM1577519815773825NBR328288520260602-1,OK,DASS SEST,139282,1278311,86418,ATAC. MR140014 6MM RECICLADO COR 4662/PET [ed29da2c-a167-4687-8842-11724250922d],105CM,15775198,963,15773825NBR3282885,02/06/2026,07/09/2026,88,Ativo,,,902062,ed29da2c-a167-4687-8842-11724250922d,NIKE,133902,,,
DASS SEST713928286418105CM1577519815773827NBR328288520260602-1,OK,DASS SEST,139282,1278311,86418,ATAC. MR140014 6MM RECICLADO COR 4662/PET [f8561f5d-eae3-46e5-8bd0-6567b63f4511],105CM,15775198,1014,15773827NBR3282885,02/06/2026,07/09/2026,88,Ativo,,,902063,f8561f5d-eae3-46e5-8bd0-6567b63f4511,NIKE,133902,,,
DASS SEST713928286418110CM1577519815773825NBR328288520260602-1,OK,DASS SEST,139282,1278311,86418,ATAC. MR140014 6MM RECICLADO COR 4662/PET [796917dc-1397-4816-84ce-ecd6e89df2ba],110CM,15775198,60,15773825NBR3282885,02/06/2026,07/09/2026,88,Ativo,,,902064,796917dc-1397-4816-84ce-ecd6e89df2ba,NIKE,133902,,,
DASS SEST713928286418110CM1577519815773827NBR328288520260602-1,OK,DASS SEST,139282,1278311,86418,ATAC. MR140014 6MM RECICLADO COR 4662/PET [eaf5d734-2376-4975-9d33-ca5d4c115115],110CM,15775198,60,15773827NBR3282885,02/06/2026,07/09/2026,88,Ativo,,,902065,eaf5d734-2376-4975-9d33-ca5d4c115115,NIKE,133902,,,
DASS SEST713928295705105CM1577519815773834NBR328291820260602-1,NÃO,DASS SEST,139282,1360726,95705,ATAC. MR140014 6MM RECICLADO COR 057/PET [c556cc5a-3287-47b9-b78d-748542bed86e],105CM,15775198,168,15773834NBR3282918,02/06/2026,07/09/2026,88,Ativo,,,902066,c556cc5a-3287-47b9-b78d-748542bed86e,NIKE,133902,,,
DASS SEST713928295705105CM1577519815773835NBR328291820260602-1,NÃO,DASS SEST,139282,1360726,95705,ATAC. MR140014 6MM RECICLADO COR 057/PET [30b8d918-55dd-4d47-a830-47736641bcf9],105CM,15775198,210,15773835NBR3282918,02/06/2026,07/09/2026,88,Ativo,,,902067,30b8d918-55dd-4d47-a830-47736641bcf9,NIKE,133902,,,
DASS SEST713928295705110CM1577519815773834NBR328291820260602-1,NÃO,DASS SEST,139282,1360726,95705,ATAC. MR140014 6MM RECICLADO COR 057/PET [eb01dc4a-7067-4d70-9b42-e5f8d0b3e187],110CM,15775198,542,15773834NBR3282918,02/06/2026,07/09/2026,88,Ativo,,,902068,eb01dc4a-7067-4d70-9b42-e5f8d0b3e187,NIKE,133902,,,
DASS SEST713928295705110CM1577519815773835NBR328291820260602-1,NÃO,DASS SEST,139282,1360726,95705,ATAC. MR140014 6MM RECICLADO COR 057/PET [6bc77f59-5503-4e8e-a249-1958c79480a9],110CM,15775198,534,15773835NBR3282918,02/06/2026,07/09/2026,88,Ativo,,,902069,6bc77f59-5503-4e8e-a249-1958c79480a9,NIKE,133902,,,
DASS SEST713928295705115CM1577519815773834NBR328291820260602-1,NÃO,DASS SEST,139282,1360726,95705,ATAC. MR140014 6MM RECICLADO COR 057/PET [00d93cf9-83d3-46e9-8f64-f0c9cd99026d],115CM,15775198,204,15773834NBR3282918,02/06/2026,07/09/2026,88,Ativo,,,902070,00d93cf9-83d3-46e9-8f64-f0c9cd99026d,NIKE,133902,,,
DASS SEST713928295705115CM1577519815773835NBR328291820260602-1,NÃO,DASS SEST,139282,1360726,95705,ATAC. MR140014 6MM RECICLADO COR 057/PET [89dc5230-3a27-4c38-8324-14f26cb2b435],115CM,15775198,228,15773835NBR3282918,02/06/2026,07/09/2026,88,Ativo,,,902071,89dc5230-3a27-4c38-8324-14f26cb2b435,NIKE,133902,,,
DASS SEST713928386418100CM1577519915773830NBR328288720260602-1,OK,DASS SEST,139283,1278311,86418,ATAC. MR140014 6MM RECICLADO COR 4662/PET [521c5b46-ea48-4543-824a-a9905a323f66],100CM,15775199,192,15773830NBR3282887,02/06/2026,14/09/2026,95,Ativo,,,902072,521c5b46-ea48-4543-824a-a9905a323f66,NIKE,133903,,,
DASS SEST713928386418100CM1577519915773831NBR328289820260602-1,OK,DASS SEST,139283,1278311,86418,ATAC. MR140014 6MM RECICLADO COR 4662/PET [b4d48e17-b90f-4f0c-8980-6c825e71fc56],100CM,15775199,192,15773831NBR3282898,02/06/2026,14/09/2026,95,Ativo,,,902073,b4d48e17-b90f-4f0c-8980-6c825e71fc56,NIKE,133903,,,
DASS SEST713928386418105CM1577519915773830NBR328288720260602-1,OK,DASS SEST,139283,1278311,86418,ATAC. MR140014 6MM RECICLADO COR 4662/PET [d2e550dd-551a-4783-b878-06c30ad6f0a6],105CM,15775199,1322,15773830NBR3282887,02/06/2026,14/09/2026,95,Ativo,,,902074,d2e550dd-551a-4783-b878-06c30ad6f0a6,NIKE,133903,,,
DASS SEST713928386418105CM1577519915773831NBR328289820260602-1,OK,DASS SEST,139283,1278311,86418,ATAC. MR140014 6MM RECICLADO COR 4662/PET [72f752c6-56f5-4383-bcf6-1010e7f0f71c],105CM,15775199,1328,15773831NBR3282898,02/06/2026,14/09/2026,95,Ativo,,,902075,72f752c6-56f5-4383-bcf6-1010e7f0f71c,NIKE,133903,,,
DASS SEST713928386418110CM1577519915773830NBR328288720260602-1,OK,DASS SEST,139283,1278311,86418,ATAC. MR140014 6MM RECICLADO COR 4662/PET [6b01a7b0-8b33-420a-836d-6765e9862715],110CM,15775199,78,15773830NBR3282887,02/06/2026,14/09/2026,95,Ativo,,,902076,6b01a7b0-8b33-420a-836d-6765e9862715,NIKE,133903,,,
DASS SEST713928386418110CM1577519915773831NBR328289820260602-1,OK,DASS SEST,139283,1278311,86418,ATAC. MR140014 6MM RECICLADO COR 4662/PET [729b691f-2fb8-43eb-985e-aefeb6eb4162],110CM,15775199,78,15773831NBR3282898,02/06/2026,14/09/2026,95,Ativo,,,902077,729b691f-2fb8-43eb-985e-aefeb6eb4162,NIKE,133903,,,
DASS SEST713928395705105CM1577519915773836NBR328292020260602-1,NÃO,DASS SEST,139283,1360726,95705,ATAC. MR140014 6MM RECICLADO COR 057/PET [dcc49661-849c-4e3c-807f-8672ee1f53e7],105CM,15775199,168,15773836NBR3282920,02/06/2026,14/09/2026,95,Ativo,,,902078,dcc49661-849c-4e3c-807f-8672ee1f53e7,NIKE,133903,,,
DASS SEST713928395705105CM1577519915773837NBR328292020260602-1,NÃO,DASS SEST,139283,1360726,95705,ATAC. MR140014 6MM RECICLADO COR 057/PET [34e30aad-415d-4140-93f9-b49bca030304],105CM,15775199,186,15773837NBR3282920,02/06/2026,14/09/2026,95,Ativo,,,902079,34e30aad-415d-4140-93f9-b49bca030304,NIKE,133903,,,
DASS SEST713928395705110CM1577519915773836NBR328292020260602-1,NÃO,DASS SEST,139283,1360726,95705,ATAC. MR140014 6MM RECICLADO COR 057/PET [7b7cec18-e542-4f75-8011-663697e91ac2],110CM,15775199,500,15773836NBR3282920,02/06/2026,14/09/2026,95,Ativo,,,902080,7b7cec18-e542-4f75-8011-663697e91ac2,NIKE,133903,,,
DASS SEST713928395705110CM1577519915773837NBR328292020260602-1,NÃO,DASS SEST,139283,1360726,95705,ATAC. MR140014 6MM RECICLADO COR 057/PET [af01c1e7-d56e-4b37-8e27-cc6139b35f58],110CM,15775199,504,15773837NBR3282920,02/06/2026,14/09/2026,95,Ativo,,,902081,af01c1e7-d56e-4b37-8e27-cc6139b35f58,NIKE,133903,,,
DASS SEST713928395705115CM1577519915773836NBR328292020260602-1,NÃO,DASS SEST,139283,1360726,95705,ATAC. MR140014 6MM RECICLADO COR 057/PET [93d07e2c-c4b1-4f28-9bc6-1b79375d43fe],115CM,15775199,192,15773836NBR3282920,02/06/2026,14/09/2026,95,Ativo,,,902082,93d07e2c-c4b1-4f28-9bc6-1b79375d43fe,NIKE,133903,,,
DASS SEST713928395705115CM1577519915773837NBR328292020260602-1,NÃO,DASS SEST,139283,1360726,95705,ATAC. MR140014 6MM RECICLADO COR 057/PET [a118687a-1dbf-4937-8eb2-a9459c8e5f63],115CM,15775199,210,15773837NBR3282920,02/06/2026,14/09/2026,95,Ativo,,,902083,a118687a-1dbf-4937-8eb2-a9459c8e5f63,NIKE,133903,,,