,,,,,,,,,,,,,,,,,,,,,,
,,,,,,,,,,,,,,,,,,,,,,
,,,,,,,,,,,,,,,,,,,,,,
MARFIM CEARA105140647895606MM420260708-1,NÃO,MARFIM CEARA,105,140647,,89560,ATAC. MR140019 6MM RECICLADO COR 5709 [9865dfd2-9ccd-4d4e-9b1e-fd3ecdcbdf59],6MM,4,43531,,08/07/2026,24/07/2026,-4,25/07/2026,900000,,9865dfd2-9ccd-4d4e-9b1e-fd3ecdcbdf59,,135418,1,
DASS SEST71408239329416MM1592386181805220260714-1,OK,DASS SEST,7,140823,1401203,93294,FITA M31119 C/ GOMA POLIESTER COR 4798 / COR 114 / COR 161 [b9857bc0-0ae5-4dd0-be6b-6a6a008757f3],16MM,15923861,30,818052,14/07/2026,28/07/2026,0,27/07/2026,900001,,b9857bc0-0ae5-4dd0-be6b-6a6a008757f3,FILA,135531,,
DASS SEST7139042701646MM1575681220260527-1,OK,DASS SEST,7,139042,1048885,70164,FITA MFGP C/ GOMA POLIESTER COR 100 [25bce9b2-0ab0-48b4-aa89-fea0cf14ea1d],6MM,15756812,60,0,27/05/2026,30/07/2026,2,28/07/2026,900002,,25bce9b2-0ab0-48b4-aa89-fea0cf14ea1d,FILA,133753,,
DASS SEST71390427016410MM1575681220260527-1,OK,DASS SEST,7,139042,998350,70164,FITA MFGP C/ GOMA POLIESTER COR 100 [822c41e9-acc8-453c-a2b9-db756bdc0fbf],10MM,15756812,90,0,27/05/2026,30/07/2026,2,27/07/2026,900003,,822c41e9-acc8-453c-a2b9-db756bdc0fbf,FILA,133753,,
DASS SEST71390459514616MM1575716520260527-1,OK,DASS SEST,7,139045,1400623,95146,FITA M31119 C/ GOMA POLIESTER COR 447 / COR 114 / COR 114 [cbea02cd-042b-48b2-bae9-72c4b5a902a5],16MM,15757165,180,0,27/05/2026,30/07/2026,2,27/07/2026,900004,,cbea02cd-042b-48b2-bae9-72c4b5a902a5,FILA,133756,,
DASS SEST71392977016410MM1577775820260602-1,OK,DASS SEST,7,139297,998350,70164,FITA MFGP C/ GOMA POLIESTER COR 100 [4bede288-3257-4e40-b623-9b8a41fe39c9],10MM,15777758,120,0,02/06/2026,30/07/2026,2,27/07/2026,900005,,4bede288-3257-4e40-b623-9b8a41fe39c9,FILA,133934,,
DASS SEST7139931781878MM1584965420260622-1,OK,DASS SEST,7,139931,1146621,78187,FITA MFGP C/ GOMA POLIESTER COR 053 [ecada687-4538-4f41-ba05-4dfcdd043959],8MM,15849654,440,0,22/06/2026,30/07/2026,2,27/07/2026,900006,,ecada687-4538-4f41-ba05-4dfcdd043959,FILA,134607,,
DASS SEST71399327016410MM1584965820260622-1,OK,DASS SEST,7,139932,998350,70164,FITA MFGP C/ GOMA POLIESTER COR 100 [e07ca4d3-22b3-4b3b-beee-174d4bd6044a],10MM,15849658,120,0,22/06/2026,30/07/2026,2,27/07/2026,900007,,e07ca4d3-22b3-4b3b-beee-174d4bd6044a,FILA,134608,,
DASS SEST7139932858548MM1584965820260622-1,OK,DASS SEST,7,139932,1269691,85854,FITA MFGP C/ GOMA POLIESTER COR 4039 [64ae3e65-dd5d-4340-9662-4f9bb9382994],8MM,15849658,50,0,22/06/2026,30/07/2026,2,27/07/2026,900008,,64ae3e65-dd5d-4340-9662-4f9bb9382994,FILA,134608,,
DASS SEST71399328910016MM1584965820260622-1,OK,DASS SEST,7,139932,1294763,89100,FITA M31119 C/ GOMA POLIESTER COR 102 / COR 5535 / COR 5535 [ac9681df-bcd5-4f96-93f8-36d761f71cd2],16MM,15849658,170,0,22/06/2026,30/07/2026,2,27/07/2026,900009,,ac9681df-bcd5-4f96-93f8-36d761f71cd2,FILA,134608,,
DASS SEST71399329530016MM1584965820260622-1,OK,DASS SEST,7,139932,1416744,95300,FITA M31119 C/ GOMA POLIESTER COR 814 / COR 100 / COR 100 [c8ecfdb0-ad5d-4d8e-8a19-5ae84e28cd6e],16MM,15849658,90,0,22/06/2026,30/07/2026,2,27/07/2026,900010,,c8ecfdb0-ad5d-4d8e-8a19-5ae84e28cd6e,FILA,134608,,
DASS SEST71399359140716MM1584966320260622-1,OK,DASS SEST,7,139935,1320158,91407,FITA M31119 C/ GOMA POLIESTER COR 324 / COR 5508 / COR 5508 [6db9cfbf-0c03-4260-ab1f-4315ace81b64],16MM,15849663,330,0,22/06/2026,30/07/2026,2,27/07/2026,900011,,6db9cfbf-0c03-4260-ab1f-4315ace81b64,FILA,134611,,
DASS SEST71405709248810MM1589899020260707-1,OK,DASS SEST,7,140570,1403346,92488,FITA MFGP C/ GOMA POLIESTER COR 6001 [21d6c487-e6ab-4c3f-be97-cb26c2882be9],10MM,15898990,70,0,07/07/2026,30/07/2026,2,27/07/2026,900012,,21d6c487-e6ab-4c3f-be97-cb26c2882be9,FILA,135526,,
DASS SEST71408529327412MM1592934220260715-1,OK,DASS SEST,7,140852,1409206,93274,FITA MFGP C/ GOMA POLIESTER COR 458 [19aa6f48-2c31-45b7-a80b-0c6ba4775e50],12MM,15929342,180,0,15/07/2026,30/07/2026,2,27/07/2026,900013,,19aa6f48-2c31-45b7-a80b-0c6ba4775e50,FILA,135563,,
DASS SEST71408537559590CM1592934415928739BR31485420260715-1,OK,DASS SEST,7,140853,1175396,75595,ATAC. M13725 6MM POLIESTER COR 100 [4f5ef9c2-0d3d-482e-8a65-dc4b6c601cc0],90CM,15929344,564,15928739BR314854,15/07/2026,30/07/2026,2,28/07/2026,900014,,4f5ef9c2-0d3d-482e-8a65-dc4b6c601cc0,FILA,135564,,
DASS SEST714085375595100CM1592934415928739BR31485420260715-1,OK,DASS SEST,7,140853,1175396,75595,ATAC. M13725 6MM POLIESTER COR 100 [dc7833f7-82b6-4fab-ab4d-a77bc15e243b],100CM,15929344,492,15928739BR314854,15/07/2026,30/07/2026,2,27/07/2026,900015,,dc7833f7-82b6-4fab-ab4d-a77bc15e243b,FILA,135564,,
DASS SEST71408538966780CM1592934415928740BR31485520260715-1,OK,DASS SEST,7,140853,1314385,89667,ATAC. M13725 6MM POLIESTER COR 5508 [d88db995-6f69-460a-99cc-c007b987d5c4],80CM,15929344,96,15928740BR314855,15/07/2026,30/07/2026,2,27/07/2026,900016,,d88db995-6f69-460a-99cc-c007b987d5c4,FILA,135564,,
DASS SEST71408538966790CM1592934415928740BR31485520260715-1,OK,DASS SEST,7,140853,1314385,89667,ATAC. M13725 6MM POLIESTER COR 5508 [9d2fc507-f33a-41e6-86df-17e8cbad63da],90CM,15929344,444,15928740BR314855,15/07/2026,30/07/2026,2,27/07/2026,900017,,9d2fc507-f33a-41e6-86df-17e8cbad63da,FILA,135564,,
DASS SEST714085389667100CM1592934415928740BR31485520260715-1,OK,DASS SEST,7,140853,1314385,89667,ATAC. M13725 6MM POLIESTER COR 5508 [b287e90b-1dd3-42a6-9e3a-3f9bd2905cb3],100CM,15929344,540,15928740BR314855,15/07/2026,30/07/2026,2,27/07/2026,900018,,b287e90b-1dd3-42a6-9e3a-3f9bd2905cb3,FILA,135564,,
DASS ITABERABA701395599295015MM1581397820260611-1,OK,DASS ITABERABA,70,139559,1403527,92950,FITA M32207 C/ GOMA POLIESTER COR 114 / COR 491 / COR 114 [ec8fd494-b989-4559-a557-19bf64a37779],15MM,15813978,650,0,11/06/2026,30/07/2026,2,28/07/2026,900019,,ec8fd494-b989-4559-a557-19bf64a37779,FILA,134306,,
DASS ITABERABA7013956073819115CM1581399415800638FIL001502-20260611-1,OK,DASS ITABERABA,70,139560,1051608,73819,ATAC. M21020 8MM POLIESTER COR 114 [cd23ba3f-b07a-4f6c-8677-bbc7e025cb74],115CM,15813994,432,15800638FIL001502-,11/06/2026,30/07/2026,2,28/07/2026,900020,,cd23ba3f-b07a-4f6c-8677-bbc7e025cb74,FILA,134307,,
DASS ITABERABA7013956073819125CM1581399415800638FIL001502-20260611-1,OK,DASS ITABERABA,70,139560,1051608,73819,ATAC. M21020 8MM POLIESTER COR 114 [a0654edd-ed9b-4070-ad29-b06f38212163],125CM,15813994,492,15800638FIL001502-,11/06/2026,30/07/2026,2,27/07/2026,900021,,a0654edd-ed9b-4070-ad29-b06f38212163,FILA,134307,,
DASS ITABERABA7013988676524100CM1584494015840444BRITB0053620260619-1,OK,DASS ITABERABA,70,139886,816378,76524,ATAC. M13725 6MM POLIESTER COR 263 [24a7319e-f215-4540-9303-07106252bd39],100CM,15844940,348,15840444BRITB00536,19/06/2026,30/07/2026,2,28/07/2026,900022,,24a7319e-f215-4540-9303-07106252bd39,FILA,134568,,
DASS ITABERABA7013988676524110CM1584494015840451BRITB0053620260619-1,OK,DASS ITABERABA,70,139886,816378,76524,ATAC. M13725 6MM POLIESTER COR 263 [3a614a46-55f8-4a48-b893-cde78aba6747],110CM,15844940,432,15840451BRITB00536,19/06/2026,30/07/2026,2,27/07/2026,900023,,3a614a46-55f8-4a48-b893-cde78aba6747,FILA,134568,,
DASS ITABERABA701399189498290CM1584917615840455BRITB0053720260622-1,OK,DASS ITABERABA,70,139918,1404465,94982,ATAC. M13725 6MM POLIESTER COR 6002 [f5a67df7-3830-4e12-b77c-f34dc942f2fb],90CM,15849176,312,15840455BRITB00537,22/06/2026,30/07/2026,2,27/07/2026,900024,,f5a67df7-3830-4e12-b77c-f34dc942f2fb,FILA,134594,,
DASS ITABERABA7013991894982100CM1584917615840455BRITB0053720260622-1,OK,DASS ITABERABA,70,139918,1404465,94982,ATAC. M13725 6MM POLIESTER COR 6002 [99c7256e-5713-4f1b-aa13-ff492ef66926],100CM,15849176,516,15840455BRITB00537,22/06/2026,30/07/2026,2,27/07/2026,900025,,99c7256e-5713-4f1b-aa13-ff492ef66926,FILA,134594,,
DASS ITABERABA701402079400215MM1586529820260626-1,OK,DASS ITABERABA,70,140207,1425017,94002,FITA MFGP C/ GOMA POLIESTER COR 6103 [c62b9761-f550-4d25-b108-330f064cca9c],15MM,15865298,320,0,26/06/2026,30/07/2026,2,28/07/2026,900026,,c62b9761-f550-4d25-b108-330f064cca9c,ASICS,134957,,
DASS ITABERABA70140208936981.8MM1586530520260626-1,OK,DASS ITABERABA,70,140208,1400178,93698,CORDAO M9099 POLIESTER COR 5451 [246029e7-3471-49cb-b842-b619104817ed],1.8MM,15865305,260,0,26/06/2026,30/07/2026,2,28/07/2026,900027,,246029e7-3471-49cb-b842-b619104817ed,ASICS,134958,,
DASS ITABERABA70140208948761.8MM1586530520260626-1,OK,DASS ITABERABA,70,140208,1400177,94876,CORDAO M9099 POLIESTER COR 6103 [e6897d07-3ab5-4cfc-bc2f-5e2af795d525],1.8MM,15865305,720,0,26/06/2026,30/07/2026,2,27/07/2026,900028,,e6897d07-3ab5-4cfc-bc2f-5e2af795d525,ASICS,134958,,
DASS ITABERABA70140208948771.8MM1586530520260626-1,OK,DASS ITABERABA,70,140208,1406476,94877,CORDAO M9099 POLIESTER COR 6104 [e529fada-acff-4720-8c9c-6110004e2d12],1.8MM,15865305,670,0,26/06/2026,30/07/2026,2,27/07/2026,900029,,e529fada-acff-4720-8c9c-6110004e2d12,ASICS,134958,,
DASS ITABERABA7014021087888120CM1586530015863744ASB005286020260626-1,OK,DASS ITABERABA,70,140210,1310003,87888,ATAC. M18006 POLIESTER COR 5451 [cb35a83e-d323-4863-a309-56e2b4d764f9],120CM,15865300,323,15863744ASB0052860,26/06/2026,30/07/2026,2,28/07/2026,900030,,cb35a83e-d323-4863-a309-56e2b4d764f9,ASICS,134960,,
DASS ITABERABA7014021087888130CM1586530015863744ASB005286020260626-1,OK,DASS ITABERABA,70,140210,1310003,87888,ATAC. M18006 POLIESTER COR 5451 [e24b07ee-ad00-49a1-a9f8-f4eb58303278],130CM,15865300,198,15863744ASB0052860,26/06/2026,30/07/2026,2,27/07/2026,900031,,e24b07ee-ad00-49a1-a9f8-f4eb58303278,ASICS,134960,,
DASS ITABERABA7014021094829110CM1586530015863750ASB005289520260626-1,OK,DASS ITABERABA,70,140210,1400181,94829,ATAC. M18006 POLIESTER COR 6104 [9728bdd4-b371-4f23-8529-162fd4c66a2b],110CM,15865300,890,15863750ASB0052895,26/06/2026,30/07/2026,2,27/07/2026,900032,,9728bdd4-b371-4f23-8529-162fd4c66a2b,ASICS,134960,,
DASS ITABERABA7014021094829120CM1586530015863750ASB005289520260626-1,OK,DASS ITABERABA,70,140210,1400181,94829,ATAC. M18006 POLIESTER COR 6104 [58078206-a90e-4047-885d-e587dabb4f32],120CM,15865300,520,15863750ASB0052895,26/06/2026,30/07/2026,2,27/07/2026,900033,,58078206-a90e-4047-885d-e587dabb4f32,ASICS,134960,,
DASS ITABERABA7014021094830120CM1586530015863747ASB005286520260626-1,OK,DASS ITABERABA,70,140210,1400182,94830,ATAC. M18006 POLIESTER COR 6103 [030935f8-a3e6-4722-853a-082587f69afe],120CM,15865300,771,15863747ASB0052865,26/06/2026,30/07/2026,2,27/07/2026,900034,,030935f8-a3e6-4722-853a-082587f69afe,ASICS,134960,,
DASS ITABERABA7014021094830130CM1586530015863747ASB005286520260626-1,OK,DASS ITABERABA,70,140210,1400182,94830,ATAC. M18006 POLIESTER COR 6103 [c20f4386-ca7f-4150-8d65-0983dc1b9c16],130CM,15865300,677,15863747ASB0052865,26/06/2026,30/07/2026,2,27/07/2026,900035,,c20f4386-ca7f-4150-8d65-0983dc1b9c16,ASICS,134960,,
DASS ITABERABA7014021087264140CM1586530015863670ASB005290520260626-1,OK,DASS ITABERABA,70,140210,1307388,87264,ATAC. 6ALN POLIESTER COR 5151 [d32f7e16-fd91-40ca-8a4a-b62303dd80d9],140CM,15865300,311,15863670ASB0052905,26/06/2026,30/07/2026,2,27/07/2026,900036,,d32f7e16-fd91-40ca-8a4a-b62303dd80d9,ASICS,134960,,
DASS ITABERABA7014021089369140CM1586530015863669ASB005290420260626-1,OK,DASS ITABERABA,70,140210,1341986,89369,ATAC. 6ALN POLIESTER COR 5711 [9b38862c-5550-4331-a050-4b9f1229b897],140CM,15865300,373,15863669ASB0052904,26/06/2026,30/07/2026,2,27/07/2026,900037,,9b38862c-5550-4331-a050-4b9f1229b897,ASICS,134960,,
DASS ITABERABA7014021085476130CM1586530015863674ASB005291820260626-1,OK,DASS ITABERABA,70,140210,1231865,85476,ATAC. M22037 6MM REFLEX COR 4085/1 [44c5db86-6159-4a5b-af22-8fc0be1cfb0e],130CM,15865300,1015,15863674ASB0052918,26/06/2026,30/07/2026,2,27/07/2026,900038,,44c5db86-6159-4a5b-af22-8fc0be1cfb0e,ASICS,134960,,
DASS ITABERABA7014021085476130CM1586530015863675ASB005291820260626-1,OK,DASS ITABERABA,70,140210,1231865,85476,ATAC. M22037 6MM REFLEX COR 4085/1 [0d7d042e-fcad-41be-b46b-5741b88c8d65],130CM,15865300,1052,15863675ASB0052918,26/06/2026,30/07/2026,2,27/07/2026,900039,,0d7d042e-fcad-41be-b46b-5741b88c8d65,ASICS,134960,,
DASS ITABERABA7014021085476130CM1586530015863673ASB005291920260626-1,OK,DASS ITABERABA,70,140210,1231865,85476,ATAC. M22037 6MM REFLEX COR 4085/1 [fe48212f-cbe2-4148-b531-aa1637d5c5ae],130CM,15865300,156,15863673ASB0052919,26/06/2026,30/07/2026,2,27/07/2026,900040,,fe48212f-cbe2-4148-b531-aa1637d5c5ae,ASICS,134960,,
DASS ITABERABA7014021085476140CM1586530015863674ASB005291820260626-1,OK,DASS ITABERABA,70,140210,1231865,85476,ATAC. M22037 6MM REFLEX COR 4085/1 [50104da4-95af-4a05-a36f-086a75baaa8e],140CM,15865300,360,15863674ASB0052918,26/06/2026,30/07/2026,2,27/07/2026,900041,,50104da4-95af-4a05-a36f-086a75baaa8e,ASICS,134960,,
DASS ITABERABA7014021085476140CM1586530015863675ASB005291820260626-1,OK,DASS ITABERABA,70,140210,1231865,85476,ATAC. M22037 6MM REFLEX COR 4085/1 [507e6b62-cee7-452c-b1bc-a41cdfdd449d],140CM,15865300,381,15863675ASB0052918,26/06/2026,30/07/2026,2,27/07/2026,900042,,507e6b62-cee7-452c-b1bc-a41cdfdd449d,ASICS,134960,,
DASS ITABERABA7014021085476140CM1586530015863673ASB005291920260626-1,OK,DASS ITABERABA,70,140210,1231865,85476,ATAC. M22037 6MM REFLEX COR 4085/1 [2c1689ca-6315-433a-8164-c3438bbd2b35],140CM,15865300,155,15863673ASB0052919,26/06/2026,30/07/2026,2,27/07/2026,900043,,2c1689ca-6315-433a-8164-c3438bbd2b35,ASICS,134960,,
DASS ITABERABA7014021091133130CM1586530015863676ASB005292020260626-1,OK,DASS ITABERABA,70,140210,1365482,91133,ATAC. M22037 6MM REFLEX COR 5711 [eb77e79e-6494-4db9-8998-a842f914ef8f],130CM,15865300,942,15863676ASB0052920,26/06/2026,30/07/2026,2,27/07/2026,900044,,eb77e79e-6494-4db9-8998-a842f914ef8f,ASICS,134960,,
DASS ITABERABA7014021091133130CM1586530015863677ASB005292020260626-1,OK,DASS ITABERABA,70,140210,1365482,91133,ATAC. M22037 6MM REFLEX COR 5711 [5235b8d8-6353-4d38-beb0-6da03d7f9bd0],130CM,15865300,962,15863677ASB0052920,26/06/2026,30/07/2026,2,27/07/2026,900045,,5235b8d8-6353-4d38-beb0-6da03d7f9bd0,ASICS,134960,,
DASS ITABERABA7014021091133140CM1586530015863676ASB005292020260626-1,OK,DASS ITABERABA,70,140210,1365482,91133,ATAC. M22037 6MM REFLEX COR 5711 [29ba2c1c-779c-419e-aef6-9894368eaea6],140CM,15865300,288,15863676ASB0052920,26/06/2026,30/07/2026,2,27/07/2026,900046,,29ba2c1c-779c-419e-aef6-9894368eaea6,ASICS,134960,,
DASS ITABERABA7014021091133140CM1586530015863677ASB005292020260626-1,OK,DASS ITABERABA,70,140210,1365482,91133,ATAC. M22037 6MM REFLEX COR 5711 [7a675707-e68c-4bee-bf56-3cea9775d277],140CM,15865300,305,15863677ASB0052920,26/06/2026,30/07/2026,2,27/07/2026,900047,,7a675707-e68c-4bee-bf56-3cea9775d277,ASICS,134960,,
DASS ITABERABA7014021094773130CM1586530015863678ASB005292120260626-1,OK,DASS ITABERABA,70,140210,1392977,94773,ATAC. M22037 6MM REFLEX COR 6127/1 [6a55265d-46d1-4aa9-9e60-48e7b7ffcc85],130CM,15865300,834,15863678ASB0052921,26/06/2026,30/07/2026,2,27/07/2026,900048,,6a55265d-46d1-4aa9-9e60-48e7b7ffcc85,ASICS,134960,,
DASS ITABERABA7014021094773130CM1586530015863679ASB005292120260626-1,OK,DASS ITABERABA,70,140210,1392977,94773,ATAC. M22037 6MM REFLEX COR 6127/1 [98457748-a316-4d22-86e8-bf008b65acdd],130CM,15865300,873,15863679ASB0052921,26/06/2026,30/07/2026,2,27/07/2026,900049,,98457748-a316-4d22-86e8-bf008b65acdd,ASICS,134960,,
DASS ITABERABA7014021094773130CM1586530015863680ASB005292220260626-1,OK,DASS ITABERABA,70,140210,1392977,94773,ATAC. M22037 6MM REFLEX COR 6127/1 [2ef103bc-ab54-4dad-a62d-d69569afda27],130CM,15865300,57,15863680ASB0052922,26/06/2026,30/07/2026,2,27/07/2026,900050,,2ef103bc-ab54-4dad-a62d-d69569afda27,ASICS,134960,,
DASS ITABERABA7014021094773140CM1586530015863678ASB005292120260626-1,OK,DASS ITABERABA,70,140210,1392977,94773,ATAC. M22037 6MM REFLEX COR 6127/1 [6ff17e38-033e-4eb2-b29a-9e4358461791],140CM,15865300,300,15863678ASB0052921,26/06/2026,30/07/2026,2,27/07/2026,900051,,6ff17e38-033e-4eb2-b29a-9e4358461791,ASICS,134960,,
DASS ITABERABA7014021094773140CM1586530015863679ASB005292120260626-1,OK,DASS ITABERABA,70,140210,1392977,94773,ATAC. M22037 6MM REFLEX COR 6127/1 [ab6416b2-8f36-40e5-af07-d84113a6c923],140CM,15865300,343,15863679ASB0052921,26/06/2026,30/07/2026,2,27/07/2026,900052,,ab6416b2-8f36-40e5-af07-d84113a6c923,ASICS,134960,,
DASS ITABERABA7014021094773140CM1586530015863680ASB005292220260626-1,OK,DASS ITABERABA,70,140210,1392977,94773,ATAC. M22037 6MM REFLEX COR 6127/1 [c3f90b80-e8ab-492b-9aa1-70ed1273bdf4],140CM,15865300,56,15863680ASB0052922,26/06/2026,30/07/2026,2,27/07/2026,900053,,c3f90b80-e8ab-492b-9aa1-70ed1273bdf4,ASICS,134960,,
DASS ITABERABA7014021076319130CM1586530015863728ASB005293620260626-1,OK,DASS ITABERABA,70,140210,1245215,76319,ATAC. 6AL 6MM POLIESTER COR 4085 [c21d4f4f-e315-4114-bef1-83bd3529afd6],130CM,15865300,240,15863728ASB0052936,26/06/2026,30/07/2026,2,27/07/2026,900054,,c21d4f4f-e315-4114-bef1-83bd3529afd6,ASICS,134960,,
DASS ITABERABA7014021076319140CM1586530015863728ASB005293620260626-1,OK,DASS ITABERABA,70,140210,1245215,76319,ATAC. 6AL 6MM POLIESTER COR 4085 [7ad96604-a0dc-488a-961c-1ae15db1cdba],140CM,15865300,109,15863728ASB0052936,26/06/2026,30/07/2026,2,27/07/2026,900055,,7ad96604-a0dc-488a-961c-1ae15db1cdba,ASICS,134960,,
DASS ITABERABA7014021085474130CM1586530015863729ASB005293920260626-1,OK,DASS ITABERABA,70,140210,1245217,85474,ATAC. 6AL 6MM POLIESTER COR 5151 [8ef890be-45cc-4130-a32a-0c71d5ab5af4],130CM,15865300,225,15863729ASB0052939,26/06/2026,30/07/2026,2,27/07/2026,900056,,8ef890be-45cc-4130-a32a-0c71d5ab5af4,ASICS,134960,,
DASS ITABERABA7014021085474140CM1586530015863729ASB005293920260626-1,OK,DASS ITABERABA,70,140210,1245217,85474,ATAC. 6AL 6MM POLIESTER COR 5151 [2851945a-c476-4ba8-ada8-6fde0cd3ad86],140CM,15865300,112,15863729ASB0052939,26/06/2026,30/07/2026,2,27/07/2026,900057,,2851945a-c476-4ba8-ada8-6fde0cd3ad86,ASICS,134960,,
DASS ITABERABA7014021092274120CM1586530015863730ASB005296720260626-1,OK,DASS ITABERABA,70,140210,1365481,92274,ATAC. 6AL 6MM POLIESTER COR 5711 [c41d4057-456a-4f05-a30f-914cb2798aee],120CM,15865300,308,15863730ASB0052967,26/06/2026,30/07/2026,2,27/07/2026,900058,,c41d4057-456a-4f05-a30f-914cb2798aee,ASICS,134960,,
DASS ITABERABA7014021092274130CM1586530015863730ASB005296720260626-1,OK,DASS ITABERABA,70,140210,1365481,92274,ATAC. 6AL 6MM POLIESTER COR 5711 [bbeee6c1-21ec-4acd-b2a0-f98164031ad2],130CM,15865300,164,15863730ASB0052967,26/06/2026,30/07/2026,2,27/07/2026,900059,,bbeee6c1-21ec-4acd-b2a0-f98164031ad2,ASICS,134960,,
DASS ITABERABA701405157016415MM1589225220260706-1,OK,DASS ITABERABA,70,140515,783896,70164,FITA MFGP C/ GOMA POLIESTER COR 100 [ad5df048-80b3-44ea-a8f0-1ae983cecb83],15MM,15892252,720,0,06/07/2026,30/07/2026,2,28/07/2026,900060,,ad5df048-80b3-44ea-a8f0-1ae983cecb83,FILA,135192,,
DASS ITABERABA701405159042215MM1589225220260706-1,OK,DASS ITABERABA,70,140515,1354620,90422,FITA MFGP C/ GOMA POLIESTER COR 5703 [63a685cc-8588-485e-a6d8-8aa06843a652],15MM,15892252,110,0,06/07/2026,30/07/2026,2,27/07/2026,900061,,63a685cc-8588-485e-a6d8-8aa06843a652,FILA,135192,,
DASS ITABERABA701405159230015MM1589225220260706-1,OK,DASS ITABERABA,70,140515,1386952,92300,FITA MFGP C/ GOMA POLIESTER COR 788 [b2433932-73b0-4d3c-bc87-72bbcd65a97d],15MM,15892252,340,0,06/07/2026,30/07/2026,2,27/07/2026,900062,,b2433932-73b0-4d3c-bc87-72bbcd65a97d,FILA,135192,,
DASS ITABERABA701409739509215MM1593526420260720-1,OK,DASS ITABERABA,70,140973,1413355,95092,FITA MFGP C/ GOMA POLIESTER COR 599 / COR 100 / COR 599 [76320e24-6d39-4b85-b746-8c81c4216f13],15MM,15935264,20,0,20/07/2026,30/07/2026,2,28/07/2026,900063,,76320e24-6d39-4b85-b746-8c81c4216f13,FILA,135660,,
DASS VITORIA39114070995643110CM1591133815909872BRI010359-20260709-1,OK,DASS VITORIA,391,140709,827533,95643,ATAC. M13801 POLIESTER COR 100 [52829011-e0ab-4394-bdae-2e55963317cd],110CM,15911338,300,15909872BRI010359-,09/07/2026,30/07/2026,2,28/07/2026,900064,,52829011-e0ab-4394-bdae-2e55963317cd,UMBRO,135432,,CONTA E ORDEM VITÓRIA X ITABERABA
DASS VITORIA39114070995643110CM1591133815909873BRI010359-20260709-1,OK,DASS VITORIA,391,140709,827533,95643,ATAC. M13801 POLIESTER COR 100 [f33d670c-1f12-44c9-b285-8de7c7a9b3dc],110CM,15911338,288,15909873BRI010359-,09/07/2026,30/07/2026,2,27/07/2026,900065,,f33d670c-1f12-44c9-b285-8de7c7a9b3dc,UMBRO,135432,,CONTA E ORDEM VITÓRIA X ITABERABA
DASS VITORIA39114070995643110CM1591133815909874BRI01036020260709-1,OK,DASS VITORIA,391,140709,827533,95643,ATAC. M13801 POLIESTER COR 100 [81aefdb8-447e-461a-8146-e92068049411],110CM,15911338,528,15909874BRI010360,09/07/2026,30/07/2026,2,27/07/2026,900066,,81aefdb8-447e-461a-8146-e92068049411,UMBRO,135432,,CONTA E ORDEM VITÓRIA X ITABERABA
DASS VITORIA39114070995643120CM1591133815909872BRI010359-20260709-1,OK,DASS VITORIA,391,140709,827533,95643,ATAC. M13801 POLIESTER COR 100 [88a00851-bd2e-4743-ab9b-03015cace4d2],120CM,15911338,540,15909872BRI010359-,09/07/2026,30/07/2026,2,27/07/2026,900067,,88a00851-bd2e-4743-ab9b-03015cace4d2,UMBRO,135432,,CONTA E ORDEM VITÓRIA X ITABERABA
DASS VITORIA39114070995643120CM1591133815909873BRI010359-20260709-1,OK,DASS VITORIA,391,140709,827533,95643,ATAC. M13801 POLIESTER COR 100 [c15f5767-9213-4ece-83bb-87f12e89792d],120CM,15911338,540,15909873BRI010359-,09/07/2026,30/07/2026,2,27/07/2026,900068,,c15f5767-9213-4ece-83bb-87f12e89792d,UMBRO,135432,,CONTA E ORDEM VITÓRIA X ITABERABA
DASS VITORIA39114070995643120CM1591133815909874BRI01036020260709-1,OK,DASS VITORIA,391,140709,827533,95643,ATAC. M13801 POLIESTER COR 100 [308d719b-a402-46d3-90d9-c206ce1a5f34],120CM,15911338,948,15909874BRI010360,09/07/2026,30/07/2026,2,27/07/2026,900069,,308d719b-a402-46d3-90d9-c206ce1a5f34,UMBRO,135432,,CONTA E ORDEM VITÓRIA X ITABERABA
DASS VITORIA39114070995644110CM1591133815909876BRI010361-20260709-1,OK,DASS VITORIA,391,140709,827530,95644,ATAC. M13801 POLIESTER COR 102 [f06fc937-017a-4d92-a50b-bf3321d33743],110CM,15911338,420,15909876BRI010361-,09/07/2026,30/07/2026,2,27/07/2026,900070,,f06fc937-017a-4d92-a50b-bf3321d33743,UMBRO,135432,,CONTA E ORDEM VITÓRIA X ITABERABA
DASS VITORIA39114070995644110CM1591133815909877BRI010361-20260709-1,OK,DASS VITORIA,391,140709,827530,95644,ATAC. M13801 POLIESTER COR 102 [90f5c99f-b348-44f5-ac91-507faa3435d2],110CM,15911338,432,15909877BRI010361-,09/07/2026,30/07/2026,2,27/07/2026,900071,,90f5c99f-b348-44f5-ac91-507faa3435d2,UMBRO,135432,,CONTA E ORDEM VITÓRIA X ITABERABA
DASS VITORIA39114070995644120CM1591133815909876BRI010361-20260709-1,OK,DASS VITORIA,391,140709,827530,95644,ATAC. M13801 POLIESTER COR 102 [f5b5812f-665e-415c-aee0-ee844cfcf8f2],120CM,15911338,540,15909876BRI010361-,09/07/2026,30/07/2026,2,27/07/2026,900072,,f5b5812f-665e-415c-aee0-ee844cfcf8f2,UMBRO,135432,,CONTA E ORDEM VITÓRIA X ITABERABA
DASS VITORIA39114070995644120CM1591133815909877BRI010361-20260709-1,OK,DASS VITORIA,391,140709,827530,95644,ATAC. M13801 POLIESTER COR 102 [a7f419d3-af0c-41f6-8117-0f327f51b621],120CM,15911338,528,15909877BRI010361-,09/07/2026,30/07/2026,2,27/07/2026,900073,,a7f419d3-af0c-41f6-8117-0f327f51b621,UMBRO,135432,,CONTA E ORDEM VITÓRIA X ITABERABA
DASS VITORIA3911407106962312MM1591254120260709-1,OK,DASS VITORIA,391,140710,124428,69623,FITA MFGP POLIESTER COR 102 [0f24c8e3-c1a0-4456-880d-fec0d2b88cac],12MM,15912541,30,0,09/07/2026,30/07/2026,2,28/07/2026,900074,,0f24c8e3-c1a0-4456-880d-fec0d2b88cac,UMBRO,135433,,CONTA E ORDEM VITÓRIA X SANTO ANTÔNIO DE JESUS
BIBI8051408817025315MM383172020260716-1,NÃO,BIBI,805,140881,467297,70253,FITA M4027 C/ GOMA POLIESTER COR 100 [d38e2931-062a-4385-82be-9514196529e8],15MM,3831720,1000,,16/07/2026,30/07/2026,2,28/07/2026,900075,,d38e2931-062a-4385-82be-9514196529e8,,135588,,
DASS ITABERABA70140934930221.8MM1593828681962120260717-1,OK,DASS ITABERABA,70,140934,1400176,93022,CORDAO M9099 POLIESTER COR 4085 [786a700e-fe7d-4de5-90eb-60836d43e746],1.8MM,15938286,90,819621,17/07/2026,31/07/2026,3,28/07/2026,900076,,786a700e-fe7d-4de5-90eb-60836d43e746,Obs: RNC 87667,135621,,
DASS VITORIA39114093595644110CM1593911715936834BRI010392-20260717-1,OK,DASS VITORIA,391,140935,827530,95644,ATAC. M13801 POLIESTER COR 102 [d3ff2864-656d-4ec2-9dda-c0bc74691063],110CM,15939117,444,15936834BRI010392-,17/07/2026,31/07/2026,3,28/07/2026,900077,,d3ff2864-656d-4ec2-9dda-c0bc74691063,UMBRO,135622,,CONTA E ORDEM VITÓRIA X ITABERABA
DASS VITORIA39114093595644110CM1593911715936836BRI010392-20260717-1,OK,DASS VITORIA,391,140935,827530,95644,ATAC. M13801 POLIESTER COR 102 [e563fc4b-16f7-489d-801e-f17881433210],110CM,15939117,456,15936836BRI010392-,17/07/2026,31/07/2026,3,27/07/2026,900078,,e563fc4b-16f7-489d-801e-f17881433210,UMBRO,135622,,CONTA E ORDEM VITÓRIA X ITABERABA
DASS VITORIA39114093595644110CM1593911715936837BRI010393-20260717-1,OK,DASS VITORIA,391,140935,827530,95644,ATAC. M13801 POLIESTER COR 102 [cd38e1e1-b024-4c3c-891e-63885ee85d04],110CM,15939117,336,15936837BRI010393-,17/07/2026,31/07/2026,3,27/07/2026,900079,,cd38e1e1-b024-4c3c-891e-63885ee85d04,UMBRO,135622,,CONTA E ORDEM VITÓRIA X ITABERABA
DASS VITORIA39114093595644110CM1593911715936838BRI010393-20260717-1,OK,DASS VITORIA,391,140935,827530,95644,ATAC. M13801 POLIESTER COR 102 [2a51fd9d-063f-49df-a73b-51e0e140defd],110CM,15939117,348,15936838BRI010393-,17/07/2026,31/07/2026,3,27/07/2026,900080,,2a51fd9d-063f-49df-a73b-51e0e140defd,UMBRO,135622,,CONTA E ORDEM VITÓRIA X ITABERABA
DASS VITORIA39114093595644110CM1593911715936839BRI010394-20260717-1,OK,DASS VITORIA,391,140935,827530,95644,ATAC. M13801 POLIESTER COR 102 [63deb415-fec5-480d-8d39-fd3b457c3530],110CM,15939117,324,15936839BRI010394-,17/07/2026,31/07/2026,3,27/07/2026,900081,,63deb415-fec5-480d-8d39-fd3b457c3530,UMBRO,135622,,CONTA E ORDEM VITÓRIA X ITABERABA
DASS VITORIA39114093595644110CM1593911715936840BRI010394-20260717-1,OK,DASS VITORIA,391,140935,827530,95644,ATAC. M13801 POLIESTER COR 102 [d1ef58ab-d641-4029-bdd9-a3cce6bebc58],110CM,15939117,336,15936840BRI010394-,17/07/2026,31/07/2026,3,27/07/2026,900082,,d1ef58ab-d641-4029-bdd9-a3cce6bebc58,UMBRO,135622,,CONTA E ORDEM VITÓRIA X ITABERABA
DASS VITORIA39114093595644120CM1593911715936834BRI010392-20260717-1,OK,DASS VITORIA,391,140935,827530,95644,ATAC. M13801 POLIESTER COR 102 [a4aa152e-a74e-428a-b870-6eddd5d688e7],120CM,15939117,612,15936834BRI010392-,17/07/2026,31/07/2026,3,27/07/2026,900083,,a4aa152e-a74e-428a-b870-6eddd5d688e7,UMBRO,135622,,CONTA E ORDEM VITÓRIA X ITABERABA
DASS VITORIA39114093595644120CM1593911715936836BRI010392-20260717-1,OK,DASS VITORIA,391,140935,827530,95644,ATAC. M13801 POLIESTER COR 102 [e0af1260-972a-4725-aa5f-40496db791c9],120CM,15939117,636,15936836BRI010392-,17/07/2026,31/07/2026,3,27/07/2026,900084,,e0af1260-972a-4725-aa5f-40496db791c9,UMBRO,135622,,CONTA E ORDEM VITÓRIA X ITABERABA
DASS VITORIA39114093595644120CM1593911715936837BRI010393-20260717-1,OK,DASS VITORIA,391,140935,827530,95644,ATAC. M13801 POLIESTER COR 102 [45ef89b6-1436-4d3c-96dd-706d404a924d],120CM,15939117,552,15936837BRI010393-,17/07/2026,31/07/2026,3,27/07/2026,900085,,45ef89b6-1436-4d3c-96dd-706d404a924d,UMBRO,135622,,CONTA E ORDEM VITÓRIA X ITABERABA
DASS VITORIA39114093595644120CM1593911715936838BRI010393-20260717-1,OK,DASS VITORIA,391,140935,827530,95644,ATAC. M13801 POLIESTER COR 102 [0b4639c7-4d21-4a3e-acd6-3a197bcf4bcc],120CM,15939117,588,15936838BRI010393-,17/07/2026,31/07/2026,3,27/07/2026,900086,,0b4639c7-4d21-4a3e-acd6-3a197bcf4bcc,UMBRO,135622,,CONTA E ORDEM VITÓRIA X ITABERABA
DASS VITORIA39114093595644120CM1593911715936839BRI010394-20260717-1,OK,DASS VITORIA,391,140935,827530,95644,ATAC. M13801 POLIESTER COR 102 [ccaaf818-ce95-45b3-b271-37822d55f42c],120CM,15939117,552,15936839BRI010394-,17/07/2026,31/07/2026,3,27/07/2026,900087,,ccaaf818-ce95-45b3-b271-37822d55f42c,UMBRO,135622,,CONTA E ORDEM VITÓRIA X ITABERABA
DASS VITORIA39114093595644120CM1593911715936840BRI010394-20260717-1,OK,DASS VITORIA,391,140935,827530,95644,ATAC. M13801 POLIESTER COR 102 [9de7e727-1923-4ad8-b99e-99bd703b4043],120CM,15939117,552,15936840BRI010394-,17/07/2026,31/07/2026,3,27/07/2026,900088,,9de7e727-1923-4ad8-b99e-99bd703b4043,UMBRO,135622,,CONTA E ORDEM VITÓRIA X ITABERABA
DASS VITORIA3911409547327615MM1593911620260717-1,OK,DASS VITORIA,391,140954,719432,73276,FITA MFGP POLIESTER COR 057 [b18e8383-87a3-4f11-adc0-3576c35a1dc2],15MM,15939116,2100,0,17/07/2026,31/07/2026,3,28/07/2026,900089,,b18e8383-87a3-4f11-adc0-3576c35a1dc2,UMBRO,135641,,CONTA E ORDEM VITÓRIA X ITABERABA
DASS VITORIA3911409547478015MM1593911620260717-1,OK,DASS VITORIA,391,140954,1410184,74780,FITA MFGP POLIESTER COR 263 [04da00e9-5f42-485b-9470-63a46b0d63fe],15MM,15939116,400,0,17/07/2026,31/07/2026,3,27/07/2026,900090,,04da00e9-5f42-485b-9470-63a46b0d63fe,UMBRO,135641,,CONTA E ORDEM VITÓRIA X ITABERABA
BIBI8051410317025315MM383214620260721-1,NÃO,BIBI,805,141031,467297,70253,FITA M4027 C/ GOMA POLIESTER COR 100 [9a6937dd-75d0-4f2e-a84b-9a76b3931d37],15MM,3832146,2000,,21/07/2026,31/07/2026,3,28/07/2026,900091,,9a6937dd-75d0-4f2e-a84b-9a76b3931d37,,135724,,
BIBI8051410317558215MM383214620260721-1,NÃO,BIBI,805,141031,514953,75582,FITA M4027 C/ GOMA LEVE POLIESTER COR 088 [3a9178b0-bc62-4ca4-8b15-ae50f2c81546],15MM,3832146,1000,,21/07/2026,31/07/2026,3,27/07/2026,900092,,3a9178b0-bc62-4ca4-8b15-ae50f2c81546,,135724,,
DASS SEST71372898697895CM1554204015538731NBR328269120260410-1,OK,DASS SEST,7,137289,1299257,86978,ATAC. MR130027 6MM RECICLADO COR 4085/PET [d07e7960-e47f-4a9f-98b4-dfb8afa92f1d],95CM,15542040,396,15538731NBR3282691,10/04/2026,03/08/2026,6,28/07/2026,900093,,d07e7960-e47f-4a9f-98b4-dfb8afa92f1d,NIKE,132095,,
DASS SEST71372898697895CM1554204015538734NBR328269120260410-1,OK,DASS SEST,7,137289,1299257,86978,ATAC. MR130027 6MM RECICLADO COR 4085/PET [f8e5a1c2-7c54-447a-a13b-c1d2623bac28],95CM,15542040,372,15538734NBR3282691,10/04/2026,03/08/2026,6,27/07/2026,900094,,f8e5a1c2-7c54-447a-a13b-c1d2623bac28,NIKE,132095,,
DASS SEST71372898697895CM1554204015538735NBR328269120260410-1,OK,DASS SEST,7,137289,1299257,86978,ATAC. MR130027 6MM RECICLADO COR 4085/PET [1cf8ad08-fe76-48de-beb9-bcf4457f4879],95CM,15542040,414,15538735NBR3282691,10/04/2026,03/08/2026,6,27/07/2026,900095,,1cf8ad08-fe76-48de-beb9-bcf4457f4879,NIKE,132095,,
DASS SEST713728986978100CM1554204015538731NBR328269120260410-1,OK,DASS SEST,7,137289,1299257,86978,ATAC. MR130027 6MM RECICLADO COR 4085/PET [936c89a0-3f1e-4a14-bb66-8593d1521403],100CM,15542040,495,15538731NBR3282691,10/04/2026,03/08/2026,6,27/07/2026,900096,,936c89a0-3f1e-4a14-bb66-8593d1521403,NIKE,132095,,
DASS SEST713728986978100CM1554204015538734NBR328269120260410-1,OK,DASS SEST,7,137289,1299257,86978,ATAC. MR130027 6MM RECICLADO COR 4085/PET [a5b7f8fa-0e30-4481-937a-7c7cbcb94d81],100CM,15542040,480,15538734NBR3282691,10/04/2026,03/08/2026,6,27/07/2026,900097,,a5b7f8fa-0e30-4481-937a-7c7cbcb94d81,NIKE,132095,,
DASS SEST713728986978100CM1554204015538735NBR328269120260410-1,OK,DASS SEST,7,137289,1299257,86978,ATAC. MR130027 6MM RECICLADO COR 4085/PET [3c608d36-b62c-4b24-a241-de79eb08b07f],100CM,15542040,516,15538735NBR3282691,10/04/2026,03/08/2026,6,27/07/2026,900098,,3c608d36-b62c-4b24-a241-de79eb08b07f,NIKE,132095,,
DASS SEST713728986978105CM1554204015538731NBR328269120260410-1,OK,DASS SEST,7,137289,1299257,86978,ATAC. MR130027 6MM RECICLADO COR 4085/PET [fa80935d-4df5-451c-88dc-49ec59806342],105CM,15542040,60,15538731NBR3282691,10/04/2026,03/08/2026,6,27/07/2026,900099,,fa80935d-4df5-451c-88dc-49ec59806342,NIKE,132095,,
DASS SEST713728986978105CM1554204015538734NBR328269120260410-1,OK,DASS SEST,7,137289,1299257,86978,ATAC. MR130027 6MM RECICLADO COR 4085/PET [cba69ffc-d4df-4258-8001-1959591bca5e],105CM,15542040,60,15538734NBR3282691,10/04/2026,03/08/2026,6,27/07/2026,900100,,cba69ffc-d4df-4258-8001-1959591bca5e,NIKE,132095,,
DASS SEST713728986978105CM1554204015538735NBR328269120260410-1,OK,DASS SEST,7,137289,1299257,86978,ATAC. MR130027 6MM RECICLADO COR 4085/PET [6b8c12ed-5fa4-40dc-a3d4-c738d57bf8df],105CM,15542040,60,15538735NBR3282691,10/04/2026,03/08/2026,6,27/07/2026,900101,,6b8c12ed-5fa4-40dc-a3d4-c738d57bf8df,NIKE,132095,,
DASS SEST713728995028100CM1554204015538743NBR328267920260410-1,OK,DASS SEST,7,137289,1410668,95028,ATAC. MR130027 6MM RECICLADO COR 5422/PET [f2e02632-1d92-4ca2-9251-f55b4c54fcac],100CM,15542040,192,15538743NBR3282679,10/04/2026,03/08/2026,6,27/07/2026,900102,,f2e02632-1d92-4ca2-9251-f55b4c54fcac,NIKE,132095,,
DASS SEST713728995028100CM1554204015538744NBR328267920260410-1,OK,DASS SEST,7,137289,1410668,95028,ATAC. MR130027 6MM RECICLADO COR 5422/PET [7911d836-de5a-486d-a98f-3ef9c4bbe910],100CM,15542040,168,15538744NBR3282679,10/04/2026,03/08/2026,6,27/07/2026,900103,,7911d836-de5a-486d-a98f-3ef9c4bbe910,NIKE,132095,,
DASS SEST713728995028100CM1554204015538745NBR328267920260410-1,OK,DASS SEST,7,137289,1410668,95028,ATAC. MR130027 6MM RECICLADO COR 5422/PET [3e198a3e-ab13-4ab1-a72f-adf13a68f05b],100CM,15542040,216,15538745NBR3282679,10/04/2026,03/08/2026,6,27/07/2026,900104,,3e198a3e-ab13-4ab1-a72f-adf13a68f05b,NIKE,132095,,
DASS SEST713728995028105CM1554204015538743NBR328267920260410-1,OK,DASS SEST,7,137289,1410668,95028,ATAC. MR130027 6MM RECICLADO COR 5422/PET [3a819e12-6882-41d4-bca5-7834c7fd0651],105CM,15542040,795,15538743NBR3282679,10/04/2026,03/08/2026,6,27/07/2026,900105,,3a819e12-6882-41d4-bca5-7834c7fd0651,NIKE,132095,,
DASS SEST713728995028105CM1554204015538744NBR328267920260410-1,OK,DASS SEST,7,137289,1410668,95028,ATAC. MR130027 6MM RECICLADO COR 5422/PET [f20f571d-5388-4603-a664-80bd327cad77],105CM,15542040,576,15538744NBR3282679,10/04/2026,03/08/2026,6,27/07/2026,900106,,f20f571d-5388-4603-a664-80bd327cad77,NIKE,132095,,
DASS SEST713728995028105CM1554204015538745NBR328267920260410-1,OK,DASS SEST,7,137289,1410668,95028,ATAC. MR130027 6MM RECICLADO COR 5422/PET [7cecbaee-45b5-48bc-96c9-274f8e282292],105CM,15542040,402,15538745NBR3282679,10/04/2026,03/08/2026,6,27/07/2026,900107,,7cecbaee-45b5-48bc-96c9-274f8e282292,NIKE,132095,,
DASS SEST713728995028110CM1554204015538743NBR328267920260410-1,OK,DASS SEST,7,137289,1410668,95028,ATAC. MR130027 6MM RECICLADO COR 5422/PET [c270a7b7-5f96-4dc3-a2bd-32487238469e],110CM,15542040,168,15538743NBR3282679,10/04/2026,03/08/2026,6,27/07/2026,900108,,c270a7b7-5f96-4dc3-a2bd-32487238469e,NIKE,132095,,
DASS SEST713728995028110CM1554204015538744NBR328267920260410-1,OK,DASS SEST,7,137289,1410668,95028,ATAC. MR130027 6MM RECICLADO COR 5422/PET [1100d530-7e48-4d74-868f-a04f7bfa31e3],110CM,15542040,156,15538744NBR3282679,10/04/2026,03/08/2026,6,27/07/2026,900109,,1100d530-7e48-4d74-868f-a04f7bfa31e3,NIKE,132095,,
DASS SEST713728995028110CM1554204015538745NBR328267920260410-1,OK,DASS SEST,7,137289,1410668,95028,ATAC. MR130027 6MM RECICLADO COR 5422/PET [3687b275-fc9b-423d-9a35-71fb834fde8f],110CM,15542040,192,15538745NBR3282679,10/04/2026,03/08/2026,6,27/07/2026,900110,,3687b275-fc9b-423d-9a35-71fb834fde8f,NIKE,132095,,
DASS SEST71379357655590CM1563208815625162NBR328268020260428-1,OK,DASS SEST,7,137935,1070873,76555,ATAC. MR130011 5MM RECICLADO COR 4085 [5fa6ea4d-8b59-4060-bee0-8e64044de7cc],90CM,15632088,998,15625162NBR3282680,28/04/2026,03/08/2026,6,28/07/2026,900111,,5fa6ea4d-8b59-4060-bee0-8e64044de7cc,NIKE,132712,,
DASS SEST71379357655595CM1563208815625162NBR328268020260428-1,OK,DASS SEST,7,137935,1070873,76555,ATAC. MR130011 5MM RECICLADO COR 4085 [b9ab5bca-3eb3-4a54-8f1e-e3c08c922595],95CM,15632088,336,15625162NBR3282680,28/04/2026,03/08/2026,6,27/07/2026,900112,,b9ab5bca-3eb3-4a54-8f1e-e3c08c922595,NIKE,132712,,
DASS SEST713793592568115CM1563208815625151NBR328277420260428-1,OK,DASS SEST,7,137935,1027849,92568,ATAC. MR110012 8MM RECICLADO COR 4085/PET [f14b2660-762b-491b-b90a-9c4fc3d2e7b4],115CM,15632088,222,15625151NBR3282774,28/04/2026,03/08/2026,6,27/07/2026,900113,,f14b2660-762b-491b-b90a-9c4fc3d2e7b4,NIKE,132712,,
DASS SEST713793592568115CM1563208815625152NBR328277420260428-1,OK,DASS SEST,7,137935,1027849,92568,ATAC. MR110012 8MM RECICLADO COR 4085/PET [213df001-6c37-4b2a-8911-b099a31d0c3f],115CM,15632088,234,15625152NBR3282774,28/04/2026,03/08/2026,6,27/07/2026,900114,,213df001-6c37-4b2a-8911-b099a31d0c3f,NIKE,132712,,
DASS SEST713793592568115CM1563208815625154NBR328278920260428-1,OK,DASS SEST,7,137935,1027849,92568,ATAC. MR110012 8MM RECICLADO COR 4085/PET [5aa12201-4aab-4548-8086-27feae1f7d86],115CM,15632088,222,15625154NBR3282789,28/04/2026,03/08/2026,6,27/07/2026,900115,,5aa12201-4aab-4548-8086-27feae1f7d86,NIKE,132712,,
DASS SEST713793592568115CM1563208815625155NBR328278920260428-1,OK,DASS SEST,7,137935,1027849,92568,ATAC. MR110012 8MM RECICLADO COR 4085/PET [2d3ce82f-8ac2-46d2-9431-b5f5deaa2524],115CM,15632088,192,15625155NBR3282789,28/04/2026,03/08/2026,6,27/07/2026,900116,,2d3ce82f-8ac2-46d2-9431-b5f5deaa2524,NIKE,132712,,
DASS SEST713793592568115CM1563208815625156NBR328278920260428-1,OK,DASS SEST,7,137935,1027849,92568,ATAC. MR110012 8MM RECICLADO COR 4085/PET [4861b3ae-6e22-454c-90de-4ae4c97fb859],115CM,15632088,222,15625156NBR3282789,28/04/2026,03/08/2026,6,27/07/2026,900117,,4861b3ae-6e22-454c-90de-4ae4c97fb859,NIKE,132712,,
DASS SEST713793592568120CM1563208815625151NBR328277420260428-1,OK,DASS SEST,7,137935,1027849,92568,ATAC. MR110012 8MM RECICLADO COR 4085/PET [f8eb189d-9fb1-471c-aa12-705989bb41fe],120CM,15632088,843,15625151NBR3282774,28/04/2026,03/08/2026,6,27/07/2026,900118,,f8eb189d-9fb1-471c-aa12-705989bb41fe,NIKE,132712,,
DASS SEST713793592568120CM1563208815625152NBR328277420260428-1,OK,DASS SEST,7,137935,1027849,92568,ATAC. MR110012 8MM RECICLADO COR 4085/PET [4e6c3713-c00c-4e04-9722-1ff29febcf83],120CM,15632088,864,15625152NBR3282774,28/04/2026,03/08/2026,6,27/07/2026,900119,,4e6c3713-c00c-4e04-9722-1ff29febcf83,NIKE,132712,,
DASS SEST713793592568120CM1563208815625154NBR328278920260428-1,OK,DASS SEST,7,137935,1027849,92568,ATAC. MR110012 8MM RECICLADO COR 4085/PET [18d622c0-6a0c-4af8-a44e-587ce0a86d4d],120CM,15632088,777,15625154NBR3282789,28/04/2026,03/08/2026,6,27/07/2026,900120,,18d622c0-6a0c-4af8-a44e-587ce0a86d4d,NIKE,132712,,
DASS SEST713793592568120CM1563208815625155NBR328278920260428-1,OK,DASS SEST,7,137935,1027849,92568,ATAC. MR110012 8MM RECICLADO COR 4085/PET [a2c8f819-8c38-4d61-bd0e-e6aa7b8b6e44],120CM,15632088,732,15625155NBR3282789,28/04/2026,03/08/2026,6,27/07/2026,900121,,a2c8f819-8c38-4d61-bd0e-e6aa7b8b6e44,NIKE,132712,,
DASS SEST713793592568120CM1563208815625156NBR328278920260428-1,OK,DASS SEST,7,137935,1027849,92568,ATAC. MR110012 8MM RECICLADO COR 4085/PET [41d15f3d-77d8-4c45-bf4d-3077232e6dba],120CM,15632088,786,15625156NBR3282789,28/04/2026,03/08/2026,6,27/07/2026,900122,,41d15f3d-77d8-4c45-bf4d-3077232e6dba,NIKE,132712,,
DASS SEST713793588668110CM1563208815625163NBR328279720260428-1,OK,DASS SEST,7,137935,1304277,88668,ATAC. MR110022 7MM RECICLADO COR 4085/PET / COR 496/PET [21525e15-4ba2-47e1-9a43-76291827be7f],110CM,15632088,156,15625163NBR3282797,28/04/2026,03/08/2026,6,27/07/2026,900123,,21525e15-4ba2-47e1-9a43-76291827be7f,NIKE,132712,,
DASS SEST713793588668110CM1563208815625164NBR328279720260428-1,OK,DASS SEST,7,137935,1304277,88668,ATAC. MR110022 7MM RECICLADO COR 4085/PET / COR 496/PET [7243db1b-10b9-44f8-a0c9-a8a5fc900798],110CM,15632088,174,15625164NBR3282797,28/04/2026,03/08/2026,6,27/07/2026,900124,,7243db1b-10b9-44f8-a0c9-a8a5fc900798,NIKE,132712,,
DASS SEST713793588668110CM1563208815625165NBR328281220260428-1,OK,DASS SEST,7,137935,1304277,88668,ATAC. MR110022 7MM RECICLADO COR 4085/PET / COR 496/PET [d9add914-e120-497f-9311-c97302b63aa9],110CM,15632088,276,15625165NBR3282812,28/04/2026,03/08/2026,6,27/07/2026,900125,,d9add914-e120-497f-9311-c97302b63aa9,NIKE,132712,,
DASS SEST713793588668110CM1563208815625166NBR328281220260428-1,OK,DASS SEST,7,137935,1304277,88668,ATAC. MR110022 7MM RECICLADO COR 4085/PET / COR 496/PET [1dabe42c-c46a-4d5f-9c11-361cc76fecb3],110CM,15632088,294,15625166NBR3282812,28/04/2026,03/08/2026,6,27/07/2026,900126,,1dabe42c-c46a-4d5f-9c11-361cc76fecb3,NIKE,132712,,
DASS SEST713793588668110CM1563208815625167NBR328282520260428-1,OK,DASS SEST,7,137935,1304277,88668,ATAC. MR110022 7MM RECICLADO COR 4085/PET / COR 496/PET [5d99f11d-d90e-4139-9c43-a211b624e99f],110CM,15632088,156,15625167NBR3282825,28/04/2026,03/08/2026,6,27/07/2026,900127,,5d99f11d-d90e-4139-9c43-a211b624e99f,NIKE,132712,,
DASS SEST713793588668110CM1563208815625168NBR328282520260428-1,OK,DASS SEST,7,137935,1304277,88668,ATAC. MR110022 7MM RECICLADO COR 4085/PET / COR 496/PET [4cdca44c-c3d1-4114-ab2d-4c71f8d65c4d],110CM,15632088,174,15625168NBR3282825,28/04/2026,03/08/2026,6,27/07/2026,900128,,4cdca44c-c3d1-4114-ab2d-4c71f8d65c4d,NIKE,132712,,
DASS SEST713793588668115CM1563208815625163NBR328279720260428-1,OK,DASS SEST,7,137935,1304277,88668,ATAC. MR110022 7MM RECICLADO COR 4085/PET / COR 496/PET [80be45e9-aaa9-4506-a29f-d40da36cd34e],115CM,15632088,669,15625163NBR3282797,28/04/2026,03/08/2026,6,27/07/2026,900129,,80be45e9-aaa9-4506-a29f-d40da36cd34e,NIKE,132712,,
DASS SEST713793588668115CM1563208815625164NBR328279720260428-1,OK,DASS SEST,7,137935,1304277,88668,ATAC. MR110022 7MM RECICLADO COR 4085/PET / COR 496/PET [2516574c-bca6-476d-84d7-4a18e80f5d1d],115CM,15632088,672,15625164NBR3282797,28/04/2026,03/08/2026,6,27/07/2026,900130,,2516574c-bca6-476d-84d7-4a18e80f5d1d,NIKE,132712,,
DASS SEST713793588668115CM1563208815625165NBR328281220260428-1,OK,DASS SEST,7,137935,1304277,88668,ATAC. MR110022 7MM RECICLADO COR 4085/PET / COR 496/PET [00ed5372-01b2-4220-9831-adb176f66273],115CM,15632088,807,15625165NBR3282812,28/04/2026,03/08/2026,6,27/07/2026,900131,,00ed5372-01b2-4220-9831-adb176f66273,NIKE,132712,,
DASS SEST713793588668115CM1563208815625166NBR328281220260428-1,OK,DASS SEST,7,137935,1304277,88668,ATAC. MR110022 7MM RECICLADO COR 4085/PET / COR 496/PET [5ef986d5-5797-41aa-ad44-146a2b2edbbc],115CM,15632088,804,15625166NBR3282812,28/04/2026,03/08/2026,6,27/07/2026,900132,,5ef986d5-5797-41aa-ad44-146a2b2edbbc,NIKE,132712,,
DASS SEST713793588668115CM1563208815625167NBR328282520260428-1,OK,DASS SEST,7,137935,1304277,88668,ATAC. MR110022 7MM RECICLADO COR 4085/PET / COR 496/PET [061a4a2f-cd16-4135-ae89-dff020ce4bfd],115CM,15632088,669,15625167NBR3282825,28/04/2026,03/08/2026,6,27/07/2026,900133,,061a4a2f-cd16-4135-ae89-dff020ce4bfd,NIKE,132712,,
DASS SEST713793588668115CM1563208815625168NBR328282520260428-1,OK,DASS SEST,7,137935,1304277,88668,ATAC. MR110022 7MM RECICLADO COR 4085/PET / COR 496/PET [b2a3c93e-0b46-4a96-bd30-ab4e59c81270],115CM,15632088,672,15625168NBR3282825,28/04/2026,03/08/2026,6,27/07/2026,900134,,b2a3c93e-0b46-4a96-bd30-ab4e59c81270,NIKE,132712,,
DASS SEST713793588668120CM1563208815625163NBR328279720260428-1,OK,DASS SEST,7,137935,1304277,88668,ATAC. MR110022 7MM RECICLADO COR 4085/PET / COR 496/PET [36149e97-1b64-4c85-94c4-2c21dacdeaa7],120CM,15632088,216,15625163NBR3282797,28/04/2026,03/08/2026,6,27/07/2026,900135,,36149e97-1b64-4c85-94c4-2c21dacdeaa7,NIKE,132712,,
DASS SEST713793588668120CM1563208815625164NBR328279720260428-1,OK,DASS SEST,7,137935,1304277,88668,ATAC. MR110022 7MM RECICLADO COR 4085/PET / COR 496/PET [ef3aa8ac-8b3f-43d9-97e1-26de05bd900b],120CM,15632088,228,15625164NBR3282797,28/04/2026,03/08/2026,6,27/07/2026,900136,,ef3aa8ac-8b3f-43d9-97e1-26de05bd900b,NIKE,132712,,
DASS SEST713793588668120CM1563208815625165NBR328281220260428-1,OK,DASS SEST,7,137935,1304277,88668,ATAC. MR110022 7MM RECICLADO COR 4085/PET / COR 496/PET [8b9f8535-899e-4f31-b3ae-38a6c02dd3c0],120CM,15632088,156,15625165NBR3282812,28/04/2026,03/08/2026,6,27/07/2026,900137,,8b9f8535-899e-4f31-b3ae-38a6c02dd3c0,NIKE,132712,,
DASS SEST713793588668120CM1563208815625166NBR328281220260428-1,OK,DASS SEST,7,137935,1304277,88668,ATAC. MR110022 7MM RECICLADO COR 4085/PET / COR 496/PET [9968995b-abe2-4632-b57c-3daa553fdfa9],120CM,15632088,174,15625166NBR3282812,28/04/2026,03/08/2026,6,27/07/2026,900138,,9968995b-abe2-4632-b57c-3daa553fdfa9,NIKE,132712,,
DASS SEST713793588668120CM1563208815625167NBR328282520260428-1,OK,DASS SEST,7,137935,1304277,88668,ATAC. MR110022 7MM RECICLADO COR 4085/PET / COR 496/PET [b45d6236-fce1-4cf2-a7d8-ae892f6fbe22],120CM,15632088,216,15625167NBR3282825,28/04/2026,03/08/2026,6,27/07/2026,900139,,b45d6236-fce1-4cf2-a7d8-ae892f6fbe22,NIKE,132712,,
DASS SEST713793588668120CM1563208815625168NBR328282520260428-1,OK,DASS SEST,7,137935,1304277,88668,ATAC. MR110022 7MM RECICLADO COR 4085/PET / COR 496/PET [2cf4ec99-59b2-41b4-b96f-d1f87de6b49f],120CM,15632088,228,15625168NBR3282825,28/04/2026,03/08/2026,6,27/07/2026,900140,,2cf4ec99-59b2-41b4-b96f-d1f87de6b49f,NIKE,132712,,
DASS SEST713793594788110CM1563208815625187NBR328280920260428-1,OK,DASS SEST,7,137935,1413116,94788,ATAC. MR110022 7MM RECICLADO COR 6140/PET / COR 5687/PET [5cbc911c-2413-46e8-827c-3a6bee81eaeb],110CM,15632088,1119,15625187NBR3282809,28/04/2026,03/08/2026,6,27/07/2026,900141,,5cbc911c-2413-46e8-827c-3a6bee81eaeb,NIKE,132712,,
DASS SEST713793594788110CM1563208815625188NBR328280920260428-1,OK,DASS SEST,7,137935,1413116,94788,ATAC. MR110022 7MM RECICLADO COR 6140/PET / COR 5687/PET [c1d836aa-b632-4b87-927e-1409cdef10ca],110CM,15632088,1188,15625188NBR3282809,28/04/2026,03/08/2026,6,27/07/2026,900142,,c1d836aa-b632-4b87-927e-1409cdef10ca,NIKE,132712,,
DASS SEST713793594788115CM1563208815625187NBR328280920260428-1,OK,DASS SEST,7,137935,1413116,94788,ATAC. MR110022 7MM RECICLADO COR 6140/PET / COR 5687/PET [89e1e0e0-0815-4b9e-a6d9-70acaa27dbf6],115CM,15632088,12,15625187NBR3282809,28/04/2026,03/08/2026,6,27/07/2026,900143,,89e1e0e0-0815-4b9e-a6d9-70acaa27dbf6,NIKE,132712,,
DASS SEST713793594788115CM1563208815625188NBR328280920260428-1,OK,DASS SEST,7,137935,1413116,94788,ATAC. MR110022 7MM RECICLADO COR 6140/PET / COR 5687/PET [804dc792-33bb-4fce-bcf2-84db28cfdb0d],115CM,15632088,24,15625188NBR3282809,28/04/2026,03/08/2026,6,27/07/2026,900144,,804dc792-33bb-4fce-bcf2-84db28cfdb0d,NIKE,132712,,
DASS SEST713793595026110CM1563208815625181NBR328279620260428-1,OK,DASS SEST,7,137935,1413117,95026,ATAC. MR110022 7MM RECICLADO COR 6146/PET / COR 492/PET [30cd283c-43e3-47a4-8ea0-931e167d9849],110CM,15632088,144,15625181NBR3282796,28/04/2026,03/08/2026,6,27/07/2026,900145,,30cd283c-43e3-47a4-8ea0-931e167d9849,NIKE,132712,,
DASS SEST713793595026110CM1563208815625182NBR328279620260428-1,OK,DASS SEST,7,137935,1413117,95026,ATAC. MR110022 7MM RECICLADO COR 6146/PET / COR 492/PET [c0c7317d-cf72-47f8-b0d5-905ac8f606f7],110CM,15632088,144,15625182NBR3282796,28/04/2026,03/08/2026,6,27/07/2026,900146,,c0c7317d-cf72-47f8-b0d5-905ac8f606f7,NIKE,132712,,
DASS SEST713793595026110CM1563208815625183NBR328281120260428-1,OK,DASS SEST,7,137935,1413117,95026,ATAC. MR110022 7MM RECICLADO COR 6146/PET / COR 492/PET [cb9adb78-a50b-4b08-85ca-f64f500ac71e],110CM,15632088,132,15625183NBR3282811,28/04/2026,03/08/2026,6,27/07/2026,900147,,cb9adb78-a50b-4b08-85ca-f64f500ac71e,NIKE,132712,,
DASS SEST713793595026110CM1563208815625184NBR328281120260428-1,OK,DASS SEST,7,137935,1413117,95026,ATAC. MR110022 7MM RECICLADO COR 6146/PET / COR 492/PET [7eb385de-f035-4ebf-98b8-b0dc6e9f67a4],110CM,15632088,96,15625184NBR3282811,28/04/2026,03/08/2026,6,27/07/2026,900148,,7eb385de-f035-4ebf-98b8-b0dc6e9f67a4,NIKE,132712,,
DASS SEST713793595026110CM1563208815625185NBR328282420260428-1,OK,DASS SEST,7,137935,1413117,95026,ATAC. MR110022 7MM RECICLADO COR 6146/PET / COR 492/PET [5e6272d4-2ef0-48e2-a9f1-c30beed45bfe],110CM,15632088,144,15625185NBR3282824,28/04/2026,03/08/2026,6,27/07/2026,900149,,5e6272d4-2ef0-48e2-a9f1-c30beed45bfe,NIKE,132712,,
DASS SEST713793595026110CM1563208815625186NBR328282420260428-1,OK,DASS SEST,7,137935,1413117,95026,ATAC. MR110022 7MM RECICLADO COR 6146/PET / COR 492/PET [fa5ecf91-642e-4a56-a945-5befba0e450b],110CM,15632088,144,15625186NBR3282824,28/04/2026,03/08/2026,6,27/07/2026,900150,,fa5ecf91-642e-4a56-a945-5befba0e450b,NIKE,132712,,
DASS SEST713793595026115CM1563208815625181NBR328279620260428-1,OK,DASS SEST,7,137935,1413117,95026,ATAC. MR110022 7MM RECICLADO COR 6146/PET / COR 492/PET [43826476-e605-467c-b2ab-ad98c9746150],115CM,15632088,663,15625181NBR3282796,28/04/2026,03/08/2026,6,27/07/2026,900151,,43826476-e605-467c-b2ab-ad98c9746150,NIKE,132712,,
DASS SEST713793595026115CM1563208815625182NBR328279620260428-1,OK,DASS SEST,7,137935,1413117,95026,ATAC. MR110022 7MM RECICLADO COR 6146/PET / COR 492/PET [f127e2e4-3252-4174-849b-e2cf2a98ad41],115CM,15632088,678,15625182NBR3282796,28/04/2026,03/08/2026,6,27/07/2026,900152,,f127e2e4-3252-4174-849b-e2cf2a98ad41,NIKE,132712,,
DASS SEST713793595026115CM1563208815625183NBR328281120260428-1,OK,DASS SEST,7,137935,1413117,95026,ATAC. MR110022 7MM RECICLADO COR 6146/PET / COR 492/PET [13caab77-6be6-432a-8c49-7288174b8334],115CM,15632088,669,15625183NBR3282811,28/04/2026,03/08/2026,6,27/07/2026,900153,,13caab77-6be6-432a-8c49-7288174b8334,NIKE,132712,,
DASS SEST713793595026115CM1563208815625184NBR328281120260428-1,OK,DASS SEST,7,137935,1413117,95026,ATAC. MR110022 7MM RECICLADO COR 6146/PET / COR 492/PET [a9544726-8c2e-4202-9ceb-abd862fa3dae],115CM,15632088,684,15625184NBR3282811,28/04/2026,03/08/2026,6,27/07/2026,900154,,a9544726-8c2e-4202-9ceb-abd862fa3dae,NIKE,132712,,
DASS SEST713793595026115CM1563208815625185NBR328282420260428-1,OK,DASS SEST,7,137935,1413117,95026,ATAC. MR110022 7MM RECICLADO COR 6146/PET / COR 492/PET [1e0ae3ae-2412-42b1-88f3-edf8038c646a],115CM,15632088,663,15625185NBR3282824,28/04/2026,03/08/2026,6,27/07/2026,900155,,1e0ae3ae-2412-42b1-88f3-edf8038c646a,NIKE,132712,,
DASS SEST713793595026115CM1563208815625186NBR328282420260428-1,OK,DASS SEST,7,137935,1413117,95026,ATAC. MR110022 7MM RECICLADO COR 6146/PET / COR 492/PET [949051b9-3c67-42b1-8b59-0910e936b813],115CM,15632088,678,15625186NBR3282824,28/04/2026,03/08/2026,6,27/07/2026,900156,,949051b9-3c67-42b1-8b59-0910e936b813,NIKE,132712,,
DASS SEST713793595026120CM1563208815625181NBR328279620260428-1,OK,DASS SEST,7,137935,1413117,95026,ATAC. MR110022 7MM RECICLADO COR 6146/PET / COR 492/PET [4c796be7-f8c4-4da0-b920-aad1877dc0bc],120CM,15632088,216,15625181NBR3282796,28/04/2026,03/08/2026,6,27/07/2026,900157,,4c796be7-f8c4-4da0-b920-aad1877dc0bc,NIKE,132712,,
DASS SEST713793595026120CM1563208815625182NBR328279620260428-1,OK,DASS SEST,7,137935,1413117,95026,ATAC. MR110022 7MM RECICLADO COR 6146/PET / COR 492/PET [e6751c3b-62eb-4120-b121-118a4e71abc0],120CM,15632088,240,15625182NBR3282796,28/04/2026,03/08/2026,6,27/07/2026,900158,,e6751c3b-62eb-4120-b121-118a4e71abc0,NIKE,132712,,
DASS SEST713793595026120CM1563208815625183NBR328281120260428-1,OK,DASS SEST,7,137935,1413117,95026,ATAC. MR110022 7MM RECICLADO COR 6146/PET / COR 492/PET [b2593549-1173-4167-a108-99c61eeb14a4],120CM,15632088,228,15625183NBR3282811,28/04/2026,03/08/2026,6,27/07/2026,900159,,b2593549-1173-4167-a108-99c61eeb14a4,NIKE,132712,,
DASS SEST713793595026120CM1563208815625184NBR328281120260428-1,OK,DASS SEST,7,137935,1413117,95026,ATAC. MR110022 7MM RECICLADO COR 6146/PET / COR 492/PET [aeccf6d1-2218-411d-b4f9-47577ec23473],120CM,15632088,258,15625184NBR3282811,28/04/2026,03/08/2026,6,27/07/2026,900160,,aeccf6d1-2218-411d-b4f9-47577ec23473,NIKE,132712,,
DASS SEST713793595026120CM1563208815625185NBR328282420260428-1,OK,DASS SEST,7,137935,1413117,95026,ATAC. MR110022 7MM RECICLADO COR 6146/PET / COR 492/PET [e93740e0-7c81-4b71-9ddd-a2488ad9337b],120CM,15632088,216,15625185NBR3282824,28/04/2026,03/08/2026,6,27/07/2026,900161,,e93740e0-7c81-4b71-9ddd-a2488ad9337b,NIKE,132712,,
DASS SEST713793595026120CM1563208815625186NBR328282420260428-1,OK,DASS SEST,7,137935,1413117,95026,ATAC. MR110022 7MM RECICLADO COR 6146/PET / COR 492/PET [dc8fb3ce-fd8c-443f-bd54-606a6bc23257],120CM,15632088,240,15625186NBR3282824,28/04/2026,03/08/2026,6,27/07/2026,900162,,dc8fb3ce-fd8c-443f-bd54-606a6bc23257,NIKE,132712,,
DASS SEST713793595044110CM1563208815625189NBR328279920260428-1,OK,DASS SEST,7,137935,1421417,95044,ATAC. MR110022 7MM RECICLADO COR 6082/PET / COR 5481/PET [752323d2-b7ea-4cb0-8b9f-99d708456ac7],110CM,15632088,72,15625189NBR3282799,28/04/2026,03/08/2026,6,27/07/2026,900163,,752323d2-b7ea-4cb0-8b9f-99d708456ac7,NIKE,132712,,
DASS SEST713793595044110CM1563208815625190NBR328279920260428-1,OK,DASS SEST,7,137935,1421417,95044,ATAC. MR110022 7MM RECICLADO COR 6082/PET / COR 5481/PET [21d39387-a3df-47dd-85b3-2a8da81c7d74],110CM,15632088,78,15625190NBR3282799,28/04/2026,03/08/2026,6,27/07/2026,900164,,21d39387-a3df-47dd-85b3-2a8da81c7d74,NIKE,132712,,
DASS SEST713793595044110CM1563208815625191NBR328282720260428-1,OK,DASS SEST,7,137935,1421417,95044,ATAC. MR110022 7MM RECICLADO COR 6082/PET / COR 5481/PET [2f203461-4a44-45f8-9f3f-3bc72cd775bb],110CM,15632088,120,15625191NBR3282827,28/04/2026,03/08/2026,6,27/07/2026,900165,,2f203461-4a44-45f8-9f3f-3bc72cd775bb,NIKE,132712,,
DASS SEST713793595044110CM1563208815625192NBR328282720260428-1,OK,DASS SEST,7,137935,1421417,95044,ATAC. MR110022 7MM RECICLADO COR 6082/PET / COR 5481/PET [34ac8291-45f3-40f7-8213-4bf48b7f6476],110CM,15632088,132,15625192NBR3282827,28/04/2026,03/08/2026,6,27/07/2026,900166,,34ac8291-45f3-40f7-8213-4bf48b7f6476,NIKE,132712,,
DASS SEST713793595044110CM1563208815625193NBR328282720260428-1,OK,DASS SEST,7,137935,1421417,95044,ATAC. MR110022 7MM RECICLADO COR 6082/PET / COR 5481/PET [8f31717c-3944-4165-9111-f00bf0fa61e7],110CM,15632088,114,15625193NBR3282827,28/04/2026,03/08/2026,6,27/07/2026,900167,,8f31717c-3944-4165-9111-f00bf0fa61e7,NIKE,132712,,
DASS SEST713793595044115CM1563208815625189NBR328279920260428-1,OK,DASS SEST,7,137935,1421417,95044,ATAC. MR110022 7MM RECICLADO COR 6082/PET / COR 5481/PET [eb3249c4-54ac-4d43-9f24-a0121d19d161],115CM,15632088,590,15625189NBR3282799,28/04/2026,03/08/2026,6,27/07/2026,900168,,eb3249c4-54ac-4d43-9f24-a0121d19d161,NIKE,132712,,
DASS SEST713793595044115CM1563208815625190NBR328279920260428-1,OK,DASS SEST,7,137935,1421417,95044,ATAC. MR110022 7MM RECICLADO COR 6082/PET / COR 5481/PET [069bbb90-8f2c-4936-8ba9-88c03abc6b78],115CM,15632088,594,15625190NBR3282799,28/04/2026,03/08/2026,6,27/07/2026,900169,,069bbb90-8f2c-4936-8ba9-88c03abc6b78,NIKE,132712,,
DASS SEST713793595044115CM1563208815625191NBR328282720260428-1,OK,DASS SEST,7,137935,1421417,95044,ATAC. MR110022 7MM RECICLADO COR 6082/PET / COR 5481/PET [26607c43-2c03-4fc0-9f3f-a040b5f13dbb],115CM,15632088,597,15625191NBR3282827,28/04/2026,03/08/2026,6,27/07/2026,900170,,26607c43-2c03-4fc0-9f3f-a040b5f13dbb,NIKE,132712,,
DASS SEST713793595044115CM1563208815625192NBR328282720260428-1,OK,DASS SEST,7,137935,1421417,95044,ATAC. MR110022 7MM RECICLADO COR 6082/PET / COR 5481/PET [61c26a8d-a812-4886-baf6-ac99ff07810b],115CM,15632088,588,15625192NBR3282827,28/04/2026,03/08/2026,6,27/07/2026,900171,,61c26a8d-a812-4886-baf6-ac99ff07810b,NIKE,132712,,
DASS SEST713793595044115CM1563208815625193NBR328282720260428-1,OK,DASS SEST,7,137935,1421417,95044,ATAC. MR110022 7MM RECICLADO COR 6082/PET / COR 5481/PET [45641cae-7987-47af-958f-5e2d61802b23],115CM,15632088,618,15625193NBR3282827,28/04/2026,03/08/2026,6,27/07/2026,900172,,45641cae-7987-47af-958f-5e2d61802b23,NIKE,132712,,
DASS SEST713793595044120CM1563208815625189NBR328279920260428-1,OK,DASS SEST,7,137935,1421417,95044,ATAC. MR110022 7MM RECICLADO COR 6082/PET / COR 5481/PET [6452cda4-57c1-48a7-a2ac-5e925b0717fa],120CM,15632088,216,15625189NBR3282799,28/04/2026,03/08/2026,6,27/07/2026,900173,,6452cda4-57c1-48a7-a2ac-5e925b0717fa,NIKE,132712,,
DASS SEST713793595044120CM1563208815625190NBR328279920260428-1,OK,DASS SEST,7,137935,1421417,95044,ATAC. MR110022 7MM RECICLADO COR 6082/PET / COR 5481/PET [6831c63a-6eba-4ebd-a427-95a113c66462],120CM,15632088,228,15625190NBR3282799,28/04/2026,03/08/2026,6,27/07/2026,900174,,6831c63a-6eba-4ebd-a427-95a113c66462,NIKE,132712,,
DASS SEST713793595044120CM1563208815625191NBR328282720260428-1,OK,DASS SEST,7,137935,1421417,95044,ATAC. MR110022 7MM RECICLADO COR 6082/PET / COR 5481/PET [0d2cb2e8-07f3-42c5-840e-190513092f91],120CM,15632088,216,15625191NBR3282827,28/04/2026,03/08/2026,6,27/07/2026,900175,,0d2cb2e8-07f3-42c5-840e-190513092f91,NIKE,132712,,
DASS SEST713793595044120CM1563208815625192NBR328282720260428-1,OK,DASS SEST,7,137935,1421417,95044,ATAC. MR110022 7MM RECICLADO COR 6082/PET / COR 5481/PET [38054cd8-ce73-4d53-8e72-210c7c6e58ab],120CM,15632088,216,15625192NBR3282827,28/04/2026,03/08/2026,6,27/07/2026,900176,,38054cd8-ce73-4d53-8e72-210c7c6e58ab,NIKE,132712,,
DASS SEST713793595044120CM1563208815625193NBR328282720260428-1,OK,DASS SEST,7,137935,1421417,95044,ATAC. MR110022 7MM RECICLADO COR 6082/PET / COR 5481/PET [537d48a5-8cff-4a49-b767-f50c1f459f2b],120CM,15632088,216,15625193NBR3282827,28/04/2026,03/08/2026,6,27/07/2026,900177,,537d48a5-8cff-4a49-b767-f50c1f459f2b,NIKE,132712,,
DASS SEST71380839411815MM1564048520260430-1,OK,DASS SEST,7,138083,1408914,94118,FITA MR100001 C/ GOMA RECICLADO COR 5298/PET [1559a262-d53d-4faf-aa97-ce806c8c8343],15MM,15640485,280,0,30/04/2026,03/08/2026,6,28/07/2026,900178,,1559a262-d53d-4faf-aa97-ce806c8c8343,NIKE,132894,,
DASS SEST71380837400510MM1564048520260430-1,OK,DASS SEST,7,138083,1074423,74005,FITA MFGP C/ GOMA POLIESTER COR 4699 [37db5c4a-1256-4818-8e8d-2add6b45cb55],10MM,15640485,110,0,30/04/2026,03/08/2026,6,27/07/2026,900179,,37db5c4a-1256-4818-8e8d-2add6b45cb55,NIKE,132894,,
DASS SEST71390427403010MM1575681220260527-1,OK,DASS SEST,7,139042,1098384,74030,FITA MFGP C/ GOMA POLIESTER COR 114 [831f7563-1220-4f76-bfb7-8cd78802b2b7],10MM,15756812,200,0,27/05/2026,03/08/2026,6,27/07/2026,900180,,831f7563-1220-4f76-bfb7-8cd78802b2b7,FILA,133753,,
DASS SEST71390429296316MM1575681220260527-1,OK,DASS SEST,7,139042,1353470,92963,FITA M31119 C/ GOMA POLIESTER COR 102 / COR 100 / COR 100 [2119edc7-9ee0-438c-a97c-0eaf77e1f5f5],16MM,15756812,570,0,27/05/2026,03/08/2026,6,27/07/2026,900181,,2119edc7-9ee0-438c-a97c-0eaf77e1f5f5,FILA,133753,,
DASS SEST71390429549116MM1575681220260527-1,OK,DASS SEST,7,139042,1416938,95491,FITA M31119 C/ GOMA POLIESTER COR 6001 / COR 5508 / COR 5508 [fcc47b3f-59bf-4cd3-bd9d-94304f3fc3d7],16MM,15756812,280,0,27/05/2026,03/08/2026,6,27/07/2026,900182,,fcc47b3f-59bf-4cd3-bd9d-94304f3fc3d7,FILA,133753,,
DASS SEST71392248262418MM1577523920260601-1,OK,DASS SEST,7,139224,1220520,82624,FITA MR100037 C/ GOMA RECICLADO COR 100/PET [29d8fe13-5464-4c5f-9ff3-cb987db4c410],18MM,15775239,510,0,01/06/2026,03/08/2026,6,28/07/2026,900183,,29d8fe13-5464-4c5f-9ff3-cb987db4c410,NIKE,133925,,
DASS SEST7139297701648MM1577775820260602-1,OK,DASS SEST,7,139297,108955,70164,FITA MFGP C/ GOMA POLIESTER COR 100 [851fc821-e7c5-4f87-8587-a34005530b56],8MM,15777758,140,0,02/06/2026,03/08/2026,6,28/07/2026,900184,,851fc821-e7c5-4f87-8587-a34005530b56,FILA,133934,,
DASS SEST7139297924888MM1577775820260602-1,OK,DASS SEST,7,139297,1403347,92488,FITA MFGP C/ GOMA POLIESTER COR 6001 [842a4951-5da7-4adf-95d9-e377a40e7c1e],8MM,15777758,60,0,02/06/2026,03/08/2026,6,27/07/2026,900185,,842a4951-5da7-4adf-95d9-e377a40e7c1e,FILA,133934,,
DASS SEST71392979248810MM1577775820260602-1,OK,DASS SEST,7,139297,1403346,92488,FITA MFGP C/ GOMA POLIESTER COR 6001 [9c07bc31-7666-4a5a-b876-018c4b483eef],10MM,15777758,40,0,02/06/2026,03/08/2026,6,27/07/2026,900186,,9c07bc31-7666-4a5a-b876-018c4b483eef,FILA,133934,,
DASS SEST71392978794616MM1577775820260602-1,OK,DASS SEST,7,139297,1316829,87946,FITA M31119 C/ GOMA POLIESTER COR 100/ COR 5535/ COR 102 [3eb80e58-6972-4bdc-b2e0-177c24dd5fab],16MM,15777758,440,0,02/06/2026,03/08/2026,6,27/07/2026,900187,,3eb80e58-6972-4bdc-b2e0-177c24dd5fab,FILA,133934,,
DASS SEST71392979257416MM1577775820260602-1,OK,DASS SEST,7,139297,1358112,92574,FITA M31119 C/ GOMA POLIESTER COR 057 / COR 102 / COR 102 [54b6e3b4-9a97-4eb4-9d50-84d973dac311],16MM,15777758,130,0,02/06/2026,03/08/2026,6,27/07/2026,900188,,54b6e3b4-9a97-4eb4-9d50-84d973dac311,FILA,133934,,
DASS SEST71392979538416MM1577775820260602-1,OK,DASS SEST,7,139297,1411433,95384,FITA M31119 C/ GOMA POLIESTER COR 6008 / COR 102 / COR 102 [79251ddd-c324-464d-8c8e-fdc7f8c3ad2a],16MM,15777758,210,0,02/06/2026,03/08/2026,6,27/07/2026,900189,,79251ddd-c324-464d-8c8e-fdc7f8c3ad2a,FILA,133934,,
DASS SEST71392979548616MM1577775820260602-1,OK,DASS SEST,7,139297,1406217,95486,FITA M31119 C/ GOMA POLIESTER COR 447 / COR 100 / COR 100 [a47e88f7-c841-4cb3-b607-6cc1b210e6aa],16MM,15777758,440,0,02/06/2026,03/08/2026,6,27/07/2026,900190,,a47e88f7-c841-4cb3-b607-6cc1b210e6aa,FILA,133934,,
DASS SEST7139370701648MM1578677420260604-1,OK,DASS SEST,7,139370,108955,70164,FITA MFGP C/ GOMA POLIESTER COR 100 [f75ab4d1-f140-4db3-89b3-3dfc0cc87a0e],8MM,15786774,40,0,04/06/2026,03/08/2026,6,28/07/2026,900191,,f75ab4d1-f140-4db3-89b3-3dfc0cc87a0e,FILA,133997,,
DASS SEST713956386978100CM1581640615815472NBR328276020260611-1,OK,DASS SEST,7,139563,1299257,86978,ATAC. MR130027 6MM RECICLADO COR 4085/PET [86a673c6-89c2-424b-b34a-6b5027651878],100CM,15816406,168,15815472NBR3282760,11/06/2026,03/08/2026,6,28/07/2026,900192,,86a673c6-89c2-424b-b34a-6b5027651878,NIKE,134310,,
DASS SEST713956386978100CM1581640615815473NBR328276020260611-1,OK,DASS SEST,7,139563,1299257,86978,ATAC. MR130027 6MM RECICLADO COR 4085/PET [cc3ea103-ef37-447c-ace4-f566f05402cc],100CM,15816406,192,15815473NBR3282760,11/06/2026,03/08/2026,6,27/07/2026,900193,,cc3ea103-ef37-447c-ace4-f566f05402cc,NIKE,134310,,
DASS SEST713956386978105CM1581640615815472NBR328276020260611-1,OK,DASS SEST,7,139563,1299257,86978,ATAC. MR130027 6MM RECICLADO COR 4085/PET [c7d7ae02-414e-4375-a09a-78966546cab6],105CM,15816406,541,15815472NBR3282760,11/06/2026,03/08/2026,6,27/07/2026,900194,,c7d7ae02-414e-4375-a09a-78966546cab6,NIKE,134310,,
DASS SEST713956386978105CM1581640615815473NBR328276020260611-1,OK,DASS SEST,7,139563,1299257,86978,ATAC. MR130027 6MM RECICLADO COR 4085/PET [ac4dcd1d-2f3e-4b92-88c5-a38c81f82335],105CM,15816406,556,15815473NBR3282760,11/06/2026,03/08/2026,6,27/07/2026,900195,,ac4dcd1d-2f3e-4b92-88c5-a38c81f82335,NIKE,134310,,
DASS SEST713956386978110CM1581640615815472NBR328276020260611-1,OK,DASS SEST,7,139563,1299257,86978,ATAC. MR130027 6MM RECICLADO COR 4085/PET [95d830e2-1e7b-4c41-9f11-de2f47b8388f],110CM,15816406,144,15815472NBR3282760,11/06/2026,03/08/2026,6,27/07/2026,900196,,95d830e2-1e7b-4c41-9f11-de2f47b8388f,NIKE,134310,,
DASS SEST713956386978110CM1581640615815473NBR328276020260611-1,OK,DASS SEST,7,139563,1299257,86978,ATAC. MR130027 6MM RECICLADO COR 4085/PET [f62238b3-169c-4f1c-a4a3-c4247db8a5ac],110CM,15816406,179,15815473NBR3282760,11/06/2026,03/08/2026,6,27/07/2026,900197,,f62238b3-169c-4f1c-a4a3-c4247db8a5ac,NIKE,134310,,
DASS SEST71395718372710MM1581670520260611-1,OK,DASS SEST,7,139571,1216678,83727,FITA M32164 C/ GOMA POLIESTER COR 4411 [df62536a-f6bd-4dae-8367-6e76f12d73c8],10MM,15816705,60,0,11/06/2026,03/08/2026,6,28/07/2026,900198,,df62536a-f6bd-4dae-8367-6e76f12d73c8,NIKE,134322,,
DASS SEST71396487400710MM1582005220260612-1,OK,DASS SEST,7,139648,1200469,74007,FITA M32164 C/ GOMA POLIESTER COR 4085 [3b3f34fc-82cb-4d9a-a35b-0f96d3a08474],10MM,15820052,140,0,12/06/2026,03/08/2026,6,28/07/2026,900199,,3b3f34fc-82cb-4d9a-a35b-0f96d3a08474,NIKE,134358,,
DASS SEST7139797701646MM1583172120260617-1,OK,DASS SEST,7,139797,1048885,70164,FITA MFGP C/ GOMA POLIESTER COR 100 [d49c6ac6-9153-4f85-8997-1ab90478f2da],6MM,15831721,10,0,17/06/2026,03/08/2026,6,28/07/2026,900200,,d49c6ac6-9153-4f85-8997-1ab90478f2da,FILA,134490,,
DASS SEST71397979257416MM1583172120260617-1,OK,DASS SEST,7,139797,1358112,92574,FITA M31119 C/ GOMA POLIESTER COR 057 / COR 102 / COR 102 [93ee88f4-6b3e-422b-bbca-b85a6c6b78ff],16MM,15831721,10,0,17/06/2026,03/08/2026,6,27/07/2026,900201,,93ee88f4-6b3e-422b-bbca-b85a6c6b78ff,FILA,134490,,
DASS SEST71399318907012MM1584965420260622-1,OK,DASS SEST,7,139931,1287984,89070,FITA M41476 C/ GOMA POLIESTER COR 114/ COR 5508 [aee329d6-3858-47a4-8f87-1e8b9012d58e],12MM,15849654,70,0,22/06/2026,03/08/2026,6,28/07/2026,900202,,aee329d6-3858-47a4-8f87-1e8b9012d58e,FILA,134607,,
DASS SEST71399319047512MM1584965420260622-1,OK,DASS SEST,7,139931,1356824,90475,FITA M41476 C/ GOMA POLIESTER COR 5508 / COR 102 [7d106a5d-f2a1-469e-bae6-d4f256f84b46],12MM,15849654,70,0,22/06/2026,03/08/2026,6,27/07/2026,900203,,7d106a5d-f2a1-469e-bae6-d4f256f84b46,FILA,134607,,
DASS SEST71399319248712MM1584965420260622-1,OK,DASS SEST,7,139931,1394708,92487,FITA M41476 C/ GOMA POLIESTER COR 114 / COR 599 [30786166-7089-4de1-8468-529f342926e7],12MM,15849654,270,0,22/06/2026,03/08/2026,6,27/07/2026,900204,,30786166-7089-4de1-8468-529f342926e7,FILA,134607,,
DASS SEST71399317280110MM1584965420260622-1,OK,DASS SEST,7,139931,903140,72801,FITA MFGP C/ GOMA POLIESTER COR 057 [18de3f95-baaa-42b6-a0c9-d07f6f20ac53],10MM,15849654,240,0,22/06/2026,03/08/2026,6,27/07/2026,900205,,18de3f95-baaa-42b6-a0c9-d07f6f20ac53,FILA,134607,,
DASS SEST7139931932868MM1584965420260622-1,OK,DASS SEST,7,139931,1417375,93286,FITA MFGP C/ GOMA POLIESTER COR 6038 [8975721c-158a-44f1-bfab-54a89a33e5e4],8MM,15849654,190,0,22/06/2026,03/08/2026,6,27/07/2026,900206,,8975721c-158a-44f1-bfab-54a89a33e5e4,FILA,134607,,
DASS SEST71399319530116MM1584965420260622-1,OK,DASS SEST,7,139931,1416908,95301,FITA M31119 C/ GOMA POLIESTER COR 6038 / COR 5508 / COR 5508 [69413eaf-8abb-4368-8633-9b8737fa346a],16MM,15849654,210,0,22/06/2026,03/08/2026,6,27/07/2026,900207,,69413eaf-8abb-4368-8633-9b8737fa346a,FILA,134607,,
DASS SEST714008982628105CM1585578215850222NBR328287420260625-1,OK,DASS SEST,7,140089,1188919,82628,ATAC. MR140014 6MM RECICLADO COR 4085/PET [02bdf440-c51d-404d-b491-9813f7109a60],105CM,15855782,6,15850222NBR3282874,25/06/2026,03/08/2026,6,28/07/2026,900208,,02bdf440-c51d-404d-b491-9813f7109a60,NIKE,134779,,
DASS SEST714008982628105CM1585578215850238NBR328287520260625-1,OK,DASS SEST,7,140089,1188919,82628,ATAC. MR140014 6MM RECICLADO COR 4085/PET [2e350980-9531-4a9b-a52d-5009b4dc204c],105CM,15855782,6,15850238NBR3282875,25/06/2026,03/08/2026,6,27/07/2026,900209,,2e350980-9531-4a9b-a52d-5009b4dc204c,NIKE,134779,,
DASS SEST714008982628110CM1585578215850222NBR328287420260625-1,OK,DASS SEST,7,140089,1188919,82628,ATAC. MR140014 6MM RECICLADO COR 4085/PET [e811ffe6-a38c-4847-94e1-1f88edd9637e],110CM,15855782,914,15850222NBR3282874,25/06/2026,03/08/2026,6,27/07/2026,900210,,e811ffe6-a38c-4847-94e1-1f88edd9637e,NIKE,134779,,
DASS SEST714008982628110CM1585578215850238NBR328287520260625-1,OK,DASS SEST,7,140089,1188919,82628,ATAC. MR140014 6MM RECICLADO COR 4085/PET [611e0935-dfe7-47de-a197-8105790a8ace],110CM,15855782,872,15850238NBR3282875,25/06/2026,03/08/2026,6,27/07/2026,900211,,611e0935-dfe7-47de-a197-8105790a8ace,NIKE,134779,,
DASS SEST714008982628115CM1585578215850222NBR328287420260625-1,OK,DASS SEST,7,140089,1188919,82628,ATAC. MR140014 6MM RECICLADO COR 4085/PET [a6b50e79-f45d-42ee-a1fa-ad4d70c5d663],115CM,15855782,144,15850222NBR3282874,25/06/2026,03/08/2026,6,27/07/2026,900212,,a6b50e79-f45d-42ee-a1fa-ad4d70c5d663,NIKE,134779,,
DASS SEST714008982628115CM1585578215850238NBR328287520260625-1,OK,DASS SEST,7,140089,1188919,82628,ATAC. MR140014 6MM RECICLADO COR 4085/PET [73dd1ef7-a298-4531-bbb5-770624f4a572],115CM,15855782,132,15850238NBR3282875,25/06/2026,03/08/2026,6,27/07/2026,900213,,73dd1ef7-a298-4531-bbb5-770624f4a572,NIKE,134779,,
DASS SEST714008993661130CM1585578215850172NBR328310920260625-1,OK,DASS SEST,7,140089,1065806,93661,ATAC. MR110029 RECICLADO COR 4662/PET [ee7327fe-0082-4a92-b0a8-f921e37d7746],130CM,15855782,444,15850172NBR3283109,25/06/2026,03/08/2026,6,27/07/2026,900214,,ee7327fe-0082-4a92-b0a8-f921e37d7746,NIKE,134779,,
DASS SEST714008993661130CM1585578215850173NBR328310920260625-1,OK,DASS SEST,7,140089,1065806,93661,ATAC. MR110029 RECICLADO COR 4662/PET [f7c8afee-65dd-4e32-a39b-8aec4ea0d538],130CM,15855782,456,15850173NBR3283109,25/06/2026,03/08/2026,6,27/07/2026,900215,,f7c8afee-65dd-4e32-a39b-8aec4ea0d538,NIKE,134779,,
DASS SEST714008993661130CM1585578215850174NBR328311120260625-1,OK,DASS SEST,7,140089,1065806,93661,ATAC. MR110029 RECICLADO COR 4662/PET [c3add8dc-cc11-4774-9dae-4eec983dcc7d],130CM,15855782,534,15850174NBR3283111,25/06/2026,03/08/2026,6,27/07/2026,900216,,c3add8dc-cc11-4774-9dae-4eec983dcc7d,NIKE,134779,,
DASS SEST714008993661135CM1585578215850172NBR328310920260625-1,OK,DASS SEST,7,140089,1065806,93661,ATAC. MR110029 RECICLADO COR 4662/PET [073ac33b-c597-48fe-9671-0dfe48678670],135CM,15855782,440,15850172NBR3283109,25/06/2026,03/08/2026,6,27/07/2026,900217,,073ac33b-c597-48fe-9671-0dfe48678670,NIKE,134779,,
DASS SEST714008993661135CM1585578215850173NBR328310920260625-1,OK,DASS SEST,7,140089,1065806,93661,ATAC. MR110029 RECICLADO COR 4662/PET [214c8a0d-7dad-450b-a870-758bfb9c4947],135CM,15855782,462,15850173NBR3283109,25/06/2026,03/08/2026,6,27/07/2026,900218,,214c8a0d-7dad-450b-a870-758bfb9c4947,NIKE,134779,,
DASS SEST714008993661135CM1585578215850174NBR328311120260625-1,OK,DASS SEST,7,140089,1065806,93661,ATAC. MR110029 RECICLADO COR 4662/PET [c0f5cb39-2d2d-4d89-89e6-72f7470ceadb],135CM,15855782,530,15850174NBR3283111,25/06/2026,03/08/2026,6,27/07/2026,900219,,c0f5cb39-2d2d-4d89-89e6-72f7470ceadb,NIKE,134779,,
DASS SEST714008993661135CM1585578215850181NBR328312420260625-1,OK,DASS SEST,7,140089,1065806,93661,ATAC. MR110029 RECICLADO COR 4662/PET [30b23ba5-44c9-42aa-84b2-e5dc79f5e8d8],135CM,15855782,884,15850181NBR3283124,25/06/2026,03/08/2026,6,27/07/2026,900220,,30b23ba5-44c9-42aa-84b2-e5dc79f5e8d8,NIKE,134779,,
DASS SEST714008993661135CM1585578215850182NBR328312420260625-1,OK,DASS SEST,7,140089,1065806,93661,ATAC. MR110029 RECICLADO COR 4662/PET [47515f61-4574-41cc-9174-6918000a4587],135CM,15855782,894,15850182NBR3283124,25/06/2026,03/08/2026,6,27/07/2026,900221,,47515f61-4574-41cc-9174-6918000a4587,NIKE,134779,,
DASS SEST714008993661140CM1585578215850181NBR328312420260625-1,OK,DASS SEST,7,140089,1065806,93661,ATAC. MR110029 RECICLADO COR 4662/PET [7c49bba3-54df-4526-9068-85a67c0f764f],140CM,15855782,108,15850181NBR3283124,25/06/2026,03/08/2026,6,27/07/2026,900222,,7c49bba3-54df-4526-9068-85a67c0f764f,NIKE,134779,,
DASS SEST714008993661140CM1585578215850182NBR328312420260625-1,OK,DASS SEST,7,140089,1065806,93661,ATAC. MR110029 RECICLADO COR 4662/PET [f905479b-3d3d-41ba-b790-cd2ecb2e94cd],140CM,15855782,96,15850182NBR3283124,25/06/2026,03/08/2026,6,27/07/2026,900223,,f905479b-3d3d-41ba-b790-cd2ecb2e94cd,NIKE,134779,,
DASS SEST714012382628100CM1585915015858546NBR328291320260625-1,OK,DASS SEST,7,140123,1188919,82628,ATAC. MR140014 6MM RECICLADO COR 4085/PET [b030d147-625f-4114-afa9-55f75ca9115e],100CM,15859150,240,15858546NBR3282913,25/06/2026,03/08/2026,6,28/07/2026,900224,,b030d147-625f-4114-afa9-55f75ca9115e,NIKE,134814,,
DASS SEST714012382628100CM1585915015858547NBR328291320260625-1,OK,DASS SEST,7,140123,1188919,82628,ATAC. MR140014 6MM RECICLADO COR 4085/PET [4526db5c-b872-4900-9cf8-485b815f6ad7],100CM,15859150,270,15858547NBR3282913,25/06/2026,03/08/2026,6,27/07/2026,900225,,4526db5c-b872-4900-9cf8-485b815f6ad7,NIKE,134814,,
DASS SEST714012382628105CM1585915015858546NBR328291320260625-1,OK,DASS SEST,7,140123,1188919,82628,ATAC. MR140014 6MM RECICLADO COR 4085/PET [5d5988a8-d664-4aea-b379-7ab74980d906],105CM,15859150,843,15858546NBR3282913,25/06/2026,03/08/2026,6,27/07/2026,900226,,5d5988a8-d664-4aea-b379-7ab74980d906,NIKE,134814,,
DASS SEST714012382628105CM1585915015858547NBR328291320260625-1,OK,DASS SEST,7,140123,1188919,82628,ATAC. MR140014 6MM RECICLADO COR 4085/PET [75425456-5765-4f81-9a38-0c462bb268cf],105CM,15859150,888,15858547NBR3282913,25/06/2026,03/08/2026,6,27/07/2026,900227,,75425456-5765-4f81-9a38-0c462bb268cf,NIKE,134814,,
DASS SEST714012382628110CM1585915015858546NBR328291320260625-1,OK,DASS SEST,7,140123,1188919,82628,ATAC. MR140014 6MM RECICLADO COR 4085/PET [fd64f319-abe6-49b7-94ee-16a265995179],110CM,15859150,24,15858546NBR3282913,25/06/2026,03/08/2026,6,27/07/2026,900228,,fd64f319-abe6-49b7-94ee-16a265995179,NIKE,134814,,
DASS SEST714012388451105CM1585915015858561NBR328291120260625-1,OK,DASS SEST,7,140123,1324864,88451,ATAC. MR140014 6MM RECICLADO COR 5687/PET [0506d7b0-b146-438c-b434-fccb5d25342d],105CM,15859150,204,15858561NBR3282911,25/06/2026,03/08/2026,6,27/07/2026,900229,,0506d7b0-b146-438c-b434-fccb5d25342d,NIKE,134814,,
DASS SEST714012388451110CM1585915015858561NBR328291120260625-1,OK,DASS SEST,7,140123,1324864,88451,ATAC. MR140014 6MM RECICLADO COR 5687/PET [bb0c2ecc-1e8f-4e94-ae41-04a2560e44f6],110CM,15859150,1286,15858561NBR3282911,25/06/2026,03/08/2026,6,27/07/2026,900230,,bb0c2ecc-1e8f-4e94-ae41-04a2560e44f6,NIKE,134814,,
DASS SEST714012388451115CM1585915015858561NBR328291120260625-1,OK,DASS SEST,7,140123,1324864,88451,ATAC. MR140014 6MM RECICLADO COR 5687/PET [fb9e92e7-b701-47a6-a4a1-f7c455abba0c],115CM,15859150,432,15858561NBR3282911,25/06/2026,03/08/2026,6,27/07/2026,900231,,fb9e92e7-b701-47a6-a4a1-f7c455abba0c,NIKE,134814,,
DASS SEST714012394884100CM1585915015858558NBR328280620260625-1,OK,DASS SEST,7,140123,1405625,94884,ATAC. MR140014 6MM RECICLADO COR 6149/PET [7d96653a-0d03-4531-acc2-6531e86ec6a6],100CM,15859150,414,15858558NBR3282806,25/06/2026,03/08/2026,6,27/07/2026,900232,,7d96653a-0d03-4531-acc2-6531e86ec6a6,NIKE,134814,,
DASS SEST714012394884105CM1585915015858558NBR328280620260625-1,OK,DASS SEST,7,140123,1405625,94884,ATAC. MR140014 6MM RECICLADO COR 6149/PET [f0e6c9e8-33c1-4e78-a92e-ff1daa1be0fe],105CM,15859150,1442,15858558NBR3282806,25/06/2026,03/08/2026,6,27/07/2026,900233,,f0e6c9e8-33c1-4e78-a92e-ff1daa1be0fe,NIKE,134814,,
DASS SEST714012394884110CM1585915015858558NBR328280620260625-1,OK,DASS SEST,7,140123,1405625,94884,ATAC. MR140014 6MM RECICLADO COR 6149/PET [dd90f7cb-9a76-4f03-8ddf-24c3c1365872],110CM,15859150,24,15858558NBR3282806,25/06/2026,03/08/2026,6,27/07/2026,900234,,dd90f7cb-9a76-4f03-8ddf-24c3c1365872,NIKE,134814,,
DASS SEST714012395283105CM1585915015858559NBR328271020260625-1,OK,DASS SEST,7,140123,1421357,95283,ATAC. MR140014 6MM RECICLADO COR 6180/PET [3ae7f710-ad3a-4196-b6b5-4a5b6df300b0],105CM,15859150,240,15858559NBR3282710,25/06/2026,03/08/2026,6,27/07/2026,900235,,3ae7f710-ad3a-4196-b6b5-4a5b6df300b0,NIKE,134814,,
DASS SEST714012395283105CM1585915015858560NBR328273220260625-1,OK,DASS SEST,7,140123,1421357,95283,ATAC. MR140014 6MM RECICLADO COR 6180/PET [a194523d-9e98-4b18-ab9e-508451ffa499],105CM,15859150,300,15858560NBR3282732,25/06/2026,03/08/2026,6,27/07/2026,900236,,a194523d-9e98-4b18-ab9e-508451ffa499,NIKE,134814,,
DASS SEST714012395283110CM1585915015858559NBR328271020260625-1,OK,DASS SEST,7,140123,1421357,95283,ATAC. MR140014 6MM RECICLADO COR 6180/PET [ae304b6b-0b9f-424a-bffc-1905bfd3a793],110CM,15859150,854,15858559NBR3282710,25/06/2026,03/08/2026,6,27/07/2026,900237,,ae304b6b-0b9f-424a-bffc-1905bfd3a793,NIKE,134814,,
DASS SEST714012395283110CM1585915015858560NBR328273220260625-1,OK,DASS SEST,7,140123,1421357,95283,ATAC. MR140014 6MM RECICLADO COR 6180/PET [4360dd81-dfaf-4a9a-a934-6149671cbbec],110CM,15859150,872,15858560NBR3282732,25/06/2026,03/08/2026,6,27/07/2026,900238,,4360dd81-dfaf-4a9a-a934-6149671cbbec,NIKE,134814,,
DASS SEST714012395283115CM1585915015858559NBR328271020260625-1,OK,DASS SEST,7,140123,1421357,95283,ATAC. MR140014 6MM RECICLADO COR 6180/PET [f2e0a397-461d-4865-886c-a6c2770f5e87],115CM,15859150,342,15858559NBR3282710,25/06/2026,03/08/2026,6,27/07/2026,900239,,f2e0a397-461d-4865-886c-a6c2770f5e87,NIKE,134814,,
DASS SEST714012395283115CM1585915015858560NBR328273220260625-1,OK,DASS SEST,7,140123,1421357,95283,ATAC. MR140014 6MM RECICLADO COR 6180/PET [48c97cd4-47eb-4303-8f79-ffa5bd9bfaee],115CM,15859150,324,15858560NBR3282732,25/06/2026,03/08/2026,6,27/07/2026,900240,,48c97cd4-47eb-4303-8f79-ffa5bd9bfaee,NIKE,134814,,
DASS SEST714012395894105CM1585915015858562NBR328285720260625-1,OK,DASS SEST,7,140123,1425041,95894,ATAC. MR140014 6MM RECICLADO COR 6179/PET [ee2d6253-27ed-414d-ac95-8880282f8800],105CM,15859150,132,15858562NBR3282857,25/06/2026,03/08/2026,6,27/07/2026,900241,,ee2d6253-27ed-414d-ac95-8880282f8800,NIKE,134814,,
DASS SEST714012395894105CM1585915015858563NBR328285720260625-1,OK,DASS SEST,7,140123,1425041,95894,ATAC. MR140014 6MM RECICLADO COR 6179/PET [c7f43dea-4b4c-4066-b8dc-40b714b9d2ef],105CM,15859150,138,15858563NBR3282857,25/06/2026,03/08/2026,6,27/07/2026,900242,,c7f43dea-4b4c-4066-b8dc-40b714b9d2ef,NIKE,134814,,
DASS SEST714012395894105CM1585915015858564NBR328287120260625-1,OK,DASS SEST,7,140123,1425041,95894,ATAC. MR140014 6MM RECICLADO COR 6179/PET [a2888948-8719-4279-940c-640b19e9e31b],105CM,15859150,132,15858564NBR3282871,25/06/2026,03/08/2026,6,27/07/2026,900243,,a2888948-8719-4279-940c-640b19e9e31b,NIKE,134814,,
DASS SEST714012395894105CM1585915015858565NBR328287120260625-1,OK,DASS SEST,7,140123,1425041,95894,ATAC. MR140014 6MM RECICLADO COR 6179/PET [b3d327b6-5c98-46cf-9590-8df3898eb86d],105CM,15859150,138,15858565NBR3282871,25/06/2026,03/08/2026,6,27/07/2026,900244,,b3d327b6-5c98-46cf-9590-8df3898eb86d,NIKE,134814,,
DASS SEST714012395894105CM1585915015858566NBR328287220260625-1,OK,DASS SEST,7,140123,1425041,95894,ATAC. MR140014 6MM RECICLADO COR 6179/PET [a91205e2-e51b-4aa1-b182-e6f7dac63bf7],105CM,15859150,132,15858566NBR3282872,25/06/2026,03/08/2026,6,27/07/2026,900245,,a91205e2-e51b-4aa1-b182-e6f7dac63bf7,NIKE,134814,,
DASS SEST714012395894105CM1585915015858567NBR328287220260625-1,OK,DASS SEST,7,140123,1425041,95894,ATAC. MR140014 6MM RECICLADO COR 6179/PET [79a9d0b9-2193-4b5f-919c-6c538d81b9d6],105CM,15859150,138,15858567NBR3282872,25/06/2026,03/08/2026,6,27/07/2026,900246,,79a9d0b9-2193-4b5f-919c-6c538d81b9d6,NIKE,134814,,
DASS SEST714012395894110CM1585915015858562NBR328285720260625-1,OK,DASS SEST,7,140123,1425041,95894,ATAC. MR140014 6MM RECICLADO COR 6179/PET [aecfca64-b505-4d92-9476-162869e7be2e],110CM,15859150,771,15858562NBR3282857,25/06/2026,03/08/2026,6,27/07/2026,900247,,aecfca64-b505-4d92-9476-162869e7be2e,NIKE,134814,,
DASS SEST714012395894110CM1585915015858563NBR328285720260625-1,OK,DASS SEST,7,140123,1425041,95894,ATAC. MR140014 6MM RECICLADO COR 6179/PET [9bbed476-0d9f-4c2d-9402-86015b90ad78],110CM,15859150,792,15858563NBR3282857,25/06/2026,03/08/2026,6,27/07/2026,900248,,9bbed476-0d9f-4c2d-9402-86015b90ad78,NIKE,134814,,
DASS SEST714012395894110CM1585915015858564NBR328287120260625-1,OK,DASS SEST,7,140123,1425041,95894,ATAC. MR140014 6MM RECICLADO COR 6179/PET [bb68f755-6325-4fb3-b0b8-cc148e48ea43],110CM,15859150,771,15858564NBR3282871,25/06/2026,03/08/2026,6,27/07/2026,900249,,bb68f755-6325-4fb3-b0b8-cc148e48ea43,NIKE,134814,,
DASS SEST714012395894110CM1585915015858565NBR328287120260625-1,OK,DASS SEST,7,140123,1425041,95894,ATAC. MR140014 6MM RECICLADO COR 6179/PET [caddb02f-bb65-4782-b9be-13055f78b20f],110CM,15859150,792,15858565NBR3282871,25/06/2026,03/08/2026,6,27/07/2026,900250,,caddb02f-bb65-4782-b9be-13055f78b20f,NIKE,134814,,
DASS SEST714012395894110CM1585915015858566NBR328287220260625-1,OK,DASS SEST,7,140123,1425041,95894,ATAC. MR140014 6MM RECICLADO COR 6179/PET [e354ea9b-58e8-4420-825e-ccd33bad1ee7],110CM,15859150,771,15858566NBR3282872,25/06/2026,03/08/2026,6,27/07/2026,900251,,e354ea9b-58e8-4420-825e-ccd33bad1ee7,NIKE,134814,,
DASS SEST714012395894110CM1585915015858567NBR328287220260625-1,OK,DASS SEST,7,140123,1425041,95894,ATAC. MR140014 6MM RECICLADO COR 6179/PET [309b0859-d4ae-4d29-b28e-068647cbfd55],110CM,15859150,792,15858567NBR3282872,25/06/2026,03/08/2026,6,27/07/2026,900252,,309b0859-d4ae-4d29-b28e-068647cbfd55,NIKE,134814,,
DASS SEST714012395894115CM1585915015858562NBR328285720260625-1,OK,DASS SEST,7,140123,1425041,95894,ATAC. MR140014 6MM RECICLADO COR 6179/PET [63286bda-524e-45f2-833d-91ab326f1162],115CM,15859150,228,15858562NBR3282857,25/06/2026,03/08/2026,6,27/07/2026,900253,,63286bda-524e-45f2-833d-91ab326f1162,NIKE,134814,,
DASS SEST714012395894115CM1585915015858563NBR328285720260625-1,OK,DASS SEST,7,140123,1425041,95894,ATAC. MR140014 6MM RECICLADO COR 6179/PET [0a6d5487-5fb2-41de-b190-da6ff70e4921],115CM,15859150,234,15858563NBR3282857,25/06/2026,03/08/2026,6,27/07/2026,900254,,0a6d5487-5fb2-41de-b190-da6ff70e4921,NIKE,134814,,
DASS SEST714012395894115CM1585915015858564NBR328287120260625-1,OK,DASS SEST,7,140123,1425041,95894,ATAC. MR140014 6MM RECICLADO COR 6179/PET [c1ac28cc-6d77-427a-82b8-98a996c023aa],115CM,15859150,228,15858564NBR3282871,25/06/2026,03/08/2026,6,27/07/2026,900255,,c1ac28cc-6d77-427a-82b8-98a996c023aa,NIKE,134814,,
DASS SEST714012395894115CM1585915015858565NBR328287120260625-1,OK,DASS SEST,7,140123,1425041,95894,ATAC. MR140014 6MM RECICLADO COR 6179/PET [fee9df3b-38fa-4bd8-ba18-b255805ef301],115CM,15859150,234,15858565NBR3282871,25/06/2026,03/08/2026,6,27/07/2026,900256,,fee9df3b-38fa-4bd8-ba18-b255805ef301,NIKE,134814,,
DASS SEST714012395894115CM1585915015858566NBR328287220260625-1,OK,DASS SEST,7,140123,1425041,95894,ATAC. MR140014 6MM RECICLADO COR 6179/PET [a0a67f67-b309-4e76-965c-0fe0db58b7e0],115CM,15859150,228,15858566NBR3282872,25/06/2026,03/08/2026,6,27/07/2026,900257,,a0a67f67-b309-4e76-965c-0fe0db58b7e0,NIKE,134814,,
DASS SEST714012395894115CM1585915015858567NBR328287220260625-1,OK,DASS SEST,7,140123,1425041,95894,ATAC. MR140014 6MM RECICLADO COR 6179/PET [2ddd5517-0fce-47bb-af33-25079de889ca],115CM,15859150,234,15858567NBR3282872,25/06/2026,03/08/2026,6,27/07/2026,900258,,2ddd5517-0fce-47bb-af33-25079de889ca,NIKE,134814,,
DASS SEST714012386978110CM1585915015856834NBR328285320260625-1,OK,DASS SEST,7,140123,1299257,86978,ATAC. MR130027 6MM RECICLADO COR 4085/PET [2dc247ba-a6e8-4e83-84f9-82c15757f825],110CM,15859150,23,15856834NBR3282853,25/06/2026,03/08/2026,6,27/07/2026,900259,,2dc247ba-a6e8-4e83-84f9-82c15757f825,NIKE,134814,,
DASS SEST714012386978115CM1585915015856834NBR328285320260625-1,OK,DASS SEST,7,140123,1299257,86978,ATAC. MR130027 6MM RECICLADO COR 4085/PET [edcb295e-2355-4ee8-99b4-2fc23e590d78],115CM,15859150,72,15856834NBR3282853,25/06/2026,03/08/2026,6,27/07/2026,900260,,edcb295e-2355-4ee8-99b4-2fc23e590d78,NIKE,134814,,
DASS SEST714012386978120CM1585915015856834NBR328285320260625-1,OK,DASS SEST,7,140123,1299257,86978,ATAC. MR130027 6MM RECICLADO COR 4085/PET [9a6a86ed-ba00-42f1-a632-5a04ed95edb9],120CM,15859150,21,15856834NBR3282853,25/06/2026,03/08/2026,6,27/07/2026,900261,,9a6a86ed-ba00-42f1-a632-5a04ed95edb9,NIKE,134814,,
DASS SEST714012395799105CM1585915015856852NBR328285520260625-1,OK,DASS SEST,7,140123,1424088,95799,ATAC. MR130027 6MM RECICLADO COR 5820/PET [2d873399-335f-4bc3-9090-83dc092757e9],105CM,15859150,396,15856852NBR3282855,25/06/2026,03/08/2026,6,27/07/2026,900262,,2d873399-335f-4bc3-9090-83dc092757e9,NIKE,134814,,
DASS SEST714012395799105CM1585915015856853NBR328285520260625-1,OK,DASS SEST,7,140123,1424088,95799,ATAC. MR130027 6MM RECICLADO COR 5820/PET [e0e64540-4787-4c10-9c49-a4eaa219200b],105CM,15859150,414,15856853NBR3282855,25/06/2026,03/08/2026,6,27/07/2026,900263,,e0e64540-4787-4c10-9c49-a4eaa219200b,NIKE,134814,,
DASS SEST714012395799105CM1585915015856854NBR328286920260625-1,OK,DASS SEST,7,140123,1424088,95799,ATAC. MR130027 6MM RECICLADO COR 5820/PET [71c163c5-b743-4586-a1b3-02d90a8c2631],105CM,15859150,396,15856854NBR3282869,25/06/2026,03/08/2026,6,27/07/2026,900264,,71c163c5-b743-4586-a1b3-02d90a8c2631,NIKE,134814,,
DASS SEST714012395799105CM1585915015856855NBR328286920260625-1,OK,DASS SEST,7,140123,1424088,95799,ATAC. MR130027 6MM RECICLADO COR 5820/PET [7e9a5f3b-2015-4edd-8513-40063044254d],105CM,15859150,414,15856855NBR3282869,25/06/2026,03/08/2026,6,27/07/2026,900265,,7e9a5f3b-2015-4edd-8513-40063044254d,NIKE,134814,,
DASS SEST714012395799110CM1585915015856852NBR328285520260625-1,OK,DASS SEST,7,140123,1424088,95799,ATAC. MR130027 6MM RECICLADO COR 5820/PET [0a458c9c-8599-465e-b7c2-b6dd1b5aedc8],110CM,15859150,470,15856852NBR3282855,25/06/2026,03/08/2026,6,27/07/2026,900266,,0a458c9c-8599-465e-b7c2-b6dd1b5aedc8,NIKE,134814,,
DASS SEST714012395799110CM1585915015856853NBR328285520260625-1,OK,DASS SEST,7,140123,1424088,95799,ATAC. MR130027 6MM RECICLADO COR 5820/PET [ea648719-4424-4300-bd49-90bc9ed87061],110CM,15859150,498,15856853NBR3282855,25/06/2026,03/08/2026,6,27/07/2026,900267,,ea648719-4424-4300-bd49-90bc9ed87061,NIKE,134814,,
DASS SEST714012395799110CM1585915015856854NBR328286920260625-1,OK,DASS SEST,7,140123,1424088,95799,ATAC. MR130027 6MM RECICLADO COR 5820/PET [930a259c-12be-458c-b8d3-3c5f3701c882],110CM,15859150,470,15856854NBR3282869,25/06/2026,03/08/2026,6,27/07/2026,900268,,930a259c-12be-458c-b8d3-3c5f3701c882,NIKE,134814,,
DASS SEST714012395799110CM1585915015856855NBR328286920260625-1,OK,DASS SEST,7,140123,1424088,95799,ATAC. MR130027 6MM RECICLADO COR 5820/PET [bec16484-547f-491c-9ee2-328c540b019d],110CM,15859150,504,15856855NBR3282869,25/06/2026,03/08/2026,6,27/07/2026,900269,,bec16484-547f-491c-9ee2-328c540b019d,NIKE,134814,,
DASS SEST714012395799115CM1585915015856852NBR328285520260625-1,OK,DASS SEST,7,140123,1424088,95799,ATAC. MR130027 6MM RECICLADO COR 5820/PET [f511d97e-9830-4328-a22f-22a1804fc28b],115CM,15859150,78,15856852NBR3282855,25/06/2026,03/08/2026,6,27/07/2026,900270,,f511d97e-9830-4328-a22f-22a1804fc28b,NIKE,134814,,
DASS SEST714012395799115CM1585915015856853NBR328285520260625-1,OK,DASS SEST,7,140123,1424088,95799,ATAC. MR130027 6MM RECICLADO COR 5820/PET [b65f57ed-7d0d-4aa0-9784-26131ad3f125],115CM,15859150,60,15856853NBR3282855,25/06/2026,03/08/2026,6,27/07/2026,900271,,b65f57ed-7d0d-4aa0-9784-26131ad3f125,NIKE,134814,,
DASS SEST714012395799115CM1585915015856854NBR328286920260625-1,OK,DASS SEST,7,140123,1424088,95799,ATAC. MR130027 6MM RECICLADO COR 5820/PET [b04a31fb-9b16-4ef3-a099-c66812a90971],115CM,15859150,78,15856854NBR3282869,25/06/2026,03/08/2026,6,27/07/2026,900272,,b04a31fb-9b16-4ef3-a099-c66812a90971,NIKE,134814,,
DASS SEST714012395799115CM1585915015856855NBR328286920260625-1,OK,DASS SEST,7,140123,1424088,95799,ATAC. MR130027 6MM RECICLADO COR 5820/PET [4266599c-f8ff-4343-8edd-4b475585b46c],115CM,15859150,60,15856855NBR3282869,25/06/2026,03/08/2026,6,27/07/2026,900273,,4266599c-f8ff-4343-8edd-4b475585b46c,NIKE,134814,,
DASS SEST714028595945100CM1587478415865472NBR328291420260630-1,OK,DASS SEST,7,140285,1454466,95945,ATAC. MR140014 6MM RECICLADO COR 6248/PET [d74dd7b6-ed4e-4937-a509-770ce347cf22],100CM,15874784,252,15865472NBR3282914,30/06/2026,03/08/2026,6,28/07/2026,900274,,d74dd7b6-ed4e-4937-a509-770ce347cf22,NIKE,135007,,
DASS SEST714028595945100CM1587478415865473NBR328291420260630-1,OK,DASS SEST,7,140285,1454466,95945,ATAC. MR140014 6MM RECICLADO COR 6248/PET [1f40c022-582a-4aeb-a429-2f269a3239eb],100CM,15874784,264,15865473NBR3282914,30/06/2026,03/08/2026,6,27/07/2026,900275,,1f40c022-582a-4aeb-a429-2f269a3239eb,NIKE,135007,,
DASS SEST714028595945105CM1587478415865472NBR328291420260630-1,OK,DASS SEST,7,140285,1454466,95945,ATAC. MR140014 6MM RECICLADO COR 6248/PET [3651c14c-098e-4ff3-9be8-e15f6bccf159],105CM,15874784,819,15865472NBR3282914,30/06/2026,03/08/2026,6,27/07/2026,900276,,3651c14c-098e-4ff3-9be8-e15f6bccf159,NIKE,135007,,
DASS SEST714028595945105CM1587478415865473NBR328291420260630-1,OK,DASS SEST,7,140285,1454466,95945,ATAC. MR140014 6MM RECICLADO COR 6248/PET [aa57790b-32b7-4ad2-a140-4e55c179c0ec],105CM,15874784,846,15865473NBR3282914,30/06/2026,03/08/2026,6,27/07/2026,900277,,aa57790b-32b7-4ad2-a140-4e55c179c0ec,NIKE,135007,,
DASS SEST714028595945110CM1587478415865472NBR328291420260630-1,OK,DASS SEST,7,140285,1454466,95945,ATAC. MR140014 6MM RECICLADO COR 6248/PET [af9b4ae1-7380-43a4-a43f-3ae94d6cd797],110CM,15874784,18,15865472NBR3282914,30/06/2026,03/08/2026,6,27/07/2026,900278,,af9b4ae1-7380-43a4-a43f-3ae94d6cd797,NIKE,135007,,
DASS SEST714028595945110CM1587478415865473NBR328291420260630-1,OK,DASS SEST,7,140285,1454466,95945,ATAC. MR140014 6MM RECICLADO COR 6248/PET [e27290ac-809f-4442-90cd-49dd99d900e8],110CM,15874784,12,15865473NBR3282914,30/06/2026,03/08/2026,6,27/07/2026,900279,,e27290ac-809f-4442-90cd-49dd99d900e8,NIKE,135007,,
DASS SEST71408528603112MM1592934220260715-1,OK,DASS SEST,7,140852,1268009,86031,FITA MFGP C/ GOMA POLIESTER COR 5512 [5a232176-bb95-4d37-bbe9-d9255f06fce4],12MM,15929342,180,0,15/07/2026,03/08/2026,6,28/07/2026,900280,,5a232176-bb95-4d37-bbe9-d9255f06fce4,FILA,135563,,
DASS SEST71408528752012MM1592934220260715-1,OK,DASS SEST,7,140852,1314368,87520,FITA MFGP C/ GOMA POLIESTER COR 324 [43710c6b-3c7f-47cd-8300-b2866e189c90],12MM,15929342,180,0,15/07/2026,03/08/2026,6,27/07/2026,900281,,43710c6b-3c7f-47cd-8300-b2866e189c90,FILA,135563,,
DASS SEST71408529328712MM1592934220260715-1,OK,DASS SEST,7,140852,1409207,93287,FITA MFGP C/ GOMA POLIESTER COR 5758 [15470793-6dfb-4246-b366-a77b671c5383],12MM,15929342,230,0,15/07/2026,03/08/2026,6,27/07/2026,900282,,15470793-6dfb-4246-b366-a77b671c5383,FILA,135563,,
DASS SEST71409367423610MM1594411920260717-1,OK,DASS SEST,7,140936,1065276,74236,FITA MR100001 C/ GOMA RECICLADO COR 4662/PET [f521b914-a051-4998-946d-9d62ce7fccbe],10MM,15944119,130,0,17/07/2026,03/08/2026,6,28/07/2026,900283,,f521b914-a051-4998-946d-9d62ce7fccbe,NIKE,135623,,
DASS SEST71409367423710MM1594411920260717-1,OK,DASS SEST,7,140936,1065278,74237,FITA MR100001 C/ GOMA RECICLADO COR 4085/PET [2a0ed7f5-554d-4f8c-ac5f-61a76beaec33],10MM,15944119,410,0,17/07/2026,03/08/2026,6,27/07/2026,900284,,2a0ed7f5-554d-4f8c-ac5f-61a76beaec33,NIKE,135623,,
DASS SEST71409377423610MM1594415020260717-1,OK,DASS SEST,7,140937,1065276,74236,FITA MR100001 C/ GOMA RECICLADO COR 4662/PET [4bd8619c-ed23-4d14-84bb-6fb2b464ba80],10MM,15944150,350,0,17/07/2026,03/08/2026,6,28/07/2026,900285,,4bd8619c-ed23-4d14-84bb-6fb2b464ba80,NIKE,135624,,
DASS SEST71409377423710MM1594415020260717-1,OK,DASS SEST,7,140937,1065278,74237,FITA MR100001 C/ GOMA RECICLADO COR 4085/PET [d54a2408-bc84-4252-8b09-bd28fca05bb0],10MM,15944150,320,0,17/07/2026,03/08/2026,6,27/07/2026,900286,,d54a2408-bc84-4252-8b09-bd28fca05bb0,NIKE,135624,,
DASS SEST71409377401410MM1594415020260717-1,OK,DASS SEST,7,140937,965421,74014,FITA MFGP C/ GOMA POLIESTER COR 4085 [31a64989-e598-4bd5-b18e-dbdf627af085],10MM,15944150,70,0,17/07/2026,03/08/2026,6,27/07/2026,900287,,31a64989-e598-4bd5-b18e-dbdf627af085,NIKE,135624,,
DASS SEST71409379153510MM1594415020260717-1,OK,DASS SEST,7,140937,1341133,91535,FITA MFGP C/ GOMA POLIESTER COR 5149 [dbd2aa2e-4cc4-4de5-9aad-4c772317b92a],10MM,15944150,70,0,17/07/2026,03/08/2026,6,27/07/2026,900288,,dbd2aa2e-4cc4-4de5-9aad-4c772317b92a,NIKE,135624,,
DASS SEST714097595283115CM15950681820931620260720-1,OK,DASS SEST,7,140975,1421357,95283,ATAC. MR140014 6MM RECICLADO COR 6180/PET [a62a5257-db6d-4232-9160-de40c1b63a7d],115CM,15950681,18,8209316,20/07/2026,03/08/2026,6,28/07/2026,900289,,a62a5257-db6d-4232-9160-de40c1b63a7d,NIKE,135662,,
DASS SEST714123994884105CM1597389482382320260727-1,OK,DASS SEST,7,141239,1405625,94884,ATAC. MR140014 6MM RECICLADO COR 6149/PET [33c81637-1d24-4b09-b032-b11d45dc8961],105CM,15973894,12,823823,27/07/2026,03/08/2026,6,28/07/2026,900290,,33c81637-1d24-4b09-b032-b11d45dc8961,NIKE,135913,,NORMAL
DASS SEST714123988695100CM1597389482382520260727-1,OK,DASS SEST,7,141239,1301800,88695,ATAC. MR130027 6MM RECICLADO COR 4662/PET [01d26ca5-0f7a-4205-aa3f-2a767a239c76],100CM,15973894,24,823825,27/07/2026,03/08/2026,6,27/07/2026,900291,,01d26ca5-0f7a-4205-aa3f-2a767a239c76,NIKE,135913,,NORMAL
DASS ITABERABA7013956073819115CM1581399415800640SBF80626720260611-1,OK,DASS ITABERABA,70,139560,1051608,73819,ATAC. M21020 8MM POLIESTER COR 114 [910a381f-19aa-4f5f-b1d9-d782ee43f89c],115CM,15813994,612,15800640SBF806267,11/06/2026,03/08/2026,6,27/07/2026,900292,,910a381f-19aa-4f5f-b1d9-d782ee43f89c,FILA,134307,,
DASS ITABERABA7013956073819125CM1581399415800640SBF80626720260611-1,OK,DASS ITABERABA,70,139560,1051608,73819,ATAC. M21020 8MM POLIESTER COR 114 [cf319bdd-e222-4cc0-b6a5-dfe128e96beb],125CM,15813994,612,15800640SBF806267,11/06/2026,03/08/2026,6,27/07/2026,900293,,cf319bdd-e222-4cc0-b6a5-dfe128e96beb,FILA,134307,,
DASS ITABERABA701398857016412MM1584415220260619-1,OK,DASS ITABERABA,70,139885,898941,70164,FITA MFGP C/ GOMA POLIESTER COR 100 [05d29ade-7ac5-4e86-b2e9-31e8e417b7fd],12MM,15844152,1170,0,19/06/2026,03/08/2026,6,28/07/2026,900294,,05d29ade-7ac5-4e86-b2e9-31e8e417b7fd,FILA,134567,,
DASS ITABERABA7013988676524100CM1584494015840446BRITB0053620260619-1,OK,DASS ITABERABA,70,139886,816378,76524,ATAC. M13725 6MM POLIESTER COR 263 [89e5ede1-75c6-4cd4-afd4-917af9eeccc9],100CM,15844940,360,15840446BRITB00536,19/06/2026,03/08/2026,6,27/07/2026,900295,,89e5ede1-75c6-4cd4-afd4-917af9eeccc9,FILA,134568,,
DASS ITABERABA7013988676524100CM1584494015840448BRITB0053620260619-1,OK,DASS ITABERABA,70,139886,816378,76524,ATAC. M13725 6MM POLIESTER COR 263 [69e9ebbe-454c-4976-80f0-18e51e9da1d9],100CM,15844940,348,15840448BRITB00536,19/06/2026,03/08/2026,6,27/07/2026,900296,,69e9ebbe-454c-4976-80f0-18e51e9da1d9,FILA,134568,,
DASS ITABERABA7013988676524100CM1584494015840449BRITB0053620260619-1,OK,DASS ITABERABA,70,139886,816378,76524,ATAC. M13725 6MM POLIESTER COR 263 [4a0fc669-289e-4817-80cd-615e476f6747],100CM,15844940,348,15840449BRITB00536,19/06/2026,03/08/2026,6,27/07/2026,900297,,4a0fc669-289e-4817-80cd-615e476f6747,FILA,134568,,
DASS ITABERABA7013988676524100CM1584494015840450BRITB0053620260619-1,OK,DASS ITABERABA,70,139886,816378,76524,ATAC. M13725 6MM POLIESTER COR 263 [5a328f9e-ab42-4ad7-b719-b73343445272],100CM,15844940,336,15840450BRITB00536,19/06/2026,03/08/2026,6,27/07/2026,900298,,5a328f9e-ab42-4ad7-b719-b73343445272,FILA,134568,,
DASS ITABERABA7013988676524100CM1584494015840451BRITB0053620260619-1,OK,DASS ITABERABA,70,139886,816378,76524,ATAC. M13725 6MM POLIESTER COR 263 [36e59d3d-5467-4293-b956-1594b86ae4cb],100CM,15844940,348,15840451BRITB00536,19/06/2026,03/08/2026,6,27/07/2026,900299,,36e59d3d-5467-4293-b956-1594b86ae4cb,FILA,134568,,
DASS ITABERABA7013988676524110CM1584494015840444BRITB0053620260619-1,OK,DASS ITABERABA,70,139886,816378,76524,ATAC. M13725 6MM POLIESTER COR 263 [c5fba03b-0dd4-4c70-9f99-e3a4b92360cb],110CM,15844940,432,15840444BRITB00536,19/06/2026,03/08/2026,6,27/07/2026,900300,,c5fba03b-0dd4-4c70-9f99-e3a4b92360cb,FILA,134568,,
DASS ITABERABA7013988676524110CM1584494015840446BRITB0053620260619-1,OK,DASS ITABERABA,70,139886,816378,76524,ATAC. M13725 6MM POLIESTER COR 263 [06a4d3dc-bbf8-4933-86a6-09eac3d68405],110CM,15844940,444,15840446BRITB00536,19/06/2026,03/08/2026,6,27/07/2026,900301,,06a4d3dc-bbf8-4933-86a6-09eac3d68405,FILA,134568,,
DASS ITABERABA7013988676524110CM1584494015840448BRITB0053620260619-1,OK,DASS ITABERABA,70,139886,816378,76524,ATAC. M13725 6MM POLIESTER COR 263 [bab294e1-927f-47eb-ba71-8b590129d5a1],110CM,15844940,420,15840448BRITB00536,19/06/2026,03/08/2026,6,27/07/2026,900302,,bab294e1-927f-47eb-ba71-8b590129d5a1,FILA,134568,,
DASS ITABERABA7013988676524110CM1584494015840449BRITB0053620260619-1,OK,DASS ITABERABA,70,139886,816378,76524,ATAC. M13725 6MM POLIESTER COR 263 [260347f1-0137-48b5-9722-b4b649ec058c],110CM,15844940,444,15840449BRITB00536,19/06/2026,03/08/2026,6,27/07/2026,900303,,260347f1-0137-48b5-9722-b4b649ec058c,FILA,134568,,
DASS ITABERABA7013988676524110CM1584494015840450BRITB0053620260619-1,OK,DASS ITABERABA,70,139886,816378,76524,ATAC. M13725 6MM POLIESTER COR 263 [5b1d5a16-53c8-4556-b07c-05121ec6828b],110CM,15844940,408,15840450BRITB00536,19/06/2026,03/08/2026,6,27/07/2026,900304,,5b1d5a16-53c8-4556-b07c-05121ec6828b,FILA,134568,,
DASS ITABERABA701399177037512MM1584914320260622-1,OK,DASS ITABERABA,70,139917,1240579,70375,FITA MFGP C/ GOMA POLIESTER COR 678 [dcf45c87-d774-4e96-8968-f81151a11c12],12MM,15849143,260,0,22/06/2026,03/08/2026,6,28/07/2026,900305,,dcf45c87-d774-4e96-8968-f81151a11c12,FILA,134593,,
DASS ITABERABA701399178629812MM1584914320260622-1,OK,DASS ITABERABA,70,139917,1411787,86298,FITA MFGP C/ GOMA POLIESTER COR 486 [f96dddaa-6e6d-4cd3-b552-83baab037074],12MM,15849143,280,0,22/06/2026,03/08/2026,6,27/07/2026,900306,,f96dddaa-6e6d-4cd3-b552-83baab037074,FILA,134593,,
DASS ITABERABA701399189498290CM1584917615840454BRITB0053720260622-1,OK,DASS ITABERABA,70,139918,1404465,94982,ATAC. M13725 6MM POLIESTER COR 6002 [492d87d7-ccf8-408b-99a0-54dd3a01cc24],90CM,15849176,324,15840454BRITB00537,22/06/2026,03/08/2026,6,28/07/2026,900307,,492d87d7-ccf8-408b-99a0-54dd3a01cc24,FILA,134594,,
DASS ITABERABA7013991894982100CM1584917615840454BRITB0053720260622-1,OK,DASS ITABERABA,70,139918,1404465,94982,ATAC. M13725 6MM POLIESTER COR 6002 [0daa1fba-161b-4205-9047-37bbc4bdae3f],100CM,15849176,492,15840454BRITB00537,22/06/2026,03/08/2026,6,27/07/2026,900308,,0daa1fba-161b-4205-9047-37bbc4bdae3f,FILA,134594,,
DASS ITABERABA701405208750580CM1589167215888356FIL00151420260706-1,OK,DASS ITABERABA,70,140520,1285852,87505,ELAST. M21180 2.5MM POLIESTER COR 100 / COR 263 [d962348b-f30e-43c3-8dda-acdee4be1888],80CM,15891672,564,15888356FIL001514,06/07/2026,03/08/2026,6,28/07/2026,900309,,d962348b-f30e-43c3-8dda-acdee4be1888,FILA,135195,,
DASS ITABERABA701405208750580CM1589167215888359FIL00151520260706-1,OK,DASS ITABERABA,70,140520,1285852,87505,ELAST. M21180 2.5MM POLIESTER COR 100 / COR 263 [53f5affc-d167-4a39-910a-fcfc24977f39],80CM,15891672,516,15888359FIL001515,06/07/2026,03/08/2026,6,27/07/2026,900310,,53f5affc-d167-4a39-910a-fcfc24977f39,FILA,135195,,
DASS ITABERABA701405208750585CM1589167215888356FIL00151420260706-1,OK,DASS ITABERABA,70,140520,1285852,87505,ELAST. M21180 2.5MM POLIESTER COR 100 / COR 263 [ac1d20d0-9027-4702-a935-57d9d202df08],85CM,15891672,300,15888356FIL001514,06/07/2026,03/08/2026,6,27/07/2026,900311,,ac1d20d0-9027-4702-a935-57d9d202df08,FILA,135195,,
DASS ITABERABA701405208750585CM1589167215888359FIL00151520260706-1,OK,DASS ITABERABA,70,140520,1285852,87505,ELAST. M21180 2.5MM POLIESTER COR 100 / COR 263 [5d660a2f-4e89-4af7-9893-f662bdef9702],85CM,15891672,336,15888359FIL001515,06/07/2026,03/08/2026,6,27/07/2026,900312,,5d660a2f-4e89-4af7-9893-f662bdef9702,FILA,135195,,
DASS ITABERABA701405209353175CM1589167215888357FIL00151620260706-1,OK,DASS ITABERABA,70,140520,1410950,93531,ELAST. M21180 POLIESTER COR 5508 / COR 100 [536b75e7-bc6d-4d41-bc9e-03a933028e61],75CM,15891672,300,15888357FIL001516,06/07/2026,03/08/2026,6,27/07/2026,900313,,536b75e7-bc6d-4d41-bc9e-03a933028e61,FILA,135195,,
DASS ITABERABA701405209353180CM1589167215888354FIL00151220260706-1,OK,DASS ITABERABA,70,140520,1410950,93531,ELAST. M21180 POLIESTER COR 5508 / COR 100 [20552105-a03d-4653-8f2b-98ee814121bb],80CM,15891672,588,15888354FIL001512,06/07/2026,03/08/2026,6,27/07/2026,900314,,20552105-a03d-4653-8f2b-98ee814121bb,FILA,135195,,
DASS ITABERABA701405209353180CM1589167215888357FIL00151620260706-1,OK,DASS ITABERABA,70,140520,1410950,93531,ELAST. M21180 POLIESTER COR 5508 / COR 100 [5d10531b-cd77-49e1-9cf1-298bafd7fec4],80CM,15891672,348,15888357FIL001516,06/07/2026,03/08/2026,6,27/07/2026,900315,,5d10531b-cd77-49e1-9cf1-298bafd7fec4,FILA,135195,,
DASS ITABERABA701405209353185CM1589167215888354FIL00151220260706-1,OK,DASS ITABERABA,70,140520,1410950,93531,ELAST. M21180 POLIESTER COR 5508 / COR 100 [29df76be-2432-461c-aedf-d7ade7027788],85CM,15891672,276,15888354FIL001512,06/07/2026,03/08/2026,6,27/07/2026,900316,,29df76be-2432-461c-aedf-d7ade7027788,FILA,135195,,
DASS ITABERABA701405209353375CM1589167215888358FIL00151720260706-1,OK,DASS ITABERABA,70,140520,1410962,93533,ELAST. M21180 POLIESTER COR 599 / COR 100 [7b5cc8b8-bb58-4b3e-b2c5-95fda0856ae5],75CM,15891672,384,15888358FIL001517,06/07/2026,03/08/2026,6,27/07/2026,900317,,7b5cc8b8-bb58-4b3e-b2c5-95fda0856ae5,FILA,135195,,
DASS ITABERABA701405209353380CM1589167215888358FIL00151720260706-1,OK,DASS ITABERABA,70,140520,1410962,93533,ELAST. M21180 POLIESTER COR 599 / COR 100 [65f10b90-258f-4c2a-9f86-560037b1e5a5],80CM,15891672,468,15888358FIL001517,06/07/2026,03/08/2026,6,27/07/2026,900318,,65f10b90-258f-4c2a-9f86-560037b1e5a5,FILA,135195,,
DASS ITABERABA70140973904666MM1593526420260720-1,OK,DASS ITABERABA,70,140973,1355763,90466,FITA MFGP C/ GOMA POLIESTER COR 931 [e779d7c6-4781-489d-a2bc-fea3d2b28f01],6MM,15935264,60,0,20/07/2026,03/08/2026,6,28/07/2026,900319,,e779d7c6-4781-489d-a2bc-fea3d2b28f01,FILA,135660,,
DASS ITABERABA701409739509515MM1593526420260720-1,OK,DASS ITABERABA,70,140973,1401459,95095,FITA MFGP C/ GOMA POLIESTER COR 100 / COR 5982 / COR 100 [c88bf427-ddb5-4bee-ab99-b04ebf8a8240],15MM,15935264,10,0,20/07/2026,03/08/2026,6,27/07/2026,900320,,c88bf427-ddb5-4bee-ab99-b04ebf8a8240,FILA,135660,,
DASS ITABERABA701409748750530CM1593527415922869REPBRITB0020260720-1,OK,DASS ITABERABA,70,140974,1285852,87505,ELAST. M21180 2.5MM POLIESTER COR 100 / COR 263 [8ccef30c-3b9e-41ea-a783-78a0c689d3d8],30CM,15935274,24,15922869REPBRITB00,20/07/2026,03/08/2026,6,28/07/2026,900321,,8ccef30c-3b9e-41ea-a783-78a0c689d3d8,FILA,135661,,
DASS ITABERABA701412409230015MM1597529682395120260727-1,OK,DASS ITABERABA,70,141240,1386952,92300,FITA MFGP C/ GOMA POLIESTER COR 788 [b3f8c938-f116-48e0-b365-497b93e63181],15MM,15975296,70,823951,27/07/2026,03/08/2026,6,28/07/2026,900322,,b3f8c938-f116-48e0-b365-497b93e63181,FILA,135914,,NORMAL
DASS SANTO ANTONIO15261400907016415MM1585670120260625-1,OK,DASS SANTO ANTONIO,1526,140090,783896,70164,FITA MFGP C/ GOMA POLIESTER COR 100 [146f6ddf-3e2f-46f9-b69a-c1d74a0a41f5],15MM,15856701,510,0,25/06/2026,03/08/2026,6,28/07/2026,900323,,146f6ddf-3e2f-46f9-b69a-c1d74a0a41f5,FILA,134806,,
DASS SANTO ANTONIO152614009173756115CM1585671015842133BRSA00182520260625-1,OK,DASS SANTO ANTONIO,1526,140091,1260166,73756,ATAC. M10110 5MM POLIESTER COR 100 / COR 263 [d13b9d3a-32c6-42bb-a1d0-86f7dd2fd7e0],115CM,15856710,612,15842133BRSA001825,25/06/2026,03/08/2026,6,28/07/2026,900324,,d13b9d3a-32c6-42bb-a1d0-86f7dd2fd7e0,FILA,134780,,
DASS SANTO ANTONIO152614009173756115CM1585671015842134BRSA00182520260625-1,OK,DASS SANTO ANTONIO,1526,140091,1260166,73756,ATAC. M10110 5MM POLIESTER COR 100 / COR 263 [7177b55a-1079-403d-9c3b-d60ca92e6bea],115CM,15856710,648,15842134BRSA001825,25/06/2026,03/08/2026,6,27/07/2026,900325,,7177b55a-1079-403d-9c3b-d60ca92e6bea,FILA,134780,,
DASS SANTO ANTONIO152614009173756115CM1585671015842135BRSA00182620260625-1,OK,DASS SANTO ANTONIO,1526,140091,1260166,73756,ATAC. M10110 5MM POLIESTER COR 100 / COR 263 [a1319e7d-ff64-42cf-a150-b57fcf5f8a7f],115CM,15856710,576,15842135BRSA001826,25/06/2026,03/08/2026,6,27/07/2026,900326,,a1319e7d-ff64-42cf-a150-b57fcf5f8a7f,FILA,134780,,
DASS SANTO ANTONIO152614009173756115CM1585671015842136BRSA00182620260625-1,OK,DASS SANTO ANTONIO,1526,140091,1260166,73756,ATAC. M10110 5MM POLIESTER COR 100 / COR 263 [6c561a32-59c2-40e7-918d-644fb0bb5fb8],115CM,15856710,588,15842136BRSA001826,25/06/2026,03/08/2026,6,27/07/2026,900327,,6c561a32-59c2-40e7-918d-644fb0bb5fb8,FILA,134780,,
DASS SANTO ANTONIO152614009173756125CM1585671015842133BRSA00182520260625-1,OK,DASS SANTO ANTONIO,1526,140091,1260166,73756,ATAC. M10110 5MM POLIESTER COR 100 / COR 263 [21432d71-0ba6-4e9b-8885-147a23357134],125CM,15856710,288,15842133BRSA001825,25/06/2026,03/08/2026,6,27/07/2026,900328,,21432d71-0ba6-4e9b-8885-147a23357134,FILA,134780,,
DASS SANTO ANTONIO152614009173756125CM1585671015842134BRSA00182520260625-1,OK,DASS SANTO ANTONIO,1526,140091,1260166,73756,ATAC. M10110 5MM POLIESTER COR 100 / COR 263 [1feea965-682c-46bc-acd7-0cc5dcf0b15c],125CM,15856710,300,15842134BRSA001825,25/06/2026,03/08/2026,6,27/07/2026,900329,,1feea965-682c-46bc-acd7-0cc5dcf0b15c,FILA,134780,,
DASS SANTO ANTONIO152614009173756125CM1585671015842135BRSA00182620260625-1,OK,DASS SANTO ANTONIO,1526,140091,1260166,73756,ATAC. M10110 5MM POLIESTER COR 100 / COR 263 [6f9eb42c-69c1-4106-afed-c380e4b2c243],125CM,15856710,228,15842135BRSA001826,25/06/2026,03/08/2026,6,27/07/2026,900330,,6f9eb42c-69c1-4106-afed-c380e4b2c243,FILA,134780,,
DASS SANTO ANTONIO152614009173756125CM1585671015842136BRSA00182620260625-1,OK,DASS SANTO ANTONIO,1526,140091,1260166,73756,ATAC. M10110 5MM POLIESTER COR 100 / COR 263 [5993e7b6-5bab-467b-85d8-52ba4d671e18],125CM,15856710,240,15842136BRSA001826,25/06/2026,03/08/2026,6,27/07/2026,900331,,5993e7b6-5bab-467b-85d8-52ba4d671e18,FILA,134780,,
DASS SANTO ANTONIO152614009187843105CM1585671015842144BRSA00183720260625-1,OK,DASS SANTO ANTONIO,1526,140091,1294817,87843,ATAC. M10110 5MM POLIESTER COR 599 / COR 114 [536204e8-fd18-4195-ba67-0caa88f1c026],105CM,15856710,336,15842144BRSA001837,25/06/2026,03/08/2026,6,27/07/2026,900332,,536204e8-fd18-4195-ba67-0caa88f1c026,FILA,134780,,
DASS SANTO ANTONIO152614009187843105CM1585671015842145BRSA00183720260625-1,OK,DASS SANTO ANTONIO,1526,140091,1294817,87843,ATAC. M10110 5MM POLIESTER COR 599 / COR 114 [fbf6020e-90fc-4b4b-a807-5378fad9b66a],105CM,15856710,336,15842145BRSA001837,25/06/2026,03/08/2026,6,27/07/2026,900333,,fbf6020e-90fc-4b4b-a807-5378fad9b66a,FILA,134780,,
DASS SANTO ANTONIO152614009187843115CM1585671015842144BRSA00183720260625-1,OK,DASS SANTO ANTONIO,1526,140091,1294817,87843,ATAC. M10110 5MM POLIESTER COR 599 / COR 114 [9899b8c1-8b5f-4a27-b9ff-cb7af2925a5f],115CM,15856710,528,15842144BRSA001837,25/06/2026,03/08/2026,6,27/07/2026,900334,,9899b8c1-8b5f-4a27-b9ff-cb7af2925a5f,FILA,134780,,
DASS SANTO ANTONIO152614009187843115CM1585671015842145BRSA00183720260625-1,OK,DASS SANTO ANTONIO,1526,140091,1294817,87843,ATAC. M10110 5MM POLIESTER COR 599 / COR 114 [afb188ea-5957-4927-8c19-ad1fe3b80a60],115CM,15856710,552,15842145BRSA001837,25/06/2026,03/08/2026,6,27/07/2026,900335,,afb188ea-5957-4927-8c19-ad1fe3b80a60,FILA,134780,,
DASS SANTO ANTONIO152614009195032115CM1585671015842138BRSA00182820260625-1,OK,DASS SANTO ANTONIO,1526,140091,1404592,95032,ATAC. M10110 5MM POLIESTER COR 5094 / COR 102 [e91ad13f-310f-448f-9ae3-30e699c54f4e],115CM,15856710,900,15842138BRSA001828,25/06/2026,03/08/2026,6,27/07/2026,900336,,e91ad13f-310f-448f-9ae3-30e699c54f4e,FILA,134780,,
DASS SANTO ANTONIO152614009195032125CM1585671015842138BRSA00182820260625-1,OK,DASS SANTO ANTONIO,1526,140091,1404592,95032,ATAC. M10110 5MM POLIESTER COR 5094 / COR 102 [2604c990-455f-4b6b-8306-e9c06166dd5c],125CM,15856710,348,15842138BRSA001828,25/06/2026,03/08/2026,6,27/07/2026,900337,,2604c990-455f-4b6b-8306-e9c06166dd5c,FILA,134780,,
DASS SANTO ANTONIO152614009195039105CM1585671015842146BRSA00183820260625-1,OK,DASS SANTO ANTONIO,1526,140091,1404591,95039,ATAC. M10110 5MM POLIESTER COR 102 / COR 6038 [fbea1712-cfa5-45d3-9208-51b9f8e4f32f],105CM,15856710,540,15842146BRSA001838,25/06/2026,03/08/2026,6,27/07/2026,900338,,fbea1712-cfa5-45d3-9208-51b9f8e4f32f,FILA,134780,,
DASS SANTO ANTONIO152614009195039105CM1585671015842147BRSA00183920260625-1,OK,DASS SANTO ANTONIO,1526,140091,1404591,95039,ATAC. M10110 5MM POLIESTER COR 102 / COR 6038 [21804c10-2152-45c2-99f7-341db81c1393],105CM,15856710,408,15842147BRSA001839,25/06/2026,03/08/2026,6,27/07/2026,900339,,21804c10-2152-45c2-99f7-341db81c1393,FILA,134780,,
DASS SANTO ANTONIO152614009195039115CM1585671015842146BRSA00183820260625-1,OK,DASS SANTO ANTONIO,1526,140091,1404591,95039,ATAC. M10110 5MM POLIESTER COR 102 / COR 6038 [1eabfc8c-a548-48cf-a7b2-578b037fd4da],115CM,15856710,636,15842146BRSA001838,25/06/2026,03/08/2026,6,27/07/2026,900340,,1eabfc8c-a548-48cf-a7b2-578b037fd4da,FILA,134780,,
DASS SANTO ANTONIO152614009195039115CM1585671015842147BRSA00183920260625-1,OK,DASS SANTO ANTONIO,1526,140091,1404591,95039,ATAC. M10110 5MM POLIESTER COR 102 / COR 6038 [bc0fd88d-3cf4-4c11-b1a7-25704f5eba10],115CM,15856710,456,15842147BRSA001839,25/06/2026,03/08/2026,6,27/07/2026,900341,,bc0fd88d-3cf4-4c11-b1a7-25704f5eba10,FILA,134780,,
MARFIM PERDIGÃO225113444283038100CMI/202620260127-1,NÃO,MARFIM PERDIGÃO,2251,134442,,83038,ATAC. 4000MG PARES POLIESTER COR 100 [3cb4995c-d202-48d8-a9da-f1d1cc666f48],100CM,I/2026,20000,,27/01/2026,03/08/2026,6,28/07/2026,900342,,3cb4995c-d202-48d8-a9da-f1d1cc666f48,,129454,,
MARFIM PERDIGÃO225113444283038140CMI/202620260127-1,NÃO,MARFIM PERDIGÃO,2251,134442,,83038,ATAC. 4000MG PARES POLIESTER COR 100 [6a884076-d00f-4f40-b84c-fa59b8a2f37f],140CM,I/2026,15368,,27/01/2026,03/08/2026,6,27/07/2026,900343,,6a884076-d00f-4f40-b84c-fa59b8a2f37f,,129454,,
MARFIM PERDIGÃO225113444283047140CMI/202620260127-1,NÃO,MARFIM PERDIGÃO,2251,134442,,83047,ATAC. 4000MG PARES POLIESTER COR 101 [a3241ab3-acd7-45b9-8e57-52e365f198b0],140CM,I/2026,6132,,27/01/2026,03/08/2026,6,27/07/2026,900344,,a3241ab3-acd7-45b9-8e57-52e365f198b0,,129454,,
MARFIM PERDIGÃO22511351631808110CMIII/202620260213-1,NÃO,MARFIM PERDIGÃO,2251,135163,,1808,ATAC. 8DL POLIESTER COR 100 [febb2284-e48b-4b43-8eb8-a2a02a2b1b7a],110CM,III/2026,385662,,13/02/2026,03/08/2026,6,28/07/2026,900345,,febb2284-e48b-4b43-8eb8-a2a02a2b1b7a,,130088,,
MARFIM PERDIGÃO22511351631808120CMIII/202620260213-1,NÃO,MARFIM PERDIGÃO,2251,135163,,1808,ATAC. 8DL POLIESTER COR 100 [30641a29-083c-417a-ab3e-b82669790ca4],120CM,III/2026,241320,,13/02/2026,03/08/2026,6,27/07/2026,900346,,30641a29-083c-417a-ab3e-b82669790ca4,,130088,,
MARFIM PERDIGÃO225113528383038120CMIV/202620260218-1,NÃO,MARFIM PERDIGÃO,2251,135283,,83038,ATAC. 4000MG PARES POLIESTER COR 100 [3e39151a-8f66-4a44-afff-d2f306de682f],120CM,IV/2026,90206,,18/02/2026,03/08/2026,6,28/07/2026,900347,,3e39151a-8f66-4a44-afff-d2f306de682f,,130239,,
MARFIM PERDIGÃO225113528383047120CMIV/202620260218-1,NÃO,MARFIM PERDIGÃO,2251,135283,,83047,ATAC. 4000MG PARES POLIESTER COR 101 [25d21d93-deb1-4ecb-b2c1-5c7fd3a29b6f],120CM,IV/2026,93452,,18/02/2026,03/08/2026,6,27/07/2026,900348,,25d21d93-deb1-4ecb-b2c1-5c7fd3a29b6f,,130239,,
MARFIM CEARA105140639895606MM120260708-1,NÃO,MARFIM CEARA,105,140639,,89560,ATAC. MR140019 6MM RECICLADO COR 5709 [c7f788f7-61bc-4f82-a501-62a233058276],6MM,1,49786,,08/07/2026,04/08/2026,7,28/07/2026,900349,,c7f788f7-61bc-4f82-a501-62a233058276,,135415,,
MARFIM CEARA105140639960456MM120260708-1,NÃO,MARFIM CEARA,105,140639,,96045,ATAC. MR140019 6MM RECICLADO COR 6052/PET [1447e5b9-31a5-4adf-acbb-309e612b462d],6MM,1,7928,,08/07/2026,04/08/2026,7,27/07/2026,900350,,1447e5b9-31a5-4adf-acbb-309e612b462d,,135415,,
MARFIM CEARA105140639960466MM120260708-1,NÃO,MARFIM CEARA,105,140639,,96046,ATAC. MR140019 6MM RECICLADO COR 6253/PET [7ed00de3-d4a9-41ae-b49c-8b564203c7eb],6MM,1,21239,,08/07/2026,04/08/2026,7,27/07/2026,900351,,7ed00de3-d4a9-41ae-b49c-8b564203c7eb,,135415,,
DASS ITABERABA7013971395645120CM1581674615816094UARG00014620260615-1,OK,DASS ITABERABA,70,139713,1328498,95645,ATAC. M13801 POLIESTER COR 058 [100c6241-ce8c-40f8-ab02-7d66e637ee05],120CM,15816746,270,15816094UARG000146,15/06/2026,05/08/2026,8,28/07/2026,900352,,100c6241-ce8c-40f8-ab02-7d66e637ee05,UMBRO,134420,,
DASS ITABERABA7013971395645120CM1581674615816095UARG00014820260615-1,OK,DASS ITABERABA,70,139713,1328498,95645,ATAC. M13801 POLIESTER COR 058 [da7a1d1b-da40-42ec-9550-9c9bd58eac89],120CM,15816746,270,15816095UARG000148,15/06/2026,05/08/2026,8,27/07/2026,900353,,da7a1d1b-da40-42ec-9550-9c9bd58eac89,UMBRO,134420,,
DASS ITABERABA7013971395645130CM1581674615816094UARG00014620260615-1,OK,DASS ITABERABA,70,139713,1328498,95645,ATAC. M13801 POLIESTER COR 058 [d2f6354d-f073-4488-b8d1-96e378f64e6b],130CM,15816746,810,15816094UARG000146,15/06/2026,05/08/2026,8,27/07/2026,900354,,d2f6354d-f073-4488-b8d1-96e378f64e6b,UMBRO,134420,,
DASS ITABERABA7013971395645130CM1581674615816095UARG00014820260615-1,OK,DASS ITABERABA,70,139713,1328498,95645,ATAC. M13801 POLIESTER COR 058 [fb9eb542-e366-4e52-91b0-69a4a6b01a2c],130CM,15816746,810,15816095UARG000148,15/06/2026,05/08/2026,8,27/07/2026,900355,,fb9eb542-e366-4e52-91b0-69a4a6b01a2c,UMBRO,134420,,
DASS ITABERABA701402099416015MM1586543120260626-1,OK,DASS ITABERABA,70,140209,1425016,94160,FITA MFGP C/ GOMA POLIESTER COR 5451 [ea688731-722d-47b1-b2b9-89a1bf864507],15MM,15865431,420,0,26/06/2026,05/08/2026,8,28/07/2026,900356,,ea688731-722d-47b1-b2b9-89a1bf864507,ASICS,134959,,
DASS ITABERABA7014021187888120CM1586543615863743ASB005285920260626-1,OK,DASS ITABERABA,70,140211,1310003,87888,ATAC. M18006 POLIESTER COR 5451 [b90e1a8e-5f9a-4118-a730-44107cad4153],120CM,15865436,878,15863743ASB0052859,26/06/2026,05/08/2026,8,28/07/2026,900357,,b90e1a8e-5f9a-4118-a730-44107cad4153,ASICS,134961,,
DASS ITABERABA7014021187888120CM1586543615863745ASB005286220260626-1,OK,DASS ITABERABA,70,140211,1310003,87888,ATAC. M18006 POLIESTER COR 5451 [3c6305e9-ab42-4c57-a532-ea42184bade7],120CM,15865436,347,15863745ASB0052862,26/06/2026,05/08/2026,8,27/07/2026,900358,,3c6305e9-ab42-4c57-a532-ea42184bade7,ASICS,134961,,
DASS ITABERABA7014021187888130CM1586543615863743ASB005285920260626-1,OK,DASS ITABERABA,70,140211,1310003,87888,ATAC. M18006 POLIESTER COR 5451 [21d7cec7-e093-4ee4-afa3-1d3dc03fc87c],130CM,15865436,333,15863743ASB0052859,26/06/2026,05/08/2026,8,27/07/2026,900359,,21d7cec7-e093-4ee4-afa3-1d3dc03fc87c,ASICS,134961,,
DASS ITABERABA7014021187888130CM1586543615863745ASB005286220260626-1,OK,DASS ITABERABA,70,140211,1310003,87888,ATAC. M18006 POLIESTER COR 5451 [1ca6b8c3-5d2b-47d6-b1f8-aafd41551fbc],130CM,15865436,346,15863745ASB0052862,26/06/2026,05/08/2026,8,27/07/2026,900360,,1ca6b8c3-5d2b-47d6-b1f8-aafd41551fbc,ASICS,134961,,
DASS ITABERABA7014021176319120CM1586543615863698ASB005283220260626-1,OK,DASS ITABERABA,70,140211,1245215,76319,ATAC. 6AL 6MM POLIESTER COR 4085 [2c5e5448-3305-44ea-bc5b-2941cbe1c03b],120CM,15865436,591,15863698ASB0052832,26/06/2026,05/08/2026,8,27/07/2026,900361,,2c5e5448-3305-44ea-bc5b-2941cbe1c03b,ASICS,134961,,
DASS ITABERABA7014021176319120CM1586543615863699ASB005295320260626-1,OK,DASS ITABERABA,70,140211,1245215,76319,ATAC. 6AL 6MM POLIESTER COR 4085 [c0ad3d96-09f8-496c-97b9-41667a773885],120CM,15865436,678,15863699ASB0052953,26/06/2026,05/08/2026,8,27/07/2026,900362,,c0ad3d96-09f8-496c-97b9-41667a773885,ASICS,134961,,
DASS ITABERABA7014021176319130CM1586543615863690ASB005282920260626-1,OK,DASS ITABERABA,70,140211,1245215,76319,ATAC. 6AL 6MM POLIESTER COR 4085 [6996b782-4b89-4c3b-8cf4-b66c7d8e7acc],130CM,15865436,635,15863690ASB0052829,26/06/2026,05/08/2026,8,27/07/2026,900363,,6996b782-4b89-4c3b-8cf4-b66c7d8e7acc,ASICS,134961,,
DASS ITABERABA7014021176319130CM1586543615863698ASB005283220260626-1,OK,DASS ITABERABA,70,140211,1245215,76319,ATAC. 6AL 6MM POLIESTER COR 4085 [75e3eee2-a8fc-4d08-990b-cf9dc5d0b08a],130CM,15865436,410,15863698ASB0052832,26/06/2026,05/08/2026,8,27/07/2026,900364,,75e3eee2-a8fc-4d08-990b-cf9dc5d0b08a,ASICS,134961,,
DASS ITABERABA7014021176319130CM1586543615863692ASB005292520260626-1,OK,DASS ITABERABA,70,140211,1245215,76319,ATAC. 6AL 6MM POLIESTER COR 4085 [b64fa5d7-b718-4aed-8b3c-31e63f9c736f],130CM,15865436,760,15863692ASB0052925,26/06/2026,05/08/2026,8,27/07/2026,900365,,b64fa5d7-b718-4aed-8b3c-31e63f9c736f,ASICS,134961,,
DASS ITABERABA7014021176319130CM1586543615863693ASB005292520260626-1,OK,DASS ITABERABA,70,140211,1245215,76319,ATAC. 6AL 6MM POLIESTER COR 4085 [1ee2d385-5e76-4d8e-95b5-53eee21f92ad],130CM,15865436,774,15863693ASB0052925,26/06/2026,05/08/2026,8,27/07/2026,900366,,1ee2d385-5e76-4d8e-95b5-53eee21f92ad,ASICS,134961,,
DASS ITABERABA7014021176319130CM1586543615863699ASB005295320260626-1,OK,DASS ITABERABA,70,140211,1245215,76319,ATAC. 6AL 6MM POLIESTER COR 4085 [95e0e452-29e7-4f37-b8b2-35584097ab57],130CM,15865436,225,15863699ASB0052953,26/06/2026,05/08/2026,8,27/07/2026,900367,,95e0e452-29e7-4f37-b8b2-35584097ab57,ASICS,134961,,
DASS ITABERABA7014021176319140CM1586543615863690ASB005282920260626-1,OK,DASS ITABERABA,70,140211,1245215,76319,ATAC. 6AL 6MM POLIESTER COR 4085 [0080a1a3-44e9-490e-8143-f2684e8d70e9],140CM,15865436,196,15863690ASB0052829,26/06/2026,05/08/2026,8,27/07/2026,900368,,0080a1a3-44e9-490e-8143-f2684e8d70e9,ASICS,134961,,
DASS ITABERABA7014021176319140CM1586543615863692ASB005292520260626-1,OK,DASS ITABERABA,70,140211,1245215,76319,ATAC. 6AL 6MM POLIESTER COR 4085 [50ff26be-76b1-4fab-9119-5c7b64759aec],140CM,15865436,744,15863692ASB0052925,26/06/2026,05/08/2026,8,27/07/2026,900369,,50ff26be-76b1-4fab-9119-5c7b64759aec,ASICS,134961,,
DASS ITABERABA7014021176319140CM1586543615863693ASB005292520260626-1,OK,DASS ITABERABA,70,140211,1245215,76319,ATAC. 6AL 6MM POLIESTER COR 4085 [524906b1-d0a9-456c-80f7-5705a5d6c9b5],140CM,15865436,788,15863693ASB0052925,26/06/2026,05/08/2026,8,27/07/2026,900370,,524906b1-d0a9-456c-80f7-5705a5d6c9b5,ASICS,134961,,
DASS ITABERABA7014021187203120CM1586543615863700ASB005295620260626-1,OK,DASS ITABERABA,70,140211,1274143,87203,ATAC. 6AL 6MM POLIESTER COR 5604 [7ac173b8-74f5-4b99-b550-2c2deea83924],120CM,15865436,216,15863700ASB0052956,26/06/2026,05/08/2026,8,27/07/2026,900371,,7ac173b8-74f5-4b99-b550-2c2deea83924,ASICS,134961,,
DASS ITABERABA7014021187203130CM1586543615863700ASB005295620260626-1,OK,DASS ITABERABA,70,140211,1274143,87203,ATAC. 6AL 6MM POLIESTER COR 5604 [efdf6307-ee2d-4ced-a6c2-63ae73da7d5c],130CM,15865436,117,15863700ASB0052956,26/06/2026,05/08/2026,8,27/07/2026,900372,,efdf6307-ee2d-4ced-a6c2-63ae73da7d5c,ASICS,134961,,
DASS ITABERABA7014021187706120CM1586543615863702ASB005283320260626-1,OK,DASS ITABERABA,70,140211,1313035,87706,ATAC. 6AL 6MM POLIESTER COR 987 [7f91caed-9458-4df5-9a4f-dca7b0f84e6d],120CM,15865436,877,15863702ASB0052833,26/06/2026,05/08/2026,8,27/07/2026,900373,,7f91caed-9458-4df5-9a4f-dca7b0f84e6d,ASICS,134961,,
DASS ITABERABA7014021187706120CM1586543615863701ASB005295820260626-1,OK,DASS ITABERABA,70,140211,1313035,87706,ATAC. 6AL 6MM POLIESTER COR 987 [64dbcb23-6090-48b7-a77f-70f3b33a0f8b],120CM,15865436,332,15863701ASB0052958,26/06/2026,05/08/2026,8,27/07/2026,900374,,64dbcb23-6090-48b7-a77f-70f3b33a0f8b,ASICS,134961,,
DASS ITABERABA7014021187706130CM1586543615863696ASB005283120260626-1,OK,DASS ITABERABA,70,140211,1313035,87706,ATAC. 6AL 6MM POLIESTER COR 987 [8a58deb9-0210-47a5-8adb-131975486ec5],130CM,15865436,218,15863696ASB0052831,26/06/2026,05/08/2026,8,27/07/2026,900375,,8a58deb9-0210-47a5-8adb-131975486ec5,ASICS,134961,,
DASS ITABERABA7014021187706130CM1586543615863702ASB005283320260626-1,OK,DASS ITABERABA,70,140211,1313035,87706,ATAC. 6AL 6MM POLIESTER COR 987 [ca9e37af-cf9d-49b6-b349-1153f0e8af4b],130CM,15865436,436,15863702ASB0052833,26/06/2026,05/08/2026,8,27/07/2026,900376,,ca9e37af-cf9d-49b6-b349-1153f0e8af4b,ASICS,134961,,
DASS ITABERABA7014021187706130CM1586543615863701ASB005295820260626-1,OK,DASS ITABERABA,70,140211,1313035,87706,ATAC. 6AL 6MM POLIESTER COR 987 [aae7f135-333a-4762-b18e-8de5239186c7],130CM,15865436,251,15863701ASB0052958,26/06/2026,05/08/2026,8,27/07/2026,900377,,aae7f135-333a-4762-b18e-8de5239186c7,ASICS,134961,,
DASS ITABERABA7014021187706140CM1586543615863696ASB005283120260626-1,OK,DASS ITABERABA,70,140211,1313035,87706,ATAC. 6AL 6MM POLIESTER COR 987 [8139ac9a-1087-440b-aac7-ea14138c130d],140CM,15865436,217,15863696ASB0052831,26/06/2026,05/08/2026,8,27/07/2026,900378,,8139ac9a-1087-440b-aac7-ea14138c130d,ASICS,134961,,
DASS ITABERABA7014021189518130CM1586543615863694ASB005283020260626-1,OK,DASS ITABERABA,70,140211,1313036,89518,ATAC. 6AL 6MM POLIESTER COR 5217 [8c330eb5-9bb4-46f2-b9a6-b085bc6e6d93],130CM,15865436,833,15863694ASB0052830,26/06/2026,05/08/2026,8,27/07/2026,900379,,8c330eb5-9bb4-46f2-b9a6-b085bc6e6d93,ASICS,134961,,
DASS ITABERABA7014021189518140CM1586543615863694ASB005283020260626-1,OK,DASS ITABERABA,70,140211,1313036,89518,ATAC. 6AL 6MM POLIESTER COR 5217 [a78664c0-9036-427a-b2af-257dd3fe7fff],140CM,15865436,504,15863694ASB0052830,26/06/2026,05/08/2026,8,27/07/2026,900380,,a78664c0-9036-427a-b2af-257dd3fe7fff,ASICS,134961,,
DASS ITABERABA7014021192836130CM1586543615863695ASB005292920260626-1,OK,DASS ITABERABA,70,140211,1392983,92836,ATAC. 6AL 6MM POLIESTER COR 5936 [aff1a6b1-4fbb-44e1-a68e-27b2c6da52b4],130CM,15865436,418,15863695ASB0052929,26/06/2026,05/08/2026,8,27/07/2026,900381,,aff1a6b1-4fbb-44e1-a68e-27b2c6da52b4,ASICS,134961,,
DASS ITABERABA7014021192836130CM1586543615863697ASB005293320260626-1,OK,DASS ITABERABA,70,140211,1392983,92836,ATAC. 6AL 6MM POLIESTER COR 5936 [10eb9ac3-f90e-4f5e-9f9b-e7081c6823e4],130CM,15865436,234,15863697ASB0052933,26/06/2026,05/08/2026,8,27/07/2026,900382,,10eb9ac3-f90e-4f5e-9f9b-e7081c6823e4,ASICS,134961,,
DASS ITABERABA7014021192836140CM1586543615863695ASB005292920260626-1,OK,DASS ITABERABA,70,140211,1392983,92836,ATAC. 6AL 6MM POLIESTER COR 5936 [2428fd4e-8db5-4499-979b-6e9e03619430],140CM,15865436,179,15863695ASB0052929,26/06/2026,05/08/2026,8,27/07/2026,900383,,2428fd4e-8db5-4499-979b-6e9e03619430,ASICS,134961,,
DASS ITABERABA7014021192836140CM1586543615863697ASB005293320260626-1,OK,DASS ITABERABA,70,140211,1392983,92836,ATAC. 6AL 6MM POLIESTER COR 5936 [f7bee019-0a74-4c27-8bc7-fca03c2b3390],140CM,15865436,103,15863697ASB0052933,26/06/2026,05/08/2026,8,27/07/2026,900384,,f7bee019-0a74-4c27-8bc7-fca03c2b3390,ASICS,134961,,
DASS ITABERABA7014021194364120CM1586543615863703ASB005296420260626-1,OK,DASS ITABERABA,70,140211,1392984,94364,ATAC. 6AL 6MM POLIESTER COR 6105 [26d6c03d-8a21-40d1-9a09-d204fe3cb1f5],120CM,15865436,603,15863703ASB0052964,26/06/2026,05/08/2026,8,27/07/2026,900385,,26d6c03d-8a21-40d1-9a09-d204fe3cb1f5,ASICS,134961,,
DASS ITABERABA7014021194364130CM1586543615863703ASB005296420260626-1,OK,DASS ITABERABA,70,140211,1392984,94364,ATAC. 6AL 6MM POLIESTER COR 6105 [fc184541-7054-4c0b-a779-373857c69dfa],130CM,15865436,214,15863703ASB0052964,26/06/2026,05/08/2026,8,27/07/2026,900386,,fc184541-7054-4c0b-a779-373857c69dfa,ASICS,134961,,
DASS ITABERABA70140212936981.8MM1586543920260626-1,OK,DASS ITABERABA,70,140212,1400178,93698,CORDAO M9099 POLIESTER COR 5451 [c53c559b-1b87-4caa-87ba-763c1a5c79f0],1.8MM,15865439,990,0,26/06/2026,05/08/2026,8,28/07/2026,900387,,c53c559b-1b87-4caa-87ba-763c1a5c79f0,ASICS,134962,,
DASS VITORIA39113990495643120CM1584819715838871BRI01031720260620-1,OK,DASS VITORIA,391,139904,827533,95643,ATAC. M13801 POLIESTER COR 100 [9609b51a-57b9-4db5-8b95-6c2362452333],120CM,15848197,468,15838871BRI010317,20/06/2026,05/08/2026,8,28/07/2026,900388,,9609b51a-57b9-4db5-8b95-6c2362452333,UMBRO,134579,,CONTA E ORDEM VITÓRIA X ITABERABA
DASS VITORIA39113990495643120CM1584819715838900BRI01031820260620-1,OK,DASS VITORIA,391,139904,827533,95643,ATAC. M13801 POLIESTER COR 100 [1d8cc844-692f-4194-8f75-764435f6fb2b],120CM,15848197,312,15838900BRI010318,20/06/2026,05/08/2026,8,27/07/2026,900389,,1d8cc844-692f-4194-8f75-764435f6fb2b,UMBRO,134579,,CONTA E ORDEM VITÓRIA X ITABERABA
DASS VITORIA39113990495643120CM1584819715838872BRI01032120260620-1,OK,DASS VITORIA,391,139904,827533,95643,ATAC. M13801 POLIESTER COR 100 [6d8b9ff2-8bec-4b84-815a-ff4bcb5c0d7f],120CM,15848197,360,15838872BRI010321,20/06/2026,05/08/2026,8,27/07/2026,900390,,6d8b9ff2-8bec-4b84-815a-ff4bcb5c0d7f,UMBRO,134579,,CONTA E ORDEM VITÓRIA X ITABERABA
DASS VITORIA39113990495643130CM1584819715838871BRI01031720260620-1,OK,DASS VITORIA,391,139904,827533,95643,ATAC. M13801 POLIESTER COR 100 [cc092083-43ba-41d2-9ade-a21b805ec993],130CM,15848197,564,15838871BRI010317,20/06/2026,05/08/2026,8,27/07/2026,900391,,cc092083-43ba-41d2-9ade-a21b805ec993,UMBRO,134579,,CONTA E ORDEM VITÓRIA X ITABERABA
DASS VITORIA39113990495643130CM1584819715838900BRI01031820260620-1,OK,DASS VITORIA,391,139904,827533,95643,ATAC. M13801 POLIESTER COR 100 [20bf2569-36d3-4406-a415-6c8bea1cbfbc],130CM,15848197,72,15838900BRI010318,20/06/2026,05/08/2026,8,27/07/2026,900392,,20bf2569-36d3-4406-a415-6c8bea1cbfbc,UMBRO,134579,,CONTA E ORDEM VITÓRIA X ITABERABA
DASS VITORIA39113990495643130CM1584819715838872BRI01032120260620-1,OK,DASS VITORIA,391,139904,827533,95643,ATAC. M13801 POLIESTER COR 100 [1a3380f8-28d3-4a66-89b8-d380ad584acf],130CM,15848197,624,15838872BRI010321,20/06/2026,05/08/2026,8,27/07/2026,900393,,1a3380f8-28d3-4a66-89b8-d380ad584acf,UMBRO,134579,,CONTA E ORDEM VITÓRIA X ITABERABA
DASS VITORIA39113990495644120CM1584819715838870BRI01031620260620-1,OK,DASS VITORIA,391,139904,827530,95644,ATAC. M13801 POLIESTER COR 102 [8421c821-6d54-4c44-9fb3-6f6e2ace13be],120CM,15848197,420,15838870BRI010316,20/06/2026,05/08/2026,8,27/07/2026,900394,,8421c821-6d54-4c44-9fb3-6f6e2ace13be,UMBRO,134579,,CONTA E ORDEM VITÓRIA X ITABERABA
DASS VITORIA39113990495644130CM1584819715838870BRI01031620260620-1,OK,DASS VITORIA,391,139904,827530,95644,ATAC. M13801 POLIESTER COR 102 [8b5accb7-1e64-4563-8a7a-b3dfcf21d869],130CM,15848197,492,15838870BRI010316,20/06/2026,05/08/2026,8,27/07/2026,900395,,8b5accb7-1e64-4563-8a7a-b3dfcf21d869,UMBRO,134579,,CONTA E ORDEM VITÓRIA X ITABERABA
DASS VITORIA39114071195644110CM1591148015909879BRI010362-20260709-1,OK,DASS VITORIA,391,140711,827530,95644,ATAC. M13801 POLIESTER COR 102 [188a5c8b-7691-412d-8516-96c8b5efd12b],110CM,15911480,300,15909879BRI010362-,09/07/2026,05/08/2026,8,28/07/2026,900396,,188a5c8b-7691-412d-8516-96c8b5efd12b,UMBRO,135434,,CONTA E ORDEM VITÓRIA X ITABERABA
DASS VITORIA39114071195644110CM1591148015909880BRI010362-20260709-1,OK,DASS VITORIA,391,140711,827530,95644,ATAC. M13801 POLIESTER COR 102 [00606720-2d6a-4156-b563-d4f09a10b9eb],110CM,15911480,300,15909880BRI010362-,09/07/2026,05/08/2026,8,27/07/2026,900397,,00606720-2d6a-4156-b563-d4f09a10b9eb,UMBRO,135434,,CONTA E ORDEM VITÓRIA X ITABERABA
DASS VITORIA39114071195644120CM1591148015909879BRI010362-20260709-1,OK,DASS VITORIA,391,140711,827530,95644,ATAC. M13801 POLIESTER COR 102 [9d46693d-7ae0-4701-b280-9bba7989daf8],120CM,15911480,468,15909879BRI010362-,09/07/2026,05/08/2026,8,27/07/2026,900398,,9d46693d-7ae0-4701-b280-9bba7989daf8,UMBRO,135434,,CONTA E ORDEM VITÓRIA X ITABERABA
DASS VITORIA39114071195644120CM1591148015909880BRI010362-20260709-1,OK,DASS VITORIA,391,140711,827530,95644,ATAC. M13801 POLIESTER COR 102 [bcd01a1d-7335-49c6-89f2-88cc66a6f6f0],120CM,15911480,480,15909880BRI010362-,09/07/2026,05/08/2026,8,27/07/2026,900399,,bcd01a1d-7335-49c6-89f2-88cc66a6f6f0,UMBRO,135434,,CONTA E ORDEM VITÓRIA X ITABERABA
DASS VITORIA39114093895643110CM1593921015936881BRI010416-20260717-1,OK,DASS VITORIA,391,140938,827533,95643,ATAC. M13801 POLIESTER COR 100 [8ecfcca4-e8d0-454e-a272-8d88b5a045eb],110CM,15939210,216,15936881BRI010416-,17/07/2026,05/08/2026,8,28/07/2026,900400,,8ecfcca4-e8d0-454e-a272-8d88b5a045eb,UMBRO,135625,,CONTA E ORDEM VITÓRIA X ITABERABA
DASS VITORIA39114093895643110CM1593921015936882BRI010416-20260717-1,OK,DASS VITORIA,391,140938,827533,95643,ATAC. M13801 POLIESTER COR 100 [046c9331-3996-48e5-b0ff-97f13927279b],110CM,15939210,216,15936882BRI010416-,17/07/2026,05/08/2026,8,27/07/2026,900401,,046c9331-3996-48e5-b0ff-97f13927279b,UMBRO,135625,,CONTA E ORDEM VITÓRIA X ITABERABA
DASS VITORIA39114093895643110CM1593921015936826BRI01041820260717-1,OK,DASS VITORIA,391,140938,827533,95643,ATAC. M13801 POLIESTER COR 100 [2f02b310-1402-4bda-8115-f452316fc949],110CM,15939210,504,15936826BRI010418,17/07/2026,05/08/2026,8,27/07/2026,900402,,2f02b310-1402-4bda-8115-f452316fc949,UMBRO,135625,,CONTA E ORDEM VITÓRIA X ITABERABA
DASS VITORIA39114093895643110CM1593921015936828BRI01041920260717-1,OK,DASS VITORIA,391,140938,827533,95643,ATAC. M13801 POLIESTER COR 100 [3c19e091-a711-4f6d-8290-44ee75994be3],110CM,15939210,240,15936828BRI010419,17/07/2026,05/08/2026,8,27/07/2026,900403,,3c19e091-a711-4f6d-8290-44ee75994be3,UMBRO,135625,,CONTA E ORDEM VITÓRIA X ITABERABA
DASS VITORIA39114093895643110CM1593921015936829BRI01042020260717-1,OK,DASS VITORIA,391,140938,827533,95643,ATAC. M13801 POLIESTER COR 100 [9d66170a-f395-404c-b34f-849cbfa2c324],110CM,15939210,384,15936829BRI010420,17/07/2026,05/08/2026,8,27/07/2026,900404,,9d66170a-f395-404c-b34f-849cbfa2c324,UMBRO,135625,,CONTA E ORDEM VITÓRIA X ITABERABA
DASS VITORIA39114093895643120CM1593921015936824BRI010382-20260717-1,OK,DASS VITORIA,391,140938,827533,95643,ATAC. M13801 POLIESTER COR 100 [d63dcc0e-721c-4690-9c1b-66fbddc37d40],120CM,15939210,348,15936824BRI010382-,17/07/2026,05/08/2026,8,27/07/2026,900405,,d63dcc0e-721c-4690-9c1b-66fbddc37d40,UMBRO,135625,,CONTA E ORDEM VITÓRIA X ITABERABA
DASS VITORIA39114093895643120CM1593921015936825BRI010382-20260717-1,OK,DASS VITORIA,391,140938,827533,95643,ATAC. M13801 POLIESTER COR 100 [374f004d-5bb4-4bd3-a695-1ec02cba01c5],120CM,15939210,324,15936825BRI010382-,17/07/2026,05/08/2026,8,27/07/2026,900406,,374f004d-5bb4-4bd3-a695-1ec02cba01c5,UMBRO,135625,,CONTA E ORDEM VITÓRIA X ITABERABA
DASS VITORIA39114093895643120CM1593921015936881BRI010416-20260717-1,OK,DASS VITORIA,391,140938,827533,95643,ATAC. M13801 POLIESTER COR 100 [92e5bd80-1ead-4a9f-9076-8bf22e739639],120CM,15939210,552,15936881BRI010416-,17/07/2026,05/08/2026,8,27/07/2026,900407,,92e5bd80-1ead-4a9f-9076-8bf22e739639,UMBRO,135625,,CONTA E ORDEM VITÓRIA X ITABERABA
DASS VITORIA39114093895643120CM1593921015936882BRI010416-20260717-1,OK,DASS VITORIA,391,140938,827533,95643,ATAC. M13801 POLIESTER COR 100 [7aec83f1-978f-4cef-b940-2ce7fe09a945],120CM,15939210,588,15936882BRI010416-,17/07/2026,05/08/2026,8,27/07/2026,900408,,7aec83f1-978f-4cef-b940-2ce7fe09a945,UMBRO,135625,,CONTA E ORDEM VITÓRIA X ITABERABA
DASS VITORIA39114093895643120CM1593921015936826BRI01041820260717-1,OK,DASS VITORIA,391,140938,827533,95643,ATAC. M13801 POLIESTER COR 100 [d4118804-fdd7-4ece-b513-42e8f112823e],120CM,15939210,972,15936826BRI010418,17/07/2026,05/08/2026,8,27/07/2026,900409,,d4118804-fdd7-4ece-b513-42e8f112823e,UMBRO,135625,,CONTA E ORDEM VITÓRIA X ITABERABA
DASS VITORIA39114093895643120CM1593921015936828BRI01041920260717-1,OK,DASS VITORIA,391,140938,827533,95643,ATAC. M13801 POLIESTER COR 100 [c436f640-b403-4b11-913a-438e0414dfc7],120CM,15939210,264,15936828BRI010419,17/07/2026,05/08/2026,8,27/07/2026,900410,,c436f640-b403-4b11-913a-438e0414dfc7,UMBRO,135625,,CONTA E ORDEM VITÓRIA X ITABERABA
DASS VITORIA39114093895643120CM1593921015936829BRI01042020260717-1,OK,DASS VITORIA,391,140938,827533,95643,ATAC. M13801 POLIESTER COR 100 [a79c92fa-d804-4ee2-a6a2-e01e0d39e662],120CM,15939210,60,15936829BRI010420,17/07/2026,05/08/2026,8,27/07/2026,900411,,a79c92fa-d804-4ee2-a6a2-e01e0d39e662,UMBRO,135625,,CONTA E ORDEM VITÓRIA X ITABERABA
DASS VITORIA39114093895643130CM1593921015936824BRI010382-20260717-1,OK,DASS VITORIA,391,140938,827533,95643,ATAC. M13801 POLIESTER COR 100 [14b84e75-25cc-430d-a962-2ddbc7db17a6],130CM,15939210,600,15936824BRI010382-,17/07/2026,05/08/2026,8,27/07/2026,900412,,14b84e75-25cc-430d-a962-2ddbc7db17a6,UMBRO,135625,,CONTA E ORDEM VITÓRIA X ITABERABA
DASS VITORIA39114093895643130CM1593921015936825BRI010382-20260717-1,OK,DASS VITORIA,391,140938,827533,95643,ATAC. M13801 POLIESTER COR 100 [e8dd969e-7773-4854-85da-8231824617d0],130CM,15939210,624,15936825BRI010382-,17/07/2026,05/08/2026,8,27/07/2026,900413,,e8dd969e-7773-4854-85da-8231824617d0,UMBRO,135625,,CONTA E ORDEM VITÓRIA X ITABERABA
DASS VITORIA3911409397016215MM1593921120260717-1,OK,DASS VITORIA,391,140939,715810,70162,FITA MFGP POLIESTER COR 100 [2dd5ea2a-93cd-47ac-ac5f-45af8caa3278],15MM,15939211,780,0,17/07/2026,05/08/2026,8,28/07/2026,900414,,2dd5ea2a-93cd-47ac-ac5f-45af8caa3278,UMBRO,135626,,CONTA E ORDEM VITÓRIA X ITABERABA
DASS VITORIA3911409397484615MM1593921120260717-1,OK,DASS VITORIA,391,140939,818744,74846,FITA MFGP POLIESTER COR 218 [f7af1468-c7bb-4f00-9a8b-f7193b8d1cf5],15MM,15939211,530,0,17/07/2026,05/08/2026,8,27/07/2026,900415,,f7af1468-c7bb-4f00-9a8b-f7193b8d1cf5,UMBRO,135626,,CONTA E ORDEM VITÓRIA X ITABERABA
DASS VITORIA3911409397716715MM1593921120260717-1,OK,DASS VITORIA,391,140939,1304586,77167,FITA MFGP POLIESTER COR 206 [b108d795-a437-42c7-97df-52e9ef15364a],15MM,15939211,720,0,17/07/2026,05/08/2026,8,27/07/2026,900416,,b108d795-a437-42c7-97df-52e9ef15364a,UMBRO,135626,,CONTA E ORDEM VITÓRIA X ITABERABA
DASS SEST71411227037515MM1596562420260723-1,OK,DASS SEST,7,141122,838994,70375,FITA MFGP C/ GOMA POLIESTER COR 678 [9716a64d-db36-4bef-834c-6ad002422b3c],15MM,15965624,10,0,23/07/2026,06/08/2026,9,28/07/2026,900417,,9716a64d-db36-4bef-834c-6ad002422b3c,OSKLEN,135810,,NORMAL
DASS SEST713793692568115CM1563209015625146NBR328276820260428-1,OK,DASS SEST,7,137936,1027849,92568,ATAC. MR110012 8MM RECICLADO COR 4085/PET [51537eef-14f3-4d55-9cfe-064b85e8c622],115CM,15632090,318,15625146NBR3282768,28/04/2026,10/08/2026,13,28/07/2026,900418,,51537eef-14f3-4d55-9cfe-064b85e8c622,NIKE,132713,,
DASS SEST713793692568115CM1563209015625147NBR328276820260428-1,OK,DASS SEST,7,137936,1027849,92568,ATAC. MR110012 8MM RECICLADO COR 4085/PET [f5cb2fd3-844b-4ccc-a986-822432c9e245],115CM,15632090,312,15625147NBR3282768,28/04/2026,10/08/2026,13,27/07/2026,900419,,f5cb2fd3-844b-4ccc-a986-822432c9e245,NIKE,132713,,
DASS SEST713793692568115CM1563209015625148NBR328276920260428-1,OK,DASS SEST,7,137936,1027849,92568,ATAC. MR110012 8MM RECICLADO COR 4085/PET [f9f97fa0-ed2e-431d-90ac-f68bcc0e2532],115CM,15632090,198,15625148NBR3282769,28/04/2026,10/08/2026,13,27/07/2026,900420,,f9f97fa0-ed2e-431d-90ac-f68bcc0e2532,NIKE,132713,,
DASS SEST713793692568115CM1563209015625149NBR328276920260428-1,OK,DASS SEST,7,137936,1027849,92568,ATAC. MR110012 8MM RECICLADO COR 4085/PET [db794318-6353-4583-b652-53704c27f1bb],115CM,15632090,180,15625149NBR3282769,28/04/2026,10/08/2026,13,27/07/2026,900421,,db794318-6353-4583-b652-53704c27f1bb,NIKE,132713,,
DASS SEST713793692568115CM1563209015625150NBR328276920260428-1,OK,DASS SEST,7,137936,1027849,92568,ATAC. MR110012 8MM RECICLADO COR 4085/PET [3be1edeb-90d3-4528-a1fd-7cdfc27d4303],115CM,15632090,198,15625150NBR3282769,28/04/2026,10/08/2026,13,27/07/2026,900422,,3be1edeb-90d3-4528-a1fd-7cdfc27d4303,NIKE,132713,,
DASS SEST713793692568120CM1563209015625146NBR328276820260428-1,OK,DASS SEST,7,137936,1027849,92568,ATAC. MR110012 8MM RECICLADO COR 4085/PET [cfc24759-fae5-4066-9c70-909ef5b3a110],120CM,15632090,759,15625146NBR3282768,28/04/2026,10/08/2026,13,27/07/2026,900423,,cfc24759-fae5-4066-9c70-909ef5b3a110,NIKE,132713,,
DASS SEST713793692568120CM1563209015625147NBR328276820260428-1,OK,DASS SEST,7,137936,1027849,92568,ATAC. MR110012 8MM RECICLADO COR 4085/PET [8e522928-2d0c-496d-8054-e4a94943f7ff],120CM,15632090,786,15625147NBR3282768,28/04/2026,10/08/2026,13,27/07/2026,900424,,8e522928-2d0c-496d-8054-e4a94943f7ff,NIKE,132713,,
DASS SEST713793692568120CM1563209015625148NBR328276920260428-1,OK,DASS SEST,7,137936,1027849,92568,ATAC. MR110012 8MM RECICLADO COR 4085/PET [b35c2ab8-f3d6-4ef8-9e05-640905e724c8],120CM,15632090,705,15625148NBR3282769,28/04/2026,10/08/2026,13,27/07/2026,900425,,b35c2ab8-f3d6-4ef8-9e05-640905e724c8,NIKE,132713,,
DASS SEST713793692568120CM1563209015625149NBR328276920260428-1,OK,DASS SEST,7,137936,1027849,92568,ATAC. MR110012 8MM RECICLADO COR 4085/PET [44adfd2b-bac2-4716-9b5c-64dd94fee15e],120CM,15632090,672,15625149NBR3282769,28/04/2026,10/08/2026,13,27/07/2026,900426,,44adfd2b-bac2-4716-9b5c-64dd94fee15e,NIKE,132713,,
DASS SEST713793692568120CM1563209015625150NBR328276920260428-1,OK,DASS SEST,7,137936,1027849,92568,ATAC. MR110012 8MM RECICLADO COR 4085/PET [6a11721e-423f-4275-9310-e9635a1fc110],120CM,15632090,732,15625150NBR3282769,28/04/2026,10/08/2026,13,27/07/2026,900427,,6a11721e-423f-4275-9310-e9635a1fc110,NIKE,132713,,
DASS SEST713793688668110CM1563209015625169NBR328281020260428-1,OK,DASS SEST,7,137936,1304277,88668,ATAC. MR110022 7MM RECICLADO COR 4085/PET / COR 496/PET [f5b19b5e-37d7-48bf-858d-1fefac5fb7d2],110CM,15632090,1203,15625169NBR3282810,28/04/2026,10/08/2026,13,27/07/2026,900428,,f5b19b5e-37d7-48bf-858d-1fefac5fb7d2,NIKE,132713,,
DASS SEST713793688668110CM1563209015625170NBR328281020260428-1,OK,DASS SEST,7,137936,1304277,88668,ATAC. MR110022 7MM RECICLADO COR 4085/PET / COR 496/PET [a42c0a1b-98ca-41ca-82fc-57aa4790a2ee],110CM,15632090,1236,15625170NBR3282810,28/04/2026,10/08/2026,13,27/07/2026,900429,,a42c0a1b-98ca-41ca-82fc-57aa4790a2ee,NIKE,132713,,
DASS SEST713793688668115CM1563209015625169NBR328281020260428-1,OK,DASS SEST,7,137936,1304277,88668,ATAC. MR110022 7MM RECICLADO COR 4085/PET / COR 496/PET [0d15f434-2980-49ba-8324-271ac1bd536d],115CM,15632090,18,15625169NBR3282810,28/04/2026,10/08/2026,13,27/07/2026,900430,,0d15f434-2980-49ba-8324-271ac1bd536d,NIKE,132713,,
DASS SEST713793688668115CM1563209015625170NBR328281020260428-1,OK,DASS SEST,7,137936,1304277,88668,ATAC. MR110022 7MM RECICLADO COR 4085/PET / COR 496/PET [cb0eeed5-e710-48b7-ba13-b15737e4fad2],115CM,15632090,24,15625170NBR3282810,28/04/2026,10/08/2026,13,27/07/2026,900431,,cb0eeed5-e710-48b7-ba13-b15737e4fad2,NIKE,132713,,
DASS SEST713793695027110CM1563209015625177NBR328281520260428-1,OK,DASS SEST,7,137936,1408855,95027,ATAC. MR110022 7MM RECICLADO COR 4085/PET / COR 596/PET [cd3f1460-6a4f-4583-9d4f-b58677769c82],110CM,15632090,186,15625177NBR3282815,28/04/2026,10/08/2026,13,27/07/2026,900432,,cd3f1460-6a4f-4583-9d4f-b58677769c82,NIKE,132713,,
DASS SEST713793695027110CM1563209015625178NBR328281520260428-1,OK,DASS SEST,7,137936,1408855,95027,ATAC. MR110022 7MM RECICLADO COR 4085/PET / COR 596/PET [5f186c83-f3ff-4f42-b737-313fa0885690],110CM,15632090,192,15625178NBR3282815,28/04/2026,10/08/2026,13,27/07/2026,900433,,5f186c83-f3ff-4f42-b737-313fa0885690,NIKE,132713,,
DASS SEST713793695027115CM1563209015625177NBR328281520260428-1,OK,DASS SEST,7,137936,1408855,95027,ATAC. MR110022 7MM RECICLADO COR 4085/PET / COR 596/PET [c4455d6d-743b-4dd3-b05f-143c5b01b64e],115CM,15632090,536,15625177NBR3282815,28/04/2026,10/08/2026,13,27/07/2026,900434,,c4455d6d-743b-4dd3-b05f-143c5b01b64e,NIKE,132713,,
DASS SEST713793695027115CM1563209015625178NBR328281520260428-1,OK,DASS SEST,7,137936,1408855,95027,ATAC. MR110022 7MM RECICLADO COR 4085/PET / COR 596/PET [7c2f3b6d-e94f-4456-8015-415e9f7f08f2],115CM,15632090,546,15625178NBR3282815,28/04/2026,10/08/2026,13,27/07/2026,900435,,7c2f3b6d-e94f-4456-8015-415e9f7f08f2,NIKE,132713,,
DASS SEST713793695027120CM1563209015625177NBR328281520260428-1,OK,DASS SEST,7,137936,1408855,95027,ATAC. MR110022 7MM RECICLADO COR 4085/PET / COR 596/PET [c606604b-e1cb-4f12-94dc-c7e3c672446d],120CM,15632090,84,15625177NBR3282815,28/04/2026,10/08/2026,13,27/07/2026,900436,,c606604b-e1cb-4f12-94dc-c7e3c672446d,NIKE,132713,,
DASS SEST713793695027120CM1563209015625178NBR328281520260428-1,OK,DASS SEST,7,137936,1408855,95027,ATAC. MR110022 7MM RECICLADO COR 4085/PET / COR 596/PET [52b8eba0-99de-4ada-b069-2acc29b2453b],120CM,15632090,72,15625178NBR3282815,28/04/2026,10/08/2026,13,27/07/2026,900437,,52b8eba0-99de-4ada-b069-2acc29b2453b,NIKE,132713,,
DASS SEST71390438794616MM1575687520260527-1,OK,DASS SEST,7,139043,1316829,87946,FITA M31119 C/ GOMA POLIESTER COR 100/ COR 5535/ COR 102 [13bc497c-10c8-4640-90a3-1fa105922508],16MM,15756875,220,0,27/05/2026,10/08/2026,13,28/07/2026,900438,,13bc497c-10c8-4640-90a3-1fa105922508,FILA,133754,,
DASS SEST71390439296316MM1575687520260527-1,OK,DASS SEST,7,139043,1353470,92963,FITA M31119 C/ GOMA POLIESTER COR 102 / COR 100 / COR 100 [9642a30f-ef19-45d1-ab04-834eaacd2ef9],16MM,15756875,200,0,27/05/2026,10/08/2026,13,27/07/2026,900439,,9642a30f-ef19-45d1-ab04-834eaacd2ef9,FILA,133754,,
DASS SEST71390439517616MM1575687520260527-1,OK,DASS SEST,7,139043,1320199,95176,FITA M31119 C/ GOMA POLIESTER COR 053 / COR 114 / COR 114 [7390ca5d-d4aa-4b86-be9d-611ce0df75f0],16MM,15756875,370,0,27/05/2026,10/08/2026,13,27/07/2026,900440,,7390ca5d-d4aa-4b86-be9d-611ce0df75f0,FILA,133754,,
DASS SEST713904495490125CM1575705715744405BR31469520260527-1,OK,DASS SEST,7,139044,1423777,95490,ATAC. M60132 ALPINA COR 2001 [ede3b487-348e-40b2-9514-1f35a1a1406e],125CM,15757057,480,15744405BR314695,27/05/2026,10/08/2026,13,28/07/2026,900441,,ede3b487-348e-40b2-9514-1f35a1a1406e,FILA,133755,,
DASS SEST713904495490135CM1575705715744405BR31469520260527-1,OK,DASS SEST,7,139044,1423777,95490,ATAC. M60132 ALPINA COR 2001 [cf169e88-7c23-431e-9add-9916ce9be665],135CM,15757057,492,15744405BR314695,27/05/2026,10/08/2026,13,27/07/2026,900442,,cf169e88-7c23-431e-9add-9916ce9be665,FILA,133755,,
DASS SEST71392258262418MM1577526020260601-1,OK,DASS SEST,7,139225,1220520,82624,FITA MR100037 C/ GOMA RECICLADO COR 100/PET [fb399c4a-0b9c-40c3-8ac9-03d958e1c4bf],18MM,15775260,260,0,01/06/2026,10/08/2026,13,28/07/2026,900443,,fb399c4a-0b9c-40c3-8ac9-03d958e1c4bf,NIKE,133926,,
DASS SEST71392258262618MM1577526020260601-1,OK,DASS SEST,7,139225,1220522,82626,FITA MR100038 C/ GOMA RECICLADO COR 4662/PET / COR 5400/B [3d91030b-f33a-484e-b513-c25d3eacd0cf],18MM,15775260,270,0,01/06/2026,10/08/2026,13,27/07/2026,900444,,3d91030b-f33a-484e-b513-c25d3eacd0cf,NIKE,133926,,
DASS SEST713927984942105CM1577519015773824NBR328286220260602-1,OK,DASS SEST,7,139279,1237086,84942,ATAC. MR140014 6MM RECICLADO COR 956/PET [f6dc3e24-158b-4a24-8937-8a79bfff32ab],105CM,15775190,204,15773824NBR3282862,02/06/2026,10/08/2026,13,28/07/2026,900445,,f6dc3e24-158b-4a24-8937-8a79bfff32ab,NIKE,133899,,
DASS SEST713927984942110CM1577519015773824NBR328286220260602-1,OK,DASS SEST,7,139279,1237086,84942,ATAC. MR140014 6MM RECICLADO COR 956/PET [c9fb8133-0c79-40c7-bdde-27a77e80de62],110CM,15775190,584,15773824NBR3282862,02/06/2026,10/08/2026,13,27/07/2026,900446,,c9fb8133-0c79-40c7-bdde-27a77e80de62,NIKE,133899,,
DASS SEST713927984942115CM1577519015773824NBR328286220260602-1,OK,DASS SEST,7,139279,1237086,84942,ATAC. MR140014 6MM RECICLADO COR 956/PET [c9d65fa5-2f8b-4a24-9176-4a8bef0c9648],115CM,15775190,228,15773824NBR3282862,02/06/2026,10/08/2026,13,27/07/2026,900447,,c9d65fa5-2f8b-4a24-9176-4a8bef0c9648,NIKE,133899,,
DASS SEST713927995705105CM1577519015773832NBR328285120260602-1,OK,DASS SEST,7,139279,1360726,95705,ATAC. MR140014 6MM RECICLADO COR 057/PET [4f7aad5b-34ac-4502-9bb3-0f46e417357f],105CM,15775190,216,15773832NBR3282851,02/06/2026,10/08/2026,13,27/07/2026,900448,,4f7aad5b-34ac-4502-9bb3-0f46e417357f,NIKE,133899,,
DASS SEST713927995705105CM1577519015773833NBR328285120260602-1,OK,DASS SEST,7,139279,1360726,95705,ATAC. MR140014 6MM RECICLADO COR 057/PET [c8a95c55-9aad-4c13-a497-a89d7d8b06ce],105CM,15775190,234,15773833NBR3282851,02/06/2026,10/08/2026,13,27/07/2026,900449,,c8a95c55-9aad-4c13-a497-a89d7d8b06ce,NIKE,133899,,
DASS SEST713927995705110CM1577519015773832NBR328285120260602-1,OK,DASS SEST,7,139279,1360726,95705,ATAC. MR140014 6MM RECICLADO COR 057/PET [e91f331d-8a17-46cd-85d9-5b96fec41529],110CM,15775190,633,15773832NBR3282851,02/06/2026,10/08/2026,13,27/07/2026,900450,,e91f331d-8a17-46cd-85d9-5b96fec41529,NIKE,133899,,
DASS SEST713927995705110CM1577519015773833NBR328285120260602-1,OK,DASS SEST,7,139279,1360726,95705,ATAC. MR140014 6MM RECICLADO COR 057/PET [76d9acd4-1d98-43fe-b6d2-cf6b335591ec],110CM,15775190,636,15773833NBR3282851,02/06/2026,10/08/2026,13,27/07/2026,900451,,76d9acd4-1d98-43fe-b6d2-cf6b335591ec,NIKE,133899,,
DASS SEST713927995705115CM1577519015773832NBR328285120260602-1,OK,DASS SEST,7,139279,1360726,95705,ATAC. MR140014 6MM RECICLADO COR 057/PET [5df99202-432f-4c38-af9a-32fcecb55e46],115CM,15775190,252,15773832NBR3282851,02/06/2026,10/08/2026,13,27/07/2026,900452,,5df99202-432f-4c38-af9a-32fcecb55e46,NIKE,133899,,
DASS SEST713927995705115CM1577519015773833NBR328285120260602-1,OK,DASS SEST,7,139279,1360726,95705,ATAC. MR140014 6MM RECICLADO COR 057/PET [b16ebad4-7d44-4022-9571-0715c794c046],115CM,15775190,264,15773833NBR3282851,02/06/2026,10/08/2026,13,27/07/2026,900453,,b16ebad4-7d44-4022-9571-0715c794c046,NIKE,133899,,
DASS SEST71392949548616MM1577776120260602-1,OK,DASS SEST,7,139294,1406217,95486,FITA M31119 C/ GOMA POLIESTER COR 447 / COR 100 / COR 100 [cfd29773-20e7-424d-b8ec-95301506da63],16MM,15777761,320,0,02/06/2026,10/08/2026,13,28/07/2026,900454,,cfd29773-20e7-424d-b8ec-95301506da63,FILA,133931,,
DASS SEST713956486978100CM1581640815815470NBR328275920260611-1,OK,DASS SEST,7,139564,1299257,86978,ATAC. MR130027 6MM RECICLADO COR 4085/PET [3fed8cc9-bfdd-4510-9df3-f031cd222a35],100CM,15816408,216,15815470NBR3282759,11/06/2026,10/08/2026,13,28/07/2026,900455,,3fed8cc9-bfdd-4510-9df3-f031cd222a35,NIKE,134311,,
DASS SEST713956486978100CM1581640815815471NBR328275920260611-1,OK,DASS SEST,7,139564,1299257,86978,ATAC. MR130027 6MM RECICLADO COR 4085/PET [b3eb4eb8-1ee5-4916-86f2-376b2a4cc304],100CM,15816408,259,15815471NBR3282759,11/06/2026,10/08/2026,13,27/07/2026,900456,,b3eb4eb8-1ee5-4916-86f2-376b2a4cc304,NIKE,134311,,
DASS SEST713956486978105CM1581640815815470NBR328275920260611-1,OK,DASS SEST,7,139564,1299257,86978,ATAC. MR130027 6MM RECICLADO COR 4085/PET [b6baeb40-f685-4ee4-b808-b90564aef478],105CM,15816408,730,15815470NBR3282759,11/06/2026,10/08/2026,13,27/07/2026,900457,,b6baeb40-f685-4ee4-b808-b90564aef478,NIKE,134311,,
DASS SEST713956486978105CM1581640815815471NBR328275920260611-1,OK,DASS SEST,7,139564,1299257,86978,ATAC. MR130027 6MM RECICLADO COR 4085/PET [5eb6ca7b-5492-47d7-9e17-d1d9cd3d8b11],105CM,15816408,746,15815471NBR3282759,11/06/2026,10/08/2026,13,27/07/2026,900458,,5eb6ca7b-5492-47d7-9e17-d1d9cd3d8b11,NIKE,134311,,
DASS SEST713956486978110CM1581640815815470NBR328275920260611-1,OK,DASS SEST,7,139564,1299257,86978,ATAC. MR130027 6MM RECICLADO COR 4085/PET [de483899-6de7-4fa0-8830-f26bec35dded],110CM,15816408,192,15815470NBR3282759,11/06/2026,10/08/2026,13,27/07/2026,900459,,de483899-6de7-4fa0-8830-f26bec35dded,NIKE,134311,,
DASS SEST713956486978110CM1581640815815471NBR328275920260611-1,OK,DASS SEST,7,139564,1299257,86978,ATAC. MR130027 6MM RECICLADO COR 4085/PET [735d7743-5d9e-46d5-8ff0-c10c561db6bd],110CM,15816408,234,15815471NBR3282759,11/06/2026,10/08/2026,13,27/07/2026,900460,,735d7743-5d9e-46d5-8ff0-c10c561db6bd,NIKE,134311,,
DASS SEST71395727400710MM1581676520260611-1,OK,DASS SEST,7,139572,1200469,74007,FITA M32164 C/ GOMA POLIESTER COR 4085 [31fce41a-8667-4552-9a63-671d4793b82d],10MM,15816765,70,0,11/06/2026,10/08/2026,13,28/07/2026,900461,,31fce41a-8667-4552-9a63-671d4793b82d,NIKE,134323,,
DASS SEST71395728373910MM1581676520260611-1,OK,DASS SEST,7,139572,1247438,83739,FITA M32164 C/ GOMA POLIESTER COR 4662 [97009d6f-73ed-4c6d-af4f-a82184590470],10MM,15816765,100,0,11/06/2026,10/08/2026,13,27/07/2026,900462,,97009d6f-73ed-4c6d-af4f-a82184590470,NIKE,134323,,
DASS SEST71395728496110MM1581676520260611-1,OK,DASS SEST,7,139572,1233820,84961,FITA M32164 C/ GOMA POLIESTER COR 4021 [13eba7e9-c9d5-44a3-bcf0-305d40c7392a],10MM,15816765,130,0,11/06/2026,10/08/2026,13,27/07/2026,900463,,13eba7e9-c9d5-44a3-bcf0-305d40c7392a,NIKE,134323,,
DASS SEST71396498373910MM1582007520260612-1,OK,DASS SEST,7,139649,1247438,83739,FITA M32164 C/ GOMA POLIESTER COR 4662 [d0932f18-89c5-4815-b2bd-a9de8b0dc9ce],10MM,15820075,80,0,12/06/2026,10/08/2026,13,28/07/2026,900464,,d0932f18-89c5-4815-b2bd-a9de8b0dc9ce,NIKE,134359,,
DASS SEST71396498496110MM1582007520260612-1,OK,DASS SEST,7,139649,1233820,84961,FITA M32164 C/ GOMA POLIESTER COR 4021 [dcf25e43-7dc3-4311-a3a7-17c2765ada51],10MM,15820075,90,0,12/06/2026,10/08/2026,13,27/07/2026,900465,,dcf25e43-7dc3-4311-a3a7-17c2765ada51,NIKE,134359,,
DASS SEST71399328622615MM1584965820260622-1,OK,DASS SEST,7,139932,1271908,86226,FITA M32207 C/ GOMA POLIESTER COR 100 / COR 5535 / COR 100 [f98fd4c1-b23f-41bc-9048-c4806b2d1394],15MM,15849658,300,0,22/06/2026,10/08/2026,13,28/07/2026,900466,,f98fd4c1-b23f-41bc-9048-c4806b2d1394,FILA,134608,,
DASS SEST71399328788615MM1584965820260622-1,OK,DASS SEST,7,139932,1289388,87886,FITA M32207 C/ GOMA POLIESTER COR 100 / COR 102 / COR 100 [79d02d75-51cc-408f-aed4-46873428b8a0],15MM,15849658,160,0,22/06/2026,10/08/2026,13,27/07/2026,900467,,79d02d75-51cc-408f-aed4-46873428b8a0,FILA,134608,,
DASS SEST71399328758112MM1584965820260622-1,OK,DASS SEST,7,139932,1287981,87581,FITA M41476 C/ GOMA POLIESTER COR 102 / COR 5508 [5e59e71a-bb09-4f83-917a-c1093daad881],12MM,15849658,420,0,22/06/2026,10/08/2026,13,27/07/2026,900468,,5e59e71a-bb09-4f83-917a-c1093daad881,FILA,134608,,
DASS SEST71399328907012MM1584965820260622-1,OK,DASS SEST,7,139932,1287984,89070,FITA M41476 C/ GOMA POLIESTER COR 114/ COR 5508 [9a2f1e3f-6591-42d9-bdbb-6aa2d8203cd7],12MM,15849658,130,0,22/06/2026,10/08/2026,13,27/07/2026,900469,,9a2f1e3f-6591-42d9-bdbb-6aa2d8203cd7,FILA,134608,,
DASS SEST71399329047512MM1584965820260622-1,OK,DASS SEST,7,139932,1356824,90475,FITA M41476 C/ GOMA POLIESTER COR 5508 / COR 102 [8fd23c52-dc30-4209-bb9e-ff2f048fef2f],12MM,15849658,80,0,22/06/2026,10/08/2026,13,27/07/2026,900470,,8fd23c52-dc30-4209-bb9e-ff2f048fef2f,FILA,134608,,
DASS SEST71399329093212MM1584965820260622-1,OK,DASS SEST,7,139932,1356830,90932,FITA M41476 C/ GOMA POLIESTER COR 5855 / COR 114 [def562fc-51ba-4c9c-9e26-286fb4ea3d3f],12MM,15849658,120,0,22/06/2026,10/08/2026,13,27/07/2026,900471,,def562fc-51ba-4c9c-9e26-286fb4ea3d3f,FILA,134608,,
DASS SEST71399329504512MM1584965820260622-1,OK,DASS SEST,7,139932,1287983,95045,FITA M41476 C/ GOMA POLIESTER COR 100 / COR 5508 [4b7101c4-253b-4af1-aa6a-b20dfcda1fcd],12MM,15849658,120,0,22/06/2026,10/08/2026,13,27/07/2026,900472,,4b7101c4-253b-4af1-aa6a-b20dfcda1fcd,FILA,134608,,
DASS SEST7139932701648MM1584965820260622-1,OK,DASS SEST,7,139932,108955,70164,FITA MFGP C/ GOMA POLIESTER COR 100 [157c0e01-8837-4c9a-8a8f-b11d37505887],8MM,15849658,120,0,22/06/2026,10/08/2026,13,27/07/2026,900473,,157c0e01-8837-4c9a-8a8f-b11d37505887,FILA,134608,,
DASS SEST7139932713768MM1584965820260622-1,OK,DASS SEST,7,139932,112354,71376,FITA MFGP C/ GOMA POLIESTER COR 102 [fa02ea75-499d-4041-b9a3-16c00b5d4fe6],8MM,15849658,80,0,22/06/2026,10/08/2026,13,27/07/2026,900474,,fa02ea75-499d-4041-b9a3-16c00b5d4fe6,FILA,134608,,
DASS SEST7139932742798MM1584965820260622-1,OK,DASS SEST,7,139932,1104263,74279,FITA MFGP C/ GOMA POLIESTER COR 447 [de82eafe-0162-4b8f-8dc5-02938730ea49],8MM,15849658,110,0,22/06/2026,10/08/2026,13,27/07/2026,900475,,de82eafe-0162-4b8f-8dc5-02938730ea49,FILA,134608,,
DASS SEST71399328456010MM1584965820260622-1,OK,DASS SEST,7,139932,998349,84560,FITA MFGP C/ GOMA POLIESTER COR 142 [198efd16-ee9a-4608-b9de-863cc4c4a8ff],10MM,15849658,100,0,22/06/2026,10/08/2026,13,27/07/2026,900476,,198efd16-ee9a-4608-b9de-863cc4c4a8ff,FILA,134608,,
DASS SEST7139932857898MM1584965820260622-1,OK,DASS SEST,7,139932,1287881,85789,FITA MFGP C/ GOMA POLIESTER COR 5508 [8650b265-32f9-4531-80ed-d424326d9a80],8MM,15849658,100,0,22/06/2026,10/08/2026,13,27/07/2026,900477,,8650b265-32f9-4531-80ed-d424326d9a80,FILA,134608,,
DASS SEST71399328578910MM1584965820260622-1,OK,DASS SEST,7,139932,1264051,85789,FITA MFGP C/ GOMA POLIESTER COR 5508 [e37b67f9-f67d-4f7f-b605-0824cdf5b203],10MM,15849658,60,0,22/06/2026,10/08/2026,13,27/07/2026,900478,,e37b67f9-f67d-4f7f-b605-0824cdf5b203,FILA,134608,,
DASS SEST71399328585410MM1584965820260622-1,OK,DASS SEST,7,139932,1397607,85854,FITA MFGP C/ GOMA POLIESTER COR 4039 [5c5c8e04-db27-4244-9c00-fa09edcf1515],10MM,15849658,20,0,22/06/2026,10/08/2026,13,27/07/2026,900479,,5c5c8e04-db27-4244-9c00-fa09edcf1515,FILA,134608,,
DASS SEST71399329259510MM1584965820260622-1,OK,DASS SEST,7,139932,1397485,92595,FITA MFGP C/ GOMA POLIESTER COR 986 [484247a8-cf87-4892-976e-12e7778be751],10MM,15849658,110,0,22/06/2026,10/08/2026,13,27/07/2026,900480,,484247a8-cf87-4892-976e-12e7778be751,FILA,134608,,
DASS SEST71399328794616MM1584965820260622-1,OK,DASS SEST,7,139932,1316829,87946,FITA M31119 C/ GOMA POLIESTER COR 100/ COR 5535/ COR 102 [af2cbf3a-884b-4210-98b3-fc011d2d8af6],16MM,15849658,560,0,22/06/2026,10/08/2026,13,27/07/2026,900481,,af2cbf3a-884b-4210-98b3-fc011d2d8af6,FILA,134608,,
DASS SEST71399329257116MM1584965820260622-1,OK,DASS SEST,7,139932,1379936,92571,FITA M31119 C/ GOMA POLIESTER COR 678 / COR 100 / COR 100 [80533823-d31d-4f11-8fc7-07cea35afb01],16MM,15849658,120,0,22/06/2026,10/08/2026,13,27/07/2026,900482,,80533823-d31d-4f11-8fc7-07cea35afb01,FILA,134608,,
DASS SEST71399329257316MM1584965820260622-1,OK,DASS SEST,7,139932,1379938,92573,FITA M31119 C/ GOMA POLIESTER COR 161 / COR 324 / COR 324 [c1dadab3-925e-4cce-a1c9-c43c6dee71fa],16MM,15849658,130,0,22/06/2026,10/08/2026,13,27/07/2026,900483,,c1dadab3-925e-4cce-a1c9-c43c6dee71fa,FILA,134608,,
DASS SEST71399329261916MM1584965820260622-1,OK,DASS SEST,7,139932,1358279,92619,FITA M31119 C/ GOMA POLIESTER COR 5508 / COR 102 / COR 102 [cf8ff03b-e5b1-4526-941a-f393f19f933e],16MM,15849658,410,0,22/06/2026,10/08/2026,13,27/07/2026,900484,,cf8ff03b-e5b1-4526-941a-f393f19f933e,FILA,134608,,
DASS SEST71399329288116MM1584965820260622-1,OK,DASS SEST,7,139932,1403700,92881,FITA M31119 C/ GOMA POLIESTER COR 057 / COR 114 / COR 5535 [b4c04658-407f-47dc-b63a-84f51d62fad8],16MM,15849658,190,0,22/06/2026,10/08/2026,13,27/07/2026,900485,,b4c04658-407f-47dc-b63a-84f51d62fad8,FILA,134608,,
DASS SEST71399329514516MM1584965820260622-1,OK,DASS SEST,7,139932,1401826,95145,FITA M31119 C/ GOMA POLIESTER COR 6002 / COR 5508 / COR 5508 [2546c641-e438-4135-a907-2565033b305b],16MM,15849658,250,0,22/06/2026,10/08/2026,13,27/07/2026,900486,,2546c641-e438-4135-a907-2565033b305b,FILA,134608,,
DASS SEST71399329517616MM1584965820260622-1,OK,DASS SEST,7,139932,1320199,95176,FITA M31119 C/ GOMA POLIESTER COR 053 / COR 114 / COR 114 [0f864864-7e06-4161-978b-a3d419dca6ce],16MM,15849658,100,0,22/06/2026,10/08/2026,13,27/07/2026,900487,,0f864864-7e06-4161-978b-a3d419dca6ce,FILA,134608,,
DASS SEST71399349530016MM1584966220260622-1,OK,DASS SEST,7,139934,1416744,95300,FITA M31119 C/ GOMA POLIESTER COR 814 / COR 100 / COR 100 [9f03d0bb-a176-4e92-a369-54d1ffb4e159],16MM,15849662,130,0,22/06/2026,10/08/2026,13,27/07/2026,900488,,9f03d0bb-a176-4e92-a369-54d1ffb4e159,FILA,134610,,
DASS SEST71400928622615MM1585413920260625-1,OK,DASS SEST,7,140092,1271908,86226,FITA M32207 C/ GOMA POLIESTER COR 100 / COR 5535 / COR 100 [68890590-133c-46ae-a7e0-c412f6fe07be],15MM,15854139,50,0,25/06/2026,10/08/2026,13,27/07/2026,900489,,68890590-133c-46ae-a7e0-c412f6fe07be,FILA,134781,,
DASS SEST714012488668110CM1585578315850199NBR328286620260625-1,OK,DASS SEST,7,140124,1304277,88668,ATAC. MR110022 7MM RECICLADO COR 4085/PET / COR 496/PET [cc1e9f12-45c2-46d0-8eb9-e6efb789ffaa],110CM,15855783,204,15850199NBR3282866,25/06/2026,10/08/2026,13,27/07/2026,900490,,cc1e9f12-45c2-46d0-8eb9-e6efb789ffaa,NIKE,134815,,
DASS SEST714012488668110CM1585578315850193NBR328287920260625-1,OK,DASS SEST,7,140124,1304277,88668,ATAC. MR110022 7MM RECICLADO COR 4085/PET / COR 496/PET [88811c23-bcfb-49bd-8602-fbdc6a968ad1],110CM,15855783,228,15850193NBR3282879,25/06/2026,10/08/2026,13,27/07/2026,900491,,88811c23-bcfb-49bd-8602-fbdc6a968ad1,NIKE,134815,,
DASS SEST714012488668110CM1585578315850194NBR328287920260625-1,OK,DASS SEST,7,140124,1304277,88668,ATAC. MR110022 7MM RECICLADO COR 4085/PET / COR 496/PET [1410c4a8-741e-430f-8306-a824eee362f6],110CM,15855783,246,15850194NBR3282879,25/06/2026,10/08/2026,13,27/07/2026,900492,,1410c4a8-741e-430f-8306-a824eee362f6,NIKE,134815,,
DASS SEST714012488668110CM1585578315850204NBR328290720260625-1,OK,DASS SEST,7,140124,1304277,88668,ATAC. MR110022 7MM RECICLADO COR 4085/PET / COR 496/PET [91bfbf55-f376-40d3-8d88-43cfe32aced6],110CM,15855783,986,15850204NBR3282907,25/06/2026,10/08/2026,13,27/07/2026,900493,,91bfbf55-f376-40d3-8d88-43cfe32aced6,NIKE,134815,,
DASS SEST714012488668115CM1585578315850199NBR328286620260625-1,OK,DASS SEST,7,140124,1304277,88668,ATAC. MR110022 7MM RECICLADO COR 4085/PET / COR 496/PET [80076fe7-b0a5-498a-8846-8e325c26bd3e],115CM,15855783,662,15850199NBR3282866,25/06/2026,10/08/2026,13,27/07/2026,900494,,80076fe7-b0a5-498a-8846-8e325c26bd3e,NIKE,134815,,
DASS SEST714012488668115CM1585578315850193NBR328287920260625-1,OK,DASS SEST,7,140124,1304277,88668,ATAC. MR110022 7MM RECICLADO COR 4085/PET / COR 496/PET [8aba0fb5-e09e-4a8c-ab3c-03b61809cd3a],115CM,15855783,681,15850193NBR3282879,25/06/2026,10/08/2026,13,27/07/2026,900495,,8aba0fb5-e09e-4a8c-ab3c-03b61809cd3a,NIKE,134815,,
DASS SEST714012488668115CM1585578315850194NBR328287920260625-1,OK,DASS SEST,7,140124,1304277,88668,ATAC. MR110022 7MM RECICLADO COR 4085/PET / COR 496/PET [cf69c0b3-8510-466b-8188-9f18fcfa5679],115CM,15855783,684,15850194NBR3282879,25/06/2026,10/08/2026,13,27/07/2026,900496,,cf69c0b3-8510-466b-8188-9f18fcfa5679,NIKE,134815,,
DASS SEST714012488668115CM1585578315850204NBR328290720260625-1,OK,DASS SEST,7,140124,1304277,88668,ATAC. MR110022 7MM RECICLADO COR 4085/PET / COR 496/PET [13d15bf2-11d6-469e-838b-23ce18d72f67],115CM,15855783,24,15850204NBR3282907,25/06/2026,10/08/2026,13,27/07/2026,900497,,13d15bf2-11d6-469e-838b-23ce18d72f67,NIKE,134815,,
DASS SEST714012488668120CM1585578315850199NBR328286620260625-1,OK,DASS SEST,7,140124,1304277,88668,ATAC. MR110022 7MM RECICLADO COR 4085/PET / COR 496/PET [787cb307-86c6-4111-b601-c10daa017e5c],120CM,15855783,150,15850199NBR3282866,25/06/2026,10/08/2026,13,27/07/2026,900498,,787cb307-86c6-4111-b601-c10daa017e5c,NIKE,134815,,
DASS SEST714012488668120CM1585578315850193NBR328287920260625-1,OK,DASS SEST,7,140124,1304277,88668,ATAC. MR110022 7MM RECICLADO COR 4085/PET / COR 496/PET [3a9ea817-e756-480a-ae84-88402a9a1096],120CM,15855783,168,15850193NBR3282879,25/06/2026,10/08/2026,13,27/07/2026,900499,,3a9ea817-e756-480a-ae84-88402a9a1096,NIKE,134815,,
DASS SEST714012488668120CM1585578315850194NBR328287920260625-1,OK,DASS SEST,7,140124,1304277,88668,ATAC. MR110022 7MM RECICLADO COR 4085/PET / COR 496/PET [392f6dcc-2cb6-4d06-a23a-ff8710a30989],120CM,15855783,192,15850194NBR3282879,25/06/2026,10/08/2026,13,27/07/2026,900500,,392f6dcc-2cb6-4d06-a23a-ff8710a30989,NIKE,134815,,
DASS SEST714012488700110CM1585578315850195NBR328288020260625-1,OK,DASS SEST,7,140124,1315210,88700,ATAC. MR110022 7MM RECICLADO COR 4662/PET [861b6c3e-2939-42c5-a044-1f4fef06d686],110CM,15855783,216,15850195NBR3282880,25/06/2026,10/08/2026,13,27/07/2026,900501,,861b6c3e-2939-42c5-a044-1f4fef06d686,NIKE,134815,,
DASS SEST714012488700110CM1585578315850196NBR328288020260625-1,OK,DASS SEST,7,140124,1315210,88700,ATAC. MR110022 7MM RECICLADO COR 4662/PET [9ec157bd-50fa-4606-b50a-2fe3fa16bf8f],110CM,15855783,240,15850196NBR3282880,25/06/2026,10/08/2026,13,27/07/2026,900502,,9ec157bd-50fa-4606-b50a-2fe3fa16bf8f,NIKE,134815,,
DASS SEST714012488700115CM1585578315850195NBR328288020260625-1,OK,DASS SEST,7,140124,1315210,88700,ATAC. MR110022 7MM RECICLADO COR 4662/PET [1dea365c-0d42-4d76-a7d0-a4a8e9f783aa],115CM,15855783,590,15850195NBR3282880,25/06/2026,10/08/2026,13,27/07/2026,900503,,1dea365c-0d42-4d76-a7d0-a4a8e9f783aa,NIKE,134815,,
DASS SEST714012488700115CM1585578315850196NBR328288020260625-1,OK,DASS SEST,7,140124,1315210,88700,ATAC. MR110022 7MM RECICLADO COR 4662/PET [bb7f5213-9a55-4217-a832-69d94512912a],115CM,15855783,588,15850196NBR3282880,25/06/2026,10/08/2026,13,27/07/2026,900504,,bb7f5213-9a55-4217-a832-69d94512912a,NIKE,134815,,
DASS SEST714012488700120CM1585578315850195NBR328288020260625-1,OK,DASS SEST,7,140124,1315210,88700,ATAC. MR110022 7MM RECICLADO COR 4662/PET [35d855f1-4096-4348-8459-4e0072d852a9],120CM,15855783,120,15850195NBR3282880,25/06/2026,10/08/2026,13,27/07/2026,900505,,35d855f1-4096-4348-8459-4e0072d852a9,NIKE,134815,,
DASS SEST714012488700120CM1585578315850196NBR328288020260625-1,OK,DASS SEST,7,140124,1315210,88700,ATAC. MR110022 7MM RECICLADO COR 4662/PET [36a90e15-0cc6-4aa4-8445-36350c16fc14],120CM,15855783,138,15850196NBR3282880,25/06/2026,10/08/2026,13,27/07/2026,900506,,36a90e15-0cc6-4aa4-8445-36350c16fc14,NIKE,134815,,
DASS SEST714012495026110CM1585578315850241NBR328287820260625-1,OK,DASS SEST,7,140124,1413117,95026,ATAC. MR110022 7MM RECICLADO COR 6146/PET / COR 492/PET [72915c09-0774-4d3e-8467-fc954e1d0623],110CM,15855783,210,15850241NBR3282878,25/06/2026,10/08/2026,13,27/07/2026,900507,,72915c09-0774-4d3e-8467-fc954e1d0623,NIKE,134815,,
DASS SEST714012495026115CM1585578315850241NBR328287820260625-1,OK,DASS SEST,7,140124,1413117,95026,ATAC. MR110022 7MM RECICLADO COR 6146/PET / COR 492/PET [a7c68b79-5f3e-4bbb-918c-469c15c8bef4],115CM,15855783,698,15850241NBR3282878,25/06/2026,10/08/2026,13,27/07/2026,900508,,a7c68b79-5f3e-4bbb-918c-469c15c8bef4,NIKE,134815,,
DASS SEST714012495026120CM1585578315850241NBR328287820260625-1,OK,DASS SEST,7,140124,1413117,95026,ATAC. MR110022 7MM RECICLADO COR 6146/PET / COR 492/PET [441e4ff5-dbe3-4e5f-b289-c6f7b56ce6f3],120CM,15855783,150,15850241NBR3282878,25/06/2026,10/08/2026,13,27/07/2026,900509,,441e4ff5-dbe3-4e5f-b289-c6f7b56ce6f3,NIKE,134815,,
DASS SEST714012495897110CM1585578315850255NBR328287620260625-1,OK,DASS SEST,7,140124,1424201,95897,ATAC. MR110022 7MM RECICLADO COR 4662/PET / COR 4638/PET [ae96b87b-42a4-45f1-b99b-2985519f844e],110CM,15855783,746,15850255NBR3282876,25/06/2026,10/08/2026,13,27/07/2026,900510,,ae96b87b-42a4-45f1-b99b-2985519f844e,NIKE,134815,,
DASS SEST714012495897110CM1585578315850256NBR328287620260625-1,OK,DASS SEST,7,140124,1424201,95897,ATAC. MR110022 7MM RECICLADO COR 4662/PET / COR 4638/PET [856a9fbb-58dc-45b6-8cba-af431c0182be],110CM,15855783,804,15850256NBR3282876,25/06/2026,10/08/2026,13,27/07/2026,900511,,856a9fbb-58dc-45b6-8cba-af431c0182be,NIKE,134815,,
DASS SEST714012495897110CM1585578315850257NBR328293120260625-1,OK,DASS SEST,7,140124,1424201,95897,ATAC. MR110022 7MM RECICLADO COR 4662/PET / COR 4638/PET [4762b807-72fb-48cf-8c04-310e82643884],110CM,15855783,1035,15850257NBR3282931,25/06/2026,10/08/2026,13,27/07/2026,900512,,4762b807-72fb-48cf-8c04-310e82643884,NIKE,134815,,
DASS SEST714012495897110CM1585578315850258NBR328293120260625-1,OK,DASS SEST,7,140124,1424201,95897,ATAC. MR110022 7MM RECICLADO COR 4662/PET / COR 4638/PET [7d548379-96ae-4957-a4ab-323c34275b3f],110CM,15855783,1068,15850258NBR3282931,25/06/2026,10/08/2026,13,27/07/2026,900513,,7d548379-96ae-4957-a4ab-323c34275b3f,NIKE,134815,,
DASS SEST714012495897115CM1585578315850255NBR328287620260625-1,OK,DASS SEST,7,140124,1424201,95897,ATAC. MR110022 7MM RECICLADO COR 4662/PET / COR 4638/PET [10323e1e-eee4-464c-83f8-a979cfa4027f],115CM,15855783,24,15850255NBR3282876,25/06/2026,10/08/2026,13,27/07/2026,900514,,10323e1e-eee4-464c-83f8-a979cfa4027f,NIKE,134815,,
DASS SEST714012495897115CM1585578315850257NBR328293120260625-1,OK,DASS SEST,7,140124,1424201,95897,ATAC. MR110022 7MM RECICLADO COR 4662/PET / COR 4638/PET [76eed8d8-db6c-4fd2-bddf-2a3f5c36264c],115CM,15855783,18,15850257NBR3282931,25/06/2026,10/08/2026,13,27/07/2026,900515,,76eed8d8-db6c-4fd2-bddf-2a3f5c36264c,NIKE,134815,,
DASS SEST714012495897115CM1585578315850258NBR328293120260625-1,OK,DASS SEST,7,140124,1424201,95897,ATAC. MR110022 7MM RECICLADO COR 4662/PET / COR 4638/PET [41e057d5-b957-46b0-8ca8-b64dcc3a88fc],115CM,15855783,12,15850258NBR3282931,25/06/2026,10/08/2026,13,27/07/2026,900516,,41e057d5-b957-46b0-8ca8-b64dcc3a88fc,NIKE,134815,,
DASS SEST714012495898110CM1585578315850249NBR328288120260625-1,OK,DASS SEST,7,140124,1424204,95898,ATAC. MR110022 7MM RECICLADO COR 6222/PET / COR 4259/PET [5ab02e3b-4d77-4114-aa0f-7fc3e85690d3],110CM,15855783,168,15850249NBR3282881,25/06/2026,10/08/2026,13,27/07/2026,900517,,5ab02e3b-4d77-4114-aa0f-7fc3e85690d3,NIKE,134815,,
DASS SEST714012495898110CM1585578315850250NBR328288120260625-1,OK,DASS SEST,7,140124,1424204,95898,ATAC. MR110022 7MM RECICLADO COR 6222/PET / COR 4259/PET [953912f3-2791-4a5a-ad86-e5914522bf44],110CM,15855783,186,15850250NBR3282881,25/06/2026,10/08/2026,13,27/07/2026,900518,,953912f3-2791-4a5a-ad86-e5914522bf44,NIKE,134815,,
DASS SEST714012495898115CM1585578315850249NBR328288120260625-1,OK,DASS SEST,7,140124,1424204,95898,ATAC. MR110022 7MM RECICLADO COR 6222/PET / COR 4259/PET [a3f3e194-17c1-42a8-9f0d-f03930471dfc],115CM,15855783,608,15850249NBR3282881,25/06/2026,10/08/2026,13,27/07/2026,900519,,a3f3e194-17c1-42a8-9f0d-f03930471dfc,NIKE,134815,,
DASS SEST714012495898115CM1585578315850250NBR328288120260625-1,OK,DASS SEST,7,140124,1424204,95898,ATAC. MR110022 7MM RECICLADO COR 6222/PET / COR 4259/PET [2bf7d1d9-8f35-402f-8b26-ec39013e0ab8],115CM,15855783,606,15850250NBR3282881,25/06/2026,10/08/2026,13,27/07/2026,900520,,2bf7d1d9-8f35-402f-8b26-ec39013e0ab8,NIKE,134815,,
DASS SEST714012495898120CM1585578315850249NBR328288120260625-1,OK,DASS SEST,7,140124,1424204,95898,ATAC. MR110022 7MM RECICLADO COR 6222/PET / COR 4259/PET [698878bd-5095-4684-a775-93871040e4c7],120CM,15855783,120,15850249NBR3282881,25/06/2026,10/08/2026,13,27/07/2026,900521,,698878bd-5095-4684-a775-93871040e4c7,NIKE,134815,,
DASS SEST714012495898120CM1585578315850250NBR328288120260625-1,OK,DASS SEST,7,140124,1424204,95898,ATAC. MR110022 7MM RECICLADO COR 6222/PET / COR 4259/PET [1db93365-0871-4de5-9b1e-e43a428664d9],120CM,15855783,138,15850250NBR3282881,25/06/2026,10/08/2026,13,27/07/2026,900522,,1db93365-0871-4de5-9b1e-e43a428664d9,NIKE,134815,,
DASS SEST714012495899110CM1585578315850254NBR328286420260625-1,OK,DASS SEST,7,140124,1424203,95899,ATAC. MR110022 7MM RECICLADO COR 4085/PET / COR 422/PET [d572fb3a-aaf4-47b6-8cba-794498ad7a6e],110CM,15855783,986,15850254NBR3282864,25/06/2026,10/08/2026,13,27/07/2026,900523,,d572fb3a-aaf4-47b6-8cba-794498ad7a6e,NIKE,134815,,
DASS SEST714012495899115CM1585578315850254NBR328286420260625-1,OK,DASS SEST,7,140124,1424203,95899,ATAC. MR110022 7MM RECICLADO COR 4085/PET / COR 422/PET [95e99deb-c608-4ddd-bc61-4ad8f0566e1e],115CM,15855783,30,15850254NBR3282864,25/06/2026,10/08/2026,13,27/07/2026,900524,,95e99deb-c608-4ddd-bc61-4ad8f0566e1e,NIKE,134815,,
DASS SEST714012495900110CM1585578315850245NBR328285220260625-1,OK,DASS SEST,7,140124,1424205,95900,ATAC. MR110022 7MM RECICLADO COR 057/PET / COR 5946/PET [bba03cbd-659e-4543-b4fe-17d27aba10ff],110CM,15855783,216,15850245NBR3282852,25/06/2026,10/08/2026,13,27/07/2026,900525,,bba03cbd-659e-4543-b4fe-17d27aba10ff,NIKE,134815,,
DASS SEST714012495900110CM1585578315850246NBR328285220260625-1,OK,DASS SEST,7,140124,1424205,95900,ATAC. MR110022 7MM RECICLADO COR 057/PET / COR 5946/PET [160e5e8a-7c9a-4bc7-adb7-30033cd790aa],110CM,15855783,228,15850246NBR3282852,25/06/2026,10/08/2026,13,27/07/2026,900526,,160e5e8a-7c9a-4bc7-adb7-30033cd790aa,NIKE,134815,,
DASS SEST714012495900115CM1585578315850245NBR328285220260625-1,OK,DASS SEST,7,140124,1424205,95900,ATAC. MR110022 7MM RECICLADO COR 057/PET / COR 5946/PET [cb686345-9afc-4f98-b6b4-3e60017db40c],115CM,15855783,741,15850245NBR3282852,25/06/2026,10/08/2026,13,27/07/2026,900527,,cb686345-9afc-4f98-b6b4-3e60017db40c,NIKE,134815,,
DASS SEST714012495900115CM1585578315850246NBR328285220260625-1,OK,DASS SEST,7,140124,1424205,95900,ATAC. MR110022 7MM RECICLADO COR 057/PET / COR 5946/PET [ed01341e-56b8-4b9b-95a2-71c286db99ed],115CM,15855783,744,15850246NBR3282852,25/06/2026,10/08/2026,13,27/07/2026,900528,,ed01341e-56b8-4b9b-95a2-71c286db99ed,NIKE,134815,,
DASS SEST714012495900120CM1585578315850245NBR328285220260625-1,OK,DASS SEST,7,140124,1424205,95900,ATAC. MR110022 7MM RECICLADO COR 057/PET / COR 5946/PET [9b7c9724-a05a-4a41-a254-1d3fe52ee066],120CM,15855783,144,15850245NBR3282852,25/06/2026,10/08/2026,13,27/07/2026,900529,,9b7c9724-a05a-4a41-a254-1d3fe52ee066,NIKE,134815,,
DASS SEST714012495900120CM1585578315850246NBR328285220260625-1,OK,DASS SEST,7,140124,1424205,95900,ATAC. MR110022 7MM RECICLADO COR 057/PET / COR 5946/PET [475106bf-0306-4d3a-8f00-3209e32dabd4],120CM,15855783,150,15850246NBR3282852,25/06/2026,10/08/2026,13,27/07/2026,900530,,475106bf-0306-4d3a-8f00-3209e32dabd4,NIKE,134815,,
DASS SEST714012582628100CM1585915115858549NBR328292420260625-1,OK,DASS SEST,7,140125,1188919,82628,ATAC. MR140014 6MM RECICLADO COR 4085/PET [dad8dfe2-e638-4e9c-ad86-bd1fdf6966da],100CM,15859151,240,15858549NBR3282924,25/06/2026,10/08/2026,13,27/07/2026,900531,,dad8dfe2-e638-4e9c-ad86-bd1fdf6966da,NIKE,134816,,
DASS SEST714012582628100CM1585915115858551NBR328292420260625-1,OK,DASS SEST,7,140125,1188919,82628,ATAC. MR140014 6MM RECICLADO COR 4085/PET [08454ecd-39c9-48eb-b960-b84020b79abc],100CM,15859151,270,15858551NBR3282924,25/06/2026,10/08/2026,13,27/07/2026,900532,,08454ecd-39c9-48eb-b960-b84020b79abc,NIKE,134816,,
DASS SEST714012582628100CM1585915115858552NBR328293020260625-1,OK,DASS SEST,7,140125,1188919,82628,ATAC. MR140014 6MM RECICLADO COR 4085/PET [60416d2d-db49-4374-ae85-76f104d4b14d],100CM,15859151,240,15858552NBR3282930,25/06/2026,10/08/2026,13,27/07/2026,900533,,60416d2d-db49-4374-ae85-76f104d4b14d,NIKE,134816,,
DASS SEST714012582628100CM1585915115858553NBR328293020260625-1,OK,DASS SEST,7,140125,1188919,82628,ATAC. MR140014 6MM RECICLADO COR 4085/PET [e6b311a1-9b2b-4a77-92d7-f794c67a1090],100CM,15859151,270,15858553NBR3282930,25/06/2026,10/08/2026,13,27/07/2026,900534,,e6b311a1-9b2b-4a77-92d7-f794c67a1090,NIKE,134816,,
DASS SEST714012582628100CM1585915115858554NBR328293420260625-1,OK,DASS SEST,7,140125,1188919,82628,ATAC. MR140014 6MM RECICLADO COR 4085/PET [810780f3-7b95-43ee-b0be-128c62ab9d0b],100CM,15859151,240,15858554NBR3282934,25/06/2026,10/08/2026,13,27/07/2026,900535,,810780f3-7b95-43ee-b0be-128c62ab9d0b,NIKE,134816,,
DASS SEST714012582628100CM1585915115858555NBR328293420260625-1,OK,DASS SEST,7,140125,1188919,82628,ATAC. MR140014 6MM RECICLADO COR 4085/PET [fa7a614c-95a4-422e-a668-78d0c4f67458],100CM,15859151,270,15858555NBR3282934,25/06/2026,10/08/2026,13,27/07/2026,900536,,fa7a614c-95a4-422e-a668-78d0c4f67458,NIKE,134816,,
DASS SEST714012582628105CM1585915115858549NBR328292420260625-1,OK,DASS SEST,7,140125,1188919,82628,ATAC. MR140014 6MM RECICLADO COR 4085/PET [8b272ab7-7e9d-4af5-89bb-3800b90208a3],105CM,15859151,843,15858549NBR3282924,25/06/2026,10/08/2026,13,27/07/2026,900537,,8b272ab7-7e9d-4af5-89bb-3800b90208a3,NIKE,134816,,
DASS SEST714012582628105CM1585915115858551NBR328292420260625-1,OK,DASS SEST,7,140125,1188919,82628,ATAC. MR140014 6MM RECICLADO COR 4085/PET [b55b6d39-17c7-4562-bf29-f3c9ea89a338],105CM,15859151,888,15858551NBR3282924,25/06/2026,10/08/2026,13,27/07/2026,900538,,b55b6d39-17c7-4562-bf29-f3c9ea89a338,NIKE,134816,,
DASS SEST714012582628105CM1585915115858552NBR328293020260625-1,OK,DASS SEST,7,140125,1188919,82628,ATAC. MR140014 6MM RECICLADO COR 4085/PET [0450575e-a59d-489f-8b84-f2bc03323d71],105CM,15859151,855,15858552NBR3282930,25/06/2026,10/08/2026,13,27/07/2026,900539,,0450575e-a59d-489f-8b84-f2bc03323d71,NIKE,134816,,
DASS SEST714012582628105CM1585915115858553NBR328293020260625-1,OK,DASS SEST,7,140125,1188919,82628,ATAC. MR140014 6MM RECICLADO COR 4085/PET [18ce0de8-d19d-408b-9da7-ae5b5bdd7751],105CM,15859151,882,15858553NBR3282930,25/06/2026,10/08/2026,13,27/07/2026,900540,,18ce0de8-d19d-408b-9da7-ae5b5bdd7751,NIKE,134816,,
DASS SEST714012582628105CM1585915115858554NBR328293420260625-1,OK,DASS SEST,7,140125,1188919,82628,ATAC. MR140014 6MM RECICLADO COR 4085/PET [340b4f7f-cba1-47bc-aafa-45ce9d723377],105CM,15859151,843,15858554NBR3282934,25/06/2026,10/08/2026,13,27/07/2026,900541,,340b4f7f-cba1-47bc-aafa-45ce9d723377,NIKE,134816,,
DASS SEST714012582628105CM1585915115858555NBR328293420260625-1,OK,DASS SEST,7,140125,1188919,82628,ATAC. MR140014 6MM RECICLADO COR 4085/PET [ff04b680-e566-42b9-86ae-f27f62701048],105CM,15859151,888,15858555NBR3282934,25/06/2026,10/08/2026,13,27/07/2026,900542,,ff04b680-e566-42b9-86ae-f27f62701048,NIKE,134816,,
DASS SEST714012582628110CM1585915115858549NBR328292420260625-1,OK,DASS SEST,7,140125,1188919,82628,ATAC. MR140014 6MM RECICLADO COR 4085/PET [d6417fab-8b05-455a-b001-3d485a60601e],110CM,15859151,24,15858549NBR3282924,25/06/2026,10/08/2026,13,27/07/2026,900543,,d6417fab-8b05-455a-b001-3d485a60601e,NIKE,134816,,
DASS SEST714012582628110CM1585915115858552NBR328293020260625-1,OK,DASS SEST,7,140125,1188919,82628,ATAC. MR140014 6MM RECICLADO COR 4085/PET [80f03033-2e26-4fe0-b566-e717535c28ff],110CM,15859151,24,15858552NBR3282930,25/06/2026,10/08/2026,13,27/07/2026,900544,,80f03033-2e26-4fe0-b566-e717535c28ff,NIKE,134816,,
DASS SEST714012582628110CM1585915115858554NBR328293420260625-1,OK,DASS SEST,7,140125,1188919,82628,ATAC. MR140014 6MM RECICLADO COR 4085/PET [feff31e4-b345-438e-adac-da412cf3caaf],110CM,15859151,24,15858554NBR3282934,25/06/2026,10/08/2026,13,27/07/2026,900545,,feff31e4-b345-438e-adac-da412cf3caaf,NIKE,134816,,
DASS SEST714012588695105CM1585915115856856NBR328285620260625-1,OK,DASS SEST,7,140125,1301800,88695,ATAC. MR130027 6MM RECICLADO COR 4662/PET [5ef7f1a3-f478-4ea0-9863-eed8a4873b8d],105CM,15859151,450,15856856NBR3282856,25/06/2026,10/08/2026,13,27/07/2026,900546,,5ef7f1a3-f478-4ea0-9863-eed8a4873b8d,NIKE,134816,,
DASS SEST714012588695110CM1585915115856856NBR328285620260625-1,OK,DASS SEST,7,140125,1301800,88695,ATAC. MR130027 6MM RECICLADO COR 4662/PET [259aafcc-3164-481c-aa43-0a95c7fbf7e6],110CM,15859151,542,15856856NBR3282856,25/06/2026,10/08/2026,13,27/07/2026,900547,,259aafcc-3164-481c-aa43-0a95c7fbf7e6,NIKE,134816,,
DASS SEST714012588695115CM1585915115856856NBR328285620260625-1,OK,DASS SEST,7,140125,1301800,88695,ATAC. MR130027 6MM RECICLADO COR 4662/PET [b68e0875-bf28-406d-87a7-4920d91e9580],115CM,15859151,18,15856856NBR3282856,25/06/2026,10/08/2026,13,27/07/2026,900548,,b68e0875-bf28-406d-87a7-4920d91e9580,NIKE,134816,,
DASS SEST714012593450110CM1585915115856849NBR328293720260625-1,OK,DASS SEST,7,140125,1409834,93450,ATAC. MR130027 6MM RECICLADO COR 057/PET [e9cf2811-03e2-4938-882f-53216ceaaf7f],110CM,15859151,132,15856849NBR3282937,25/06/2026,10/08/2026,13,27/07/2026,900549,,e9cf2811-03e2-4938-882f-53216ceaaf7f,NIKE,134816,,
DASS SEST714012593450110CM1585915115856850NBR328293720260625-1,OK,DASS SEST,7,140125,1409834,93450,ATAC. MR130027 6MM RECICLADO COR 057/PET [93ab3f08-6913-40e1-a0ba-71ec06e0393f],110CM,15859151,138,15856850NBR3282937,25/06/2026,10/08/2026,13,27/07/2026,900550,,93ab3f08-6913-40e1-a0ba-71ec06e0393f,NIKE,134816,,
DASS SEST714012593450110CM1585915115856851NBR328293720260625-1,OK,DASS SEST,7,140125,1409834,93450,ATAC. MR130027 6MM RECICLADO COR 057/PET [855ec36d-734c-4b56-9dca-a53c3e4bd3cc],110CM,15859151,132,15856851NBR3282937,25/06/2026,10/08/2026,13,27/07/2026,900551,,855ec36d-734c-4b56-9dca-a53c3e4bd3cc,NIKE,134816,,
DASS SEST714012593450115CM1585915115856849NBR328293720260625-1,OK,DASS SEST,7,140125,1409834,93450,ATAC. MR130027 6MM RECICLADO COR 057/PET [fa24e138-3915-4214-bb84-ebc62ae2f0d6],115CM,15859151,759,15856849NBR3282937,25/06/2026,10/08/2026,13,27/07/2026,900552,,fa24e138-3915-4214-bb84-ebc62ae2f0d6,NIKE,134816,,
DASS SEST714012593450115CM1585915115856850NBR328293720260625-1,OK,DASS SEST,7,140125,1409834,93450,ATAC. MR130027 6MM RECICLADO COR 057/PET [1b69cfae-3358-4192-bfe3-4982acefddcc],115CM,15859151,564,15856850NBR3282937,25/06/2026,10/08/2026,13,27/07/2026,900553,,1b69cfae-3358-4192-bfe3-4982acefddcc,NIKE,134816,,
DASS SEST714012593450115CM1585915115856851NBR328293720260625-1,OK,DASS SEST,7,140125,1409834,93450,ATAC. MR130027 6MM RECICLADO COR 057/PET [1ff89529-177d-487c-b023-13c30413ab56],115CM,15859151,396,15856851NBR3282937,25/06/2026,10/08/2026,13,27/07/2026,900554,,1ff89529-177d-487c-b023-13c30413ab56,NIKE,134816,,
DASS SEST714012593450120CM1585915115856849NBR328293720260625-1,OK,DASS SEST,7,140125,1409834,93450,ATAC. MR130027 6MM RECICLADO COR 057/PET [0b5cdc4d-d38f-4bcd-90d2-8e31365d9fcd],120CM,15859151,156,15856849NBR3282937,25/06/2026,10/08/2026,13,27/07/2026,900555,,0b5cdc4d-d38f-4bcd-90d2-8e31365d9fcd,NIKE,134816,,
DASS SEST714012593450120CM1585915115856850NBR328293720260625-1,OK,DASS SEST,7,140125,1409834,93450,ATAC. MR130027 6MM RECICLADO COR 057/PET [c97f9841-5d87-4506-8f25-6dbaf813f54d],120CM,15859151,156,15856850NBR3282937,25/06/2026,10/08/2026,13,27/07/2026,900556,,c97f9841-5d87-4506-8f25-6dbaf813f54d,NIKE,134816,,
DASS SEST714012593450120CM1585915115856851NBR328293720260625-1,OK,DASS SEST,7,140125,1409834,93450,ATAC. MR130027 6MM RECICLADO COR 057/PET [f1d0bd0a-73a3-4536-9293-60400c2df433],120CM,15859151,174,15856851NBR3282937,25/06/2026,10/08/2026,13,27/07/2026,900557,,f1d0bd0a-73a3-4536-9293-60400c2df433,NIKE,134816,,
DASS SEST714012595893110CM1585915115856847NBR328288320260625-1,OK,DASS SEST,7,140125,1426514,95893,ATAC. MR130027 6MM RECICLADO COR 6249/PET [b77efa6a-1893-428d-862a-870f798f7717],110CM,15859151,84,15856847NBR3282883,25/06/2026,10/08/2026,13,27/07/2026,900558,,b77efa6a-1893-428d-862a-870f798f7717,NIKE,134816,,
DASS SEST714012595893110CM1585915115856848NBR328288320260625-1,OK,DASS SEST,7,140125,1426514,95893,ATAC. MR130027 6MM RECICLADO COR 6249/PET [ab4b7800-4a9b-4726-b92a-dd581027e860],110CM,15859151,96,15856848NBR3282883,25/06/2026,10/08/2026,13,27/07/2026,900559,,ab4b7800-4a9b-4726-b92a-dd581027e860,NIKE,134816,,
DASS SEST714012595893115CM1585915115856847NBR328288320260625-1,OK,DASS SEST,7,140125,1426514,95893,ATAC. MR130027 6MM RECICLADO COR 6249/PET [1b83a9da-3158-4502-9a6a-f9fd2a1e8cec],115CM,15859151,452,15856847NBR3282883,25/06/2026,10/08/2026,13,27/07/2026,900560,,1b83a9da-3158-4502-9a6a-f9fd2a1e8cec,NIKE,134816,,
DASS SEST714012595893115CM1585915115856848NBR328288320260625-1,OK,DASS SEST,7,140125,1426514,95893,ATAC. MR130027 6MM RECICLADO COR 6249/PET [fc6ce765-7f4e-4d0e-8275-45c51e34f9ff],115CM,15859151,462,15856848NBR3282883,25/06/2026,10/08/2026,13,27/07/2026,900561,,fc6ce765-7f4e-4d0e-8275-45c51e34f9ff,NIKE,134816,,
DASS SEST714012595893120CM1585915115856847NBR328288320260625-1,OK,DASS SEST,7,140125,1426514,95893,ATAC. MR130027 6MM RECICLADO COR 6249/PET [125234c6-7e0f-43ea-830c-b598304e3eb7],120CM,15859151,144,15856847NBR3282883,25/06/2026,10/08/2026,13,27/07/2026,900562,,125234c6-7e0f-43ea-830c-b598304e3eb7,NIKE,134816,,
DASS SEST714012595893120CM1585915115856848NBR328288320260625-1,OK,DASS SEST,7,140125,1426514,95893,ATAC. MR130027 6MM RECICLADO COR 6249/PET [bc804f93-8477-477c-bf6f-4aeb88056bac],120CM,15859151,156,15856848NBR3282883,25/06/2026,10/08/2026,13,27/07/2026,900563,,bc804f93-8477-477c-bf6f-4aeb88056bac,NIKE,134816,,
DASS SEST714018885472100CM1587266315865492NBR328291620260626-1,OK,DASS SEST,7,140188,1269460,85472,ATAC. MR140014 6MM RECICLADO COR 5481/PET [9dc8ae48-a152-4413-9221-250f24f3444f],100CM,15872663,240,15865492NBR3282916,26/06/2026,10/08/2026,13,27/07/2026,900564,,9dc8ae48-a152-4413-9221-250f24f3444f,NIKE,134938,,
DASS SEST714018885472100CM1587266315865493NBR328291620260626-1,OK,DASS SEST,7,140188,1269460,85472,ATAC. MR140014 6MM RECICLADO COR 5481/PET [25b08469-4059-4955-a25b-91fe3c18837f],100CM,15872663,258,15865493NBR3282916,26/06/2026,10/08/2026,13,27/07/2026,900565,,25b08469-4059-4955-a25b-91fe3c18837f,NIKE,134938,,
DASS SEST714018885472100CM1587266315865494NBR328292720260626-1,OK,DASS SEST,7,140188,1269460,85472,ATAC. MR140014 6MM RECICLADO COR 5481/PET [c54a77a3-ee2e-4c12-a61f-71403232d3ba],100CM,15872663,240,15865494NBR3282927,26/06/2026,10/08/2026,13,27/07/2026,900566,,c54a77a3-ee2e-4c12-a61f-71403232d3ba,NIKE,134938,,
DASS SEST714018885472100CM1587266315865495NBR328292720260626-1,OK,DASS SEST,7,140188,1269460,85472,ATAC. MR140014 6MM RECICLADO COR 5481/PET [7cb73f60-3dc5-429d-b52e-bc8e7bd55c52],100CM,15872663,258,15865495NBR3282927,26/06/2026,10/08/2026,13,27/07/2026,900567,,7cb73f60-3dc5-429d-b52e-bc8e7bd55c52,NIKE,134938,,
DASS SEST714018885472100CM1587266315865496NBR328293220260626-1,OK,DASS SEST,7,140188,1269460,85472,ATAC. MR140014 6MM RECICLADO COR 5481/PET [8b656a61-24ba-4998-9638-65c7098c996b],100CM,15872663,240,15865496NBR3282932,26/06/2026,10/08/2026,13,27/07/2026,900568,,8b656a61-24ba-4998-9638-65c7098c996b,NIKE,134938,,
DASS SEST714018885472100CM1587266315865497NBR328293220260626-1,OK,DASS SEST,7,140188,1269460,85472,ATAC. MR140014 6MM RECICLADO COR 5481/PET [3196efbd-3aa8-4b99-8fe0-1db26f3f5106],100CM,15872663,258,15865497NBR3282932,26/06/2026,10/08/2026,13,27/07/2026,900569,,3196efbd-3aa8-4b99-8fe0-1db26f3f5106,NIKE,134938,,
DASS SEST714018885472105CM1587266315865492NBR328291620260626-1,OK,DASS SEST,7,140188,1269460,85472,ATAC. MR140014 6MM RECICLADO COR 5481/PET [2dcd3389-21c0-45eb-8607-eaeaec067f32],105CM,15872663,843,15865492NBR3282916,26/06/2026,10/08/2026,13,27/07/2026,900570,,2dcd3389-21c0-45eb-8607-eaeaec067f32,NIKE,134938,,
DASS SEST714018885472105CM1587266315865493NBR328291620260626-1,OK,DASS SEST,7,140188,1269460,85472,ATAC. MR140014 6MM RECICLADO COR 5481/PET [54bb0f9c-b41c-4615-8383-1ff49a450499],105CM,15872663,870,15865493NBR3282916,26/06/2026,10/08/2026,13,27/07/2026,900571,,54bb0f9c-b41c-4615-8383-1ff49a450499,NIKE,134938,,
DASS SEST714018885472105CM1587266315865494NBR328292720260626-1,OK,DASS SEST,7,140188,1269460,85472,ATAC. MR140014 6MM RECICLADO COR 5481/PET [d62c8357-309e-4bd8-891d-dcaf9f9a06d6],105CM,15872663,843,15865494NBR3282927,26/06/2026,10/08/2026,13,27/07/2026,900572,,d62c8357-309e-4bd8-891d-dcaf9f9a06d6,NIKE,134938,,
DASS SEST714018885472105CM1587266315865495NBR328292720260626-1,OK,DASS SEST,7,140188,1269460,85472,ATAC. MR140014 6MM RECICLADO COR 5481/PET [8ba27cef-7151-4248-a68a-24cb7a526ea0],105CM,15872663,870,15865495NBR3282927,26/06/2026,10/08/2026,13,27/07/2026,900573,,8ba27cef-7151-4248-a68a-24cb7a526ea0,NIKE,134938,,
DASS SEST714018885472105CM1587266315865496NBR328293220260626-1,OK,DASS SEST,7,140188,1269460,85472,ATAC. MR140014 6MM RECICLADO COR 5481/PET [73670743-005c-476f-a5ce-292cb1d35e0a],105CM,15872663,831,15865496NBR3282932,26/06/2026,10/08/2026,13,27/07/2026,900574,,73670743-005c-476f-a5ce-292cb1d35e0a,NIKE,134938,,
DASS SEST714018885472105CM1587266315865497NBR328293220260626-1,OK,DASS SEST,7,140188,1269460,85472,ATAC. MR140014 6MM RECICLADO COR 5481/PET [c759b709-cd94-470d-be1e-b9da6077f8c2],105CM,15872663,876,15865497NBR3282932,26/06/2026,10/08/2026,13,27/07/2026,900575,,c759b709-cd94-470d-be1e-b9da6077f8c2,NIKE,134938,,
DASS SEST714018885472110CM1587266315865492NBR328291620260626-1,OK,DASS SEST,7,140188,1269460,85472,ATAC. MR140014 6MM RECICLADO COR 5481/PET [9fbf17b7-cef1-4bee-8f1c-5bd241cb52b8],110CM,15872663,18,15865492NBR3282916,26/06/2026,10/08/2026,13,27/07/2026,900576,,9fbf17b7-cef1-4bee-8f1c-5bd241cb52b8,NIKE,134938,,
DASS SEST714018885472110CM1587266315865493NBR328291620260626-1,OK,DASS SEST,7,140188,1269460,85472,ATAC. MR140014 6MM RECICLADO COR 5481/PET [dbdc8ebc-3052-4d01-96d9-bf1f4f18c32f],110CM,15872663,12,15865493NBR3282916,26/06/2026,10/08/2026,13,27/07/2026,900577,,dbdc8ebc-3052-4d01-96d9-bf1f4f18c32f,NIKE,134938,,
DASS SEST714018885472110CM1587266315865494NBR328292720260626-1,OK,DASS SEST,7,140188,1269460,85472,ATAC. MR140014 6MM RECICLADO COR 5481/PET [f962b001-8a03-48b5-848d-b91916d97575],110CM,15872663,18,15865494NBR3282927,26/06/2026,10/08/2026,13,27/07/2026,900578,,f962b001-8a03-48b5-848d-b91916d97575,NIKE,134938,,
DASS SEST714018885472110CM1587266315865495NBR328292720260626-1,OK,DASS SEST,7,140188,1269460,85472,ATAC. MR140014 6MM RECICLADO COR 5481/PET [55e0ce37-add7-4ef9-83a0-ed46c8a180ec],110CM,15872663,12,15865495NBR3282927,26/06/2026,10/08/2026,13,27/07/2026,900579,,55e0ce37-add7-4ef9-83a0-ed46c8a180ec,NIKE,134938,,
DASS SEST714018885472110CM1587266315865496NBR328293220260626-1,OK,DASS SEST,7,140188,1269460,85472,ATAC. MR140014 6MM RECICLADO COR 5481/PET [8b8a823a-949c-4518-b793-b44c5be7a5c5],110CM,15872663,18,15865496NBR3282932,26/06/2026,10/08/2026,13,27/07/2026,900580,,8b8a823a-949c-4518-b793-b44c5be7a5c5,NIKE,134938,,
DASS SEST714018885472110CM1587266315865497NBR328293220260626-1,OK,DASS SEST,7,140188,1269460,85472,ATAC. MR140014 6MM RECICLADO COR 5481/PET [0e6f1f07-a7fa-4885-9b2e-8749ce49054a],110CM,15872663,12,15865497NBR3282932,26/06/2026,10/08/2026,13,27/07/2026,900581,,0e6f1f07-a7fa-4885-9b2e-8749ce49054a,NIKE,134938,,
DASS SEST714028695945100CM1587480715865474NBR328292520260630-1,OK,DASS SEST,7,140286,1454466,95945,ATAC. MR140014 6MM RECICLADO COR 6248/PET [b5ec9858-f291-4431-bae9-e676d8eea80d],100CM,15874807,516,15865474NBR3282925,30/06/2026,10/08/2026,13,27/07/2026,900582,,b5ec9858-f291-4431-bae9-e676d8eea80d,NIKE,135008,,
DASS SEST714028695945105CM1587480715865474NBR328292520260630-1,OK,DASS SEST,7,140286,1454466,95945,ATAC. MR140014 6MM RECICLADO COR 6248/PET [600b3ac3-e643-471b-a575-86a5b23ff6e0],105CM,15874807,1665,15865474NBR3282925,30/06/2026,10/08/2026,13,27/07/2026,900583,,600b3ac3-e643-471b-a575-86a5b23ff6e0,NIKE,135008,,
DASS SEST714028695945110CM1587480715865474NBR328292520260630-1,OK,DASS SEST,7,140286,1454466,95945,ATAC. MR140014 6MM RECICLADO COR 6248/PET [7dba6926-4480-4995-b2db-76ea81bc9735],110CM,15874807,30,15865474NBR3282925,30/06/2026,10/08/2026,13,27/07/2026,900584,,7dba6926-4480-4995-b2db-76ea81bc9735,NIKE,135008,,
DASS SEST7140569713768MM1590102520260707-1,OK,DASS SEST,7,140569,112354,71376,FITA MFGP C/ GOMA POLIESTER COR 102 [5aae47c2-b664-4823-81f8-57a6775a7bf5],8MM,15901025,110,0,07/07/2026,10/08/2026,13,27/07/2026,900585,,5aae47c2-b664-4823-81f8-57a6775a7bf5,FILA,135277,,
DASS SEST71405697137610MM1590102520260707-1,OK,DASS SEST,7,140569,816595,71376,FITA MFGP C/ GOMA POLIESTER COR 102 [e4c50c50-8a58-49bd-8436-2214bb593cab],10MM,15901025,40,0,07/07/2026,10/08/2026,13,27/07/2026,900586,,e4c50c50-8a58-49bd-8436-2214bb593cab,FILA,135277,,
DASS SEST7140569857898MM1590102520260707-1,OK,DASS SEST,7,140569,1287881,85789,FITA MFGP C/ GOMA POLIESTER COR 5508 [67b44dd5-7f13-4250-9e60-28d9a50603a2],8MM,15901025,50,0,07/07/2026,10/08/2026,13,27/07/2026,900587,,67b44dd5-7f13-4250-9e60-28d9a50603a2,FILA,135277,,
DASS SEST71405698578910MM1590102520260707-1,OK,DASS SEST,7,140569,1264051,85789,FITA MFGP C/ GOMA POLIESTER COR 5508 [97566d75-7708-4372-aec0-fb4b9bebbf25],10MM,15901025,30,0,07/07/2026,10/08/2026,13,27/07/2026,900588,,97566d75-7708-4372-aec0-fb4b9bebbf25,FILA,135277,,
DASS SEST7140569858548MM1590102520260707-1,OK,DASS SEST,7,140569,1269691,85854,FITA MFGP C/ GOMA POLIESTER COR 4039 [a14dd864-a7bc-4a42-b3b1-7e83a1736f60],8MM,15901025,60,0,07/07/2026,10/08/2026,13,27/07/2026,900589,,a14dd864-a7bc-4a42-b3b1-7e83a1736f60,FILA,135277,,
DASS SEST71405698910016MM1590102520260707-1,OK,DASS SEST,7,140569,1294763,89100,FITA M31119 C/ GOMA POLIESTER COR 102 / COR 5535 / COR 5535 [f35c6b94-43fe-4b2f-9ab1-b4fc5099b41d],16MM,15901025,20,0,07/07/2026,10/08/2026,13,27/07/2026,900590,,f35c6b94-43fe-4b2f-9ab1-b4fc5099b41d,FILA,135277,,
DASS SEST71405718907012MM1589991720260707-1,OK,DASS SEST,7,140571,1287984,89070,FITA M41476 C/ GOMA POLIESTER COR 114/ COR 5508 [738df0d7-5cd3-4b5a-a5e5-dece98fd490e],12MM,15899917,70,0,07/07/2026,10/08/2026,13,27/07/2026,900591,,738df0d7-5cd3-4b5a-a5e5-dece98fd490e,FILA,135527,,
DASS SEST71405719047512MM1589991720260707-1,OK,DASS SEST,7,140571,1356824,90475,FITA M41476 C/ GOMA POLIESTER COR 5508 / COR 102 [54a14e89-8e6a-48dc-80c5-f667fc1ebf90],12MM,15899917,160,0,07/07/2026,10/08/2026,13,27/07/2026,900592,,54a14e89-8e6a-48dc-80c5-f667fc1ebf90,FILA,135527,,
DASS SEST71405719248712MM1589991720260707-1,OK,DASS SEST,7,140571,1394708,92487,FITA M41476 C/ GOMA POLIESTER COR 114 / COR 599 [e31cb6d2-9683-4891-9e46-40262e183253],12MM,15899917,150,0,07/07/2026,10/08/2026,13,27/07/2026,900593,,e31cb6d2-9683-4891-9e46-40262e183253,FILA,135527,,
DASS SEST71405719268812MM1589991720260707-1,OK,DASS SEST,7,140571,1394642,92688,FITA M41476 C/ GOMA POLIESTER COR 5512 / COR 5535 [9e82faa7-4961-4d67-8b72-f2193f1fd265],12MM,15899917,80,0,07/07/2026,10/08/2026,13,27/07/2026,900594,,9e82faa7-4961-4d67-8b72-f2193f1fd265,FILA,135527,,
DASS SEST714094093661135CM1594408015941773NBR328328620260717-1,OK,DASS SEST,7,140940,1065806,93661,ATAC. MR110029 RECICLADO COR 4662/PET [9a65838b-7e6b-4da3-b13f-2b665ac34c6c],135CM,15944080,560,15941773NBR3283286,17/07/2026,10/08/2026,13,27/07/2026,900595,,9a65838b-7e6b-4da3-b13f-2b665ac34c6c,NIKE,135627,,
DASS SEST714094093661135CM1594408015941775NBR328328620260717-1,OK,DASS SEST,7,140940,1065806,93661,ATAC. MR110029 RECICLADO COR 4662/PET [bf1ce429-3dba-427b-914b-412709406824],135CM,15944080,588,15941775NBR3283286,17/07/2026,10/08/2026,13,27/07/2026,900596,,bf1ce429-3dba-427b-914b-412709406824,NIKE,135627,,
DASS SEST714094093661140CM1594408015941773NBR328328620260717-1,OK,DASS SEST,7,140940,1065806,93661,ATAC. MR110029 RECICLADO COR 4662/PET [334197fc-b8a3-41d9-aea5-a88cda98def7],140CM,15944080,216,15941773NBR3283286,17/07/2026,10/08/2026,13,27/07/2026,900597,,334197fc-b8a3-41d9-aea5-a88cda98def7,NIKE,135627,,
DASS SEST714094093661140CM1594408015941775NBR328328620260717-1,OK,DASS SEST,7,140940,1065806,93661,ATAC. MR110029 RECICLADO COR 4662/PET [6fa081f5-9008-492b-ae00-46a4db65d170],140CM,15944080,222,15941775NBR3283286,17/07/2026,10/08/2026,13,27/07/2026,900598,,6fa081f5-9008-492b-ae00-46a4db65d170,NIKE,135627,,
DASS SEST714094093696135CM1594408015941766NBR328330320260717-1,OK,DASS SEST,7,140940,1069210,93696,ATAC. MR110029 RECICLADO COR 4085/PET [0c2eea85-b051-4f0d-b784-25c2af090930],135CM,15944080,662,15941766NBR3283303,17/07/2026,10/08/2026,13,27/07/2026,900599,,0c2eea85-b051-4f0d-b784-25c2af090930,NIKE,135627,,
DASS SEST714094093696135CM1594408015941767NBR328330320260717-1,OK,DASS SEST,7,140940,1069210,93696,ATAC. MR110029 RECICLADO COR 4085/PET [cadfd7e9-b7b5-4924-a064-2b28d9580af0],135CM,15944080,690,15941767NBR3283303,17/07/2026,10/08/2026,13,27/07/2026,900600,,cadfd7e9-b7b5-4924-a064-2b28d9580af0,NIKE,135627,,
DASS SEST714094093696135CM1594408015941770NBR328330520260717-1,OK,DASS SEST,7,140940,1069210,93696,ATAC. MR110029 RECICLADO COR 4085/PET [39b1e991-7697-4774-be9a-7f71b38e2dcb],135CM,15944080,662,15941770NBR3283305,17/07/2026,10/08/2026,13,27/07/2026,900601,,39b1e991-7697-4774-be9a-7f71b38e2dcb,NIKE,135627,,
DASS SEST714094093696135CM1594408015941771NBR328330520260717-1,OK,DASS SEST,7,140940,1069210,93696,ATAC. MR110029 RECICLADO COR 4085/PET [85ab2b80-013f-4b5c-aa57-509250b6a041],135CM,15944080,690,15941771NBR3283305,17/07/2026,10/08/2026,13,27/07/2026,900602,,85ab2b80-013f-4b5c-aa57-509250b6a041,NIKE,135627,,
DASS SEST714094093696135CM1594408015941783NBR328330920260717-1,OK,DASS SEST,7,140940,1069210,93696,ATAC. MR110029 RECICLADO COR 4085/PET [eeb0411d-82c9-4dda-bb47-ec7fe98cba87],135CM,15944080,572,15941783NBR3283309,17/07/2026,10/08/2026,13,27/07/2026,900603,,eeb0411d-82c9-4dda-bb47-ec7fe98cba87,NIKE,135627,,
DASS SEST714094093696135CM1594408015941784NBR328330920260717-1,OK,DASS SEST,7,140940,1069210,93696,ATAC. MR110029 RECICLADO COR 4085/PET [d44af5b5-8281-4796-b29d-ec1922931175],135CM,15944080,540,15941784NBR3283309,17/07/2026,10/08/2026,13,27/07/2026,900604,,d44af5b5-8281-4796-b29d-ec1922931175,NIKE,135627,,
DASS SEST714094093696140CM1594408015941766NBR328330320260717-1,OK,DASS SEST,7,140940,1069210,93696,ATAC. MR110029 RECICLADO COR 4085/PET [87097478-3f30-48ee-af4e-11aac35afb06],140CM,15944080,156,15941766NBR3283303,17/07/2026,10/08/2026,13,27/07/2026,900605,,87097478-3f30-48ee-af4e-11aac35afb06,NIKE,135627,,
DASS SEST714094093696140CM1594408015941767NBR328330320260717-1,OK,DASS SEST,7,140940,1069210,93696,ATAC. MR110029 RECICLADO COR 4085/PET [340a7358-d31e-48dd-a37a-af56907bed6c],140CM,15944080,168,15941767NBR3283303,17/07/2026,10/08/2026,13,27/07/2026,900606,,340a7358-d31e-48dd-a37a-af56907bed6c,NIKE,135627,,
DASS SEST714094093696140CM1594408015941770NBR328330520260717-1,OK,DASS SEST,7,140940,1069210,93696,ATAC. MR110029 RECICLADO COR 4085/PET [3c103e04-d0b7-4029-8eb4-b787ea8a0005],140CM,15944080,156,15941770NBR3283305,17/07/2026,10/08/2026,13,27/07/2026,900607,,3c103e04-d0b7-4029-8eb4-b787ea8a0005,NIKE,135627,,
DASS SEST714094093696140CM1594408015941771NBR328330520260717-1,OK,DASS SEST,7,140940,1069210,93696,ATAC. MR110029 RECICLADO COR 4085/PET [0b55dda9-3dad-4fdf-856f-243097d5b123],140CM,15944080,168,15941771NBR3283305,17/07/2026,10/08/2026,13,27/07/2026,900608,,0b55dda9-3dad-4fdf-856f-243097d5b123,NIKE,135627,,
DASS SEST714094093696140CM1594408015941783NBR328330920260717-1,OK,DASS SEST,7,140940,1069210,93696,ATAC. MR110029 RECICLADO COR 4085/PET [6c2300e1-2ce0-4e4b-8a47-409456476616],140CM,15944080,228,15941783NBR3283309,17/07/2026,10/08/2026,13,27/07/2026,900609,,6c2300e1-2ce0-4e4b-8a47-409456476616,NIKE,135627,,
DASS SEST714094093696140CM1594408015941784NBR328330920260717-1,OK,DASS SEST,7,140940,1069210,93696,ATAC. MR110029 RECICLADO COR 4085/PET [73b46d20-1cad-458a-ba19-cbce8e094396],140CM,15944080,264,15941784NBR3283309,17/07/2026,10/08/2026,13,27/07/2026,900610,,73b46d20-1cad-458a-ba19-cbce8e094396,NIKE,135627,,
DASS SEST71409777423610MM1595174920260720-1,OK,DASS SEST,7,140977,1065276,74236,FITA MR100001 C/ GOMA RECICLADO COR 4662/PET [1c656369-0b0b-4253-8ca8-28085eb3a5b3],10MM,15951749,560,0,20/07/2026,10/08/2026,13,27/07/2026,900611,,1c656369-0b0b-4253-8ca8-28085eb3a5b3,NIKE,135664,,
DASS SEST71409787400510MM1595176020260720-1,OK,DASS SEST,7,140978,1074423,74005,FITA MFGP C/ GOMA POLIESTER COR 4699 [e09b1893-7ade-456f-8613-5d8b85d5ffd3],10MM,15951760,70,0,20/07/2026,10/08/2026,13,27/07/2026,900612,,e09b1893-7ade-456f-8613-5d8b85d5ffd3,NIKE,135665,,
DASS SEST71409787401410MM1595176020260720-1,OK,DASS SEST,7,140978,965421,74014,FITA MFGP C/ GOMA POLIESTER COR 4085 [4e2a49b5-0570-43d9-a9ab-efd605ccad84],10MM,15951760,70,0,20/07/2026,10/08/2026,13,27/07/2026,900613,,4e2a49b5-0570-43d9-a9ab-efd605ccad84,NIKE,135665,,
DASS SEST71409789153510MM1595176020260720-1,OK,DASS SEST,7,140978,1341133,91535,FITA MFGP C/ GOMA POLIESTER COR 5149 [e3bf2170-61c2-4127-9dcf-c22679a079c2],10MM,15951760,130,0,20/07/2026,10/08/2026,13,27/07/2026,900614,,e3bf2170-61c2-4127-9dcf-c22679a079c2,NIKE,135665,,
DASS SEST71411009093212MM1596357420260723-1,OK,DASS SEST,7,141100,1356830,90932,FITA M41476 C/ GOMA POLIESTER COR 5855 / COR 114 [bf66e184-3fd6-4548-beb5-b6f4cac458a4],12MM,15963574,10,0,23/07/2026,10/08/2026,13,27/07/2026,900615,,bf66e184-3fd6-4548-beb5-b6f4cac458a4,FILA,135790,,NORMAL
DASS SEST71411009261916MM1596357420260723-1,OK,DASS SEST,7,141100,1358279,92619,FITA M31119 C/ GOMA POLIESTER COR 5508 / COR 102 / COR 102 [1238380c-844c-434c-ae53-f237647acbf9],16MM,15963574,240,0,23/07/2026,10/08/2026,13,27/07/2026,900616,,1238380c-844c-434c-ae53-f237647acbf9,FILA,135790,,NORMAL
DASS ITABERABA701398877016412MM1584415420260619-1,OK,DASS ITABERABA,70,139887,898941,70164,FITA MFGP C/ GOMA POLIESTER COR 100 [56f3bb8a-46b6-4950-9873-1d7cceb5da76],12MM,15844154,240,0,19/06/2026,10/08/2026,13,27/07/2026,900617,,56f3bb8a-46b6-4950-9873-1d7cceb5da76,FILA,134569,,
DASS ITABERABA701399198599712MM1584913520260622-1,OK,DASS ITABERABA,70,139919,1273335,85997,FITA MFGP C/ GOMA POLIESTER COR 5507 [99bb3293-1d09-48ff-9920-d357c58f014e],12MM,15849135,350,0,22/06/2026,10/08/2026,13,27/07/2026,900618,,99bb3293-1d09-48ff-9920-d357c58f014e,FILA,134595,,
DASS ITABERABA701399198629812MM1584913520260622-1,OK,DASS ITABERABA,70,139919,1411787,86298,FITA MFGP C/ GOMA POLIESTER COR 486 [7d91ad4f-e2bf-4aaa-a58a-50739cfa3227],12MM,15849135,230,0,22/06/2026,10/08/2026,13,27/07/2026,900619,,7d91ad4f-e2bf-4aaa-a58a-50739cfa3227,FILA,134595,,
DASS ITABERABA701405127559390CM1589571115889212BRITB0054420260706-1,OK,DASS ITABERABA,70,140512,1179318,75593,ATAC. M13725 6MM POLIESTER COR 057 [dedd0f2b-c823-4c20-a0aa-b23925453971],90CM,15895711,336,15889212BRITB00544,06/07/2026,10/08/2026,13,27/07/2026,900620,,dedd0f2b-c823-4c20-a0aa-b23925453971,FILA,135189,,
DASS ITABERABA701405127559390CM1589571115889213BRITB0054420260706-1,OK,DASS ITABERABA,70,140512,1179318,75593,ATAC. M13725 6MM POLIESTER COR 057 [02ac2c55-7a8e-46f1-aa4c-907eb1d766b1],90CM,15895711,312,15889213BRITB00544,06/07/2026,10/08/2026,13,27/07/2026,900621,,02ac2c55-7a8e-46f1-aa4c-907eb1d766b1,FILA,135189,,
DASS ITABERABA7014051275593100CM1589571115889212BRITB0054420260706-1,OK,DASS ITABERABA,70,140512,1179318,75593,ATAC. M13725 6MM POLIESTER COR 057 [db227d98-e1ab-4e8c-b7d1-e5bceb67bd9a],100CM,15895711,492,15889212BRITB00544,06/07/2026,10/08/2026,13,27/07/2026,900622,,db227d98-e1ab-4e8c-b7d1-e5bceb67bd9a,FILA,135189,,
DASS ITABERABA7014051275593100CM1589571115889213BRITB0054420260706-1,OK,DASS ITABERABA,70,140512,1179318,75593,ATAC. M13725 6MM POLIESTER COR 057 [f1305bb1-de4b-4c7f-9585-c9c14474e054],100CM,15895711,492,15889213BRITB00544,06/07/2026,10/08/2026,13,27/07/2026,900623,,f1305bb1-de4b-4c7f-9585-c9c14474e054,FILA,135189,,
DASS ITABERABA7014051276524100CM1589571115889202BRITB0054320260706-1,OK,DASS ITABERABA,70,140512,816378,76524,ATAC. M13725 6MM POLIESTER COR 263 [b2dcfbb8-0a57-44dd-8f0f-151f83faa9df],100CM,15895711,396,15889202BRITB00543,06/07/2026,10/08/2026,13,27/07/2026,900624,,b2dcfbb8-0a57-44dd-8f0f-151f83faa9df,FILA,135189,,
DASS ITABERABA7014051276524100CM1589571115889203BRITB0054320260706-1,OK,DASS ITABERABA,70,140512,816378,76524,ATAC. M13725 6MM POLIESTER COR 263 [cd8bf968-c427-4773-a284-4a0f0800ba27],100CM,15895711,420,15889203BRITB00543,06/07/2026,10/08/2026,13,27/07/2026,900625,,cd8bf968-c427-4773-a284-4a0f0800ba27,FILA,135189,,
DASS ITABERABA7014051276524100CM1589571115889204BRITB0054320260706-1,OK,DASS ITABERABA,70,140512,816378,76524,ATAC. M13725 6MM POLIESTER COR 263 [712bb4b6-ab4e-4cb7-bc6d-087395c36624],100CM,15895711,348,15889204BRITB00543,06/07/2026,10/08/2026,13,27/07/2026,900626,,712bb4b6-ab4e-4cb7-bc6d-087395c36624,FILA,135189,,
DASS ITABERABA7014051276524100CM1589571115889205BRITB0054320260706-1,OK,DASS ITABERABA,70,140512,816378,76524,ATAC. M13725 6MM POLIESTER COR 263 [5156622c-73d6-4b8f-bde6-aa58c4a30fb2],100CM,15895711,348,15889205BRITB00543,06/07/2026,10/08/2026,13,27/07/2026,900627,,5156622c-73d6-4b8f-bde6-aa58c4a30fb2,FILA,135189,,
DASS ITABERABA7014051276524100CM1589571115889206BRITB0054420260706-1,OK,DASS ITABERABA,70,140512,816378,76524,ATAC. M13725 6MM POLIESTER COR 263 [18203c7a-0da2-40e6-b154-d8673748f5cd],100CM,15895711,276,15889206BRITB00544,06/07/2026,10/08/2026,13,27/07/2026,900628,,18203c7a-0da2-40e6-b154-d8673748f5cd,FILA,135189,,
DASS ITABERABA7014051276524100CM1589571115889209BRITB0054420260706-1,OK,DASS ITABERABA,70,140512,816378,76524,ATAC. M13725 6MM POLIESTER COR 263 [e84d8a18-4738-41f3-964b-8aa26a7d5127],100CM,15895711,276,15889209BRITB00544,06/07/2026,10/08/2026,13,27/07/2026,900629,,e84d8a18-4738-41f3-964b-8aa26a7d5127,FILA,135189,,
DASS ITABERABA7014051276524110CM1589571115889202BRITB0054320260706-1,OK,DASS ITABERABA,70,140512,816378,76524,ATAC. M13725 6MM POLIESTER COR 263 [fc94785f-1300-4113-808f-5de1a702ac25],110CM,15895711,540,15889202BRITB00543,06/07/2026,10/08/2026,13,27/07/2026,900630,,fc94785f-1300-4113-808f-5de1a702ac25,FILA,135189,,
DASS ITABERABA7014051276524110CM1589571115889203BRITB0054320260706-1,OK,DASS ITABERABA,70,140512,816378,76524,ATAC. M13725 6MM POLIESTER COR 263 [8b7b13fc-e0ea-4af0-ba35-c30fbea3ea4d],110CM,15895711,576,15889203BRITB00543,06/07/2026,10/08/2026,13,27/07/2026,900631,,8b7b13fc-e0ea-4af0-ba35-c30fbea3ea4d,FILA,135189,,
DASS ITABERABA7014051276524110CM1589571115889204BRITB0054320260706-1,OK,DASS ITABERABA,70,140512,816378,76524,ATAC. M13725 6MM POLIESTER COR 263 [88fee4f9-e360-4f9f-af41-27a7deafa7a8],110CM,15895711,504,15889204BRITB00543,06/07/2026,10/08/2026,13,27/07/2026,900632,,88fee4f9-e360-4f9f-af41-27a7deafa7a8,FILA,135189,,
DASS ITABERABA7014051276524110CM1589571115889205BRITB0054320260706-1,OK,DASS ITABERABA,70,140512,816378,76524,ATAC. M13725 6MM POLIESTER COR 263 [208180f7-746f-4997-8d43-cdcc3111c372],110CM,15895711,540,15889205BRITB00543,06/07/2026,10/08/2026,13,27/07/2026,900633,,208180f7-746f-4997-8d43-cdcc3111c372,FILA,135189,,
DASS ITABERABA7014051276524110CM1589571115889206BRITB0054420260706-1,OK,DASS ITABERABA,70,140512,816378,76524,ATAC. M13725 6MM POLIESTER COR 263 [aca8837b-1fee-46e1-b066-d4ce4deb48b5],110CM,15895711,504,15889206BRITB00544,06/07/2026,10/08/2026,13,27/07/2026,900634,,aca8837b-1fee-46e1-b066-d4ce4deb48b5,FILA,135189,,
DASS ITABERABA7014051276524110CM1589571115889209BRITB0054420260706-1,OK,DASS ITABERABA,70,140512,816378,76524,ATAC. M13725 6MM POLIESTER COR 263 [8d3414dc-8ec1-4328-9970-34d29763a919],110CM,15895711,504,15889209BRITB00544,06/07/2026,10/08/2026,13,27/07/2026,900635,,8d3414dc-8ec1-4328-9970-34d29763a919,FILA,135189,,
DASS ITABERABA701405129498290CM1589571115889210BRITB0054420260706-1,OK,DASS ITABERABA,70,140512,1404465,94982,ATAC. M13725 6MM POLIESTER COR 6002 [a111d965-0c61-479b-a653-6df120903fef],90CM,15895711,540,15889210BRITB00544,06/07/2026,10/08/2026,13,27/07/2026,900636,,a111d965-0c61-479b-a653-6df120903fef,FILA,135189,,
DASS ITABERABA701405129498290CM1589571115889211BRITB0054420260706-1,OK,DASS ITABERABA,70,140512,1404465,94982,ATAC. M13725 6MM POLIESTER COR 6002 [3072c481-3e0a-4512-a083-780709df66bc],90CM,15895711,384,15889211BRITB00544,06/07/2026,10/08/2026,13,27/07/2026,900637,,3072c481-3e0a-4512-a083-780709df66bc,FILA,135189,,
DASS ITABERABA7014051294982100CM1589571115889210BRITB0054420260706-1,OK,DASS ITABERABA,70,140512,1404465,94982,ATAC. M13725 6MM POLIESTER COR 6002 [9cb1ba51-d7b8-4745-8b7f-c357009fc662],100CM,15895711,576,15889210BRITB00544,06/07/2026,10/08/2026,13,27/07/2026,900638,,9cb1ba51-d7b8-4745-8b7f-c357009fc662,FILA,135189,,
DASS ITABERABA7014051294982100CM1589571115889211BRITB0054420260706-1,OK,DASS ITABERABA,70,140512,1404465,94982,ATAC. M13725 6MM POLIESTER COR 6002 [b19c83c4-630b-4003-aada-d1e12ecd42cd],100CM,15895711,540,15889211BRITB00544,06/07/2026,10/08/2026,13,27/07/2026,900639,,b19c83c4-630b-4003-aada-d1e12ecd42cd,FILA,135189,,
DASS ITABERABA7014051294984105CM1589571115889227BRITB0054020260706-1,OK,DASS ITABERABA,70,140512,1417979,94984,ATAC. M13725 6MM POLIESTER COR 053 [a730f668-73dd-4140-8806-2f08e81a5567],105CM,15895711,276,15889227BRITB00540,06/07/2026,10/08/2026,13,27/07/2026,900640,,a730f668-73dd-4140-8806-2f08e81a5567,FILA,135189,,
DASS ITABERABA7014051294984110CM1589571115889227BRITB0054020260706-1,OK,DASS ITABERABA,70,140512,1417979,94984,ATAC. M13725 6MM POLIESTER COR 053 [f8edafb4-166c-4e36-960a-d60f42f6b512],110CM,15895711,228,15889227BRITB00540,06/07/2026,10/08/2026,13,27/07/2026,900641,,f8edafb4-166c-4e36-960a-d60f42f6b512,FILA,135189,,
DASS ITABERABA7014051273819115CM1589571115889193BRITB0054220260706-1,OK,DASS ITABERABA,70,140512,1051608,73819,ATAC. M21020 8MM POLIESTER COR 114 [25bd6b7d-6645-445a-94af-0504e3aa9567],115CM,15895711,348,15889193BRITB00542,06/07/2026,10/08/2026,13,27/07/2026,900642,,25bd6b7d-6645-445a-94af-0504e3aa9567,FILA,135189,,
DASS ITABERABA7014051273819115CM1589571115889194BRITB0054220260706-1,OK,DASS ITABERABA,70,140512,1051608,73819,ATAC. M21020 8MM POLIESTER COR 114 [ea746d65-746c-42ec-9cbf-aee32b37ddde],115CM,15895711,360,15889194BRITB00542,06/07/2026,10/08/2026,13,27/07/2026,900643,,ea746d65-746c-42ec-9cbf-aee32b37ddde,FILA,135189,,
DASS ITABERABA7014051273819125CM1589571115889193BRITB0054220260706-1,OK,DASS ITABERABA,70,140512,1051608,73819,ATAC. M21020 8MM POLIESTER COR 114 [4d7fdffa-1a54-4ccb-a8d2-dcd197f73044],125CM,15895711,420,15889193BRITB00542,06/07/2026,10/08/2026,13,27/07/2026,900644,,4d7fdffa-1a54-4ccb-a8d2-dcd197f73044,FILA,135189,,
DASS ITABERABA7014051273819125CM1589571115889194BRITB0054220260706-1,OK,DASS ITABERABA,70,140512,1051608,73819,ATAC. M21020 8MM POLIESTER COR 114 [e42c1f2b-00c1-466e-9f34-1da117419489],125CM,15895711,408,15889194BRITB00542,06/07/2026,10/08/2026,13,27/07/2026,900645,,e42c1f2b-00c1-466e-9f34-1da117419489,FILA,135189,,
DASS ITABERABA7014051273821120CM1589571115889133BRITB0053720260706-1,OK,DASS ITABERABA,70,140512,1163455,73821,ATAC. M21020 8MM POLIESTER COR 100 [6d4d1102-edc7-41bd-b22b-53749ff4b605],120CM,15895711,288,15889133BRITB00537,06/07/2026,10/08/2026,13,27/07/2026,900646,,6d4d1102-edc7-41bd-b22b-53749ff4b605,FILA,135189,,
DASS ITABERABA7014051273821130CM1589571115889133BRITB0053720260706-1,OK,DASS ITABERABA,70,140512,1163455,73821,ATAC. M21020 8MM POLIESTER COR 100 [66c6f855-a8a4-4a8d-ad62-6a05a5f86b45],130CM,15895711,348,15889133BRITB00537,06/07/2026,10/08/2026,13,27/07/2026,900647,,66c6f855-a8a4-4a8d-ad62-6a05a5f86b45,FILA,135189,,
DASS ITABERABA7014051295779115CM1589571115889195BRITB0054220260706-1,OK,DASS ITABERABA,70,140512,1421812,95779,ATAC. M21020 8MM REFLEX COR 5998/1 [7cf0dceb-5005-48be-9503-0d2c5f569ef1],115CM,15895711,336,15889195BRITB00542,06/07/2026,10/08/2026,13,27/07/2026,900648,,7cf0dceb-5005-48be-9503-0d2c5f569ef1,FILA,135189,,
DASS ITABERABA7014051295779115CM1589571115889196BRITB0054220260706-1,OK,DASS ITABERABA,70,140512,1421812,95779,ATAC. M21020 8MM REFLEX COR 5998/1 [78a03c64-e676-43dc-87ff-a48ae17a8a39],115CM,15895711,348,15889196BRITB00542,06/07/2026,10/08/2026,13,27/07/2026,900649,,78a03c64-e676-43dc-87ff-a48ae17a8a39,FILA,135189,,
DASS ITABERABA7014051295779125CM1589571115889195BRITB0054220260706-1,OK,DASS ITABERABA,70,140512,1421812,95779,ATAC. M21020 8MM REFLEX COR 5998/1 [bf4d4521-34d7-451d-86a1-815d0d82d633],125CM,15895711,432,15889195BRITB00542,06/07/2026,10/08/2026,13,27/07/2026,900650,,bf4d4521-34d7-451d-86a1-815d0d82d633,FILA,135189,,
DASS ITABERABA7014051295779125CM1589571115889196BRITB0054220260706-1,OK,DASS ITABERABA,70,140512,1421812,95779,ATAC. M21020 8MM REFLEX COR 5998/1 [6dc6c2b7-9e74-4ade-8823-299b0069122d],125CM,15895711,444,15889196BRITB00542,06/07/2026,10/08/2026,13,27/07/2026,900651,,6dc6c2b7-9e74-4ade-8823-299b0069122d,FILA,135189,,
DASS ITABERABA701405139294515MM1589564120260706-1,OK,DASS ITABERABA,70,140513,1403524,92945,FITA M32207 C/ GOMA POLIESTER COR 788 / COR 174 / COR 788 [875fb3f9-c8bd-4858-9a5d-5d911974c44f],15MM,15895641,470,0,06/07/2026,10/08/2026,13,27/07/2026,900652,,875fb3f9-c8bd-4858-9a5d-5d911974c44f,FILA,135525,,
DASS ITABERABA701405139295015MM1589564120260706-1,OK,DASS ITABERABA,70,140513,1403527,92950,FITA M32207 C/ GOMA POLIESTER COR 114 / COR 491 / COR 114 [1e6d5ee2-024f-44dc-b885-b083f24a8a40],15MM,15895641,440,0,06/07/2026,10/08/2026,13,27/07/2026,900653,,1e6d5ee2-024f-44dc-b885-b083f24a8a40,FILA,135525,,
DASS ITABERABA70140513701648MM1589564120260706-1,OK,DASS ITABERABA,70,140513,108955,70164,FITA MFGP C/ GOMA POLIESTER COR 100 [4975dc73-c269-4048-b68f-0a63943fe82b],8MM,15895641,120,0,06/07/2026,10/08/2026,13,27/07/2026,900654,,4975dc73-c269-4048-b68f-0a63943fe82b,FILA,135525,,
DASS ITABERABA70140513728018MM1589564120260706-1,OK,DASS ITABERABA,70,140513,1072623,72801,FITA MFGP C/ GOMA POLIESTER COR 057 [51de59c4-0526-432d-b01e-4eaf6bf27f1f],8MM,15895641,60,0,06/07/2026,10/08/2026,13,27/07/2026,900655,,51de59c4-0526-432d-b01e-4eaf6bf27f1f,FILA,135525,,
DASS ITABERABA701405137352215MM1589564120260706-1,OK,DASS ITABERABA,70,140513,902057,73522,FITA MFGP C/ GOMA POLIESTER COR 057 [ced91ab2-1408-4e64-a504-520c174dee8c],15MM,15895641,190,0,06/07/2026,10/08/2026,13,27/07/2026,900656,,ced91ab2-1408-4e64-a504-520c174dee8c,FILA,135525,,
DASS ITABERABA701405137387215MM1589564120260706-1,OK,DASS ITABERABA,70,140513,1413356,73872,FITA MFGP C/ GOMA POLIESTER COR 057 / COR 114 / COR 057 [c82b9df9-df20-4054-bc5a-c241bc5af5ed],15MM,15895641,130,0,06/07/2026,10/08/2026,13,27/07/2026,900657,,c82b9df9-df20-4054-bc5a-c241bc5af5ed,FILA,135525,,
DASS ITABERABA70140513740308MM1589564120260706-1,OK,DASS ITABERABA,70,140513,1104264,74030,FITA MFGP C/ GOMA POLIESTER COR 114 [23ff4115-8b18-4879-8134-2ce7436a9aab],8MM,15895641,150,0,06/07/2026,10/08/2026,13,27/07/2026,900658,,23ff4115-8b18-4879-8134-2ce7436a9aab,FILA,135525,,
DASS ITABERABA70140513781878MM1589564120260706-1,OK,DASS ITABERABA,70,140513,1146621,78187,FITA MFGP C/ GOMA POLIESTER COR 053 [050ac9d8-7a06-4413-9794-c38dae9d4a7b],8MM,15895641,230,0,06/07/2026,10/08/2026,13,27/07/2026,900659,,050ac9d8-7a06-4413-9794-c38dae9d4a7b,FILA,135525,,
DASS ITABERABA701405137946620MM1589564120260706-1,OK,DASS ITABERABA,70,140513,1342143,79466,FITA MFGP C/ GOMA POLIESTER COR 599 [3b651c58-6294-4c42-b7fc-077e8543a01f],20MM,15895641,80,0,06/07/2026,10/08/2026,13,27/07/2026,900660,,3b651c58-6294-4c42-b7fc-077e8543a01f,FILA,135525,,
DASS ITABERABA701405139230015MM1589564120260706-1,OK,DASS ITABERABA,70,140513,1386952,92300,FITA MFGP C/ GOMA POLIESTER COR 788 [49c3978a-2329-40aa-8cb4-778368b2114d],15MM,15895641,320,0,06/07/2026,10/08/2026,13,27/07/2026,900661,,49c3978a-2329-40aa-8cb4-778368b2114d,FILA,135525,,
DASS ITABERABA701405139509015MM1589564120260706-1,OK,DASS ITABERABA,70,140513,1401452,95090,FITA MFGP C/ GOMA POLIESTER COR 6009 / COR 174 / COR 6009 [bc2186f2-7986-4e04-91ce-3ac57fb1edcc],15MM,15895641,100,0,06/07/2026,10/08/2026,13,27/07/2026,900662,,bc2186f2-7986-4e04-91ce-3ac57fb1edcc,FILA,135525,,
DASS ITABERABA701405139509115MM1589564120260706-1,OK,DASS ITABERABA,70,140513,1413354,95091,FITA MFGP C/ GOMA POLIESTER COR 114 / COR 5998 / COR 114 [22ff14d0-cad1-471d-acf5-43677ca396c8],15MM,15895641,530,0,06/07/2026,10/08/2026,13,27/07/2026,900663,,22ff14d0-cad1-471d-acf5-43677ca396c8,FILA,135525,,
DASS ITABERABA701405139509315MM1589564120260706-1,OK,DASS ITABERABA,70,140513,1401457,95093,FITA MFGP C/ GOMA POLIESTER COR 6038 / COR 4039 / COR 6038 [47cd8950-5ecb-4899-b01b-7fa4974b66ac],15MM,15895641,170,0,06/07/2026,10/08/2026,13,27/07/2026,900664,,47cd8950-5ecb-4899-b01b-7fa4974b66ac,FILA,135525,,
DASS ITABERABA701405138794616MM1589564120260706-1,OK,DASS ITABERABA,70,140513,1316829,87946,FITA M31119 C/ GOMA POLIESTER COR 100/ COR 5535/ COR 102 [2b11d3a4-c968-45c1-88ed-9c89cd69084d],16MM,15895641,90,0,06/07/2026,10/08/2026,13,27/07/2026,900665,,2b11d3a4-c968-45c1-88ed-9c89cd69084d,FILA,135525,,
DASS ITABERABA701405139257416MM1589564120260706-1,OK,DASS ITABERABA,70,140513,1358112,92574,FITA M31119 C/ GOMA POLIESTER COR 057 / COR 102 / COR 102 [97b4aa93-2d21-481c-ba04-31ebdc07f524],16MM,15895641,90,0,06/07/2026,10/08/2026,13,27/07/2026,900666,,97b4aa93-2d21-481c-ba04-31ebdc07f524,FILA,135525,,
DASS ITABERABA701405139299116MM1589564120260706-1,OK,DASS ITABERABA,70,140513,1404666,92991,FITA M31119 C/ GOMA POLIESTER COR 100 / COR 5768 / COR 599 [ce05461b-84e2-4893-a85d-7e6060a24dfd],16MM,15895641,140,0,06/07/2026,10/08/2026,13,27/07/2026,900667,,ce05461b-84e2-4893-a85d-7e6060a24dfd,FILA,135525,,
DASS ITABERABA701405139530116MM1589564120260706-1,OK,DASS ITABERABA,70,140513,1416908,95301,FITA M31119 C/ GOMA POLIESTER COR 6038 / COR 5508 / COR 5508 [9b08b127-5683-4de7-bca6-a3eab5ad8a99],16MM,15895641,70,0,06/07/2026,10/08/2026,13,27/07/2026,900668,,9b08b127-5683-4de7-bca6-a3eab5ad8a99,FILA,135525,,
DASS ITABERABA701405139538316MM1589564120260706-1,OK,DASS ITABERABA,70,140513,1417771,95383,FITA M31119 C/ GOMA POLIESTER COR 5855 / COR 5768 / COR 5768 [94490244-e1e4-4913-9170-b1db9c429d97],16MM,15895641,140,0,06/07/2026,10/08/2026,13,27/07/2026,900669,,94490244-e1e4-4913-9170-b1db9c429d97,FILA,135525,,
DASS ITABERABA701405139538416MM1589564120260706-1,OK,DASS ITABERABA,70,140513,1411433,95384,FITA M31119 C/ GOMA POLIESTER COR 6008 / COR 102 / COR 102 [b8d980f0-b45e-4ceb-9b22-5e6d3aff0f3d],16MM,15895641,80,0,06/07/2026,10/08/2026,13,27/07/2026,900670,,b8d980f0-b45e-4ceb-9b22-5e6d3aff0f3d,FILA,135525,,
DASS ITABERABA701409769299116MM1593526420260720-1,OK,DASS ITABERABA,70,140976,1404666,92991,FITA M31119 C/ GOMA POLIESTER COR 100 / COR 5768 / COR 599 [f8516311-a7d2-4247-aeea-1d965c576bdc],16MM,15935264,10,0,20/07/2026,10/08/2026,13,27/07/2026,900671,,f8516311-a7d2-4247-aeea-1d965c576bdc,FILA,135663,,
DASS SANTO ANTONIO152614052973756115CM1588605315884397BRSA00186820260706-1,OK,DASS SANTO ANTONIO,1526,140529,1260166,73756,ATAC. M10110 5MM POLIESTER COR 100 / COR 263 [d7643728-4eea-4a72-8627-9134dd0bee6c],115CM,15886053,684,15884397BRSA001868,06/07/2026,10/08/2026,13,27/07/2026,900672,,d7643728-4eea-4a72-8627-9134dd0bee6c,FILA,135203,,
DASS SANTO ANTONIO152614052973756115CM1588605315884398BRSA00186820260706-1,OK,DASS SANTO ANTONIO,1526,140529,1260166,73756,ATAC. M10110 5MM POLIESTER COR 100 / COR 263 [6df2d453-d345-404c-b000-8c9249882d4c],115CM,15886053,708,15884398BRSA001868,06/07/2026,10/08/2026,13,27/07/2026,900673,,6df2d453-d345-404c-b000-8c9249882d4c,FILA,135203,,
DASS SANTO ANTONIO152614052973756125CM1588605315884397BRSA00186820260706-1,OK,DASS SANTO ANTONIO,1526,140529,1260166,73756,ATAC. M10110 5MM POLIESTER COR 100 / COR 263 [b09003a8-b9fb-44c9-9324-72503cc003f6],125CM,15886053,312,15884397BRSA001868,06/07/2026,10/08/2026,13,27/07/2026,900674,,b09003a8-b9fb-44c9-9324-72503cc003f6,FILA,135203,,
DASS SANTO ANTONIO152614052973756125CM1588605315884398BRSA00186820260706-1,OK,DASS SANTO ANTONIO,1526,140529,1260166,73756,ATAC. M10110 5MM POLIESTER COR 100 / COR 263 [15d28238-6814-4781-a0f6-1a46ba635d23],125CM,15886053,360,15884398BRSA001868,06/07/2026,10/08/2026,13,27/07/2026,900675,,15d28238-6814-4781-a0f6-1a46ba635d23,FILA,135203,,
DASS SANTO ANTONIO152614052987843105CM1588605315884407BRSA00187820260706-1,OK,DASS SANTO ANTONIO,1526,140529,1294817,87843,ATAC. M10110 5MM POLIESTER COR 599 / COR 114 [0734c9a5-54a3-48e7-a28a-6c6b743c23c9],105CM,15886053,360,15884407BRSA001878,06/07/2026,10/08/2026,13,27/07/2026,900676,,0734c9a5-54a3-48e7-a28a-6c6b743c23c9,FILA,135203,,
DASS SANTO ANTONIO152614052987843105CM1588605315884408BRSA00187820260706-1,OK,DASS SANTO ANTONIO,1526,140529,1294817,87843,ATAC. M10110 5MM POLIESTER COR 599 / COR 114 [73665f93-2169-4a69-8b3c-b788b1bb3494],105CM,15886053,360,15884408BRSA001878,06/07/2026,10/08/2026,13,27/07/2026,900677,,73665f93-2169-4a69-8b3c-b788b1bb3494,FILA,135203,,
DASS SANTO ANTONIO152614052987843105CM1588605315884409BRSA00187920260706-1,OK,DASS SANTO ANTONIO,1526,140529,1294817,87843,ATAC. M10110 5MM POLIESTER COR 599 / COR 114 [1a77719b-923f-4ef7-b744-1ec5d45a6fdb],105CM,15886053,540,15884409BRSA001879,06/07/2026,10/08/2026,13,27/07/2026,900678,,1a77719b-923f-4ef7-b744-1ec5d45a6fdb,FILA,135203,,
DASS SANTO ANTONIO152614052987843115CM1588605315884407BRSA00187820260706-1,OK,DASS SANTO ANTONIO,1526,140529,1294817,87843,ATAC. M10110 5MM POLIESTER COR 599 / COR 114 [cef9fa69-a75f-43a4-9c6c-edd25b4b38c1],115CM,15886053,408,15884407BRSA001878,06/07/2026,10/08/2026,13,27/07/2026,900679,,cef9fa69-a75f-43a4-9c6c-edd25b4b38c1,FILA,135203,,
DASS SANTO ANTONIO152614052987843115CM1588605315884408BRSA00187820260706-1,OK,DASS SANTO ANTONIO,1526,140529,1294817,87843,ATAC. M10110 5MM POLIESTER COR 599 / COR 114 [8c9992d4-b8c2-47de-84df-e8dee0334fde],115CM,15886053,432,15884408BRSA001878,06/07/2026,10/08/2026,13,27/07/2026,900680,,8c9992d4-b8c2-47de-84df-e8dee0334fde,FILA,135203,,
DASS SANTO ANTONIO152614052987843115CM1588605315884409BRSA00187920260706-1,OK,DASS SANTO ANTONIO,1526,140529,1294817,87843,ATAC. M10110 5MM POLIESTER COR 599 / COR 114 [cf5ff9d5-fce0-465c-8f38-6270e4b7fd30],115CM,15886053,756,15884409BRSA001879,06/07/2026,10/08/2026,13,27/07/2026,900681,,cf5ff9d5-fce0-465c-8f38-6270e4b7fd30,FILA,135203,,
DASS ITABERABA701411859400015MM1597107120260724-1,OK,DASS ITABERABA,70,141185,1425014,94000,FITA MFGP C/ GOMA POLIESTER COR 5598 [a46e2f51-e5cc-48e6-8ae4-7f6824b6c175],15MM,15971071,110,0,24/07/2026,12/08/2026,15,27/07/2026,900682,,a46e2f51-e5cc-48e6-8ae4-7f6824b6c175,ASICS,135860,,NORMAL
DASS ITABERABA701411859411615MM1597107120260724-1,OK,DASS ITABERABA,70,141185,1425015,94116,FITA MFGP C/ GOMA POLIESTER COR 5938 [1cb344bd-7dfd-4b58-9fe4-c2adca9a3b55],15MM,15971071,140,0,24/07/2026,12/08/2026,15,27/07/2026,900683,,1cb344bd-7dfd-4b58-9fe4-c2adca9a3b55,ASICS,135860,,NORMAL
DASS ITABERABA701411859416015MM1597107120260724-1,OK,DASS ITABERABA,70,141185,1425016,94160,FITA MFGP C/ GOMA POLIESTER COR 5451 [877c4157-ecc9-457d-9cbc-4a252ea9de81],15MM,15971071,410,0,24/07/2026,12/08/2026,15,27/07/2026,900684,,877c4157-ecc9-457d-9cbc-4a252ea9de81,ASICS,135860,,NORMAL
DASS ITABERABA7014118684206120CM1597107815966155ASB005303120260724-1,OK,DASS ITABERABA,70,141186,1229330,84206,ATAC. M18006 POLIESTER COR 4085 [a78559a8-2c03-4f8e-aaf7-ec94cb98c33b],120CM,15971078,325,15966155ASB0053031,24/07/2026,12/08/2026,15,27/07/2026,900685,,a78559a8-2c03-4f8e-aaf7-ec94cb98c33b,ASICS,135861,,NORMAL
DASS ITABERABA7014118684206130CM1597107815966155ASB005303120260724-1,OK,DASS ITABERABA,70,141186,1229330,84206,ATAC. M18006 POLIESTER COR 4085 [67e8328e-bfe2-4e6b-9051-5d8abc1574d1],130CM,15971078,108,15966155ASB0053031,24/07/2026,12/08/2026,15,27/07/2026,900686,,67e8328e-bfe2-4e6b-9051-5d8abc1574d1,ASICS,135861,,NORMAL
DASS ITABERABA7014118687178120CM1597107815966154ASB005303220260724-1,OK,DASS ITABERABA,70,141186,1224351,87178,ATAC. M18006 POLIESTER COR 5227 [f7405711-c893-4912-a234-35ebbdf8e67c],120CM,15971078,233,15966154ASB0053032,24/07/2026,12/08/2026,15,27/07/2026,900687,,f7405711-c893-4912-a234-35ebbdf8e67c,ASICS,135861,,NORMAL
DASS ITABERABA7014118687178130CM1597107815966154ASB005303220260724-1,OK,DASS ITABERABA,70,141186,1224351,87178,ATAC. M18006 POLIESTER COR 5227 [4314c57a-ef6a-4a6f-bb4a-00285e40aa24],130CM,15971078,78,15966154ASB0053032,24/07/2026,12/08/2026,15,27/07/2026,900688,,4314c57a-ef6a-4a6f-bb4a-00285e40aa24,ASICS,135861,,NORMAL
DASS ITABERABA7014118687249120CM1597107815966152ASB005303320260724-1,OK,DASS ITABERABA,70,141186,1275982,87249,ATAC. M18006 POLIESTER COR 5604 [c0213c0c-ce6b-459b-9806-7553548a457e],120CM,15971078,233,15966152ASB0053033,24/07/2026,12/08/2026,15,27/07/2026,900689,,c0213c0c-ce6b-459b-9806-7553548a457e,ASICS,135861,,NORMAL
DASS ITABERABA7014118687249130CM1597107815966152ASB005303320260724-1,OK,DASS ITABERABA,70,141186,1275982,87249,ATAC. M18006 POLIESTER COR 5604 [6584b857-a5a4-4d7f-8b97-846b63272ce6],130CM,15971078,78,15966152ASB0053033,24/07/2026,12/08/2026,15,27/07/2026,900690,,6584b857-a5a4-4d7f-8b97-846b63272ce6,ASICS,135861,,NORMAL
DASS ITABERABA7014118687888110CM1597107815966177ASB005302320260724-1,OK,DASS ITABERABA,70,141186,1310003,87888,ATAC. M18006 POLIESTER COR 5451 [297298ff-3342-45c4-b1c1-a487775ffd36],110CM,15971078,285,15966177ASB0053023,24/07/2026,12/08/2026,15,27/07/2026,900691,,297298ff-3342-45c4-b1c1-a487775ffd36,ASICS,135861,,NORMAL
DASS ITABERABA7014118687888120CM1597107815966167ASB005299620260724-1,OK,DASS ITABERABA,70,141186,1310003,87888,ATAC. M18006 POLIESTER COR 5451 [14084851-0152-423e-854a-823eb9681c17],120CM,15971078,1063,15966167ASB0052996,24/07/2026,12/08/2026,15,27/07/2026,900692,,14084851-0152-423e-854a-823eb9681c17,ASICS,135861,,NORMAL
DASS ITABERABA7014118687888120CM1597107815966169ASB005299820260724-1,OK,DASS ITABERABA,70,141186,1310003,87888,ATAC. M18006 POLIESTER COR 5451 [06380979-5122-46f5-9271-17d5cbf4b0e1],120CM,15971078,325,15966169ASB0052998,24/07/2026,12/08/2026,15,27/07/2026,900693,,06380979-5122-46f5-9271-17d5cbf4b0e1,ASICS,135861,,NORMAL
DASS ITABERABA7014118687888120CM1597107815966177ASB005302320260724-1,OK,DASS ITABERABA,70,141186,1310003,87888,ATAC. M18006 POLIESTER COR 5451 [dd16d815-5b9b-45d4-a983-3323eb9dcf13],120CM,15971078,284,15966177ASB0053023,24/07/2026,12/08/2026,15,27/07/2026,900694,,dd16d815-5b9b-45d4-a983-3323eb9dcf13,ASICS,135861,,NORMAL
DASS ITABERABA7014118687888130CM1597107815966167ASB005299620260724-1,OK,DASS ITABERABA,70,141186,1310003,87888,ATAC. M18006 POLIESTER COR 5451 [f5210960-2776-457b-895a-2f3a3516038a],130CM,15971078,433,15966167ASB0052996,24/07/2026,12/08/2026,15,27/07/2026,900695,,f5210960-2776-457b-895a-2f3a3516038a,ASICS,135861,,NORMAL
DASS ITABERABA7014118687888130CM1597107815966169ASB005299820260724-1,OK,DASS ITABERABA,70,141186,1310003,87888,ATAC. M18006 POLIESTER COR 5451 [d9092ec9-4bc4-47c2-ad03-05b92cbce2c7],130CM,15971078,108,15966169ASB0052998,24/07/2026,12/08/2026,15,27/07/2026,900696,,d9092ec9-4bc4-47c2-ad03-05b92cbce2c7,ASICS,135861,,NORMAL
DASS ITABERABA7014118692387120CM1597107815966153ASB005303420260724-1,OK,DASS ITABERABA,70,141186,1393574,92387,ATAC. M18006 POLIESTER COR 230 [d6442101-6290-4f97-859f-fcec4b19fd12],120CM,15971078,233,15966153ASB0053034,24/07/2026,12/08/2026,15,27/07/2026,900697,,d6442101-6290-4f97-859f-fcec4b19fd12,ASICS,135861,,NORMAL
DASS ITABERABA7014118692387130CM1597107815966153ASB005303420260724-1,OK,DASS ITABERABA,70,141186,1393574,92387,ATAC. M18006 POLIESTER COR 230 [1483b4e7-27bd-43d8-a299-0cbb6711cab5],130CM,15971078,78,15966153ASB0053034,24/07/2026,12/08/2026,15,27/07/2026,900698,,1483b4e7-27bd-43d8-a299-0cbb6711cab5,ASICS,135861,,NORMAL
DASS ITABERABA7014118694829110CM1597107815966175ASB005302020260724-1,OK,DASS ITABERABA,70,141186,1400181,94829,ATAC. M18006 POLIESTER COR 6104 [a2967fd4-ab38-418a-954c-513036d89d0c],110CM,15971078,436,15966175ASB0053020,24/07/2026,12/08/2026,15,27/07/2026,900699,,a2967fd4-ab38-418a-954c-513036d89d0c,ASICS,135861,,NORMAL
DASS ITABERABA7014118694829120CM1597107815966175ASB005302020260724-1,OK,DASS ITABERABA,70,141186,1400181,94829,ATAC. M18006 POLIESTER COR 6104 [cf20961b-972b-4f3e-80b6-8418367763fe],120CM,15971078,145,15966175ASB0053020,24/07/2026,12/08/2026,15,27/07/2026,900700,,cf20961b-972b-4f3e-80b6-8418367763fe,ASICS,135861,,NORMAL
DASS ITABERABA7014118684199140CM1597107815966113ASB005302420260724-1,OK,DASS ITABERABA,70,141186,1248962,84199,ATAC. 6ALN POLIESTER COR 4085 [ae3475b6-7650-479b-ab6a-50f7fc248e79],140CM,15971078,581,15966113ASB0053024,24/07/2026,12/08/2026,15,27/07/2026,900701,,ae3475b6-7650-479b-ab6a-50f7fc248e79,ASICS,135861,,NORMAL
DASS ITABERABA7014118684199140CM1597107815966115ASB005302520260724-1,OK,DASS ITABERABA,70,141186,1248962,84199,ATAC. 6ALN POLIESTER COR 4085 [fca06cf5-3bbe-48f7-9633-004b461f3dd5],140CM,15971078,593,15966115ASB0053025,24/07/2026,12/08/2026,15,27/07/2026,900702,,fca06cf5-3bbe-48f7-9633-004b461f3dd5,ASICS,135861,,NORMAL
DASS ITABERABA7014118689369130CM1597107815966120ASB005302620260724-1,OK,DASS ITABERABA,70,141186,1341986,89369,ATAC. 6ALN POLIESTER COR 5711 [f5d42640-ff75-41ae-81c2-cf473557c59b],130CM,15971078,349,15966120ASB0053026,24/07/2026,12/08/2026,15,27/07/2026,900703,,f5d42640-ff75-41ae-81c2-cf473557c59b,ASICS,135861,,NORMAL
DASS ITABERABA7014118692608130CM1597107815966129ASB005302720260724-1,OK,DASS ITABERABA,70,141186,1392404,92608,ATAC. 6ALN POLIESTER COR 4588 [99bb14a4-7251-46c1-ac0d-bcc83e4acc46],130CM,15971078,335,15966129ASB0053027,24/07/2026,12/08/2026,15,27/07/2026,900704,,99bb14a4-7251-46c1-ac0d-bcc83e4acc46,ASICS,135861,,NORMAL
DASS ITABERABA7014118676319130CM1597107815966130ASB005297120260724-1,OK,DASS ITABERABA,70,141186,1245215,76319,ATAC. 6AL 6MM POLIESTER COR 4085 [84bd9d5e-8446-45d9-99a5-f7c4043c5d08],130CM,15971078,697,15966130ASB0052971,24/07/2026,12/08/2026,15,27/07/2026,900705,,84bd9d5e-8446-45d9-99a5-f7c4043c5d08,ASICS,135861,,NORMAL
DASS ITABERABA7014118676319130CM1597107815966131ASB005303920260724-1,OK,DASS ITABERABA,70,141186,1245215,76319,ATAC. 6AL 6MM POLIESTER COR 4085 [b523c248-ecac-43f9-ad0b-f65d3aed1715],130CM,15971078,654,15966131ASB0053039,24/07/2026,12/08/2026,15,27/07/2026,900706,,b523c248-ecac-43f9-ad0b-f65d3aed1715,ASICS,135861,,NORMAL
DASS ITABERABA7014118676319130CM1597107815966132ASB005303920260724-1,OK,DASS ITABERABA,70,141186,1245215,76319,ATAC. 6AL 6MM POLIESTER COR 4085 [154de045-8b8a-4915-960c-45d91fcd2f19],130CM,15971078,676,15966132ASB0053039,24/07/2026,12/08/2026,15,27/07/2026,900707,,154de045-8b8a-4915-960c-45d91fcd2f19,ASICS,135861,,NORMAL
DASS ITABERABA7014118676319140CM1597107815966130ASB005297120260724-1,OK,DASS ITABERABA,70,141186,1245215,76319,ATAC. 6AL 6MM POLIESTER COR 4085 [15c8d63d-9994-4944-a80b-dc2c98b717e4],140CM,15971078,232,15966130ASB0052971,24/07/2026,12/08/2026,15,27/07/2026,900708,,15c8d63d-9994-4944-a80b-dc2c98b717e4,ASICS,135861,,NORMAL
DASS ITABERABA7014118676319140CM1597107815966131ASB005303920260724-1,OK,DASS ITABERABA,70,141186,1245215,76319,ATAC. 6AL 6MM POLIESTER COR 4085 [139913be-a9fa-47fb-b45f-f98985fefbb1],140CM,15971078,648,15966131ASB0053039,24/07/2026,12/08/2026,15,27/07/2026,900709,,139913be-a9fa-47fb-b45f-f98985fefbb1,ASICS,135861,,NORMAL
DASS ITABERABA7014118676319140CM1597107815966132ASB005303920260724-1,OK,DASS ITABERABA,70,141186,1245215,76319,ATAC. 6AL 6MM POLIESTER COR 4085 [a4f20c00-c158-4fa5-be17-fe6706ab6069],140CM,15971078,680,15966132ASB0053039,24/07/2026,12/08/2026,15,27/07/2026,900710,,a4f20c00-c158-4fa5-be17-fe6706ab6069,ASICS,135861,,NORMAL
DASS ITABERABA7014118687706130CM1597107815966134ASB005304220260724-1,OK,DASS ITABERABA,70,141186,1313035,87706,ATAC. 6AL 6MM POLIESTER COR 987 [d24f716a-aad3-4d14-ae60-b1244aecd40a],130CM,15971078,532,15966134ASB0053042,24/07/2026,12/08/2026,15,27/07/2026,900711,,d24f716a-aad3-4d14-ae60-b1244aecd40a,ASICS,135861,,NORMAL
DASS ITABERABA7014118687706140CM1597107815966134ASB005304220260724-1,OK,DASS ITABERABA,70,141186,1313035,87706,ATAC. 6AL 6MM POLIESTER COR 987 [4e0aafb4-76f0-4cf2-9bcd-e4f2be038dcc],140CM,15971078,333,15966134ASB0053042,24/07/2026,12/08/2026,15,27/07/2026,900712,,4e0aafb4-76f0-4cf2-9bcd-e4f2be038dcc,ASICS,135861,,NORMAL
DASS ITABERABA7014118689518130CM1597107815966133ASB005297220260724-1,OK,DASS ITABERABA,70,141186,1313036,89518,ATAC. 6AL 6MM POLIESTER COR 5217 [1b4530ea-67ed-41f5-abca-190d28fd897a],130CM,15971078,431,15966133ASB0052972,24/07/2026,12/08/2026,15,27/07/2026,900713,,1b4530ea-67ed-41f5-abca-190d28fd897a,ASICS,135861,,NORMAL
DASS ITABERABA7014118689518140CM1597107815966133ASB005297220260724-1,OK,DASS ITABERABA,70,141186,1313036,89518,ATAC. 6AL 6MM POLIESTER COR 5217 [8cc2842e-98f4-4489-9e13-21d6003baf33],140CM,15971078,350,15966133ASB0052972,24/07/2026,12/08/2026,15,27/07/2026,900714,,8cc2842e-98f4-4489-9e13-21d6003baf33,ASICS,135861,,NORMAL
DASS ITABERABA7014118692836130CM1597107815966135ASB005304420260724-1,OK,DASS ITABERABA,70,141186,1392983,92836,ATAC. 6AL 6MM POLIESTER COR 5936 [a202158d-3be0-4839-9db4-69bafece4f73],130CM,15971078,583,15966135ASB0053044,24/07/2026,12/08/2026,15,27/07/2026,900715,,a202158d-3be0-4839-9db4-69bafece4f73,ASICS,135861,,NORMAL
DASS ITABERABA7014118692836140CM1597107815966135ASB005304420260724-1,OK,DASS ITABERABA,70,141186,1392983,92836,ATAC. 6AL 6MM POLIESTER COR 5936 [2f9ce5c9-05a0-4830-adae-48a2c5ea5a68],140CM,15971078,210,15966135ASB0053044,24/07/2026,12/08/2026,15,27/07/2026,900716,,2f9ce5c9-05a0-4830-adae-48a2c5ea5a68,ASICS,135861,,NORMAL
DASS ITABERABA70141187936981.8MM1597108120260724-1,OK,DASS ITABERABA,70,141187,1400178,93698,CORDAO M9099 POLIESTER COR 5451 [df2baf19-a27f-48e6-add2-cd453da9d5b0],1.8MM,15971081,1280,0,24/07/2026,12/08/2026,15,27/07/2026,900717,,df2baf19-a27f-48e6-add2-cd453da9d5b0,ASICS,135862,,NORMAL
DASS ITABERABA70141187948771.8MM1597108120260724-1,OK,DASS ITABERABA,70,141187,1406476,94877,CORDAO M9099 POLIESTER COR 6104 [48423bf8-6419-48dc-b0b0-5e81ac89a191],1.8MM,15971081,280,0,24/07/2026,12/08/2026,15,27/07/2026,900718,,48423bf8-6419-48dc-b0b0-5e81ac89a191,ASICS,135862,,NORMAL
DASS VITORIA39114071295645120CM1591149315909882BRI01035320260709-1,OK,DASS VITORIA,391,140712,1328498,95645,ATAC. M13801 POLIESTER COR 058 [d0af9c99-99bc-49ab-9ae9-9c72b3f6321e],120CM,15911493,552,15909882BRI010353,09/07/2026,12/08/2026,15,27/07/2026,900719,,d0af9c99-99bc-49ab-9ae9-9c72b3f6321e,UMBRO,135435,,CONTA E ORDEM VITÓRIA X ITABERABA
DASS VITORIA39114071295645130CM1591149315909882BRI01035320260709-1,OK,DASS VITORIA,391,140712,1328498,95645,ATAC. M13801 POLIESTER COR 058 [9f1036af-86dc-430e-82df-378d64505075],130CM,15911493,204,15909882BRI010353,09/07/2026,12/08/2026,15,27/07/2026,900720,,9f1036af-86dc-430e-82df-378d64505075,UMBRO,135435,,CONTA E ORDEM VITÓRIA X ITABERABA
DASS VITORIA3911408046962312MM1592068020260713-1,OK,DASS VITORIA,391,140804,124428,69623,FITA MFGP POLIESTER COR 102 [4c889158-72ad-4748-8ae5-6873219092e3],12MM,15920680,50,0,13/07/2026,12/08/2026,15,27/07/2026,900721,,4c889158-72ad-4748-8ae5-6873219092e3,UMBRO,135511,,CONTA E ORDEM VITÓRIA X SANTO ANTÔNIO DE JESUS
DASS VITORIA39114094195643120CM1593923615936813BRI010385-20260717-1,OK,DASS VITORIA,391,140941,827533,95643,ATAC. M13801 POLIESTER COR 100 [57ece7e3-8576-4056-8e5d-9537fb58c2fa],120CM,15939236,432,15936813BRI010385-,17/07/2026,12/08/2026,15,27/07/2026,900722,,57ece7e3-8576-4056-8e5d-9537fb58c2fa,UMBRO,135628,,CONTA E ORDEM VITÓRIA X ITABERABA
DASS VITORIA39114094195643120CM1593923615936814BRI010385-20260717-1,OK,DASS VITORIA,391,140941,827533,95643,ATAC. M13801 POLIESTER COR 100 [dd20395f-5769-4e00-96e0-b16ad448e820],120CM,15939236,444,15936814BRI010385-,17/07/2026,12/08/2026,15,27/07/2026,900723,,dd20395f-5769-4e00-96e0-b16ad448e820,UMBRO,135628,,CONTA E ORDEM VITÓRIA X ITABERABA
DASS VITORIA39114094195643120CM1593923615936815BRI010386-20260717-1,OK,DASS VITORIA,391,140941,827533,95643,ATAC. M13801 POLIESTER COR 100 [ce4171fb-653d-4e17-ae9b-cd5f34e5452b],120CM,15939236,384,15936815BRI010386-,17/07/2026,12/08/2026,15,27/07/2026,900724,,ce4171fb-653d-4e17-ae9b-cd5f34e5452b,UMBRO,135628,,CONTA E ORDEM VITÓRIA X ITABERABA
DASS VITORIA39114094195643120CM1593923615936816BRI010386-20260717-1,OK,DASS VITORIA,391,140941,827533,95643,ATAC. M13801 POLIESTER COR 100 [4bf0ce73-715a-4411-888a-9135faf8db79],120CM,15939236,408,15936816BRI010386-,17/07/2026,12/08/2026,15,27/07/2026,900725,,4bf0ce73-715a-4411-888a-9135faf8db79,UMBRO,135628,,CONTA E ORDEM VITÓRIA X ITABERABA
DASS VITORIA39114094195643130CM1593923615936813BRI010385-20260717-1,OK,DASS VITORIA,391,140941,827533,95643,ATAC. M13801 POLIESTER COR 100 [6dab3c5c-b232-42d6-9a97-1929c0d464de],130CM,15939236,492,15936813BRI010385-,17/07/2026,12/08/2026,15,27/07/2026,900726,,6dab3c5c-b232-42d6-9a97-1929c0d464de,UMBRO,135628,,CONTA E ORDEM VITÓRIA X ITABERABA
DASS VITORIA39114094195643130CM1593923615936814BRI010385-20260717-1,OK,DASS VITORIA,391,140941,827533,95643,ATAC. M13801 POLIESTER COR 100 [805d5871-0174-45cc-9a55-2910fc18e7bb],130CM,15939236,480,15936814BRI010385-,17/07/2026,12/08/2026,15,27/07/2026,900727,,805d5871-0174-45cc-9a55-2910fc18e7bb,UMBRO,135628,,CONTA E ORDEM VITÓRIA X ITABERABA
DASS VITORIA39114094195643130CM1593923615936815BRI010386-20260717-1,OK,DASS VITORIA,391,140941,827533,95643,ATAC. M13801 POLIESTER COR 100 [066de467-e524-4ec5-97a1-fae5a162cfe4],130CM,15939236,504,15936815BRI010386-,17/07/2026,12/08/2026,15,27/07/2026,900728,,066de467-e524-4ec5-97a1-fae5a162cfe4,UMBRO,135628,,CONTA E ORDEM VITÓRIA X ITABERABA
DASS VITORIA39114094195643130CM1593923615936816BRI010386-20260717-1,OK,DASS VITORIA,391,140941,827533,95643,ATAC. M13801 POLIESTER COR 100 [10659c7c-f190-44c1-bf24-23ccd4b91ad0],130CM,15939236,516,15936816BRI010386-,17/07/2026,12/08/2026,15,27/07/2026,900729,,10659c7c-f190-44c1-bf24-23ccd4b91ad0,UMBRO,135628,,CONTA E ORDEM VITÓRIA X ITABERABA
DASS VITORIA39114094195644110CM1593923615936872BRI010412-20260717-1,OK,DASS VITORIA,391,140941,827530,95644,ATAC. M13801 POLIESTER COR 102 [d19808b3-00a6-40bc-b8bc-74b2644a09d8],110CM,15939236,336,15936872BRI010412-,17/07/2026,12/08/2026,15,27/07/2026,900730,,d19808b3-00a6-40bc-b8bc-74b2644a09d8,UMBRO,135628,,CONTA E ORDEM VITÓRIA X ITABERABA
DASS VITORIA39114094195644110CM1593923615936874BRI010412-20260717-1,OK,DASS VITORIA,391,140941,827530,95644,ATAC. M13801 POLIESTER COR 102 [7b020207-23da-4980-8654-7120b1ca21b8],110CM,15939236,336,15936874BRI010412-,17/07/2026,12/08/2026,15,27/07/2026,900731,,7b020207-23da-4980-8654-7120b1ca21b8,UMBRO,135628,,CONTA E ORDEM VITÓRIA X ITABERABA
DASS VITORIA39114094195644110CM1593923615936875BRI010413-20260717-1,OK,DASS VITORIA,391,140941,827530,95644,ATAC. M13801 POLIESTER COR 102 [20d3c4e3-d1e8-4b6c-bbdc-e24e66b6b661],110CM,15939236,324,15936875BRI010413-,17/07/2026,12/08/2026,15,27/07/2026,900732,,20d3c4e3-d1e8-4b6c-bbdc-e24e66b6b661,UMBRO,135628,,CONTA E ORDEM VITÓRIA X ITABERABA
DASS VITORIA39114094195644110CM1593923615936876BRI010413-20260717-1,OK,DASS VITORIA,391,140941,827530,95644,ATAC. M13801 POLIESTER COR 102 [e78aa60f-22db-471c-89f2-7109b4c8751b],110CM,15939236,336,15936876BRI010413-,17/07/2026,12/08/2026,15,27/07/2026,900733,,e78aa60f-22db-471c-89f2-7109b4c8751b,UMBRO,135628,,CONTA E ORDEM VITÓRIA X ITABERABA
DASS VITORIA39114094195644110CM1593923615936877BRI010414-20260717-1,OK,DASS VITORIA,391,140941,827530,95644,ATAC. M13801 POLIESTER COR 102 [eb133e23-2dad-4701-b234-c5934cd1a755],110CM,15939236,324,15936877BRI010414-,17/07/2026,12/08/2026,15,27/07/2026,900734,,eb133e23-2dad-4701-b234-c5934cd1a755,UMBRO,135628,,CONTA E ORDEM VITÓRIA X ITABERABA
DASS VITORIA39114094195644110CM1593923615936878BRI010414-20260717-1,OK,DASS VITORIA,391,140941,827530,95644,ATAC. M13801 POLIESTER COR 102 [2de830fc-b07a-4c63-8e6f-c4d24e866dbf],110CM,15939236,336,15936878BRI010414-,17/07/2026,12/08/2026,15,27/07/2026,900735,,2de830fc-b07a-4c63-8e6f-c4d24e866dbf,UMBRO,135628,,CONTA E ORDEM VITÓRIA X ITABERABA
DASS VITORIA39114094195644110CM1593923615936888BRI010417-20260717-1,OK,DASS VITORIA,391,140941,827530,95644,ATAC. M13801 POLIESTER COR 102 [471101fe-8466-4fb7-9568-4fdeeebdb975],110CM,15939236,312,15936888BRI010417-,17/07/2026,12/08/2026,15,27/07/2026,900736,,471101fe-8466-4fb7-9568-4fdeeebdb975,UMBRO,135628,,CONTA E ORDEM VITÓRIA X ITABERABA
DASS VITORIA39114094195644110CM1593923615936889BRI010417-20260717-1,OK,DASS VITORIA,391,140941,827530,95644,ATAC. M13801 POLIESTER COR 102 [252c06af-1894-46ba-a404-6af70d1e17a9],110CM,15939236,300,15936889BRI010417-,17/07/2026,12/08/2026,15,27/07/2026,900737,,252c06af-1894-46ba-a404-6af70d1e17a9,UMBRO,135628,,CONTA E ORDEM VITÓRIA X ITABERABA
DASS VITORIA39114094195644120CM1593923615936872BRI010412-20260717-1,OK,DASS VITORIA,391,140941,827530,95644,ATAC. M13801 POLIESTER COR 102 [e7eadcaf-a699-4b10-a07f-5ca180e9bd80],120CM,15939236,480,15936872BRI010412-,17/07/2026,12/08/2026,15,27/07/2026,900738,,e7eadcaf-a699-4b10-a07f-5ca180e9bd80,UMBRO,135628,,CONTA E ORDEM VITÓRIA X ITABERABA
DASS VITORIA39114094195644120CM1593923615936874BRI010412-20260717-1,OK,DASS VITORIA,391,140941,827530,95644,ATAC. M13801 POLIESTER COR 102 [3d783722-b986-486b-97f8-6358581d894f],120CM,15939236,516,15936874BRI010412-,17/07/2026,12/08/2026,15,27/07/2026,900739,,3d783722-b986-486b-97f8-6358581d894f,UMBRO,135628,,CONTA E ORDEM VITÓRIA X ITABERABA
DASS VITORIA39114094195644120CM1593923615936875BRI010413-20260717-1,OK,DASS VITORIA,391,140941,827530,95644,ATAC. M13801 POLIESTER COR 102 [29d6389c-6f97-43f9-93a1-d876a0b12281],120CM,15939236,480,15936875BRI010413-,17/07/2026,12/08/2026,15,27/07/2026,900740,,29d6389c-6f97-43f9-93a1-d876a0b12281,UMBRO,135628,,CONTA E ORDEM VITÓRIA X ITABERABA
DASS VITORIA39114094195644120CM1593923615936876BRI010413-20260717-1,OK,DASS VITORIA,391,140941,827530,95644,ATAC. M13801 POLIESTER COR 102 [fd5bd2ab-78ad-4b34-802e-7d4edc577d37],120CM,15939236,516,15936876BRI010413-,17/07/2026,12/08/2026,15,27/07/2026,900741,,fd5bd2ab-78ad-4b34-802e-7d4edc577d37,UMBRO,135628,,CONTA E ORDEM VITÓRIA X ITABERABA
DASS VITORIA39114094195644120CM1593923615936877BRI010414-20260717-1,OK,DASS VITORIA,391,140941,827530,95644,ATAC. M13801 POLIESTER COR 102 [a171420d-5006-46d6-adcf-f6099c4c26fe],120CM,15939236,480,15936877BRI010414-,17/07/2026,12/08/2026,15,27/07/2026,900742,,a171420d-5006-46d6-adcf-f6099c4c26fe,UMBRO,135628,,CONTA E ORDEM VITÓRIA X ITABERABA
DASS VITORIA39114094195644120CM1593923615936878BRI010414-20260717-1,OK,DASS VITORIA,391,140941,827530,95644,ATAC. M13801 POLIESTER COR 102 [4b67366b-71bc-4665-84f9-c3e8d8e36c27],120CM,15939236,516,15936878BRI010414-,17/07/2026,12/08/2026,15,27/07/2026,900743,,4b67366b-71bc-4665-84f9-c3e8d8e36c27,UMBRO,135628,,CONTA E ORDEM VITÓRIA X ITABERABA
DASS VITORIA39114094195644120CM1593923615936888BRI010417-20260717-1,OK,DASS VITORIA,391,140941,827530,95644,ATAC. M13801 POLIESTER COR 102 [5ee28f9f-e1bb-4f7a-8b04-7bbd21757d38],120CM,15939236,540,15936888BRI010417-,17/07/2026,12/08/2026,15,27/07/2026,900744,,5ee28f9f-e1bb-4f7a-8b04-7bbd21757d38,UMBRO,135628,,CONTA E ORDEM VITÓRIA X ITABERABA
DASS VITORIA39114094195644120CM1593923615936889BRI010417-20260717-1,OK,DASS VITORIA,391,140941,827530,95644,ATAC. M13801 POLIESTER COR 102 [c3a985c4-2d6c-4b99-8606-3f84d168e031],120CM,15939236,576,15936889BRI010417-,17/07/2026,12/08/2026,15,27/07/2026,900745,,c3a985c4-2d6c-4b99-8606-3f84d168e031,UMBRO,135628,,CONTA E ORDEM VITÓRIA X ITABERABA
DASS VITORIA39114094195645120CM1593923615936892BRI01038920260717-1,OK,DASS VITORIA,391,140941,1328498,95645,ATAC. M13801 POLIESTER COR 058 [b444fa35-8960-48fe-8bc9-39c2fd1e2b01],120CM,15939236,120,15936892BRI010389,17/07/2026,12/08/2026,15,27/07/2026,900746,,b444fa35-8960-48fe-8bc9-39c2fd1e2b01,UMBRO,135628,,CONTA E ORDEM VITÓRIA X ITABERABA
DASS VITORIA39114094195645130CM1593923615936892BRI01038920260717-1,OK,DASS VITORIA,391,140941,1328498,95645,ATAC. M13801 POLIESTER COR 058 [47889e44-df7c-4e2d-b3d9-48e841eed22a],130CM,15939236,180,15936892BRI010389,17/07/2026,12/08/2026,15,27/07/2026,900747,,47889e44-df7c-4e2d-b3d9-48e841eed22a,UMBRO,135628,,CONTA E ORDEM VITÓRIA X ITABERABA
DASS SEST713792982631115CM1563209115625153NBR328277620260428-1,OK,DASS SEST,7,137929,1048514,82631,ATAC. MR110012 8MM RECICLADO COR 4699/PET [da5eae19-ae43-443b-9129-f52f08a3f44c],115CM,15632091,306,15625153NBR3282776,28/04/2026,17/08/2026,20,27/07/2026,900748,,da5eae19-ae43-443b-9129-f52f08a3f44c,NIKE,132706,,
DASS SEST713792982631120CM1563209115625153NBR328277620260428-1,OK,DASS SEST,7,137929,1048514,82631,ATAC. MR110012 8MM RECICLADO COR 4699/PET [35b07b7c-cc22-46be-922c-1a0e467d41b3],120CM,15632091,1142,15625153NBR3282776,28/04/2026,17/08/2026,20,27/07/2026,900749,,35b07b7c-cc22-46be-922c-1a0e467d41b3,NIKE,132706,,
DASS SEST713906293661120CM1575859515758319NBR328283920260528-1,OK,DASS SEST,7,139062,1065806,93661,ATAC. MR110029 RECICLADO COR 4662/PET [d3a4c36c-4aaa-44fb-8e83-55054e264a2c],120CM,15758595,84,15758319NBR3282839,28/05/2026,17/08/2026,20,27/07/2026,900750,,d3a4c36c-4aaa-44fb-8e83-55054e264a2c,NIKE,133773,,
DASS SEST713906293661120CM1575859515758320NBR328283920260528-1,OK,DASS SEST,7,139062,1065806,93661,ATAC. MR110029 RECICLADO COR 4662/PET [bfb82aaf-bd60-4289-85ac-50b106f754ec],120CM,15758595,84,15758320NBR3282839,28/05/2026,17/08/2026,20,27/07/2026,900751,,bfb82aaf-bd60-4289-85ac-50b106f754ec,NIKE,133773,,
DASS SEST713906293661120CM1575859515758322NBR328295720260528-1,OK,DASS SEST,7,139062,1065806,93661,ATAC. MR110029 RECICLADO COR 4662/PET [1b742d1f-9b91-4ebc-9742-1ee2640a0329],120CM,15758595,60,15758322NBR3282957,28/05/2026,17/08/2026,20,27/07/2026,900752,,1b742d1f-9b91-4ebc-9742-1ee2640a0329,NIKE,133773,,
DASS SEST713906293661120CM1575859515758323NBR328295720260528-1,OK,DASS SEST,7,139062,1065806,93661,ATAC. MR110029 RECICLADO COR 4662/PET [ec8753f1-15c5-48df-ac04-b8299a33253d],120CM,15758595,78,15758323NBR3282957,28/05/2026,17/08/2026,20,27/07/2026,900753,,ec8753f1-15c5-48df-ac04-b8299a33253d,NIKE,133773,,
DASS SEST713906293661130CM1575859515758319NBR328283920260528-1,OK,DASS SEST,7,139062,1065806,93661,ATAC. MR110029 RECICLADO COR 4662/PET [d68c6f30-ce73-4474-88f9-aa6f2562dd35],130CM,15758595,771,15758319NBR3282839,28/05/2026,17/08/2026,20,27/07/2026,900754,,d68c6f30-ce73-4474-88f9-aa6f2562dd35,NIKE,133773,,
DASS SEST713906293661130CM1575859515758320NBR328283920260528-1,OK,DASS SEST,7,139062,1065806,93661,ATAC. MR110029 RECICLADO COR 4662/PET [0990d6b6-b60f-4373-98d0-a56f9f82125a],130CM,15758595,786,15758320NBR3282839,28/05/2026,17/08/2026,20,27/07/2026,900755,,0990d6b6-b60f-4373-98d0-a56f9f82125a,NIKE,133773,,
DASS SEST713906293661130CM1575859515758322NBR328295720260528-1,OK,DASS SEST,7,139062,1065806,93661,ATAC. MR110029 RECICLADO COR 4662/PET [e888b639-cee2-4b77-a7c9-d7f3f83b3220],130CM,15758595,963,15758322NBR3282957,28/05/2026,17/08/2026,20,27/07/2026,900756,,e888b639-cee2-4b77-a7c9-d7f3f83b3220,NIKE,133773,,
DASS SEST713906293661130CM1575859515758323NBR328295720260528-1,OK,DASS SEST,7,139062,1065806,93661,ATAC. MR110029 RECICLADO COR 4662/PET [61da13a1-3068-4b82-b41b-866f1f7bee2d],130CM,15758595,1020,15758323NBR3282957,28/05/2026,17/08/2026,20,27/07/2026,900757,,61da13a1-3068-4b82-b41b-866f1f7bee2d,NIKE,133773,,
DASS SEST713906293661140CM1575859515758319NBR328283920260528-1,OK,DASS SEST,7,139062,1065806,93661,ATAC. MR110029 RECICLADO COR 4662/PET [0822127e-ba50-481f-945f-17c0b67b7a9c],140CM,15758595,174,15758319NBR3282839,28/05/2026,17/08/2026,20,27/07/2026,900758,,0822127e-ba50-481f-945f-17c0b67b7a9c,NIKE,133773,,
DASS SEST713906293661140CM1575859515758320NBR328283920260528-1,OK,DASS SEST,7,139062,1065806,93661,ATAC. MR110029 RECICLADO COR 4662/PET [636242db-116d-48e4-adbf-347203aec42a],140CM,15758595,156,15758320NBR3282839,28/05/2026,17/08/2026,20,27/07/2026,900759,,636242db-116d-48e4-adbf-347203aec42a,NIKE,133773,,
DASS SEST713906293661140CM1575859515758322NBR328295720260528-1,OK,DASS SEST,7,139062,1065806,93661,ATAC. MR110029 RECICLADO COR 4662/PET [7c6982ac-663e-4f1f-ad4f-7400a3dd6298],140CM,15758595,120,15758322NBR3282957,28/05/2026,17/08/2026,20,27/07/2026,900760,,7c6982ac-663e-4f1f-ad4f-7400a3dd6298,NIKE,133773,,
DASS SEST713906293661140CM1575859515758323NBR328295720260528-1,OK,DASS SEST,7,139062,1065806,93661,ATAC. MR110029 RECICLADO COR 4662/PET [bba60b3c-7654-479f-91c1-5bee70239dc6],140CM,15758595,120,15758323NBR3282957,28/05/2026,17/08/2026,20,27/07/2026,900761,,bba60b3c-7654-479f-91c1-5bee70239dc6,NIKE,133773,,
DASS SEST713922682628105CM1577519215773813NBR328291020260601-1,OK,DASS SEST,7,139226,1188919,82628,ATAC. MR140014 6MM RECICLADO COR 4085/PET [344aa1f2-6c96-4208-a052-02c54b3c68d6],105CM,15775192,306,15773813NBR3282910,01/06/2026,17/08/2026,20,27/07/2026,900762,,344aa1f2-6c96-4208-a052-02c54b3c68d6,NIKE,133927,,
DASS SEST713922682628105CM1577519215773814NBR328291720260601-1,OK,DASS SEST,7,139226,1188919,82628,ATAC. MR140014 6MM RECICLADO COR 4085/PET [882e3ff0-9f3e-4aee-9582-e07f373a9d38],105CM,15775192,306,15773814NBR3282917,01/06/2026,17/08/2026,20,27/07/2026,900763,,882e3ff0-9f3e-4aee-9582-e07f373a9d38,NIKE,133927,,
DASS SEST713922682628110CM1577519215773813NBR328291020260601-1,OK,DASS SEST,7,139226,1188919,82628,ATAC. MR140014 6MM RECICLADO COR 4085/PET [698bbde7-6bd5-4efc-9ab8-9a62896856a2],110CM,15775192,866,15773813NBR3282910,01/06/2026,17/08/2026,20,27/07/2026,900764,,698bbde7-6bd5-4efc-9ab8-9a62896856a2,NIKE,133927,,
DASS SEST713922682628110CM1577519215773814NBR328291720260601-1,OK,DASS SEST,7,139226,1188919,82628,ATAC. MR140014 6MM RECICLADO COR 4085/PET [69ec328f-131e-4cdd-ad82-6541b74b4dda],110CM,15775192,866,15773814NBR3282917,01/06/2026,17/08/2026,20,27/07/2026,900765,,69ec328f-131e-4cdd-ad82-6541b74b4dda,NIKE,133927,,
DASS SEST713922682628115CM1577519215773813NBR328291020260601-1,OK,DASS SEST,7,139226,1188919,82628,ATAC. MR140014 6MM RECICLADO COR 4085/PET [e1191668-0e03-4302-b14a-947c1677bdd4],115CM,15775192,348,15773813NBR3282910,01/06/2026,17/08/2026,20,27/07/2026,900766,,e1191668-0e03-4302-b14a-947c1677bdd4,NIKE,133927,,
DASS SEST713922682628115CM1577519215773814NBR328291720260601-1,OK,DASS SEST,7,139226,1188919,82628,ATAC. MR140014 6MM RECICLADO COR 4085/PET [1b98e5e1-d0df-4f7d-84d3-0dbcbd9d3dfb],115CM,15775192,348,15773814NBR3282917,01/06/2026,17/08/2026,20,27/07/2026,900767,,1b98e5e1-d0df-4f7d-84d3-0dbcbd9d3dfb,NIKE,133927,,
DASS SEST71392278262418MM1577527120260601-1,OK,DASS SEST,7,139227,1220520,82624,FITA MR100037 C/ GOMA RECICLADO COR 100/PET [13adb93e-b68b-403c-b74a-2a378a6e52ae],18MM,15775271,860,0,01/06/2026,17/08/2026,20,27/07/2026,900768,,13adb93e-b68b-403c-b74a-2a378a6e52ae,NIKE,133928,,
DASS SEST71395737400710MM1581678120260611-1,OK,DASS SEST,7,139573,1200469,74007,FITA M32164 C/ GOMA POLIESTER COR 4085 [c7d0587b-b5a8-4ed4-b56f-9dc62cff4e19],10MM,15816781,290,0,11/06/2026,17/08/2026,20,27/07/2026,900769,,c7d0587b-b5a8-4ed4-b56f-9dc62cff4e19,NIKE,134324,,
DASS SEST71395738373910MM1581678120260611-1,OK,DASS SEST,7,139573,1247438,83739,FITA M32164 C/ GOMA POLIESTER COR 4662 [3b4c128a-d439-4481-b12c-95a25a43ca11],10MM,15816781,110,0,11/06/2026,17/08/2026,20,27/07/2026,900770,,3b4c128a-d439-4481-b12c-95a25a43ca11,NIKE,134324,,
DASS SEST713963595798100CM1581640915815485NBR328284520260612-1,OK,DASS SEST,7,139635,1426278,95798,ATAC. MR130027 6MM RECICLADO COR 4409/PET [0c55a184-3f86-43ef-883d-b3b95f73da53],100CM,15816409,207,15815485NBR3282845,12/06/2026,17/08/2026,20,27/07/2026,900771,,0c55a184-3f86-43ef-883d-b3b95f73da53,NIKE,134338,,
DASS SEST713963595798105CM1581640915815485NBR328284520260612-1,OK,DASS SEST,7,139635,1426278,95798,ATAC. MR130027 6MM RECICLADO COR 4409/PET [299b68b1-052d-4325-9a4a-41b499839582],105CM,15816409,629,15815485NBR3282845,12/06/2026,17/08/2026,20,27/07/2026,900772,,299b68b1-052d-4325-9a4a-41b499839582,NIKE,134338,,
DASS SEST713963595798110CM1581640915815485NBR328284520260612-1,OK,DASS SEST,7,139635,1426278,95798,ATAC. MR130027 6MM RECICLADO COR 4409/PET [12c6fce6-665e-4586-bd92-eca6ddec123a],110CM,15816409,183,15815485NBR3282845,12/06/2026,17/08/2026,20,27/07/2026,900773,,12c6fce6-665e-4586-bd92-eca6ddec123a,NIKE,134338,,
DASS SEST713965082628100CM1581990815818124NBR328290020260612-1,OK,DASS SEST,7,139650,1188919,82628,ATAC. MR140014 6MM RECICLADO COR 4085/PET [cd84a73b-3eaa-450f-874b-20fe9d39182a],100CM,15819908,602,15818124NBR3282900,12/06/2026,17/08/2026,20,27/07/2026,900774,,cd84a73b-3eaa-450f-874b-20fe9d39182a,NIKE,134360,,
DASS SEST713965082628100CM1581990815818125NBR328290020260612-1,OK,DASS SEST,7,139650,1188919,82628,ATAC. MR140014 6MM RECICLADO COR 4085/PET [f5efb187-94d6-4440-9784-ba9f3e51f8a1],100CM,15819908,667,15818125NBR3282900,12/06/2026,17/08/2026,20,27/07/2026,900775,,f5efb187-94d6-4440-9784-ba9f3e51f8a1,NIKE,134360,,
DASS SEST713965082628105CM1581990815818124NBR328290020260612-1,OK,DASS SEST,7,139650,1188919,82628,ATAC. MR140014 6MM RECICLADO COR 4085/PET [a2c676d0-8879-4847-9f80-afd331fda0d5],105CM,15819908,313,15818124NBR3282900,12/06/2026,17/08/2026,20,27/07/2026,900776,,a2c676d0-8879-4847-9f80-afd331fda0d5,NIKE,134360,,
DASS SEST713965082628105CM1581990815818125NBR328290020260612-1,OK,DASS SEST,7,139650,1188919,82628,ATAC. MR140014 6MM RECICLADO COR 4085/PET [36fb0f2e-3ffa-4cd7-9aa7-7eaa8d29c34b],105CM,15819908,335,15818125NBR3282900,12/06/2026,17/08/2026,20,27/07/2026,900777,,36fb0f2e-3ffa-4cd7-9aa7-7eaa8d29c34b,NIKE,134360,,
DASS SEST71396518496110MM1582013320260612-1,OK,DASS SEST,7,139651,1233820,84961,FITA M32164 C/ GOMA POLIESTER COR 4021 [c239c200-d915-4ade-b557-4ed373375d49],10MM,15820133,140,0,12/06/2026,17/08/2026,20,27/07/2026,900778,,c239c200-d915-4ade-b557-4ed373375d49,NIKE,134361,,
DASS SEST71396518767810MM1582013320260612-1,OK,DASS SEST,7,139651,1301286,87678,FITA M32164 C/ GOMA POLIESTER COR 4588 [62b01e55-1270-4386-968f-1a64da9bf3f4],10MM,15820133,160,0,12/06/2026,17/08/2026,20,27/07/2026,900779,,62b01e55-1270-4386-968f-1a64da9bf3f4,NIKE,134361,,
DASS SEST71399339296316MM1584966020260622-1,OK,DASS SEST,7,139933,1353470,92963,FITA M31119 C/ GOMA POLIESTER COR 102 / COR 100 / COR 100 [9fbe48e5-2d68-46bc-8a1c-abee6f575588],16MM,15849660,1230,0,22/06/2026,17/08/2026,20,27/07/2026,900780,,9fbe48e5-2d68-46bc-8a1c-abee6f575588,FILA,134609,,
DASS SEST71399339514616MM1584966020260622-1,OK,DASS SEST,7,139933,1400623,95146,FITA M31119 C/ GOMA POLIESTER COR 447 / COR 114 / COR 114 [13f14a7d-62cd-4721-814a-e9c95e5aeb03],16MM,15849660,180,0,22/06/2026,17/08/2026,20,27/07/2026,900781,,13f14a7d-62cd-4721-814a-e9c95e5aeb03,FILA,134609,,
DASS SEST71399339548616MM1584966020260622-1,OK,DASS SEST,7,139933,1406217,95486,FITA M31119 C/ GOMA POLIESTER COR 447 / COR 100 / COR 100 [bfbe23d1-14fd-47bd-a343-05aa73db80f6],16MM,15849660,110,0,22/06/2026,17/08/2026,20,27/07/2026,900782,,bfbe23d1-14fd-47bd-a343-05aa73db80f6,FILA,134609,,
DASS SEST714009388808105CM1585915215858557NBR328296120260625-1,OK,DASS SEST,7,140093,1332602,88808,ATAC. M12176 5MM POLIESTER COR 4085 [f7267ebf-f8cf-454d-9bcd-450811390e76],105CM,15859152,402,15858557NBR3282961,25/06/2026,17/08/2026,20,27/07/2026,900783,,f7267ebf-f8cf-454d-9bcd-450811390e76,NIKE,134782,,
DASS SEST714009388808110CM1585915215858557NBR328296120260625-1,OK,DASS SEST,7,140093,1332602,88808,ATAC. M12176 5MM POLIESTER COR 4085 [c79dc85c-9eef-4cd2-ba19-5d75d1ab0e0f],110CM,15859152,764,15858557NBR3282961,25/06/2026,17/08/2026,20,27/07/2026,900784,,c79dc85c-9eef-4cd2-ba19-5d75d1ab0e0f,NIKE,134782,,
DASS SEST714009388808115CM1585915215858557NBR328296120260625-1,OK,DASS SEST,7,140093,1332602,88808,ATAC. M12176 5MM POLIESTER COR 4085 [d7c03f02-e717-48db-b77a-1e445a4cdf9e],115CM,15859152,246,15858557NBR3282961,25/06/2026,17/08/2026,20,27/07/2026,900785,,d7c03f02-e717-48db-b77a-1e445a4cdf9e,NIKE,134782,,
DASS SEST714009386978105CM1585915215856844NBR328293820260625-1,OK,DASS SEST,7,140093,1299257,86978,ATAC. MR130027 6MM RECICLADO COR 4085/PET [3f41570e-e60f-4874-919d-0625838c6aa9],105CM,15859152,384,15856844NBR3282938,25/06/2026,17/08/2026,20,27/07/2026,900786,,3f41570e-e60f-4874-919d-0625838c6aa9,NIKE,134782,,
DASS SEST714009386978105CM1585915215856845NBR328293820260625-1,OK,DASS SEST,7,140093,1299257,86978,ATAC. MR130027 6MM RECICLADO COR 4085/PET [b8c6419a-defb-48f2-b71c-c11202bdfa67],105CM,15859152,402,15856845NBR3282938,25/06/2026,17/08/2026,20,27/07/2026,900787,,b8c6419a-defb-48f2-b71c-c11202bdfa67,NIKE,134782,,
DASS SEST714009386978110CM1585915215856840NBR328293620260625-1,OK,DASS SEST,7,140093,1299257,86978,ATAC. MR130027 6MM RECICLADO COR 4085/PET [71d9c761-3b3a-4fd1-a3ae-a738a8bbc091],110CM,15859152,132,15856840NBR3282936,25/06/2026,17/08/2026,20,27/07/2026,900788,,71d9c761-3b3a-4fd1-a3ae-a738a8bbc091,NIKE,134782,,
DASS SEST714009386978110CM1585915215856841NBR328293620260625-1,OK,DASS SEST,7,140093,1299257,86978,ATAC. MR130027 6MM RECICLADO COR 4085/PET [11d5f5af-d5e6-4a7f-a2cc-52e58d4ffd7b],110CM,15859152,120,15856841NBR3282936,25/06/2026,17/08/2026,20,27/07/2026,900789,,11d5f5af-d5e6-4a7f-a2cc-52e58d4ffd7b,NIKE,134782,,
DASS SEST714009386978110CM1585915215856842NBR328293620260625-1,OK,DASS SEST,7,140093,1299257,86978,ATAC. MR130027 6MM RECICLADO COR 4085/PET [ec973fc1-1174-4e01-a087-2c484526d6b2],110CM,15859152,126,15856842NBR3282936,25/06/2026,17/08/2026,20,27/07/2026,900790,,ec973fc1-1174-4e01-a087-2c484526d6b2,NIKE,134782,,
DASS SEST714009386978110CM1585915215856844NBR328293820260625-1,OK,DASS SEST,7,140093,1299257,86978,ATAC. MR130027 6MM RECICLADO COR 4085/PET [1dfa21bc-e73c-4eb1-801d-f8a38c7f1327],110CM,15859152,470,15856844NBR3282938,25/06/2026,17/08/2026,20,27/07/2026,900791,,1dfa21bc-e73c-4eb1-801d-f8a38c7f1327,NIKE,134782,,
DASS SEST714009386978110CM1585915215856845NBR328293820260625-1,OK,DASS SEST,7,140093,1299257,86978,ATAC. MR130027 6MM RECICLADO COR 4085/PET [30da3498-a38a-43c1-964d-864a24c44e32],110CM,15859152,486,15856845NBR3282938,25/06/2026,17/08/2026,20,27/07/2026,900792,,30da3498-a38a-43c1-964d-864a24c44e32,NIKE,134782,,
DASS SEST714009386978115CM1585915215856840NBR328293620260625-1,OK,DASS SEST,7,140093,1299257,86978,ATAC. MR130027 6MM RECICLADO COR 4085/PET [bd17044d-22ce-4bf8-bc27-17c5902a653c],115CM,15859152,627,15856840NBR3282936,25/06/2026,17/08/2026,20,27/07/2026,900793,,bd17044d-22ce-4bf8-bc27-17c5902a653c,NIKE,134782,,
DASS SEST714009386978115CM1585915215856841NBR328293620260625-1,OK,DASS SEST,7,140093,1299257,86978,ATAC. MR130027 6MM RECICLADO COR 4085/PET [42a9569c-0a3f-408a-9b8b-ab8c595c5e85],115CM,15859152,600,15856841NBR3282936,25/06/2026,17/08/2026,20,27/07/2026,900794,,42a9569c-0a3f-408a-9b8b-ab8c595c5e85,NIKE,134782,,
DASS SEST714009386978115CM1585915215856842NBR328293620260625-1,OK,DASS SEST,7,140093,1299257,86978,ATAC. MR130027 6MM RECICLADO COR 4085/PET [baf8151a-b5f2-4f55-9ad5-d8dd08873ddf],115CM,15859152,618,15856842NBR3282936,25/06/2026,17/08/2026,20,27/07/2026,900795,,baf8151a-b5f2-4f55-9ad5-d8dd08873ddf,NIKE,134782,,
DASS SEST714009386978115CM1585915215856844NBR328293820260625-1,OK,DASS SEST,7,140093,1299257,86978,ATAC. MR130027 6MM RECICLADO COR 4085/PET [486e31d5-c319-4178-85f8-fe6d458de240],115CM,15859152,84,15856844NBR3282938,25/06/2026,17/08/2026,20,27/07/2026,900796,,486e31d5-c319-4178-85f8-fe6d458de240,NIKE,134782,,
DASS SEST714009386978115CM1585915215856845NBR328293820260625-1,OK,DASS SEST,7,140093,1299257,86978,ATAC. MR130027 6MM RECICLADO COR 4085/PET [3a3c7180-7ede-42eb-9e51-c5fbf43bd22c],115CM,15859152,72,15856845NBR3282938,25/06/2026,17/08/2026,20,27/07/2026,900797,,3a3c7180-7ede-42eb-9e51-c5fbf43bd22c,NIKE,134782,,
DASS SEST714009386978120CM1585915215856840NBR328293620260625-1,OK,DASS SEST,7,140093,1299257,86978,ATAC. MR130027 6MM RECICLADO COR 4085/PET [8f4b13d7-a8e8-4c4c-95d8-29e2d8710892],120CM,15859152,192,15856840NBR3282936,25/06/2026,17/08/2026,20,27/07/2026,900798,,8f4b13d7-a8e8-4c4c-95d8-29e2d8710892,NIKE,134782,,
DASS SEST714009386978120CM1585915215856841NBR328293620260625-1,OK,DASS SEST,7,140093,1299257,86978,ATAC. MR130027 6MM RECICLADO COR 4085/PET [20b48d90-eb96-4606-86aa-a521d0d27956],120CM,15859152,192,15856841NBR3282936,25/06/2026,17/08/2026,20,27/07/2026,900799,,20b48d90-eb96-4606-86aa-a521d0d27956,NIKE,134782,,
DASS SEST714009386978120CM1585915215856842NBR328293620260625-1,OK,DASS SEST,7,140093,1299257,86978,ATAC. MR130027 6MM RECICLADO COR 4085/PET [fb08b54a-75c0-45c9-a020-6428b27f2f44],120CM,15859152,204,15856842NBR3282936,25/06/2026,17/08/2026,20,27/07/2026,900800,,fb08b54a-75c0-45c9-a020-6428b27f2f44,NIKE,134782,,
DASS SEST714009388695105CM1585915215856857NBR328292820260625-1,OK,DASS SEST,7,140093,1301800,88695,ATAC. MR130027 6MM RECICLADO COR 4662/PET [e572b1ad-7ff7-4be9-8c65-b7bfc5149bef],105CM,15859152,540,15856857NBR3282928,25/06/2026,17/08/2026,20,27/07/2026,900801,,e572b1ad-7ff7-4be9-8c65-b7bfc5149bef,NIKE,134782,,
DASS SEST714009388695110CM1585915215856857NBR328292820260625-1,OK,DASS SEST,7,140093,1301800,88695,ATAC. MR130027 6MM RECICLADO COR 4662/PET [7dc19a72-1880-42b9-87e3-1fd6f3b75d76],110CM,15859152,626,15856857NBR3282928,25/06/2026,17/08/2026,20,27/07/2026,900802,,7dc19a72-1880-42b9-87e3-1fd6f3b75d76,NIKE,134782,,
DASS SEST714009388695115CM1585915215856857NBR328292820260625-1,OK,DASS SEST,7,140093,1301800,88695,ATAC. MR130027 6MM RECICLADO COR 4662/PET [ed346fcf-74a0-49c4-95b6-08df23bbac58],115CM,15859152,54,15856857NBR3282928,25/06/2026,17/08/2026,20,27/07/2026,900803,,ed346fcf-74a0-49c4-95b6-08df23bbac58,NIKE,134782,,
DASS SEST714012688668110CM1585578415850197NBR328286520260625-1,OK,DASS SEST,7,140126,1304277,88668,ATAC. MR110022 7MM RECICLADO COR 4085/PET / COR 496/PET [765e9b9f-a419-4c4a-853e-5703bcfe476c],110CM,15855784,204,15850197NBR3282865,25/06/2026,17/08/2026,20,27/07/2026,900804,,765e9b9f-a419-4c4a-853e-5703bcfe476c,NIKE,134817,,
DASS SEST714012688668110CM1585578415850198NBR328286520260625-1,OK,DASS SEST,7,140126,1304277,88668,ATAC. MR110022 7MM RECICLADO COR 4085/PET / COR 496/PET [d1b857c8-7e9a-4677-afc8-aa5ca9090059],110CM,15855784,246,15850198NBR3282865,25/06/2026,17/08/2026,20,27/07/2026,900805,,d1b857c8-7e9a-4677-afc8-aa5ca9090059,NIKE,134817,,
DASS SEST714012688668110CM1585578415850200NBR328287720260625-1,OK,DASS SEST,7,140126,1304277,88668,ATAC. MR110022 7MM RECICLADO COR 4085/PET / COR 496/PET [c7aad165-10da-4eb1-8fc0-6dd3b9d34151],110CM,15855784,204,15850200NBR3282877,25/06/2026,17/08/2026,20,27/07/2026,900806,,c7aad165-10da-4eb1-8fc0-6dd3b9d34151,NIKE,134817,,
DASS SEST714012688668110CM1585578415850201NBR328287720260625-1,OK,DASS SEST,7,140126,1304277,88668,ATAC. MR110022 7MM RECICLADO COR 4085/PET / COR 496/PET [430299bd-4bc1-4a53-ba5a-b4ceb5a500d8],110CM,15855784,246,15850201NBR3282877,25/06/2026,17/08/2026,20,27/07/2026,900807,,430299bd-4bc1-4a53-ba5a-b4ceb5a500d8,NIKE,134817,,
DASS SEST714012688668110CM1585578415850202NBR328288220260625-1,OK,DASS SEST,7,140126,1304277,88668,ATAC. MR110022 7MM RECICLADO COR 4085/PET / COR 496/PET [3c7efb27-5187-48d4-9624-ba54f2fb9c6b],110CM,15855784,1071,15850202NBR3282882,25/06/2026,17/08/2026,20,27/07/2026,900808,,3c7efb27-5187-48d4-9624-ba54f2fb9c6b,NIKE,134817,,
DASS SEST714012688668110CM1585578415850203NBR328288220260625-1,OK,DASS SEST,7,140126,1304277,88668,ATAC. MR110022 7MM RECICLADO COR 4085/PET / COR 496/PET [f147f486-895a-4920-be04-16c89f9082dd],110CM,15855784,1140,15850203NBR3282882,25/06/2026,17/08/2026,20,27/07/2026,900809,,f147f486-895a-4920-be04-16c89f9082dd,NIKE,134817,,
DASS SEST714012688668110CM1585578415854336NEX000007020260625-1,OK,DASS SEST,7,140126,1304277,88668,ATAC. MR110022 7MM RECICLADO COR 4085/PET / COR 496/PET [dba070ff-6c31-4c76-a073-887f22b6376b],110CM,15855784,1290,15854336NEX0000070,25/06/2026,17/08/2026,20,27/07/2026,900810,,dba070ff-6c31-4c76-a073-887f22b6376b,NIKE,134817,,
DASS SEST714012688668110CM1585578415854337NEX000007020260625-1,OK,DASS SEST,7,140126,1304277,88668,ATAC. MR110022 7MM RECICLADO COR 4085/PET / COR 496/PET [24a11572-24c5-467c-8969-5ae6e62bd047],110CM,15855784,1284,15854337NEX0000070,25/06/2026,17/08/2026,20,27/07/2026,900811,,24a11572-24c5-467c-8969-5ae6e62bd047,NIKE,134817,,
DASS SEST714012688668110CM1585578415854338NEX000007020260625-1,OK,DASS SEST,7,140126,1304277,88668,ATAC. MR110022 7MM RECICLADO COR 4085/PET / COR 496/PET [e56e2fb1-7184-4d65-a83b-036fda2949b2],110CM,15855784,1284,15854338NEX0000070,25/06/2026,17/08/2026,20,27/07/2026,900812,,e56e2fb1-7184-4d65-a83b-036fda2949b2,NIKE,134817,,
DASS SEST714012688668110CM1585578415854339NEX000007020260625-1,OK,DASS SEST,7,140126,1304277,88668,ATAC. MR110022 7MM RECICLADO COR 4085/PET / COR 496/PET [ed8c90b3-6f6d-488d-9723-00e3922aee8d],110CM,15855784,1368,15854339NEX0000070,25/06/2026,17/08/2026,20,27/07/2026,900813,,ed8c90b3-6f6d-488d-9723-00e3922aee8d,NIKE,134817,,
DASS SEST714012688668115CM1585578415850197NBR328286520260625-1,OK,DASS SEST,7,140126,1304277,88668,ATAC. MR110022 7MM RECICLADO COR 4085/PET / COR 496/PET [be1c2f14-5dcf-4bdb-8901-5a35d161bf40],115CM,15855784,494,15850197NBR3282865,25/06/2026,17/08/2026,20,27/07/2026,900814,,be1c2f14-5dcf-4bdb-8901-5a35d161bf40,NIKE,134817,,
DASS SEST714012688668115CM1585578415850198NBR328286520260625-1,OK,DASS SEST,7,140126,1304277,88668,ATAC. MR110022 7MM RECICLADO COR 4085/PET / COR 496/PET [8c739e4e-20f9-47cc-8f14-356dde346dd7],115CM,15855784,498,15850198NBR3282865,25/06/2026,17/08/2026,20,27/07/2026,900815,,8c739e4e-20f9-47cc-8f14-356dde346dd7,NIKE,134817,,
DASS SEST714012688668115CM1585578415850200NBR328287720260625-1,OK,DASS SEST,7,140126,1304277,88668,ATAC. MR110022 7MM RECICLADO COR 4085/PET / COR 496/PET [be5bfa42-ace1-4a5e-8a6c-39b1adcd2f2f],115CM,15855784,494,15850200NBR3282877,25/06/2026,17/08/2026,20,27/07/2026,900816,,be5bfa42-ace1-4a5e-8a6c-39b1adcd2f2f,NIKE,134817,,
DASS SEST714012688668115CM1585578415850201NBR328287720260625-1,OK,DASS SEST,7,140126,1304277,88668,ATAC. MR110022 7MM RECICLADO COR 4085/PET / COR 496/PET [4187a61f-762a-41aa-8f44-1d06830a9b97],115CM,15855784,498,15850201NBR3282877,25/06/2026,17/08/2026,20,27/07/2026,900817,,4187a61f-762a-41aa-8f44-1d06830a9b97,NIKE,134817,,
DASS SEST714012688668115CM1585578415850202NBR328288220260625-1,OK,DASS SEST,7,140126,1304277,88668,ATAC. MR110022 7MM RECICLADO COR 4085/PET / COR 496/PET [e1385a47-dd09-4e55-a3f1-33a9ae0e6c86],115CM,15855784,24,15850202NBR3282882,25/06/2026,17/08/2026,20,27/07/2026,900818,,e1385a47-dd09-4e55-a3f1-33a9ae0e6c86,NIKE,134817,,
DASS SEST714012688668115CM1585578415850203NBR328288220260625-1,OK,DASS SEST,7,140126,1304277,88668,ATAC. MR110022 7MM RECICLADO COR 4085/PET / COR 496/PET [1a4de25b-3427-40fa-964e-9a14c19bfcab],115CM,15855784,24,15850203NBR3282882,25/06/2026,17/08/2026,20,27/07/2026,900819,,1a4de25b-3427-40fa-964e-9a14c19bfcab,NIKE,134817,,
DASS SEST714012688668115CM1585578415854336NEX000007020260625-1,OK,DASS SEST,7,140126,1304277,88668,ATAC. MR110022 7MM RECICLADO COR 4085/PET / COR 496/PET [2da2f5fd-64d1-450d-8a89-1bb00115a567],115CM,15855784,108,15854336NEX0000070,25/06/2026,17/08/2026,20,27/07/2026,900820,,2da2f5fd-64d1-450d-8a89-1bb00115a567,NIKE,134817,,
DASS SEST714012688668115CM1585578415854337NEX000007020260625-1,OK,DASS SEST,7,140126,1304277,88668,ATAC. MR110022 7MM RECICLADO COR 4085/PET / COR 496/PET [03e8aa8e-2928-45ac-ac67-c8f0576cb72e],115CM,15855784,108,15854337NEX0000070,25/06/2026,17/08/2026,20,27/07/2026,900821,,03e8aa8e-2928-45ac-ac67-c8f0576cb72e,NIKE,134817,,
DASS SEST714012688668115CM1585578415854338NEX000007020260625-1,OK,DASS SEST,7,140126,1304277,88668,ATAC. MR110022 7MM RECICLADO COR 4085/PET / COR 496/PET [f2434d86-7214-4b52-9224-a34d3a6cee47],115CM,15855784,96,15854338NEX0000070,25/06/2026,17/08/2026,20,27/07/2026,900822,,f2434d86-7214-4b52-9224-a34d3a6cee47,NIKE,134817,,
DASS SEST714012688668115CM1585578415854339NEX000007020260625-1,OK,DASS SEST,7,140126,1304277,88668,ATAC. MR110022 7MM RECICLADO COR 4085/PET / COR 496/PET [6b68d23a-455b-4a48-9fa2-09b4fdf94471],115CM,15855784,102,15854339NEX0000070,25/06/2026,17/08/2026,20,27/07/2026,900823,,6b68d23a-455b-4a48-9fa2-09b4fdf94471,NIKE,134817,,
DASS SEST714012688668120CM1585578415850197NBR328286520260625-1,OK,DASS SEST,7,140126,1304277,88668,ATAC. MR110022 7MM RECICLADO COR 4085/PET / COR 496/PET [00598229-2516-4d3b-ac78-ed08e9a2df69],120CM,15855784,132,15850197NBR3282865,25/06/2026,17/08/2026,20,27/07/2026,900824,,00598229-2516-4d3b-ac78-ed08e9a2df69,NIKE,134817,,
DASS SEST714012688668120CM1585578415850198NBR328286520260625-1,OK,DASS SEST,7,140126,1304277,88668,ATAC. MR110022 7MM RECICLADO COR 4085/PET / COR 496/PET [b14f937f-b0a3-42dd-b5e0-a9d365d66627],120CM,15855784,138,15850198NBR3282865,25/06/2026,17/08/2026,20,27/07/2026,900825,,b14f937f-b0a3-42dd-b5e0-a9d365d66627,NIKE,134817,,
DASS SEST714012688668120CM1585578415850200NBR328287720260625-1,OK,DASS SEST,7,140126,1304277,88668,ATAC. MR110022 7MM RECICLADO COR 4085/PET / COR 496/PET [1fca319f-7eda-46f1-907d-9c84fba1e933],120CM,15855784,132,15850200NBR3282877,25/06/2026,17/08/2026,20,27/07/2026,900826,,1fca319f-7eda-46f1-907d-9c84fba1e933,NIKE,134817,,
DASS SEST714012688668120CM1585578415850201NBR328287720260625-1,OK,DASS SEST,7,140126,1304277,88668,ATAC. MR110022 7MM RECICLADO COR 4085/PET / COR 496/PET [84fab782-1923-492f-a595-726ae0c3ab1b],120CM,15855784,138,15850201NBR3282877,25/06/2026,17/08/2026,20,27/07/2026,900827,,84fab782-1923-492f-a595-726ae0c3ab1b,NIKE,134817,,
DASS SEST714012695026110CM1585578415850242NBR328289520260625-1,OK,DASS SEST,7,140126,1413117,95026,ATAC. MR110022 7MM RECICLADO COR 6146/PET / COR 492/PET [f008fd44-e31d-488c-bdeb-f3a05e332a47],110CM,15855784,204,15850242NBR3282895,25/06/2026,17/08/2026,20,27/07/2026,900828,,f008fd44-e31d-488c-bdeb-f3a05e332a47,NIKE,134817,,
DASS SEST714012695026110CM1585578415850243NBR328289520260625-1,OK,DASS SEST,7,140126,1413117,95026,ATAC. MR110022 7MM RECICLADO COR 6146/PET / COR 492/PET [5163958e-fabb-4213-95c0-82d2badd5cb6],110CM,15855784,210,15850243NBR3282895,25/06/2026,17/08/2026,20,27/07/2026,900829,,5163958e-fabb-4213-95c0-82d2badd5cb6,NIKE,134817,,
DASS SEST714012695026115CM1585578415850242NBR328289520260625-1,OK,DASS SEST,7,140126,1413117,95026,ATAC. MR110022 7MM RECICLADO COR 6146/PET / COR 492/PET [6b011148-d103-43b2-abab-0cbedcb1a50a],115CM,15855784,476,15850242NBR3282895,25/06/2026,17/08/2026,20,27/07/2026,900830,,6b011148-d103-43b2-abab-0cbedcb1a50a,NIKE,134817,,
DASS SEST714012695026115CM1585578415850243NBR328289520260625-1,OK,DASS SEST,7,140126,1413117,95026,ATAC. MR110022 7MM RECICLADO COR 6146/PET / COR 492/PET [1dd56816-04e3-4b65-9681-f1c2fb42381a],115CM,15855784,492,15850243NBR3282895,25/06/2026,17/08/2026,20,27/07/2026,900831,,1dd56816-04e3-4b65-9681-f1c2fb42381a,NIKE,134817,,
DASS SEST714012695026120CM1585578415850242NBR328289520260625-1,OK,DASS SEST,7,140126,1413117,95026,ATAC. MR110022 7MM RECICLADO COR 6146/PET / COR 492/PET [95fbb4ff-a25c-459d-9dc8-362eae7f8f3c],120CM,15855784,156,15850242NBR3282895,25/06/2026,17/08/2026,20,27/07/2026,900832,,95fbb4ff-a25c-459d-9dc8-362eae7f8f3c,NIKE,134817,,
DASS SEST714012695026120CM1585578415850243NBR328289520260625-1,OK,DASS SEST,7,140126,1413117,95026,ATAC. MR110022 7MM RECICLADO COR 6146/PET / COR 492/PET [885e6469-6e78-4e24-8ef8-795380770e1d],120CM,15855784,162,15850243NBR3282895,25/06/2026,17/08/2026,20,27/07/2026,900833,,885e6469-6e78-4e24-8ef8-795380770e1d,NIKE,134817,,
DASS SEST714012695898110CM1585578415850251NBR328290820260625-1,OK,DASS SEST,7,140126,1424204,95898,ATAC. MR110022 7MM RECICLADO COR 6222/PET / COR 4259/PET [6b23dcab-c4a5-41ec-ac69-073a0f55ff92],110CM,15855784,144,15850251NBR3282908,25/06/2026,17/08/2026,20,27/07/2026,900834,,6b23dcab-c4a5-41ec-ac69-073a0f55ff92,NIKE,134817,,
DASS SEST714012695898110CM1585578415850252NBR328290820260625-1,OK,DASS SEST,7,140126,1424204,95898,ATAC. MR110022 7MM RECICLADO COR 6222/PET / COR 4259/PET [ca5f3c4d-f35c-4722-b38e-cf362eb17932],110CM,15855784,174,15850252NBR3282908,25/06/2026,17/08/2026,20,27/07/2026,900835,,ca5f3c4d-f35c-4722-b38e-cf362eb17932,NIKE,134817,,
DASS SEST714012695898115CM1585578415850251NBR328290820260625-1,OK,DASS SEST,7,140126,1424204,95898,ATAC. MR110022 7MM RECICLADO COR 6222/PET / COR 4259/PET [93e0115d-b490-4392-8f9a-59859bb7c870],115CM,15855784,428,15850251NBR3282908,25/06/2026,17/08/2026,20,27/07/2026,900836,,93e0115d-b490-4392-8f9a-59859bb7c870,NIKE,134817,,
DASS SEST714012695898115CM1585578415850252NBR328290820260625-1,OK,DASS SEST,7,140126,1424204,95898,ATAC. MR110022 7MM RECICLADO COR 6222/PET / COR 4259/PET [e9116ce1-bf32-4515-bf93-d58a306f1d67],115CM,15855784,420,15850252NBR3282908,25/06/2026,17/08/2026,20,27/07/2026,900837,,e9116ce1-bf32-4515-bf93-d58a306f1d67,NIKE,134817,,
DASS SEST714012695898120CM1585578415850251NBR328290820260625-1,OK,DASS SEST,7,140126,1424204,95898,ATAC. MR110022 7MM RECICLADO COR 6222/PET / COR 4259/PET [7828fa01-c9b6-4779-8aa6-b09fa30368a4],120CM,15855784,108,15850251NBR3282908,25/06/2026,17/08/2026,20,27/07/2026,900838,,7828fa01-c9b6-4779-8aa6-b09fa30368a4,NIKE,134817,,
DASS SEST714012695898120CM1585578415850252NBR328290820260625-1,OK,DASS SEST,7,140126,1424204,95898,ATAC. MR110022 7MM RECICLADO COR 6222/PET / COR 4259/PET [6e89df12-bdd9-48e2-85ea-4e7f3a64c272],120CM,15855784,132,15850252NBR3282908,25/06/2026,17/08/2026,20,27/07/2026,900839,,6e89df12-bdd9-48e2-85ea-4e7f3a64c272,NIKE,134817,,
DASS SEST714012695900110CM1585578415850247NBR328289420260625-1,OK,DASS SEST,7,140126,1424205,95900,ATAC. MR110022 7MM RECICLADO COR 057/PET / COR 5946/PET [64aa0ebf-93f3-4390-8af9-4d569fb74529],110CM,15855784,264,15850247NBR3282894,25/06/2026,17/08/2026,20,27/07/2026,900840,,64aa0ebf-93f3-4390-8af9-4d569fb74529,NIKE,134817,,
DASS SEST714012695900110CM1585578415850248NBR328289420260625-1,OK,DASS SEST,7,140126,1424205,95900,ATAC. MR110022 7MM RECICLADO COR 057/PET / COR 5946/PET [2ef975fb-5eef-4d7e-94a7-bd7be5ea5baa],110CM,15855784,288,15850248NBR3282894,25/06/2026,17/08/2026,20,27/07/2026,900841,,2ef975fb-5eef-4d7e-94a7-bd7be5ea5baa,NIKE,134817,,
DASS SEST714012695900115CM1585578415850247NBR328289420260625-1,OK,DASS SEST,7,140126,1424205,95900,ATAC. MR110022 7MM RECICLADO COR 057/PET / COR 5946/PET [87dd2c31-912f-4a93-9038-551773a161de],115CM,15855784,657,15850247NBR3282894,25/06/2026,17/08/2026,20,27/07/2026,900842,,87dd2c31-912f-4a93-9038-551773a161de,NIKE,134817,,
DASS SEST714012695900115CM1585578415850248NBR328289420260625-1,OK,DASS SEST,7,140126,1424205,95900,ATAC. MR110022 7MM RECICLADO COR 057/PET / COR 5946/PET [691eafc6-51f0-4793-974e-377a7b4ed1bc],115CM,15855784,678,15850248NBR3282894,25/06/2026,17/08/2026,20,27/07/2026,900843,,691eafc6-51f0-4793-974e-377a7b4ed1bc,NIKE,134817,,
DASS SEST714012695900120CM1585578415850247NBR328289420260625-1,OK,DASS SEST,7,140126,1424205,95900,ATAC. MR110022 7MM RECICLADO COR 057/PET / COR 5946/PET [60185eeb-42c6-4c2d-8946-21758cf046af],120CM,15855784,168,15850247NBR3282894,25/06/2026,17/08/2026,20,27/07/2026,900844,,60185eeb-42c6-4c2d-8946-21758cf046af,NIKE,134817,,
DASS SEST714012695900120CM1585578415850248NBR328289420260625-1,OK,DASS SEST,7,140126,1424205,95900,ATAC. MR110022 7MM RECICLADO COR 057/PET / COR 5946/PET [cbcdbbe5-1d2e-4a98-b630-5d318bc6f691],120CM,15855784,186,15850248NBR3282894,25/06/2026,17/08/2026,20,27/07/2026,900845,,cbcdbbe5-1d2e-4a98-b630-5d318bc6f691,NIKE,134817,,
DASS SEST714019282628105CM1587266515865440NBR328292220260626-1,OK,DASS SEST,7,140192,1188919,82628,ATAC. MR140014 6MM RECICLADO COR 4085/PET [73c64657-575b-45ff-b352-3f3091949513],105CM,15872665,120,15865440NBR3282922,26/06/2026,17/08/2026,20,27/07/2026,900846,,73c64657-575b-45ff-b352-3f3091949513,NIKE,134942,,
DASS SEST714019282628105CM1587266515865441NBR328292220260626-1,OK,DASS SEST,7,140192,1188919,82628,ATAC. MR140014 6MM RECICLADO COR 4085/PET [1bee6094-7a0b-4076-a711-f090c5ffcf15],105CM,15872665,114,15865441NBR3282922,26/06/2026,17/08/2026,20,27/07/2026,900847,,1bee6094-7a0b-4076-a711-f090c5ffcf15,NIKE,134942,,
DASS SEST714019282628105CM1587266515865442NBR328292920260626-1,OK,DASS SEST,7,140192,1188919,82628,ATAC. MR140014 6MM RECICLADO COR 4085/PET [e03cc706-85d3-478f-9b6e-34aee0bc670f],105CM,15872665,120,15865442NBR3282929,26/06/2026,17/08/2026,20,27/07/2026,900848,,e03cc706-85d3-478f-9b6e-34aee0bc670f,NIKE,134942,,
DASS SEST714019282628105CM1587266515865444NBR328292920260626-1,OK,DASS SEST,7,140192,1188919,82628,ATAC. MR140014 6MM RECICLADO COR 4085/PET [4397342b-c1e7-457e-b2ab-a739ce0b732c],105CM,15872665,114,15865444NBR3282929,26/06/2026,17/08/2026,20,27/07/2026,900849,,4397342b-c1e7-457e-b2ab-a739ce0b732c,NIKE,134942,,
DASS SEST714019282628105CM1587266515865445NBR328293320260626-1,OK,DASS SEST,7,140192,1188919,82628,ATAC. MR140014 6MM RECICLADO COR 4085/PET [163ff939-972f-4c12-82eb-3eed1e4b54a8],105CM,15872665,114,15865445NBR3282933,26/06/2026,17/08/2026,20,27/07/2026,900850,,163ff939-972f-4c12-82eb-3eed1e4b54a8,NIKE,134942,,
DASS SEST714019282628105CM1587266515865446NBR328293320260626-1,OK,DASS SEST,7,140192,1188919,82628,ATAC. MR140014 6MM RECICLADO COR 4085/PET [0e64c38f-8dce-4e58-896c-80241bdcaeaf],105CM,15872665,108,15865446NBR3282933,26/06/2026,17/08/2026,20,27/07/2026,900851,,0e64c38f-8dce-4e58-896c-80241bdcaeaf,NIKE,134942,,
DASS SEST714019282628105CM1587266515865447NBR328294120260626-1,OK,DASS SEST,7,140192,1188919,82628,ATAC. MR140014 6MM RECICLADO COR 4085/PET [f2b91cf0-e75e-4fc0-ac23-01f1f9772521],105CM,15872665,120,15865447NBR3282941,26/06/2026,17/08/2026,20,27/07/2026,900852,,f2b91cf0-e75e-4fc0-ac23-01f1f9772521,NIKE,134942,,
DASS SEST714019282628105CM1587266515865448NBR328294120260626-1,OK,DASS SEST,7,140192,1188919,82628,ATAC. MR140014 6MM RECICLADO COR 4085/PET [84d1814f-6d07-448b-b3fd-de50464d82ff],105CM,15872665,114,15865448NBR3282941,26/06/2026,17/08/2026,20,27/07/2026,900853,,84d1814f-6d07-448b-b3fd-de50464d82ff,NIKE,134942,,
DASS SEST714019282628110CM1587266515865440NBR328292220260626-1,OK,DASS SEST,7,140192,1188919,82628,ATAC. MR140014 6MM RECICLADO COR 4085/PET [7dbfd599-f376-4d2f-bce4-d354711b39e6],110CM,15872665,699,15865440NBR3282922,26/06/2026,17/08/2026,20,27/07/2026,900854,,7dbfd599-f376-4d2f-bce4-d354711b39e6,NIKE,134942,,
DASS SEST714019282628110CM1587266515865441NBR328292220260626-1,OK,DASS SEST,7,140192,1188919,82628,ATAC. MR140014 6MM RECICLADO COR 4085/PET [36e908b5-e0a7-4bf0-a800-fb1346eb63c6],110CM,15872665,714,15865441NBR3282922,26/06/2026,17/08/2026,20,27/07/2026,900855,,36e908b5-e0a7-4bf0-a800-fb1346eb63c6,NIKE,134942,,
DASS SEST714019282628110CM1587266515865442NBR328292920260626-1,OK,DASS SEST,7,140192,1188919,82628,ATAC. MR140014 6MM RECICLADO COR 4085/PET [2bdace57-aece-4d98-b27a-9dcc06f7203a],110CM,15872665,699,15865442NBR3282929,26/06/2026,17/08/2026,20,27/07/2026,900856,,2bdace57-aece-4d98-b27a-9dcc06f7203a,NIKE,134942,,
DASS SEST714019282628110CM1587266515865444NBR328292920260626-1,OK,DASS SEST,7,140192,1188919,82628,ATAC. MR140014 6MM RECICLADO COR 4085/PET [692da09e-5c58-47c3-a560-3ded15f4ca74],110CM,15872665,714,15865444NBR3282929,26/06/2026,17/08/2026,20,27/07/2026,900857,,692da09e-5c58-47c3-a560-3ded15f4ca74,NIKE,134942,,
DASS SEST714019282628110CM1587266515865445NBR328293320260626-1,OK,DASS SEST,7,140192,1188919,82628,ATAC. MR140014 6MM RECICLADO COR 4085/PET [07165b76-d318-4883-81f3-e1382ea833c3],110CM,15872665,693,15865445NBR3282933,26/06/2026,17/08/2026,20,27/07/2026,900858,,07165b76-d318-4883-81f3-e1382ea833c3,NIKE,134942,,
DASS SEST714019282628110CM1587266515865446NBR328293320260626-1,OK,DASS SEST,7,140192,1188919,82628,ATAC. MR140014 6MM RECICLADO COR 4085/PET [18221ac8-891d-4f9e-afa5-f1679c297b5b],110CM,15872665,696,15865446NBR3282933,26/06/2026,17/08/2026,20,27/07/2026,900859,,18221ac8-891d-4f9e-afa5-f1679c297b5b,NIKE,134942,,
DASS SEST714019282628110CM1587266515865447NBR328294120260626-1,OK,DASS SEST,7,140192,1188919,82628,ATAC. MR140014 6MM RECICLADO COR 4085/PET [bc19a483-d433-4e96-b275-c146506b14b1],110CM,15872665,699,15865447NBR3282941,26/06/2026,17/08/2026,20,27/07/2026,900860,,bc19a483-d433-4e96-b275-c146506b14b1,NIKE,134942,,
DASS SEST714019282628110CM1587266515865448NBR328294120260626-1,OK,DASS SEST,7,140192,1188919,82628,ATAC. MR140014 6MM RECICLADO COR 4085/PET [e4e2ca72-13ff-47dd-b9d8-3cfc035b4e2c],110CM,15872665,714,15865448NBR3282941,26/06/2026,17/08/2026,20,27/07/2026,900861,,e4e2ca72-13ff-47dd-b9d8-3cfc035b4e2c,NIKE,134942,,
DASS SEST714019282628115CM1587266515865440NBR328292220260626-1,OK,DASS SEST,7,140192,1188919,82628,ATAC. MR140014 6MM RECICLADO COR 4085/PET [f91ac3e5-6731-4ab1-9440-dde4bc193bc6],115CM,15872665,204,15865440NBR3282922,26/06/2026,17/08/2026,20,27/07/2026,900862,,f91ac3e5-6731-4ab1-9440-dde4bc193bc6,NIKE,134942,,
DASS SEST714019282628115CM1587266515865441NBR328292220260626-1,OK,DASS SEST,7,140192,1188919,82628,ATAC. MR140014 6MM RECICLADO COR 4085/PET [e778461c-3781-4acf-a628-67eeeb58825a],115CM,15872665,228,15865441NBR3282922,26/06/2026,17/08/2026,20,27/07/2026,900863,,e778461c-3781-4acf-a628-67eeeb58825a,NIKE,134942,,
DASS SEST714019282628115CM1587266515865442NBR328292920260626-1,OK,DASS SEST,7,140192,1188919,82628,ATAC. MR140014 6MM RECICLADO COR 4085/PET [ce2a9f0e-0779-4b78-aa34-d792814c0bfb],115CM,15872665,204,15865442NBR3282929,26/06/2026,17/08/2026,20,27/07/2026,900864,,ce2a9f0e-0779-4b78-aa34-d792814c0bfb,NIKE,134942,,
DASS SEST714019282628115CM1587266515865444NBR328292920260626-1,OK,DASS SEST,7,140192,1188919,82628,ATAC. MR140014 6MM RECICLADO COR 4085/PET [9f46d8b0-d287-4f26-8aae-ddb4fddc1b0a],115CM,15872665,228,15865444NBR3282929,26/06/2026,17/08/2026,20,27/07/2026,900865,,9f46d8b0-d287-4f26-8aae-ddb4fddc1b0a,NIKE,134942,,
DASS SEST714019282628115CM1587266515865445NBR328293320260626-1,OK,DASS SEST,7,140192,1188919,82628,ATAC. MR140014 6MM RECICLADO COR 4085/PET [ffb183b6-1a4d-4e5f-8801-1e82190fd480],115CM,15872665,204,15865445NBR3282933,26/06/2026,17/08/2026,20,27/07/2026,900866,,ffb183b6-1a4d-4e5f-8801-1e82190fd480,NIKE,134942,,
DASS SEST714019282628115CM1587266515865446NBR328293320260626-1,OK,DASS SEST,7,140192,1188919,82628,ATAC. MR140014 6MM RECICLADO COR 4085/PET [117dcc31-9dc5-45c5-9b1f-98d5573bd338],115CM,15872665,216,15865446NBR3282933,26/06/2026,17/08/2026,20,27/07/2026,900867,,117dcc31-9dc5-45c5-9b1f-98d5573bd338,NIKE,134942,,
DASS SEST714019282628115CM1587266515865447NBR328294120260626-1,OK,DASS SEST,7,140192,1188919,82628,ATAC. MR140014 6MM RECICLADO COR 4085/PET [b8532988-416e-4516-a7cf-c12e22348800],115CM,15872665,204,15865447NBR3282941,26/06/2026,17/08/2026,20,27/07/2026,900868,,b8532988-416e-4516-a7cf-c12e22348800,NIKE,134942,,
DASS SEST714019282628115CM1587266515865448NBR328294120260626-1,OK,DASS SEST,7,140192,1188919,82628,ATAC. MR140014 6MM RECICLADO COR 4085/PET [f4b4ff60-0136-43a7-a73b-26f8697c7783],115CM,15872665,228,15865448NBR3282941,26/06/2026,17/08/2026,20,27/07/2026,900869,,f4b4ff60-0136-43a7-a73b-26f8697c7783,NIKE,134942,,
DASS SEST714019285472100CM1587266515865498NBR328293520260626-1,OK,DASS SEST,7,140192,1269460,85472,ATAC. MR140014 6MM RECICLADO COR 5481/PET [c97e1624-9500-427c-8c59-0bfeb0dd102b],100CM,15872665,240,15865498NBR3282935,26/06/2026,17/08/2026,20,27/07/2026,900870,,c97e1624-9500-427c-8c59-0bfeb0dd102b,NIKE,134942,,
DASS SEST714019285472100CM1587266515865499NBR328293520260626-1,OK,DASS SEST,7,140192,1269460,85472,ATAC. MR140014 6MM RECICLADO COR 5481/PET [015f834f-4c0a-4480-ae75-5fd3e0b69359],100CM,15872665,258,15865499NBR3282935,26/06/2026,17/08/2026,20,27/07/2026,900871,,015f834f-4c0a-4480-ae75-5fd3e0b69359,NIKE,134942,,
DASS SEST714019285472105CM1587266515865498NBR328293520260626-1,OK,DASS SEST,7,140192,1269460,85472,ATAC. MR140014 6MM RECICLADO COR 5481/PET [f29d6a46-3123-48ac-bbb5-a5c1055a0604],105CM,15872665,843,15865498NBR3282935,26/06/2026,17/08/2026,20,27/07/2026,900872,,f29d6a46-3123-48ac-bbb5-a5c1055a0604,NIKE,134942,,
DASS SEST714019285472105CM1587266515865499NBR328293520260626-1,OK,DASS SEST,7,140192,1269460,85472,ATAC. MR140014 6MM RECICLADO COR 5481/PET [7c136ae9-cbc1-4b63-b748-1b351d9f9fe2],105CM,15872665,870,15865499NBR3282935,26/06/2026,17/08/2026,20,27/07/2026,900873,,7c136ae9-cbc1-4b63-b748-1b351d9f9fe2,NIKE,134942,,
DASS SEST714019285472110CM1587266515865498NBR328293520260626-1,OK,DASS SEST,7,140192,1269460,85472,ATAC. MR140014 6MM RECICLADO COR 5481/PET [6a187bda-c1a5-4f74-b665-8583b378506c],110CM,15872665,18,15865498NBR3282935,26/06/2026,17/08/2026,20,27/07/2026,900874,,6a187bda-c1a5-4f74-b665-8583b378506c,NIKE,134942,,
DASS SEST714019285472110CM1587266515865499NBR328293520260626-1,OK,DASS SEST,7,140192,1269460,85472,ATAC. MR140014 6MM RECICLADO COR 5481/PET [1162454a-2eb8-400b-92fa-1d9b5315c1a8],110CM,15872665,12,15865499NBR3282935,26/06/2026,17/08/2026,20,27/07/2026,900875,,1162454a-2eb8-400b-92fa-1d9b5315c1a8,NIKE,134942,,
DASS SEST714019288451105CM1587266515865460NBR328292320260626-1,OK,DASS SEST,7,140192,1324864,88451,ATAC. MR140014 6MM RECICLADO COR 5687/PET [b62bb6cd-b174-4cee-8800-98cf62a3fbbc],105CM,15872665,108,15865460NBR3282923,26/06/2026,17/08/2026,20,27/07/2026,900876,,b62bb6cd-b174-4cee-8800-98cf62a3fbbc,NIKE,134942,,
DASS SEST714019288451105CM1587266515865461NBR328292320260626-1,OK,DASS SEST,7,140192,1324864,88451,ATAC. MR140014 6MM RECICLADO COR 5687/PET [76b142b9-627c-4122-8506-a8c4afe5ed59],105CM,15872665,96,15865461NBR3282923,26/06/2026,17/08/2026,20,27/07/2026,900877,,76b142b9-627c-4122-8506-a8c4afe5ed59,NIKE,134942,,
DASS SEST714019288451110CM1587266515865460NBR328292320260626-1,OK,DASS SEST,7,140192,1324864,88451,ATAC. MR140014 6MM RECICLADO COR 5687/PET [6b997fd3-7760-4d9a-8154-4c8ea6fd6cc3],110CM,15872665,644,15865460NBR3282923,26/06/2026,17/08/2026,20,27/07/2026,900878,,6b997fd3-7760-4d9a-8154-4c8ea6fd6cc3,NIKE,134942,,
DASS SEST714019288451110CM1587266515865461NBR328292320260626-1,OK,DASS SEST,7,140192,1324864,88451,ATAC. MR140014 6MM RECICLADO COR 5687/PET [c891b23f-d170-4970-a070-58a9e2b8905c],110CM,15872665,648,15865461NBR3282923,26/06/2026,17/08/2026,20,27/07/2026,900879,,c891b23f-d170-4970-a070-58a9e2b8905c,NIKE,134942,,
DASS SEST714019288451115CM1587266515865460NBR328292320260626-1,OK,DASS SEST,7,140192,1324864,88451,ATAC. MR140014 6MM RECICLADO COR 5687/PET [314fd172-0aef-4801-b76f-bef688ac235e],115CM,15872665,204,15865460NBR3282923,26/06/2026,17/08/2026,20,27/07/2026,900880,,314fd172-0aef-4801-b76f-bef688ac235e,NIKE,134942,,
DASS SEST714019288451115CM1587266515865461NBR328292320260626-1,OK,DASS SEST,7,140192,1324864,88451,ATAC. MR140014 6MM RECICLADO COR 5687/PET [a0a8b19a-7d06-4875-bfd0-e26e30406da6],115CM,15872665,228,15865461NBR3282923,26/06/2026,17/08/2026,20,27/07/2026,900881,,a0a8b19a-7d06-4875-bfd0-e26e30406da6,NIKE,134942,,
DASS SEST714019295894105CM1587266515865464NBR328291220260626-1,OK,DASS SEST,7,140192,1425041,95894,ATAC. MR140014 6MM RECICLADO COR 6179/PET [baa5dd6a-8460-4687-9716-4fd01a3f7db1],105CM,15872665,156,15865464NBR3282912,26/06/2026,17/08/2026,20,27/07/2026,900882,,baa5dd6a-8460-4687-9716-4fd01a3f7db1,NIKE,134942,,
DASS SEST714019295894105CM1587266515865465NBR328291220260626-1,OK,DASS SEST,7,140192,1425041,95894,ATAC. MR140014 6MM RECICLADO COR 6179/PET [6c34ec11-6e11-4852-83f3-95ff31a8293d],105CM,15872665,204,15865465NBR3282912,26/06/2026,17/08/2026,20,27/07/2026,900883,,6c34ec11-6e11-4852-83f3-95ff31a8293d,NIKE,134942,,
DASS SEST714019295894110CM1587266515865464NBR328291220260626-1,OK,DASS SEST,7,140192,1425041,95894,ATAC. MR140014 6MM RECICLADO COR 6179/PET [ba1efe37-8149-4b4a-9989-f30fad649cc0],110CM,15872665,512,15865464NBR3282912,26/06/2026,17/08/2026,20,27/07/2026,900884,,ba1efe37-8149-4b4a-9989-f30fad649cc0,NIKE,134942,,
DASS SEST714019295894110CM1587266515865465NBR328291220260626-1,OK,DASS SEST,7,140192,1425041,95894,ATAC. MR140014 6MM RECICLADO COR 6179/PET [76bff706-1c50-4e74-8437-e9a0dc957383],110CM,15872665,528,15865465NBR3282912,26/06/2026,17/08/2026,20,27/07/2026,900885,,76bff706-1c50-4e74-8437-e9a0dc957383,NIKE,134942,,
DASS SEST714019295894115CM1587266515865464NBR328291220260626-1,OK,DASS SEST,7,140192,1425041,95894,ATAC. MR140014 6MM RECICLADO COR 6179/PET [af440acb-37c9-4a0e-b3f6-41459691a5d7],115CM,15872665,120,15865464NBR3282912,26/06/2026,17/08/2026,20,27/07/2026,900886,,af440acb-37c9-4a0e-b3f6-41459691a5d7,NIKE,134942,,
DASS SEST714019295894115CM1587266515865465NBR328291220260626-1,OK,DASS SEST,7,140192,1425041,95894,ATAC. MR140014 6MM RECICLADO COR 6179/PET [d9d9aa48-407b-4a94-bd68-e0b1decacc77],115CM,15872665,150,15865465NBR3282912,26/06/2026,17/08/2026,20,27/07/2026,900887,,d9d9aa48-407b-4a94-bd68-e0b1decacc77,NIKE,134942,,
DASS SEST714028795945100CM1587483315865485NBR328299820260630-1,OK,DASS SEST,7,140287,1454466,95945,ATAC. MR140014 6MM RECICLADO COR 6248/PET [5b28b65b-83ac-40e2-9fce-821bf16ba044],100CM,15874833,240,15865485NBR3282998,30/06/2026,17/08/2026,20,27/07/2026,900888,,5b28b65b-83ac-40e2-9fce-821bf16ba044,NIKE,135009,,
DASS SEST714028795945100CM1587483315865486NBR328299820260630-1,OK,DASS SEST,7,140287,1454466,95945,ATAC. MR140014 6MM RECICLADO COR 6248/PET [76afc90c-57b1-47af-9efa-f88f8790d71c],100CM,15874833,270,15865486NBR3282998,30/06/2026,17/08/2026,20,27/07/2026,900889,,76afc90c-57b1-47af-9efa-f88f8790d71c,NIKE,135009,,
DASS SEST714028795945105CM1587483315865485NBR328299820260630-1,OK,DASS SEST,7,140287,1454466,95945,ATAC. MR140014 6MM RECICLADO COR 6248/PET [f325e9a4-f7c5-4665-9d2f-d239c05ed820],105CM,15874833,819,15865485NBR3282998,30/06/2026,17/08/2026,20,27/07/2026,900890,,f325e9a4-f7c5-4665-9d2f-d239c05ed820,NIKE,135009,,
DASS SEST714028795945105CM1587483315865486NBR328299820260630-1,OK,DASS SEST,7,140287,1454466,95945,ATAC. MR140014 6MM RECICLADO COR 6248/PET [8b078d8b-65af-4fb6-8f6b-57b5d1da964b],105CM,15874833,846,15865486NBR3282998,30/06/2026,17/08/2026,20,27/07/2026,900891,,8b078d8b-65af-4fb6-8f6b-57b5d1da964b,NIKE,135009,,
DASS SEST714028795945110CM1587483315865485NBR328299820260630-1,OK,DASS SEST,7,140287,1454466,95945,ATAC. MR140014 6MM RECICLADO COR 6248/PET [3a526b45-4fa3-4f8c-bdd8-9aaa684ddacc],110CM,15874833,24,15865485NBR3282998,30/06/2026,17/08/2026,20,27/07/2026,900892,,3a526b45-4fa3-4f8c-bdd8-9aaa684ddacc,NIKE,135009,,
DASS SEST71405708622615MM1589899020260707-1,OK,DASS SEST,7,140570,1271908,86226,FITA M32207 C/ GOMA POLIESTER COR 100 / COR 5535 / COR 100 [62574d98-79f4-4db8-aeb0-47b1fad2ddaf],15MM,15898990,50,0,07/07/2026,17/08/2026,20,27/07/2026,900893,,62574d98-79f4-4db8-aeb0-47b1fad2ddaf,FILA,135526,,
DASS SEST71405708788615MM1589899020260707-1,OK,DASS SEST,7,140570,1289388,87886,FITA M32207 C/ GOMA POLIESTER COR 100 / COR 102 / COR 100 [39217d17-998f-4226-81f5-aa268d0fca8d],15MM,15898990,130,0,07/07/2026,17/08/2026,20,27/07/2026,900894,,39217d17-998f-4226-81f5-aa268d0fca8d,FILA,135526,,
DASS SEST7140570701648MM1589899020260707-1,OK,DASS SEST,7,140570,108955,70164,FITA MFGP C/ GOMA POLIESTER COR 100 [7172d801-0912-4d92-914d-8e41e2203841],8MM,15898990,360,0,07/07/2026,17/08/2026,20,27/07/2026,900895,,7172d801-0912-4d92-914d-8e41e2203841,FILA,135526,,
DASS SEST71405707016410MM1589899020260707-1,OK,DASS SEST,7,140570,998350,70164,FITA MFGP C/ GOMA POLIESTER COR 100 [b5e2e335-ef89-4a44-8b98-54503a7f6943],10MM,15898990,220,0,07/07/2026,17/08/2026,20,27/07/2026,900896,,b5e2e335-ef89-4a44-8b98-54503a7f6943,FILA,135526,,
DASS SEST71405707280110MM1589899020260707-1,OK,DASS SEST,7,140570,903140,72801,FITA MFGP C/ GOMA POLIESTER COR 057 [be6df008-af64-45b5-8b90-982d474d1498],10MM,15898990,30,0,07/07/2026,17/08/2026,20,27/07/2026,900897,,be6df008-af64-45b5-8b90-982d474d1498,FILA,135526,,
DASS SEST7140570924888MM1589899020260707-1,OK,DASS SEST,7,140570,1403347,92488,FITA MFGP C/ GOMA POLIESTER COR 6001 [8686be0b-47b4-4912-a0be-60115788f870],8MM,15898990,140,0,07/07/2026,17/08/2026,20,27/07/2026,900898,,8686be0b-47b4-4912-a0be-60115788f870,FILA,135526,,
DASS SEST71405709259510MM1589899020260707-1,OK,DASS SEST,7,140570,1397485,92595,FITA MFGP C/ GOMA POLIESTER COR 986 [756cca8b-b66a-434b-9827-2024a5f2c035],10MM,15898990,50,0,07/07/2026,17/08/2026,20,27/07/2026,900899,,756cca8b-b66a-434b-9827-2024a5f2c035,FILA,135526,,
DASS SEST71405708794616MM1589899020260707-1,OK,DASS SEST,7,140570,1316829,87946,FITA M31119 C/ GOMA POLIESTER COR 100/ COR 5535/ COR 102 [b3749f78-66ea-4e68-bff7-39c5dc2b7597],16MM,15898990,490,0,07/07/2026,17/08/2026,20,27/07/2026,900900,,b3749f78-66ea-4e68-bff7-39c5dc2b7597,FILA,135526,,
DASS SEST71405708814616MM1589899020260707-1,OK,DASS SEST,7,140570,1320253,88146,FITA M31119 C/ GOMA POLIESTER COR 100/ COR 114/ COR 263 [aeb38537-a820-48c5-9d35-814a2d0ca668],16MM,15898990,340,0,07/07/2026,17/08/2026,20,27/07/2026,900901,,aeb38537-a820-48c5-9d35-814a2d0ca668,FILA,135526,,
DASS SEST71405709257416MM1589899020260707-1,OK,DASS SEST,7,140570,1358112,92574,FITA M31119 C/ GOMA POLIESTER COR 057 / COR 102 / COR 102 [7826525f-d95d-4ee8-9f1d-f088759a1c85],16MM,15898990,200,0,07/07/2026,17/08/2026,20,27/07/2026,900902,,7826525f-d95d-4ee8-9f1d-f088759a1c85,FILA,135526,,
DASS SEST71405709261916MM1589899020260707-1,OK,DASS SEST,7,140570,1358279,92619,FITA M31119 C/ GOMA POLIESTER COR 5508 / COR 102 / COR 102 [b2ca1949-f12d-4845-96e7-4c9dce65014c],16MM,15898990,480,0,07/07/2026,17/08/2026,20,27/07/2026,900903,,b2ca1949-f12d-4845-96e7-4c9dce65014c,FILA,135526,,
DASS SEST71405709288116MM1589899020260707-1,OK,DASS SEST,7,140570,1403700,92881,FITA M31119 C/ GOMA POLIESTER COR 057 / COR 114 / COR 5535 [8de634bc-96c2-4683-bc93-2345dd23922f],16MM,15898990,270,0,07/07/2026,17/08/2026,20,27/07/2026,900904,,8de634bc-96c2-4683-bc93-2345dd23922f,FILA,135526,,
DASS SEST71405709514516MM1589899020260707-1,OK,DASS SEST,7,140570,1401826,95145,FITA M31119 C/ GOMA POLIESTER COR 6002 / COR 5508 / COR 5508 [7fc6623f-cb58-4b3e-8f84-13b50c35b5b2],16MM,15898990,110,0,07/07/2026,17/08/2026,20,27/07/2026,900905,,7fc6623f-cb58-4b3e-8f84-13b50c35b5b2,FILA,135526,,
DASS SEST7140750781878MM1591401720260710-1,OK,DASS SEST,7,140750,1146621,78187,FITA MFGP C/ GOMA POLIESTER COR 053 [960803e6-2f4f-428d-871b-6bc66bda6803],8MM,15914017,40,0,10/07/2026,17/08/2026,20,27/07/2026,900906,,960803e6-2f4f-428d-871b-6bc66bda6803,FILA,135469,,
DASS SEST7140750932868MM1591401720260710-1,OK,DASS SEST,7,140750,1417375,93286,FITA MFGP C/ GOMA POLIESTER COR 6038 [1b262590-5873-4f87-ab7b-4ffc923123fb],8MM,15914017,40,0,10/07/2026,17/08/2026,20,27/07/2026,900907,,1b262590-5873-4f87-ab7b-4ffc923123fb,FILA,135469,,
DASS SEST71407509517616MM1591401720260710-1,OK,DASS SEST,7,140750,1320199,95176,FITA M31119 C/ GOMA POLIESTER COR 053 / COR 114 / COR 114 [67b174ae-ff80-44f1-91f0-b1558866ee49],16MM,15914017,40,0,10/07/2026,17/08/2026,20,27/07/2026,900908,,67b174ae-ff80-44f1-91f0-b1558866ee49,FILA,135469,,
DASS SEST71407509530116MM1591401720260710-1,OK,DASS SEST,7,140750,1416908,95301,FITA M31119 C/ GOMA POLIESTER COR 6038 / COR 5508 / COR 5508 [e341e983-f41e-4a64-a1e8-49fccdeb58ed],16MM,15914017,30,0,10/07/2026,17/08/2026,20,27/07/2026,900909,,e341e983-f41e-4a64-a1e8-49fccdeb58ed,FILA,135469,,
DASS SEST714094291524115CM1594408115941796NBR328329720260717-1,OK,DASS SEST,7,140942,1341808,91524,ATAC. MR110012 8MM RECICLADO COR 5149/PET [c8f93b9c-cd04-488a-89f3-c1a655ae010a],115CM,15944081,264,15941796NBR3283297,17/07/2026,17/08/2026,20,27/07/2026,900910,,c8f93b9c-cd04-488a-89f3-c1a655ae010a,NIKE,135629,,
DASS SEST714094291524120CM1594408115941796NBR328329720260717-1,OK,DASS SEST,7,140942,1341808,91524,ATAC. MR110012 8MM RECICLADO COR 5149/PET [5f22fc49-4b13-40da-9481-7928090eb8b2],120CM,15944081,746,15941796NBR3283297,17/07/2026,17/08/2026,20,27/07/2026,900911,,5f22fc49-4b13-40da-9481-7928090eb8b2,NIKE,135629,,
DASS SEST714094292568115CM1594408115941752NBR328329520260717-1,OK,DASS SEST,7,140942,1027849,92568,ATAC. MR110012 8MM RECICLADO COR 4085/PET [0d6b507f-f7bc-4f51-8a92-ea9970939796],115CM,15944081,270,15941752NBR3283295,17/07/2026,17/08/2026,20,27/07/2026,900912,,0d6b507f-f7bc-4f51-8a92-ea9970939796,NIKE,135629,,
DASS SEST714094292568120CM1594408115941752NBR328329520260717-1,OK,DASS SEST,7,140942,1027849,92568,ATAC. MR110012 8MM RECICLADO COR 4085/PET [c07a6daf-f169-4f10-912f-4a2f9355d02b],120CM,15944081,740,15941752NBR3283295,17/07/2026,17/08/2026,20,27/07/2026,900913,,c07a6daf-f169-4f10-912f-4a2f9355d02b,NIKE,135629,,
DASS SEST714094293661130CM1594408115941785NBR328328220260717-1,OK,DASS SEST,7,140942,1065806,93661,ATAC. MR110029 RECICLADO COR 4662/PET [872b2404-a22f-454d-84f1-724e5dde6478],130CM,15944081,384,15941785NBR3283282,17/07/2026,17/08/2026,20,27/07/2026,900914,,872b2404-a22f-454d-84f1-724e5dde6478,NIKE,135629,,
DASS SEST714094293661130CM1594408115941786NBR328328220260717-1,OK,DASS SEST,7,140942,1065806,93661,ATAC. MR110029 RECICLADO COR 4662/PET [74caa9eb-2045-4d03-b6b7-bcebca7e7a4f],130CM,15944081,432,15941786NBR3283282,17/07/2026,17/08/2026,20,27/07/2026,900915,,74caa9eb-2045-4d03-b6b7-bcebca7e7a4f,NIKE,135629,,
DASS SEST714094293661135CM1594408115941785NBR328328220260717-1,OK,DASS SEST,7,140942,1065806,93661,ATAC. MR110029 RECICLADO COR 4662/PET [7bf3885e-9bc8-4a47-93f0-3756e28fb560],135CM,15944081,584,15941785NBR3283282,17/07/2026,17/08/2026,20,27/07/2026,900916,,7bf3885e-9bc8-4a47-93f0-3756e28fb560,NIKE,135629,,
DASS SEST714094293661135CM1594408115941786NBR328328220260717-1,OK,DASS SEST,7,140942,1065806,93661,ATAC. MR110029 RECICLADO COR 4662/PET [de596cdd-2746-4076-8086-c14248a6b7d2],135CM,15944081,600,15941786NBR3283282,17/07/2026,17/08/2026,20,27/07/2026,900917,,de596cdd-2746-4076-8086-c14248a6b7d2,NIKE,135629,,
DASS SEST714094293661135CM1594408115941772NBR328330620260717-1,OK,DASS SEST,7,140942,1065806,93661,ATAC. MR110029 RECICLADO COR 4662/PET [b840c165-6549-4885-b561-b82ecab75ae0],135CM,15944081,890,15941772NBR3283306,17/07/2026,17/08/2026,20,27/07/2026,900918,,b840c165-6549-4885-b561-b82ecab75ae0,NIKE,135629,,
DASS SEST714094293661135CM1594408115941776NBR328330720260717-1,OK,DASS SEST,7,140942,1065806,93661,ATAC. MR110029 RECICLADO COR 4662/PET [83602aee-6895-494a-9432-d9f0eecba561],135CM,15944081,560,15941776NBR3283307,17/07/2026,17/08/2026,20,27/07/2026,900919,,83602aee-6895-494a-9432-d9f0eecba561,NIKE,135629,,
DASS SEST714094293661135CM1594408115941777NBR328330720260717-1,OK,DASS SEST,7,140942,1065806,93661,ATAC. MR110029 RECICLADO COR 4662/PET [38598414-6cae-45cc-b7aa-b53b7d0e5206],135CM,15944081,588,15941777NBR3283307,17/07/2026,17/08/2026,20,27/07/2026,900920,,38598414-6cae-45cc-b7aa-b53b7d0e5206,NIKE,135629,,
DASS SEST714094293661135CM1594408115941778NBR328330820260717-1,OK,DASS SEST,7,140942,1065806,93661,ATAC. MR110029 RECICLADO COR 4662/PET [5973dd8d-c912-41c8-b0be-9254967c1f33],135CM,15944081,560,15941778NBR3283308,17/07/2026,17/08/2026,20,27/07/2026,900921,,5973dd8d-c912-41c8-b0be-9254967c1f33,NIKE,135629,,
DASS SEST714094293661135CM1594408115941779NBR328330820260717-1,OK,DASS SEST,7,140942,1065806,93661,ATAC. MR110029 RECICLADO COR 4662/PET [07ff146b-193d-40f1-a7cd-732a0379962f],135CM,15944081,588,15941779NBR3283308,17/07/2026,17/08/2026,20,27/07/2026,900922,,07ff146b-193d-40f1-a7cd-732a0379962f,NIKE,135629,,
DASS SEST714094293661140CM1594408115941772NBR328330620260717-1,OK,DASS SEST,7,140942,1065806,93661,ATAC. MR110029 RECICLADO COR 4662/PET [7a1bfbae-5d28-47cf-a5ce-28705930c8cb],140CM,15944081,126,15941772NBR3283306,17/07/2026,17/08/2026,20,27/07/2026,900923,,7a1bfbae-5d28-47cf-a5ce-28705930c8cb,NIKE,135629,,
DASS SEST714094293661140CM1594408115941776NBR328330720260717-1,OK,DASS SEST,7,140942,1065806,93661,ATAC. MR110029 RECICLADO COR 4662/PET [832ed320-c22e-40f6-9acc-843fd140e3ad],140CM,15944081,216,15941776NBR3283307,17/07/2026,17/08/2026,20,27/07/2026,900924,,832ed320-c22e-40f6-9acc-843fd140e3ad,NIKE,135629,,
DASS SEST714094293661140CM1594408115941777NBR328330720260717-1,OK,DASS SEST,7,140942,1065806,93661,ATAC. MR110029 RECICLADO COR 4662/PET [c8c00e4f-7b19-49c3-b53d-689512d83175],140CM,15944081,222,15941777NBR3283307,17/07/2026,17/08/2026,20,27/07/2026,900925,,c8c00e4f-7b19-49c3-b53d-689512d83175,NIKE,135629,,
DASS SEST714094293661140CM1594408115941778NBR328330820260717-1,OK,DASS SEST,7,140942,1065806,93661,ATAC. MR110029 RECICLADO COR 4662/PET [e09f49c9-9e8d-4b58-ab85-6e14f0fb249f],140CM,15944081,216,15941778NBR3283308,17/07/2026,17/08/2026,20,27/07/2026,900926,,e09f49c9-9e8d-4b58-ab85-6e14f0fb249f,NIKE,135629,,
DASS SEST714094293661140CM1594408115941779NBR328330820260717-1,OK,DASS SEST,7,140942,1065806,93661,ATAC. MR110029 RECICLADO COR 4662/PET [b6b1d515-cf19-41cb-9dc2-ed5d2be888cd],140CM,15944081,222,15941779NBR3283308,17/07/2026,17/08/2026,20,27/07/2026,900927,,b6b1d515-cf19-41cb-9dc2-ed5d2be888cd,NIKE,135629,,
DASS SEST714094293696135CM1594408115941768NBR328330420260717-1,OK,DASS SEST,7,140942,1069210,93696,ATAC. MR110029 RECICLADO COR 4085/PET [55429fce-abd2-4dce-9290-7b0e8a874585],135CM,15944081,662,15941768NBR3283304,17/07/2026,17/08/2026,20,27/07/2026,900928,,55429fce-abd2-4dce-9290-7b0e8a874585,NIKE,135629,,
DASS SEST714094293696135CM1594408115941769NBR328330420260717-1,OK,DASS SEST,7,140942,1069210,93696,ATAC. MR110029 RECICLADO COR 4085/PET [0da430e7-e026-41ad-80ad-fcec3ef3c4d9],135CM,15944081,690,15941769NBR3283304,17/07/2026,17/08/2026,20,27/07/2026,900929,,0da430e7-e026-41ad-80ad-fcec3ef3c4d9,NIKE,135629,,
DASS SEST714094293696140CM1594408115941768NBR328330420260717-1,OK,DASS SEST,7,140942,1069210,93696,ATAC. MR110029 RECICLADO COR 4085/PET [cb9df611-80f4-42fd-8f51-64755dc56411],140CM,15944081,156,15941768NBR3283304,17/07/2026,17/08/2026,20,27/07/2026,900930,,cb9df611-80f4-42fd-8f51-64755dc56411,NIKE,135629,,
DASS SEST714094293696140CM1594408115941769NBR328330420260717-1,OK,DASS SEST,7,140942,1069210,93696,ATAC. MR110029 RECICLADO COR 4085/PET [f378c3b6-0318-41a5-9168-44cdac6b46ef],140CM,15944081,168,15941769NBR3283304,17/07/2026,17/08/2026,20,27/07/2026,900931,,f378c3b6-0318-41a5-9168-44cdac6b46ef,NIKE,135629,,
DASS SEST71409857423710MM1595192320260720-1,OK,DASS SEST,7,140985,1065278,74237,FITA MR100001 C/ GOMA RECICLADO COR 4085/PET [7ae80ddc-edc6-4577-9ce7-22446f41a7a6],10MM,15951923,150,0,20/07/2026,17/08/2026,20,27/07/2026,900932,,7ae80ddc-edc6-4577-9ce7-22446f41a7a6,NIKE,135672,,
DASS SEST71409859564710MM1595192320260720-1,OK,DASS SEST,7,140985,1425052,95647,FITA MR100001 C/ GOMA REFLEX PET COR 6149/1PET [c76762d1-5571-444d-9b38-a5a5b169b07a],10MM,15951923,260,0,20/07/2026,17/08/2026,20,27/07/2026,900933,,c76762d1-5571-444d-9b38-a5a5b169b07a,NIKE,135672,,
DASS SEST71409859615710MM1595192320260720-1,OK,DASS SEST,7,140985,1425053,96157,FITA MR100001 C/ GOMA RECICLADO COR 6220/PET [5d5503e3-31f1-401b-b9f7-7cf47f5089e6],10MM,15951923,140,0,20/07/2026,17/08/2026,20,27/07/2026,900934,,5d5503e3-31f1-401b-b9f7-7cf47f5089e6,NIKE,135672,,
DASS SEST71409857401410MM1595192320260720-1,OK,DASS SEST,7,140985,965421,74014,FITA MFGP C/ GOMA POLIESTER COR 4085 [9791cd70-e069-43fe-89a2-73ec45250b95],10MM,15951923,240,0,20/07/2026,17/08/2026,20,27/07/2026,900935,,9791cd70-e069-43fe-89a2-73ec45250b95,NIKE,135672,,
DASS SEST71409859434810MM1595192320260720-1,OK,DASS SEST,7,140985,1425129,94348,FITA MFGP C/ GOMA POLIESTER COR 5845 [836d279d-5455-4001-b5d3-259fe080a2e0],10MM,15951923,90,0,20/07/2026,17/08/2026,20,27/07/2026,900936,,836d279d-5455-4001-b5d3-259fe080a2e0,NIKE,135672,,
DASS SEST71411049261916MM1596460320260723-1,OK,DASS SEST,7,141104,1358279,92619,FITA M31119 C/ GOMA POLIESTER COR 5508 / COR 102 / COR 102 [05e46670-8e81-479a-b405-88bc21a82c25],16MM,15964603,1420,0,23/07/2026,17/08/2026,20,27/07/2026,900937,,05e46670-8e81-479a-b405-88bc21a82c25,FILA,135791,,NORMAL
DASS ITABERABA701405097016412MM1589593520260706-1,OK,DASS ITABERABA,70,140509,898941,70164,FITA MFGP C/ GOMA POLIESTER COR 100 [50048662-6490-4bb8-8a41-309a0e4f771e],12MM,15895935,1370,0,06/07/2026,17/08/2026,20,27/07/2026,900938,,50048662-6490-4bb8-8a41-309a0e4f771e,FILA,135186,,
DASS ITABERABA701405097016415MM1589593520260706-1,OK,DASS ITABERABA,70,140509,783896,70164,FITA MFGP C/ GOMA POLIESTER COR 100 [4c5348a8-8eed-4117-af0e-b664f4ea194f],15MM,15895935,280,0,06/07/2026,17/08/2026,20,27/07/2026,900939,,4c5348a8-8eed-4117-af0e-b664f4ea194f,FILA,135186,,
DASS ITABERABA701405097137610MM1589593520260706-1,OK,DASS ITABERABA,70,140509,816595,71376,FITA MFGP C/ GOMA POLIESTER COR 102 [2f1fc662-0f90-4155-9f4a-03645b219183],10MM,15895935,1010,0,06/07/2026,17/08/2026,20,27/07/2026,900940,,2f1fc662-0f90-4155-9f4a-03645b219183,FILA,135186,,
DASS ITABERABA701405097358915MM1589593520260706-1,OK,DASS ITABERABA,70,140509,975119,73589,FITA MFGP C/ GOMA POLIESTER COR 263 [f69473f7-1415-4a47-8ac4-3c55fc33a849],15MM,15895935,180,0,06/07/2026,17/08/2026,20,27/07/2026,900941,,f69473f7-1415-4a47-8ac4-3c55fc33a849,FILA,135186,,
DASS ITABERABA70140509740308MM1589593520260706-1,OK,DASS ITABERABA,70,140509,1104264,74030,FITA MFGP C/ GOMA POLIESTER COR 114 [9df3bc77-add7-4cee-a2e2-44635234e9aa],8MM,15895935,400,0,06/07/2026,17/08/2026,20,27/07/2026,900942,,9df3bc77-add7-4cee-a2e2-44635234e9aa,FILA,135186,,
DASS ITABERABA701405097601012MM1589593520260706-1,OK,DASS ITABERABA,70,140509,1386809,76010,FITA MFGP C/ GOMA POLIESTER COR 447 [03832b7c-6026-47fa-bdcd-a9f78307599b],12MM,15895935,320,0,06/07/2026,17/08/2026,20,27/07/2026,900943,,03832b7c-6026-47fa-bdcd-a9f78307599b,FILA,135186,,
DASS ITABERABA701405098455912MM1589593520260706-1,OK,DASS ITABERABA,70,140509,1104256,84559,FITA MFGP C/ GOMA POLIESTER COR 114 [ad8c6574-13ef-4d4f-8d2a-6793bd48edcb],12MM,15895935,240,0,06/07/2026,17/08/2026,20,27/07/2026,900944,,ad8c6574-13ef-4d4f-8d2a-6793bd48edcb,FILA,135186,,
DASS ITABERABA701405098457415MM1589593520260706-1,OK,DASS ITABERABA,70,140509,1387454,84574,FITA MFGP C/ GOMA POLIESTER COR 4039 [9c544e9c-9dd7-4a4b-a824-a6d033c69e74],15MM,15895935,180,0,06/07/2026,17/08/2026,20,27/07/2026,900945,,9c544e9c-9dd7-4a4b-a824-a6d033c69e74,FILA,135186,,
DASS ITABERABA701405099218115MM1589593520260706-1,OK,DASS ITABERABA,70,140509,1387456,92181,FITA MFGP C/ GOMA POLIESTER COR 5094 [5237a171-2308-4a3c-bdf0-2eced3033e98],15MM,15895935,260,0,06/07/2026,17/08/2026,20,27/07/2026,900946,,5237a171-2308-4a3c-bdf0-2eced3033e98,FILA,135186,,
DASS ITABERABA701405098794416MM1589593520260706-1,OK,DASS ITABERABA,70,140509,1294761,87944,FITA M31119 C/ GOMA POLIESTER COR 102/ COR 100/ COR 678 [e7e58d00-ef08-41fd-940d-f2899f4d35e7],16MM,15895935,100,0,06/07/2026,17/08/2026,20,27/07/2026,900947,,e7e58d00-ef08-41fd-940d-f2899f4d35e7,FILA,135186,,
DASS ITABERABA701405098794616MM1589593520260706-1,OK,DASS ITABERABA,70,140509,1316829,87946,FITA M31119 C/ GOMA POLIESTER COR 100/ COR 5535/ COR 102 [e6d30a21-04db-4b88-9c74-2478b53b865d],16MM,15895935,210,0,06/07/2026,17/08/2026,20,27/07/2026,900948,,e6d30a21-04db-4b88-9c74-2478b53b865d,FILA,135186,,
DASS ITABERABA7014051176013115CM1589604215889162BRITB0054220260706-1,OK,DASS ITABERABA,70,140511,991872,76013,ATAC. M13723 6MM POLIESTER COR 102 [2d1aa310-97d4-4dc8-943c-7ea58745bab1],115CM,15896042,324,15889162BRITB00542,06/07/2026,17/08/2026,20,27/07/2026,900949,,2d1aa310-97d4-4dc8-943c-7ea58745bab1,FILA,135188,,
DASS ITABERABA7014051176013115CM1589604215889163BRITB0054220260706-1,OK,DASS ITABERABA,70,140511,991872,76013,ATAC. M13723 6MM POLIESTER COR 102 [084f53c3-1383-43b6-8956-ff13666e1731],115CM,15896042,312,15889163BRITB00542,06/07/2026,17/08/2026,20,27/07/2026,900950,,084f53c3-1383-43b6-8956-ff13666e1731,FILA,135188,,
DASS ITABERABA7014051176013125CM1589604215889162BRITB0054220260706-1,OK,DASS ITABERABA,70,140511,991872,76013,ATAC. M13723 6MM POLIESTER COR 102 [9705fc26-f391-4e85-910f-81dab6638648],125CM,15896042,408,15889162BRITB00542,06/07/2026,17/08/2026,20,27/07/2026,900951,,9705fc26-f391-4e85-910f-81dab6638648,FILA,135188,,
DASS ITABERABA7014051176013125CM1589604215889163BRITB0054220260706-1,OK,DASS ITABERABA,70,140511,991872,76013,ATAC. M13723 6MM POLIESTER COR 102 [0d0c9eae-7ef0-4673-a141-c02de305a2a6],125CM,15896042,408,15889163BRITB00542,06/07/2026,17/08/2026,20,27/07/2026,900952,,0d0c9eae-7ef0-4673-a141-c02de305a2a6,FILA,135188,,
DASS ITABERABA7014051175593100CM1589604215889175BRITB0054320260706-1,OK,DASS ITABERABA,70,140511,1179318,75593,ATAC. M13725 6MM POLIESTER COR 057 [795dd167-05a4-46e1-9f56-1fa3055f2b13],100CM,15896042,300,15889175BRITB00543,06/07/2026,17/08/2026,20,27/07/2026,900953,,795dd167-05a4-46e1-9f56-1fa3055f2b13,FILA,135188,,
DASS ITABERABA7014051175593100CM1589604215889176BRITB0054320260706-1,OK,DASS ITABERABA,70,140511,1179318,75593,ATAC. M13725 6MM POLIESTER COR 057 [f9400f36-3ab9-4c7d-8354-539040f103e1],100CM,15896042,276,15889176BRITB00543,06/07/2026,17/08/2026,20,27/07/2026,900954,,f9400f36-3ab9-4c7d-8354-539040f103e1,FILA,135188,,
DASS ITABERABA7014051175593110CM1589604215889175BRITB0054320260706-1,OK,DASS ITABERABA,70,140511,1179318,75593,ATAC. M13725 6MM POLIESTER COR 057 [ac3e1446-bd87-4cb9-8581-13031d6ed172],110CM,15896042,492,15889175BRITB00543,06/07/2026,17/08/2026,20,27/07/2026,900955,,ac3e1446-bd87-4cb9-8581-13031d6ed172,FILA,135188,,
DASS ITABERABA7014051175593110CM1589604215889176BRITB0054320260706-1,OK,DASS ITABERABA,70,140511,1179318,75593,ATAC. M13725 6MM POLIESTER COR 057 [53730957-2c9b-4daf-947f-c5f69f8a2981],110CM,15896042,516,15889176BRITB00543,06/07/2026,17/08/2026,20,27/07/2026,900956,,53730957-2c9b-4daf-947f-c5f69f8a2981,FILA,135188,,
DASS ITABERABA701405117559590CM1589604215889189BRITB0054420260706-1,OK,DASS ITABERABA,70,140511,1175396,75595,ATAC. M13725 6MM POLIESTER COR 100 [fd2159e8-6f74-4b5a-bfec-7621a726eeb1],90CM,15896042,528,15889189BRITB00544,06/07/2026,17/08/2026,20,27/07/2026,900957,,fd2159e8-6f74-4b5a-bfec-7621a726eeb1,FILA,135188,,
DASS ITABERABA701405117559590CM1589604215889190BRITB0054420260706-1,OK,DASS ITABERABA,70,140511,1175396,75595,ATAC. M13725 6MM POLIESTER COR 100 [31748629-7c3a-4123-8130-d4936ae6f087],90CM,15896042,396,15889190BRITB00544,06/07/2026,17/08/2026,20,27/07/2026,900958,,31748629-7c3a-4123-8130-d4936ae6f087,FILA,135188,,
DASS ITABERABA7014051175595100CM1589604215889165BRITB0054320260706-1,OK,DASS ITABERABA,70,140511,1175396,75595,ATAC. M13725 6MM POLIESTER COR 100 [dfc191d6-af31-4cde-aa53-8015832e0eb3],100CM,15896042,372,15889165BRITB00543,06/07/2026,17/08/2026,20,27/07/2026,900959,,dfc191d6-af31-4cde-aa53-8015832e0eb3,FILA,135188,,
DASS ITABERABA7014051175595100CM1589604215889166BRITB0054320260706-1,OK,DASS ITABERABA,70,140511,1175396,75595,ATAC. M13725 6MM POLIESTER COR 100 [d22204d1-18fe-4f7a-a80b-6265c216c0db],100CM,15896042,396,15889166BRITB00543,06/07/2026,17/08/2026,20,27/07/2026,900960,,d22204d1-18fe-4f7a-a80b-6265c216c0db,FILA,135188,,
DASS ITABERABA7014051175595100CM1589604215889167BRITB0054320260706-1,OK,DASS ITABERABA,70,140511,1175396,75595,ATAC. M13725 6MM POLIESTER COR 100 [daeeb97a-0a49-4831-a953-5f20e16e19ee],100CM,15896042,252,15889167BRITB00543,06/07/2026,17/08/2026,20,27/07/2026,900961,,daeeb97a-0a49-4831-a953-5f20e16e19ee,FILA,135188,,
DASS ITABERABA7014051175595100CM1589604215889168BRITB0054320260706-1,OK,DASS ITABERABA,70,140511,1175396,75595,ATAC. M13725 6MM POLIESTER COR 100 [101cae6a-40ec-45c4-b946-997652e337fe],100CM,15896042,252,15889168BRITB00543,06/07/2026,17/08/2026,20,27/07/2026,900962,,101cae6a-40ec-45c4-b946-997652e337fe,FILA,135188,,
DASS ITABERABA7014051175595100CM1589604215889169BRITB0054320260706-1,OK,DASS ITABERABA,70,140511,1175396,75595,ATAC. M13725 6MM POLIESTER COR 100 [210a207a-1fb6-4405-a98b-0eec387b8675],100CM,15896042,240,15889169BRITB00543,06/07/2026,17/08/2026,20,27/07/2026,900963,,210a207a-1fb6-4405-a98b-0eec387b8675,FILA,135188,,
DASS ITABERABA7014051175595100CM1589604215889170BRITB0054320260706-1,OK,DASS ITABERABA,70,140511,1175396,75595,ATAC. M13725 6MM POLIESTER COR 100 [00cd9f29-8c28-4ac2-a41e-d01d15b2b941],100CM,15896042,252,15889170BRITB00543,06/07/2026,17/08/2026,20,27/07/2026,900964,,00cd9f29-8c28-4ac2-a41e-d01d15b2b941,FILA,135188,,
DASS ITABERABA7014051175595100CM1589604215889189BRITB0054420260706-1,OK,DASS ITABERABA,70,140511,1175396,75595,ATAC. M13725 6MM POLIESTER COR 100 [860eec29-1b22-4ddc-938f-285bad777490],100CM,15896042,708,15889189BRITB00544,06/07/2026,17/08/2026,20,27/07/2026,900965,,860eec29-1b22-4ddc-938f-285bad777490,FILA,135188,,
DASS ITABERABA7014051175595100CM1589604215889190BRITB0054420260706-1,OK,DASS ITABERABA,70,140511,1175396,75595,ATAC. M13725 6MM POLIESTER COR 100 [5a79ba09-a205-4fce-806a-4e76f5dc9759],100CM,15896042,612,15889190BRITB00544,06/07/2026,17/08/2026,20,27/07/2026,900966,,5a79ba09-a205-4fce-806a-4e76f5dc9759,FILA,135188,,
DASS ITABERABA7014051175595110CM1589604215889165BRITB0054320260706-1,OK,DASS ITABERABA,70,140511,1175396,75595,ATAC. M13725 6MM POLIESTER COR 100 [4b4b6cc3-4fda-46d6-b300-758f47e4beeb],110CM,15896042,480,15889165BRITB00543,06/07/2026,17/08/2026,20,27/07/2026,900967,,4b4b6cc3-4fda-46d6-b300-758f47e4beeb,FILA,135188,,
DASS ITABERABA7014051175595110CM1589604215889166BRITB0054320260706-1,OK,DASS ITABERABA,70,140511,1175396,75595,ATAC. M13725 6MM POLIESTER COR 100 [0fef2389-812c-4ddf-a329-aa22e6ab3ea5],110CM,15896042,504,15889166BRITB00543,06/07/2026,17/08/2026,20,27/07/2026,900968,,0fef2389-812c-4ddf-a329-aa22e6ab3ea5,FILA,135188,,
DASS ITABERABA7014051175595110CM1589604215889167BRITB0054320260706-1,OK,DASS ITABERABA,70,140511,1175396,75595,ATAC. M13725 6MM POLIESTER COR 100 [c787b30e-14f0-47fb-9809-162c31ceea22],110CM,15896042,456,15889167BRITB00543,06/07/2026,17/08/2026,20,27/07/2026,900969,,c787b30e-14f0-47fb-9809-162c31ceea22,FILA,135188,,
DASS ITABERABA7014051175595110CM1589604215889168BRITB0054320260706-1,OK,DASS ITABERABA,70,140511,1175396,75595,ATAC. M13725 6MM POLIESTER COR 100 [6b9ba6a5-5040-4d49-a414-003d9d49c259],110CM,15896042,456,15889168BRITB00543,06/07/2026,17/08/2026,20,27/07/2026,900970,,6b9ba6a5-5040-4d49-a414-003d9d49c259,FILA,135188,,
DASS ITABERABA7014051175595110CM1589604215889169BRITB0054320260706-1,OK,DASS ITABERABA,70,140511,1175396,75595,ATAC. M13725 6MM POLIESTER COR 100 [e9e69768-7baa-4a01-b939-7bc1181ad190],110CM,15896042,432,15889169BRITB00543,06/07/2026,17/08/2026,20,27/07/2026,900971,,e9e69768-7baa-4a01-b939-7bc1181ad190,FILA,135188,,
DASS ITABERABA7014051175595110CM1589604215889170BRITB0054320260706-1,OK,DASS ITABERABA,70,140511,1175396,75595,ATAC. M13725 6MM POLIESTER COR 100 [1b3b6a2a-47d7-40d8-855a-6b75ad5bd82e],110CM,15896042,456,15889170BRITB00543,06/07/2026,17/08/2026,20,27/07/2026,900972,,1b3b6a2a-47d7-40d8-855a-6b75ad5bd82e,FILA,135188,,
DASS ITABERABA701405119089190CM1589604215889183BRITB0054420260706-1,OK,DASS ITABERABA,70,140511,1321091,90891,ATAC. M13725 6MM POLIESTER COR 5703 [0a037046-c6c2-47ea-97d9-e1a8018c91d0],90CM,15896042,312,15889183BRITB00544,06/07/2026,17/08/2026,20,27/07/2026,900973,,0a037046-c6c2-47ea-97d9-e1a8018c91d0,FILA,135188,,
DASS ITABERABA7014051190891100CM1589604215889183BRITB0054420260706-1,OK,DASS ITABERABA,70,140511,1321091,90891,ATAC. M13725 6MM POLIESTER COR 5703 [d8c0c391-7ccc-449a-957f-227f174a7fe5],100CM,15896042,420,15889183BRITB00544,06/07/2026,17/08/2026,20,27/07/2026,900974,,d8c0c391-7ccc-449a-957f-227f174a7fe5,FILA,135188,,
DASS ITABERABA7014051175617100CM1589604215889145BRITB0053820260706-1,OK,DASS ITABERABA,70,140511,974551,75617,ATAC. M13727 POLIESTER COR 102 / COR 057 [eeb386d2-f881-41d6-b025-b30d36ba9d40],100CM,15896042,588,15889145BRITB00538,06/07/2026,17/08/2026,20,27/07/2026,900975,,eeb386d2-f881-41d6-b025-b30d36ba9d40,FILA,135188,,
DASS ITABERABA7014051175617105CM1589604215889145BRITB0053820260706-1,OK,DASS ITABERABA,70,140511,974551,75617,ATAC. M13727 POLIESTER COR 102 / COR 057 [701b387d-80b7-4088-a9d9-936b48aeb0a8],105CM,15896042,264,15889145BRITB00538,06/07/2026,17/08/2026,20,27/07/2026,900976,,701b387d-80b7-4088-a9d9-936b48aeb0a8,FILA,135188,,
DASS ITABERABA701405118750565CM1589604215889147BRITB0054220260706-1,OK,DASS ITABERABA,70,140511,1285852,87505,ELAST. M21180 2.5MM POLIESTER COR 100 / COR 263 [e7e2429c-94ff-4638-a01a-77d9c44185eb],65CM,15896042,144,15889147BRITB00542,06/07/2026,17/08/2026,20,27/07/2026,900977,,e7e2429c-94ff-4638-a01a-77d9c44185eb,FILA,135188,,
DASS ITABERABA701405118750570CM1589604215889147BRITB0054220260706-1,OK,DASS ITABERABA,70,140511,1285852,87505,ELAST. M21180 2.5MM POLIESTER COR 100 / COR 263 [f64835a6-700d-4f0c-a0bc-33ff29e1ffc0],70CM,15896042,372,15889147BRITB00542,06/07/2026,17/08/2026,20,27/07/2026,900978,,f64835a6-700d-4f0c-a0bc-33ff29e1ffc0,FILA,135188,,
DASS SANTO ANTONIO1526140530874446MM1588612820260706-1,OK,DASS SANTO ANTONIO,1526,140530,738314,87444,ELAST. MTM POLIESTER COR 057 [63d1e2b7-6ca4-457a-b53b-e1c17e9fab62],6MM,15886128,1247,0,06/07/2026,17/08/2026,20,27/07/2026,900979,,63d1e2b7-6ca4-457a-b53b-e1c17e9fab62,FILA,135204,,
DASS SANTO ANTONIO15261405307016415MM1588612820260706-1,OK,DASS SANTO ANTONIO,1526,140530,783896,70164,FITA MFGP C/ GOMA POLIESTER COR 100 [fb530867-2df8-4903-ba5f-3594f1139a91],15MM,15886128,360,0,06/07/2026,17/08/2026,20,27/07/2026,900980,,fb530867-2df8-4903-ba5f-3594f1139a91,FILA,135204,,
DASS SANTO ANTONIO15261405307352215MM1588612820260706-1,OK,DASS SANTO ANTONIO,1526,140530,902057,73522,FITA MFGP C/ GOMA POLIESTER COR 057 [f581b5cc-cec3-4963-b129-f6a982e4fe73],15MM,15886128,130,0,06/07/2026,17/08/2026,20,27/07/2026,900981,,f581b5cc-cec3-4963-b129-f6a982e4fe73,FILA,135204,,
DASS SANTO ANTONIO15261405308619115MM1588612820260706-1,OK,DASS SANTO ANTONIO,1526,140530,1354721,86191,FITA MFGP C/ GOMA POLIESTER COR 5535 [a0941e55-149d-49b6-9e1f-f0ee29528f96],15MM,15886128,250,0,06/07/2026,17/08/2026,20,27/07/2026,900982,,a0941e55-149d-49b6-9e1f-f0ee29528f96,FILA,135204,,
DASS SANTO ANTONIO15261405309372015MM1588612820260706-1,OK,DASS SANTO ANTONIO,1526,140530,1418464,93720,FITA MFGP C/ GOMA POLIESTER COR 5998 [9c848c69-276b-4901-a225-7af402d28737],15MM,15886128,195,0,06/07/2026,17/08/2026,20,27/07/2026,900983,,9c848c69-276b-4901-a225-7af402d28737,FILA,135204,,
DASS SANTO ANTONIO152614053173756115CM1588623615884399BRSA00186920260706-1,OK,DASS SANTO ANTONIO,1526,140531,1260166,73756,ATAC. M10110 5MM POLIESTER COR 100 / COR 263 [8bbb4bb8-c170-4556-a705-eb64f92edc40],115CM,15886236,660,15884399BRSA001869,06/07/2026,17/08/2026,20,27/07/2026,900984,,8bbb4bb8-c170-4556-a705-eb64f92edc40,FILA,135205,,
DASS SANTO ANTONIO152614053173756115CM1588623615884400BRSA00186920260706-1,OK,DASS SANTO ANTONIO,1526,140531,1260166,73756,ATAC. M10110 5MM POLIESTER COR 100 / COR 263 [fa225985-72cb-4b82-876b-9c5b5855015a],115CM,15886236,684,15884400BRSA001869,06/07/2026,17/08/2026,20,27/07/2026,900985,,fa225985-72cb-4b82-876b-9c5b5855015a,FILA,135205,,
DASS SANTO ANTONIO152614053173756115CM1588623615884401BRSA00187020260706-1,OK,DASS SANTO ANTONIO,1526,140531,1260166,73756,ATAC. M10110 5MM POLIESTER COR 100 / COR 263 [9f71d1f7-53c8-4c9d-8d50-a68db15a54cc],115CM,15886236,408,15884401BRSA001870,06/07/2026,17/08/2026,20,27/07/2026,900986,,9f71d1f7-53c8-4c9d-8d50-a68db15a54cc,FILA,135205,,
DASS SANTO ANTONIO152614053173756125CM1588623615884399BRSA00186920260706-1,OK,DASS SANTO ANTONIO,1526,140531,1260166,73756,ATAC. M10110 5MM POLIESTER COR 100 / COR 263 [d9ecf30f-a9f3-4bef-bc28-7e1edaf8e5eb],125CM,15886236,216,15884399BRSA001869,06/07/2026,17/08/2026,20,27/07/2026,900987,,d9ecf30f-a9f3-4bef-bc28-7e1edaf8e5eb,FILA,135205,,
DASS SANTO ANTONIO152614053173756125CM1588623615884400BRSA00186920260706-1,OK,DASS SANTO ANTONIO,1526,140531,1260166,73756,ATAC. M10110 5MM POLIESTER COR 100 / COR 263 [971df2e2-f50f-4dc8-a5f5-4ab7c66990f0],125CM,15886236,228,15884400BRSA001869,06/07/2026,17/08/2026,20,27/07/2026,900988,,971df2e2-f50f-4dc8-a5f5-4ab7c66990f0,FILA,135205,,
DASS SANTO ANTONIO152614053173756125CM1588623615884401BRSA00187020260706-1,OK,DASS SANTO ANTONIO,1526,140531,1260166,73756,ATAC. M10110 5MM POLIESTER COR 100 / COR 263 [72fab909-15d6-46ff-9d85-c168f58686ac],125CM,15886236,240,15884401BRSA001870,06/07/2026,17/08/2026,20,27/07/2026,900989,,72fab909-15d6-46ff-9d85-c168f58686ac,FILA,135205,,
DASS SANTO ANTONIO152614053195031105CM1588623615884450BRSA00188320260706-1,OK,DASS SANTO ANTONIO,1526,140531,1404590,95031,ATAC. M10110 5MM POLIESTER COR 5497 / COR 102 [c5379e6b-a47a-4892-8414-7f21c4f8b3b1],105CM,15886236,276,15884450BRSA001883,06/07/2026,17/08/2026,20,27/07/2026,900990,,c5379e6b-a47a-4892-8414-7f21c4f8b3b1,FILA,135205,,
DASS SANTO ANTONIO152614053195031115CM1588623615884450BRSA00188320260706-1,OK,DASS SANTO ANTONIO,1526,140531,1404590,95031,ATAC. M10110 5MM POLIESTER COR 5497 / COR 102 [eb530e15-e608-4550-a37f-d6e672ea1b22],115CM,15886236,348,15884450BRSA001883,06/07/2026,17/08/2026,20,27/07/2026,900991,,eb530e15-e608-4550-a37f-d6e672ea1b22,FILA,135205,,
DASS SANTO ANTONIO152614053195101105CM1588623615884448BRSA00188120260706-1,OK,DASS SANTO ANTONIO,1526,140531,1418185,95101,ATAC. M10110 5MM POLIESTER COR 5998 / COR 114 [048dffc0-f66d-4c36-8c2b-81914976f9c9],105CM,15886236,456,15884448BRSA001881,06/07/2026,17/08/2026,20,27/07/2026,900992,,048dffc0-f66d-4c36-8c2b-81914976f9c9,FILA,135205,,
DASS SANTO ANTONIO152614053195101105CM1588623615884449BRSA00188220260706-1,OK,DASS SANTO ANTONIO,1526,140531,1418185,95101,ATAC. M10110 5MM POLIESTER COR 5998 / COR 114 [230fb6ec-60ce-47d2-bcea-064449ff4d4a],105CM,15886236,432,15884449BRSA001882,06/07/2026,17/08/2026,20,27/07/2026,900993,,230fb6ec-60ce-47d2-bcea-064449ff4d4a,FILA,135205,,
DASS SANTO ANTONIO152614053195101115CM1588623615884448BRSA00188120260706-1,OK,DASS SANTO ANTONIO,1526,140531,1418185,95101,ATAC. M10110 5MM POLIESTER COR 5998 / COR 114 [9465034f-ec56-46d9-adf6-f1c62663bdcf],115CM,15886236,564,15884448BRSA001881,06/07/2026,17/08/2026,20,27/07/2026,900994,,9465034f-ec56-46d9-adf6-f1c62663bdcf,FILA,135205,,
DASS SANTO ANTONIO152614053195101115CM1588623615884449BRSA00188220260706-1,OK,DASS SANTO ANTONIO,1526,140531,1418185,95101,ATAC. M10110 5MM POLIESTER COR 5998 / COR 114 [98687fa0-3cc4-479b-9477-b79da52ff775],115CM,15886236,552,15884449BRSA001882,06/07/2026,17/08/2026,20,27/07/2026,900995,,98687fa0-3cc4-479b-9477-b79da52ff775,FILA,135205,,
DASS ITABERABA701411889400015MM1597110720260724-1,OK,DASS ITABERABA,70,141188,1425014,94000,FITA MFGP C/ GOMA POLIESTER COR 5598 [ca5692ad-38c8-4685-9876-570c24dadbe3],15MM,15971107,290,0,24/07/2026,19/08/2026,22,27/07/2026,900996,,ca5692ad-38c8-4685-9876-570c24dadbe3,ASICS,135863,,NORMAL
DASS ITABERABA701411889400215MM1597110720260724-1,OK,DASS ITABERABA,70,141188,1425017,94002,FITA MFGP C/ GOMA POLIESTER COR 6103 [e19e583d-0147-402c-861d-c57b372f5501],15MM,15971107,200,0,24/07/2026,19/08/2026,22,27/07/2026,900997,,e19e583d-0147-402c-861d-c57b372f5501,ASICS,135863,,NORMAL
DASS ITABERABA701411889416015MM1597110720260724-1,OK,DASS ITABERABA,70,141188,1425016,94160,FITA MFGP C/ GOMA POLIESTER COR 5451 [3306d5e3-15b1-4605-a84a-65f1d9144c03],15MM,15971107,210,0,24/07/2026,19/08/2026,22,27/07/2026,900998,,3306d5e3-15b1-4605-a84a-65f1d9144c03,ASICS,135863,,NORMAL
DASS ITABERABA7014118984206110CM1597111315966149ASB005298620260724-1,OK,DASS ITABERABA,70,141189,1229330,84206,ATAC. M18006 POLIESTER COR 4085 [75d3068b-263d-48d1-8405-0c1c2a805e7f],110CM,15971113,157,15966149ASB0052986,24/07/2026,19/08/2026,22,27/07/2026,900999,,75d3068b-263d-48d1-8405-0c1c2a805e7f,ASICS,135864,,NORMAL
DASS ITABERABA7014118984206110CM1597111315966150ASB005298820260724-1,OK,DASS ITABERABA,70,141189,1229330,84206,ATAC. M18006 POLIESTER COR 4085 [140ae329-ca30-4ff2-bf3f-ee72e47cd60c],110CM,15971113,26,15966150ASB0052988,24/07/2026,19/08/2026,22,27/07/2026,901000,,140ae329-ca30-4ff2-bf3f-ee72e47cd60c,ASICS,135864,,NORMAL
DASS ITABERABA7014118984206110CM1597111315966151ASB005298920260724-1,OK,DASS ITABERABA,70,141189,1229330,84206,ATAC. M18006 POLIESTER COR 4085 [1b3655cc-bfcd-42bc-b315-88e99a098650],110CM,15971113,97,15966151ASB0052989,24/07/2026,19/08/2026,22,27/07/2026,901001,,1b3655cc-bfcd-42bc-b315-88e99a098650,ASICS,135864,,NORMAL
DASS ITABERABA7014118984206120CM1597111315966149ASB005298620260724-1,OK,DASS ITABERABA,70,141189,1229330,84206,ATAC. M18006 POLIESTER COR 4085 [024c0ab9-b44b-4e22-92aa-dc4899ff2d29],120CM,15971113,1008,15966149ASB0052986,24/07/2026,19/08/2026,22,27/07/2026,901002,,024c0ab9-b44b-4e22-92aa-dc4899ff2d29,ASICS,135864,,NORMAL
DASS ITABERABA7014118984206120CM1597111315966150ASB005298820260724-1,OK,DASS ITABERABA,70,141189,1229330,84206,ATAC. M18006 POLIESTER COR 4085 [e6c5701e-34ac-4f06-9444-0403f5cee06b],120CM,15971113,285,15966150ASB0052988,24/07/2026,19/08/2026,22,27/07/2026,901003,,e6c5701e-34ac-4f06-9444-0403f5cee06b,ASICS,135864,,NORMAL
DASS ITABERABA7014118984206120CM1597111315966151ASB005298920260724-1,OK,DASS ITABERABA,70,141189,1229330,84206,ATAC. M18006 POLIESTER COR 4085 [50537577-23e4-48aa-9f60-ebd889d3880a],120CM,15971113,524,15966151ASB0052989,24/07/2026,19/08/2026,22,27/07/2026,901004,,50537577-23e4-48aa-9f60-ebd889d3880a,ASICS,135864,,NORMAL
DASS ITABERABA7014118987888110CM1597111315966176ASB005302120260724-1,OK,DASS ITABERABA,70,141189,1310003,87888,ATAC. M18006 POLIESTER COR 5451 [ad8acf74-112d-4fb2-bf2f-53f400da5183],110CM,15971113,1394,15966176ASB0053021,24/07/2026,19/08/2026,22,27/07/2026,901005,,ad8acf74-112d-4fb2-bf2f-53f400da5183,ASICS,135864,,NORMAL
DASS ITABERABA7014118987888120CM1597111315966168ASB005299720260724-1,OK,DASS ITABERABA,70,141189,1310003,87888,ATAC. M18006 POLIESTER COR 5451 [5e0f50d6-368f-4e40-87eb-f361d5c8530d],120CM,15971113,464,15966168ASB0052997,24/07/2026,19/08/2026,22,27/07/2026,901006,,5e0f50d6-368f-4e40-87eb-f361d5c8530d,ASICS,135864,,NORMAL
DASS ITABERABA7014118987888120CM1597111315966176ASB005302120260724-1,OK,DASS ITABERABA,70,141189,1310003,87888,ATAC. M18006 POLIESTER COR 5451 [a978bb25-c70b-4f95-bfc5-efa2f6866d9d],120CM,15971113,139,15966176ASB0053021,24/07/2026,19/08/2026,22,27/07/2026,901007,,a978bb25-c70b-4f95-bfc5-efa2f6866d9d,ASICS,135864,,NORMAL
DASS ITABERABA7014118987888130CM1597111315966168ASB005299720260724-1,OK,DASS ITABERABA,70,141189,1310003,87888,ATAC. M18006 POLIESTER COR 5451 [0c3a0d8c-e5de-4d04-8558-c129f1114092],130CM,15971113,450,15966168ASB0052997,24/07/2026,19/08/2026,22,27/07/2026,901008,,0c3a0d8c-e5de-4d04-8558-c129f1114092,ASICS,135864,,NORMAL
DASS ITABERABA7014118994826100CM1597111315966156ASB005300720260724-1,OK,DASS ITABERABA,70,141189,1394004,94826,ATAC. M18006 POLIESTER COR 6086 [b111dae3-51fb-4113-9caf-8e7353e58236],100CM,15971113,186,15966156ASB0053007,24/07/2026,19/08/2026,22,27/07/2026,901009,,b111dae3-51fb-4113-9caf-8e7353e58236,ASICS,135864,,NORMAL
DASS ITABERABA7014118994826110CM1597111315966156ASB005300720260724-1,OK,DASS ITABERABA,70,141189,1394004,94826,ATAC. M18006 POLIESTER COR 6086 [f1a75421-1bb6-428f-95a1-c0c71996d295],110CM,15971113,187,15966156ASB0053007,24/07/2026,19/08/2026,22,27/07/2026,901010,,f1a75421-1bb6-428f-95a1-c0c71996d295,ASICS,135864,,NORMAL
DASS ITABERABA7014118994830120CM1597111315966172ASB005300520260724-1,OK,DASS ITABERABA,70,141189,1400182,94830,ATAC. M18006 POLIESTER COR 6103 [56fe5314-5500-487c-87b4-0a5d2e4996ce],120CM,15971113,539,15966172ASB0053005,24/07/2026,19/08/2026,22,27/07/2026,901011,,56fe5314-5500-487c-87b4-0a5d2e4996ce,ASICS,135864,,NORMAL
DASS ITABERABA7014118994830130CM1597111315966172ASB005300520260724-1,OK,DASS ITABERABA,70,141189,1400182,94830,ATAC. M18006 POLIESTER COR 6103 [41b2df84-67f4-4935-bd8d-18928adef284],130CM,15971113,340,15966172ASB0053005,24/07/2026,19/08/2026,22,27/07/2026,901012,,41b2df84-67f4-4935-bd8d-18928adef284,ASICS,135864,,NORMAL
DASS ITABERABA7014118976319120CM1597111315966136ASB005297320260724-1,OK,DASS ITABERABA,70,141189,1245215,76319,ATAC. 6AL 6MM POLIESTER COR 4085 [83ec3297-611a-4d5a-8bb0-05718e3c3dd8],120CM,15971113,654,15966136ASB0052973,24/07/2026,19/08/2026,22,27/07/2026,901013,,83ec3297-611a-4d5a-8bb0-05718e3c3dd8,ASICS,135864,,NORMAL
DASS ITABERABA7014118976319120CM1597111315966137ASB005305820260724-1,OK,DASS ITABERABA,70,141189,1245215,76319,ATAC. 6AL 6MM POLIESTER COR 4085 [b97ea692-e3af-4996-876d-8b3897f9f408],120CM,15971113,1030,15966137ASB0053058,24/07/2026,19/08/2026,22,27/07/2026,901014,,b97ea692-e3af-4996-876d-8b3897f9f408,ASICS,135864,,NORMAL
DASS ITABERABA7014118976319130CM1597111315966136ASB005297320260724-1,OK,DASS ITABERABA,70,141189,1245215,76319,ATAC. 6AL 6MM POLIESTER COR 4085 [b3f909b7-9e3b-4293-bb09-c899cc46bac2],130CM,15971113,597,15966136ASB0052973,24/07/2026,19/08/2026,22,27/07/2026,901015,,b3f909b7-9e3b-4293-bb09-c899cc46bac2,ASICS,135864,,NORMAL
DASS ITABERABA7014118976319130CM1597111315966137ASB005305820260724-1,OK,DASS ITABERABA,70,141189,1245215,76319,ATAC. 6AL 6MM POLIESTER COR 4085 [c23aaf44-b108-4087-9879-03e448525aed],130CM,15971113,343,15966137ASB0053058,24/07/2026,19/08/2026,22,27/07/2026,901016,,c23aaf44-b108-4087-9879-03e448525aed,ASICS,135864,,NORMAL
DASS ITABERABA7014118987706120CM1597111315966138ASB005306020260724-1,OK,DASS ITABERABA,70,141189,1313035,87706,ATAC. 6AL 6MM POLIESTER COR 987 [18547d32-cd77-4238-968e-3094b85a9c91],120CM,15971113,633,15966138ASB0053060,24/07/2026,19/08/2026,22,27/07/2026,901017,,18547d32-cd77-4238-968e-3094b85a9c91,ASICS,135864,,NORMAL
DASS ITABERABA7014118987706120CM1597111315966139ASB005306220260724-1,OK,DASS ITABERABA,70,141189,1313035,87706,ATAC. 6AL 6MM POLIESTER COR 987 [48fa1574-e7f5-4881-ae54-bb2a16fe9e2d],120CM,15971113,853,15966139ASB0053062,24/07/2026,19/08/2026,22,27/07/2026,901018,,48fa1574-e7f5-4881-ae54-bb2a16fe9e2d,ASICS,135864,,NORMAL
DASS ITABERABA7014118987706120CM1597111315966140ASB005306220260724-1,OK,DASS ITABERABA,70,141189,1313035,87706,ATAC. 6AL 6MM POLIESTER COR 987 [8cc4ea21-fc77-4bd8-b866-6ce889b77020],120CM,15971113,874,15966140ASB0053062,24/07/2026,19/08/2026,22,27/07/2026,901019,,8cc4ea21-fc77-4bd8-b866-6ce889b77020,ASICS,135864,,NORMAL
DASS ITABERABA7014118987706120CM1597111315966142ASB005306320260724-1,OK,DASS ITABERABA,70,141189,1313035,87706,ATAC. 6AL 6MM POLIESTER COR 987 [fdf173ad-44d2-4b71-8dfb-a5d4d2b0680c],120CM,15971113,242,15966142ASB0053063,24/07/2026,19/08/2026,22,27/07/2026,901020,,fdf173ad-44d2-4b71-8dfb-a5d4d2b0680c,ASICS,135864,,NORMAL
DASS ITABERABA7014118987706130CM1597111315966138ASB005306020260724-1,OK,DASS ITABERABA,70,141189,1313035,87706,ATAC. 6AL 6MM POLIESTER COR 987 [88ea9515-cecd-4c2c-9746-44121e08e338],130CM,15971113,322,15966138ASB0053060,24/07/2026,19/08/2026,22,27/07/2026,901021,,88ea9515-cecd-4c2c-9746-44121e08e338,ASICS,135864,,NORMAL
DASS ITABERABA7014118987706130CM1597111315966139ASB005306220260724-1,OK,DASS ITABERABA,70,141189,1313035,87706,ATAC. 6AL 6MM POLIESTER COR 987 [6fd86270-069b-4a95-8d3c-c0cdf05624be],130CM,15971113,276,15966139ASB0053062,24/07/2026,19/08/2026,22,27/07/2026,901022,,6fd86270-069b-4a95-8d3c-c0cdf05624be,ASICS,135864,,NORMAL
DASS ITABERABA7014118987706130CM1597111315966140ASB005306220260724-1,OK,DASS ITABERABA,70,141189,1313035,87706,ATAC. 6AL 6MM POLIESTER COR 987 [b9005e28-94b0-4746-96f9-2843de4c268a],130CM,15971113,299,15966140ASB0053062,24/07/2026,19/08/2026,22,27/07/2026,901023,,b9005e28-94b0-4746-96f9-2843de4c268a,ASICS,135864,,NORMAL
DASS ITABERABA7014118987706130CM1597111315966142ASB005306320260724-1,OK,DASS ITABERABA,70,141189,1313035,87706,ATAC. 6AL 6MM POLIESTER COR 987 [680494d5-1780-4410-9ed3-4efaf6631ead],130CM,15971113,241,15966142ASB0053063,24/07/2026,19/08/2026,22,27/07/2026,901024,,680494d5-1780-4410-9ed3-4efaf6631ead,ASICS,135864,,NORMAL
DASS ITABERABA7014118994364120CM1597111315966143ASB005306420260724-1,OK,DASS ITABERABA,70,141189,1392984,94364,ATAC. 6AL 6MM POLIESTER COR 6105 [7fb2a9a8-a293-4d5d-82ec-74efec9078a5],120CM,15971113,259,15966143ASB0053064,24/07/2026,19/08/2026,22,27/07/2026,901025,,7fb2a9a8-a293-4d5d-82ec-74efec9078a5,ASICS,135864,,NORMAL
DASS ITABERABA7014118994364130CM1597111315966143ASB005306420260724-1,OK,DASS ITABERABA,70,141189,1392984,94364,ATAC. 6AL 6MM POLIESTER COR 6105 [c0150584-d36b-4652-beca-5e4e60ca9176],130CM,15971113,52,15966143ASB0053064,24/07/2026,19/08/2026,22,27/07/2026,901026,,c0150584-d36b-4652-beca-5e4e60ca9176,ASICS,135864,,NORMAL
DASS ITABERABA70141190936981.8MM1597111620260724-1,OK,DASS ITABERABA,70,141190,1400178,93698,CORDAO M9099 POLIESTER COR 5451 [f236a7ab-3115-46fa-99aa-d7d25e82b10e],1.8MM,15971116,1200,0,24/07/2026,19/08/2026,22,27/07/2026,901027,,f236a7ab-3115-46fa-99aa-d7d25e82b10e,ASICS,135865,,NORMAL
DASS ITABERABA70141190948761.8MM1597111620260724-1,OK,DASS ITABERABA,70,141190,1400177,94876,CORDAO M9099 POLIESTER COR 6103 [8fda4e96-a37d-4455-a2ec-9509e38b2838],1.8MM,15971116,460,0,24/07/2026,19/08/2026,22,27/07/2026,901028,,8fda4e96-a37d-4455-a2ec-9509e38b2838,ASICS,135865,,NORMAL
DASS VITORIA39114094395643110CM1593927715936879BRI010415-20260717-1,OK,DASS VITORIA,391,140943,827533,95643,ATAC. M13801 POLIESTER COR 100 [1a8c615f-b296-4c30-a15d-97926b9e5bd4],110CM,15939277,312,15936879BRI010415-,17/07/2026,19/08/2026,22,27/07/2026,901029,,1a8c615f-b296-4c30-a15d-97926b9e5bd4,UMBRO,135630,,CONTA E ORDEM VITÓRIA X ITABERABA
DASS VITORIA39114094395643110CM1593927715936880BRI010415-20260717-1,OK,DASS VITORIA,391,140943,827533,95643,ATAC. M13801 POLIESTER COR 100 [2bb9519e-36cf-49fe-a488-c6c4049db312],110CM,15939277,312,15936880BRI010415-,17/07/2026,19/08/2026,22,27/07/2026,901030,,2bb9519e-36cf-49fe-a488-c6c4049db312,UMBRO,135630,,CONTA E ORDEM VITÓRIA X ITABERABA
DASS VITORIA39114094395643120CM1593927715936890BRI01038820260717-1,OK,DASS VITORIA,391,140943,827533,95643,ATAC. M13801 POLIESTER COR 100 [765f8641-5f0c-4153-a5db-a4303d47225a],120CM,15939277,696,15936890BRI010388,17/07/2026,19/08/2026,22,27/07/2026,901031,,765f8641-5f0c-4153-a5db-a4303d47225a,UMBRO,135630,,CONTA E ORDEM VITÓRIA X ITABERABA
DASS VITORIA39114094395643120CM1593927715936879BRI010415-20260717-1,OK,DASS VITORIA,391,140943,827533,95643,ATAC. M13801 POLIESTER COR 100 [84a21828-5353-49db-995f-2a6987128a98],120CM,15939277,636,15936879BRI010415-,17/07/2026,19/08/2026,22,27/07/2026,901032,,84a21828-5353-49db-995f-2a6987128a98,UMBRO,135630,,CONTA E ORDEM VITÓRIA X ITABERABA
DASS VITORIA39114094395643120CM1593927715936880BRI010415-20260717-1,OK,DASS VITORIA,391,140943,827533,95643,ATAC. M13801 POLIESTER COR 100 [86924d87-c85b-4982-b39f-62f4f0b24a39],120CM,15939277,672,15936880BRI010415-,17/07/2026,19/08/2026,22,27/07/2026,901033,,86924d87-c85b-4982-b39f-62f4f0b24a39,UMBRO,135630,,CONTA E ORDEM VITÓRIA X ITABERABA
DASS VITORIA39114094395643130CM1593927715936890BRI01038820260717-1,OK,DASS VITORIA,391,140943,827533,95643,ATAC. M13801 POLIESTER COR 100 [9de07f75-e631-4471-9059-e8fe03349153],130CM,15939277,672,15936890BRI010388,17/07/2026,19/08/2026,22,27/07/2026,901034,,9de07f75-e631-4471-9059-e8fe03349153,UMBRO,135630,,CONTA E ORDEM VITÓRIA X ITABERABA
DASS VITORIA39114094395644110CM1593927715936866BRI010410-20260717-1,OK,DASS VITORIA,391,140943,827530,95644,ATAC. M13801 POLIESTER COR 102 [656d9951-ff5e-47d1-9857-c67715135cb3],110CM,15939277,372,15936866BRI010410-,17/07/2026,19/08/2026,22,27/07/2026,901035,,656d9951-ff5e-47d1-9857-c67715135cb3,UMBRO,135630,,CONTA E ORDEM VITÓRIA X ITABERABA
DASS VITORIA39114094395644110CM1593927715936867BRI010410-20260717-1,OK,DASS VITORIA,391,140943,827530,95644,ATAC. M13801 POLIESTER COR 102 [c6b2e52d-4790-4ff1-9962-d5780c8d0602],110CM,15939277,396,15936867BRI010410-,17/07/2026,19/08/2026,22,27/07/2026,901036,,c6b2e52d-4790-4ff1-9962-d5780c8d0602,UMBRO,135630,,CONTA E ORDEM VITÓRIA X ITABERABA
DASS VITORIA39114094395644110CM1593927715936868BRI010411-20260717-1,OK,DASS VITORIA,391,140943,827530,95644,ATAC. M13801 POLIESTER COR 102 [2785cc61-c027-4af6-85f0-2b8951caa40b],110CM,15939277,336,15936868BRI010411-,17/07/2026,19/08/2026,22,27/07/2026,901037,,2785cc61-c027-4af6-85f0-2b8951caa40b,UMBRO,135630,,CONTA E ORDEM VITÓRIA X ITABERABA
DASS VITORIA39114094395644110CM1593927715936871BRI010411-20260717-1,OK,DASS VITORIA,391,140943,827530,95644,ATAC. M13801 POLIESTER COR 102 [b6f8ed8c-e37f-41ff-9548-a9a538dc8700],110CM,15939277,336,15936871BRI010411-,17/07/2026,19/08/2026,22,27/07/2026,901038,,b6f8ed8c-e37f-41ff-9548-a9a538dc8700,UMBRO,135630,,CONTA E ORDEM VITÓRIA X ITABERABA
DASS VITORIA39114094395644120CM1593927715936808BRI010383-20260717-1,OK,DASS VITORIA,391,140943,827530,95644,ATAC. M13801 POLIESTER COR 102 [9410cdf2-5e99-4895-b7db-8553eaa2d388],120CM,15939277,408,15936808BRI010383-,17/07/2026,19/08/2026,22,27/07/2026,901039,,9410cdf2-5e99-4895-b7db-8553eaa2d388,UMBRO,135630,,CONTA E ORDEM VITÓRIA X ITABERABA
DASS VITORIA39114094395644120CM1593927715936809BRI010383-20260717-1,OK,DASS VITORIA,391,140943,827530,95644,ATAC. M13801 POLIESTER COR 102 [f706477b-cf2d-4c10-97df-df8c0cd35e98],120CM,15939277,396,15936809BRI010383-,17/07/2026,19/08/2026,22,27/07/2026,901040,,f706477b-cf2d-4c10-97df-df8c0cd35e98,UMBRO,135630,,CONTA E ORDEM VITÓRIA X ITABERABA
DASS VITORIA39114094395644120CM1593927715936810BRI010384-20260717-1,OK,DASS VITORIA,391,140943,827530,95644,ATAC. M13801 POLIESTER COR 102 [cec43a1f-ebc7-41c0-a3fe-dfd9c29a2597],120CM,15939277,312,15936810BRI010384-,17/07/2026,19/08/2026,22,27/07/2026,901041,,cec43a1f-ebc7-41c0-a3fe-dfd9c29a2597,UMBRO,135630,,CONTA E ORDEM VITÓRIA X ITABERABA
DASS VITORIA39114094395644120CM1593927715936811BRI010384-20260717-1,OK,DASS VITORIA,391,140943,827530,95644,ATAC. M13801 POLIESTER COR 102 [ef26883e-2183-46c1-b5bd-c79ff579af22],120CM,15939277,324,15936811BRI010384-,17/07/2026,19/08/2026,22,27/07/2026,901042,,ef26883e-2183-46c1-b5bd-c79ff579af22,UMBRO,135630,,CONTA E ORDEM VITÓRIA X ITABERABA
DASS VITORIA39114094395644120CM1593927715936866BRI010410-20260717-1,OK,DASS VITORIA,391,140943,827530,95644,ATAC. M13801 POLIESTER COR 102 [dd653d1c-469c-436d-8cfa-fbb560c43957],120CM,15939277,492,15936866BRI010410-,17/07/2026,19/08/2026,22,27/07/2026,901043,,dd653d1c-469c-436d-8cfa-fbb560c43957,UMBRO,135630,,CONTA E ORDEM VITÓRIA X ITABERABA
DASS VITORIA39114094395644120CM1593927715936867BRI010410-20260717-1,OK,DASS VITORIA,391,140943,827530,95644,ATAC. M13801 POLIESTER COR 102 [942365d8-152e-404f-a3c5-85a90b31f5f7],120CM,15939277,516,15936867BRI010410-,17/07/2026,19/08/2026,22,27/07/2026,901044,,942365d8-152e-404f-a3c5-85a90b31f5f7,UMBRO,135630,,CONTA E ORDEM VITÓRIA X ITABERABA
DASS VITORIA39114094395644120CM1593927715936868BRI010411-20260717-1,OK,DASS VITORIA,391,140943,827530,95644,ATAC. M13801 POLIESTER COR 102 [aea65a0f-a551-49bb-ba04-3ba816c38658],120CM,15939277,492,15936868BRI010411-,17/07/2026,19/08/2026,22,27/07/2026,901045,,aea65a0f-a551-49bb-ba04-3ba816c38658,UMBRO,135630,,CONTA E ORDEM VITÓRIA X ITABERABA
DASS VITORIA39114094395644120CM1593927715936871BRI010411-20260717-1,OK,DASS VITORIA,391,140943,827530,95644,ATAC. M13801 POLIESTER COR 102 [1b9f5fad-31d1-4bda-bb3c-75fc64b24e2b],120CM,15939277,516,15936871BRI010411-,17/07/2026,19/08/2026,22,27/07/2026,901046,,1b9f5fad-31d1-4bda-bb3c-75fc64b24e2b,UMBRO,135630,,CONTA E ORDEM VITÓRIA X ITABERABA
DASS VITORIA39114094395644130CM1593927715936808BRI010383-20260717-1,OK,DASS VITORIA,391,140943,827530,95644,ATAC. M13801 POLIESTER COR 102 [36c70372-17b8-4014-977d-2db283be355b],130CM,15939277,552,15936808BRI010383-,17/07/2026,19/08/2026,22,27/07/2026,901047,,36c70372-17b8-4014-977d-2db283be355b,UMBRO,135630,,CONTA E ORDEM VITÓRIA X ITABERABA
DASS VITORIA39114094395644130CM1593927715936809BRI010383-20260717-1,OK,DASS VITORIA,391,140943,827530,95644,ATAC. M13801 POLIESTER COR 102 [7a20e777-1dc8-40f8-8026-ea2b9fd9ed22],130CM,15939277,540,15936809BRI010383-,17/07/2026,19/08/2026,22,27/07/2026,901048,,7a20e777-1dc8-40f8-8026-ea2b9fd9ed22,UMBRO,135630,,CONTA E ORDEM VITÓRIA X ITABERABA
DASS VITORIA39114094395644130CM1593927715936810BRI010384-20260717-1,OK,DASS VITORIA,391,140943,827530,95644,ATAC. M13801 POLIESTER COR 102 [a5659696-bff9-4f87-9485-eff41a48484c],130CM,15939277,480,15936810BRI010384-,17/07/2026,19/08/2026,22,27/07/2026,901049,,a5659696-bff9-4f87-9485-eff41a48484c,UMBRO,135630,,CONTA E ORDEM VITÓRIA X ITABERABA
DASS VITORIA39114094395644130CM1593927715936811BRI010384-20260717-1,OK,DASS VITORIA,391,140943,827530,95644,ATAC. M13801 POLIESTER COR 102 [bdadd043-aef4-4a5c-9fec-ebf97c8d7f48],130CM,15939277,492,15936811BRI010384-,17/07/2026,19/08/2026,22,27/07/2026,901050,,bdadd043-aef4-4a5c-9fec-ebf97c8d7f48,UMBRO,135630,,CONTA E ORDEM VITÓRIA X ITABERABA
DASS VITORIA39114094395645120CM1593927715936817BRI01038720260717-1,OK,DASS VITORIA,391,140943,1328498,95645,ATAC. M13801 POLIESTER COR 058 [14adc086-307c-4dcb-a489-dfafd8109af0],120CM,15939277,492,15936817BRI010387,17/07/2026,19/08/2026,22,27/07/2026,901051,,14adc086-307c-4dcb-a489-dfafd8109af0,UMBRO,135630,,CONTA E ORDEM VITÓRIA X ITABERABA
DASS VITORIA39114094395645130CM1593927715936817BRI01038720260717-1,OK,DASS VITORIA,391,140943,1328498,95645,ATAC. M13801 POLIESTER COR 058 [54f94651-6b31-4b15-84c5-5ad8dc0865a1],130CM,15939277,276,15936817BRI010387,17/07/2026,19/08/2026,22,27/07/2026,901052,,54f94651-6b31-4b15-84c5-5ad8dc0865a1,UMBRO,135630,,CONTA E ORDEM VITÓRIA X ITABERABA
MARFIM CEARA105140645903066MM320260708-1,NÃO,MARFIM CEARA,105,140645,,90306,ATAC. MR140019 6MM RECICLADO COR 5481 [26ff23ee-af88-4b98-9f5d-09bc2b244741],6MM,3,8494,,08/07/2026,21/08/2026,24,27/07/2026,901053,,26ff23ee-af88-4b98-9f5d-09bc2b244741,,135416,,
MARFIM CEARA105140645897106MM320260708-1,NÃO,MARFIM CEARA,105,140645,,89710,ATAC. MR140019 6MM RECICLADO COR 4662 [e37fde11-9256-47ce-b88f-f0271a5ae605],6MM,3,9074,,08/07/2026,21/08/2026,24,27/07/2026,901054,,e37fde11-9256-47ce-b88f-f0271a5ae605,,135416,,
MARFIM CEARA105140645895606MM320260708-1,NÃO,MARFIM CEARA,105,140645,,89560,ATAC. MR140019 6MM RECICLADO COR 5709 [58955eb4-446f-4c08-a62a-6154644ba610],6MM,3,8443,,08/07/2026,21/08/2026,24,27/07/2026,901055,,58955eb4-446f-4c08-a62a-6154644ba610,,135416,,
DASS SEST71390458794616MM1575716520260527-1,OK,DASS SEST,7,139045,1316829,87946,FITA M31119 C/ GOMA POLIESTER COR 100/ COR 5535/ COR 102 [ba43e0da-b39e-428b-9821-baa0fec2b328],16MM,15757165,110,0,27/05/2026,24/08/2026,27,27/07/2026,901056,,ba43e0da-b39e-428b-9821-baa0fec2b328,FILA,133756,,
DASS SEST71390459102316MM1575716520260527-1,OK,DASS SEST,7,139045,1320254,91023,FITA M31119 C/ GOMA POLIESTER COR 114 / COR 100 / COR 100 [9010bf86-bdcf-434a-9f6f-578197b6a8be],16MM,15757165,160,0,27/05/2026,24/08/2026,27,27/07/2026,901057,,9010bf86-bdcf-434a-9f6f-578197b6a8be,FILA,133756,,
DASS SEST71390459296316MM1575716520260527-1,OK,DASS SEST,7,139045,1353470,92963,FITA M31119 C/ GOMA POLIESTER COR 102 / COR 100 / COR 100 [d2465b51-8d3d-434b-9780-c4a29775f1ff],16MM,15757165,270,0,27/05/2026,24/08/2026,27,27/07/2026,901058,,d2465b51-8d3d-434b-9780-c4a29775f1ff,FILA,133756,,
DASS SEST713904695490135CM1575717315744418SBF80624820260527-1,OK,DASS SEST,7,139046,1423777,95490,ATAC. M60132 ALPINA COR 2001 [7d1831e1-08c1-405a-bf5a-a8d5c2876c43],135CM,15757173,216,15744418SBF806248,27/05/2026,24/08/2026,27,27/07/2026,901059,,7d1831e1-08c1-405a-bf5a-a8d5c2876c43,FILA,133757,,
DASS SEST713904695490145CM1575717315744418SBF80624820260527-1,OK,DASS SEST,7,139046,1423777,95490,ATAC. M60132 ALPINA COR 2001 [1ba56dab-fb8e-4065-8678-a17f114cac2c],145CM,15757173,216,15744418SBF806248,27/05/2026,24/08/2026,27,27/07/2026,901060,,1ba56dab-fb8e-4065-8678-a17f114cac2c,FILA,133757,,
DASS SEST713906393661120CM1575859615758317NBR328283820260528-1,OK,DASS SEST,7,139063,1065806,93661,ATAC. MR110029 RECICLADO COR 4662/PET [9e4c1ce6-9c27-42ae-9776-f183f0bce059],120CM,15758596,84,15758317NBR3282838,28/05/2026,24/08/2026,27,27/07/2026,901061,,9e4c1ce6-9c27-42ae-9776-f183f0bce059,NIKE,133774,,
DASS SEST713906393661120CM1575859615758318NBR328283820260528-1,OK,DASS SEST,7,139063,1065806,93661,ATAC. MR110029 RECICLADO COR 4662/PET [a478c26c-2ca5-4393-9931-d0b690552a16],120CM,15758596,72,15758318NBR3282838,28/05/2026,24/08/2026,27,27/07/2026,901062,,a478c26c-2ca5-4393-9931-d0b690552a16,NIKE,133774,,
DASS SEST713906393661120CM1575859615758324NBR328295820260528-1,OK,DASS SEST,7,139063,1065806,93661,ATAC. MR110029 RECICLADO COR 4662/PET [4cf56f86-9ec2-4398-92af-a291dacfe4e6],120CM,15758596,72,15758324NBR3282958,28/05/2026,24/08/2026,27,27/07/2026,901063,,4cf56f86-9ec2-4398-92af-a291dacfe4e6,NIKE,133774,,
DASS SEST713906393661120CM1575859615758325NBR328295820260528-1,OK,DASS SEST,7,139063,1065806,93661,ATAC. MR110029 RECICLADO COR 4662/PET [910f0a5f-580f-4f4b-903d-f0c1af23b609],120CM,15758596,72,15758325NBR3282958,28/05/2026,24/08/2026,27,27/07/2026,901064,,910f0a5f-580f-4f4b-903d-f0c1af23b609,NIKE,133774,,
DASS SEST713906393661130CM1575859615758317NBR328283820260528-1,OK,DASS SEST,7,139063,1065806,93661,ATAC. MR110029 RECICLADO COR 4662/PET [aef41bd5-721d-45ad-8a2e-09c82fa75022],130CM,15758596,746,15758317NBR3282838,28/05/2026,24/08/2026,27,27/07/2026,901065,,aef41bd5-721d-45ad-8a2e-09c82fa75022,NIKE,133774,,
DASS SEST713906393661130CM1575859615758318NBR328283820260528-1,OK,DASS SEST,7,139063,1065806,93661,ATAC. MR110029 RECICLADO COR 4662/PET [9f34e736-3ca3-4a16-825f-baa0db5b86ce],130CM,15758596,792,15758318NBR3282838,28/05/2026,24/08/2026,27,27/07/2026,901066,,9f34e736-3ca3-4a16-825f-baa0db5b86ce,NIKE,133774,,
DASS SEST713906393661130CM1575859615758324NBR328295820260528-1,OK,DASS SEST,7,139063,1065806,93661,ATAC. MR110029 RECICLADO COR 4662/PET [cab056f3-09af-4b54-880c-90dddccf485e],130CM,15758596,806,15758324NBR3282958,28/05/2026,24/08/2026,27,27/07/2026,901067,,cab056f3-09af-4b54-880c-90dddccf485e,NIKE,133774,,
DASS SEST713906393661130CM1575859615758325NBR328295820260528-1,OK,DASS SEST,7,139063,1065806,93661,ATAC. MR110029 RECICLADO COR 4662/PET [27f66a4b-0a85-4d58-9d83-0a9b0c844c63],130CM,15758596,852,15758325NBR3282958,28/05/2026,24/08/2026,27,27/07/2026,901068,,27f66a4b-0a85-4d58-9d83-0a9b0c844c63,NIKE,133774,,
DASS SEST713906393661140CM1575859615758317NBR328283820260528-1,OK,DASS SEST,7,139063,1065806,93661,ATAC. MR110029 RECICLADO COR 4662/PET [6acce32c-453b-46e7-9e18-e653923df3c8],140CM,15758596,72,15758317NBR3282838,28/05/2026,24/08/2026,27,27/07/2026,901069,,6acce32c-453b-46e7-9e18-e653923df3c8,NIKE,133774,,
DASS SEST713906393661140CM1575859615758318NBR328283820260528-1,OK,DASS SEST,7,139063,1065806,93661,ATAC. MR110029 RECICLADO COR 4662/PET [906ddb67-4dd0-4b8b-bd1e-3ccec02bc9ed],140CM,15758596,84,15758318NBR3282838,28/05/2026,24/08/2026,27,27/07/2026,901070,,906ddb67-4dd0-4b8b-bd1e-3ccec02bc9ed,NIKE,133774,,
DASS SEST713906393661140CM1575859615758324NBR328295820260528-1,OK,DASS SEST,7,139063,1065806,93661,ATAC. MR110029 RECICLADO COR 4662/PET [d8e5417d-ad37-40d8-b68a-562b7c066818],140CM,15758596,90,15758324NBR3282958,28/05/2026,24/08/2026,27,27/07/2026,901071,,d8e5417d-ad37-40d8-b68a-562b7c066818,NIKE,133774,,
DASS SEST713906393661140CM1575859615758325NBR328295820260528-1,OK,DASS SEST,7,139063,1065806,93661,ATAC. MR110029 RECICLADO COR 4662/PET [bd80ea26-1f63-4a5e-aab8-c61d478a2a31],140CM,15758596,90,15758325NBR3282958,28/05/2026,24/08/2026,27,27/07/2026,901072,,bd80ea26-1f63-4a5e-aab8-c61d478a2a31,NIKE,133774,,
DASS SEST713922882628100CM1577519315773818NBR328303320260601-1,OK,DASS SEST,7,139228,1188919,82628,ATAC. MR140014 6MM RECICLADO COR 4085/PET [ce026c14-3f48-46a1-94df-db654ef089d6],100CM,15775193,96,15773818NBR3283033,01/06/2026,24/08/2026,27,27/07/2026,901073,,ce026c14-3f48-46a1-94df-db654ef089d6,NIKE,133929,,
DASS SEST713922882628100CM1577519315773819NBR328303320260601-1,OK,DASS SEST,7,139228,1188919,82628,ATAC. MR140014 6MM RECICLADO COR 4085/PET [250eeb56-170d-4992-8ba5-3993e3707dfd],100CM,15775193,120,15773819NBR3283033,01/06/2026,24/08/2026,27,27/07/2026,901074,,250eeb56-170d-4992-8ba5-3993e3707dfd,NIKE,133929,,
DASS SEST713922882628105CM1577519315773818NBR328303320260601-1,OK,DASS SEST,7,139228,1188919,82628,ATAC. MR140014 6MM RECICLADO COR 4085/PET [84f30ce4-c1d7-453c-9206-61055bf6350d],105CM,15775193,734,15773818NBR3283033,01/06/2026,24/08/2026,27,27/07/2026,901075,,84f30ce4-c1d7-453c-9206-61055bf6350d,NIKE,133929,,
DASS SEST713922882628105CM1577519315773819NBR328303320260601-1,OK,DASS SEST,7,139228,1188919,82628,ATAC. MR140014 6MM RECICLADO COR 4085/PET [3d6f62f0-3d37-4a15-9f77-80dfa25b0e03],105CM,15775193,762,15773819NBR3283033,01/06/2026,24/08/2026,27,27/07/2026,901076,,3d6f62f0-3d37-4a15-9f77-80dfa25b0e03,NIKE,133929,,
DASS SEST713922882628110CM1577519315773818NBR328303320260601-1,OK,DASS SEST,7,139228,1188919,82628,ATAC. MR140014 6MM RECICLADO COR 4085/PET [d1f8f4dd-aff0-4ef6-be1c-597390682dba],110CM,15775193,54,15773818NBR3283033,01/06/2026,24/08/2026,27,27/07/2026,901077,,d1f8f4dd-aff0-4ef6-be1c-597390682dba,NIKE,133929,,
DASS SEST713922882628110CM1577519315773819NBR328303320260601-1,OK,DASS SEST,7,139228,1188919,82628,ATAC. MR140014 6MM RECICLADO COR 4085/PET [e2cb3be2-cb0f-4e8f-843c-a9233a70ae3a],110CM,15775193,36,15773819NBR3283033,01/06/2026,24/08/2026,27,27/07/2026,901078,,e2cb3be2-cb0f-4e8f-843c-a9233a70ae3a,NIKE,133929,,
DASS SEST713922886418100CM1577519315773828NBR328288620260601-1,OK,DASS SEST,7,139228,1278311,86418,ATAC. MR140014 6MM RECICLADO COR 4662/PET [0d130b87-00e8-4638-b429-2a2b526e5704],100CM,15775193,108,15773828NBR3282886,01/06/2026,24/08/2026,27,27/07/2026,901079,,0d130b87-00e8-4638-b429-2a2b526e5704,NIKE,133929,,
DASS SEST713922886418100CM1577519315773829NBR328288620260601-1,OK,DASS SEST,7,139228,1278311,86418,ATAC. MR140014 6MM RECICLADO COR 4662/PET [fc1086da-4d79-4a9f-97cd-697da9e85733],100CM,15775193,114,15773829NBR3282886,01/06/2026,24/08/2026,27,27/07/2026,901080,,fc1086da-4d79-4a9f-97cd-697da9e85733,NIKE,133929,,
DASS SEST713922886418105CM1577519315773828NBR328288620260601-1,OK,DASS SEST,7,139228,1278311,86418,ATAC. MR140014 6MM RECICLADO COR 4662/PET [b1c4a2e6-0424-47b1-b0d6-d17edc147fe9],105CM,15775193,746,15773828NBR3282886,01/06/2026,24/08/2026,27,27/07/2026,901081,,b1c4a2e6-0424-47b1-b0d6-d17edc147fe9,NIKE,133929,,
DASS SEST713922886418105CM1577519315773829NBR328288620260601-1,OK,DASS SEST,7,139228,1278311,86418,ATAC. MR140014 6MM RECICLADO COR 4662/PET [0e613fed-9412-4dbc-9bf7-7509d17c2172],105CM,15775193,792,15773829NBR3282886,01/06/2026,24/08/2026,27,27/07/2026,901082,,0e613fed-9412-4dbc-9bf7-7509d17c2172,NIKE,133929,,
DASS SEST713922886418110CM1577519315773828NBR328288620260601-1,OK,DASS SEST,7,139228,1278311,86418,ATAC. MR140014 6MM RECICLADO COR 4662/PET [a74553ea-6e41-4bee-823c-e108d3ec8d11],110CM,15775193,48,15773828NBR3282886,01/06/2026,24/08/2026,27,27/07/2026,901083,,a74553ea-6e41-4bee-823c-e108d3ec8d11,NIKE,133929,,
DASS SEST713922886418110CM1577519315773829NBR328288620260601-1,OK,DASS SEST,7,139228,1278311,86418,ATAC. MR140014 6MM RECICLADO COR 4662/PET [82509032-50d2-4b4d-981f-54d20283eece],110CM,15775193,48,15773829NBR3282886,01/06/2026,24/08/2026,27,27/07/2026,901084,,82509032-50d2-4b4d-981f-54d20283eece,NIKE,133929,,
DASS SEST71392808262618MM1577532120260602-1,OK,DASS SEST,7,139280,1220522,82626,FITA MR100038 C/ GOMA RECICLADO COR 4662/PET / COR 5400/B [19522d8e-fe10-4d11-afa8-dd7915b5d40f],18MM,15775321,340,0,02/06/2026,24/08/2026,27,27/07/2026,901085,,19522d8e-fe10-4d11-afa8-dd7915b5d40f,NIKE,133900,,
DASS SEST71392989570618MM1577532120260602-1,OK,DASS SEST,7,139298,1359543,95706,FITA MR100038 C/ GOMA RECICLADO COR 057/PET / COR 5911/B [685e10fd-b962-4f02-86fc-1b99781baf20],18MM,15775321,320,0,02/06/2026,24/08/2026,27,27/07/2026,901086,,685e10fd-b962-4f02-86fc-1b99781baf20,NIKE,133935,,
DASS SEST71392999538416MM1577776520260602-1,OK,DASS SEST,7,139299,1411433,95384,FITA M31119 C/ GOMA POLIESTER COR 6008 / COR 102 / COR 102 [2ac81419-7461-4b5f-b6ec-9bcb0a1ed454],16MM,15777765,390,0,02/06/2026,24/08/2026,27,27/07/2026,901087,,2ac81419-7461-4b5f-b6ec-9bcb0a1ed454,FILA,133936,,
DASS SEST71393718794616MM1578677520260604-1,OK,DASS SEST,7,139371,1316829,87946,FITA M31119 C/ GOMA POLIESTER COR 100/ COR 5535/ COR 102 [7acde8df-4ad8-4595-ad23-3abeaf10e6c0],16MM,15786775,100,0,04/06/2026,24/08/2026,27,27/07/2026,901088,,7acde8df-4ad8-4595-ad23-3abeaf10e6c0,FILA,133998,,
DASS SEST71396267400710MM1581715620260612-1,OK,DASS SEST,7,139626,1200469,74007,FITA M32164 C/ GOMA POLIESTER COR 4085 [bff966fd-48fa-407c-ab4b-a6faa796c71f],10MM,15817156,170,0,12/06/2026,24/08/2026,27,27/07/2026,901089,,bff966fd-48fa-407c-ab4b-a6faa796c71f,NIKE,134336,,
DASS SEST71396268373910MM1581715620260612-1,OK,DASS SEST,7,139626,1247438,83739,FITA M32164 C/ GOMA POLIESTER COR 4662 [04d53d2b-9c1d-4d51-b188-f76192ff685e],10MM,15817156,190,0,12/06/2026,24/08/2026,27,27/07/2026,901090,,04d53d2b-9c1d-4d51-b188-f76192ff685e,NIKE,134336,,
DASS SEST71396368697895CM1581641115815486NBR328284620260612-1,OK,DASS SEST,7,139636,1299257,86978,ATAC. MR130027 6MM RECICLADO COR 4085/PET [537a5bc3-14c7-400a-9684-1afebf018ee3],95CM,15816411,427,15815486NBR3282846,12/06/2026,24/08/2026,27,27/07/2026,901091,,537a5bc3-14c7-400a-9684-1afebf018ee3,NIKE,134339,,
DASS SEST713963686978100CM1581641115815486NBR328284620260612-1,OK,DASS SEST,7,139636,1299257,86978,ATAC. MR130027 6MM RECICLADO COR 4085/PET [3ae3d9d4-bcdf-4bb4-8c6f-74f06f2c2c77],100CM,15816411,538,15815486NBR3282846,12/06/2026,24/08/2026,27,27/07/2026,901092,,3ae3d9d4-bcdf-4bb4-8c6f-74f06f2c2c77,NIKE,134339,,
DASS SEST713963686978105CM1581641115815486NBR328284620260612-1,OK,DASS SEST,7,139636,1299257,86978,ATAC. MR130027 6MM RECICLADO COR 4085/PET [b1937814-6d60-4052-8752-1983b37d727e],105CM,15816411,67,15815486NBR3282846,12/06/2026,24/08/2026,27,27/07/2026,901093,,b1937814-6d60-4052-8752-1983b37d727e,NIKE,134339,,
DASS SEST71396368869595CM1581641115815492NBR328284820260612-1,OK,DASS SEST,7,139636,1301800,88695,ATAC. MR130027 6MM RECICLADO COR 4662/PET [3b080595-dc16-440f-a1bc-293d1bc80179],95CM,15816411,427,15815492NBR3282848,12/06/2026,24/08/2026,27,27/07/2026,901094,,3b080595-dc16-440f-a1bc-293d1bc80179,NIKE,134339,,
DASS SEST713963688695100CM1581641115815492NBR328284820260612-1,OK,DASS SEST,7,139636,1301800,88695,ATAC. MR130027 6MM RECICLADO COR 4662/PET [f4faeabb-f6a1-4fee-b129-74a185878d28],100CM,15816411,532,15815492NBR3282848,12/06/2026,24/08/2026,27,27/07/2026,901095,,f4faeabb-f6a1-4fee-b129-74a185878d28,NIKE,134339,,
DASS SEST713963688695105CM1581641115815492NBR328284820260612-1,OK,DASS SEST,7,139636,1301800,88695,ATAC. MR130027 6MM RECICLADO COR 4662/PET [62eadec0-a350-4870-b149-25f3e6d060bc],105CM,15816411,67,15815492NBR3282848,12/06/2026,24/08/2026,27,27/07/2026,901096,,62eadec0-a350-4870-b149-25f3e6d060bc,NIKE,134339,,
DASS SEST71396369579995CM1581641115815489NBR328284920260612-1,OK,DASS SEST,7,139636,1424088,95799,ATAC. MR130027 6MM RECICLADO COR 5820/PET [8f9b8a36-610f-4bc6-a44f-e25bf311c2b8],95CM,15816411,300,15815489NBR3282849,12/06/2026,24/08/2026,27,27/07/2026,901097,,8f9b8a36-610f-4bc6-a44f-e25bf311c2b8,NIKE,134339,,
DASS SEST71396369579995CM1581641115815490NBR328284920260612-1,OK,DASS SEST,7,139636,1424088,95799,ATAC. MR130027 6MM RECICLADO COR 5820/PET [ade3cae3-5790-4920-a6b3-ad268ccaf2ae],95CM,15816411,333,15815490NBR3282849,12/06/2026,24/08/2026,27,27/07/2026,901098,,ade3cae3-5790-4920-a6b3-ad268ccaf2ae,NIKE,134339,,
DASS SEST713963695799100CM1581641115815489NBR328284920260612-1,OK,DASS SEST,7,139636,1424088,95799,ATAC. MR130027 6MM RECICLADO COR 5820/PET [8821a485-3334-4520-a0f3-552e35ce09aa],100CM,15816411,374,15815489NBR3282849,12/06/2026,24/08/2026,27,27/07/2026,901099,,8821a485-3334-4520-a0f3-552e35ce09aa,NIKE,134339,,
DASS SEST713963695799100CM1581641115815490NBR328284920260612-1,OK,DASS SEST,7,139636,1424088,95799,ATAC. MR130027 6MM RECICLADO COR 5820/PET [c3b959cc-6cb7-48e6-84d3-78253285a0c1],100CM,15816411,426,15815490NBR3282849,12/06/2026,24/08/2026,27,27/07/2026,901100,,c3b959cc-6cb7-48e6-84d3-78253285a0c1,NIKE,134339,,
DASS SEST713963695799105CM1581641115815489NBR328284920260612-1,OK,DASS SEST,7,139636,1424088,95799,ATAC. MR130027 6MM RECICLADO COR 5820/PET [0b8c2367-e3c1-42f0-b5cd-b5a62e1ea5bc],105CM,15816411,49,15815489NBR3282849,12/06/2026,24/08/2026,27,27/07/2026,901101,,0b8c2367-e3c1-42f0-b5cd-b5a62e1ea5bc,NIKE,134339,,
DASS SEST713963695799105CM1581641115815490NBR328284920260612-1,OK,DASS SEST,7,139636,1424088,95799,ATAC. MR130027 6MM RECICLADO COR 5820/PET [35649618-1f97-4558-b485-e0e72f74bb94],105CM,15816411,48,15815490NBR3282849,12/06/2026,24/08/2026,27,27/07/2026,901102,,35649618-1f97-4558-b485-e0e72f74bb94,NIKE,134339,,
DASS SEST713965284943100CM1581990715818128NBR328289020260612-1,OK,DASS SEST,7,139652,1241008,84943,ATAC. MR140014 6MM RECICLADO COR 4021/PET [6ba52591-95c7-46ed-9feb-2546397d2848],100CM,15819907,773,15818128NBR3282890,12/06/2026,24/08/2026,27,27/07/2026,901103,,6ba52591-95c7-46ed-9feb-2546397d2848,NIKE,134362,,
DASS SEST713965284943105CM1581990715818128NBR328289020260612-1,OK,DASS SEST,7,139652,1241008,84943,ATAC. MR140014 6MM RECICLADO COR 4021/PET [09616fb2-6641-4844-9454-05e4628e2871],105CM,15819907,394,15818128NBR3282890,12/06/2026,24/08/2026,27,27/07/2026,901104,,09616fb2-6641-4844-9454-05e4628e2871,NIKE,134362,,
DASS SEST713965286418100CM1581990715818135NBR328284320260612-1,OK,DASS SEST,7,139652,1278311,86418,ATAC. MR140014 6MM RECICLADO COR 4662/PET [40dfaebc-3ced-4138-b00a-7c4cf4223137],100CM,15819907,673,15818135NBR3282843,12/06/2026,24/08/2026,27,27/07/2026,901105,,40dfaebc-3ced-4138-b00a-7c4cf4223137,NIKE,134362,,
DASS SEST713965286418105CM1581990715818135NBR328284320260612-1,OK,DASS SEST,7,139652,1278311,86418,ATAC. MR140014 6MM RECICLADO COR 4662/PET [841de114-8c35-46e9-9c04-d8267ff37ca6],105CM,15819907,346,15818135NBR3282843,12/06/2026,24/08/2026,27,27/07/2026,901106,,841de114-8c35-46e9-9c04-d8267ff37ca6,NIKE,134362,,
DASS SEST71397988794616MM1583172020260617-1,OK,DASS SEST,7,139798,1316829,87946,FITA M31119 C/ GOMA POLIESTER COR 100/ COR 5535/ COR 102 [1c094e09-67e3-4769-879d-d60b399cce51],16MM,15831720,40,0,17/06/2026,24/08/2026,27,27/07/2026,901107,,1c094e09-67e3-4769-879d-d60b399cce51,FILA,134491,,
DASS SEST71397989102316MM1583172020260617-1,OK,DASS SEST,7,139798,1320254,91023,FITA M31119 C/ GOMA POLIESTER COR 114 / COR 100 / COR 100 [0d2c1b7c-1996-47e8-a670-9905ea772d8d],16MM,15831720,10,0,17/06/2026,24/08/2026,27,27/07/2026,901108,,0d2c1b7c-1996-47e8-a670-9905ea772d8d,FILA,134491,,
DASS SEST71397989296316MM1583172020260617-1,OK,DASS SEST,7,139798,1353470,92963,FITA M31119 C/ GOMA POLIESTER COR 102 / COR 100 / COR 100 [11636463-4cac-4fc6-a2ce-2cac16fe96c4],16MM,15831720,10,0,17/06/2026,24/08/2026,27,27/07/2026,901109,,11636463-4cac-4fc6-a2ce-2cac16fe96c4,FILA,134491,,
DASS SEST71399398794616MM1584966120260622-1,OK,DASS SEST,7,139939,1316829,87946,FITA M31119 C/ GOMA POLIESTER COR 100/ COR 5535/ COR 102 [e593408e-b4ce-468d-be69-519e83bbec75],16MM,15849661,330,0,22/06/2026,24/08/2026,27,27/07/2026,901110,,e593408e-b4ce-468d-be69-519e83bbec75,FILA,134615,,
DASS SEST71399399102316MM1584966120260622-1,OK,DASS SEST,7,139939,1320254,91023,FITA M31119 C/ GOMA POLIESTER COR 114 / COR 100 / COR 100 [d6fe0668-064f-456a-9943-fd0157aa0695],16MM,15849661,70,0,22/06/2026,24/08/2026,27,27/07/2026,901111,,d6fe0668-064f-456a-9943-fd0157aa0695,FILA,134615,,
DASS SEST71399399296316MM1584966120260622-1,OK,DASS SEST,7,139939,1353470,92963,FITA M31119 C/ GOMA POLIESTER COR 102 / COR 100 / COR 100 [a7fd3d02-6d0d-41c2-b1f8-0e4fd9b63730],16MM,15849661,1330,0,22/06/2026,24/08/2026,27,27/07/2026,901112,,a7fd3d02-6d0d-41c2-b1f8-0e4fd9b63730,FILA,134615,,
DASS SEST71399399514616MM1584966120260622-1,OK,DASS SEST,7,139939,1400623,95146,FITA M31119 C/ GOMA POLIESTER COR 447 / COR 114 / COR 114 [2d9136f7-7c19-4ce5-84a3-487d8090028d],16MM,15849661,190,0,22/06/2026,24/08/2026,27,27/07/2026,901113,,2d9136f7-7c19-4ce5-84a3-487d8090028d,FILA,134615,,
DASS SEST71399399517616MM1584966120260622-1,OK,DASS SEST,7,139939,1320199,95176,FITA M31119 C/ GOMA POLIESTER COR 053 / COR 114 / COR 114 [396f9623-0133-4ab5-a405-ece7b3f27adf],16MM,15849661,380,0,22/06/2026,24/08/2026,27,27/07/2026,901114,,396f9623-0133-4ab5-a405-ece7b3f27adf,FILA,134615,,
DASS SEST71399399530116MM1584966120260622-1,OK,DASS SEST,7,139939,1416908,95301,FITA M31119 C/ GOMA POLIESTER COR 6038 / COR 5508 / COR 5508 [3d94b693-8b28-4c8b-a14d-7c398ce35384],16MM,15849661,410,0,22/06/2026,24/08/2026,27,27/07/2026,901115,,3d94b693-8b28-4c8b-a14d-7c398ce35384,FILA,134615,,
DASS SEST714009486978105CM1585915415856843NBR328291920260625-1,OK,DASS SEST,7,140094,1299257,86978,ATAC. MR130027 6MM RECICLADO COR 4085/PET [63e38f13-7992-4bff-8d3c-72efbc7047fa],105CM,15859154,552,15856843NBR3282919,25/06/2026,24/08/2026,27,27/07/2026,901116,,63e38f13-7992-4bff-8d3c-72efbc7047fa,NIKE,134783,,
DASS SEST714009486978110CM1585915415856836NBR328286720260625-1,OK,DASS SEST,7,140094,1299257,86978,ATAC. MR130027 6MM RECICLADO COR 4085/PET [e04faf8f-f433-4c06-97a9-8fef1411bedf],110CM,15859154,144,15856836NBR3282867,25/06/2026,24/08/2026,27,27/07/2026,901117,,e04faf8f-f433-4c06-97a9-8fef1411bedf,NIKE,134783,,
DASS SEST714009486978110CM1585915415856837NBR328286720260625-1,OK,DASS SEST,7,140094,1299257,86978,ATAC. MR130027 6MM RECICLADO COR 4085/PET [7957d9a2-d4fb-4e75-8e60-36f3730a3532],110CM,15859154,150,15856837NBR3282867,25/06/2026,24/08/2026,27,27/07/2026,901118,,7957d9a2-d4fb-4e75-8e60-36f3730a3532,NIKE,134783,,
DASS SEST714009486978110CM1585915415856843NBR328291920260625-1,OK,DASS SEST,7,140094,1299257,86978,ATAC. MR130027 6MM RECICLADO COR 4085/PET [0db38643-e5d7-4176-9e61-917c1e12b7b4],110CM,15859154,548,15856843NBR3282919,25/06/2026,24/08/2026,27,27/07/2026,901119,,0db38643-e5d7-4176-9e61-917c1e12b7b4,NIKE,134783,,
DASS SEST714009486978115CM1585915415856836NBR328286720260625-1,OK,DASS SEST,7,140094,1299257,86978,ATAC. MR130027 6MM RECICLADO COR 4085/PET [4918aa52-02f1-493f-9fd2-4ecbaa5ebaeb],115CM,15859154,518,15856836NBR3282867,25/06/2026,24/08/2026,27,27/07/2026,901120,,4918aa52-02f1-493f-9fd2-4ecbaa5ebaeb,NIKE,134783,,
DASS SEST714009486978115CM1585915415856837NBR328286720260625-1,OK,DASS SEST,7,140094,1299257,86978,ATAC. MR130027 6MM RECICLADO COR 4085/PET [e9927b44-e309-4c52-a77f-6dacc63b53a6],115CM,15859154,528,15856837NBR3282867,25/06/2026,24/08/2026,27,27/07/2026,901121,,e9927b44-e309-4c52-a77f-6dacc63b53a6,NIKE,134783,,
DASS SEST714009486978115CM1585915415856843NBR328291920260625-1,OK,DASS SEST,7,140094,1299257,86978,ATAC. MR130027 6MM RECICLADO COR 4085/PET [0ed6bdba-e78d-4d46-8886-1f9852d4a014],115CM,15859154,24,15856843NBR3282919,25/06/2026,24/08/2026,27,27/07/2026,901122,,0ed6bdba-e78d-4d46-8886-1f9852d4a014,NIKE,134783,,
DASS SEST714009486978120CM1585915415856836NBR328286720260625-1,OK,DASS SEST,7,140094,1299257,86978,ATAC. MR130027 6MM RECICLADO COR 4085/PET [14642589-9f3a-4f2b-bdb2-335b71c835fe],120CM,15859154,120,15856836NBR3282867,25/06/2026,24/08/2026,27,27/07/2026,901123,,14642589-9f3a-4f2b-bdb2-335b71c835fe,NIKE,134783,,
DASS SEST714009486978120CM1585915415856837NBR328286720260625-1,OK,DASS SEST,7,140094,1299257,86978,ATAC. MR130027 6MM RECICLADO COR 4085/PET [53288234-0a96-467f-a413-0cdf40db0d67],120CM,15859154,156,15856837NBR3282867,25/06/2026,24/08/2026,27,27/07/2026,901124,,53288234-0a96-467f-a413-0cdf40db0d67,NIKE,134783,,
DASS SEST714009488695110CM1585915415856846NBR328286820260625-1,OK,DASS SEST,7,140094,1301800,88695,ATAC. MR130027 6MM RECICLADO COR 4662/PET [307d5f40-af3c-46f7-9e01-4c295e60ead7],110CM,15859154,144,15856846NBR3282868,25/06/2026,24/08/2026,27,27/07/2026,901125,,307d5f40-af3c-46f7-9e01-4c295e60ead7,NIKE,134783,,
DASS SEST714009488695115CM1585915415856846NBR328286820260625-1,OK,DASS SEST,7,140094,1301800,88695,ATAC. MR130027 6MM RECICLADO COR 4662/PET [a1c697d7-e50f-407b-b9d7-d5ab5c89d51a],115CM,15859154,836,15856846NBR3282868,25/06/2026,24/08/2026,27,27/07/2026,901126,,a1c697d7-e50f-407b-b9d7-d5ab5c89d51a,NIKE,134783,,
DASS SEST714009488695120CM1585915415856846NBR328286820260625-1,OK,DASS SEST,7,140094,1301800,88695,ATAC. MR130027 6MM RECICLADO COR 4662/PET [3951a20f-53cb-4354-a6d3-3ba65f3636ba],120CM,15859154,264,15856846NBR3282868,25/06/2026,24/08/2026,27,27/07/2026,901127,,3951a20f-53cb-4354-a6d3-3ba65f3636ba,NIKE,134783,,
DASS SEST714012788668110CM1585578515854344NEX000007620260625-1,OK,DASS SEST,7,140127,1304277,88668,ATAC. MR110022 7MM RECICLADO COR 4085/PET / COR 496/PET [d3477703-6625-4997-b2ee-ee992733a4e5],110CM,15855785,1048,15854344NEX0000076,25/06/2026,24/08/2026,27,27/07/2026,901128,,d3477703-6625-4997-b2ee-ee992733a4e5,NIKE,134818,,
DASS SEST714012788668110CM1585578515854345NEX000007620260625-1,OK,DASS SEST,7,140127,1304277,88668,ATAC. MR110022 7MM RECICLADO COR 4085/PET / COR 496/PET [73a0acad-dee6-495f-8f43-0bc4804af3e6],110CM,15855785,1032,15854345NEX0000076,25/06/2026,24/08/2026,27,27/07/2026,901129,,73a0acad-dee6-495f-8f43-0bc4804af3e6,NIKE,134818,,
DASS SEST714012788668110CM1585578515854346NEX000007620260625-1,OK,DASS SEST,7,140127,1304277,88668,ATAC. MR110022 7MM RECICLADO COR 4085/PET / COR 496/PET [b29f143f-61ad-4c34-a072-3b995dc98770],110CM,15855785,1110,15854346NEX0000076,25/06/2026,24/08/2026,27,27/07/2026,901130,,b29f143f-61ad-4c34-a072-3b995dc98770,NIKE,134818,,
DASS SEST714012788668115CM1585578515854344NEX000007620260625-1,OK,DASS SEST,7,140127,1304277,88668,ATAC. MR110022 7MM RECICLADO COR 4085/PET / COR 496/PET [25929098-3acc-43a2-8d2e-fe45cc9cbd19],115CM,15855785,138,15854344NEX0000076,25/06/2026,24/08/2026,27,27/07/2026,901131,,25929098-3acc-43a2-8d2e-fe45cc9cbd19,NIKE,134818,,
DASS SEST714012788668115CM1585578515854345NEX000007620260625-1,OK,DASS SEST,7,140127,1304277,88668,ATAC. MR110022 7MM RECICLADO COR 4085/PET / COR 496/PET [b1c80af4-a134-48ed-95ae-ef46317eb38c],115CM,15855785,120,15854345NEX0000076,25/06/2026,24/08/2026,27,27/07/2026,901132,,b1c80af4-a134-48ed-95ae-ef46317eb38c,NIKE,134818,,
DASS SEST714012788668115CM1585578515854346NEX000007620260625-1,OK,DASS SEST,7,140127,1304277,88668,ATAC. MR110022 7MM RECICLADO COR 4085/PET / COR 496/PET [92fe9cca-8fb4-4e05-ad5c-5c638e56ee57],115CM,15855785,126,15854346NEX0000076,25/06/2026,24/08/2026,27,27/07/2026,901133,,92fe9cca-8fb4-4e05-ad5c-5c638e56ee57,NIKE,134818,,
DASS SEST714012788700110CM1585578515854327NEX000006920260625-1,OK,DASS SEST,7,140127,1315210,88700,ATAC. MR110022 7MM RECICLADO COR 4662/PET [ffc4b01e-7494-46de-ab7c-5e52fcdec4a4],110CM,15855785,144,15854327NEX0000069,25/06/2026,24/08/2026,27,27/07/2026,901134,,ffc4b01e-7494-46de-ab7c-5e52fcdec4a4,NIKE,134818,,
DASS SEST714012788700110CM1585578515854328NEX000006920260625-1,OK,DASS SEST,7,140127,1315210,88700,ATAC. MR110022 7MM RECICLADO COR 4662/PET [ac516803-24dd-482c-9feb-a0a89977a997],110CM,15855785,162,15854328NEX0000069,25/06/2026,24/08/2026,27,27/07/2026,901135,,ac516803-24dd-482c-9feb-a0a89977a997,NIKE,134818,,
DASS SEST714012788700115CM1585578515854327NEX000006920260625-1,OK,DASS SEST,7,140127,1315210,88700,ATAC. MR110022 7MM RECICLADO COR 4662/PET [f51bd242-22ca-4eed-9ca4-ebbb8c7e44e9],115CM,15855785,554,15854327NEX0000069,25/06/2026,24/08/2026,27,27/07/2026,901136,,f51bd242-22ca-4eed-9ca4-ebbb8c7e44e9,NIKE,134818,,
DASS SEST714012788700115CM1585578515854328NEX000006920260625-1,OK,DASS SEST,7,140127,1315210,88700,ATAC. MR110022 7MM RECICLADO COR 4662/PET [7a8c8773-a043-4632-99c5-268836941ce0],115CM,15855785,558,15854328NEX0000069,25/06/2026,24/08/2026,27,27/07/2026,901137,,7a8c8773-a043-4632-99c5-268836941ce0,NIKE,134818,,
DASS SEST714012788700120CM1585578515854327NEX000006920260625-1,OK,DASS SEST,7,140127,1315210,88700,ATAC. MR110022 7MM RECICLADO COR 4662/PET [a678080d-9d7f-4fe0-bcd8-b816abe75ed9],120CM,15855785,156,15854327NEX0000069,25/06/2026,24/08/2026,27,27/07/2026,901138,,a678080d-9d7f-4fe0-bcd8-b816abe75ed9,NIKE,134818,,
DASS SEST714012788700120CM1585578515854328NEX000006920260625-1,OK,DASS SEST,7,140127,1315210,88700,ATAC. MR110022 7MM RECICLADO COR 4662/PET [beb16ae8-8ddb-42d4-823e-057452487de0],120CM,15855785,174,15854328NEX0000069,25/06/2026,24/08/2026,27,27/07/2026,901139,,beb16ae8-8ddb-42d4-823e-057452487de0,NIKE,134818,,
DASS SEST714012792431110CM1585578515854350NEX000007820260625-1,OK,DASS SEST,7,140127,1362000,92431,ATAC. MR110022 7MM RECICLADO COR 4662/PET / COR 4758/PET [d1c4e103-540a-48f4-a50b-1f379678e047],110CM,15855785,758,15854350NEX0000078,25/06/2026,24/08/2026,27,27/07/2026,901140,,d1c4e103-540a-48f4-a50b-1f379678e047,NIKE,134818,,
DASS SEST714012792431110CM1585578515854351NEX000007820260625-1,OK,DASS SEST,7,140127,1362000,92431,ATAC. MR110022 7MM RECICLADO COR 4662/PET / COR 4758/PET [59d487bf-60f5-4112-aa7c-0fc839c20fbc],110CM,15855785,810,15854351NEX0000078,25/06/2026,24/08/2026,27,27/07/2026,901141,,59d487bf-60f5-4112-aa7c-0fc839c20fbc,NIKE,134818,,
DASS SEST714012792431115CM1585578515854350NEX000007820260625-1,OK,DASS SEST,7,140127,1362000,92431,ATAC. MR110022 7MM RECICLADO COR 4662/PET / COR 4758/PET [91bd0907-b6df-4092-baff-6496db42b514],115CM,15855785,72,15854350NEX0000078,25/06/2026,24/08/2026,27,27/07/2026,901142,,91bd0907-b6df-4092-baff-6496db42b514,NIKE,134818,,
DASS SEST714012792431115CM1585578515854351NEX000007820260625-1,OK,DASS SEST,7,140127,1362000,92431,ATAC. MR110022 7MM RECICLADO COR 4662/PET / COR 4758/PET [828453a3-5593-4d4d-9968-01734736c7af],115CM,15855785,36,15854351NEX0000078,25/06/2026,24/08/2026,27,27/07/2026,901143,,828453a3-5593-4d4d-9968-01734736c7af,NIKE,134818,,
DASS SEST714012795897110CM1585578515854361NEX000007720260625-1,OK,DASS SEST,7,140127,1424201,95897,ATAC. MR110022 7MM RECICLADO COR 4662/PET / COR 4638/PET [65193529-c659-4112-88e6-e1366af9a0a1],110CM,15855785,1226,15854361NEX0000077,25/06/2026,24/08/2026,27,27/07/2026,901144,,65193529-c659-4112-88e6-e1366af9a0a1,NIKE,134818,,
DASS SEST714012795897115CM1585578515854361NEX000007720260625-1,OK,DASS SEST,7,140127,1424201,95897,ATAC. MR110022 7MM RECICLADO COR 4662/PET / COR 4638/PET [a16f73db-c209-4d95-8424-773617f9e699],115CM,15855785,78,15854361NEX0000077,25/06/2026,24/08/2026,27,27/07/2026,901145,,a16f73db-c209-4d95-8424-773617f9e699,NIKE,134818,,
DASS SEST714012795898110CM1585578515854356NEX000007220260625-1,OK,DASS SEST,7,140127,1424204,95898,ATAC. MR110022 7MM RECICLADO COR 6222/PET / COR 4259/PET [60fb40ba-7de5-49ac-ac8f-3ea3299ff377],110CM,15855785,228,15854356NEX0000072,25/06/2026,24/08/2026,27,27/07/2026,901146,,60fb40ba-7de5-49ac-ac8f-3ea3299ff377,NIKE,134818,,
DASS SEST714012795898110CM1585578515854357NEX000007220260625-1,OK,DASS SEST,7,140127,1424204,95898,ATAC. MR110022 7MM RECICLADO COR 6222/PET / COR 4259/PET [387e648a-8dda-4991-8423-b390241fe5fd],110CM,15855785,204,15854357NEX0000072,25/06/2026,24/08/2026,27,27/07/2026,901147,,387e648a-8dda-4991-8423-b390241fe5fd,NIKE,134818,,
DASS SEST714012795898110CM1585578515854358NEX000007220260625-1,OK,DASS SEST,7,140127,1424204,95898,ATAC. MR110022 7MM RECICLADO COR 6222/PET / COR 4259/PET [b5c35248-ca50-458c-aeb8-87172008c235],110CM,15855785,246,15854358NEX0000072,25/06/2026,24/08/2026,27,27/07/2026,901148,,b5c35248-ca50-458c-aeb8-87172008c235,NIKE,134818,,
DASS SEST714012795898115CM1585578515854356NEX000007220260625-1,OK,DASS SEST,7,140127,1424204,95898,ATAC. MR110022 7MM RECICLADO COR 6222/PET / COR 4259/PET [cddf3606-f0bd-45d0-b7df-b87bac0214d9],115CM,15855785,1054,15854356NEX0000072,25/06/2026,24/08/2026,27,27/07/2026,901149,,cddf3606-f0bd-45d0-b7df-b87bac0214d9,NIKE,134818,,
DASS SEST714012795898115CM1585578515854357NEX000007220260625-1,OK,DASS SEST,7,140127,1424204,95898,ATAC. MR110022 7MM RECICLADO COR 6222/PET / COR 4259/PET [7cfefbf2-70dc-4b26-be77-5882bb604fab],115CM,15855785,780,15854357NEX0000072,25/06/2026,24/08/2026,27,27/07/2026,901150,,7cfefbf2-70dc-4b26-be77-5882bb604fab,NIKE,134818,,
DASS SEST714012795898115CM1585578515854358NEX000007220260625-1,OK,DASS SEST,7,140127,1424204,95898,ATAC. MR110022 7MM RECICLADO COR 6222/PET / COR 4259/PET [c8291f2f-f5f2-4801-9ce4-a786cbd376b6],115CM,15855785,552,15854358NEX0000072,25/06/2026,24/08/2026,27,27/07/2026,901151,,c8291f2f-f5f2-4801-9ce4-a786cbd376b6,NIKE,134818,,
DASS SEST714012795898120CM1585578515854356NEX000007220260625-1,OK,DASS SEST,7,140127,1424204,95898,ATAC. MR110022 7MM RECICLADO COR 6222/PET / COR 4259/PET [aa7f4f7d-5961-4326-8ce1-f0dc99a1f6af],120CM,15855785,216,15854356NEX0000072,25/06/2026,24/08/2026,27,27/07/2026,901152,,aa7f4f7d-5961-4326-8ce1-f0dc99a1f6af,NIKE,134818,,
DASS SEST714012795898120CM1585578515854357NEX000007220260625-1,OK,DASS SEST,7,140127,1424204,95898,ATAC. MR110022 7MM RECICLADO COR 6222/PET / COR 4259/PET [2cc24aa0-2cf0-45fe-ae98-8a4bb9522904],120CM,15855785,204,15854357NEX0000072,25/06/2026,24/08/2026,27,27/07/2026,901153,,2cc24aa0-2cf0-45fe-ae98-8a4bb9522904,NIKE,134818,,
DASS SEST714012795898120CM1585578515854358NEX000007220260625-1,OK,DASS SEST,7,140127,1424204,95898,ATAC. MR110022 7MM RECICLADO COR 6222/PET / COR 4259/PET [1d720f5d-aa4f-4449-ac39-ef8a5fed0f6f],120CM,15855785,234,15854358NEX0000072,25/06/2026,24/08/2026,27,27/07/2026,901154,,1d720f5d-aa4f-4449-ac39-ef8a5fed0f6f,NIKE,134818,,
DASS SEST714012795900110CM1585578515854354NEX000007120260625-1,OK,DASS SEST,7,140127,1424205,95900,ATAC. MR110022 7MM RECICLADO COR 057/PET / COR 5946/PET [5276d218-b4a5-48c3-a8af-1d78a1e4a476],110CM,15855785,252,15854354NEX0000071,25/06/2026,24/08/2026,27,27/07/2026,901155,,5276d218-b4a5-48c3-a8af-1d78a1e4a476,NIKE,134818,,
DASS SEST714012795900110CM1585578515854355NEX000007120260625-1,OK,DASS SEST,7,140127,1424205,95900,ATAC. MR110022 7MM RECICLADO COR 057/PET / COR 5946/PET [8f534c4f-1d8a-45c6-9182-d3ab1c557451],110CM,15855785,300,15854355NEX0000071,25/06/2026,24/08/2026,27,27/07/2026,901156,,8f534c4f-1d8a-45c6-9182-d3ab1c557451,NIKE,134818,,
DASS SEST714012795900115CM1585578515854354NEX000007120260625-1,OK,DASS SEST,7,140127,1424205,95900,ATAC. MR110022 7MM RECICLADO COR 057/PET / COR 5946/PET [db13cf22-269b-4c84-a949-43030959f884],115CM,15855785,789,15854354NEX0000071,25/06/2026,24/08/2026,27,27/07/2026,901157,,db13cf22-269b-4c84-a949-43030959f884,NIKE,134818,,
DASS SEST714012795900115CM1585578515854355NEX000007120260625-1,OK,DASS SEST,7,140127,1424205,95900,ATAC. MR110022 7MM RECICLADO COR 057/PET / COR 5946/PET [cfd3c807-b562-4faa-9b33-0cd5a8e19902],115CM,15855785,786,15854355NEX0000071,25/06/2026,24/08/2026,27,27/07/2026,901158,,cfd3c807-b562-4faa-9b33-0cd5a8e19902,NIKE,134818,,
DASS SEST714012795900120CM1585578515854354NEX000007120260625-1,OK,DASS SEST,7,140127,1424205,95900,ATAC. MR110022 7MM RECICLADO COR 057/PET / COR 5946/PET [30bbf35e-cc8f-48fb-8047-8e35ae33236f],120CM,15855785,228,15854354NEX0000071,25/06/2026,24/08/2026,27,27/07/2026,901159,,30bbf35e-cc8f-48fb-8047-8e35ae33236f,NIKE,134818,,
DASS SEST714012795900120CM1585578515854355NEX000007120260625-1,OK,DASS SEST,7,140127,1424205,95900,ATAC. MR110022 7MM RECICLADO COR 057/PET / COR 5946/PET [2a780f00-dff2-4aeb-9f73-1d282bf0d928],120CM,15855785,252,15854355NEX0000071,25/06/2026,24/08/2026,27,27/07/2026,901160,,2a780f00-dff2-4aeb-9f73-1d282bf0d928,NIKE,134818,,
DASS SEST714012795901110CM1585578515850253NBR328299620260625-1,OK,DASS SEST,7,140127,1424202,95901,ATAC. MR110022 7MM RECICLADO COR 298/PET / COR 5820/PET [3463a4c8-85cc-4b3d-8559-7a6638ba90c8],110CM,15855785,1022,15850253NBR3282996,25/06/2026,24/08/2026,27,27/07/2026,901161,,3463a4c8-85cc-4b3d-8559-7a6638ba90c8,NIKE,134818,,
DASS SEST714012795901110CM1585578515854359NEX000007920260625-1,OK,DASS SEST,7,140127,1424202,95901,ATAC. MR110022 7MM RECICLADO COR 298/PET / COR 5820/PET [57694f73-1b7d-47b3-8c14-a1c44e2389a4],110CM,15855785,867,15854359NEX0000079,25/06/2026,24/08/2026,27,27/07/2026,901162,,57694f73-1b7d-47b3-8c14-a1c44e2389a4,NIKE,134818,,
DASS SEST714012795901110CM1585578515854360NEX000007920260625-1,OK,DASS SEST,7,140127,1424202,95901,ATAC. MR110022 7MM RECICLADO COR 298/PET / COR 5820/PET [50f899e4-0630-4752-a77c-c6b25ece68c7],110CM,15855785,936,15854360NEX0000079,25/06/2026,24/08/2026,27,27/07/2026,901163,,50f899e4-0630-4752-a77c-c6b25ece68c7,NIKE,134818,,
DASS SEST714012795901115CM1585578515850253NBR328299620260625-1,OK,DASS SEST,7,140127,1424202,95901,ATAC. MR110022 7MM RECICLADO COR 298/PET / COR 5820/PET [e1103027-de00-4799-ae6b-66f804945366],115CM,15855785,36,15850253NBR3282996,25/06/2026,24/08/2026,27,27/07/2026,901164,,e1103027-de00-4799-ae6b-66f804945366,NIKE,134818,,
DASS SEST714012795901115CM1585578515854359NEX000007920260625-1,OK,DASS SEST,7,140127,1424202,95901,ATAC. MR110022 7MM RECICLADO COR 298/PET / COR 5820/PET [e8001246-6d90-4df8-9636-6d0dddb82c4e],115CM,15855785,114,15854359NEX0000079,25/06/2026,24/08/2026,27,27/07/2026,901165,,e8001246-6d90-4df8-9636-6d0dddb82c4e,NIKE,134818,,
DASS SEST714012795901115CM1585578515854360NEX000007920260625-1,OK,DASS SEST,7,140127,1424202,95901,ATAC. MR110022 7MM RECICLADO COR 298/PET / COR 5820/PET [54eae5e9-d0d5-43fa-82ca-04b9c7d3c338],115CM,15855785,96,15854360NEX0000079,25/06/2026,24/08/2026,27,27/07/2026,901166,,54eae5e9-d0d5-43fa-82ca-04b9c7d3c338,NIKE,134818,,
DASS SEST714019382628100CM1587266615865487NBR328291520260626-1,OK,DASS SEST,7,140193,1188919,82628,ATAC. MR140014 6MM RECICLADO COR 4085/PET [ea8c5dc4-7989-445f-bd69-c4556546932c],100CM,15872666,216,15865487NBR3282915,26/06/2026,24/08/2026,27,27/07/2026,901167,,ea8c5dc4-7989-445f-bd69-c4556546932c,NIKE,134943,,
DASS SEST714019382628100CM1587266615865488NBR328291520260626-1,OK,DASS SEST,7,140193,1188919,82628,ATAC. MR140014 6MM RECICLADO COR 4085/PET [727ca451-c50f-4e05-abd1-8cafea9bab51],100CM,15872666,222,15865488NBR3282915,26/06/2026,24/08/2026,27,27/07/2026,901168,,727ca451-c50f-4e05-abd1-8cafea9bab51,NIKE,134943,,
DASS SEST714019382628100CM1587266615865489NBR328292620260626-1,OK,DASS SEST,7,140193,1188919,82628,ATAC. MR140014 6MM RECICLADO COR 4085/PET [429d3d63-14d0-42fe-817d-1e36907f60b9],100CM,15872666,216,15865489NBR3282926,26/06/2026,24/08/2026,27,27/07/2026,901169,,429d3d63-14d0-42fe-817d-1e36907f60b9,NIKE,134943,,
DASS SEST714019382628100CM1587266615865490NBR328292620260626-1,OK,DASS SEST,7,140193,1188919,82628,ATAC. MR140014 6MM RECICLADO COR 4085/PET [a0d450a9-074f-4fb8-9ebf-0758c0cd2d14],100CM,15872666,222,15865490NBR3282926,26/06/2026,24/08/2026,27,27/07/2026,901170,,a0d450a9-074f-4fb8-9ebf-0758c0cd2d14,NIKE,134943,,
DASS SEST714019382628100CM1587266615865454NBR328299520260626-1,OK,DASS SEST,7,140193,1188919,82628,ATAC. MR140014 6MM RECICLADO COR 4085/PET [11c411b6-ac04-44f8-a74a-435566938aeb],100CM,15872666,180,15865454NBR3282995,26/06/2026,24/08/2026,27,27/07/2026,901171,,11c411b6-ac04-44f8-a74a-435566938aeb,NIKE,134943,,
DASS SEST714019382628100CM1587266615865455NBR328299520260626-1,OK,DASS SEST,7,140193,1188919,82628,ATAC. MR140014 6MM RECICLADO COR 4085/PET [f0c46eb7-dd30-4d05-b08c-634ea9ed7612],100CM,15872666,198,15865455NBR3282995,26/06/2026,24/08/2026,27,27/07/2026,901172,,f0c46eb7-dd30-4d05-b08c-634ea9ed7612,NIKE,134943,,
DASS SEST714019382628105CM1587266615865487NBR328291520260626-1,OK,DASS SEST,7,140193,1188919,82628,ATAC. MR140014 6MM RECICLADO COR 4085/PET [84b417b9-6448-4c6c-a207-bbbae91a171c],105CM,15872666,662,15865487NBR3282915,26/06/2026,24/08/2026,27,27/07/2026,901173,,84b417b9-6448-4c6c-a207-bbbae91a171c,NIKE,134943,,
DASS SEST714019382628105CM1587266615865488NBR328291520260626-1,OK,DASS SEST,7,140193,1188919,82628,ATAC. MR140014 6MM RECICLADO COR 4085/PET [08871e97-2bf6-4845-8efa-3be0e6e07471],105CM,15872666,708,15865488NBR3282915,26/06/2026,24/08/2026,27,27/07/2026,901174,,08871e97-2bf6-4845-8efa-3be0e6e07471,NIKE,134943,,
DASS SEST714019382628105CM1587266615865489NBR328292620260626-1,OK,DASS SEST,7,140193,1188919,82628,ATAC. MR140014 6MM RECICLADO COR 4085/PET [8c8ff64c-efa7-4b91-9cbe-c2e2d0ae2899],105CM,15872666,662,15865489NBR3282926,26/06/2026,24/08/2026,27,27/07/2026,901175,,8c8ff64c-efa7-4b91-9cbe-c2e2d0ae2899,NIKE,134943,,
DASS SEST714019382628105CM1587266615865490NBR328292620260626-1,OK,DASS SEST,7,140193,1188919,82628,ATAC. MR140014 6MM RECICLADO COR 4085/PET [3347d97c-e318-4c14-9e11-645646b9aad1],105CM,15872666,708,15865490NBR3282926,26/06/2026,24/08/2026,27,27/07/2026,901176,,3347d97c-e318-4c14-9e11-645646b9aad1,NIKE,134943,,
DASS SEST714019382628105CM1587266615865458NBR328298720260626-1,OK,DASS SEST,7,140193,1188919,82628,ATAC. MR140014 6MM RECICLADO COR 4085/PET [ccacb1b7-68e9-4ed7-a168-9e85bbfff3d7],105CM,15872666,216,15865458NBR3282987,26/06/2026,24/08/2026,27,27/07/2026,901177,,ccacb1b7-68e9-4ed7-a168-9e85bbfff3d7,NIKE,134943,,
DASS SEST714019382628105CM1587266615865459NBR328298720260626-1,OK,DASS SEST,7,140193,1188919,82628,ATAC. MR140014 6MM RECICLADO COR 4085/PET [7e3bab1f-0fc9-41e3-aa57-549cd9c51cae],105CM,15872666,234,15865459NBR3282987,26/06/2026,24/08/2026,27,27/07/2026,901178,,7e3bab1f-0fc9-41e3-aa57-549cd9c51cae,NIKE,134943,,
DASS SEST714019382628105CM1587266615865449NBR328298820260626-1,OK,DASS SEST,7,140193,1188919,82628,ATAC. MR140014 6MM RECICLADO COR 4085/PET [a31000c4-8ce8-49c4-84b0-c799c3d13f70],105CM,15872666,360,15865449NBR3282988,26/06/2026,24/08/2026,27,27/07/2026,901179,,a31000c4-8ce8-49c4-84b0-c799c3d13f70,NIKE,134943,,
DASS SEST714019382628105CM1587266615865450NBR328298920260626-1,OK,DASS SEST,7,140193,1188919,82628,ATAC. MR140014 6MM RECICLADO COR 4085/PET [2b63090c-df68-43c5-b507-1e47a64de741],105CM,15872666,360,15865450NBR3282989,26/06/2026,24/08/2026,27,27/07/2026,901180,,2b63090c-df68-43c5-b507-1e47a64de741,NIKE,134943,,
DASS SEST714019382628105CM1587266615865453NBR328299120260626-1,OK,DASS SEST,7,140193,1188919,82628,ATAC. MR140014 6MM RECICLADO COR 4085/PET [80bb3322-270f-4058-bf48-6e2bd4c8c00c],105CM,15872666,366,15865453NBR3282991,26/06/2026,24/08/2026,27,27/07/2026,901181,,80bb3322-270f-4058-bf48-6e2bd4c8c00c,NIKE,134943,,
DASS SEST714019382628105CM1587266615865454NBR328299520260626-1,OK,DASS SEST,7,140193,1188919,82628,ATAC. MR140014 6MM RECICLADO COR 4085/PET [1c92d1bc-5f6d-4ca5-b15d-b31010fdc5f4],105CM,15872666,578,15865454NBR3282995,26/06/2026,24/08/2026,27,27/07/2026,901182,,1c92d1bc-5f6d-4ca5-b15d-b31010fdc5f4,NIKE,134943,,
DASS SEST714019382628105CM1587266615865455NBR328299520260626-1,OK,DASS SEST,7,140193,1188919,82628,ATAC. MR140014 6MM RECICLADO COR 4085/PET [ac4238da-861e-4967-add3-1c2498ecea83],105CM,15872666,624,15865455NBR3282995,26/06/2026,24/08/2026,27,27/07/2026,901183,,ac4238da-861e-4967-add3-1c2498ecea83,NIKE,134943,,
DASS SEST714019382628110CM1587266615865487NBR328291520260626-1,OK,DASS SEST,7,140193,1188919,82628,ATAC. MR140014 6MM RECICLADO COR 4085/PET [00a55eb1-5606-4822-8a0f-9bf39563cc89],110CM,15872666,6,15865487NBR3282915,26/06/2026,24/08/2026,27,27/07/2026,901184,,00a55eb1-5606-4822-8a0f-9bf39563cc89,NIKE,134943,,
DASS SEST714019382628110CM1587266615865489NBR328292620260626-1,OK,DASS SEST,7,140193,1188919,82628,ATAC. MR140014 6MM RECICLADO COR 4085/PET [71b21a9a-b12d-4b5f-b45a-bd73198ff90b],110CM,15872666,6,15865489NBR3282926,26/06/2026,24/08/2026,27,27/07/2026,901185,,71b21a9a-b12d-4b5f-b45a-bd73198ff90b,NIKE,134943,,
DASS SEST714019382628110CM1587266615865458NBR328298720260626-1,OK,DASS SEST,7,140193,1188919,82628,ATAC. MR140014 6MM RECICLADO COR 4085/PET [54f1ca6b-f38b-4223-98c1-e23931667f18],110CM,15872666,530,15865458NBR3282987,26/06/2026,24/08/2026,27,27/07/2026,901186,,54f1ca6b-f38b-4223-98c1-e23931667f18,NIKE,134943,,
DASS SEST714019382628110CM1587266615865459NBR328298720260626-1,OK,DASS SEST,7,140193,1188919,82628,ATAC. MR140014 6MM RECICLADO COR 4085/PET [a972fb74-c589-405d-983c-89f34aabde6b],110CM,15872666,546,15865459NBR3282987,26/06/2026,24/08/2026,27,27/07/2026,901187,,a972fb74-c589-405d-983c-89f34aabde6b,NIKE,134943,,
DASS SEST714019382628110CM1587266615865449NBR328298820260626-1,OK,DASS SEST,7,140193,1188919,82628,ATAC. MR140014 6MM RECICLADO COR 4085/PET [2affc1ea-05b1-4a24-b3c4-0ef6dfb0c52f],110CM,15872666,908,15865449NBR3282988,26/06/2026,24/08/2026,27,27/07/2026,901188,,2affc1ea-05b1-4a24-b3c4-0ef6dfb0c52f,NIKE,134943,,
DASS SEST714019382628110CM1587266615865450NBR328298920260626-1,OK,DASS SEST,7,140193,1188919,82628,ATAC. MR140014 6MM RECICLADO COR 4085/PET [8ad7d91c-81ca-4a61-a42a-a44c9d1034cb],110CM,15872666,908,15865450NBR3282989,26/06/2026,24/08/2026,27,27/07/2026,901189,,8ad7d91c-81ca-4a61-a42a-a44c9d1034cb,NIKE,134943,,
DASS SEST714019382628110CM1587266615865453NBR328299120260626-1,OK,DASS SEST,7,140193,1188919,82628,ATAC. MR140014 6MM RECICLADO COR 4085/PET [dcee11d3-1217-401b-bd09-c446a5d981f4],110CM,15872666,926,15865453NBR3282991,26/06/2026,24/08/2026,27,27/07/2026,901190,,dcee11d3-1217-401b-bd09-c446a5d981f4,NIKE,134943,,
DASS SEST714019382628110CM1587266615865454NBR328299520260626-1,OK,DASS SEST,7,140193,1188919,82628,ATAC. MR140014 6MM RECICLADO COR 4085/PET [ae06f246-4569-4cb5-ad6f-ecdc91babe12],110CM,15872666,24,15865454NBR3282995,26/06/2026,24/08/2026,27,27/07/2026,901191,,ae06f246-4569-4cb5-ad6f-ecdc91babe12,NIKE,134943,,
DASS SEST714019382628110CM1587266615865455NBR328299520260626-1,OK,DASS SEST,7,140193,1188919,82628,ATAC. MR140014 6MM RECICLADO COR 4085/PET [358e6a4c-8319-4be3-99c7-1c629837010c],110CM,15872666,24,15865455NBR3282995,26/06/2026,24/08/2026,27,27/07/2026,901192,,358e6a4c-8319-4be3-99c7-1c629837010c,NIKE,134943,,
DASS SEST714019382628115CM1587266615865458NBR328298720260626-1,OK,DASS SEST,7,140193,1188919,82628,ATAC. MR140014 6MM RECICLADO COR 4085/PET [f7430cdf-0fcc-4f3e-afdd-87a3f9c9c5a1],115CM,15872666,156,15865458NBR3282987,26/06/2026,24/08/2026,27,27/07/2026,901193,,f7430cdf-0fcc-4f3e-afdd-87a3f9c9c5a1,NIKE,134943,,
DASS SEST714019382628115CM1587266615865459NBR328298720260626-1,OK,DASS SEST,7,140193,1188919,82628,ATAC. MR140014 6MM RECICLADO COR 4085/PET [825ca2e8-408e-4231-8449-f0effb41bb2d],115CM,15872666,186,15865459NBR3282987,26/06/2026,24/08/2026,27,27/07/2026,901194,,825ca2e8-408e-4231-8449-f0effb41bb2d,NIKE,134943,,
DASS SEST714019382628115CM1587266615865449NBR328298820260626-1,OK,DASS SEST,7,140193,1188919,82628,ATAC. MR140014 6MM RECICLADO COR 4085/PET [c6bd93aa-510e-45d4-b033-5c8ea3cee12b],115CM,15872666,264,15865449NBR3282988,26/06/2026,24/08/2026,27,27/07/2026,901195,,c6bd93aa-510e-45d4-b033-5c8ea3cee12b,NIKE,134943,,
DASS SEST714019382628115CM1587266615865450NBR328298920260626-1,OK,DASS SEST,7,140193,1188919,82628,ATAC. MR140014 6MM RECICLADO COR 4085/PET [a9366b89-ac14-4165-acd7-d575d2673acf],115CM,15872666,264,15865450NBR3282989,26/06/2026,24/08/2026,27,27/07/2026,901196,,a9366b89-ac14-4165-acd7-d575d2673acf,NIKE,134943,,
DASS SEST714019382628115CM1587266615865453NBR328299120260626-1,OK,DASS SEST,7,140193,1188919,82628,ATAC. MR140014 6MM RECICLADO COR 4085/PET [44b63adb-70fc-430b-88eb-0b6328de96e3],115CM,15872666,270,15865453NBR3282991,26/06/2026,24/08/2026,27,27/07/2026,901197,,44b63adb-70fc-430b-88eb-0b6328de96e3,NIKE,134943,,
DASS SEST714019388451105CM1587266615865462NBR328294220260626-1,OK,DASS SEST,7,140193,1324864,88451,ATAC. MR140014 6MM RECICLADO COR 5687/PET [7f4001a6-4b58-4cb1-a940-e470eef0c632],105CM,15872666,108,15865462NBR3282942,26/06/2026,24/08/2026,27,27/07/2026,901198,,7f4001a6-4b58-4cb1-a940-e470eef0c632,NIKE,134943,,
DASS SEST714019388451105CM1587266615865463NBR328294220260626-1,OK,DASS SEST,7,140193,1324864,88451,ATAC. MR140014 6MM RECICLADO COR 5687/PET [3b7ff7b8-659a-4080-b087-e0ab559aa317],105CM,15872666,114,15865463NBR3282942,26/06/2026,24/08/2026,27,27/07/2026,901199,,3b7ff7b8-659a-4080-b087-e0ab559aa317,NIKE,134943,,
DASS SEST714019388451110CM1587266615865462NBR328294220260626-1,OK,DASS SEST,7,140193,1324864,88451,ATAC. MR140014 6MM RECICLADO COR 5687/PET [920e2285-4742-42b4-b358-881a2731bfe7],110CM,15872666,644,15865462NBR3282942,26/06/2026,24/08/2026,27,27/07/2026,901200,,920e2285-4742-42b4-b358-881a2731bfe7,NIKE,134943,,
DASS SEST714019388451110CM1587266615865463NBR328294220260626-1,OK,DASS SEST,7,140193,1324864,88451,ATAC. MR140014 6MM RECICLADO COR 5687/PET [0037d2cc-7d25-44f4-a26a-0400687ddbc1],110CM,15872666,660,15865463NBR3282942,26/06/2026,24/08/2026,27,27/07/2026,901201,,0037d2cc-7d25-44f4-a26a-0400687ddbc1,NIKE,134943,,
DASS SEST714019388451115CM1587266615865462NBR328294220260626-1,OK,DASS SEST,7,140193,1324864,88451,ATAC. MR140014 6MM RECICLADO COR 5687/PET [a721955d-de11-4ab2-aaae-69c3d22fc989],115CM,15872666,204,15865462NBR3282942,26/06/2026,24/08/2026,27,27/07/2026,901202,,a721955d-de11-4ab2-aaae-69c3d22fc989,NIKE,134943,,
DASS SEST714019388451115CM1587266615865463NBR328294220260626-1,OK,DASS SEST,7,140193,1324864,88451,ATAC. MR140014 6MM RECICLADO COR 5687/PET [2f805620-0721-4a60-ac89-0c58be7b9e9d],115CM,15872666,228,15865463NBR3282942,26/06/2026,24/08/2026,27,27/07/2026,901203,,2f805620-0721-4a60-ac89-0c58be7b9e9d,NIKE,134943,,
DASS SEST71405718794616MM1589991720260707-1,OK,DASS SEST,7,140571,1316829,87946,FITA M31119 C/ GOMA POLIESTER COR 100/ COR 5535/ COR 102 [422e8666-8b5d-45ae-96ca-5ec36b1da697],16MM,15899917,490,0,07/07/2026,24/08/2026,27,27/07/2026,901204,,422e8666-8b5d-45ae-96ca-5ec36b1da697,FILA,135527,,
DASS SEST71405718828616MM1589991720260707-1,OK,DASS SEST,7,140571,1324887,88286,FITA M31119 C/ GOMA POLIESTER COR 057/ COR 102/ COR 678 [263b8993-9549-4f10-bbbc-bcfbc9d33d1d],16MM,15899917,130,0,07/07/2026,24/08/2026,27,27/07/2026,901205,,263b8993-9549-4f10-bbbc-bcfbc9d33d1d,FILA,135527,,
DASS SEST71405718861816MM1589991720260707-1,OK,DASS SEST,7,140571,1324782,88618,FITA M31119 C/ GOMA POLIESTER COR 114/ COR 053/ COR 4529 [e44409b6-1715-40eb-be1a-95f1b934bbf3],16MM,15899917,80,0,07/07/2026,24/08/2026,27,27/07/2026,901206,,e44409b6-1715-40eb-be1a-95f1b934bbf3,FILA,135527,,
DASS SEST71405719257116MM1589991720260707-1,OK,DASS SEST,7,140571,1379936,92571,FITA M31119 C/ GOMA POLIESTER COR 678 / COR 100 / COR 100 [a7d0278e-29af-4e8a-bebc-a894d7d3bdca],16MM,15899917,80,0,07/07/2026,24/08/2026,27,27/07/2026,901207,,a7d0278e-29af-4e8a-bebc-a894d7d3bdca,FILA,135527,,
DASS SEST71405719257316MM1589991720260707-1,OK,DASS SEST,7,140571,1379938,92573,FITA M31119 C/ GOMA POLIESTER COR 161 / COR 324 / COR 324 [24e297bd-adee-4294-add8-6190b391d790],16MM,15899917,80,0,07/07/2026,24/08/2026,27,27/07/2026,901208,,24e297bd-adee-4294-add8-6190b391d790,FILA,135527,,
DASS SEST71405719257416MM1589991720260707-1,OK,DASS SEST,7,140571,1358112,92574,FITA M31119 C/ GOMA POLIESTER COR 057 / COR 102 / COR 102 [9978c029-9b66-47a6-bd32-0f943d8977ff],16MM,15899917,150,0,07/07/2026,24/08/2026,27,27/07/2026,901209,,9978c029-9b66-47a6-bd32-0f943d8977ff,FILA,135527,,
DASS SEST71405719282916MM1589991720260707-1,OK,DASS SEST,7,140571,1401202,92829,FITA M31119 C/ GOMA POLIESTER COR 6001 / COR 114 / COR 282 [592df5b9-47ad-4dd8-b4f1-16ea7fd13d1c],16MM,15899917,360,0,07/07/2026,24/08/2026,27,27/07/2026,901210,,592df5b9-47ad-4dd8-b4f1-16ea7fd13d1c,FILA,135527,,
DASS SEST71405719517616MM1589991720260707-1,OK,DASS SEST,7,140571,1320199,95176,FITA M31119 C/ GOMA POLIESTER COR 053 / COR 114 / COR 114 [35707426-1417-43e8-88f6-a8f871b01508],16MM,15899917,170,0,07/07/2026,24/08/2026,27,27/07/2026,901211,,35707426-1417-43e8-88f6-a8f871b01508,FILA,135527,,
DASS SEST714057281667120CM1590008615888628BR314828-A20260707-1,OK,DASS SEST,7,140572,1159608,81667,ATAC. M15041 POLIESTER COR 100 [88f2c00f-5a06-43c5-bc4a-40f2ed8477f2],120CM,15900086,564,15888628BR314828-A,07/07/2026,24/08/2026,27,27/07/2026,901212,,88f2c00f-5a06-43c5-bc4a-40f2ed8477f2,FILA,135528,,
DASS SEST714057281667120CM1590008615888629BR314828-B20260707-1,OK,DASS SEST,7,140572,1159608,81667,ATAC. M15041 POLIESTER COR 100 [8504b34b-42ac-46d4-b32c-d934d895ee38],120CM,15900086,600,15888629BR314828-B,07/07/2026,24/08/2026,27,27/07/2026,901213,,8504b34b-42ac-46d4-b32c-d934d895ee38,FILA,135528,,
DASS SEST714057281667130CM1590008615888628BR314828-A20260707-1,OK,DASS SEST,7,140572,1159608,81667,ATAC. M15041 POLIESTER COR 100 [397bb2d8-75d9-4579-830e-9f0e521969f7],130CM,15900086,312,15888628BR314828-A,07/07/2026,24/08/2026,27,27/07/2026,901214,,397bb2d8-75d9-4579-830e-9f0e521969f7,FILA,135528,,
DASS SEST714057281667130CM1590008615888629BR314828-B20260707-1,OK,DASS SEST,7,140572,1159608,81667,ATAC. M15041 POLIESTER COR 100 [ef966201-5f54-47bf-b004-9deda85bebd7],130CM,15900086,336,15888629BR314828-B,07/07/2026,24/08/2026,27,27/07/2026,901215,,ef966201-5f54-47bf-b004-9deda85bebd7,FILA,135528,,
DASS SEST714057281667140CM1590008615888628BR314828-A20260707-1,OK,DASS SEST,7,140572,1159608,81667,ATAC. M15041 POLIESTER COR 100 [84662feb-2535-45a5-a2ac-f27d74cbbe22],140CM,15900086,12,15888628BR314828-A,07/07/2026,24/08/2026,27,27/07/2026,901216,,84662feb-2535-45a5-a2ac-f27d74cbbe22,FILA,135528,,
DASS SEST714057281667140CM1590008615888629BR314828-B20260707-1,OK,DASS SEST,7,140572,1159608,81667,ATAC. M15041 POLIESTER COR 100 [8b56578a-6708-4877-ab27-21a14b140777],140CM,15900086,24,15888629BR314828-B,07/07/2026,24/08/2026,27,27/07/2026,901217,,8b56578a-6708-4877-ab27-21a14b140777,FILA,135528,,
DASS SEST714057282596110CM1590008615888631ARG20200120260707-1,OK,DASS SEST,7,140572,1159609,82596,ATAC. M15041 POLIESTER COR 114 [3b7a0c0f-972c-400f-87b8-6febe2d76691],110CM,15900086,504,15888631ARG202001,07/07/2026,24/08/2026,27,27/07/2026,901218,,3b7a0c0f-972c-400f-87b8-6febe2d76691,FILA,135528,,
DASS SEST714057282596120CM1590008615888631ARG20200120260707-1,OK,DASS SEST,7,140572,1159609,82596,ATAC. M15041 POLIESTER COR 114 [a234b1bc-77d2-4dad-9db1-c4bd633262e9],120CM,15900086,648,15888631ARG202001,07/07/2026,24/08/2026,27,27/07/2026,901219,,a234b1bc-77d2-4dad-9db1-c4bd633262e9,FILA,135528,,
DASS SEST714094482631115CM1594408215941757NBR328329220260717-1,OK,DASS SEST,7,140944,1048514,82631,ATAC. MR110012 8MM RECICLADO COR 4699/PET [28b9ec78-1ed4-446b-b69e-136c25188ace],115CM,15944082,270,15941757NBR3283292,17/07/2026,24/08/2026,27,27/07/2026,901220,,28b9ec78-1ed4-446b-b69e-136c25188ace,NIKE,135631,,
DASS SEST714094482631120CM1594408215941757NBR328329220260717-1,OK,DASS SEST,7,140944,1048514,82631,ATAC. MR110012 8MM RECICLADO COR 4699/PET [77eb5744-8521-43e6-9e66-b4e73140de4c],120CM,15944082,764,15941757NBR3283292,17/07/2026,24/08/2026,27,27/07/2026,901221,,77eb5744-8521-43e6-9e66-b4e73140de4c,NIKE,135631,,
DASS SEST714094491524115CM1594408215941794NBR328329620260717-1,OK,DASS SEST,7,140944,1341808,91524,ATAC. MR110012 8MM RECICLADO COR 5149/PET [d6d71f4a-5744-42dd-843f-103bf39d42b4],115CM,15944082,216,15941794NBR3283296,17/07/2026,24/08/2026,27,27/07/2026,901222,,d6d71f4a-5744-42dd-843f-103bf39d42b4,NIKE,135631,,
DASS SEST714094491524115CM1594408215941795NBR328329620260717-1,OK,DASS SEST,7,140944,1341808,91524,ATAC. MR110012 8MM RECICLADO COR 5149/PET [37d4f61f-dfa2-4ec8-8940-6788207b4eb9],115CM,15944082,234,15941795NBR3283296,17/07/2026,24/08/2026,27,27/07/2026,901223,,37d4f61f-dfa2-4ec8-8940-6788207b4eb9,NIKE,135631,,
DASS SEST714094491524120CM1594408215941794NBR328329620260717-1,OK,DASS SEST,7,140944,1341808,91524,ATAC. MR110012 8MM RECICLADO COR 5149/PET [b5a8e8d8-0530-48cc-8ecc-ae356b8c1256],120CM,15944082,620,15941794NBR3283296,17/07/2026,24/08/2026,27,27/07/2026,901224,,b5a8e8d8-0530-48cc-8ecc-ae356b8c1256,NIKE,135631,,
DASS SEST714094491524120CM1594408215941795NBR328329620260717-1,OK,DASS SEST,7,140944,1341808,91524,ATAC. MR110012 8MM RECICLADO COR 5149/PET [eac8ffb7-befa-428d-8839-d5ff3dd74494],120CM,15944082,672,15941795NBR3283296,17/07/2026,24/08/2026,27,27/07/2026,901225,,eac8ffb7-befa-428d-8839-d5ff3dd74494,NIKE,135631,,
DASS SEST714094492568115CM1594408215941754NBR328328820260717-1,OK,DASS SEST,7,140944,1027849,92568,ATAC. MR110012 8MM RECICLADO COR 4085/PET [f7013a57-60d2-4a2b-bb50-e16b0d5dcfac],115CM,15944082,258,15941754NBR3283288,17/07/2026,24/08/2026,27,27/07/2026,901226,,f7013a57-60d2-4a2b-bb50-e16b0d5dcfac,NIKE,135631,,
DASS SEST714094492568120CM1594408215941754NBR328328820260717-1,OK,DASS SEST,7,140944,1027849,92568,ATAC. MR110012 8MM RECICLADO COR 4085/PET [bf251f93-8281-4ef3-b1e2-a824be1f92d0],120CM,15944082,746,15941754NBR3283288,17/07/2026,24/08/2026,27,27/07/2026,901227,,bf251f93-8281-4ef3-b1e2-a824be1f92d0,NIKE,135631,,
DASS SEST714094493661130CM1594408215941758NBR328327820260717-1,OK,DASS SEST,7,140944,1065806,93661,ATAC. MR110029 RECICLADO COR 4662/PET [9cbd0c63-4950-434d-a6d4-8c8e8f76725e],130CM,15944082,360,15941758NBR3283278,17/07/2026,24/08/2026,27,27/07/2026,901228,,9cbd0c63-4950-434d-a6d4-8c8e8f76725e,NIKE,135631,,
DASS SEST714094493661130CM1594408215941759NBR328327820260717-1,OK,DASS SEST,7,140944,1065806,93661,ATAC. MR110029 RECICLADO COR 4662/PET [bf7487a1-2d45-483b-8d01-79311a180934],130CM,15944082,384,15941759NBR3283278,17/07/2026,24/08/2026,27,27/07/2026,901229,,bf7487a1-2d45-483b-8d01-79311a180934,NIKE,135631,,
DASS SEST714094493661130CM1594408215941764NBR328328020260717-1,OK,DASS SEST,7,140944,1065806,93661,ATAC. MR110029 RECICLADO COR 4662/PET [cd26bd0b-ed1a-4fcf-bbfc-d1a0fd085fea],130CM,15944082,324,15941764NBR3283280,17/07/2026,24/08/2026,27,27/07/2026,901230,,cd26bd0b-ed1a-4fcf-bbfc-d1a0fd085fea,NIKE,135631,,
DASS SEST714094493661130CM1594408215941765NBR328328020260717-1,OK,DASS SEST,7,140944,1065806,93661,ATAC. MR110029 RECICLADO COR 4662/PET [00ca55aa-2c82-4aaa-bfe9-0f33adda1277],130CM,15944082,360,15941765NBR3283280,17/07/2026,24/08/2026,27,27/07/2026,901231,,00ca55aa-2c82-4aaa-bfe9-0f33adda1277,NIKE,135631,,
DASS SEST714094493661130CM1594408215941760NBR328328120260717-1,OK,DASS SEST,7,140944,1065806,93661,ATAC. MR110029 RECICLADO COR 4662/PET [fe0521fb-9552-4776-8606-a14419d939f0],130CM,15944082,360,15941760NBR3283281,17/07/2026,24/08/2026,27,27/07/2026,901232,,fe0521fb-9552-4776-8606-a14419d939f0,NIKE,135631,,
DASS SEST714094493661130CM1594408215941761NBR328328120260717-1,OK,DASS SEST,7,140944,1065806,93661,ATAC. MR110029 RECICLADO COR 4662/PET [3d1eb80d-4b99-4f13-8a34-39e786a2eb9a],130CM,15944082,384,15941761NBR3283281,17/07/2026,24/08/2026,27,27/07/2026,901233,,3d1eb80d-4b99-4f13-8a34-39e786a2eb9a,NIKE,135631,,
DASS SEST714094493661130CM1594408215941762NBR328328420260717-1,OK,DASS SEST,7,140944,1065806,93661,ATAC. MR110029 RECICLADO COR 4662/PET [32e29c93-bd0c-4b1d-8adb-aa5596558a59],130CM,15944082,360,15941762NBR3283284,17/07/2026,24/08/2026,27,27/07/2026,901234,,32e29c93-bd0c-4b1d-8adb-aa5596558a59,NIKE,135631,,
DASS SEST714094493661130CM1594408215941763NBR328328420260717-1,OK,DASS SEST,7,140944,1065806,93661,ATAC. MR110029 RECICLADO COR 4662/PET [f9f5aab2-5cdb-4ffb-861e-3ef7e310dd8a],130CM,15944082,384,15941763NBR3283284,17/07/2026,24/08/2026,27,27/07/2026,901235,,f9f5aab2-5cdb-4ffb-861e-3ef7e310dd8a,NIKE,135631,,
DASS SEST714094493661135CM1594408215941758NBR328327820260717-1,OK,DASS SEST,7,140944,1065806,93661,ATAC. MR110029 RECICLADO COR 4662/PET [6365ad13-9385-454d-811c-171fe8a7bdc9],135CM,15944082,470,15941758NBR3283278,17/07/2026,24/08/2026,27,27/07/2026,901236,,6365ad13-9385-454d-811c-171fe8a7bdc9,NIKE,135631,,
DASS SEST714094493661135CM1594408215941759NBR328327820260717-1,OK,DASS SEST,7,140944,1065806,93661,ATAC. MR110029 RECICLADO COR 4662/PET [d1c80126-483a-4ff4-9152-327fe9753052],135CM,15944082,492,15941759NBR3283278,17/07/2026,24/08/2026,27,27/07/2026,901237,,d1c80126-483a-4ff4-9152-327fe9753052,NIKE,135631,,
DASS SEST714094493661135CM1594408215941764NBR328328020260717-1,OK,DASS SEST,7,140944,1065806,93661,ATAC. MR110029 RECICLADO COR 4662/PET [6f9eda23-16f7-4552-84ef-2076f79f3fc9],135CM,15944082,440,15941764NBR3283280,17/07/2026,24/08/2026,27,27/07/2026,901238,,6f9eda23-16f7-4552-84ef-2076f79f3fc9,NIKE,135631,,
DASS SEST714094493661135CM1594408215941765NBR328328020260717-1,OK,DASS SEST,7,140944,1065806,93661,ATAC. MR110029 RECICLADO COR 4662/PET [d272b874-91e8-4186-beeb-f4a27c934e63],135CM,15944082,438,15941765NBR3283280,17/07/2026,24/08/2026,27,27/07/2026,901239,,d272b874-91e8-4186-beeb-f4a27c934e63,NIKE,135631,,
DASS SEST714094493661135CM1594408215941760NBR328328120260717-1,OK,DASS SEST,7,140944,1065806,93661,ATAC. MR110029 RECICLADO COR 4662/PET [b6f7ac28-d8c0-4419-a3ec-3a953c2d4c26],135CM,15944082,470,15941760NBR3283281,17/07/2026,24/08/2026,27,27/07/2026,901240,,b6f7ac28-d8c0-4419-a3ec-3a953c2d4c26,NIKE,135631,,
DASS SEST714094493661135CM1594408215941761NBR328328120260717-1,OK,DASS SEST,7,140944,1065806,93661,ATAC. MR110029 RECICLADO COR 4662/PET [032ddfc4-f391-4c59-8eb1-7c3125fb8490],135CM,15944082,492,15941761NBR3283281,17/07/2026,24/08/2026,27,27/07/2026,901241,,032ddfc4-f391-4c59-8eb1-7c3125fb8490,NIKE,135631,,
DASS SEST714094493661135CM1594408215941762NBR328328420260717-1,OK,DASS SEST,7,140944,1065806,93661,ATAC. MR110029 RECICLADO COR 4662/PET [4416c40a-6559-4591-b843-a4c1ff58a4d0],135CM,15944082,470,15941762NBR3283284,17/07/2026,24/08/2026,27,27/07/2026,901242,,4416c40a-6559-4591-b843-a4c1ff58a4d0,NIKE,135631,,
DASS SEST714094493661135CM1594408215941763NBR328328420260717-1,OK,DASS SEST,7,140944,1065806,93661,ATAC. MR110029 RECICLADO COR 4662/PET [ace2b423-c1b8-45e3-973d-ab7cb0fb9080],135CM,15944082,492,15941763NBR3283284,17/07/2026,24/08/2026,27,27/07/2026,901243,,ace2b423-c1b8-45e3-973d-ab7cb0fb9080,NIKE,135631,,
DASS ITABERABA701395619294515MM1581399920260611-1,OK,DASS ITABERABA,70,139561,1403524,92945,FITA M32207 C/ GOMA POLIESTER COR 788 / COR 174 / COR 788 [6f25b1d8-fb71-4928-9fda-e1d26c8968b7],15MM,15813999,230,0,11/06/2026,24/08/2026,27,27/07/2026,901244,,6f25b1d8-fb71-4928-9fda-e1d26c8968b7,FILA,134308,,
DASS ITABERABA701395619294815MM1581399920260611-1,OK,DASS ITABERABA,70,139561,1403526,92948,FITA M32207 C/ GOMA POLIESTER COR 100 / COR 282 / COR 100 [d5ceeddb-0c95-4369-98c4-2d0ba1ee72b1],15MM,15813999,130,0,11/06/2026,24/08/2026,27,27/07/2026,901245,,d5ceeddb-0c95-4369-98c4-2d0ba1ee72b1,FILA,134308,,
DASS ITABERABA701395619295015MM1581399920260611-1,OK,DASS ITABERABA,70,139561,1403527,92950,FITA M32207 C/ GOMA POLIESTER COR 114 / COR 491 / COR 114 [46523d02-8c43-438e-a34b-1e4b119d9160],15MM,15813999,130,0,11/06/2026,24/08/2026,27,27/07/2026,901246,,46523d02-8c43-438e-a34b-1e4b119d9160,FILA,134308,,
DASS ITABERABA7013956273819115CM1581401315800641SBF80626920260611-1,OK,DASS ITABERABA,70,139562,1051608,73819,ATAC. M21020 8MM POLIESTER COR 114 [ad37dc9c-caba-43f2-964d-f940d8db2dfc],115CM,15814013,216,15800641SBF806269,11/06/2026,24/08/2026,27,27/07/2026,901247,,ad37dc9c-caba-43f2-964d-f940d8db2dfc,FILA,134309,,
DASS ITABERABA7013956273819125CM1581401315800641SBF80626920260611-1,OK,DASS ITABERABA,70,139562,1051608,73819,ATAC. M21020 8MM POLIESTER COR 114 [96a2ddbf-2a9a-400e-b699-c9637df2b66c],125CM,15814013,216,15800641SBF806269,11/06/2026,24/08/2026,27,27/07/2026,901248,,96a2ddbf-2a9a-400e-b699-c9637df2b66c,FILA,134309,,
DASS ITABERABA7013956273821115CM1581401315800633SBF80626820260611-1,OK,DASS ITABERABA,70,139562,813443,73821,ATAC. M21020 8MM POLIESTER COR 100 [0670857a-ff39-472f-a397-2d83ee86ec43],115CM,15814013,216,15800633SBF806268,11/06/2026,24/08/2026,27,27/07/2026,901249,,0670857a-ff39-472f-a397-2d83ee86ec43,FILA,134309,,
DASS ITABERABA7013956273821125CM1581401315800633SBF80626820260611-1,OK,DASS ITABERABA,70,139562,813443,73821,ATAC. M21020 8MM POLIESTER COR 100 [322cfb0e-7c6f-43fe-a851-7ea3c2c0bbfe],125CM,15814013,216,15800633SBF806268,11/06/2026,24/08/2026,27,27/07/2026,901250,,322cfb0e-7c6f-43fe-a851-7ea3c2c0bbfe,FILA,134309,,
DASS ITABERABA7013956295779115CM1581401315800648SBF80627020260611-1,OK,DASS ITABERABA,70,139562,1421812,95779,ATAC. M21020 8MM REFLEX COR 5998/1 [26eed020-43f6-4e4e-aa66-e08c7a9dbf83],115CM,15814013,396,15800648SBF806270,11/06/2026,24/08/2026,27,27/07/2026,901251,,26eed020-43f6-4e4e-aa66-e08c7a9dbf83,FILA,134309,,
DASS ITABERABA7013956295779125CM1581401315800648SBF80627020260611-1,OK,DASS ITABERABA,70,139562,1421812,95779,ATAC. M21020 8MM REFLEX COR 5998/1 [030d2eab-ea08-482e-92cd-3bd935b6cfd8],125CM,15814013,396,15800648SBF806270,11/06/2026,24/08/2026,27,27/07/2026,901252,,030d2eab-ea08-482e-92cd-3bd935b6cfd8,FILA,134309,,
DASS ITABERABA701405087016412MM1589629020260706-1,OK,DASS ITABERABA,70,140508,898941,70164,FITA MFGP C/ GOMA POLIESTER COR 100 [87b64804-cd36-4fe4-8857-e75b36f168c4],12MM,15896290,170,0,06/07/2026,24/08/2026,27,27/07/2026,901253,,87b64804-cd36-4fe4-8857-e75b36f168c4,FILA,135185,,
DASS ITABERABA701405087016415MM1589629020260706-1,OK,DASS ITABERABA,70,140508,783896,70164,FITA MFGP C/ GOMA POLIESTER COR 100 [1d79bc33-839b-4897-b0a8-b23e9cde3241],15MM,15896290,310,0,06/07/2026,24/08/2026,27,27/07/2026,901254,,1d79bc33-839b-4897-b0a8-b23e9cde3241,FILA,135185,,
DASS ITABERABA70140508740308MM1589629020260706-1,OK,DASS ITABERABA,70,140508,1104264,74030,FITA MFGP C/ GOMA POLIESTER COR 114 [46363f04-053e-4978-82d8-47fa4e2b5172],8MM,15896290,100,0,06/07/2026,24/08/2026,27,27/07/2026,901255,,46363f04-053e-4978-82d8-47fa4e2b5172,FILA,135185,,
DASS ITABERABA701405088599712MM1589629020260706-1,OK,DASS ITABERABA,70,140508,1273335,85997,FITA MFGP C/ GOMA POLIESTER COR 5507 [2f9112b2-6679-4292-865c-fa063ac30fd2],12MM,15896290,430,0,06/07/2026,24/08/2026,27,27/07/2026,901256,,2f9112b2-6679-4292-865c-fa063ac30fd2,FILA,135185,,
DASS ITABERABA701405088629812MM1589629020260706-1,OK,DASS ITABERABA,70,140508,1411787,86298,FITA MFGP C/ GOMA POLIESTER COR 486 [144332c1-0167-45a5-86c3-91ea71ad459d],12MM,15896290,460,0,06/07/2026,24/08/2026,27,27/07/2026,901257,,144332c1-0167-45a5-86c3-91ea71ad459d,FILA,135185,,
DASS ITABERABA701405088861816MM1589629020260706-1,OK,DASS ITABERABA,70,140508,1324782,88618,FITA M31119 C/ GOMA POLIESTER COR 114/ COR 053/ COR 4529 [1568a711-5516-4947-9034-cbff7f51c4aa],16MM,15896290,100,0,06/07/2026,24/08/2026,27,27/07/2026,901258,,1568a711-5516-4947-9034-cbff7f51c4aa,FILA,135185,,
DASS ITABERABA7014051075593100CM1589632015889177BRITB0054320260706-1,OK,DASS ITABERABA,70,140510,1179318,75593,ATAC. M13725 6MM POLIESTER COR 057 [0e493575-f230-41b7-b6e6-d49ebbfc4d75],100CM,15896320,264,15889177BRITB00543,06/07/2026,24/08/2026,27,27/07/2026,901259,,0e493575-f230-41b7-b6e6-d49ebbfc4d75,FILA,135187,,
DASS ITABERABA7014051075593100CM1589632015889178BRITB0054320260706-1,OK,DASS ITABERABA,70,140510,1179318,75593,ATAC. M13725 6MM POLIESTER COR 057 [e24eb444-c08f-47d4-ae3c-9d447ba9b327],100CM,15896320,264,15889178BRITB00543,06/07/2026,24/08/2026,27,27/07/2026,901260,,e24eb444-c08f-47d4-ae3c-9d447ba9b327,FILA,135187,,
DASS ITABERABA7014051075593110CM1589632015889177BRITB0054320260706-1,OK,DASS ITABERABA,70,140510,1179318,75593,ATAC. M13725 6MM POLIESTER COR 057 [80fbbeb5-adfb-4751-bf83-28512601665c],110CM,15896320,456,15889177BRITB00543,06/07/2026,24/08/2026,27,27/07/2026,901261,,80fbbeb5-adfb-4751-bf83-28512601665c,FILA,135187,,
DASS ITABERABA7014051075593110CM1589632015889178BRITB0054320260706-1,OK,DASS ITABERABA,70,140510,1179318,75593,ATAC. M13725 6MM POLIESTER COR 057 [e3fc365c-6b29-44fb-bf71-cad6578e392a],110CM,15896320,480,15889178BRITB00543,06/07/2026,24/08/2026,27,27/07/2026,901262,,e3fc365c-6b29-44fb-bf71-cad6578e392a,FILA,135187,,
DASS ITABERABA7014051075595100CM1589632015889171BRITB0054320260706-1,OK,DASS ITABERABA,70,140510,1175396,75595,ATAC. M13725 6MM POLIESTER COR 100 [6360dcf3-3bc8-49a4-9807-39cf71bb3874],100CM,15896320,336,15889171BRITB00543,06/07/2026,24/08/2026,27,27/07/2026,901263,,6360dcf3-3bc8-49a4-9807-39cf71bb3874,FILA,135187,,
DASS ITABERABA7014051075595100CM1589632015889172BRITB0054320260706-1,OK,DASS ITABERABA,70,140510,1175396,75595,ATAC. M13725 6MM POLIESTER COR 100 [e05b7efd-35ef-45ba-a516-98991120a626],100CM,15896320,336,15889172BRITB00543,06/07/2026,24/08/2026,27,27/07/2026,901264,,e05b7efd-35ef-45ba-a516-98991120a626,FILA,135187,,
DASS ITABERABA7014051075595100CM1589632015889173BRITB0054320260706-1,OK,DASS ITABERABA,70,140510,1175396,75595,ATAC. M13725 6MM POLIESTER COR 100 [658f5118-60b6-4b6e-9958-0a75ae6386a8],100CM,15896320,276,15889173BRITB00543,06/07/2026,24/08/2026,27,27/07/2026,901265,,658f5118-60b6-4b6e-9958-0a75ae6386a8,FILA,135187,,
DASS ITABERABA7014051075595100CM1589632015889174BRITB0054320260706-1,OK,DASS ITABERABA,70,140510,1175396,75595,ATAC. M13725 6MM POLIESTER COR 100 [1736ee83-1ed4-42c8-b4b8-df8a187fe2de],100CM,15896320,288,15889174BRITB00543,06/07/2026,24/08/2026,27,27/07/2026,901266,,1736ee83-1ed4-42c8-b4b8-df8a187fe2de,FILA,135187,,
DASS ITABERABA7014051075595110CM1589632015889171BRITB0054320260706-1,OK,DASS ITABERABA,70,140510,1175396,75595,ATAC. M13725 6MM POLIESTER COR 100 [9fbb0a33-256a-40c6-93c1-abb5707c17f6],110CM,15896320,516,15889171BRITB00543,06/07/2026,24/08/2026,27,27/07/2026,901267,,9fbb0a33-256a-40c6-93c1-abb5707c17f6,FILA,135187,,
DASS ITABERABA7014051075595110CM1589632015889172BRITB0054320260706-1,OK,DASS ITABERABA,70,140510,1175396,75595,ATAC. M13725 6MM POLIESTER COR 100 [6038ad28-457a-4409-968a-391b6f12b945],110CM,15896320,516,15889172BRITB00543,06/07/2026,24/08/2026,27,27/07/2026,901268,,6038ad28-457a-4409-968a-391b6f12b945,FILA,135187,,
DASS ITABERABA7014051075595110CM1589632015889173BRITB0054320260706-1,OK,DASS ITABERABA,70,140510,1175396,75595,ATAC. M13725 6MM POLIESTER COR 100 [92eba97e-3a81-4424-8e14-8c68aac29b68],110CM,15896320,480,15889173BRITB00543,06/07/2026,24/08/2026,27,27/07/2026,901269,,92eba97e-3a81-4424-8e14-8c68aac29b68,FILA,135187,,
DASS ITABERABA7014051075595110CM1589632015889174BRITB0054320260706-1,OK,DASS ITABERABA,70,140510,1175396,75595,ATAC. M13725 6MM POLIESTER COR 100 [30059635-be8b-4b7b-a022-d200b03556d2],110CM,15896320,504,15889174BRITB00543,06/07/2026,24/08/2026,27,27/07/2026,901270,,30059635-be8b-4b7b-a022-d200b03556d2,FILA,135187,,
DASS ITABERABA701405109089190CM1589632015889184BRITB0054420260706-1,OK,DASS ITABERABA,70,140510,1321091,90891,ATAC. M13725 6MM POLIESTER COR 5703 [51d2261f-bf95-4f6e-ad26-6108b380c43b],90CM,15896320,324,15889184BRITB00544,06/07/2026,24/08/2026,27,27/07/2026,901271,,51d2261f-bf95-4f6e-ad26-6108b380c43b,FILA,135187,,
DASS ITABERABA701405109089190CM1589632015889185BRITB0054420260706-1,OK,DASS ITABERABA,70,140510,1321091,90891,ATAC. M13725 6MM POLIESTER COR 5703 [0ae9b5a2-b9ca-43c4-946c-edf5a2099316],90CM,15896320,312,15889185BRITB00544,06/07/2026,24/08/2026,27,27/07/2026,901272,,0ae9b5a2-b9ca-43c4-946c-edf5a2099316,FILA,135187,,
DASS ITABERABA701405109089190CM1589632015889188BRITB0054420260706-1,OK,DASS ITABERABA,70,140510,1321091,90891,ATAC. M13725 6MM POLIESTER COR 5703 [039cc657-6d11-4c9f-9df8-4dab1aeca5ef],90CM,15896320,324,15889188BRITB00544,06/07/2026,24/08/2026,27,27/07/2026,901273,,039cc657-6d11-4c9f-9df8-4dab1aeca5ef,FILA,135187,,
DASS ITABERABA7014051090891100CM1589632015889139BRITB0054320260706-1,OK,DASS ITABERABA,70,140510,1321091,90891,ATAC. M13725 6MM POLIESTER COR 5703 [e5fb1efb-8ef6-4e74-953e-49be108d925f],100CM,15896320,336,15889139BRITB00543,06/07/2026,24/08/2026,27,27/07/2026,901274,,e5fb1efb-8ef6-4e74-953e-49be108d925f,FILA,135187,,
DASS ITABERABA7014051090891100CM1589632015889140BRITB0054320260706-1,OK,DASS ITABERABA,70,140510,1321091,90891,ATAC. M13725 6MM POLIESTER COR 5703 [cec7302d-aa4b-4a96-acb9-4544d44ec186],100CM,15896320,324,15889140BRITB00543,06/07/2026,24/08/2026,27,27/07/2026,901275,,cec7302d-aa4b-4a96-acb9-4544d44ec186,FILA,135187,,
DASS ITABERABA7014051090891100CM1589632015889184BRITB0054420260706-1,OK,DASS ITABERABA,70,140510,1321091,90891,ATAC. M13725 6MM POLIESTER COR 5703 [95bfef5f-bedf-4be5-8457-11c7190ec232],100CM,15896320,456,15889184BRITB00544,06/07/2026,24/08/2026,27,27/07/2026,901276,,95bfef5f-bedf-4be5-8457-11c7190ec232,FILA,135187,,
DASS ITABERABA7014051090891100CM1589632015889185BRITB0054420260706-1,OK,DASS ITABERABA,70,140510,1321091,90891,ATAC. M13725 6MM POLIESTER COR 5703 [85c2258d-4eb4-4035-a0c9-63f9885d8688],100CM,15896320,384,15889185BRITB00544,06/07/2026,24/08/2026,27,27/07/2026,901277,,85c2258d-4eb4-4035-a0c9-63f9885d8688,FILA,135187,,
DASS ITABERABA7014051090891100CM1589632015889188BRITB0054420260706-1,OK,DASS ITABERABA,70,140510,1321091,90891,ATAC. M13725 6MM POLIESTER COR 5703 [0f6f5815-cacf-43f5-ab6e-c4c712f9b2ad],100CM,15896320,396,15889188BRITB00544,06/07/2026,24/08/2026,27,27/07/2026,901278,,0f6f5815-cacf-43f5-ab6e-c4c712f9b2ad,FILA,135187,,
DASS ITABERABA7014051090891110CM1589632015889139BRITB0054320260706-1,OK,DASS ITABERABA,70,140510,1321091,90891,ATAC. M13725 6MM POLIESTER COR 5703 [f3676cc5-6182-4e19-a87b-336f45684f9b],110CM,15896320,576,15889139BRITB00543,06/07/2026,24/08/2026,27,27/07/2026,901279,,f3676cc5-6182-4e19-a87b-336f45684f9b,FILA,135187,,
DASS ITABERABA7014051090891110CM1589632015889140BRITB0054320260706-1,OK,DASS ITABERABA,70,140510,1321091,90891,ATAC. M13725 6MM POLIESTER COR 5703 [a62528d6-7d39-438b-a756-569a02c44098],110CM,15896320,588,15889140BRITB00543,06/07/2026,24/08/2026,27,27/07/2026,901280,,a62528d6-7d39-438b-a756-569a02c44098,FILA,135187,,
DASS ITABERABA7014051075611100CM1589632015889217BRITB0053920260706-1,OK,DASS ITABERABA,70,140510,1176326,75611,ATAC. M13727 POLIESTER COR 100 / COR 263 [8bcdfff3-c1e9-4b6b-8be6-5332972a6c8b],100CM,15896320,372,15889217BRITB00539,06/07/2026,24/08/2026,27,27/07/2026,901281,,8bcdfff3-c1e9-4b6b-8be6-5332972a6c8b,FILA,135187,,
DASS ITABERABA7014051075611110CM1589632015889217BRITB0053920260706-1,OK,DASS ITABERABA,70,140510,1176326,75611,ATAC. M13727 POLIESTER COR 100 / COR 263 [df3bada7-2da0-424b-8c11-ff2b67475950],110CM,15896320,264,15889217BRITB00539,06/07/2026,24/08/2026,27,27/07/2026,901282,,df3bada7-2da0-424b-8c11-ff2b67475950,FILA,135187,,
DASS ITABERABA701405108796890CM1589632015889240BRITB0054220260706-1,OK,DASS ITABERABA,70,140510,1286937,87968,ATAC. M13727 POLIESTER COR 114 / COR 5535 [ee0f4db3-6f7a-47ec-8392-6d5d08235261],90CM,15896320,288,15889240BRITB00542,06/07/2026,24/08/2026,27,27/07/2026,901283,,ee0f4db3-6f7a-47ec-8392-6d5d08235261,FILA,135187,,
DASS ITABERABA7014051087968100CM1589632015889240BRITB0054220260706-1,OK,DASS ITABERABA,70,140510,1286937,87968,ATAC. M13727 POLIESTER COR 114 / COR 5535 [bd4d73d9-6936-49c6-80d8-a541e13e3043],100CM,15896320,228,15889240BRITB00542,06/07/2026,24/08/2026,27,27/07/2026,901284,,bd4d73d9-6936-49c6-80d8-a541e13e3043,FILA,135187,,
DASS ITABERABA7014051095778100CM1589632015889239BRITB0053920260706-1,OK,DASS ITABERABA,70,140510,1403289,95778,ATAC. M13727 POLIESTER COR 4039 / COR 114 [a69cc75e-bac6-40f1-b838-5cfb380d2844],100CM,15896320,432,15889239BRITB00539,06/07/2026,24/08/2026,27,27/07/2026,901285,,a69cc75e-bac6-40f1-b838-5cfb380d2844,FILA,135187,,
DASS ITABERABA7014051095778110CM1589632015889239BRITB0053920260706-1,OK,DASS ITABERABA,70,140510,1403289,95778,ATAC. M13727 POLIESTER COR 4039 / COR 114 [283758a0-aeb0-4350-9e00-87a68f940357],110CM,15896320,216,15889239BRITB00539,06/07/2026,24/08/2026,27,27/07/2026,901286,,283758a0-aeb0-4350-9e00-87a68f940357,FILA,135187,,
DASS ITABERABA701405477016415MM1589730820260706-1,OK,DASS ITABERABA,70,140547,783896,70164,FITA MFGP C/ GOMA POLIESTER COR 100 [e5a36092-b320-454e-86ea-e845688d16ba],15MM,15897308,20,0,06/07/2026,24/08/2026,27,27/07/2026,901287,,e5a36092-b320-454e-86ea-e845688d16ba,FILA,135233,,
DASS ITABERABA701408887016410MM1593391820260716-1,OK,DASS ITABERABA,70,140888,998350,70164,FITA MFGP C/ GOMA POLIESTER COR 100 [da8b2db4-d24a-4e8e-8ea9-3851fcecbe1a],10MM,15933918,200,0,16/07/2026,24/08/2026,27,27/07/2026,901288,,da8b2db4-d24a-4e8e-8ea9-3851fcecbe1a,FILA,135589,,
DASS ITABERABA701408887137610MM1593391820260716-1,OK,DASS ITABERABA,70,140888,816595,71376,FITA MFGP C/ GOMA POLIESTER COR 102 [de52e106-40e0-40bf-a398-a67a83f926ca],10MM,15933918,380,0,16/07/2026,24/08/2026,27,27/07/2026,901289,,de52e106-40e0-40bf-a398-a67a83f926ca,FILA,135589,,
DASS ITABERABA701408887280110MM1593391820260716-1,OK,DASS ITABERABA,70,140888,903140,72801,FITA MFGP C/ GOMA POLIESTER COR 057 [cc625448-220b-4c69-a4a5-e5b81657e0f7],10MM,15933918,70,0,16/07/2026,24/08/2026,27,27/07/2026,901290,,cc625448-220b-4c69-a4a5-e5b81657e0f7,FILA,135589,,
DASS ITABERABA701408889288310MM1593391820260716-1,OK,DASS ITABERABA,70,140888,1403309,92883,FITA MFGP C/ GOMA POLIESTER COR 6008 [5469decd-f0e9-4cfe-9a4d-a01c4deff4c1],10MM,15933918,60,0,16/07/2026,24/08/2026,27,27/07/2026,901291,,5469decd-f0e9-4cfe-9a4d-a01c4deff4c1,FILA,135589,,
DASS SANTO ANTONIO152614052673756115CM1588826315884402BRSA00187020260706-1,OK,DASS SANTO ANTONIO,1526,140526,1260166,73756,ATAC. M10110 5MM POLIESTER COR 100 / COR 263 [a0729e70-a29c-46d1-9341-46579ddcd779],115CM,15888263,408,15884402BRSA001870,06/07/2026,24/08/2026,27,27/07/2026,901292,,a0729e70-a29c-46d1-9341-46579ddcd779,FILA,135201,,
DASS SANTO ANTONIO152614052673756115CM1588826315884403BRSA00187120260706-1,OK,DASS SANTO ANTONIO,1526,140526,1260166,73756,ATAC. M10110 5MM POLIESTER COR 100 / COR 263 [0d327520-8438-47dd-aa45-d351512a53e0],115CM,15888263,720,15884403BRSA001871,06/07/2026,24/08/2026,27,27/07/2026,901293,,0d327520-8438-47dd-aa45-d351512a53e0,FILA,135201,,
DASS SANTO ANTONIO152614052673756125CM1588826315884402BRSA00187020260706-1,OK,DASS SANTO ANTONIO,1526,140526,1260166,73756,ATAC. M10110 5MM POLIESTER COR 100 / COR 263 [d5766772-946f-4f83-9270-7d6087b3fbeb],125CM,15888263,264,15884402BRSA001870,06/07/2026,24/08/2026,27,27/07/2026,901294,,d5766772-946f-4f83-9270-7d6087b3fbeb,FILA,135201,,
DASS SANTO ANTONIO152614052673756125CM1588826315884403BRSA00187120260706-1,OK,DASS SANTO ANTONIO,1526,140526,1260166,73756,ATAC. M10110 5MM POLIESTER COR 100 / COR 263 [2c1947c7-96cb-4214-bae9-98e717865e33],125CM,15888263,312,15884403BRSA001871,06/07/2026,24/08/2026,27,27/07/2026,901295,,2c1947c7-96cb-4214-bae9-98e717865e33,FILA,135201,,
DASS SANTO ANTONIO152614052695032115CM1588826315884406BRSA00187420260706-1,OK,DASS SANTO ANTONIO,1526,140526,1404592,95032,ATAC. M10110 5MM POLIESTER COR 5094 / COR 102 [112e755c-3809-4942-b04a-1babc0d945d6],115CM,15888263,852,15884406BRSA001874,06/07/2026,24/08/2026,27,27/07/2026,901296,,112e755c-3809-4942-b04a-1babc0d945d6,FILA,135201,,
DASS SANTO ANTONIO152614052695032125CM1588826315884406BRSA00187420260706-1,OK,DASS SANTO ANTONIO,1526,140526,1404592,95032,ATAC. M10110 5MM POLIESTER COR 5094 / COR 102 [fc015f4f-5dec-4a59-9417-ebe7a86fbfa7],125CM,15888263,348,15884406BRSA001874,06/07/2026,24/08/2026,27,27/07/2026,901297,,fc015f4f-5dec-4a59-9417-ebe7a86fbfa7,FILA,135201,,
DASS SANTO ANTONIO152614052695039105CM1588826315884410BRSA00188020260706-1,OK,DASS SANTO ANTONIO,1526,140526,1404591,95039,ATAC. M10110 5MM POLIESTER COR 102 / COR 6038 [42dee6fe-d68b-455b-82ea-ec3311ffb3f4],105CM,15888263,432,15884410BRSA001880,06/07/2026,24/08/2026,27,27/07/2026,901298,,42dee6fe-d68b-455b-82ea-ec3311ffb3f4,FILA,135201,,
DASS SANTO ANTONIO152614052695039105CM1588826315884411BRSA00188020260706-1,OK,DASS SANTO ANTONIO,1526,140526,1404591,95039,ATAC. M10110 5MM POLIESTER COR 102 / COR 6038 [61e74790-d504-4956-99d4-08088253eccd],105CM,15888263,432,15884411BRSA001880,06/07/2026,24/08/2026,27,27/07/2026,901299,,61e74790-d504-4956-99d4-08088253eccd,FILA,135201,,
DASS SANTO ANTONIO152614052695039115CM1588826315884410BRSA00188020260706-1,OK,DASS SANTO ANTONIO,1526,140526,1404591,95039,ATAC. M10110 5MM POLIESTER COR 102 / COR 6038 [3f832e7d-8088-4cb8-9127-152cf0365498],115CM,15888263,480,15884410BRSA001880,06/07/2026,24/08/2026,27,27/07/2026,901300,,3f832e7d-8088-4cb8-9127-152cf0365498,FILA,135201,,
DASS SANTO ANTONIO152614052695039115CM1588826315884411BRSA00188020260706-1,OK,DASS SANTO ANTONIO,1526,140526,1404591,95039,ATAC. M10110 5MM POLIESTER COR 102 / COR 6038 [1a9b9ca4-aa2f-450a-85bd-a5963036b9d5],115CM,15888263,492,15884411BRSA001880,06/07/2026,24/08/2026,27,27/07/2026,901301,,1a9b9ca4-aa2f-450a-85bd-a5963036b9d5,FILA,135201,,
DASS SANTO ANTONIO152614052695043115CM1588826315884405BRSA00187320260706-1,OK,DASS SANTO ANTONIO,1526,140526,1404580,95043,ATAC. M10110 5MM POLIESTER COR 057 / COR 102 [6a476778-1733-4bda-a756-2e0001308481],115CM,15888263,672,15884405BRSA001873,06/07/2026,24/08/2026,27,27/07/2026,901302,,6a476778-1733-4bda-a756-2e0001308481,FILA,135201,,
DASS SANTO ANTONIO152614052695043125CM1588826315884405BRSA00187320260706-1,OK,DASS SANTO ANTONIO,1526,140526,1404580,95043,ATAC. M10110 5MM POLIESTER COR 057 / COR 102 [783025a8-7cec-4457-ba56-c53c22115333],125CM,15888263,168,15884405BRSA001873,06/07/2026,24/08/2026,27,27/07/2026,901303,,783025a8-7cec-4457-ba56-c53c22115333,FILA,135201,,
DASS SANTO ANTONIO1526140527874446MM1588820220260706-1,OK,DASS SANTO ANTONIO,1526,140527,738314,87444,ELAST. MTM POLIESTER COR 057 [2b25731e-72d2-4001-aca7-10d9fcce778e],6MM,15888202,1175,0,06/07/2026,24/08/2026,27,27/07/2026,901304,,2b25731e-72d2-4001-aca7-10d9fcce778e,FILA,135202,,
DASS SANTO ANTONIO15261405277016415MM1588820220260706-1,OK,DASS SANTO ANTONIO,1526,140527,783896,70164,FITA MFGP C/ GOMA POLIESTER COR 100 [00c6e22e-5973-417e-81b6-7c20b9f7a156],15MM,15888202,520,0,06/07/2026,24/08/2026,27,27/07/2026,901305,,00c6e22e-5973-417e-81b6-7c20b9f7a156,FILA,135202,,
DASS SANTO ANTONIO15261405277352215MM1588820220260706-1,OK,DASS SANTO ANTONIO,1526,140527,902057,73522,FITA MFGP C/ GOMA POLIESTER COR 057 [87cc5f34-e3d5-4ae1-a221-d3eeae56dc64],15MM,15888202,160,0,06/07/2026,24/08/2026,27,27/07/2026,901306,,87cc5f34-e3d5-4ae1-a221-d3eeae56dc64,FILA,135202,,
DASS SANTO ANTONIO15261405277691015MM1588820220260706-1,OK,DASS SANTO ANTONIO,1526,140527,975119,76910,FITA MFGP C/ GOMA POLIESTER COR 263 [da8e3b71-14e9-4352-a0e1-543d2819873c],15MM,15888202,140,0,06/07/2026,24/08/2026,27,27/07/2026,901307,,da8e3b71-14e9-4352-a0e1-543d2819873c,FILA,135202,,
DASS ITABERABA701411917401415MM1597114220260724-1,OK,DASS ITABERABA,70,141191,1425019,74014,FITA MFGP C/ GOMA POLIESTER COR 4085 [74b78dd5-f192-49b2-85cb-12c6ca7e9d4f],15MM,15971142,150,0,24/07/2026,26/08/2026,29,27/07/2026,901308,,74b78dd5-f192-49b2-85cb-12c6ca7e9d4f,ASICS,135866,,NORMAL
DASS ITABERABA701411919400315MM1597114220260724-1,OK,DASS ITABERABA,70,141191,1425013,94003,FITA MFGP C/ GOMA POLIESTER COR 6106 [2a1aee54-71c8-4f4e-a023-4eb453d8193d],15MM,15971142,420,0,24/07/2026,26/08/2026,29,27/07/2026,901309,,2a1aee54-71c8-4f4e-a023-4eb453d8193d,ASICS,135866,,NORMAL
DASS ITABERABA7014119284206110CM1597114815966174ASB005301720260724-1,OK,DASS ITABERABA,70,141192,1229330,84206,ATAC. M18006 POLIESTER COR 4085 [37fb5e08-bad9-45ef-aec1-755811c30663],110CM,15971148,569,15966174ASB0053017,24/07/2026,26/08/2026,29,27/07/2026,901310,,37fb5e08-bad9-45ef-aec1-755811c30663,ASICS,135867,,NORMAL
DASS ITABERABA7014119284206120CM1597114815966174ASB005301720260724-1,OK,DASS ITABERABA,70,141192,1229330,84206,ATAC. M18006 POLIESTER COR 4085 [4c3ab8ab-bfbf-411d-a902-3d8c2dda8809],120CM,15971148,198,15966174ASB0053017,24/07/2026,26/08/2026,29,27/07/2026,901311,,4c3ab8ab-bfbf-411d-a902-3d8c2dda8809,ASICS,135867,,NORMAL
DASS ITABERABA7014119294827120CM1597114815966170ASB005300120260724-1,OK,DASS ITABERABA,70,141192,1400180,94827,ATAC. M18006 POLIESTER COR 6106 [35435d12-d83e-4dae-913f-a001db6b08cc],120CM,15971148,420,15966170ASB0053001,24/07/2026,26/08/2026,29,27/07/2026,901312,,35435d12-d83e-4dae-913f-a001db6b08cc,ASICS,135867,,NORMAL
DASS ITABERABA7014119294827120CM1597114815966171ASB005300420260724-1,OK,DASS ITABERABA,70,141192,1400180,94827,ATAC. M18006 POLIESTER COR 6106 [4c79ba7f-7d80-4e14-8191-c64734ec5e7f],120CM,15971148,867,15966171ASB0053004,24/07/2026,26/08/2026,29,27/07/2026,901313,,4c79ba7f-7d80-4e14-8191-c64734ec5e7f,ASICS,135867,,NORMAL
DASS ITABERABA7014119294827130CM1597114815966170ASB005300120260724-1,OK,DASS ITABERABA,70,141192,1400180,94827,ATAC. M18006 POLIESTER COR 6106 [127eddcb-ef75-42f0-86b8-933cab0269f4],130CM,15971148,333,15966170ASB0053001,24/07/2026,26/08/2026,29,27/07/2026,901314,,127eddcb-ef75-42f0-86b8-933cab0269f4,ASICS,135867,,NORMAL
DASS ITABERABA7014119294827130CM1597114815966171ASB005300420260724-1,OK,DASS ITABERABA,70,141192,1400180,94827,ATAC. M18006 POLIESTER COR 6106 [2fe5b032-860c-496b-980e-613988787302],130CM,15971148,309,15966171ASB0053004,24/07/2026,26/08/2026,29,27/07/2026,901315,,2fe5b032-860c-496b-980e-613988787302,ASICS,135867,,NORMAL
DASS ITABERABA7014119274802130CM1597114815966161ASB005297520260724-1,OK,DASS ITABERABA,70,141192,1015432,74802,ATAC. M22031 REFLEX COR 4219/1 [0ceba499-ab2e-4d87-8b90-51012c38db94],130CM,15971148,647,15966161ASB0052975,24/07/2026,26/08/2026,29,27/07/2026,901316,,0ceba499-ab2e-4d87-8b90-51012c38db94,ASICS,135867,,NORMAL
DASS ITABERABA7014119274802140CM1597114815966161ASB005297520260724-1,OK,DASS ITABERABA,70,141192,1015432,74802,ATAC. M22031 REFLEX COR 4219/1 [81ced40e-c904-47d7-84f1-3039b878577d],140CM,15971148,480,15966161ASB0052975,24/07/2026,26/08/2026,29,27/07/2026,901317,,81ced40e-c904-47d7-84f1-3039b878577d,ASICS,135867,,NORMAL
DASS ITABERABA7014119284768120CM1597114815966160ASB005297620260724-1,OK,DASS ITABERABA,70,141192,1249007,84768,ATAC. M22031 REFLEX COR 4085/1 [0def6216-a960-493c-bf22-719d2a746cdc],120CM,15971148,1091,15966160ASB0052976,24/07/2026,26/08/2026,29,27/07/2026,901318,,0def6216-a960-493c-bf22-719d2a746cdc,ASICS,135867,,NORMAL
DASS ITABERABA7014119284768130CM1597114815966162ASB005297420260724-1,OK,DASS ITABERABA,70,141192,1249007,84768,ATAC. M22031 REFLEX COR 4085/1 [0fa7ae91-5357-4700-a6e0-6b55ce7f80a8],130CM,15971148,623,15966162ASB0052974,24/07/2026,26/08/2026,29,27/07/2026,901319,,0fa7ae91-5357-4700-a6e0-6b55ce7f80a8,ASICS,135867,,NORMAL
DASS ITABERABA7014119284768130CM1597114815966160ASB005297620260724-1,OK,DASS ITABERABA,70,141192,1249007,84768,ATAC. M22031 REFLEX COR 4085/1 [47d6be12-9385-434b-872e-7440b3be8aea],130CM,15971148,428,15966160ASB0052976,24/07/2026,26/08/2026,29,27/07/2026,901320,,47d6be12-9385-434b-872e-7440b3be8aea,ASICS,135867,,NORMAL
DASS ITABERABA7014119284768130CM1597114815966163ASB005298320260724-1,OK,DASS ITABERABA,70,141192,1249007,84768,ATAC. M22031 REFLEX COR 4085/1 [35242106-54b2-4c04-9b13-a27aac8f8162],130CM,15971148,601,15966163ASB0052983,24/07/2026,26/08/2026,29,27/07/2026,901321,,35242106-54b2-4c04-9b13-a27aac8f8162,ASICS,135867,,NORMAL
DASS ITABERABA7014119284768140CM1597114815966162ASB005297420260724-1,OK,DASS ITABERABA,70,141192,1249007,84768,ATAC. M22031 REFLEX COR 4085/1 [259b3055-5b3c-4859-affc-d9e6a1a5c26e],140CM,15971148,208,15966162ASB0052974,24/07/2026,26/08/2026,29,27/07/2026,901322,,259b3055-5b3c-4859-affc-d9e6a1a5c26e,ASICS,135867,,NORMAL
DASS ITABERABA7014119284768140CM1597114815966163ASB005298320260724-1,OK,DASS ITABERABA,70,141192,1249007,84768,ATAC. M22031 REFLEX COR 4085/1 [33fb56b3-b4d7-47c9-a85b-50fd057966f7],140CM,15971148,600,15966163ASB0052983,24/07/2026,26/08/2026,29,27/07/2026,901323,,33fb56b3-b4d7-47c9-a85b-50fd057966f7,ASICS,135867,,NORMAL
DASS ITABERABA7014119292609120CM1597114815966158ASB005301320260724-1,OK,DASS ITABERABA,70,141192,1393890,92609,ATAC. M22031 REFLEX COR 214/1 [c56d5b57-f351-44a7-a0d5-af60d74d4fb7],120CM,15971148,200,15966158ASB0053013,24/07/2026,26/08/2026,29,27/07/2026,901324,,c56d5b57-f351-44a7-a0d5-af60d74d4fb7,ASICS,135867,,NORMAL
DASS ITABERABA7014119292609130CM1597114815966158ASB005301320260724-1,OK,DASS ITABERABA,70,141192,1393890,92609,ATAC. M22031 REFLEX COR 214/1 [8f489ab4-518e-4b0c-baf7-952e7e44cbe1],130CM,15971148,125,15966158ASB0053013,24/07/2026,26/08/2026,29,27/07/2026,901325,,8f489ab4-518e-4b0c-baf7-952e7e44cbe1,ASICS,135867,,NORMAL
DASS ITABERABA7014119292717120CM1597114815966157ASB005297720260724-1,OK,DASS ITABERABA,70,141192,1393892,92717,ATAC. M22031 REFLEX COR 5108/1 [46686cde-b5c6-409f-8b29-ac224b33a3e6],120CM,15971148,322,15966157ASB0052977,24/07/2026,26/08/2026,29,27/07/2026,901326,,46686cde-b5c6-409f-8b29-ac224b33a3e6,ASICS,135867,,NORMAL
DASS ITABERABA7014119292717130CM1597114815966157ASB005297720260724-1,OK,DASS ITABERABA,70,141192,1393892,92717,ATAC. M22031 REFLEX COR 5108/1 [65c5f726-f83f-4d6a-a722-4bc2ad1b8c76],130CM,15971148,161,15966157ASB0052977,24/07/2026,26/08/2026,29,27/07/2026,901327,,65c5f726-f83f-4d6a-a722-4bc2ad1b8c76,ASICS,135867,,NORMAL
DASS ITABERABA7014119292801120CM1597114815966159ASB005301120260724-1,OK,DASS ITABERABA,70,141192,1393891,92801,ATAC. M22031 REFLEX COR 4313/1 [cafc70f4-855d-47ab-a66e-8deee765799e],120CM,15971148,336,15966159ASB0053011,24/07/2026,26/08/2026,29,27/07/2026,901328,,cafc70f4-855d-47ab-a66e-8deee765799e,ASICS,135867,,NORMAL
DASS ITABERABA7014119292801130CM1597114815966159ASB005301120260724-1,OK,DASS ITABERABA,70,141192,1393891,92801,ATAC. M22031 REFLEX COR 4313/1 [d6277bc0-3179-4af8-8305-80dd102ae02d],130CM,15971148,99,15966159ASB0053011,24/07/2026,26/08/2026,29,27/07/2026,901329,,d6277bc0-3179-4af8-8305-80dd102ae02d,ASICS,135867,,NORMAL
DASS ITABERABA7014119285480120CM1597114815966127ASB005305520260724-1,OK,DASS ITABERABA,70,141192,1345837,85480,ATAC. M22037 6MM REFLEX COR 987/1 [5b47ba9f-e89f-4174-aa21-3480c772d920],120CM,15971148,434,15966127ASB0053055,24/07/2026,26/08/2026,29,27/07/2026,901330,,5b47ba9f-e89f-4174-aa21-3480c772d920,ASICS,135867,,NORMAL
DASS ITABERABA7014119285480130CM1597114815966127ASB005305520260724-1,OK,DASS ITABERABA,70,141192,1345837,85480,ATAC. M22037 6MM REFLEX COR 987/1 [63fc8376-64ea-40e9-8916-c07ffd44662e],130CM,15971148,210,15966127ASB0053055,24/07/2026,26/08/2026,29,27/07/2026,901331,,63fc8376-64ea-40e9-8916-c07ffd44662e,ASICS,135867,,NORMAL
DASS ITABERABA7014119290397120CM1597114815966125ASB005305320260724-1,OK,DASS ITABERABA,70,141192,1332512,90397,ATAC. M22037 6MM REFLEX COR 5217/1 [3f9f872a-9a4d-46f0-aacd-d98d605b6cd9],120CM,15971148,928,15966125ASB0053053,24/07/2026,26/08/2026,29,27/07/2026,901332,,3f9f872a-9a4d-46f0-aacd-d98d605b6cd9,ASICS,135867,,NORMAL
DASS ITABERABA7014119290397130CM1597114815966125ASB005305320260724-1,OK,DASS ITABERABA,70,141192,1332512,90397,ATAC. M22037 6MM REFLEX COR 5217/1 [f66ea687-3902-4b88-b51d-8b6a6c671a87],130CM,15971148,544,15966125ASB0053053,24/07/2026,26/08/2026,29,27/07/2026,901333,,f66ea687-3902-4b88-b51d-8b6a6c671a87,ASICS,135867,,NORMAL
DASS ITABERABA7014119291133120CM1597114815966126ASB005305420260724-1,OK,DASS ITABERABA,70,141192,1365482,91133,ATAC. M22037 6MM REFLEX COR 5711 [45305c04-8823-406f-b8ef-c67640ebadca],120CM,15971148,1052,15966126ASB0053054,24/07/2026,26/08/2026,29,27/07/2026,901334,,45305c04-8823-406f-b8ef-c67640ebadca,ASICS,135867,,NORMAL
DASS ITABERABA7014119291133130CM1597114815966126ASB005305420260724-1,OK,DASS ITABERABA,70,141192,1365482,91133,ATAC. M22037 6MM REFLEX COR 5711 [4d207cc1-70f3-48a2-ae50-ce889d77a59c],130CM,15971148,371,15966126ASB0053054,24/07/2026,26/08/2026,29,27/07/2026,901335,,4d207cc1-70f3-48a2-ae50-ce889d77a59c,ASICS,135867,,NORMAL
DASS ITABERABA7014119294360120CM1597114815966128ASB005305620260724-1,OK,DASS ITABERABA,70,141192,1392976,94360,ATAC. M22037 6MM REFLEX COR 6105/1 [17591ace-5532-46fd-88d1-84f614695426],120CM,15971148,336,15966128ASB0053056,24/07/2026,26/08/2026,29,27/07/2026,901336,,17591ace-5532-46fd-88d1-84f614695426,ASICS,135867,,NORMAL
DASS ITABERABA7014119294360130CM1597114815966128ASB005305620260724-1,OK,DASS ITABERABA,70,141192,1392976,94360,ATAC. M22037 6MM REFLEX COR 6105/1 [80207992-bd36-4b05-948b-a83c12f7b7e3],130CM,15971148,149,15966128ASB0053056,24/07/2026,26/08/2026,29,27/07/2026,901337,,80207992-bd36-4b05-948b-a83c12f7b7e3,ASICS,135867,,NORMAL
DASS ITABERABA70141193930221.8MM1597115020260724-1,OK,DASS ITABERABA,70,141193,1400176,93022,CORDAO M9099 POLIESTER COR 4085 [d857d05b-a225-4f7c-9df5-d555308d59b5],1.8MM,15971150,320,0,24/07/2026,26/08/2026,29,27/07/2026,901338,,d857d05b-a225-4f7c-9df5-d555308d59b5,ASICS,135868,,NORMAL
DASS ITABERABA70141193948781.8MM1597115020260724-1,OK,DASS ITABERABA,70,141193,1400179,94878,CORDAO M9099 POLIESTER COR 6106 [ec737a90-20de-4ee0-b1c5-1fccf507d734],1.8MM,15971150,1000,0,24/07/2026,26/08/2026,29,27/07/2026,901339,,ec737a90-20de-4ee0-b1c5-1fccf507d734,ASICS,135868,,NORMAL
DASS VITORIA39114094595643110CM1593930815936859BRI010406-20260717-1,OK,DASS VITORIA,391,140945,827533,95643,ATAC. M13801 POLIESTER COR 100 [db541493-a3f1-4b66-bc99-da82152b5386],110CM,15939308,444,15936859BRI010406-,17/07/2026,26/08/2026,29,27/07/2026,901340,,db541493-a3f1-4b66-bc99-da82152b5386,UMBRO,135632,,CONTA E ORDEM VITÓRIA X ITABERABA
DASS VITORIA39114094595643110CM1593930815936860BRI010406-20260717-1,OK,DASS VITORIA,391,140945,827533,95643,ATAC. M13801 POLIESTER COR 100 [88fa2089-b5aa-403e-a42c-c37b9b611d7d],110CM,15939308,480,15936860BRI010406-,17/07/2026,26/08/2026,29,27/07/2026,901341,,88fa2089-b5aa-403e-a42c-c37b9b611d7d,UMBRO,135632,,CONTA E ORDEM VITÓRIA X ITABERABA
DASS VITORIA39114094595643120CM1593930815936819BRI010396-20260717-1,OK,DASS VITORIA,391,140945,827533,95643,ATAC. M13801 POLIESTER COR 100 [940de06e-5ca7-44ea-bd20-5b400eb45cc5],120CM,15939308,420,15936819BRI010396-,17/07/2026,26/08/2026,29,27/07/2026,901342,,940de06e-5ca7-44ea-bd20-5b400eb45cc5,UMBRO,135632,,CONTA E ORDEM VITÓRIA X ITABERABA
DASS VITORIA39114094595643120CM1593930815936820BRI010396-20260717-1,OK,DASS VITORIA,391,140945,827533,95643,ATAC. M13801 POLIESTER COR 100 [7c771921-ade5-49b0-92ef-a44bf1dfe09e],120CM,15939308,408,15936820BRI010396-,17/07/2026,26/08/2026,29,27/07/2026,901343,,7c771921-ade5-49b0-92ef-a44bf1dfe09e,UMBRO,135632,,CONTA E ORDEM VITÓRIA X ITABERABA
DASS VITORIA39114094595643120CM1593930815936821BRI010397-20260717-1,OK,DASS VITORIA,391,140945,827533,95643,ATAC. M13801 POLIESTER COR 100 [40b54f42-a847-4601-945a-798d000a2485],120CM,15939308,288,15936821BRI010397-,17/07/2026,26/08/2026,29,27/07/2026,901344,,40b54f42-a847-4601-945a-798d000a2485,UMBRO,135632,,CONTA E ORDEM VITÓRIA X ITABERABA
DASS VITORIA39114094595643120CM1593930815936822BRI010397-20260717-1,OK,DASS VITORIA,391,140945,827533,95643,ATAC. M13801 POLIESTER COR 100 [ac7cc5cf-cb54-41b5-ad17-92f93a8f06c2],120CM,15939308,288,15936822BRI010397-,17/07/2026,26/08/2026,29,27/07/2026,901345,,ac7cc5cf-cb54-41b5-ad17-92f93a8f06c2,UMBRO,135632,,CONTA E ORDEM VITÓRIA X ITABERABA
DASS VITORIA39114094595643120CM1593930815936823BRI01039820260717-1,OK,DASS VITORIA,391,140945,827533,95643,ATAC. M13801 POLIESTER COR 100 [be956eeb-d971-4df2-a1a7-76c1f040992b],120CM,15939308,372,15936823BRI010398,17/07/2026,26/08/2026,29,27/07/2026,901346,,be956eeb-d971-4df2-a1a7-76c1f040992b,UMBRO,135632,,CONTA E ORDEM VITÓRIA X ITABERABA
DASS VITORIA39114094595643120CM1593930815936859BRI010406-20260717-1,OK,DASS VITORIA,391,140945,827533,95643,ATAC. M13801 POLIESTER COR 100 [4bb6a29b-97e5-4731-8bd2-414dc4cc136f],120CM,15939308,300,15936859BRI010406-,17/07/2026,26/08/2026,29,27/07/2026,901347,,4bb6a29b-97e5-4731-8bd2-414dc4cc136f,UMBRO,135632,,CONTA E ORDEM VITÓRIA X ITABERABA
DASS VITORIA39114094595643120CM1593930815936860BRI010406-20260717-1,OK,DASS VITORIA,391,140945,827533,95643,ATAC. M13801 POLIESTER COR 100 [89e55252-9f37-4fd4-a7ee-6b1e03568a4f],120CM,15939308,312,15936860BRI010406-,17/07/2026,26/08/2026,29,27/07/2026,901348,,89e55252-9f37-4fd4-a7ee-6b1e03568a4f,UMBRO,135632,,CONTA E ORDEM VITÓRIA X ITABERABA
DASS VITORIA39114094595643130CM1593930815936819BRI010396-20260717-1,OK,DASS VITORIA,391,140945,827533,95643,ATAC. M13801 POLIESTER COR 100 [48be5780-c35c-41f9-9bb5-cacfb7e03b4c],130CM,15939308,588,15936819BRI010396-,17/07/2026,26/08/2026,29,27/07/2026,901349,,48be5780-c35c-41f9-9bb5-cacfb7e03b4c,UMBRO,135632,,CONTA E ORDEM VITÓRIA X ITABERABA
DASS VITORIA39114094595643130CM1593930815936820BRI010396-20260717-1,OK,DASS VITORIA,391,140945,827533,95643,ATAC. M13801 POLIESTER COR 100 [a07ad60a-2acd-42c5-9df8-de14e1a6e412],130CM,15939308,576,15936820BRI010396-,17/07/2026,26/08/2026,29,27/07/2026,901350,,a07ad60a-2acd-42c5-9df8-de14e1a6e412,UMBRO,135632,,CONTA E ORDEM VITÓRIA X ITABERABA
DASS VITORIA39114094595643130CM1593930815936821BRI010397-20260717-1,OK,DASS VITORIA,391,140945,827533,95643,ATAC. M13801 POLIESTER COR 100 [41235a26-fa10-4f26-bca2-8bbf60764096],130CM,15939308,540,15936821BRI010397-,17/07/2026,26/08/2026,29,27/07/2026,901351,,41235a26-fa10-4f26-bca2-8bbf60764096,UMBRO,135632,,CONTA E ORDEM VITÓRIA X ITABERABA
DASS VITORIA39114094595643130CM1593930815936822BRI010397-20260717-1,OK,DASS VITORIA,391,140945,827533,95643,ATAC. M13801 POLIESTER COR 100 [9499e26d-9450-4fb5-b94c-15f11604778b],130CM,15939308,552,15936822BRI010397-,17/07/2026,26/08/2026,29,27/07/2026,901352,,9499e26d-9450-4fb5-b94c-15f11604778b,UMBRO,135632,,CONTA E ORDEM VITÓRIA X ITABERABA
DASS VITORIA39114094595643130CM1593930815936823BRI01039820260717-1,OK,DASS VITORIA,391,140945,827533,95643,ATAC. M13801 POLIESTER COR 100 [9d0a0ed0-5996-4335-aa1e-4c4011ddac22],130CM,15939308,948,15936823BRI010398,17/07/2026,26/08/2026,29,27/07/2026,901353,,9d0a0ed0-5996-4335-aa1e-4c4011ddac22,UMBRO,135632,,CONTA E ORDEM VITÓRIA X ITABERABA
DASS SEST713906493661120CM1575859715758315NBR328283720260528-1,OK,DASS SEST,7,139064,1065806,93661,ATAC. MR110029 RECICLADO COR 4662/PET [b18a995e-74cb-4ec7-8495-73443252f6bb],120CM,15758597,84,15758315NBR3282837,28/05/2026,31/08/2026,34,27/07/2026,901354,,b18a995e-74cb-4ec7-8495-73443252f6bb,NIKE,133775,,
DASS SEST713906493661120CM1575859715758316NBR328283720260528-1,OK,DASS SEST,7,139064,1065806,93661,ATAC. MR110029 RECICLADO COR 4662/PET [e9e93e22-653e-4937-825a-942f2918beda],120CM,15758597,72,15758316NBR3282837,28/05/2026,31/08/2026,34,27/07/2026,901355,,e9e93e22-653e-4937-825a-942f2918beda,NIKE,133775,,
DASS SEST713906493661130CM1575859715758315NBR328283720260528-1,OK,DASS SEST,7,139064,1065806,93661,ATAC. MR110029 RECICLADO COR 4662/PET [e5fa2b69-8734-4b9b-804e-e1ab1e84da37],130CM,15758597,770,15758315NBR3282837,28/05/2026,31/08/2026,34,27/07/2026,901356,,e5fa2b69-8734-4b9b-804e-e1ab1e84da37,NIKE,133775,,
DASS SEST713906493661130CM1575859715758316NBR328283720260528-1,OK,DASS SEST,7,139064,1065806,93661,ATAC. MR110029 RECICLADO COR 4662/PET [ed73957f-f875-4617-9cb5-f8e207ae4380],130CM,15758597,816,15758316NBR3282837,28/05/2026,31/08/2026,34,27/07/2026,901357,,ed73957f-f875-4617-9cb5-f8e207ae4380,NIKE,133775,,
DASS SEST713906493661140CM1575859715758315NBR328283720260528-1,OK,DASS SEST,7,139064,1065806,93661,ATAC. MR110029 RECICLADO COR 4662/PET [f9fa3080-01ac-403e-bd31-a8623bd16303],140CM,15758597,72,15758315NBR3282837,28/05/2026,31/08/2026,34,27/07/2026,901358,,f9fa3080-01ac-403e-bd31-a8623bd16303,NIKE,133775,,
DASS SEST713906493661140CM1575859715758316NBR328283720260528-1,OK,DASS SEST,7,139064,1065806,93661,ATAC. MR110029 RECICLADO COR 4662/PET [344bc5a9-0166-412c-b672-047a12ba1bb5],140CM,15758597,84,15758316NBR3282837,28/05/2026,31/08/2026,34,27/07/2026,901359,,344bc5a9-0166-412c-b672-047a12ba1bb5,NIKE,133775,,
DASS SEST713922982628100CM1577519515773820NBR328303420260601-1,OK,DASS SEST,7,139229,1188919,82628,ATAC. MR140014 6MM RECICLADO COR 4085/PET [8f153423-bc81-4a6c-8d2c-cb353264aa85],100CM,15775195,96,15773820NBR3283034,01/06/2026,31/08/2026,34,27/07/2026,901360,,8f153423-bc81-4a6c-8d2c-cb353264aa85,NIKE,133930,,
DASS SEST713922982628100CM1577519515773821NBR328303420260601-1,OK,DASS SEST,7,139229,1188919,82628,ATAC. MR140014 6MM RECICLADO COR 4085/PET [358847a7-d8f0-4ec6-98e2-643dcabbadab],100CM,15775195,120,15773821NBR3283034,01/06/2026,31/08/2026,34,27/07/2026,901361,,358847a7-d8f0-4ec6-98e2-643dcabbadab,NIKE,133930,,
DASS SEST713922982628100CM1577519515773822NBR328303520260601-1,OK,DASS SEST,7,139229,1188919,82628,ATAC. MR140014 6MM RECICLADO COR 4085/PET [885e105f-46d9-4fb1-b1b1-6669b841e843],100CM,15775195,96,15773822NBR3283035,01/06/2026,31/08/2026,34,27/07/2026,901362,,885e105f-46d9-4fb1-b1b1-6669b841e843,NIKE,133930,,
DASS SEST713922982628100CM1577519515773823NBR328303520260601-1,OK,DASS SEST,7,139229,1188919,82628,ATAC. MR140014 6MM RECICLADO COR 4085/PET [7827bf7a-0280-4af5-a68c-efe23be2e7f7],100CM,15775195,102,15773823NBR3283035,01/06/2026,31/08/2026,34,27/07/2026,901363,,7827bf7a-0280-4af5-a68c-efe23be2e7f7,NIKE,133930,,
DASS SEST713922982628105CM1577519515773820NBR328303420260601-1,OK,DASS SEST,7,139229,1188919,82628,ATAC. MR140014 6MM RECICLADO COR 4085/PET [1bf116f4-81a2-4112-9890-bb1eac290a81],105CM,15775195,734,15773820NBR3283034,01/06/2026,31/08/2026,34,27/07/2026,901364,,1bf116f4-81a2-4112-9890-bb1eac290a81,NIKE,133930,,
DASS SEST713922982628105CM1577519515773821NBR328303420260601-1,OK,DASS SEST,7,139229,1188919,82628,ATAC. MR140014 6MM RECICLADO COR 4085/PET [e1853a2d-89c6-4d17-8109-7b644f033aee],105CM,15775195,762,15773821NBR3283034,01/06/2026,31/08/2026,34,27/07/2026,901365,,e1853a2d-89c6-4d17-8109-7b644f033aee,NIKE,133930,,
DASS SEST713922982628105CM1577519515773822NBR328303520260601-1,OK,DASS SEST,7,139229,1188919,82628,ATAC. MR140014 6MM RECICLADO COR 4085/PET [28a2abb3-5b83-423d-a564-dbbfea3153ca],105CM,15775195,698,15773822NBR3283035,01/06/2026,31/08/2026,34,27/07/2026,901366,,28a2abb3-5b83-423d-a564-dbbfea3153ca,NIKE,133930,,
DASS SEST713922982628105CM1577519515773823NBR328303520260601-1,OK,DASS SEST,7,139229,1188919,82628,ATAC. MR140014 6MM RECICLADO COR 4085/PET [b17064b2-e776-463d-9af0-6bee66a4fbf9],105CM,15775195,702,15773823NBR3283035,01/06/2026,31/08/2026,34,27/07/2026,901367,,b17064b2-e776-463d-9af0-6bee66a4fbf9,NIKE,133930,,
DASS SEST713922982628105CM1577519515773816NBR328303620260601-1,OK,DASS SEST,7,139229,1188919,82628,ATAC. MR140014 6MM RECICLADO COR 4085/PET [1e8a6149-4f7a-4546-a4f2-485596a7ec55],105CM,15775195,192,15773816NBR3283036,01/06/2026,31/08/2026,34,27/07/2026,901368,,1e8a6149-4f7a-4546-a4f2-485596a7ec55,NIKE,133930,,
DASS SEST713922982628105CM1577519515773817NBR328303620260601-1,OK,DASS SEST,7,139229,1188919,82628,ATAC. MR140014 6MM RECICLADO COR 4085/PET [355c48a0-5a0b-41e8-b234-21b6af0032b4],105CM,15775195,234,15773817NBR3283036,01/06/2026,31/08/2026,34,27/07/2026,901369,,355c48a0-5a0b-41e8-b234-21b6af0032b4,NIKE,133930,,
DASS SEST713922982628110CM1577519515773820NBR328303420260601-1,OK,DASS SEST,7,139229,1188919,82628,ATAC. MR140014 6MM RECICLADO COR 4085/PET [a0c75136-160d-465e-bb6b-87f6c1ce9d7a],110CM,15775195,54,15773820NBR3283034,01/06/2026,31/08/2026,34,27/07/2026,901370,,a0c75136-160d-465e-bb6b-87f6c1ce9d7a,NIKE,133930,,
DASS SEST713922982628110CM1577519515773821NBR328303420260601-1,OK,DASS SEST,7,139229,1188919,82628,ATAC. MR140014 6MM RECICLADO COR 4085/PET [46cc44a2-7ee7-4dec-96d6-6b4bf1f301cb],110CM,15775195,36,15773821NBR3283034,01/06/2026,31/08/2026,34,27/07/2026,901371,,46cc44a2-7ee7-4dec-96d6-6b4bf1f301cb,NIKE,133930,,
DASS SEST713922982628110CM1577519515773822NBR328303520260601-1,OK,DASS SEST,7,139229,1188919,82628,ATAC. MR140014 6MM RECICLADO COR 4085/PET [a72b9d95-ef0e-4c94-8854-18a164ae2d1b],110CM,15775195,48,15773822NBR3283035,01/06/2026,31/08/2026,34,27/07/2026,901372,,a72b9d95-ef0e-4c94-8854-18a164ae2d1b,NIKE,133930,,
DASS SEST713922982628110CM1577519515773823NBR328303520260601-1,OK,DASS SEST,7,139229,1188919,82628,ATAC. MR140014 6MM RECICLADO COR 4085/PET [fd9007af-02e2-4a1d-bee8-be9c83a9e688],110CM,15775195,36,15773823NBR3283035,01/06/2026,31/08/2026,34,27/07/2026,901373,,fd9007af-02e2-4a1d-bee8-be9c83a9e688,NIKE,133930,,
DASS SEST713922982628110CM1577519515773816NBR328303620260601-1,OK,DASS SEST,7,139229,1188919,82628,ATAC. MR140014 6MM RECICLADO COR 4085/PET [410a8298-3c63-48cf-b677-92bbb65953b0],110CM,15775195,609,15773816NBR3283036,01/06/2026,31/08/2026,34,27/07/2026,901374,,410a8298-3c63-48cf-b677-92bbb65953b0,NIKE,133930,,
DASS SEST713922982628110CM1577519515773817NBR328303620260601-1,OK,DASS SEST,7,139229,1188919,82628,ATAC. MR140014 6MM RECICLADO COR 4085/PET [0b2e4844-8441-4614-90f5-e78b2a4eed84],110CM,15775195,606,15773817NBR3283036,01/06/2026,31/08/2026,34,27/07/2026,901375,,0b2e4844-8441-4614-90f5-e78b2a4eed84,NIKE,133930,,
DASS SEST713922982628115CM1577519515773816NBR328303620260601-1,OK,DASS SEST,7,139229,1188919,82628,ATAC. MR140014 6MM RECICLADO COR 4085/PET [bb325445-1382-416e-83a1-f6399fdb0132],115CM,15775195,240,15773816NBR3283036,01/06/2026,31/08/2026,34,27/07/2026,901376,,bb325445-1382-416e-83a1-f6399fdb0132,NIKE,133930,,
DASS SEST713922982628115CM1577519515773817NBR328303620260601-1,OK,DASS SEST,7,139229,1188919,82628,ATAC. MR140014 6MM RECICLADO COR 4085/PET [50fee92b-6334-4f89-bf4d-8b75eeed5b6d],115CM,15775195,246,15773817NBR3283036,01/06/2026,31/08/2026,34,27/07/2026,901377,,50fee92b-6334-4f89-bf4d-8b75eeed5b6d,NIKE,133930,,
DASS SEST71392818262618MM1577533120260602-1,OK,DASS SEST,7,139281,1220522,82626,FITA MR100038 C/ GOMA RECICLADO COR 4662/PET / COR 5400/B [6949132f-3676-4e3e-9c72-b1ba3f1e78b5],18MM,15775331,460,0,02/06/2026,31/08/2026,34,27/07/2026,901378,,6949132f-3676-4e3e-9c72-b1ba3f1e78b5,NIKE,133901,,
DASS SEST71392819570618MM1577533120260602-1,OK,DASS SEST,7,139281,1359543,95706,FITA MR100038 C/ GOMA RECICLADO COR 057/PET / COR 5911/B [7674a4d5-c425-4a1d-890f-97440d8bea01],18MM,15775331,300,0,02/06/2026,31/08/2026,34,27/07/2026,901379,,7674a4d5-c425-4a1d-890f-97440d8bea01,NIKE,133901,,
DASS SEST713956586978100CM1581641315815480NBR328290620260611-1,OK,DASS SEST,7,139565,1299257,86978,ATAC. MR130027 6MM RECICLADO COR 4085/PET [06a1ba3f-8289-40bb-b72e-59d73ffe8c7e],100CM,15816413,156,15815480NBR3282906,11/06/2026,31/08/2026,34,27/07/2026,901380,,06a1ba3f-8289-40bb-b72e-59d73ffe8c7e,NIKE,134312,,
DASS SEST713956586978100CM1581641315815482NBR328290620260611-1,OK,DASS SEST,7,139565,1299257,86978,ATAC. MR130027 6MM RECICLADO COR 4085/PET [ed6493a9-843d-49a0-bede-2587c89715d4],100CM,15816413,186,15815482NBR3282906,11/06/2026,31/08/2026,34,27/07/2026,901381,,ed6493a9-843d-49a0-bede-2587c89715d4,NIKE,134312,,
DASS SEST713956586978100CM1581641315815483NBR328298320260611-1,OK,DASS SEST,7,139565,1299257,86978,ATAC. MR130027 6MM RECICLADO COR 4085/PET [7a33c53f-3f3a-4065-b6d0-c136af9c253a],100CM,15816413,168,15815483NBR3282983,11/06/2026,31/08/2026,34,27/07/2026,901382,,7a33c53f-3f3a-4065-b6d0-c136af9c253a,NIKE,134312,,
DASS SEST713956586978100CM1581641315815484NBR328298320260611-1,OK,DASS SEST,7,139565,1299257,86978,ATAC. MR130027 6MM RECICLADO COR 4085/PET [b6013200-b9b1-453c-b65f-948bed7478ca],100CM,15816413,186,15815484NBR3282983,11/06/2026,31/08/2026,34,27/07/2026,901383,,b6013200-b9b1-453c-b65f-948bed7478ca,NIKE,134312,,
DASS SEST713956586978105CM1581641315815480NBR328290620260611-1,OK,DASS SEST,7,139565,1299257,86978,ATAC. MR130027 6MM RECICLADO COR 4085/PET [dd5209b7-08ae-48dc-b3a7-3ac2e64620a3],105CM,15816413,523,15815480NBR3282906,11/06/2026,31/08/2026,34,27/07/2026,901384,,dd5209b7-08ae-48dc-b3a7-3ac2e64620a3,NIKE,134312,,
DASS SEST713956586978105CM1581641315815482NBR328290620260611-1,OK,DASS SEST,7,139565,1299257,86978,ATAC. MR130027 6MM RECICLADO COR 4085/PET [579efe06-a916-4f9a-a876-2cc91df9917d],105CM,15816413,520,15815482NBR3282906,11/06/2026,31/08/2026,34,27/07/2026,901385,,579efe06-a916-4f9a-a876-2cc91df9917d,NIKE,134312,,
DASS SEST713956586978105CM1581641315815483NBR328298320260611-1,OK,DASS SEST,7,139565,1299257,86978,ATAC. MR130027 6MM RECICLADO COR 4085/PET [47d074b7-3153-47b3-a272-16a7f991cf0f],105CM,15816413,541,15815483NBR3282983,11/06/2026,31/08/2026,34,27/07/2026,901386,,47d074b7-3153-47b3-a272-16a7f991cf0f,NIKE,134312,,
DASS SEST713956586978105CM1581641315815484NBR328298320260611-1,OK,DASS SEST,7,139565,1299257,86978,ATAC. MR130027 6MM RECICLADO COR 4085/PET [c90766ec-4ae1-478c-a036-d69d61b4797f],105CM,15816413,556,15815484NBR3282983,11/06/2026,31/08/2026,34,27/07/2026,901387,,c90766ec-4ae1-478c-a036-d69d61b4797f,NIKE,134312,,
DASS SEST713956586978110CM1581641315815480NBR328290620260611-1,OK,DASS SEST,7,139565,1299257,86978,ATAC. MR130027 6MM RECICLADO COR 4085/PET [17dd8526-4b4c-46f1-820d-5c522672b9fa],110CM,15816413,144,15815480NBR3282906,11/06/2026,31/08/2026,34,27/07/2026,901388,,17dd8526-4b4c-46f1-820d-5c522672b9fa,NIKE,134312,,
DASS SEST713956586978110CM1581641315815482NBR328290620260611-1,OK,DASS SEST,7,139565,1299257,86978,ATAC. MR130027 6MM RECICLADO COR 4085/PET [fd89b6de-314f-41f1-a7c7-5a58407ab158],110CM,15816413,161,15815482NBR3282906,11/06/2026,31/08/2026,34,27/07/2026,901389,,fd89b6de-314f-41f1-a7c7-5a58407ab158,NIKE,134312,,
DASS SEST713956586978110CM1581641315815483NBR328298320260611-1,OK,DASS SEST,7,139565,1299257,86978,ATAC. MR130027 6MM RECICLADO COR 4085/PET [8dc71b94-5eb4-4c99-8355-19836046a0d6],110CM,15816413,144,15815483NBR3282983,11/06/2026,31/08/2026,34,27/07/2026,901390,,8dc71b94-5eb4-4c99-8355-19836046a0d6,NIKE,134312,,
DASS SEST713956586978110CM1581641315815484NBR328298320260611-1,OK,DASS SEST,7,139565,1299257,86978,ATAC. MR130027 6MM RECICLADO COR 4085/PET [6bfe991e-ad05-4045-931c-fd698b6b6a1d],110CM,15816413,173,15815484NBR3282983,11/06/2026,31/08/2026,34,27/07/2026,901391,,6bfe991e-ad05-4045-931c-fd698b6b6a1d,NIKE,134312,,
DASS SEST713956588695100CM1581641315815493NBR328289220260611-1,OK,DASS SEST,7,139565,1301800,88695,ATAC. MR130027 6MM RECICLADO COR 4662/PET [72fb4a7e-759f-4993-82e6-91a0191e8f22],100CM,15816413,156,15815493NBR3282892,11/06/2026,31/08/2026,34,27/07/2026,901392,,72fb4a7e-759f-4993-82e6-91a0191e8f22,NIKE,134312,,
DASS SEST713956588695100CM1581641315815494NBR328289220260611-1,OK,DASS SEST,7,139565,1301800,88695,ATAC. MR130027 6MM RECICLADO COR 4662/PET [894ab101-8538-4db8-980a-bcedb256e577],100CM,15816413,167,15815494NBR3282892,11/06/2026,31/08/2026,34,27/07/2026,901393,,894ab101-8538-4db8-980a-bcedb256e577,NIKE,134312,,
DASS SEST713956588695105CM1581641315815493NBR328289220260611-1,OK,DASS SEST,7,139565,1301800,88695,ATAC. MR130027 6MM RECICLADO COR 4662/PET [ea887fee-cad5-458f-ae93-aef5d49c83ae],105CM,15816413,487,15815493NBR3282892,11/06/2026,31/08/2026,34,27/07/2026,901394,,ea887fee-cad5-458f-ae93-aef5d49c83ae,NIKE,134312,,
DASS SEST713956588695105CM1581641315815494NBR328289220260611-1,OK,DASS SEST,7,139565,1301800,88695,ATAC. MR130027 6MM RECICLADO COR 4662/PET [e27b357e-285b-4ffe-af3b-973dbf1d9f4e],105CM,15816413,490,15815494NBR3282892,11/06/2026,31/08/2026,34,27/07/2026,901395,,e27b357e-285b-4ffe-af3b-973dbf1d9f4e,NIKE,134312,,
DASS SEST713956588695110CM1581641315815493NBR328289220260611-1,OK,DASS SEST,7,139565,1301800,88695,ATAC. MR130027 6MM RECICLADO COR 4662/PET [05e70a81-17cf-45ca-9e01-9306c0321173],110CM,15816413,132,15815493NBR3282892,11/06/2026,31/08/2026,34,27/07/2026,901396,,05e70a81-17cf-45ca-9e01-9306c0321173,NIKE,134312,,
DASS SEST713956588695110CM1581641315815494NBR328289220260611-1,OK,DASS SEST,7,139565,1301800,88695,ATAC. MR130027 6MM RECICLADO COR 4662/PET [2f4d8e4f-670a-42ff-9cf0-122b16e6a4ea],110CM,15816413,154,15815494NBR3282892,11/06/2026,31/08/2026,34,27/07/2026,901397,,2f4d8e4f-670a-42ff-9cf0-122b16e6a4ea,NIKE,134312,,
DASS SEST71396277400710MM1581716320260612-1,OK,DASS SEST,7,139627,1200469,74007,FITA M32164 C/ GOMA POLIESTER COR 4085 [96524c5f-33a9-433b-9d2e-30a37f3b6253],10MM,15817163,370,0,12/06/2026,31/08/2026,34,27/07/2026,901398,,96524c5f-33a9-433b-9d2e-30a37f3b6253,NIKE,134337,,
DASS SEST71396278373910MM1581716320260612-1,OK,DASS SEST,7,139627,1247438,83739,FITA M32164 C/ GOMA POLIESTER COR 4662 [d6c44b0c-0c49-47fc-bd14-761e05f37fd8],10MM,15817163,110,0,12/06/2026,31/08/2026,34,27/07/2026,901399,,d6c44b0c-0c49-47fc-bd14-761e05f37fd8,NIKE,134337,,
DASS SEST713965384943100CM1581990915818129NBR328289920260612-1,OK,DASS SEST,7,139653,1241008,84943,ATAC. MR140014 6MM RECICLADO COR 4021/PET [7c480820-81e5-4a8a-84e9-2825cfe38dfa],100CM,15819909,590,15818129NBR3282899,12/06/2026,31/08/2026,34,27/07/2026,901400,,7c480820-81e5-4a8a-84e9-2825cfe38dfa,NIKE,134363,,
DASS SEST713965384943100CM1581990915818130NBR328289920260612-1,OK,DASS SEST,7,139653,1241008,84943,ATAC. MR140014 6MM RECICLADO COR 4021/PET [fc5726e6-7013-4765-baa6-8a70975c34f5],100CM,15819909,649,15818130NBR3282899,12/06/2026,31/08/2026,34,27/07/2026,901401,,fc5726e6-7013-4765-baa6-8a70975c34f5,NIKE,134363,,
DASS SEST713965384943105CM1581990915818129NBR328289920260612-1,OK,DASS SEST,7,139653,1241008,84943,ATAC. MR140014 6MM RECICLADO COR 4021/PET [a7249ff8-d8fe-4090-aff6-685d3c8ee7ac],105CM,15819909,319,15818129NBR3282899,12/06/2026,31/08/2026,34,27/07/2026,901402,,a7249ff8-d8fe-4090-aff6-685d3c8ee7ac,NIKE,134363,,
DASS SEST713965384943105CM1581990915818130NBR328289920260612-1,OK,DASS SEST,7,139653,1241008,84943,ATAC. MR140014 6MM RECICLADO COR 4021/PET [d7eb1051-718e-49d0-8bab-863254fa9e10],105CM,15819909,305,15818130NBR3282899,12/06/2026,31/08/2026,34,27/07/2026,901403,,d7eb1051-718e-49d0-8bab-863254fa9e10,NIKE,134363,,
DASS SEST713965388451100CM1581990915818133NBR328290120260612-1,OK,DASS SEST,7,139653,1324864,88451,ATAC. MR140014 6MM RECICLADO COR 5687/PET [a2e113f0-e3ec-4f58-8e91-143f4dcac74d],100CM,15819909,673,15818133NBR3282901,12/06/2026,31/08/2026,34,27/07/2026,901404,,a2e113f0-e3ec-4f58-8e91-143f4dcac74d,NIKE,134363,,
DASS SEST713965388451105CM1581990915818133NBR328290120260612-1,OK,DASS SEST,7,139653,1324864,88451,ATAC. MR140014 6MM RECICLADO COR 5687/PET [658ea09e-bcae-411b-8930-c75b3d1e60f1],105CM,15819909,346,15818133NBR3282901,12/06/2026,31/08/2026,34,27/07/2026,901405,,658ea09e-bcae-411b-8930-c75b3d1e60f1,NIKE,134363,,
DASS SEST71396547400710MM1582015220260612-1,OK,DASS SEST,7,139654,1200469,74007,FITA M32164 C/ GOMA POLIESTER COR 4085 [e107c87e-5008-4485-84d1-01cadff68d70],10MM,15820152,190,0,12/06/2026,31/08/2026,34,27/07/2026,901406,,e107c87e-5008-4485-84d1-01cadff68d70,NIKE,134364,,
DASS SEST71396548684010MM1582015220260612-1,OK,DASS SEST,7,139654,1259457,86840,FITA M32164 C/ GOMA POLIESTER COR 5552 [97ed4b29-3bbc-4ef4-9f2c-ec49ebe79a6e],10MM,15820152,180,0,12/06/2026,31/08/2026,34,27/07/2026,901407,,97ed4b29-3bbc-4ef4-9f2c-ec49ebe79a6e,NIKE,134364,,
DASS SEST71396557400710MM1582017220260612-1,OK,DASS SEST,7,139655,1200469,74007,FITA M32164 C/ GOMA POLIESTER COR 4085 [da07e89d-e07a-404d-b49f-a4e053b743f6],10MM,15820172,100,0,12/06/2026,31/08/2026,34,27/07/2026,901408,,da07e89d-e07a-404d-b49f-a4e053b743f6,NIKE,134365,,
DASS SEST71399348794616MM1584966220260622-1,OK,DASS SEST,7,139934,1316829,87946,FITA M31119 C/ GOMA POLIESTER COR 100/ COR 5535/ COR 102 [bdafcdc7-1403-4f78-a828-fa6277532383],16MM,15849662,840,0,22/06/2026,31/08/2026,34,27/07/2026,901409,,bdafcdc7-1403-4f78-a828-fa6277532383,FILA,134610,,
DASS SEST71399349102316MM1584966220260622-1,OK,DASS SEST,7,139934,1320254,91023,FITA M31119 C/ GOMA POLIESTER COR 114 / COR 100 / COR 100 [0ac969b9-cf45-4f77-864b-12590a45581a],16MM,15849662,90,0,22/06/2026,31/08/2026,34,27/07/2026,901410,,0ac969b9-cf45-4f77-864b-12590a45581a,FILA,134610,,
DASS SEST71399349296316MM1584966220260622-1,OK,DASS SEST,7,139934,1353470,92963,FITA M31119 C/ GOMA POLIESTER COR 102 / COR 100 / COR 100 [6107572c-5e29-4d19-80fa-1016f16059d4],16MM,15849662,330,0,22/06/2026,31/08/2026,34,27/07/2026,901411,,6107572c-5e29-4d19-80fa-1016f16059d4,FILA,134610,,
DASS SEST71399349517616MM1584966220260622-1,OK,DASS SEST,7,139934,1320199,95176,FITA M31119 C/ GOMA POLIESTER COR 053 / COR 114 / COR 114 [f3dc76fd-b245-4987-88e6-58fe802899bb],16MM,15849662,1050,0,22/06/2026,31/08/2026,34,27/07/2026,901412,,f3dc76fd-b245-4987-88e6-58fe802899bb,FILA,134610,,
DASS SEST71399349530116MM1584966220260622-1,OK,DASS SEST,7,139934,1416908,95301,FITA M31119 C/ GOMA POLIESTER COR 6038 / COR 5508 / COR 5508 [30bd4848-d657-441d-944a-ae33d73e724f],16MM,15849662,340,0,22/06/2026,31/08/2026,34,27/07/2026,901413,,30bd4848-d657-441d-944a-ae33d73e724f,FILA,134610,,
DASS SEST714009588668110CM1585578915851098NBR328298520260625-1,OK,DASS SEST,7,140095,1304277,88668,ATAC. MR110022 7MM RECICLADO COR 4085/PET / COR 496/PET [931453d2-3202-4f99-8fdf-28d5d285b531],110CM,15855789,819,15851098NBR3282985,25/06/2026,31/08/2026,34,27/07/2026,901414,,931453d2-3202-4f99-8fdf-28d5d285b531,NIKE,134784,,
DASS SEST714009588668110CM1585578915851100NBR328298520260625-1,OK,DASS SEST,7,140095,1304277,88668,ATAC. MR110022 7MM RECICLADO COR 4085/PET / COR 496/PET [aca351f6-a28c-4e1f-b019-8609813ceae6],110CM,15855789,756,15851100NBR3282985,25/06/2026,31/08/2026,34,27/07/2026,901415,,aca351f6-a28c-4e1f-b019-8609813ceae6,NIKE,134784,,
DASS SEST714009588668110CM1585578915851101NBR328298520260625-1,OK,DASS SEST,7,140095,1304277,88668,ATAC. MR110022 7MM RECICLADO COR 4085/PET / COR 496/PET [e83d161e-e690-4f2e-9d2e-ed1e141a3cff],110CM,15855789,828,15851101NBR3282985,25/06/2026,31/08/2026,34,27/07/2026,901416,,e83d161e-e690-4f2e-9d2e-ed1e141a3cff,NIKE,134784,,
DASS SEST714009588668110CM1585578915851088NBR328302320260625-1,OK,DASS SEST,7,140095,1304277,88668,ATAC. MR110022 7MM RECICLADO COR 4085/PET / COR 496/PET [6501e13e-431d-425c-aa79-77593209a9dc],110CM,15855789,252,15851088NBR3283023,25/06/2026,31/08/2026,34,27/07/2026,901417,,6501e13e-431d-425c-aa79-77593209a9dc,NIKE,134784,,
DASS SEST714009588668110CM1585578915854332NEX000008020260625-1,OK,DASS SEST,7,140095,1304277,88668,ATAC. MR110022 7MM RECICLADO COR 4085/PET / COR 496/PET [1d327269-0291-4e68-b99f-c9fd4da0e697],110CM,15855789,252,15854332NEX0000080,25/06/2026,31/08/2026,34,27/07/2026,901418,,1d327269-0291-4e68-b99f-c9fd4da0e697,NIKE,134784,,
DASS SEST714009588668110CM1585578915854333NEX000008020260625-1,OK,DASS SEST,7,140095,1304277,88668,ATAC. MR110022 7MM RECICLADO COR 4085/PET / COR 496/PET [9bbfbd03-8ee9-4ac2-a8bf-03d1bb8596ee],110CM,15855789,252,15854333NEX0000080,25/06/2026,31/08/2026,34,27/07/2026,901419,,9bbfbd03-8ee9-4ac2-a8bf-03d1bb8596ee,NIKE,134784,,
DASS SEST714009588668110CM1585578915854334NEX000008020260625-1,OK,DASS SEST,7,140095,1304277,88668,ATAC. MR110022 7MM RECICLADO COR 4085/PET / COR 496/PET [91c77d00-bff0-4839-a874-79d664682057],110CM,15855789,216,15854334NEX0000080,25/06/2026,31/08/2026,34,27/07/2026,901420,,91c77d00-bff0-4839-a874-79d664682057,NIKE,134784,,
DASS SEST714009588668110CM1585578915854335NEX000008020260625-1,OK,DASS SEST,7,140095,1304277,88668,ATAC. MR110022 7MM RECICLADO COR 4085/PET / COR 496/PET [1fba6b76-2569-426b-b4c5-2a1bff8eac80],110CM,15855789,246,15854335NEX0000080,25/06/2026,31/08/2026,34,27/07/2026,901421,,1fba6b76-2569-426b-b4c5-2a1bff8eac80,NIKE,134784,,
DASS SEST714009588668110CM1585578915854323NEX000008120260625-1,OK,DASS SEST,7,140095,1304277,88668,ATAC. MR110022 7MM RECICLADO COR 4085/PET / COR 496/PET [59241815-3e3f-4c6a-8c3d-10f81d364551],110CM,15855789,312,15854323NEX0000081,25/06/2026,31/08/2026,34,27/07/2026,901422,,59241815-3e3f-4c6a-8c3d-10f81d364551,NIKE,134784,,
DASS SEST714009588668110CM1585578915854324NEX000008120260625-1,OK,DASS SEST,7,140095,1304277,88668,ATAC. MR110022 7MM RECICLADO COR 4085/PET / COR 496/PET [539d6997-eb6f-4616-94ff-44ae4e11f8bf],110CM,15855789,312,15854324NEX0000081,25/06/2026,31/08/2026,34,27/07/2026,901423,,539d6997-eb6f-4616-94ff-44ae4e11f8bf,NIKE,134784,,
DASS SEST714009588668110CM1585578915854325NEX000008120260625-1,OK,DASS SEST,7,140095,1304277,88668,ATAC. MR110022 7MM RECICLADO COR 4085/PET / COR 496/PET [c19dbe4b-daa5-4bf5-9f01-cb0487c64e15],110CM,15855789,288,15854325NEX0000081,25/06/2026,31/08/2026,34,27/07/2026,901424,,c19dbe4b-daa5-4bf5-9f01-cb0487c64e15,NIKE,134784,,
DASS SEST714009588668110CM1585578915854326NEX000008120260625-1,OK,DASS SEST,7,140095,1304277,88668,ATAC. MR110022 7MM RECICLADO COR 4085/PET / COR 496/PET [389f0eac-e8a8-4c0d-923f-d4d4ff64c598],110CM,15855789,318,15854326NEX0000081,25/06/2026,31/08/2026,34,27/07/2026,901425,,389f0eac-e8a8-4c0d-923f-d4d4ff64c598,NIKE,134784,,
DASS SEST714009588668115CM1585578915851098NBR328298520260625-1,OK,DASS SEST,7,140095,1304277,88668,ATAC. MR110022 7MM RECICLADO COR 4085/PET / COR 496/PET [4bb11f61-cd17-43ba-ac00-a5315671db30],115CM,15855789,66,15851098NBR3282985,25/06/2026,31/08/2026,34,27/07/2026,901426,,4bb11f61-cd17-43ba-ac00-a5315671db30,NIKE,134784,,
DASS SEST714009588668115CM1585578915851100NBR328298520260625-1,OK,DASS SEST,7,140095,1304277,88668,ATAC. MR110022 7MM RECICLADO COR 4085/PET / COR 496/PET [810b1db0-4d98-4a33-a280-23da87b383dc],115CM,15855789,48,15851100NBR3282985,25/06/2026,31/08/2026,34,27/07/2026,901427,,810b1db0-4d98-4a33-a280-23da87b383dc,NIKE,134784,,
DASS SEST714009588668115CM1585578915851101NBR328298520260625-1,OK,DASS SEST,7,140095,1304277,88668,ATAC. MR110022 7MM RECICLADO COR 4085/PET / COR 496/PET [60e0a41a-6340-4e00-ba11-370ccf7c2ed6],115CM,15855789,48,15851101NBR3282985,25/06/2026,31/08/2026,34,27/07/2026,901428,,60e0a41a-6340-4e00-ba11-370ccf7c2ed6,NIKE,134784,,
DASS SEST714009588668115CM1585578915851088NBR328302320260625-1,OK,DASS SEST,7,140095,1304277,88668,ATAC. MR110022 7MM RECICLADO COR 4085/PET / COR 496/PET [aca88fa2-f5f0-4853-8fcf-50630a1c0e48],115CM,15855789,656,15851088NBR3283023,25/06/2026,31/08/2026,34,27/07/2026,901429,,aca88fa2-f5f0-4853-8fcf-50630a1c0e48,NIKE,134784,,
DASS SEST714009588668115CM1585578915854332NEX000008020260625-1,OK,DASS SEST,7,140095,1304277,88668,ATAC. MR110022 7MM RECICLADO COR 4085/PET / COR 496/PET [f253bf1f-4ac6-4eff-bec5-323f2e1ea972],115CM,15855789,683,15854332NEX0000080,25/06/2026,31/08/2026,34,27/07/2026,901430,,f253bf1f-4ac6-4eff-bec5-323f2e1ea972,NIKE,134784,,
DASS SEST714009588668115CM1585578915854333NEX000008020260625-1,OK,DASS SEST,7,140095,1304277,88668,ATAC. MR110022 7MM RECICLADO COR 4085/PET / COR 496/PET [2f5d62be-6c90-484a-b983-1102f1f66aac],115CM,15855789,672,15854333NEX0000080,25/06/2026,31/08/2026,34,27/07/2026,901431,,2f5d62be-6c90-484a-b983-1102f1f66aac,NIKE,134784,,
DASS SEST714009588668115CM1585578915854334NEX000008020260625-1,OK,DASS SEST,7,140095,1304277,88668,ATAC. MR110022 7MM RECICLADO COR 4085/PET / COR 496/PET [aa9d66ed-cec2-48f0-9a16-44f4d89181c9],115CM,15855789,660,15854334NEX0000080,25/06/2026,31/08/2026,34,27/07/2026,901432,,aa9d66ed-cec2-48f0-9a16-44f4d89181c9,NIKE,134784,,
DASS SEST714009588668115CM1585578915854335NEX000008020260625-1,OK,DASS SEST,7,140095,1304277,88668,ATAC. MR110022 7MM RECICLADO COR 4085/PET / COR 496/PET [c328faac-64be-4789-a0a2-5d89a7f03ff6],115CM,15855789,690,15854335NEX0000080,25/06/2026,31/08/2026,34,27/07/2026,901433,,c328faac-64be-4789-a0a2-5d89a7f03ff6,NIKE,134784,,
DASS SEST714009588668115CM1585578915854323NEX000008120260625-1,OK,DASS SEST,7,140095,1304277,88668,ATAC. MR110022 7MM RECICLADO COR 4085/PET / COR 496/PET [926c1514-e501-49e7-9315-27acd5afc217],115CM,15855789,1140,15854323NEX0000081,25/06/2026,31/08/2026,34,27/07/2026,901434,,926c1514-e501-49e7-9315-27acd5afc217,NIKE,134784,,
DASS SEST714009588668115CM1585578915854324NEX000008120260625-1,OK,DASS SEST,7,140095,1304277,88668,ATAC. MR110022 7MM RECICLADO COR 4085/PET / COR 496/PET [351961d6-be27-4268-984b-93afa68098b9],115CM,15855789,876,15854324NEX0000081,25/06/2026,31/08/2026,34,27/07/2026,901435,,351961d6-be27-4268-984b-93afa68098b9,NIKE,134784,,
DASS SEST714009588668115CM1585578915854325NEX000008120260625-1,OK,DASS SEST,7,140095,1304277,88668,ATAC. MR110022 7MM RECICLADO COR 4085/PET / COR 496/PET [6e5aec61-950e-4fe3-aefe-5fffa26c02bf],115CM,15855789,876,15854325NEX0000081,25/06/2026,31/08/2026,34,27/07/2026,901436,,6e5aec61-950e-4fe3-aefe-5fffa26c02bf,NIKE,134784,,
DASS SEST714009588668115CM1585578915854326NEX000008120260625-1,OK,DASS SEST,7,140095,1304277,88668,ATAC. MR110022 7MM RECICLADO COR 4085/PET / COR 496/PET [95670876-40f0-4f92-9ba2-f3b903307344],115CM,15855789,642,15854326NEX0000081,25/06/2026,31/08/2026,34,27/07/2026,901437,,95670876-40f0-4f92-9ba2-f3b903307344,NIKE,134784,,
DASS SEST714009588668120CM1585578915851088NBR328302320260625-1,OK,DASS SEST,7,140095,1304277,88668,ATAC. MR110022 7MM RECICLADO COR 4085/PET / COR 496/PET [e846044e-28a7-4e5d-bae8-eca3c18999d5],120CM,15855789,210,15851088NBR3283023,25/06/2026,31/08/2026,34,27/07/2026,901438,,e846044e-28a7-4e5d-bae8-eca3c18999d5,NIKE,134784,,
DASS SEST714009588668120CM1585578915854332NEX000008020260625-1,OK,DASS SEST,7,140095,1304277,88668,ATAC. MR110022 7MM RECICLADO COR 4085/PET / COR 496/PET [921b75bc-d2e4-41cf-971d-10483adc3b9d],120CM,15855789,204,15854332NEX0000080,25/06/2026,31/08/2026,34,27/07/2026,901439,,921b75bc-d2e4-41cf-971d-10483adc3b9d,NIKE,134784,,
DASS SEST714009588668120CM1585578915854333NEX000008020260625-1,OK,DASS SEST,7,140095,1304277,88668,ATAC. MR110022 7MM RECICLADO COR 4085/PET / COR 496/PET [3161832a-8e26-432d-ad9f-e3721eae64fc],120CM,15855789,204,15854333NEX0000080,25/06/2026,31/08/2026,34,27/07/2026,901440,,3161832a-8e26-432d-ad9f-e3721eae64fc,NIKE,134784,,
DASS SEST714009588668120CM1585578915854334NEX000008020260625-1,OK,DASS SEST,7,140095,1304277,88668,ATAC. MR110022 7MM RECICLADO COR 4085/PET / COR 496/PET [6e9daf60-e97a-4897-aaa7-2f9fb3d580b8],120CM,15855789,204,15854334NEX0000080,25/06/2026,31/08/2026,34,27/07/2026,901441,,6e9daf60-e97a-4897-aaa7-2f9fb3d580b8,NIKE,134784,,
DASS SEST714009588668120CM1585578915854335NEX000008020260625-1,OK,DASS SEST,7,140095,1304277,88668,ATAC. MR110022 7MM RECICLADO COR 4085/PET / COR 496/PET [5c6ac6fe-f04d-4acb-b177-9eb7e3b91770],120CM,15855789,222,15854335NEX0000080,25/06/2026,31/08/2026,34,27/07/2026,901442,,5c6ac6fe-f04d-4acb-b177-9eb7e3b91770,NIKE,134784,,
DASS SEST714009588668120CM1585578915854323NEX000008120260625-1,OK,DASS SEST,7,140095,1304277,88668,ATAC. MR110022 7MM RECICLADO COR 4085/PET / COR 496/PET [b421c3b9-65f8-436f-b4ff-dada0d58ca88],120CM,15855789,252,15854323NEX0000081,25/06/2026,31/08/2026,34,27/07/2026,901443,,b421c3b9-65f8-436f-b4ff-dada0d58ca88,NIKE,134784,,
DASS SEST714009588668120CM1585578915854324NEX000008120260625-1,OK,DASS SEST,7,140095,1304277,88668,ATAC. MR110022 7MM RECICLADO COR 4085/PET / COR 496/PET [02515e87-62d9-493a-8ef0-3564d457f00f],120CM,15855789,252,15854324NEX0000081,25/06/2026,31/08/2026,34,27/07/2026,901444,,02515e87-62d9-493a-8ef0-3564d457f00f,NIKE,134784,,
DASS SEST714009588668120CM1585578915854325NEX000008120260625-1,OK,DASS SEST,7,140095,1304277,88668,ATAC. MR110022 7MM RECICLADO COR 4085/PET / COR 496/PET [ac748867-77b1-4065-926b-bf82a9808bae],120CM,15855789,240,15854325NEX0000081,25/06/2026,31/08/2026,34,27/07/2026,901445,,ac748867-77b1-4065-926b-bf82a9808bae,NIKE,134784,,
DASS SEST714009588668120CM1585578915854326NEX000008120260625-1,OK,DASS SEST,7,140095,1304277,88668,ATAC. MR110022 7MM RECICLADO COR 4085/PET / COR 496/PET [db46d7d5-9221-4b25-866a-71868da0048c],120CM,15855789,270,15854326NEX0000081,25/06/2026,31/08/2026,34,27/07/2026,901446,,db46d7d5-9221-4b25-866a-71868da0048c,NIKE,134784,,
DASS SEST714009595026110CM1585578915854352NEX000008220260625-1,OK,DASS SEST,7,140095,1413117,95026,ATAC. MR110022 7MM RECICLADO COR 6146/PET / COR 492/PET [7f9a0433-a7f3-44f9-865a-b8876b1010e0],110CM,15855789,192,15854352NEX0000082,25/06/2026,31/08/2026,34,27/07/2026,901447,,7f9a0433-a7f3-44f9-865a-b8876b1010e0,NIKE,134784,,
DASS SEST714009595026110CM1585578915854353NEX000008220260625-1,OK,DASS SEST,7,140095,1413117,95026,ATAC. MR110022 7MM RECICLADO COR 6146/PET / COR 492/PET [be471515-1721-40d6-ab81-bd177ea507d3],110CM,15855789,228,15854353NEX0000082,25/06/2026,31/08/2026,34,27/07/2026,901448,,be471515-1721-40d6-ab81-bd177ea507d3,NIKE,134784,,
DASS SEST714009595026115CM1585578915854352NEX000008220260625-1,OK,DASS SEST,7,140095,1413117,95026,ATAC. MR110022 7MM RECICLADO COR 6146/PET / COR 492/PET [7d94498e-5358-4923-adac-310685741334],115CM,15855789,717,15854352NEX0000082,25/06/2026,31/08/2026,34,27/07/2026,901449,,7d94498e-5358-4923-adac-310685741334,NIKE,134784,,
DASS SEST714009595026115CM1585578915854353NEX000008220260625-1,OK,DASS SEST,7,140095,1413117,95026,ATAC. MR110022 7MM RECICLADO COR 6146/PET / COR 492/PET [25f12277-d2d3-4128-8664-d09865d5c2e8],115CM,15855789,744,15854353NEX0000082,25/06/2026,31/08/2026,34,27/07/2026,901450,,25f12277-d2d3-4128-8664-d09865d5c2e8,NIKE,134784,,
DASS SEST714009595026120CM1585578915854352NEX000008220260625-1,OK,DASS SEST,7,140095,1413117,95026,ATAC. MR110022 7MM RECICLADO COR 6146/PET / COR 492/PET [e98e4706-952c-4b86-846e-2e42c7b54abf],120CM,15855789,228,15854352NEX0000082,25/06/2026,31/08/2026,34,27/07/2026,901451,,e98e4706-952c-4b86-846e-2e42c7b54abf,NIKE,134784,,
DASS SEST714009595026120CM1585578915854353NEX000008220260625-1,OK,DASS SEST,7,140095,1413117,95026,ATAC. MR110022 7MM RECICLADO COR 6146/PET / COR 492/PET [362b6214-631c-4974-8005-544b86147819],120CM,15855789,240,15854353NEX0000082,25/06/2026,31/08/2026,34,27/07/2026,901452,,362b6214-631c-4974-8005-544b86147819,NIKE,134784,,
DASS SEST71400968262418MM1585644420260625-1,OK,DASS SEST,7,140096,1220520,82624,FITA MR100037 C/ GOMA RECICLADO COR 100/PET [6abec0a6-d83e-4d51-a03a-36580a116c5f],18MM,15856444,700,0,25/06/2026,31/08/2026,34,27/07/2026,901453,,6abec0a6-d83e-4d51-a03a-36580a116c5f,NIKE,134785,,
DASS SEST714018982628100CM1587266715865456NBR328299720260626-1,OK,DASS SEST,7,140189,1188919,82628,ATAC. MR140014 6MM RECICLADO COR 4085/PET [465d8385-8899-49ce-bdfd-74783b8cb906],100CM,15872667,168,15865456NBR3282997,26/06/2026,31/08/2026,34,27/07/2026,901454,,465d8385-8899-49ce-bdfd-74783b8cb906,NIKE,134939,,
DASS SEST714018982628100CM1587266715865457NBR328299720260626-1,OK,DASS SEST,7,140189,1188919,82628,ATAC. MR140014 6MM RECICLADO COR 4085/PET [67a58c0f-db44-411f-a8fe-ec8f906a3957],100CM,15872667,204,15865457NBR3282997,26/06/2026,31/08/2026,34,27/07/2026,901455,,67a58c0f-db44-411f-a8fe-ec8f906a3957,NIKE,134939,,
DASS SEST714018982628100CM1587266715865491NBR328300020260626-1,OK,DASS SEST,7,140189,1188919,82628,ATAC. MR140014 6MM RECICLADO COR 4085/PET [f3065e25-b923-457c-b74b-79649abb4ef8],100CM,15872667,210,15865491NBR3283000,26/06/2026,31/08/2026,34,27/07/2026,901456,,f3065e25-b923-457c-b74b-79649abb4ef8,NIKE,134939,,
DASS SEST714018982628105CM1587266715865451NBR328299020260626-1,OK,DASS SEST,7,140189,1188919,82628,ATAC. MR140014 6MM RECICLADO COR 4085/PET [71810272-9efc-4b4c-9166-29ae4db3fc2a],105CM,15872667,252,15865451NBR3282990,26/06/2026,31/08/2026,34,27/07/2026,901457,,71810272-9efc-4b4c-9166-29ae4db3fc2a,NIKE,134939,,
DASS SEST714018982628105CM1587266715865452NBR328299020260626-1,OK,DASS SEST,7,140189,1188919,82628,ATAC. MR140014 6MM RECICLADO COR 4085/PET [1b6a54c2-ce3e-4539-a61d-b8829484ad8b],105CM,15872667,246,15865452NBR3282990,26/06/2026,31/08/2026,34,27/07/2026,901458,,1b6a54c2-ce3e-4539-a61d-b8829484ad8b,NIKE,134939,,
DASS SEST714018982628105CM1587266715865456NBR328299720260626-1,OK,DASS SEST,7,140189,1188919,82628,ATAC. MR140014 6MM RECICLADO COR 4085/PET [39923444-a1f1-4c5a-bff4-394355db719c],105CM,15872667,578,15865456NBR3282997,26/06/2026,31/08/2026,34,27/07/2026,901459,,39923444-a1f1-4c5a-bff4-394355db719c,NIKE,134939,,
DASS SEST714018982628105CM1587266715865457NBR328299720260626-1,OK,DASS SEST,7,140189,1188919,82628,ATAC. MR140014 6MM RECICLADO COR 4085/PET [9a093ad7-d95d-4df1-ac68-fc6769c71c38],105CM,15872667,612,15865457NBR3282997,26/06/2026,31/08/2026,34,27/07/2026,901460,,9a093ad7-d95d-4df1-ac68-fc6769c71c38,NIKE,134939,,
DASS SEST714018982628105CM1587266715865491NBR328300020260626-1,OK,DASS SEST,7,140189,1188919,82628,ATAC. MR140014 6MM RECICLADO COR 4085/PET [cda7dc98-8703-433f-8e0c-ed3e4ca2489b],105CM,15872667,764,15865491NBR3283000,26/06/2026,31/08/2026,34,27/07/2026,901461,,cda7dc98-8703-433f-8e0c-ed3e4ca2489b,NIKE,134939,,
DASS SEST714018982628110CM1587266715865451NBR328299020260626-1,OK,DASS SEST,7,140189,1188919,82628,ATAC. MR140014 6MM RECICLADO COR 4085/PET [bd33919e-1d39-4d9f-884b-8a554b516b28],110CM,15872667,705,15865451NBR3282990,26/06/2026,31/08/2026,34,27/07/2026,901462,,bd33919e-1d39-4d9f-884b-8a554b516b28,NIKE,134939,,
DASS SEST714018982628110CM1587266715865452NBR328299020260626-1,OK,DASS SEST,7,140189,1188919,82628,ATAC. MR140014 6MM RECICLADO COR 4085/PET [819f47fd-e6e4-4456-9d78-a95565617480],110CM,15872667,714,15865452NBR3282990,26/06/2026,31/08/2026,34,27/07/2026,901463,,819f47fd-e6e4-4456-9d78-a95565617480,NIKE,134939,,
DASS SEST714018982628110CM1587266715865456NBR328299720260626-1,OK,DASS SEST,7,140189,1188919,82628,ATAC. MR140014 6MM RECICLADO COR 4085/PET [7ec0568a-c03b-4633-942a-03dbd08b49e0],110CM,15872667,18,15865456NBR3282997,26/06/2026,31/08/2026,34,27/07/2026,901464,,7ec0568a-c03b-4633-942a-03dbd08b49e0,NIKE,134939,,
DASS SEST714018982628110CM1587266715865457NBR328299720260626-1,OK,DASS SEST,7,140189,1188919,82628,ATAC. MR140014 6MM RECICLADO COR 4085/PET [83abcfeb-b4b2-4d8f-b92e-4662e2cf5cf1],110CM,15872667,24,15865457NBR3282997,26/06/2026,31/08/2026,34,27/07/2026,901465,,83abcfeb-b4b2-4d8f-b92e-4662e2cf5cf1,NIKE,134939,,
DASS SEST714018982628110CM1587266715865491NBR328300020260626-1,OK,DASS SEST,7,140189,1188919,82628,ATAC. MR140014 6MM RECICLADO COR 4085/PET [52e78f50-21b9-4d5a-a4e6-6cf039c0eb05],110CM,15872667,30,15865491NBR3283000,26/06/2026,31/08/2026,34,27/07/2026,901466,,52e78f50-21b9-4d5a-a4e6-6cf039c0eb05,NIKE,134939,,
DASS SEST714018982628115CM1587266715865451NBR328299020260626-1,OK,DASS SEST,7,140189,1188919,82628,ATAC. MR140014 6MM RECICLADO COR 4085/PET [33c16b82-100d-4202-8dbb-f8e318968836],115CM,15872667,144,15865451NBR3282990,26/06/2026,31/08/2026,34,27/07/2026,901467,,33c16b82-100d-4202-8dbb-f8e318968836,NIKE,134939,,
DASS SEST714018982628115CM1587266715865452NBR328299020260626-1,OK,DASS SEST,7,140189,1188919,82628,ATAC. MR140014 6MM RECICLADO COR 4085/PET [d428c0b2-edc5-4d27-a5f8-eb7776028b39],115CM,15872667,174,15865452NBR3282990,26/06/2026,31/08/2026,34,27/07/2026,901468,,d428c0b2-edc5-4d27-a5f8-eb7776028b39,NIKE,134939,,
DASS SEST714018985472100CM1587266715865500NBR328300420260626-1,OK,DASS SEST,7,140189,1269460,85472,ATAC. MR140014 6MM RECICLADO COR 5481/PET [f503afac-25d6-4abe-837b-c252dab47686],100CM,15872667,228,15865500NBR3283004,26/06/2026,31/08/2026,34,27/07/2026,901469,,f503afac-25d6-4abe-837b-c252dab47686,NIKE,134939,,
DASS SEST714018985472100CM1587266715865501NBR328300420260626-1,OK,DASS SEST,7,140189,1269460,85472,ATAC. MR140014 6MM RECICLADO COR 5481/PET [edb84fe1-b96b-40ed-b337-1ebb0936e1a6],100CM,15872667,252,15865501NBR3283004,26/06/2026,31/08/2026,34,27/07/2026,901470,,edb84fe1-b96b-40ed-b337-1ebb0936e1a6,NIKE,134939,,
DASS SEST714018985472100CM1587266715865502NBR328300620260626-1,OK,DASS SEST,7,140189,1269460,85472,ATAC. MR140014 6MM RECICLADO COR 5481/PET [24e16f21-b898-4031-be95-ae8dc70d31ef],100CM,15872667,228,15865502NBR3283006,26/06/2026,31/08/2026,34,27/07/2026,901471,,24e16f21-b898-4031-be95-ae8dc70d31ef,NIKE,134939,,
DASS SEST714018985472100CM1587266715865503NBR328300620260626-1,OK,DASS SEST,7,140189,1269460,85472,ATAC. MR140014 6MM RECICLADO COR 5481/PET [31ecd33f-083b-425a-a6e5-a65e3d43637c],100CM,15872667,252,15865503NBR3283006,26/06/2026,31/08/2026,34,27/07/2026,901472,,31ecd33f-083b-425a-a6e5-a65e3d43637c,NIKE,134939,,
DASS SEST714018985472105CM1587266715865500NBR328300420260626-1,OK,DASS SEST,7,140189,1269460,85472,ATAC. MR140014 6MM RECICLADO COR 5481/PET [50161bcd-dc83-42b1-9294-bc75cc4a44e7],105CM,15872667,795,15865500NBR3283004,26/06/2026,31/08/2026,34,27/07/2026,901473,,50161bcd-dc83-42b1-9294-bc75cc4a44e7,NIKE,134939,,
DASS SEST714018985472105CM1587266715865501NBR328300420260626-1,OK,DASS SEST,7,140189,1269460,85472,ATAC. MR140014 6MM RECICLADO COR 5481/PET [4e5f60e2-be80-4e0b-837c-bc70e8633b8c],105CM,15872667,816,15865501NBR3283004,26/06/2026,31/08/2026,34,27/07/2026,901474,,4e5f60e2-be80-4e0b-837c-bc70e8633b8c,NIKE,134939,,
DASS SEST714018985472105CM1587266715865502NBR328300620260626-1,OK,DASS SEST,7,140189,1269460,85472,ATAC. MR140014 6MM RECICLADO COR 5481/PET [92ad982b-4c40-487d-a84c-ac1302a55bc5],105CM,15872667,795,15865502NBR3283006,26/06/2026,31/08/2026,34,27/07/2026,901475,,92ad982b-4c40-487d-a84c-ac1302a55bc5,NIKE,134939,,
DASS SEST714018985472105CM1587266715865503NBR328300620260626-1,OK,DASS SEST,7,140189,1269460,85472,ATAC. MR140014 6MM RECICLADO COR 5481/PET [c025a6ec-d258-462a-89e6-bf15f84cbcf9],105CM,15872667,804,15865503NBR3283006,26/06/2026,31/08/2026,34,27/07/2026,901476,,c025a6ec-d258-462a-89e6-bf15f84cbcf9,NIKE,134939,,
DASS SEST714018985472110CM1587266715865500NBR328300420260626-1,OK,DASS SEST,7,140189,1269460,85472,ATAC. MR140014 6MM RECICLADO COR 5481/PET [abcd2675-96af-4a12-a1db-a29bf6185c3b],110CM,15872667,12,15865500NBR3283004,26/06/2026,31/08/2026,34,27/07/2026,901477,,abcd2675-96af-4a12-a1db-a29bf6185c3b,NIKE,134939,,
DASS SEST714018985472110CM1587266715865501NBR328300420260626-1,OK,DASS SEST,7,140189,1269460,85472,ATAC. MR140014 6MM RECICLADO COR 5481/PET [36d6d1df-24c5-4e6f-ab5e-541dfb9a2f96],110CM,15872667,24,15865501NBR3283004,26/06/2026,31/08/2026,34,27/07/2026,901478,,36d6d1df-24c5-4e6f-ab5e-541dfb9a2f96,NIKE,134939,,
DASS SEST714018985472110CM1587266715865502NBR328300620260626-1,OK,DASS SEST,7,140189,1269460,85472,ATAC. MR140014 6MM RECICLADO COR 5481/PET [0e505d7c-560f-4eda-8b42-538da5234837],110CM,15872667,12,15865502NBR3283006,26/06/2026,31/08/2026,34,27/07/2026,901479,,0e505d7c-560f-4eda-8b42-538da5234837,NIKE,134939,,
DASS SEST714018985472110CM1587266715865503NBR328300620260626-1,OK,DASS SEST,7,140189,1269460,85472,ATAC. MR140014 6MM RECICLADO COR 5481/PET [609b4266-e1b5-4de5-8b76-0e5c2e97a485],110CM,15872667,24,15865503NBR3283006,26/06/2026,31/08/2026,34,27/07/2026,901480,,609b4266-e1b5-4de5-8b76-0e5c2e97a485,NIKE,134939,,
DASS SEST714018995894105CM1587266715865466NBR328299220260626-1,OK,DASS SEST,7,140189,1425041,95894,ATAC. MR140014 6MM RECICLADO COR 6179/PET [833314f0-dc6b-4e0c-8318-206d9c79f30f],105CM,15872667,156,15865466NBR3282992,26/06/2026,31/08/2026,34,27/07/2026,901481,,833314f0-dc6b-4e0c-8318-206d9c79f30f,NIKE,134939,,
DASS SEST714018995894105CM1587266715865467NBR328299220260626-1,OK,DASS SEST,7,140189,1425041,95894,ATAC. MR140014 6MM RECICLADO COR 6179/PET [2266fa69-b170-40ad-afc5-c569dee67a9b],105CM,15872667,204,15865467NBR3282992,26/06/2026,31/08/2026,34,27/07/2026,901482,,2266fa69-b170-40ad-afc5-c569dee67a9b,NIKE,134939,,
DASS SEST714018995894110CM1587266715865466NBR328299220260626-1,OK,DASS SEST,7,140189,1425041,95894,ATAC. MR140014 6MM RECICLADO COR 6179/PET [7467a0f3-f7b9-43dc-88d3-dee0f85be5a3],110CM,15872667,524,15865466NBR3282992,26/06/2026,31/08/2026,34,27/07/2026,901483,,7467a0f3-f7b9-43dc-88d3-dee0f85be5a3,NIKE,134939,,
DASS SEST714018995894110CM1587266715865467NBR328299220260626-1,OK,DASS SEST,7,140189,1425041,95894,ATAC. MR140014 6MM RECICLADO COR 6179/PET [059d81b4-a1f6-49b0-a9c0-c406abdd4456],110CM,15872667,528,15865467NBR3282992,26/06/2026,31/08/2026,34,27/07/2026,901484,,059d81b4-a1f6-49b0-a9c0-c406abdd4456,NIKE,134939,,
DASS SEST714018995894115CM1587266715865466NBR328299220260626-1,OK,DASS SEST,7,140189,1425041,95894,ATAC. MR140014 6MM RECICLADO COR 6179/PET [1d6747d8-6130-4c55-a64e-a685913a3519],115CM,15872667,120,15865466NBR3282992,26/06/2026,31/08/2026,34,27/07/2026,901485,,1d6747d8-6130-4c55-a64e-a685913a3519,NIKE,134939,,
DASS SEST714018995894115CM1587266715865467NBR328299220260626-1,OK,DASS SEST,7,140189,1425041,95894,ATAC. MR140014 6MM RECICLADO COR 6179/PET [0cf0bf68-bda9-44c8-9934-8ad8fb326088],115CM,15872667,156,15865467NBR3282992,26/06/2026,31/08/2026,34,27/07/2026,901486,,0cf0bf68-bda9-44c8-9934-8ad8fb326088,NIKE,134939,,
DASS SEST714018995895105CM1587266715865468NBR328299320260626-1,OK,DASS SEST,7,140189,1425040,95895,ATAC. MR140014 6MM RECICLADO COR 6176/PET [72d7c8a0-9b3c-470b-bb3e-18e96675b575],105CM,15872667,156,15865468NBR3282993,26/06/2026,31/08/2026,34,27/07/2026,901487,,72d7c8a0-9b3c-470b-bb3e-18e96675b575,NIKE,134939,,
DASS SEST714018995895105CM1587266715865469NBR328299320260626-1,OK,DASS SEST,7,140189,1425040,95895,ATAC. MR140014 6MM RECICLADO COR 6176/PET [03622dfa-49e6-499d-8838-93cfc36fec52],105CM,15872667,150,15865469NBR3282993,26/06/2026,31/08/2026,34,27/07/2026,901488,,03622dfa-49e6-499d-8838-93cfc36fec52,NIKE,134939,,
DASS SEST714018995895105CM1587266715865470NBR328299420260626-1,OK,DASS SEST,7,140189,1425040,95895,ATAC. MR140014 6MM RECICLADO COR 6176/PET [697945dc-2a3a-48b1-8a96-669bc6d91c2e],105CM,15872667,276,15865470NBR3282994,26/06/2026,31/08/2026,34,27/07/2026,901489,,697945dc-2a3a-48b1-8a96-669bc6d91c2e,NIKE,134939,,
DASS SEST714018995895105CM1587266715865471NBR328299420260626-1,OK,DASS SEST,7,140189,1425040,95895,ATAC. MR140014 6MM RECICLADO COR 6176/PET [57bebd69-33aa-4bc3-a71b-eb730a5472e8],105CM,15872667,306,15865471NBR3282994,26/06/2026,31/08/2026,34,27/07/2026,901490,,57bebd69-33aa-4bc3-a71b-eb730a5472e8,NIKE,134939,,
DASS SEST714018995895110CM1587266715865468NBR328299320260626-1,OK,DASS SEST,7,140189,1425040,95895,ATAC. MR140014 6MM RECICLADO COR 6176/PET [d3f50ebb-59e9-41ac-ba6e-759f8949458f],110CM,15872667,536,15865468NBR3282993,26/06/2026,31/08/2026,34,27/07/2026,901491,,d3f50ebb-59e9-41ac-ba6e-759f8949458f,NIKE,134939,,
DASS SEST714018995895110CM1587266715865469NBR328299320260626-1,OK,DASS SEST,7,140189,1425040,95895,ATAC. MR140014 6MM RECICLADO COR 6176/PET [eb0c80d7-cd97-48a6-9737-926a55c56e95],110CM,15872667,552,15865469NBR3282993,26/06/2026,31/08/2026,34,27/07/2026,901492,,eb0c80d7-cd97-48a6-9737-926a55c56e95,NIKE,134939,,
DASS SEST714018995895110CM1587266715865470NBR328299420260626-1,OK,DASS SEST,7,140189,1425040,95895,ATAC. MR140014 6MM RECICLADO COR 6176/PET [dd6ddb58-2c6c-46da-80f9-55c93c3be288],110CM,15872667,741,15865470NBR3282994,26/06/2026,31/08/2026,34,27/07/2026,901493,,dd6ddb58-2c6c-46da-80f9-55c93c3be288,NIKE,134939,,
DASS SEST714018995895110CM1587266715865471NBR328299420260626-1,OK,DASS SEST,7,140189,1425040,95895,ATAC. MR140014 6MM RECICLADO COR 6176/PET [aa9c8da0-deed-4cfb-a29d-6062b4068bef],110CM,15872667,732,15865471NBR3282994,26/06/2026,31/08/2026,34,27/07/2026,901494,,aa9c8da0-deed-4cfb-a29d-6062b4068bef,NIKE,134939,,
DASS SEST714018995895115CM1587266715865468NBR328299320260626-1,OK,DASS SEST,7,140189,1425040,95895,ATAC. MR140014 6MM RECICLADO COR 6176/PET [33df5259-9fd1-433e-80ea-3e59ab4d1404],115CM,15872667,132,15865468NBR3282993,26/06/2026,31/08/2026,34,27/07/2026,901495,,33df5259-9fd1-433e-80ea-3e59ab4d1404,NIKE,134939,,
DASS SEST714018995895115CM1587266715865469NBR328299320260626-1,OK,DASS SEST,7,140189,1425040,95895,ATAC. MR140014 6MM RECICLADO COR 6176/PET [c35ba0f8-a954-4c6e-900c-a0c3b342f47b],115CM,15872667,162,15865469NBR3282993,26/06/2026,31/08/2026,34,27/07/2026,901496,,c35ba0f8-a954-4c6e-900c-a0c3b342f47b,NIKE,134939,,
DASS SEST714018995895115CM1587266715865470NBR328299420260626-1,OK,DASS SEST,7,140189,1425040,95895,ATAC. MR140014 6MM RECICLADO COR 6176/PET [0479ad98-0582-41c5-92dd-a3f353b256b0],115CM,15872667,204,15865470NBR3282994,26/06/2026,31/08/2026,34,27/07/2026,901497,,0479ad98-0582-41c5-92dd-a3f353b256b0,NIKE,134939,,
DASS SEST714018995895115CM1587266715865471NBR328299420260626-1,OK,DASS SEST,7,140189,1425040,95895,ATAC. MR140014 6MM RECICLADO COR 6176/PET [1f058fff-65ad-4a01-8a6f-0b9e0154ab9f],115CM,15872667,216,15865471NBR3282994,26/06/2026,31/08/2026,34,27/07/2026,901498,,1f058fff-65ad-4a01-8a6f-0b9e0154ab9f,NIKE,134939,,
DASS SEST714028895945100CM1587484215866732NBR328304820260630-1,OK,DASS SEST,7,140288,1454466,95945,ATAC. MR140014 6MM RECICLADO COR 6248/PET [bf31fd73-74ca-4025-9d84-29d49d17a880],100CM,15874842,204,15866732NBR3283048,30/06/2026,31/08/2026,34,27/07/2026,901499,,bf31fd73-74ca-4025-9d84-29d49d17a880,NIKE,135010,,
DASS SEST714028895945100CM1587484215866733NBR328304820260630-1,OK,DASS SEST,7,140288,1454466,95945,ATAC. MR140014 6MM RECICLADO COR 6248/PET [7f118b32-0d48-48f1-8acb-c01329ce4ce5],100CM,15874842,240,15866733NBR3283048,30/06/2026,31/08/2026,34,27/07/2026,901500,,7f118b32-0d48-48f1-8acb-c01329ce4ce5,NIKE,135010,,
DASS SEST714028895945105CM1587484215866732NBR328304820260630-1,OK,DASS SEST,7,140288,1454466,95945,ATAC. MR140014 6MM RECICLADO COR 6248/PET [357b0ace-19f7-41e5-9812-7fd2b666a82b],105CM,15874842,710,15866732NBR3283048,30/06/2026,31/08/2026,34,27/07/2026,901501,,357b0ace-19f7-41e5-9812-7fd2b666a82b,NIKE,135010,,
DASS SEST714028895945105CM1587484215866733NBR328304820260630-1,OK,DASS SEST,7,140288,1454466,95945,ATAC. MR140014 6MM RECICLADO COR 6248/PET [a0833aeb-7fad-425d-95f6-44ee67706504],105CM,15874842,744,15866733NBR3283048,30/06/2026,31/08/2026,34,27/07/2026,901502,,a0833aeb-7fad-425d-95f6-44ee67706504,NIKE,135010,,
DASS SEST714028895945110CM1587484215866732NBR328304820260630-1,OK,DASS SEST,7,140288,1454466,95945,ATAC. MR140014 6MM RECICLADO COR 6248/PET [941eed02-09dc-471d-8bcf-8bb260c314e8],110CM,15874842,18,15866732NBR3283048,30/06/2026,31/08/2026,34,27/07/2026,901503,,941eed02-09dc-471d-8bcf-8bb260c314e8,NIKE,135010,,
DASS SEST71405738794616MM1590042420260707-1,OK,DASS SEST,7,140573,1316829,87946,FITA M31119 C/ GOMA POLIESTER COR 100/ COR 5535/ COR 102 [2f32630b-8ae9-4d0c-ad4e-2bfb3b70dbdc],16MM,15900424,170,0,07/07/2026,31/08/2026,34,27/07/2026,901504,,2f32630b-8ae9-4d0c-ad4e-2bfb3b70dbdc,FILA,135281,,
DASS SEST71405738828616MM1590042420260707-1,OK,DASS SEST,7,140573,1324887,88286,FITA M31119 C/ GOMA POLIESTER COR 057/ COR 102/ COR 678 [598e5377-7dff-4b3c-9ad2-1c6883b593c7],16MM,15900424,140,0,07/07/2026,31/08/2026,34,27/07/2026,901505,,598e5377-7dff-4b3c-9ad2-1c6883b593c7,FILA,135281,,
DASS SEST71405739514516MM1590042420260707-1,OK,DASS SEST,7,140573,1401826,95145,FITA M31119 C/ GOMA POLIESTER COR 6002 / COR 5508 / COR 5508 [51317b56-c379-480d-bb8b-2ac4a0d6043a],16MM,15900424,220,0,07/07/2026,31/08/2026,34,27/07/2026,901506,,51317b56-c379-480d-bb8b-2ac4a0d6043a,FILA,135281,,
DASS SEST71405739514616MM1590042420260707-1,OK,DASS SEST,7,140573,1400623,95146,FITA M31119 C/ GOMA POLIESTER COR 447 / COR 114 / COR 114 [9b4bc2d5-8be5-4b34-9f76-079e2b83c325],16MM,15900424,430,0,07/07/2026,31/08/2026,34,27/07/2026,901507,,9b4bc2d5-8be5-4b34-9f76-079e2b83c325,FILA,135281,,
DASS SEST714057481667120CM1590048715888625ARG201996-20260707-1,OK,DASS SEST,7,140574,1159608,81667,ATAC. M15041 POLIESTER COR 100 [4d4657ff-7994-4b84-b262-8e846ea47799],120CM,15900487,768,15888625ARG201996-,07/07/2026,31/08/2026,34,27/07/2026,901508,,4d4657ff-7994-4b84-b262-8e846ea47799,FILA,135282,,
DASS SEST714057481667120CM1590048715888627ARG201996-20260707-1,OK,DASS SEST,7,140574,1159608,81667,ATAC. M15041 POLIESTER COR 100 [314d29f1-a893-41e7-8b64-2fa4c44b44ca],120CM,15900487,768,15888627ARG201996-,07/07/2026,31/08/2026,34,27/07/2026,901509,,314d29f1-a893-41e7-8b64-2fa4c44b44ca,FILA,135282,,
DASS SEST714057481667130CM1590048715888625ARG201996-20260707-1,OK,DASS SEST,7,140574,1159608,81667,ATAC. M15041 POLIESTER COR 100 [b87048b6-e72b-469d-bf5e-12d3700fc072],130CM,15900487,192,15888625ARG201996-,07/07/2026,31/08/2026,34,27/07/2026,901510,,b87048b6-e72b-469d-bf5e-12d3700fc072,FILA,135282,,
DASS SEST714057481667130CM1590048715888627ARG201996-20260707-1,OK,DASS SEST,7,140574,1159608,81667,ATAC. M15041 POLIESTER COR 100 [7942dc14-4ddb-46f0-97ff-ab1edfa04834],130CM,15900487,192,15888627ARG201996-,07/07/2026,31/08/2026,34,27/07/2026,901511,,7942dc14-4ddb-46f0-97ff-ab1edfa04834,FILA,135282,,
DASS SEST71405759530016MM1590102320260707-1,OK,DASS SEST,7,140575,1416744,95300,FITA M31119 C/ GOMA POLIESTER COR 814 / COR 100 / COR 100 [e60af0c0-bbe2-4da8-a93d-13ecb59df0da],16MM,15901023,10,0,07/07/2026,31/08/2026,34,27/07/2026,901512,,e60af0c0-bbe2-4da8-a93d-13ecb59df0da,FILA,135283,,
DASS SEST714075386978105CM1591517615903732NBR328301420260710-1,OK,DASS SEST,7,140753,1299257,86978,ATAC. MR130027 6MM RECICLADO COR 4085/PET [24d12723-33e1-4030-85b1-7c6b1c65a0da],105CM,15915176,420,15903732NBR3283014,10/07/2026,31/08/2026,34,27/07/2026,901513,,24d12723-33e1-4030-85b1-7c6b1c65a0da,NIKE,135470,,
DASS SEST714075386978105CM1591517615903734NBR328301420260710-1,OK,DASS SEST,7,140753,1299257,86978,ATAC. MR130027 6MM RECICLADO COR 4085/PET [5593e5a8-60df-43ae-9766-c846b74b737b],105CM,15915176,408,15903734NBR3283014,10/07/2026,31/08/2026,34,27/07/2026,901514,,5593e5a8-60df-43ae-9766-c846b74b737b,NIKE,135470,,
DASS SEST714075386978105CM1591517615903735NBR328301420260710-1,OK,DASS SEST,7,140753,1299257,86978,ATAC. MR130027 6MM RECICLADO COR 4085/PET [20c830e4-954e-4f6a-b2ff-611e143862b9],105CM,15915176,420,15903735NBR3283014,10/07/2026,31/08/2026,34,27/07/2026,901515,,20c830e4-954e-4f6a-b2ff-611e143862b9,NIKE,135470,,
DASS SEST714075386978110CM1591517615903732NBR328301420260710-1,OK,DASS SEST,7,140753,1299257,86978,ATAC. MR130027 6MM RECICLADO COR 4085/PET [8b83cf65-c2d6-4585-bfd9-339fac15eb32],110CM,15915176,507,15903732NBR3283014,10/07/2026,31/08/2026,34,27/07/2026,901516,,8b83cf65-c2d6-4585-bfd9-339fac15eb32,NIKE,135470,,
DASS SEST714075386978110CM1591517615903734NBR328301420260710-1,OK,DASS SEST,7,140753,1299257,86978,ATAC. MR130027 6MM RECICLADO COR 4085/PET [06c6f5c2-3455-477c-8823-6300109511d0],110CM,15915176,492,15903734NBR3283014,10/07/2026,31/08/2026,34,27/07/2026,901517,,06c6f5c2-3455-477c-8823-6300109511d0,NIKE,135470,,
DASS SEST714075386978110CM1591517615903735NBR328301420260710-1,OK,DASS SEST,7,140753,1299257,86978,ATAC. MR130027 6MM RECICLADO COR 4085/PET [50bf6e22-6da7-48b7-ba94-6097b44190c9],110CM,15915176,516,15903735NBR3283014,10/07/2026,31/08/2026,34,27/07/2026,901518,,50bf6e22-6da7-48b7-ba94-6097b44190c9,NIKE,135470,,
DASS SEST714075386978110CM1591517615903670NBR328302520260710-1,OK,DASS SEST,7,140753,1299257,86978,ATAC. MR130027 6MM RECICLADO COR 4085/PET [efc58216-1875-45d2-b1d3-833405dcbc30],110CM,15915176,108,15903670NBR3283025,10/07/2026,31/08/2026,34,27/07/2026,901519,,efc58216-1875-45d2-b1d3-833405dcbc30,NIKE,135470,,
DASS SEST714075386978110CM1591517615903671NBR328302520260710-1,OK,DASS SEST,7,140753,1299257,86978,ATAC. MR130027 6MM RECICLADO COR 4085/PET [0b8421cb-740d-4bea-9a0b-dd3a60e1c1e5],110CM,15915176,72,15903671NBR3283025,10/07/2026,31/08/2026,34,27/07/2026,901520,,0b8421cb-740d-4bea-9a0b-dd3a60e1c1e5,NIKE,135470,,
DASS SEST714075386978110CM1591517615903672NBR328302520260710-1,OK,DASS SEST,7,140753,1299257,86978,ATAC. MR130027 6MM RECICLADO COR 4085/PET [d705c7a0-0222-4f53-8ece-96b4f56d148b],110CM,15915176,90,15903672NBR3283025,10/07/2026,31/08/2026,34,27/07/2026,901521,,d705c7a0-0222-4f53-8ece-96b4f56d148b,NIKE,135470,,
DASS SEST714075386978115CM1591517615903732NBR328301420260710-1,OK,DASS SEST,7,140753,1299257,86978,ATAC. MR130027 6MM RECICLADO COR 4085/PET [3a43a58b-59dc-4fd0-bbb5-29443d31751d],115CM,15915176,72,15903732NBR3283014,10/07/2026,31/08/2026,34,27/07/2026,901522,,3a43a58b-59dc-4fd0-bbb5-29443d31751d,NIKE,135470,,
DASS SEST714075386978115CM1591517615903734NBR328301420260710-1,OK,DASS SEST,7,140753,1299257,86978,ATAC. MR130027 6MM RECICLADO COR 4085/PET [f4c8d9e7-64b7-4175-90d0-2921814969ee],115CM,15915176,60,15903734NBR3283014,10/07/2026,31/08/2026,34,27/07/2026,901523,,f4c8d9e7-64b7-4175-90d0-2921814969ee,NIKE,135470,,
DASS SEST714075386978115CM1591517615903735NBR328301420260710-1,OK,DASS SEST,7,140753,1299257,86978,ATAC. MR130027 6MM RECICLADO COR 4085/PET [3b938e98-94b4-46dd-b0a4-10c756d52d3c],115CM,15915176,60,15903735NBR3283014,10/07/2026,31/08/2026,34,27/07/2026,901524,,3b938e98-94b4-46dd-b0a4-10c756d52d3c,NIKE,135470,,
DASS SEST714075386978115CM1591517615903670NBR328302520260710-1,OK,DASS SEST,7,140753,1299257,86978,ATAC. MR130027 6MM RECICLADO COR 4085/PET [edc59ac6-41a8-4c9b-b8d5-25bfd742ba1e],115CM,15915176,735,15903670NBR3283025,10/07/2026,31/08/2026,34,27/07/2026,901525,,edc59ac6-41a8-4c9b-b8d5-25bfd742ba1e,NIKE,135470,,
DASS SEST714075386978115CM1591517615903671NBR328302520260710-1,OK,DASS SEST,7,140753,1299257,86978,ATAC. MR130027 6MM RECICLADO COR 4085/PET [aca756d4-a465-4462-9eb5-cb226cbd34ca],115CM,15915176,552,15903671NBR3283025,10/07/2026,31/08/2026,34,27/07/2026,901526,,aca756d4-a465-4462-9eb5-cb226cbd34ca,NIKE,135470,,
DASS SEST714075386978115CM1591517615903672NBR328302520260710-1,OK,DASS SEST,7,140753,1299257,86978,ATAC. MR130027 6MM RECICLADO COR 4085/PET [4d889d77-1dad-4960-830c-7edfac7a7164],115CM,15915176,378,15903672NBR3283025,10/07/2026,31/08/2026,34,27/07/2026,901527,,4d889d77-1dad-4960-830c-7edfac7a7164,NIKE,135470,,
DASS SEST714075386978120CM1591517615903670NBR328302520260710-1,OK,DASS SEST,7,140753,1299257,86978,ATAC. MR130027 6MM RECICLADO COR 4085/PET [cc6097e1-c73f-4ab4-818d-9bc2eef8457c],120CM,15915176,156,15903670NBR3283025,10/07/2026,31/08/2026,34,27/07/2026,901528,,cc6097e1-c73f-4ab4-818d-9bc2eef8457c,NIKE,135470,,
DASS SEST714075386978120CM1591517615903671NBR328302520260710-1,OK,DASS SEST,7,140753,1299257,86978,ATAC. MR130027 6MM RECICLADO COR 4085/PET [58093ff0-8867-4b3a-a7f3-72815641de2a],120CM,15915176,156,15903671NBR3283025,10/07/2026,31/08/2026,34,27/07/2026,901529,,58093ff0-8867-4b3a-a7f3-72815641de2a,NIKE,135470,,
DASS SEST714075386978120CM1591517615903672NBR328302520260710-1,OK,DASS SEST,7,140753,1299257,86978,ATAC. MR130027 6MM RECICLADO COR 4085/PET [5eb4e82a-a611-4064-b05a-02a8fa3cdff9],120CM,15915176,186,15903672NBR3283025,10/07/2026,31/08/2026,34,27/07/2026,901530,,5eb4e82a-a611-4064-b05a-02a8fa3cdff9,NIKE,135470,,
DASS SEST714075395799105CM1591517615903739NBR328293920260710-1,OK,DASS SEST,7,140753,1424088,95799,ATAC. MR130027 6MM RECICLADO COR 5820/PET [5a457d62-2cf9-40eb-8a33-eeeb34579c48],105CM,15915176,582,15903739NBR3282939,10/07/2026,31/08/2026,34,27/07/2026,901531,,5a457d62-2cf9-40eb-8a33-eeeb34579c48,NIKE,135470,,
DASS SEST714075395799110CM1591517615903739NBR328293920260710-1,OK,DASS SEST,7,140753,1424088,95799,ATAC. MR130027 6MM RECICLADO COR 5820/PET [55e05d1d-c214-4975-93da-ba860517ece7],110CM,15915176,656,15903739NBR3282939,10/07/2026,31/08/2026,34,27/07/2026,901532,,55e05d1d-c214-4975-93da-ba860517ece7,NIKE,135470,,
DASS SEST714075395799115CM1591517615903739NBR328293920260710-1,OK,DASS SEST,7,140753,1424088,95799,ATAC. MR130027 6MM RECICLADO COR 5820/PET [664bd908-eca8-4df8-b3f1-c82f3e60fe95],115CM,15915176,36,15903739NBR3282939,10/07/2026,31/08/2026,34,27/07/2026,901533,,664bd908-eca8-4df8-b3f1-c82f3e60fe95,NIKE,135470,,
DASS SEST714094692568110CM1594408315941789NBR328331220260717-1,OK,DASS SEST,7,140946,1027849,92568,ATAC. MR110012 8MM RECICLADO COR 4085/PET [464f93dc-e196-4489-ac3f-3fcd725f7fda],110CM,15944083,318,15941789NBR3283312,17/07/2026,31/08/2026,34,27/07/2026,901534,,464f93dc-e196-4489-ac3f-3fcd725f7fda,NIKE,135633,,
DASS SEST714094692568110CM1594408315941790NBR328331220260717-1,OK,DASS SEST,7,140946,1027849,92568,ATAC. MR110012 8MM RECICLADO COR 4085/PET [78e04078-2cac-45c0-8721-47f76918dbd1],110CM,15944083,336,15941790NBR3283312,17/07/2026,31/08/2026,34,27/07/2026,901535,,78e04078-2cac-45c0-8721-47f76918dbd1,NIKE,135633,,
DASS SEST714094692568115CM1594408315941780NBR328329320260717-1,OK,DASS SEST,7,140946,1027849,92568,ATAC. MR110012 8MM RECICLADO COR 4085/PET [e7e61c6b-8d7b-4414-ae09-4f69497330de],115CM,15944083,216,15941780NBR3283293,17/07/2026,31/08/2026,34,27/07/2026,901536,,e7e61c6b-8d7b-4414-ae09-4f69497330de,NIKE,135633,,
DASS SEST714094692568115CM1594408315941781NBR328329320260717-1,OK,DASS SEST,7,140946,1027849,92568,ATAC. MR110012 8MM RECICLADO COR 4085/PET [3dc7d51c-0939-45aa-826b-1fc98e87552d],115CM,15944083,216,15941781NBR3283293,17/07/2026,31/08/2026,34,27/07/2026,901537,,3dc7d51c-0939-45aa-826b-1fc98e87552d,NIKE,135633,,
DASS SEST714094692568115CM1594408315941789NBR328331220260717-1,OK,DASS SEST,7,140946,1027849,92568,ATAC. MR110012 8MM RECICLADO COR 4085/PET [5413fc0a-b054-4933-accf-3dd4e502375d],115CM,15944083,434,15941789NBR3283312,17/07/2026,31/08/2026,34,27/07/2026,901538,,5413fc0a-b054-4933-accf-3dd4e502375d,NIKE,135633,,
DASS SEST714094692568115CM1594408315941790NBR328331220260717-1,OK,DASS SEST,7,140946,1027849,92568,ATAC. MR110012 8MM RECICLADO COR 4085/PET [2e4a7197-048b-4f5b-a860-0c47469cd135],115CM,15944083,444,15941790NBR3283312,17/07/2026,31/08/2026,34,27/07/2026,901539,,2e4a7197-048b-4f5b-a860-0c47469cd135,NIKE,135633,,
DASS SEST714094692568120CM1594408315941780NBR328329320260717-1,OK,DASS SEST,7,140946,1027849,92568,ATAC. MR110012 8MM RECICLADO COR 4085/PET [7f0ac513-ae93-41ce-b463-e604c6b81f5d],120CM,15944083,584,15941780NBR3283293,17/07/2026,31/08/2026,34,27/07/2026,901540,,7f0ac513-ae93-41ce-b463-e604c6b81f5d,NIKE,135633,,
DASS SEST714094692568120CM1594408315941781NBR328329320260717-1,OK,DASS SEST,7,140946,1027849,92568,ATAC. MR110012 8MM RECICLADO COR 4085/PET [bfda700e-f520-4d04-934b-9d77a832d545],120CM,15944083,624,15941781NBR3283293,17/07/2026,31/08/2026,34,27/07/2026,901541,,bfda700e-f520-4d04-934b-9d77a832d545,NIKE,135633,,
DASS SEST714094693696135CM1594408315941797NBR328328520260717-1,OK,DASS SEST,7,140946,1069210,93696,ATAC. MR110029 RECICLADO COR 4085/PET [715640c6-6798-4a32-b40b-552645e87c10],135CM,15944083,734,15941797NBR3283285,17/07/2026,31/08/2026,34,27/07/2026,901542,,715640c6-6798-4a32-b40b-552645e87c10,NIKE,135633,,
DASS SEST714094693696135CM1594408315941798NBR328328520260717-1,OK,DASS SEST,7,140946,1069210,93696,ATAC. MR110029 RECICLADO COR 4085/PET [7efcda47-6ad4-4a2a-8181-f1ad5c016d96],135CM,15944083,726,15941798NBR3283285,17/07/2026,31/08/2026,34,27/07/2026,901543,,7efcda47-6ad4-4a2a-8181-f1ad5c016d96,NIKE,135633,,
DASS SEST714094693696140CM1594408315941797NBR328328520260717-1,OK,DASS SEST,7,140946,1069210,93696,ATAC. MR110029 RECICLADO COR 4085/PET [b78a0d59-14ac-4028-b39d-ffbe3827db47],140CM,15944083,144,15941797NBR3283285,17/07/2026,31/08/2026,34,27/07/2026,901544,,b78a0d59-14ac-4028-b39d-ffbe3827db47,NIKE,135633,,
DASS SEST714094693696140CM1594408315941798NBR328328520260717-1,OK,DASS SEST,7,140946,1069210,93696,ATAC. MR110029 RECICLADO COR 4085/PET [690090ea-7841-442f-a056-8f1f4df03d25],140CM,15944083,162,15941798NBR3283285,17/07/2026,31/08/2026,34,27/07/2026,901545,,690090ea-7841-442f-a056-8f1f4df03d25,NIKE,135633,,
DASS SEST71409807401410MM1595227220260720-1,OK,DASS SEST,7,140980,965421,74014,FITA MFGP C/ GOMA POLIESTER COR 4085 [bfe5a57d-ce11-4626-9b7b-b3a306e2db1b],10MM,15952272,430,0,20/07/2026,31/08/2026,34,27/07/2026,901546,,bfe5a57d-ce11-4626-9b7b-b3a306e2db1b,NIKE,135667,,
DASS SEST71409809153510MM1595227220260720-1,OK,DASS SEST,7,140980,1341133,91535,FITA MFGP C/ GOMA POLIESTER COR 5149 [7961f276-6e3a-45c9-b57c-4fc98d3282b3],10MM,15952272,260,0,20/07/2026,31/08/2026,34,27/07/2026,901547,,7961f276-6e3a-45c9-b57c-4fc98d3282b3,NIKE,135667,,
DASS SEST714098696158115CM1595353215941805NBR328329020260720-1,NÃO,DASS SEST,7,140986,1425209,96158,ATAC. MR110012 8MM POLIESTER COR 5845/PET [f8bbba9a-c034-42fd-8480-a9ce689ac9e0],115CM,15953532,324,15941805NBR3283290,20/07/2026,31/08/2026,34,27/07/2026,901548,,f8bbba9a-c034-42fd-8480-a9ce689ac9e0,NIKE,135673,,
DASS SEST714098696158120CM1595353215941805NBR328329020260720-1,NÃO,DASS SEST,7,140986,1425209,96158,ATAC. MR110012 8MM POLIESTER COR 5845/PET [187c600f-465d-4513-ba01-0bd209fddfb3],120CM,15953532,908,15941805NBR3283290,20/07/2026,31/08/2026,34,27/07/2026,901549,,187c600f-465d-4513-ba01-0bd209fddfb3,NIKE,135673,,
DASS SEST714098695611130CM1595353215941799NBR328327920260720-1,OK,DASS SEST,7,140986,1425323,95611,ATAC. MR110029 RECICLADO COR 4758/1PET [9d029a7f-0b98-4cd2-a5a8-f1074c6461ae],130CM,15953532,348,15941799NBR3283279,20/07/2026,31/08/2026,34,27/07/2026,901550,,9d029a7f-0b98-4cd2-a5a8-f1074c6461ae,NIKE,135673,,
DASS SEST714098695611130CM1595353215941800NBR328327920260720-1,OK,DASS SEST,7,140986,1425323,95611,ATAC. MR110029 RECICLADO COR 4758/1PET [2283300f-0b0d-4e17-a599-0d3a41635dca],130CM,15953532,378,15941800NBR3283279,20/07/2026,31/08/2026,34,27/07/2026,901551,,2283300f-0b0d-4e17-a599-0d3a41635dca,NIKE,135673,,
DASS SEST714098695611135CM1595353215941799NBR328327920260720-1,OK,DASS SEST,7,140986,1425323,95611,ATAC. MR110029 RECICLADO COR 4758/1PET [790bd105-f260-4a9c-a2d2-4ce24a191e3f],135CM,15953532,422,15941799NBR3283279,20/07/2026,31/08/2026,34,27/07/2026,901552,,790bd105-f260-4a9c-a2d2-4ce24a191e3f,NIKE,135673,,
DASS SEST714098695611135CM1595353215941800NBR328327920260720-1,OK,DASS SEST,7,140986,1425323,95611,ATAC. MR110029 RECICLADO COR 4758/1PET [c2a9ee29-7e11-45dc-9bd9-4bc75ced3e55],135CM,15953532,426,15941800NBR3283279,20/07/2026,31/08/2026,34,27/07/2026,901553,,c2a9ee29-7e11-45dc-9bd9-4bc75ced3e55,NIKE,135673,,
DASS SEST714098696159130CM1595353215941801NBR328328320260720-1,OK,DASS SEST,7,140986,1425322,96159,ATAC. MR110029 RECICLADO COR 6216/PET [3c79cbff-da97-4516-af29-b8eb617575b0],130CM,15953532,468,15941801NBR3283283,20/07/2026,31/08/2026,34,27/07/2026,901554,,3c79cbff-da97-4516-af29-b8eb617575b0,NIKE,135673,,
DASS SEST714098696159130CM1595353215941802NBR328328320260720-1,OK,DASS SEST,7,140986,1425322,96159,ATAC. MR110029 RECICLADO COR 6216/PET [c4d7b906-0ae0-4117-b6bc-3dbd4cc380fb],130CM,15953532,468,15941802NBR3283283,20/07/2026,31/08/2026,34,27/07/2026,901555,,c4d7b906-0ae0-4117-b6bc-3dbd4cc380fb,NIKE,135673,,
DASS SEST714098696159130CM1595353215941804NBR328328320260720-1,OK,DASS SEST,7,140986,1425322,96159,ATAC. MR110029 RECICLADO COR 6216/PET [ebda2003-f37f-416d-9801-a467253eb91e],130CM,15953532,498,15941804NBR3283283,20/07/2026,31/08/2026,34,27/07/2026,901556,,ebda2003-f37f-416d-9801-a467253eb91e,NIKE,135673,,
DASS SEST714098696159135CM1595353215941801NBR328328320260720-1,OK,DASS SEST,7,140986,1425322,96159,ATAC. MR110029 RECICLADO COR 6216/PET [70a0686f-af87-43f6-84fc-098fc101e4ad],135CM,15953532,525,15941801NBR3283283,20/07/2026,31/08/2026,34,27/07/2026,901557,,70a0686f-af87-43f6-84fc-098fc101e4ad,NIKE,135673,,
DASS SEST714098696159135CM1595353215941802NBR328328320260720-1,OK,DASS SEST,7,140986,1425322,96159,ATAC. MR110029 RECICLADO COR 6216/PET [ead67f8e-1031-470f-be53-0e06ca3722f5],135CM,15953532,504,15941802NBR3283283,20/07/2026,31/08/2026,34,27/07/2026,901558,,ead67f8e-1031-470f-be53-0e06ca3722f5,NIKE,135673,,
DASS SEST714098696159135CM1595353215941804NBR328328320260720-1,OK,DASS SEST,7,140986,1425322,96159,ATAC. MR110029 RECICLADO COR 6216/PET [afbb10ce-95f6-4095-a0b4-75d8154a5c28],135CM,15953532,540,15941804NBR3283283,20/07/2026,31/08/2026,34,27/07/2026,901559,,afbb10ce-95f6-4095-a0b4-75d8154a5c28,NIKE,135673,,
DASS ITABERABA7014054875593100CM1589739115890452ARG202021-20260706-1,OK,DASS ITABERABA,70,140548,1179318,75593,ATAC. M13725 6MM POLIESTER COR 057 [4ae9352c-4953-4078-9d24-cc96d5d2dff8],100CM,15897391,396,15890452ARG202021-,06/07/2026,31/08/2026,34,27/07/2026,901560,,4ae9352c-4953-4078-9d24-cc96d5d2dff8,FILA,135234,,
DASS ITABERABA7014054875593100CM1589739115890453ARG202021-20260706-1,OK,DASS ITABERABA,70,140548,1179318,75593,ATAC. M13725 6MM POLIESTER COR 057 [50bdbafe-afa7-497d-86df-f10445014918],100CM,15897391,396,15890453ARG202021-,06/07/2026,31/08/2026,34,27/07/2026,901561,,50bdbafe-afa7-497d-86df-f10445014918,FILA,135234,,
DASS ITABERABA7014054875593110CM1589739115890452ARG202021-20260706-1,OK,DASS ITABERABA,70,140548,1179318,75593,ATAC. M13725 6MM POLIESTER COR 057 [983a38db-2cb2-478e-8b8a-5f17e22ef95c],110CM,15897391,324,15890452ARG202021-,06/07/2026,31/08/2026,34,27/07/2026,901562,,983a38db-2cb2-478e-8b8a-5f17e22ef95c,FILA,135234,,
DASS ITABERABA7014054875593110CM1589739115890453ARG202021-20260706-1,OK,DASS ITABERABA,70,140548,1179318,75593,ATAC. M13725 6MM POLIESTER COR 057 [4998d000-0c51-4249-9b01-2d68dd941801],110CM,15897391,324,15890453ARG202021-,06/07/2026,31/08/2026,34,27/07/2026,901563,,4998d000-0c51-4249-9b01-2d68dd941801,FILA,135234,,
DASS ITABERABA7014054875595100CM1589739115890450ARG202020-20260706-1,OK,DASS ITABERABA,70,140548,1175396,75595,ATAC. M13725 6MM POLIESTER COR 100 [9d620412-ff3a-495a-8d8c-1dc30fd2664c],100CM,15897391,396,15890450ARG202020-,06/07/2026,31/08/2026,34,27/07/2026,901564,,9d620412-ff3a-495a-8d8c-1dc30fd2664c,FILA,135234,,
DASS ITABERABA7014054875595100CM1589739115890451ARG202020-20260706-1,OK,DASS ITABERABA,70,140548,1175396,75595,ATAC. M13725 6MM POLIESTER COR 100 [93f35386-ac86-48ae-9d48-e611d39f40c1],100CM,15897391,396,15890451ARG202020-,06/07/2026,31/08/2026,34,27/07/2026,901565,,93f35386-ac86-48ae-9d48-e611d39f40c1,FILA,135234,,
DASS ITABERABA701405487566290CM1589739115890454ARG20202220260706-1,OK,DASS ITABERABA,70,140548,1314384,75662,ATAC. M13725 6MM POLIESTER COR 114 [7c66589c-f455-4e8f-8e46-71c4906a8aaf],90CM,15897391,504,15890454ARG202022,06/07/2026,31/08/2026,34,27/07/2026,901566,,7c66589c-f455-4e8f-8e46-71c4906a8aaf,FILA,135234,,
DASS ITABERABA701405487566290CM1589739115889179BRITB0054420260706-1,OK,DASS ITABERABA,70,140548,1314384,75662,ATAC. M13725 6MM POLIESTER COR 114 [a90093bd-45b3-4b4f-a501-8aea8549ada9],90CM,15897391,396,15889179BRITB00544,06/07/2026,31/08/2026,34,27/07/2026,901567,,a90093bd-45b3-4b4f-a501-8aea8549ada9,FILA,135234,,
DASS ITABERABA701405487566290CM1589739115889180BRITB0054420260706-1,OK,DASS ITABERABA,70,140548,1314384,75662,ATAC. M13725 6MM POLIESTER COR 114 [3af702a5-6f71-4f32-a738-4ffc2f36c8d3],90CM,15897391,384,15889180BRITB00544,06/07/2026,31/08/2026,34,27/07/2026,901568,,3af702a5-6f71-4f32-a738-4ffc2f36c8d3,FILA,135234,,
DASS ITABERABA701405487566290CM1589739115889181BRITB0054420260706-1,OK,DASS ITABERABA,70,140548,1314384,75662,ATAC. M13725 6MM POLIESTER COR 114 [a48e1015-43d5-4606-bf05-4e2e7c3cc23f],90CM,15897391,348,15889181BRITB00544,06/07/2026,31/08/2026,34,27/07/2026,901569,,a48e1015-43d5-4606-bf05-4e2e7c3cc23f,FILA,135234,,
DASS ITABERABA701405487566290CM1589739115889182BRITB0054420260706-1,OK,DASS ITABERABA,70,140548,1314384,75662,ATAC. M13725 6MM POLIESTER COR 114 [d80ba28e-8124-4c6f-a553-a5a8926d9128],90CM,15897391,348,15889182BRITB00544,06/07/2026,31/08/2026,34,27/07/2026,901570,,d80ba28e-8124-4c6f-a553-a5a8926d9128,FILA,135234,,
DASS ITABERABA7014054875662100CM1589739115890454ARG20202220260706-1,OK,DASS ITABERABA,70,140548,1314384,75662,ATAC. M13725 6MM POLIESTER COR 114 [13e11cea-3edc-4823-b2f9-6351703efabb],100CM,15897391,648,15890454ARG202022,06/07/2026,31/08/2026,34,27/07/2026,901571,,13e11cea-3edc-4823-b2f9-6351703efabb,FILA,135234,,
DASS ITABERABA7014054875662100CM1589739115889179BRITB0054420260706-1,OK,DASS ITABERABA,70,140548,1314384,75662,ATAC. M13725 6MM POLIESTER COR 114 [bee35c2d-4a4d-44fc-99fa-5401c007faf6],100CM,15897391,552,15889179BRITB00544,06/07/2026,31/08/2026,34,27/07/2026,901572,,bee35c2d-4a4d-44fc-99fa-5401c007faf6,FILA,135234,,
DASS ITABERABA7014054875662100CM1589739115889180BRITB0054420260706-1,OK,DASS ITABERABA,70,140548,1314384,75662,ATAC. M13725 6MM POLIESTER COR 114 [cb0d718b-b1a4-4588-88bd-76911ea6eda1],100CM,15897391,600,15889180BRITB00544,06/07/2026,31/08/2026,34,27/07/2026,901573,,cb0d718b-b1a4-4588-88bd-76911ea6eda1,FILA,135234,,
DASS ITABERABA7014054875662100CM1589739115889181BRITB0054420260706-1,OK,DASS ITABERABA,70,140548,1314384,75662,ATAC. M13725 6MM POLIESTER COR 114 [f8d6b119-8db5-424e-9492-171d2c039858],100CM,15897391,492,15889181BRITB00544,06/07/2026,31/08/2026,34,27/07/2026,901574,,f8d6b119-8db5-424e-9492-171d2c039858,FILA,135234,,
DASS ITABERABA7014054875662100CM1589739115889182BRITB0054420260706-1,OK,DASS ITABERABA,70,140548,1314384,75662,ATAC. M13725 6MM POLIESTER COR 114 [dcca5017-61ae-4e50-b836-b25b93c660d4],100CM,15897391,516,15889182BRITB00544,06/07/2026,31/08/2026,34,27/07/2026,901575,,dcca5017-61ae-4e50-b836-b25b93c660d4,FILA,135234,,
DASS SANTO ANTONIO152614052287843115CM1588830115884404BRSA00187220260706-1,OK,DASS SANTO ANTONIO,1526,140522,1294817,87843,ATAC. M10110 5MM POLIESTER COR 599 / COR 114 [ff18e08d-ede6-42f4-a8ea-9450a690977d],115CM,15888301,540,15884404BRSA001872,06/07/2026,31/08/2026,34,27/07/2026,901576,,ff18e08d-ede6-42f4-a8ea-9450a690977d,FILA,135197,,
DASS SANTO ANTONIO152614052287843125CM1588830115884404BRSA00187220260706-1,OK,DASS SANTO ANTONIO,1526,140522,1294817,87843,ATAC. M10110 5MM POLIESTER COR 599 / COR 114 [093be0a9-de07-4ae5-a35e-af312dc094dc],125CM,15888301,84,15884404BRSA001872,06/07/2026,31/08/2026,34,27/07/2026,901577,,093be0a9-de07-4ae5-a35e-af312dc094dc,FILA,135197,,
DASS SANTO ANTONIO152614052510536MM1588828620260706-1,OK,DASS SANTO ANTONIO,1526,140525,738316,1053,ELAST. MTM POLIESTER COR 100 [ef891d57-95ff-4276-9f51-44f6da093fd7],6MM,15888286,2259,0,06/07/2026,31/08/2026,34,27/07/2026,901578,,ef891d57-95ff-4276-9f51-44f6da093fd7,FILA,135200,,
DASS SANTO ANTONIO1526140525832026MM1588828620260706-1,OK,DASS SANTO ANTONIO,1526,140525,1362716,83202,ELAST. MTM POLIESTER COR 334 [14636920-f231-4978-93ec-5cbba6e17aff],6MM,15888286,1112,0,06/07/2026,31/08/2026,34,27/07/2026,901579,,14636920-f231-4978-93ec-5cbba6e17aff,FILA,135200,,
DASS ITABERABA701411947401415MM1597125320260724-1,OK,DASS ITABERABA,70,141194,1425019,74014,FITA MFGP C/ GOMA POLIESTER COR 4085 [2404a2fd-a4cf-4e5d-8265-07b03195461a],15MM,15971253,500,0,24/07/2026,02/09/2026,36,27/07/2026,901580,,2404a2fd-a4cf-4e5d-8265-07b03195461a,ASICS,135869,,NORMAL
DASS ITABERABA7014119584194130CM1597125915966119ASB005297820260724-1,OK,DASS ITABERABA,70,141195,1229356,84194,ATAC. M13741 6MM POLIESTER BRILHANTE COR 4085/BT [9b584948-d048-4214-97e8-fe4a1b696e07],130CM,15971259,193,15966119ASB0052978,24/07/2026,02/09/2026,36,27/07/2026,901581,,9b584948-d048-4214-97e8-fe4a1b696e07,ASICS,135870,,NORMAL
DASS ITABERABA7014119584194140CM1597125915966119ASB005297820260724-1,OK,DASS ITABERABA,70,141195,1229356,84194,ATAC. M13741 6MM POLIESTER BRILHANTE COR 4085/BT [1c302cbb-018b-4c23-a00c-0a8ce33c1a25],140CM,15971259,192,15966119ASB0052978,24/07/2026,02/09/2026,36,27/07/2026,901582,,1c302cbb-018b-4c23-a00c-0a8ce33c1a25,ASICS,135870,,NORMAL
DASS ITABERABA7014119584785130CM1597125915966148ASB005297920260724-1,OK,DASS ITABERABA,70,141195,1259764,84785,ATAC. M13741 6MM POLIESTER COR 5461/BT [1c4a296b-d0a5-4c7a-9c2b-655918cc4acf],130CM,15971259,488,15966148ASB0052979,24/07/2026,02/09/2026,36,27/07/2026,901583,,1c4a296b-d0a5-4c7a-9c2b-655918cc4acf,ASICS,135870,,NORMAL
DASS ITABERABA7014119584785140CM1597125915966148ASB005297920260724-1,OK,DASS ITABERABA,70,141195,1259764,84785,ATAC. M13741 6MM POLIESTER COR 5461/BT [8b2ec64a-edac-455d-9cda-596b51578620],140CM,15971259,253,15966148ASB0052979,24/07/2026,02/09/2026,36,27/07/2026,901584,,8b2ec64a-edac-455d-9cda-596b51578620,ASICS,135870,,NORMAL
DASS ITABERABA7014119584206110CM1597125915966173ASB005301620260724-1,OK,DASS ITABERABA,70,141195,1229330,84206,ATAC. M18006 POLIESTER COR 4085 [922929f7-85fa-40bf-9d6f-14dce64e13f9],110CM,15971259,726,15966173ASB0053016,24/07/2026,02/09/2026,36,27/07/2026,901585,,922929f7-85fa-40bf-9d6f-14dce64e13f9,ASICS,135870,,NORMAL
DASS ITABERABA7014119584206120CM1597125915966166ASB005299420260724-1,OK,DASS ITABERABA,70,141195,1229330,84206,ATAC. M18006 POLIESTER COR 4085 [ba7c2e8a-45ac-4868-bc0d-bdbe29258989],120CM,15971259,964,15966166ASB0052994,24/07/2026,02/09/2026,36,27/07/2026,901586,,ba7c2e8a-45ac-4868-bc0d-bdbe29258989,ASICS,135870,,NORMAL
DASS ITABERABA7014119584206120CM1597125915966173ASB005301620260724-1,OK,DASS ITABERABA,70,141195,1229330,84206,ATAC. M18006 POLIESTER COR 4085 [6fa7f55d-724f-4c7a-833e-253d877c5bf2],120CM,15971259,410,15966173ASB0053016,24/07/2026,02/09/2026,36,27/07/2026,901587,,6fa7f55d-724f-4c7a-833e-253d877c5bf2,ASICS,135870,,NORMAL
DASS ITABERABA7014119584206130CM1597125915966166ASB005299420260724-1,OK,DASS ITABERABA,70,141195,1229330,84206,ATAC. M18006 POLIESTER COR 4085 [1554847d-fb75-4f75-b031-130a3ddf40ca],130CM,15971259,346,15966166ASB0052994,24/07/2026,02/09/2026,36,27/07/2026,901588,,1554847d-fb75-4f75-b031-130a3ddf40ca,ASICS,135870,,NORMAL
DASS ITABERABA7014119585476130CM1597125915966121ASB005303520260724-1,OK,DASS ITABERABA,70,141195,1231865,85476,ATAC. M22037 6MM REFLEX COR 4085/1 [9f9e9510-d84a-4165-9cc6-22fe35f7b7ae],130CM,15971259,605,15966121ASB0053035,24/07/2026,02/09/2026,36,27/07/2026,901589,,9f9e9510-d84a-4165-9cc6-22fe35f7b7ae,ASICS,135870,,NORMAL
DASS ITABERABA7014119585476130CM1597125915966122ASB005303520260724-1,OK,DASS ITABERABA,70,141195,1231865,85476,ATAC. M22037 6MM REFLEX COR 4085/1 [b2823074-8a90-4701-a4fe-7c50dd3df3e7],130CM,15971259,621,15966122ASB0053035,24/07/2026,02/09/2026,36,27/07/2026,901590,,b2823074-8a90-4701-a4fe-7c50dd3df3e7,ASICS,135870,,NORMAL
DASS ITABERABA7014119585476140CM1597125915966121ASB005303520260724-1,OK,DASS ITABERABA,70,141195,1231865,85476,ATAC. M22037 6MM REFLEX COR 4085/1 [b80037db-7605-4dc9-8ab5-3a4b5b6d99b0],140CM,15971259,192,15966121ASB0053035,24/07/2026,02/09/2026,36,27/07/2026,901591,,b80037db-7605-4dc9-8ab5-3a4b5b6d99b0,ASICS,135870,,NORMAL
DASS ITABERABA7014119585476140CM1597125915966122ASB005303520260724-1,OK,DASS ITABERABA,70,141195,1231865,85476,ATAC. M22037 6MM REFLEX COR 4085/1 [4f172449-b7a0-4e9b-8e25-7bff54c8729e],140CM,15971259,228,15966122ASB0053035,24/07/2026,02/09/2026,36,27/07/2026,901592,,4f172449-b7a0-4e9b-8e25-7bff54c8729e,ASICS,135870,,NORMAL
DASS ITABERABA7014119591133130CM1597125915966123ASB005303620260724-1,OK,DASS ITABERABA,70,141195,1365482,91133,ATAC. M22037 6MM REFLEX COR 5711 [8bc23ad6-93b9-4353-9802-b8270b677347],130CM,15971259,1145,15966123ASB0053036,24/07/2026,02/09/2026,36,27/07/2026,901593,,8bc23ad6-93b9-4353-9802-b8270b677347,ASICS,135870,,NORMAL
DASS ITABERABA7014119591133140CM1597125915966123ASB005303620260724-1,OK,DASS ITABERABA,70,141195,1365482,91133,ATAC. M22037 6MM REFLEX COR 5711 [9d6b263d-fe7a-45b3-94b5-e3fbd37c1bb6],140CM,15971259,328,15966123ASB0053036,24/07/2026,02/09/2026,36,27/07/2026,901594,,9d6b263d-fe7a-45b3-94b5-e3fbd37c1bb6,ASICS,135870,,NORMAL
DASS ITABERABA7014119594773130CM1597125915966124ASB005303820260724-1,OK,DASS ITABERABA,70,141195,1392977,94773,ATAC. M22037 6MM REFLEX COR 6127/1 [0a04720b-42c9-41b2-bbd6-10bcfbbe05db],130CM,15971259,779,15966124ASB0053038,24/07/2026,02/09/2026,36,27/07/2026,901595,,0a04720b-42c9-41b2-bbd6-10bcfbbe05db,ASICS,135870,,NORMAL
DASS ITABERABA7014119594773140CM1597125915966124ASB005303820260724-1,OK,DASS ITABERABA,70,141195,1392977,94773,ATAC. M22037 6MM REFLEX COR 6127/1 [1b7274aa-bf9c-465f-8d13-47682e609178],140CM,15971259,346,15966124ASB0053038,24/07/2026,02/09/2026,36,27/07/2026,901596,,1b7274aa-bf9c-465f-8d13-47682e609178,ASICS,135870,,NORMAL
DASS ITABERABA7014119587706130CM1597125915966164ASB005304720260724-1,OK,DASS ITABERABA,70,141195,1313035,87706,ATAC. 6AL 6MM POLIESTER COR 987 [c5cafd15-a385-4109-b148-9d06daa62cc0],130CM,15971259,326,15966164ASB0053047,24/07/2026,02/09/2026,36,27/07/2026,901597,,c5cafd15-a385-4109-b148-9d06daa62cc0,ASICS,135870,,NORMAL
DASS ITABERABA7014119587706140CM1597125915966164ASB005304720260724-1,OK,DASS ITABERABA,70,141195,1313035,87706,ATAC. 6AL 6MM POLIESTER COR 987 [bde1de8a-ce3b-4341-9a96-ad0bd81df7b3],140CM,15971259,95,15966164ASB0053047,24/07/2026,02/09/2026,36,27/07/2026,901598,,bde1de8a-ce3b-4341-9a96-ad0bd81df7b3,ASICS,135870,,NORMAL
DASS ITABERABA7014119584269120CM1597125915966147ASB005305020260724-1,OK,DASS ITABERABA,70,141195,980687,84269,ATAC. M12109 8MM POLIESTER COR 987 [ba3f0128-21a1-4c89-9217-49fad38c71f6],120CM,15971259,559,15966147ASB0053050,24/07/2026,02/09/2026,36,27/07/2026,901599,,ba3f0128-21a1-4c89-9217-49fad38c71f6,ASICS,135870,,NORMAL
DASS ITABERABA7014119584269130CM1597125915966145ASB005303020260724-1,OK,DASS ITABERABA,70,141195,980687,84269,ATAC. M12109 8MM POLIESTER COR 987 [f6737331-b8d5-405f-a32b-4cb2c91432d1],130CM,15971259,457,15966145ASB0053030,24/07/2026,02/09/2026,36,27/07/2026,901600,,f6737331-b8d5-405f-a32b-4cb2c91432d1,ASICS,135870,,NORMAL
DASS ITABERABA7014119590989120CM1597125915966146ASB005304920260724-1,OK,DASS ITABERABA,70,141195,1365268,90989,ATAC. M12109 8MM POLIESTER COR 4085 [4809d8be-3ea5-4ddc-9f6f-a2ef2557ed71],120CM,15971259,187,15966146ASB0053049,24/07/2026,02/09/2026,36,27/07/2026,901601,,4809d8be-3ea5-4ddc-9f6f-a2ef2557ed71,ASICS,135870,,NORMAL
DASS ITABERABA7014119590989130CM1597125915966144ASB005302820260724-1,OK,DASS ITABERABA,70,141195,1365268,90989,ATAC. M12109 8MM POLIESTER COR 4085 [9729a621-1e11-46d2-8012-4d7c8dec8a4d],130CM,15971259,717,15966144ASB0053028,24/07/2026,02/09/2026,36,27/07/2026,901602,,9729a621-1e11-46d2-8012-4d7c8dec8a4d,ASICS,135870,,NORMAL
DASS ITABERABA7014119590989130CM1597125915966146ASB005304920260724-1,OK,DASS ITABERABA,70,141195,1365268,90989,ATAC. M12109 8MM POLIESTER COR 4085 [ca3c45ce-55cd-4a74-a7be-f84d97c441f0],130CM,15971259,186,15966146ASB0053049,24/07/2026,02/09/2026,36,27/07/2026,901603,,ca3c45ce-55cd-4a74-a7be-f84d97c441f0,ASICS,135870,,NORMAL
DASS ITABERABA70141196930221.8MM1597126320260724-1,OK,DASS ITABERABA,70,141196,1400176,93022,CORDAO M9099 POLIESTER COR 4085 [9b0004cc-8e40-46e4-b518-d74a31dabedd],1.8MM,15971263,1200,0,24/07/2026,02/09/2026,36,27/07/2026,901604,,9b0004cc-8e40-46e4-b518-d74a31dabedd,ASICS,135871,,NORMAL
DASS VITORIA39114094795643110CM1593932815936850BRI010403-20260717-1,OK,DASS VITORIA,391,140947,827533,95643,ATAC. M13801 POLIESTER COR 100 [29ba89ac-0284-40d7-9473-067babac55d6],110CM,15939328,288,15936850BRI010403-,17/07/2026,02/09/2026,36,27/07/2026,901605,,29ba89ac-0284-40d7-9473-067babac55d6,UMBRO,135634,,CONTA E ORDEM VITÓRIA X ITABERABA
DASS VITORIA39114094795643110CM1593932815936851BRI010403-20260717-1,OK,DASS VITORIA,391,140947,827533,95643,ATAC. M13801 POLIESTER COR 100 [e9569038-8f20-43f7-bc4d-017461d4f9a0],110CM,15939328,288,15936851BRI010403-,17/07/2026,02/09/2026,36,27/07/2026,901606,,e9569038-8f20-43f7-bc4d-017461d4f9a0,UMBRO,135634,,CONTA E ORDEM VITÓRIA X ITABERABA
DASS VITORIA39114094795643110CM1593932815936853BRI010404-20260717-1,OK,DASS VITORIA,391,140947,827533,95643,ATAC. M13801 POLIESTER COR 100 [07165fa8-5731-4545-80ea-c023f0cb79f5],110CM,15939328,288,15936853BRI010404-,17/07/2026,02/09/2026,36,27/07/2026,901607,,07165fa8-5731-4545-80ea-c023f0cb79f5,UMBRO,135634,,CONTA E ORDEM VITÓRIA X ITABERABA
DASS VITORIA39114094795643110CM1593932815936854BRI010404-20260717-1,OK,DASS VITORIA,391,140947,827533,95643,ATAC. M13801 POLIESTER COR 100 [79713d1b-e7da-445f-805c-15c3249f0cac],110CM,15939328,288,15936854BRI010404-,17/07/2026,02/09/2026,36,27/07/2026,901608,,79713d1b-e7da-445f-805c-15c3249f0cac,UMBRO,135634,,CONTA E ORDEM VITÓRIA X ITABERABA
DASS VITORIA39114094795643110CM1593932815936856BRI010405-20260717-1,OK,DASS VITORIA,391,140947,827533,95643,ATAC. M13801 POLIESTER COR 100 [1e41cfc8-0dc0-4b69-8f5c-8cb201d60dcc],110CM,15939328,276,15936856BRI010405-,17/07/2026,02/09/2026,36,27/07/2026,901609,,1e41cfc8-0dc0-4b69-8f5c-8cb201d60dcc,UMBRO,135634,,CONTA E ORDEM VITÓRIA X ITABERABA
DASS VITORIA39114094795643110CM1593932815936858BRI010405-20260717-1,OK,DASS VITORIA,391,140947,827533,95643,ATAC. M13801 POLIESTER COR 100 [416dab83-4056-4620-829b-a8925105dd9f],110CM,15939328,288,15936858BRI010405-,17/07/2026,02/09/2026,36,27/07/2026,901610,,416dab83-4056-4620-829b-a8925105dd9f,UMBRO,135634,,CONTA E ORDEM VITÓRIA X ITABERABA
DASS VITORIA39114094795643120CM1593932815936850BRI010403-20260717-1,OK,DASS VITORIA,391,140947,827533,95643,ATAC. M13801 POLIESTER COR 100 [e5ed24f8-6e3a-4cc8-a7f7-29b75ca80d50],120CM,15939328,468,15936850BRI010403-,17/07/2026,02/09/2026,36,27/07/2026,901611,,e5ed24f8-6e3a-4cc8-a7f7-29b75ca80d50,UMBRO,135634,,CONTA E ORDEM VITÓRIA X ITABERABA
DASS VITORIA39114094795643120CM1593932815936851BRI010403-20260717-1,OK,DASS VITORIA,391,140947,827533,95643,ATAC. M13801 POLIESTER COR 100 [0eb7aed3-9849-45c8-9d61-369a18a63d68],120CM,15939328,504,15936851BRI010403-,17/07/2026,02/09/2026,36,27/07/2026,901612,,0eb7aed3-9849-45c8-9d61-369a18a63d68,UMBRO,135634,,CONTA E ORDEM VITÓRIA X ITABERABA
DASS VITORIA39114094795643120CM1593932815936853BRI010404-20260717-1,OK,DASS VITORIA,391,140947,827533,95643,ATAC. M13801 POLIESTER COR 100 [b1180a6e-bfa4-477d-b629-b895411885c8],120CM,15939328,456,15936853BRI010404-,17/07/2026,02/09/2026,36,27/07/2026,901613,,b1180a6e-bfa4-477d-b629-b895411885c8,UMBRO,135634,,CONTA E ORDEM VITÓRIA X ITABERABA
DASS VITORIA39114094795643120CM1593932815936854BRI010404-20260717-1,OK,DASS VITORIA,391,140947,827533,95643,ATAC. M13801 POLIESTER COR 100 [70cb97ba-b595-4df3-876a-5b96559b7494],120CM,15939328,492,15936854BRI010404-,17/07/2026,02/09/2026,36,27/07/2026,901614,,70cb97ba-b595-4df3-876a-5b96559b7494,UMBRO,135634,,CONTA E ORDEM VITÓRIA X ITABERABA
DASS VITORIA39114094795643120CM1593932815936856BRI010405-20260717-1,OK,DASS VITORIA,391,140947,827533,95643,ATAC. M13801 POLIESTER COR 100 [77b508ab-a9bc-44b3-856d-77e7cd70f61e],120CM,15939328,456,15936856BRI010405-,17/07/2026,02/09/2026,36,27/07/2026,901615,,77b508ab-a9bc-44b3-856d-77e7cd70f61e,UMBRO,135634,,CONTA E ORDEM VITÓRIA X ITABERABA
DASS VITORIA39114094795643120CM1593932815936858BRI010405-20260717-1,OK,DASS VITORIA,391,140947,827533,95643,ATAC. M13801 POLIESTER COR 100 [a66cf9cc-d847-4a1a-a699-0fd56d73019a],120CM,15939328,492,15936858BRI010405-,17/07/2026,02/09/2026,36,27/07/2026,901616,,a66cf9cc-d847-4a1a-a699-0fd56d73019a,UMBRO,135634,,CONTA E ORDEM VITÓRIA X ITABERABA
DASS VITORIA39114094795644120CM1593932815936818BRI01039520260717-1,OK,DASS VITORIA,391,140947,827530,95644,ATAC. M13801 POLIESTER COR 102 [343da083-85d2-4224-b3b1-d83374f32a8d],120CM,15939328,324,15936818BRI010395,17/07/2026,02/09/2026,36,27/07/2026,901617,,343da083-85d2-4224-b3b1-d83374f32a8d,UMBRO,135634,,CONTA E ORDEM VITÓRIA X ITABERABA
DASS VITORIA39114094795644130CM1593932815936818BRI01039520260717-1,OK,DASS VITORIA,391,140947,827530,95644,ATAC. M13801 POLIESTER COR 102 [3babc53d-2f6f-4223-802f-b6fb7e0fc7d3],130CM,15939328,696,15936818BRI010395,17/07/2026,02/09/2026,36,27/07/2026,901618,,3babc53d-2f6f-4223-802f-b6fb7e0fc7d3,UMBRO,135634,,CONTA E ORDEM VITÓRIA X ITABERABA
DASS VITORIA39114094795645120CM1593932815936893BRI010399-20260717-1,OK,DASS VITORIA,391,140947,1328498,95645,ATAC. M13801 POLIESTER COR 058 [982aeccc-ea01-4fcf-9f33-ae6514a2cf45],120CM,15939328,324,15936893BRI010399-,17/07/2026,02/09/2026,36,27/07/2026,901619,,982aeccc-ea01-4fcf-9f33-ae6514a2cf45,UMBRO,135634,,CONTA E ORDEM VITÓRIA X ITABERABA
DASS VITORIA39114094795645120CM1593932815936895BRI010399-20260717-1,OK,DASS VITORIA,391,140947,1328498,95645,ATAC. M13801 POLIESTER COR 058 [2c998b11-b5a8-452c-ae65-5d6853dfba03],120CM,15939328,324,15936895BRI010399-,17/07/2026,02/09/2026,36,27/07/2026,901620,,2c998b11-b5a8-452c-ae65-5d6853dfba03,UMBRO,135634,,CONTA E ORDEM VITÓRIA X ITABERABA
DASS VITORIA39114094795645130CM1593932815936893BRI010399-20260717-1,OK,DASS VITORIA,391,140947,1328498,95645,ATAC. M13801 POLIESTER COR 058 [c0717163-c637-4bc7-83a3-81d9a6075adf],130CM,15939328,444,15936893BRI010399-,17/07/2026,02/09/2026,36,27/07/2026,901621,,c0717163-c637-4bc7-83a3-81d9a6075adf,UMBRO,135634,,CONTA E ORDEM VITÓRIA X ITABERABA
DASS VITORIA39114094795645130CM1593932815936895BRI010399-20260717-1,OK,DASS VITORIA,391,140947,1328498,95645,ATAC. M13801 POLIESTER COR 058 [0d825d3f-6052-4a25-ba75-3b84e23419c3],130CM,15939328,456,15936895BRI010399-,17/07/2026,02/09/2026,36,27/07/2026,901622,,0d825d3f-6052-4a25-ba75-3b84e23419c3,UMBRO,135634,,CONTA E ORDEM VITÓRIA X ITABERABA
DASS SEST713928286418100CM1577519815773825NBR328288520260602-1,OK,DASS SEST,7,139282,1278311,86418,ATAC. MR140014 6MM RECICLADO COR 4662/PET [6233293d-46c8-45fb-8f2f-61de7e9f2a00],100CM,15775198,144,15773825NBR3282885,02/06/2026,08/09/2026,42,27/07/2026,901623,,6233293d-46c8-45fb-8f2f-61de7e9f2a00,NIKE,133902,,
DASS SEST713928286418100CM1577519815773827NBR328288520260602-1,OK,DASS SEST,7,139282,1278311,86418,ATAC. MR140014 6MM RECICLADO COR 4662/PET [bea0d9cc-00ab-4b02-a575-03d683774f43],100CM,15775198,144,15773827NBR3282885,02/06/2026,08/09/2026,42,27/07/2026,901624,,bea0d9cc-00ab-4b02-a575-03d683774f43,NIKE,133902,,
DASS SEST713928286418105CM1577519815773825NBR328288520260602-1,OK,DASS SEST,7,139282,1278311,86418,ATAC. MR140014 6MM RECICLADO COR 4662/PET [ed29da2c-a167-4687-8842-11724250922d],105CM,15775198,963,15773825NBR3282885,02/06/2026,08/09/2026,42,27/07/2026,901625,,ed29da2c-a167-4687-8842-11724250922d,NIKE,133902,,
DASS SEST713928286418105CM1577519815773827NBR328288520260602-1,OK,DASS SEST,7,139282,1278311,86418,ATAC. MR140014 6MM RECICLADO COR 4662/PET [f8561f5d-eae3-46e5-8bd0-6567b63f4511],105CM,15775198,1014,15773827NBR3282885,02/06/2026,08/09/2026,42,27/07/2026,901626,,f8561f5d-eae3-46e5-8bd0-6567b63f4511,NIKE,133902,,
DASS SEST713928286418110CM1577519815773825NBR328288520260602-1,OK,DASS SEST,7,139282,1278311,86418,ATAC. MR140014 6MM RECICLADO COR 4662/PET [796917dc-1397-4816-84ce-ecd6e89df2ba],110CM,15775198,60,15773825NBR3282885,02/06/2026,08/09/2026,42,27/07/2026,901627,,796917dc-1397-4816-84ce-ecd6e89df2ba,NIKE,133902,,
DASS SEST713928286418110CM1577519815773827NBR328288520260602-1,OK,DASS SEST,7,139282,1278311,86418,ATAC. MR140014 6MM RECICLADO COR 4662/PET [eaf5d734-2376-4975-9d33-ca5d4c115115],110CM,15775198,60,15773827NBR3282885,02/06/2026,08/09/2026,42,27/07/2026,901628,,eaf5d734-2376-4975-9d33-ca5d4c115115,NIKE,133902,,
DASS SEST713928295705105CM1577519815773834NBR328291820260602-1,OK,DASS SEST,7,139282,1360726,95705,ATAC. MR140014 6MM RECICLADO COR 057/PET [c556cc5a-3287-47b9-b78d-748542bed86e],105CM,15775198,168,15773834NBR3282918,02/06/2026,08/09/2026,42,27/07/2026,901629,,c556cc5a-3287-47b9-b78d-748542bed86e,NIKE,133902,,
DASS SEST713928295705105CM1577519815773835NBR328291820260602-1,OK,DASS SEST,7,139282,1360726,95705,ATAC. MR140014 6MM RECICLADO COR 057/PET [30b8d918-55dd-4d47-a830-47736641bcf9],105CM,15775198,210,15773835NBR3282918,02/06/2026,08/09/2026,42,27/07/2026,901630,,30b8d918-55dd-4d47-a830-47736641bcf9,NIKE,133902,,
DASS SEST713928295705110CM1577519815773834NBR328291820260602-1,OK,DASS SEST,7,139282,1360726,95705,ATAC. MR140014 6MM RECICLADO COR 057/PET [eb01dc4a-7067-4d70-9b42-e5f8d0b3e187],110CM,15775198,542,15773834NBR3282918,02/06/2026,08/09/2026,42,27/07/2026,901631,,eb01dc4a-7067-4d70-9b42-e5f8d0b3e187,NIKE,133902,,
DASS SEST713928295705110CM1577519815773835NBR328291820260602-1,OK,DASS SEST,7,139282,1360726,95705,ATAC. MR140014 6MM RECICLADO COR 057/PET [6bc77f59-5503-4e8e-a249-1958c79480a9],110CM,15775198,534,15773835NBR3282918,02/06/2026,08/09/2026,42,27/07/2026,901632,,6bc77f59-5503-4e8e-a249-1958c79480a9,NIKE,133902,,
DASS SEST713928295705115CM1577519815773834NBR328291820260602-1,OK,DASS SEST,7,139282,1360726,95705,ATAC. MR140014 6MM RECICLADO COR 057/PET [00d93cf9-83d3-46e9-8f64-f0c9cd99026d],115CM,15775198,204,15773834NBR3282918,02/06/2026,08/09/2026,42,27/07/2026,901633,,00d93cf9-83d3-46e9-8f64-f0c9cd99026d,NIKE,133902,,
DASS SEST713928295705115CM1577519815773835NBR328291820260602-1,OK,DASS SEST,7,139282,1360726,95705,ATAC. MR140014 6MM RECICLADO COR 057/PET [89dc5230-3a27-4c38-8324-14f26cb2b435],115CM,15775198,228,15773835NBR3282918,02/06/2026,08/09/2026,42,27/07/2026,901634,,89dc5230-3a27-4c38-8324-14f26cb2b435,NIKE,133902,,
DASS SEST713957486978100CM1581641415815477NBR328290520260611-1,OK,DASS SEST,7,139574,1299257,86978,ATAC. MR130027 6MM RECICLADO COR 4085/PET [2c5fab9a-a9c5-4f1d-994c-a5dfc8da838e],100CM,15816414,192,15815477NBR3282905,11/06/2026,08/09/2026,42,27/07/2026,901635,,2c5fab9a-a9c5-4f1d-994c-a5dfc8da838e,NIKE,134325,,
DASS SEST713957486978100CM1581641415815478NBR328290520260611-1,OK,DASS SEST,7,139574,1299257,86978,ATAC. MR130027 6MM RECICLADO COR 4085/PET [13412926-d90f-402e-a73c-3b1fbece513e],100CM,15816414,241,15815478NBR3282905,11/06/2026,08/09/2026,42,27/07/2026,901636,,13412926-d90f-402e-a73c-3b1fbece513e,NIKE,134325,,
DASS SEST713957486978105CM1581641415815477NBR328290520260611-1,OK,DASS SEST,7,139574,1299257,86978,ATAC. MR130027 6MM RECICLADO COR 4085/PET [4b5ea782-639b-433f-9391-6c06b934d81a],105CM,15816414,658,15815477NBR3282905,11/06/2026,08/09/2026,42,27/07/2026,901637,,4b5ea782-639b-433f-9391-6c06b934d81a,NIKE,134325,,
DASS SEST713957486978105CM1581641415815478NBR328290520260611-1,OK,DASS SEST,7,139574,1299257,86978,ATAC. MR130027 6MM RECICLADO COR 4085/PET [fcda9362-a427-4ec3-85a0-2e13f34e5a62],105CM,15816414,673,15815478NBR3282905,11/06/2026,08/09/2026,42,27/07/2026,901638,,fcda9362-a427-4ec3-85a0-2e13f34e5a62,NIKE,134325,,
DASS SEST713957486978110CM1581641415815477NBR328290520260611-1,OK,DASS SEST,7,139574,1299257,86978,ATAC. MR130027 6MM RECICLADO COR 4085/PET [270c8b44-4719-48e6-842f-aacf75263c9f],110CM,15816414,180,15815477NBR3282905,11/06/2026,08/09/2026,42,27/07/2026,901639,,270c8b44-4719-48e6-842f-aacf75263c9f,NIKE,134325,,
DASS SEST713957486978110CM1581641415815478NBR328290520260611-1,OK,DASS SEST,7,139574,1299257,86978,ATAC. MR130027 6MM RECICLADO COR 4085/PET [a316b2ba-1ca0-4069-aa8f-3faee61a6a83],110CM,15816414,204,15815478NBR3282905,11/06/2026,08/09/2026,42,27/07/2026,901640,,a316b2ba-1ca0-4069-aa8f-3faee61a6a83,NIKE,134325,,
DASS SEST71395748869595CM1581641415815491NBR328284720260611-1,OK,DASS SEST,7,139574,1301800,88695,ATAC. MR130027 6MM RECICLADO COR 4662/PET [2917a78e-61d5-410d-8990-deba2527af07],95CM,15816414,427,15815491NBR3282847,11/06/2026,08/09/2026,42,27/07/2026,901641,,2917a78e-61d5-410d-8990-deba2527af07,NIKE,134325,,
DASS SEST713957488695100CM1581641415815491NBR328284720260611-1,OK,DASS SEST,7,139574,1301800,88695,ATAC. MR130027 6MM RECICLADO COR 4662/PET [a8a0c9a7-07fa-4d0c-8d50-59ac3464740b],100CM,15816414,538,15815491NBR3282847,11/06/2026,08/09/2026,42,27/07/2026,901642,,a8a0c9a7-07fa-4d0c-8d50-59ac3464740b,NIKE,134325,,
DASS SEST713957488695100CM1581641415815497NBR328289320260611-1,OK,DASS SEST,7,139574,1301800,88695,ATAC. MR130027 6MM RECICLADO COR 4662/PET [3d0848d5-6c7f-4bc4-a910-4fca3ab966cf],100CM,15816414,256,15815497NBR3282893,11/06/2026,08/09/2026,42,27/07/2026,901643,,3d0848d5-6c7f-4bc4-a910-4fca3ab966cf,NIKE,134325,,
DASS SEST713957488695105CM1581641415815491NBR328284720260611-1,OK,DASS SEST,7,139574,1301800,88695,ATAC. MR130027 6MM RECICLADO COR 4662/PET [15824d99-6011-4a54-8008-cd648c3926c7],105CM,15816414,61,15815491NBR3282847,11/06/2026,08/09/2026,42,27/07/2026,901644,,15824d99-6011-4a54-8008-cd648c3926c7,NIKE,134325,,
DASS SEST713957488695105CM1581641415815497NBR328289320260611-1,OK,DASS SEST,7,139574,1301800,88695,ATAC. MR130027 6MM RECICLADO COR 4662/PET [573258c0-11a6-4481-a8e7-4837399415b3],105CM,15816414,788,15815497NBR3282893,11/06/2026,08/09/2026,42,27/07/2026,901645,,573258c0-11a6-4481-a8e7-4837399415b3,NIKE,134325,,
DASS SEST713957488695110CM1581641415815497NBR328289320260611-1,OK,DASS SEST,7,139574,1301800,88695,ATAC. MR130027 6MM RECICLADO COR 4662/PET [8bdb628d-7ed0-40b1-b08f-3315a79fa790],110CM,15816414,231,15815497NBR3282893,11/06/2026,08/09/2026,42,27/07/2026,901646,,8bdb628d-7ed0-40b1-b08f-3315a79fa790,NIKE,134325,,
DASS SEST713965682628100CM1581991015818122NBR328303920260612-1,OK,DASS SEST,7,139656,1188919,82628,ATAC. MR140014 6MM RECICLADO COR 4085/PET [5710dc04-b91e-4033-a589-9da1d54e1a36],100CM,15819910,12,15818122NBR3283039,12/06/2026,08/09/2026,42,27/07/2026,901647,,5710dc04-b91e-4033-a589-9da1d54e1a36,NIKE,134366,,
DASS SEST713965682628105CM1581991015818122NBR328303920260612-1,OK,DASS SEST,7,139656,1188919,82628,ATAC. MR140014 6MM RECICLADO COR 4085/PET [2d52bd2e-32ed-426c-b7a8-80af032f86d8],105CM,15819910,264,15818122NBR3283039,12/06/2026,08/09/2026,42,27/07/2026,901648,,2d52bd2e-32ed-426c-b7a8-80af032f86d8,NIKE,134366,,
DASS SEST713965682628105CM1581991015818123NBR328303920260612-1,OK,DASS SEST,7,139656,1188919,82628,ATAC. MR140014 6MM RECICLADO COR 4085/PET [dba90808-e2c5-489a-ac64-7616be2d7039],105CM,15819910,276,15818123NBR3283039,12/06/2026,08/09/2026,42,27/07/2026,901649,,dba90808-e2c5-489a-ac64-7616be2d7039,NIKE,134366,,
DASS SEST713965682628110CM1581991015818122NBR328303920260612-1,OK,DASS SEST,7,139656,1188919,82628,ATAC. MR140014 6MM RECICLADO COR 4085/PET [0475db46-590c-4131-8efd-c05f399cfe83],110CM,15819910,389,15818122NBR3283039,12/06/2026,08/09/2026,42,27/07/2026,901650,,0475db46-590c-4131-8efd-c05f399cfe83,NIKE,134366,,
DASS SEST713965682628110CM1581991015818123NBR328303920260612-1,OK,DASS SEST,7,139656,1188919,82628,ATAC. MR140014 6MM RECICLADO COR 4085/PET [86fe3854-f276-48af-8331-1a61dcec58e9],110CM,15819910,413,15818123NBR3283039,12/06/2026,08/09/2026,42,27/07/2026,901651,,86fe3854-f276-48af-8331-1a61dcec58e9,NIKE,134366,,
DASS SEST713965682628115CM1581991015818122NBR328303920260612-1,OK,DASS SEST,7,139656,1188919,82628,ATAC. MR140014 6MM RECICLADO COR 4085/PET [4d8c2bf9-6ee2-4ac2-ba31-4acf883be8ab],115CM,15819910,48,15818122NBR3283039,12/06/2026,08/09/2026,42,27/07/2026,901652,,4d8c2bf9-6ee2-4ac2-ba31-4acf883be8ab,NIKE,134366,,
DASS SEST713965682628115CM1581991015818123NBR328303920260612-1,OK,DASS SEST,7,139656,1188919,82628,ATAC. MR140014 6MM RECICLADO COR 4085/PET [cbc3b454-e608-40cf-9fb9-217b2ff5a83b],115CM,15819910,55,15818123NBR3283039,12/06/2026,08/09/2026,42,27/07/2026,901653,,cbc3b454-e608-40cf-9fb9-217b2ff5a83b,NIKE,134366,,
DASS SEST713965688451100CM1581991015818134NBR328290220260612-1,OK,DASS SEST,7,139656,1324864,88451,ATAC. MR140014 6MM RECICLADO COR 5687/PET [582ca1c8-9405-4159-9d1d-a7244e6b81ec],100CM,15819910,680,15818134NBR3282902,12/06/2026,08/09/2026,42,27/07/2026,901654,,582ca1c8-9405-4159-9d1d-a7244e6b81ec,NIKE,134366,,
DASS SEST713965688451105CM1581991015818134NBR328290220260612-1,OK,DASS SEST,7,139656,1324864,88451,ATAC. MR140014 6MM RECICLADO COR 5687/PET [a0049512-0109-44b4-9b41-e9cce3aca27e],105CM,15819910,340,15818134NBR3282902,12/06/2026,08/09/2026,42,27/07/2026,901655,,a0049512-0109-44b4-9b41-e9cce3aca27e,NIKE,134366,,
DASS SEST71396577400710MM1582017020260612-1,OK,DASS SEST,7,139657,1200469,74007,FITA M32164 C/ GOMA POLIESTER COR 4085 [6f81a129-ea8e-4c9b-91d1-c8633bea6c57],10MM,15820170,80,0,12/06/2026,08/09/2026,42,27/07/2026,901656,,6f81a129-ea8e-4c9b-91d1-c8633bea6c57,NIKE,134367,,
DASS SEST71396578373910MM1582017020260612-1,OK,DASS SEST,7,139657,1247438,83739,FITA M32164 C/ GOMA POLIESTER COR 4662 [ede5e126-86a4-4898-9aac-f19fa2a54121],10MM,15820170,140,0,12/06/2026,08/09/2026,42,27/07/2026,901657,,ede5e126-86a4-4898-9aac-f19fa2a54121,NIKE,134367,,
DASS SEST71399359296316MM1584966320260622-1,OK,DASS SEST,7,139935,1353470,92963,FITA M31119 C/ GOMA POLIESTER COR 102 / COR 100 / COR 100 [b30a5543-dd85-49db-aba9-3e3927c2094d],16MM,15849663,430,0,22/06/2026,08/09/2026,42,27/07/2026,901658,,b30a5543-dd85-49db-aba9-3e3927c2094d,FILA,134611,,
DASS SEST71399359530116MM1584966320260622-1,OK,DASS SEST,7,139935,1416908,95301,FITA M31119 C/ GOMA POLIESTER COR 6038 / COR 5508 / COR 5508 [b9a3402e-7ed1-45d4-9528-c759e3315a23],16MM,15849663,180,0,22/06/2026,08/09/2026,42,27/07/2026,901659,,b9a3402e-7ed1-45d4-9528-c759e3315a23,FILA,134611,,
DASS SEST71399359530216MM1584966320260622-1,OK,DASS SEST,7,139935,1416741,95302,FITA M31119 C/ GOMA POLIESTER COR 102 / COR 5508 / COR 5508 [2aad1fe8-6ce8-42c3-a77f-3da38c2d5921],16MM,15849663,210,0,22/06/2026,08/09/2026,42,27/07/2026,901660,,2aad1fe8-6ce8-42c3-a77f-3da38c2d5921,FILA,134611,,
DASS SEST71399359548716MM1584966320260622-1,OK,DASS SEST,7,139935,1353472,95487,FITA M31119 C/ GOMA POLIESTER COR 5703 / COR 114 / COR 114 [2b3e4d17-c651-46ce-ab05-90c93c5ae9e7],16MM,15849663,690,0,22/06/2026,08/09/2026,42,27/07/2026,901661,,2b3e4d17-c651-46ce-ab05-90c93c5ae9e7,FILA,134611,,
DASS SEST71399359549116MM1584966320260622-1,OK,DASS SEST,7,139935,1416938,95491,FITA M31119 C/ GOMA POLIESTER COR 6001 / COR 5508 / COR 5508 [6abb8fa2-7409-457d-a146-52a8c0fbcfd1],16MM,15849663,810,0,22/06/2026,08/09/2026,42,27/07/2026,901662,,6abb8fa2-7409-457d-a146-52a8c0fbcfd1,FILA,134611,,
DASS SEST713993695488135CM1584968115845708BR314794-A20260622-1,OK,DASS SEST,7,139936,1423776,95488,ATAC. M60132 ALPINA COR 2000 [8acf0598-325b-44c6-a099-10983827dc0b],135CM,15849681,528,15845708BR314794-A,22/06/2026,08/09/2026,42,27/07/2026,901663,,8acf0598-325b-44c6-a099-10983827dc0b,FILA,134612,,
DASS SEST713993695488145CM1584968115845708BR314794-A20260622-1,OK,DASS SEST,7,139936,1423776,95488,ATAC. M60132 ALPINA COR 2000 [690a1c9f-4b40-40f5-b4ef-732971ace8f8],145CM,15849681,336,15845708BR314794-A,22/06/2026,08/09/2026,42,27/07/2026,901664,,690a1c9f-4b40-40f5-b4ef-732971ace8f8,FILA,134612,,
DASS SEST71400978262418MM1585646720260625-1,OK,DASS SEST,7,140097,1220520,82624,FITA MR100037 C/ GOMA RECICLADO COR 100/PET [fd6b39c1-2e0d-450d-9d7f-e2025e1779c7],18MM,15856467,410,0,25/06/2026,08/09/2026,42,27/07/2026,901665,,fd6b39c1-2e0d-450d-9d7f-e2025e1779c7,NIKE,134786,,
DASS SEST71400979235610MM1585646720260625-1,OK,DASS SEST,7,140097,1359567,92356,FITA MR100005 C/ GOMA RECICLADO COR 5481/1PET [c5758c71-7ed4-4323-8a8b-c3a9fddf409d],10MM,15856467,190,0,25/06/2026,08/09/2026,42,27/07/2026,901666,,c5758c71-7ed4-4323-8a8b-c3a9fddf409d,NIKE,134786,,
DASS SEST71400987423615MM1585981820260625-1,OK,DASS SEST,7,140098,1187785,74236,FITA MR100001 C/ GOMA RECICLADO COR 4662/PET [40daac49-e0e1-4e08-890c-74c2e555e23c],15MM,15859818,310,0,25/06/2026,08/09/2026,42,27/07/2026,901667,,40daac49-e0e1-4e08-890c-74c2e555e23c,NIKE,134787,,
DASS SEST714012888668110CM1585579015851096NBR328301720260625-1,OK,DASS SEST,7,140128,1304277,88668,ATAC. MR110022 7MM RECICLADO COR 4085/PET / COR 496/PET [36571e9b-4425-491c-ac90-81a5a0e1353f],110CM,15855790,186,15851096NBR3283017,25/06/2026,08/09/2026,42,27/07/2026,901668,,36571e9b-4425-491c-ac90-81a5a0e1353f,NIKE,134819,,
DASS SEST714012888668110CM1585579015851102NBR328302120260625-1,OK,DASS SEST,7,140128,1304277,88668,ATAC. MR110022 7MM RECICLADO COR 4085/PET / COR 496/PET [bfb95be3-665c-4ea9-b953-bc6fb8abb2ec],110CM,15855790,1112,15851102NBR3283021,25/06/2026,08/09/2026,42,27/07/2026,901669,,bfb95be3-665c-4ea9-b953-bc6fb8abb2ec,NIKE,134819,,
DASS SEST714012888668110CM1585579015851089NBR328304420260625-1,OK,DASS SEST,7,140128,1304277,88668,ATAC. MR110022 7MM RECICLADO COR 4085/PET / COR 496/PET [fe8bebd0-62db-4431-b862-ba57de511b3d],110CM,15855790,228,15851089NBR3283044,25/06/2026,08/09/2026,42,27/07/2026,901670,,fe8bebd0-62db-4431-b862-ba57de511b3d,NIKE,134819,,
DASS SEST714012888668110CM1585579015851090NBR328304420260625-1,OK,DASS SEST,7,140128,1304277,88668,ATAC. MR110022 7MM RECICLADO COR 4085/PET / COR 496/PET [2329056d-c058-4ee3-a83e-d81d2b6cfbd2],110CM,15855790,216,15851090NBR3283044,25/06/2026,08/09/2026,42,27/07/2026,901671,,2329056d-c058-4ee3-a83e-d81d2b6cfbd2,NIKE,134819,,
DASS SEST714012888668110CM1585579015851091NBR328304420260625-1,OK,DASS SEST,7,140128,1304277,88668,ATAC. MR110022 7MM RECICLADO COR 4085/PET / COR 496/PET [5eb61a87-1249-4aea-a03d-2555391d5f01],110CM,15855790,240,15851091NBR3283044,25/06/2026,08/09/2026,42,27/07/2026,901672,,5eb61a87-1249-4aea-a03d-2555391d5f01,NIKE,134819,,
DASS SEST714012888668115CM1585579015851096NBR328301720260625-1,OK,DASS SEST,7,140128,1304277,88668,ATAC. MR110022 7MM RECICLADO COR 4085/PET / COR 496/PET [43c2e28f-86da-4513-bcc5-99e569d4b71e],115CM,15855790,650,15851096NBR3283017,25/06/2026,08/09/2026,42,27/07/2026,901673,,43c2e28f-86da-4513-bcc5-99e569d4b71e,NIKE,134819,,
DASS SEST714012888668115CM1585579015851102NBR328302120260625-1,OK,DASS SEST,7,140128,1304277,88668,ATAC. MR110022 7MM RECICLADO COR 4085/PET / COR 496/PET [3ac15645-19dd-414c-9ca0-8535ff6c87fb],115CM,15855790,18,15851102NBR3283021,25/06/2026,08/09/2026,42,27/07/2026,901674,,3ac15645-19dd-414c-9ca0-8535ff6c87fb,NIKE,134819,,
DASS SEST714012888668115CM1585579015851089NBR328304420260625-1,OK,DASS SEST,7,140128,1304277,88668,ATAC. MR110022 7MM RECICLADO COR 4085/PET / COR 496/PET [898a1f4a-110c-4e89-a057-b13e3830f37a],115CM,15855790,573,15851089NBR3283044,25/06/2026,08/09/2026,42,27/07/2026,901675,,898a1f4a-110c-4e89-a057-b13e3830f37a,NIKE,134819,,
DASS SEST714012888668115CM1585579015851090NBR328304420260625-1,OK,DASS SEST,7,140128,1304277,88668,ATAC. MR110022 7MM RECICLADO COR 4085/PET / COR 496/PET [d70b17bb-d2f8-4f80-92cb-efa622886db2],115CM,15855790,552,15851090NBR3283044,25/06/2026,08/09/2026,42,27/07/2026,901676,,d70b17bb-d2f8-4f80-92cb-efa622886db2,NIKE,134819,,
DASS SEST714012888668115CM1585579015851091NBR328304420260625-1,OK,DASS SEST,7,140128,1304277,88668,ATAC. MR110022 7MM RECICLADO COR 4085/PET / COR 496/PET [d06f9d6f-4697-4d79-8dd9-f5589e7e8356],115CM,15855790,570,15851091NBR3283044,25/06/2026,08/09/2026,42,27/07/2026,901677,,d06f9d6f-4697-4d79-8dd9-f5589e7e8356,NIKE,134819,,
DASS SEST714012888668120CM1585579015851096NBR328301720260625-1,OK,DASS SEST,7,140128,1304277,88668,ATAC. MR110022 7MM RECICLADO COR 4085/PET / COR 496/PET [be91edf2-24e1-4152-b754-c9a14a815ada],120CM,15855790,174,15851096NBR3283017,25/06/2026,08/09/2026,42,27/07/2026,901678,,be91edf2-24e1-4152-b754-c9a14a815ada,NIKE,134819,,
DASS SEST714012888668120CM1585579015851089NBR328304420260625-1,OK,DASS SEST,7,140128,1304277,88668,ATAC. MR110022 7MM RECICLADO COR 4085/PET / COR 496/PET [dee88e25-3e70-42f8-829e-b5ac07348b58],120CM,15855790,168,15851089NBR3283044,25/06/2026,08/09/2026,42,27/07/2026,901679,,dee88e25-3e70-42f8-829e-b5ac07348b58,NIKE,134819,,
DASS SEST714012888668120CM1585579015851090NBR328304420260625-1,OK,DASS SEST,7,140128,1304277,88668,ATAC. MR110022 7MM RECICLADO COR 4085/PET / COR 496/PET [714767e3-34da-4a2d-8b63-e3a9513abaab],120CM,15855790,168,15851090NBR3283044,25/06/2026,08/09/2026,42,27/07/2026,901680,,714767e3-34da-4a2d-8b63-e3a9513abaab,NIKE,134819,,
DASS SEST714012888668120CM1585579015851091NBR328304420260625-1,OK,DASS SEST,7,140128,1304277,88668,ATAC. MR110022 7MM RECICLADO COR 4085/PET / COR 496/PET [87ac9fbf-8dd4-4394-b18b-9393f650369f],120CM,15855790,192,15851091NBR3283044,25/06/2026,08/09/2026,42,27/07/2026,901681,,87ac9fbf-8dd4-4394-b18b-9393f650369f,NIKE,134819,,
DASS SEST714012892431110CM1585579015851105NBR328301120260625-1,OK,DASS SEST,7,140128,1362000,92431,ATAC. MR110022 7MM RECICLADO COR 4662/PET / COR 4758/PET [1ff6e5ea-4a4f-4902-b4c0-a6b647e99e91],110CM,15855790,770,15851105NBR3283011,25/06/2026,08/09/2026,42,27/07/2026,901682,,1ff6e5ea-4a4f-4902-b4c0-a6b647e99e91,NIKE,134819,,
DASS SEST714012892431110CM1585579015851106NBR328301120260625-1,OK,DASS SEST,7,140128,1362000,92431,ATAC. MR110022 7MM RECICLADO COR 4662/PET / COR 4758/PET [79b4d32a-8fa9-4510-ba3c-faf42c7dc554],110CM,15855790,822,15851106NBR3283011,25/06/2026,08/09/2026,42,27/07/2026,901683,,79b4d32a-8fa9-4510-ba3c-faf42c7dc554,NIKE,134819,,
DASS SEST714012892431110CM1585579015851107NBR328301220260625-1,OK,DASS SEST,7,140128,1362000,92431,ATAC. MR110022 7MM RECICLADO COR 4662/PET / COR 4758/PET [0f3c8332-327c-4832-b213-8f26fef95a13],110CM,15855790,794,15851107NBR3283012,25/06/2026,08/09/2026,42,27/07/2026,901684,,0f3c8332-327c-4832-b213-8f26fef95a13,NIKE,134819,,
DASS SEST714012892431110CM1585579015851108NBR328301220260625-1,OK,DASS SEST,7,140128,1362000,92431,ATAC. MR110022 7MM RECICLADO COR 4662/PET / COR 4758/PET [9e7afe02-05e7-42f6-93c6-eef32699023c],110CM,15855790,828,15851108NBR3283012,25/06/2026,08/09/2026,42,27/07/2026,901685,,9e7afe02-05e7-42f6-93c6-eef32699023c,NIKE,134819,,
DASS SEST714012892431115CM1585579015851105NBR328301120260625-1,OK,DASS SEST,7,140128,1362000,92431,ATAC. MR110022 7MM RECICLADO COR 4662/PET / COR 4758/PET [8f24cb3a-5969-4b1b-82ae-6be8de0402f4],115CM,15855790,12,15851105NBR3283011,25/06/2026,08/09/2026,42,27/07/2026,901686,,8f24cb3a-5969-4b1b-82ae-6be8de0402f4,NIKE,134819,,
DASS SEST714012892431115CM1585579015851106NBR328301120260625-1,OK,DASS SEST,7,140128,1362000,92431,ATAC. MR110022 7MM RECICLADO COR 4662/PET / COR 4758/PET [80ab4edc-1414-4018-9eda-52425c0da2ed],115CM,15855790,24,15851106NBR3283011,25/06/2026,08/09/2026,42,27/07/2026,901687,,80ab4edc-1414-4018-9eda-52425c0da2ed,NIKE,134819,,
DASS SEST714012892431115CM1585579015851107NBR328301220260625-1,OK,DASS SEST,7,140128,1362000,92431,ATAC. MR110022 7MM RECICLADO COR 4662/PET / COR 4758/PET [5a72fc90-b9ee-4440-b4fb-6c16f3991f3b],115CM,15855790,12,15851107NBR3283012,25/06/2026,08/09/2026,42,27/07/2026,901688,,5a72fc90-b9ee-4440-b4fb-6c16f3991f3b,NIKE,134819,,
DASS SEST714012892431115CM1585579015851108NBR328301220260625-1,OK,DASS SEST,7,140128,1362000,92431,ATAC. MR110022 7MM RECICLADO COR 4662/PET / COR 4758/PET [c880f98a-ddf0-4e13-b335-170e7e0a5cbe],115CM,15855790,24,15851108NBR3283012,25/06/2026,08/09/2026,42,27/07/2026,901689,,c880f98a-ddf0-4e13-b335-170e7e0a5cbe,NIKE,134819,,
DASS SEST714012895026110CM1585579015851109NBR328302420260625-1,OK,DASS SEST,7,140128,1413117,95026,ATAC. MR110022 7MM RECICLADO COR 6146/PET / COR 492/PET [9b21b128-3f98-468a-bc5c-27392565f083],110CM,15855790,222,15851109NBR3283024,25/06/2026,08/09/2026,42,27/07/2026,901690,,9b21b128-3f98-468a-bc5c-27392565f083,NIKE,134819,,
DASS SEST714012895026115CM1585579015851109NBR328302420260625-1,OK,DASS SEST,7,140128,1413117,95026,ATAC. MR110022 7MM RECICLADO COR 6146/PET / COR 492/PET [c5fe9972-fb57-4bb8-abc2-057c4f3dd4a6],115CM,15855790,668,15851109NBR3283024,25/06/2026,08/09/2026,42,27/07/2026,901691,,c5fe9972-fb57-4bb8-abc2-057c4f3dd4a6,NIKE,134819,,
DASS SEST714012895026120CM1585579015851109NBR328302420260625-1,OK,DASS SEST,7,140128,1413117,95026,ATAC. MR110022 7MM RECICLADO COR 6146/PET / COR 492/PET [9c49e922-1d7f-4bbe-827e-5a2171b88e11],120CM,15855790,120,15851109NBR3283024,25/06/2026,08/09/2026,42,27/07/2026,901692,,9c49e922-1d7f-4bbe-827e-5a2171b88e11,NIKE,134819,,
DASS SEST714012895897110CM1585579015851128NBR328301320260625-1,OK,DASS SEST,7,140128,1424201,95897,ATAC. MR110022 7MM RECICLADO COR 4662/PET / COR 4638/PET [cb2a28b8-2ca9-4d8a-bea5-91ffba079b75],110CM,15855790,1040,15851128NBR3283013,25/06/2026,08/09/2026,42,27/07/2026,901693,,cb2a28b8-2ca9-4d8a-bea5-91ffba079b75,NIKE,134819,,
DASS SEST714012895897115CM1585579015851128NBR328301320260625-1,OK,DASS SEST,7,140128,1424201,95897,ATAC. MR110022 7MM RECICLADO COR 4662/PET / COR 4638/PET [3df994ab-b4e1-4d1b-8dec-ad1de8f1d44d],115CM,15855790,6,15851128NBR3283013,25/06/2026,08/09/2026,42,27/07/2026,901694,,3df994ab-b4e1-4d1b-8dec-ad1de8f1d44d,NIKE,134819,,
DASS SEST714012895899110CM1585579015851122NBR328286120260625-1,OK,DASS SEST,7,140128,1424203,95899,ATAC. MR110022 7MM RECICLADO COR 4085/PET / COR 422/PET [73f45626-aaed-4aeb-9ef3-21564f51a51c],110CM,15855790,992,15851122NBR3282861,25/06/2026,08/09/2026,42,27/07/2026,901695,,73f45626-aaed-4aeb-9ef3-21564f51a51c,NIKE,134819,,
DASS SEST714012895899110CM1585579015851124NBR328286320260625-1,OK,DASS SEST,7,140128,1424203,95899,ATAC. MR110022 7MM RECICLADO COR 4085/PET / COR 422/PET [463cf63b-68fb-4c24-8d0f-29ae3a2c09a9],110CM,15855790,806,15851124NBR3282863,25/06/2026,08/09/2026,42,27/07/2026,901696,,463cf63b-68fb-4c24-8d0f-29ae3a2c09a9,NIKE,134819,,
DASS SEST714012895899110CM1585579015851125NBR328286320260625-1,OK,DASS SEST,7,140128,1424203,95899,ATAC. MR110022 7MM RECICLADO COR 4085/PET / COR 422/PET [162164de-cdb6-41c9-99f5-bd36c21116f4],110CM,15855790,888,15851125NBR3282863,25/06/2026,08/09/2026,42,27/07/2026,901697,,162164de-cdb6-41c9-99f5-bd36c21116f4,NIKE,134819,,
DASS SEST714012895899115CM1585579015851122NBR328286120260625-1,OK,DASS SEST,7,140128,1424203,95899,ATAC. MR110022 7MM RECICLADO COR 4085/PET / COR 422/PET [7fe6e795-6bfa-436b-b845-5b67cbb581aa],115CM,15855790,18,15851122NBR3282861,25/06/2026,08/09/2026,42,27/07/2026,901698,,7fe6e795-6bfa-436b-b845-5b67cbb581aa,NIKE,134819,,
DASS SEST714012895899115CM1585579015851124NBR328286320260625-1,OK,DASS SEST,7,140128,1424203,95899,ATAC. MR110022 7MM RECICLADO COR 4085/PET / COR 422/PET [11459be7-e3c5-49ef-991a-6f62ac65ddfd],115CM,15855790,30,15851124NBR3282863,25/06/2026,08/09/2026,42,27/07/2026,901699,,11459be7-e3c5-49ef-991a-6f62ac65ddfd,NIKE,134819,,
DASS SEST714012895899115CM1585579015851125NBR328286320260625-1,OK,DASS SEST,7,140128,1424203,95899,ATAC. MR110022 7MM RECICLADO COR 4085/PET / COR 422/PET [7b60d844-7fac-4afb-85f4-5531c5deb601],115CM,15855790,24,15851125NBR3282863,25/06/2026,08/09/2026,42,27/07/2026,901700,,7b60d844-7fac-4afb-85f4-5531c5deb601,NIKE,134819,,
DASS SEST714012895901110CM1585579015851120NBR328300720260625-1,OK,DASS SEST,7,140128,1424202,95901,ATAC. MR110022 7MM RECICLADO COR 298/PET / COR 5820/PET [53da09b7-b096-488f-9cb3-4b53cc08b5f0],110CM,15855790,842,15851120NBR3283007,25/06/2026,08/09/2026,42,27/07/2026,901701,,53da09b7-b096-488f-9cb3-4b53cc08b5f0,NIKE,134819,,
DASS SEST714012895901110CM1585579015851121NBR328300720260625-1,OK,DASS SEST,7,140128,1424202,95901,ATAC. MR110022 7MM RECICLADO COR 298/PET / COR 5820/PET [b762f3d1-d42d-4d9c-a77f-5e159a4ea141],110CM,15855790,900,15851121NBR3283007,25/06/2026,08/09/2026,42,27/07/2026,901702,,b762f3d1-d42d-4d9c-a77f-5e159a4ea141,NIKE,134819,,
DASS SEST714012895901115CM1585579015851120NBR328300720260625-1,OK,DASS SEST,7,140128,1424202,95901,ATAC. MR110022 7MM RECICLADO COR 298/PET / COR 5820/PET [f1411c6c-12e8-40fd-99f9-bee33ded06a7],115CM,15855790,36,15851120NBR3283007,25/06/2026,08/09/2026,42,27/07/2026,901703,,f1411c6c-12e8-40fd-99f9-bee33ded06a7,NIKE,134819,,
DASS SEST714012895901115CM1585579015851121NBR328300720260625-1,OK,DASS SEST,7,140128,1424202,95901,ATAC. MR110022 7MM RECICLADO COR 298/PET / COR 5820/PET [e044eb0c-5cbf-4cd4-a84c-dd2be4a8e07e],115CM,15855790,36,15851121NBR3283007,25/06/2026,08/09/2026,42,27/07/2026,901704,,e044eb0c-5cbf-4cd4-a84c-dd2be4a8e07e,NIKE,134819,,
DASS SEST714019482628100CM1587266815866738NBR328299920260626-1,OK,DASS SEST,7,140194,1188919,82628,ATAC. MR140014 6MM RECICLADO COR 4085/PET [9d946dd5-23a9-43be-8971-0f455aa248c3],100CM,15872668,216,15866738NBR3282999,26/06/2026,08/09/2026,42,27/07/2026,901705,,9d946dd5-23a9-43be-8971-0f455aa248c3,NIKE,134944,,
DASS SEST714019482628100CM1587266815866739NBR328299920260626-1,OK,DASS SEST,7,140194,1188919,82628,ATAC. MR140014 6MM RECICLADO COR 4085/PET [f5c48512-97db-45f8-903b-12d5614eac3b],100CM,15872668,216,15866739NBR3282999,26/06/2026,08/09/2026,42,27/07/2026,901706,,f5c48512-97db-45f8-903b-12d5614eac3b,NIKE,134944,,
DASS SEST714019482628105CM1587266815866738NBR328299920260626-1,OK,DASS SEST,7,140194,1188919,82628,ATAC. MR140014 6MM RECICLADO COR 4085/PET [27b1fcc6-2cc7-4551-b911-faedcb8316ff],105CM,15872668,650,15866738NBR3282999,26/06/2026,08/09/2026,42,27/07/2026,901707,,27b1fcc6-2cc7-4551-b911-faedcb8316ff,NIKE,134944,,
DASS SEST714019482628105CM1587266815866739NBR328299920260626-1,OK,DASS SEST,7,140194,1188919,82628,ATAC. MR140014 6MM RECICLADO COR 4085/PET [10ebb8c8-751b-49fa-80b2-ab64d925d6b9],105CM,15872668,666,15866739NBR3282999,26/06/2026,08/09/2026,42,27/07/2026,901708,,10ebb8c8-751b-49fa-80b2-ab64d925d6b9,NIKE,134944,,
DASS SEST714019482628105CM1587266815866714NBR328307720260626-1,OK,DASS SEST,7,140194,1188919,82628,ATAC. MR140014 6MM RECICLADO COR 4085/PET [82f58755-10c7-4cf3-8395-0608b4fb18f4],105CM,15872668,198,15866714NBR3283077,26/06/2026,08/09/2026,42,27/07/2026,901709,,82f58755-10c7-4cf3-8395-0608b4fb18f4,NIKE,134944,,
DASS SEST714019482628105CM1587266815866711NBR328307820260626-1,OK,DASS SEST,7,140194,1188919,82628,ATAC. MR140014 6MM RECICLADO COR 4085/PET [e3be314f-c3d0-43e9-b289-0c964a4e6c53],105CM,15872668,108,15866711NBR3283078,26/06/2026,08/09/2026,42,27/07/2026,901710,,e3be314f-c3d0-43e9-b289-0c964a4e6c53,NIKE,134944,,
DASS SEST714019482628105CM1587266815866712NBR328307820260626-1,OK,DASS SEST,7,140194,1188919,82628,ATAC. MR140014 6MM RECICLADO COR 4085/PET [de9b7d28-ac4c-4e78-9f0c-6ffd4f32135b],105CM,15872668,96,15866712NBR3283078,26/06/2026,08/09/2026,42,27/07/2026,901711,,de9b7d28-ac4c-4e78-9f0c-6ffd4f32135b,NIKE,134944,,
DASS SEST714019482628110CM1587266815866738NBR328299920260626-1,OK,DASS SEST,7,140194,1188919,82628,ATAC. MR140014 6MM RECICLADO COR 4085/PET [f5a05f76-4e32-42d2-a38b-9cc2965c0d68],110CM,15872668,6,15866738NBR3282999,26/06/2026,08/09/2026,42,27/07/2026,901712,,f5a05f76-4e32-42d2-a38b-9cc2965c0d68,NIKE,134944,,
DASS SEST714019482628110CM1587266815866714NBR328307720260626-1,OK,DASS SEST,7,140194,1188919,82628,ATAC. MR140014 6MM RECICLADO COR 4085/PET [67e1a9c7-0ae9-49bd-a159-76143060662e],110CM,15872668,617,15866714NBR3283077,26/06/2026,08/09/2026,42,27/07/2026,901713,,67e1a9c7-0ae9-49bd-a159-76143060662e,NIKE,134944,,
DASS SEST714019482628110CM1587266815866711NBR328307820260626-1,OK,DASS SEST,7,140194,1188919,82628,ATAC. MR140014 6MM RECICLADO COR 4085/PET [56088687-2624-4bec-96ea-3c0dfac18bfb],110CM,15872668,699,15866711NBR3283078,26/06/2026,08/09/2026,42,27/07/2026,901714,,56088687-2624-4bec-96ea-3c0dfac18bfb,NIKE,134944,,
DASS SEST714019482628110CM1587266815866712NBR328307820260626-1,OK,DASS SEST,7,140194,1188919,82628,ATAC. MR140014 6MM RECICLADO COR 4085/PET [e05fece7-fc57-44a2-b6f9-3e8a07fed5ee],110CM,15872668,708,15866712NBR3283078,26/06/2026,08/09/2026,42,27/07/2026,901715,,e05fece7-fc57-44a2-b6f9-3e8a07fed5ee,NIKE,134944,,
DASS SEST714019482628115CM1587266815866714NBR328307720260626-1,OK,DASS SEST,7,140194,1188919,82628,ATAC. MR140014 6MM RECICLADO COR 4085/PET [2e6f4c43-d696-4138-944a-8974d4454859],115CM,15872668,186,15866714NBR3283077,26/06/2026,08/09/2026,42,27/07/2026,901716,,2e6f4c43-d696-4138-944a-8974d4454859,NIKE,134944,,
DASS SEST714019482628115CM1587266815866711NBR328307820260626-1,OK,DASS SEST,7,140194,1188919,82628,ATAC. MR140014 6MM RECICLADO COR 4085/PET [41888608-0dea-4d2c-b202-c6c1e6c8639b],115CM,15872668,228,15866711NBR3283078,26/06/2026,08/09/2026,42,27/07/2026,901717,,41888608-0dea-4d2c-b202-c6c1e6c8639b,NIKE,134944,,
DASS SEST714019482628115CM1587266815866712NBR328307820260626-1,OK,DASS SEST,7,140194,1188919,82628,ATAC. MR140014 6MM RECICLADO COR 4085/PET [ab666268-a3e9-434e-b08e-0d6758ab6f34],115CM,15872668,252,15866712NBR3283078,26/06/2026,08/09/2026,42,27/07/2026,901718,,ab666268-a3e9-434e-b08e-0d6758ab6f34,NIKE,134944,,
DASS SEST714019485472100CM1587266815866743NBR328300120260626-1,OK,DASS SEST,7,140194,1269460,85472,ATAC. MR140014 6MM RECICLADO COR 5481/PET [702e30d6-5d37-49d4-bd5c-2ca9f3f0b2fe],100CM,15872668,216,15866743NBR3283001,26/06/2026,08/09/2026,42,27/07/2026,901719,,702e30d6-5d37-49d4-bd5c-2ca9f3f0b2fe,NIKE,134944,,
DASS SEST714019485472100CM1587266815866744NBR328300120260626-1,OK,DASS SEST,7,140194,1269460,85472,ATAC. MR140014 6MM RECICLADO COR 5481/PET [093d09b0-cf2e-40cd-86a9-cc11e1541cea],100CM,15872668,240,15866744NBR3283001,26/06/2026,08/09/2026,42,27/07/2026,901720,,093d09b0-cf2e-40cd-86a9-cc11e1541cea,NIKE,134944,,
DASS SEST714019485472100CM1587266815866745NBR328300220260626-1,OK,DASS SEST,7,140194,1269460,85472,ATAC. MR140014 6MM RECICLADO COR 5481/PET [cff73e7d-f034-46bc-94e3-168dc39fa7e8],100CM,15872668,216,15866745NBR3283002,26/06/2026,08/09/2026,42,27/07/2026,901721,,cff73e7d-f034-46bc-94e3-168dc39fa7e8,NIKE,134944,,
DASS SEST714019485472100CM1587266815866746NBR328300220260626-1,OK,DASS SEST,7,140194,1269460,85472,ATAC. MR140014 6MM RECICLADO COR 5481/PET [8cfe6c7e-174e-4a39-8ef2-0fd48f7837a7],100CM,15872668,240,15866746NBR3283002,26/06/2026,08/09/2026,42,27/07/2026,901722,,8cfe6c7e-174e-4a39-8ef2-0fd48f7837a7,NIKE,134944,,
DASS SEST714019485472100CM1587266815866747NBR328300320260626-1,OK,DASS SEST,7,140194,1269460,85472,ATAC. MR140014 6MM RECICLADO COR 5481/PET [6bb94cf3-938d-4c27-a732-aea3c9127257],100CM,15872668,216,15866747NBR3283003,26/06/2026,08/09/2026,42,27/07/2026,901723,,6bb94cf3-938d-4c27-a732-aea3c9127257,NIKE,134944,,
DASS SEST714019485472100CM1587266815866748NBR328300320260626-1,OK,DASS SEST,7,140194,1269460,85472,ATAC. MR140014 6MM RECICLADO COR 5481/PET [934de7b3-7263-4294-9261-01c9f6d24e13],100CM,15872668,240,15866748NBR3283003,26/06/2026,08/09/2026,42,27/07/2026,901724,,934de7b3-7263-4294-9261-01c9f6d24e13,NIKE,134944,,
DASS SEST714019485472100CM1587266815866749NBR328300520260626-1,OK,DASS SEST,7,140194,1269460,85472,ATAC. MR140014 6MM RECICLADO COR 5481/PET [a51c7c08-6bfd-4674-83c4-7cfad2e1cace],100CM,15872668,366,15866749NBR3283005,26/06/2026,08/09/2026,42,27/07/2026,901725,,a51c7c08-6bfd-4674-83c4-7cfad2e1cace,NIKE,134944,,
DASS SEST714019485472100CM1587266815866750NBR328300820260626-1,OK,DASS SEST,7,140194,1269460,85472,ATAC. MR140014 6MM RECICLADO COR 5481/PET [64d8a3bb-0907-4eac-a689-934ebdeb488c],100CM,15872668,216,15866750NBR3283008,26/06/2026,08/09/2026,42,27/07/2026,901726,,64d8a3bb-0907-4eac-a689-934ebdeb488c,NIKE,134944,,
DASS SEST714019485472100CM1587266815866751NBR328300820260626-1,OK,DASS SEST,7,140194,1269460,85472,ATAC. MR140014 6MM RECICLADO COR 5481/PET [cab5eda5-dbd6-4667-b55d-63d1715571a6],100CM,15872668,240,15866751NBR3283008,26/06/2026,08/09/2026,42,27/07/2026,901727,,cab5eda5-dbd6-4667-b55d-63d1715571a6,NIKE,134944,,
DASS SEST714019485472105CM1587266815866743NBR328300120260626-1,OK,DASS SEST,7,140194,1269460,85472,ATAC. MR140014 6MM RECICLADO COR 5481/PET [efa8c260-6f6c-4f82-bcd1-a6dfdbed4743],105CM,15872668,783,15866743NBR3283001,26/06/2026,08/09/2026,42,27/07/2026,901728,,efa8c260-6f6c-4f82-bcd1-a6dfdbed4743,NIKE,134944,,
DASS SEST714019485472105CM1587266815866744NBR328300120260626-1,OK,DASS SEST,7,140194,1269460,85472,ATAC. MR140014 6MM RECICLADO COR 5481/PET [acbb6620-6067-48c6-ad6c-5d026946eb33],105CM,15872668,846,15866744NBR3283001,26/06/2026,08/09/2026,42,27/07/2026,901729,,acbb6620-6067-48c6-ad6c-5d026946eb33,NIKE,134944,,
DASS SEST714019485472105CM1587266815866745NBR328300220260626-1,OK,DASS SEST,7,140194,1269460,85472,ATAC. MR140014 6MM RECICLADO COR 5481/PET [7334128f-9194-48e4-8e15-809bea375fe8],105CM,15872668,783,15866745NBR3283002,26/06/2026,08/09/2026,42,27/07/2026,901730,,7334128f-9194-48e4-8e15-809bea375fe8,NIKE,134944,,
DASS SEST714019485472105CM1587266815866746NBR328300220260626-1,OK,DASS SEST,7,140194,1269460,85472,ATAC. MR140014 6MM RECICLADO COR 5481/PET [094f97e8-2b22-42c9-9766-a9e6120c99cf],105CM,15872668,846,15866746NBR3283002,26/06/2026,08/09/2026,42,27/07/2026,901731,,094f97e8-2b22-42c9-9766-a9e6120c99cf,NIKE,134944,,
DASS SEST714019485472105CM1587266815866747NBR328300320260626-1,OK,DASS SEST,7,140194,1269460,85472,ATAC. MR140014 6MM RECICLADO COR 5481/PET [f00f750d-8a77-41c4-8e45-85f330503ad1],105CM,15872668,783,15866747NBR3283003,26/06/2026,08/09/2026,42,27/07/2026,901732,,f00f750d-8a77-41c4-8e45-85f330503ad1,NIKE,134944,,
DASS SEST714019485472105CM1587266815866748NBR328300320260626-1,OK,DASS SEST,7,140194,1269460,85472,ATAC. MR140014 6MM RECICLADO COR 5481/PET [104e1a25-fb91-470c-9fa6-18ff2b6587fd],105CM,15872668,846,15866748NBR3283003,26/06/2026,08/09/2026,42,27/07/2026,901733,,104e1a25-fb91-470c-9fa6-18ff2b6587fd,NIKE,134944,,
DASS SEST714019485472105CM1587266815866749NBR328300520260626-1,OK,DASS SEST,7,140194,1269460,85472,ATAC. MR140014 6MM RECICLADO COR 5481/PET [64dc4a55-064d-448e-8e6c-69a7f96ca86e],105CM,15872668,1142,15866749NBR3283005,26/06/2026,08/09/2026,42,27/07/2026,901734,,64dc4a55-064d-448e-8e6c-69a7f96ca86e,NIKE,134944,,
DASS SEST714019485472105CM1587266815866750NBR328300820260626-1,OK,DASS SEST,7,140194,1269460,85472,ATAC. MR140014 6MM RECICLADO COR 5481/PET [38fd938b-acf8-4a0c-8b11-6a9e08862e8f],105CM,15872668,783,15866750NBR3283008,26/06/2026,08/09/2026,42,27/07/2026,901735,,38fd938b-acf8-4a0c-8b11-6a9e08862e8f,NIKE,134944,,
DASS SEST714019485472105CM1587266815866751NBR328300820260626-1,OK,DASS SEST,7,140194,1269460,85472,ATAC. MR140014 6MM RECICLADO COR 5481/PET [6589239b-b1ec-46a3-9067-619cd63fc723],105CM,15872668,846,15866751NBR3283008,26/06/2026,08/09/2026,42,27/07/2026,901736,,6589239b-b1ec-46a3-9067-619cd63fc723,NIKE,134944,,
DASS SEST714019485472110CM1587266815866743NBR328300120260626-1,OK,DASS SEST,7,140194,1269460,85472,ATAC. MR140014 6MM RECICLADO COR 5481/PET [17fcdef1-341b-4a93-8f9b-b97fe59d5820],110CM,15872668,18,15866743NBR3283001,26/06/2026,08/09/2026,42,27/07/2026,901737,,17fcdef1-341b-4a93-8f9b-b97fe59d5820,NIKE,134944,,
DASS SEST714019485472110CM1587266815866744NBR328300120260626-1,OK,DASS SEST,7,140194,1269460,85472,ATAC. MR140014 6MM RECICLADO COR 5481/PET [d285870c-6195-4669-8f4c-ace52d310652],110CM,15872668,12,15866744NBR3283001,26/06/2026,08/09/2026,42,27/07/2026,901738,,d285870c-6195-4669-8f4c-ace52d310652,NIKE,134944,,
DASS SEST714019485472110CM1587266815866745NBR328300220260626-1,OK,DASS SEST,7,140194,1269460,85472,ATAC. MR140014 6MM RECICLADO COR 5481/PET [27f9ceb0-fa09-4613-819a-883ae600e5e1],110CM,15872668,18,15866745NBR3283002,26/06/2026,08/09/2026,42,27/07/2026,901739,,27f9ceb0-fa09-4613-819a-883ae600e5e1,NIKE,134944,,
DASS SEST714019485472110CM1587266815866746NBR328300220260626-1,OK,DASS SEST,7,140194,1269460,85472,ATAC. MR140014 6MM RECICLADO COR 5481/PET [c70c5b03-7487-4551-b1f3-2c17fd7ae08c],110CM,15872668,12,15866746NBR3283002,26/06/2026,08/09/2026,42,27/07/2026,901740,,c70c5b03-7487-4551-b1f3-2c17fd7ae08c,NIKE,134944,,
DASS SEST714019485472110CM1587266815866747NBR328300320260626-1,OK,DASS SEST,7,140194,1269460,85472,ATAC. MR140014 6MM RECICLADO COR 5481/PET [e48c6e78-d688-42f1-a38f-12fd902a27e0],110CM,15872668,18,15866747NBR3283003,26/06/2026,08/09/2026,42,27/07/2026,901741,,e48c6e78-d688-42f1-a38f-12fd902a27e0,NIKE,134944,,
DASS SEST714019485472110CM1587266815866748NBR328300320260626-1,OK,DASS SEST,7,140194,1269460,85472,ATAC. MR140014 6MM RECICLADO COR 5481/PET [977030c1-79ef-409b-bf30-636d8ba07db0],110CM,15872668,12,15866748NBR3283003,26/06/2026,08/09/2026,42,27/07/2026,901742,,977030c1-79ef-409b-bf30-636d8ba07db0,NIKE,134944,,
DASS SEST714019485472110CM1587266815866749NBR328300520260626-1,OK,DASS SEST,7,140194,1269460,85472,ATAC. MR140014 6MM RECICLADO COR 5481/PET [7103a00f-43ca-4a4f-a2c1-5d4a0caff3ac],110CM,15872668,30,15866749NBR3283005,26/06/2026,08/09/2026,42,27/07/2026,901743,,7103a00f-43ca-4a4f-a2c1-5d4a0caff3ac,NIKE,134944,,
DASS SEST714019485472110CM1587266815866750NBR328300820260626-1,OK,DASS SEST,7,140194,1269460,85472,ATAC. MR140014 6MM RECICLADO COR 5481/PET [67e5a360-ddad-4d57-a138-143775b3a30e],110CM,15872668,18,15866750NBR3283008,26/06/2026,08/09/2026,42,27/07/2026,901744,,67e5a360-ddad-4d57-a138-143775b3a30e,NIKE,134944,,
DASS SEST714019485472110CM1587266815866751NBR328300820260626-1,OK,DASS SEST,7,140194,1269460,85472,ATAC. MR140014 6MM RECICLADO COR 5481/PET [56d751f7-51eb-4fcb-a296-9bceb2d2806a],110CM,15872668,12,15866751NBR3283008,26/06/2026,08/09/2026,42,27/07/2026,901745,,56d751f7-51eb-4fcb-a296-9bceb2d2806a,NIKE,134944,,
DASS SEST714028995945100CM1587484415866734NBR328306220260630-1,OK,DASS SEST,7,140289,1454466,95945,ATAC. MR140014 6MM RECICLADO COR 6248/PET [b0a8e439-eb67-4d97-9cdc-0946194a50db],100CM,15874844,204,15866734NBR3283062,30/06/2026,08/09/2026,42,27/07/2026,901746,,b0a8e439-eb67-4d97-9cdc-0946194a50db,NIKE,135011,,
DASS SEST714028995945100CM1587484415866735NBR328306220260630-1,OK,DASS SEST,7,140289,1454466,95945,ATAC. MR140014 6MM RECICLADO COR 6248/PET [79da1f86-d922-4d09-aa68-8384f4a3547c],100CM,15874844,234,15866735NBR3283062,30/06/2026,08/09/2026,42,27/07/2026,901747,,79da1f86-d922-4d09-aa68-8384f4a3547c,NIKE,135011,,
DASS SEST714028995945100CM1587484415866736NBR328307220260630-1,OK,DASS SEST,7,140289,1454466,95945,ATAC. MR140014 6MM RECICLADO COR 6248/PET [9855320e-910f-4a86-925d-57b7a057476b],100CM,15874844,204,15866736NBR3283072,30/06/2026,08/09/2026,42,27/07/2026,901748,,9855320e-910f-4a86-925d-57b7a057476b,NIKE,135011,,
DASS SEST714028995945100CM1587484415866737NBR328307220260630-1,OK,DASS SEST,7,140289,1454466,95945,ATAC. MR140014 6MM RECICLADO COR 6248/PET [f6aaa401-3f53-421a-99b6-83ebcff5283c],100CM,15874844,240,15866737NBR3283072,30/06/2026,08/09/2026,42,27/07/2026,901749,,f6aaa401-3f53-421a-99b6-83ebcff5283c,NIKE,135011,,
DASS SEST714028995945105CM1587484415866734NBR328306220260630-1,OK,DASS SEST,7,140289,1454466,95945,ATAC. MR140014 6MM RECICLADO COR 6248/PET [71690d7c-a380-4aa9-986a-dbd3e7514ff7],105CM,15874844,698,15866734NBR3283062,30/06/2026,08/09/2026,42,27/07/2026,901750,,71690d7c-a380-4aa9-986a-dbd3e7514ff7,NIKE,135011,,
DASS SEST714028995945105CM1587484415866735NBR328306220260630-1,OK,DASS SEST,7,140289,1454466,95945,ATAC. MR140014 6MM RECICLADO COR 6248/PET [763654c5-89be-45bf-b2b7-11b4bea956e0],105CM,15874844,744,15866735NBR3283062,30/06/2026,08/09/2026,42,27/07/2026,901751,,763654c5-89be-45bf-b2b7-11b4bea956e0,NIKE,135011,,
DASS SEST714028995945105CM1587484415866736NBR328307220260630-1,OK,DASS SEST,7,140289,1454466,95945,ATAC. MR140014 6MM RECICLADO COR 6248/PET [6504d56b-7e3b-4026-b46b-40d7c9fcca35],105CM,15874844,710,15866736NBR3283072,30/06/2026,08/09/2026,42,27/07/2026,901752,,6504d56b-7e3b-4026-b46b-40d7c9fcca35,NIKE,135011,,
DASS SEST714028995945105CM1587484415866737NBR328307220260630-1,OK,DASS SEST,7,140289,1454466,95945,ATAC. MR140014 6MM RECICLADO COR 6248/PET [74fe5674-e82b-4ca8-a883-a05069cf71cb],105CM,15874844,744,15866737NBR3283072,30/06/2026,08/09/2026,42,27/07/2026,901753,,74fe5674-e82b-4ca8-a883-a05069cf71cb,NIKE,135011,,
DASS SEST714028995945110CM1587484415866734NBR328306220260630-1,OK,DASS SEST,7,140289,1454466,95945,ATAC. MR140014 6MM RECICLADO COR 6248/PET [8366f740-a3b2-4df6-b531-9f1ba4f29085],110CM,15874844,18,15866734NBR3283062,30/06/2026,08/09/2026,42,27/07/2026,901754,,8366f740-a3b2-4df6-b531-9f1ba4f29085,NIKE,135011,,
DASS SEST714028995945110CM1587484415866736NBR328307220260630-1,OK,DASS SEST,7,140289,1454466,95945,ATAC. MR140014 6MM RECICLADO COR 6248/PET [0a73f1b4-1c9a-41f1-a774-4b32184a2d1b],110CM,15874844,18,15866736NBR3283072,30/06/2026,08/09/2026,42,27/07/2026,901755,,0a73f1b4-1c9a-41f1-a774-4b32184a2d1b,NIKE,135011,,
DASS SEST71405769296316MM1590101820260707-1,OK,DASS SEST,7,140576,1353470,92963,FITA M31119 C/ GOMA POLIESTER COR 102 / COR 100 / COR 100 [41eb8287-8a17-4742-b58b-c787b0c96f9c],16MM,15901018,140,0,07/07/2026,08/09/2026,42,27/07/2026,901756,,41eb8287-8a17-4742-b58b-c787b0c96f9c,FILA,135284,,
DASS SEST714075486978110CM1591517815903680NBR328304520260710-1,OK,DASS SEST,7,140754,1299257,86978,ATAC. MR130027 6MM RECICLADO COR 4085/PET [0de68dd2-370e-466e-8698-ca010894c45d],110CM,15915178,240,15903680NBR3283045,10/07/2026,08/09/2026,42,27/07/2026,901757,,0de68dd2-370e-466e-8698-ca010894c45d,NIKE,135471,,
DASS SEST714075486978110CM1591517815903681NBR328304520260710-1,OK,DASS SEST,7,140754,1299257,86978,ATAC. MR130027 6MM RECICLADO COR 4085/PET [09156dd8-edb7-489b-b20b-64c9e5ae42a0],110CM,15915178,246,15903681NBR3283045,10/07/2026,08/09/2026,42,27/07/2026,901758,,09156dd8-edb7-489b-b20b-64c9e5ae42a0,NIKE,135471,,
DASS SEST714075486978110CM1591517815903673NBR328305720260710-1,OK,DASS SEST,7,140754,1299257,86978,ATAC. MR130027 6MM RECICLADO COR 4085/PET [d3fcdf11-14e5-4019-b9dc-d50fc4b1dde3],110CM,15915178,240,15903673NBR3283057,10/07/2026,08/09/2026,42,27/07/2026,901759,,d3fcdf11-14e5-4019-b9dc-d50fc4b1dde3,NIKE,135471,,
DASS SEST714075486978110CM1591517815903674NBR328305720260710-1,OK,DASS SEST,7,140754,1299257,86978,ATAC. MR130027 6MM RECICLADO COR 4085/PET [74fd10ff-e306-4e78-826c-65686a666a03],110CM,15915178,258,15903674NBR3283057,10/07/2026,08/09/2026,42,27/07/2026,901760,,74fd10ff-e306-4e78-826c-65686a666a03,NIKE,135471,,
DASS SEST714075486978115CM1591517815903680NBR328304520260710-1,OK,DASS SEST,7,140754,1299257,86978,ATAC. MR130027 6MM RECICLADO COR 4085/PET [3482b15b-d6e3-4836-8c68-c3df38146902],115CM,15915178,687,15903680NBR3283045,10/07/2026,08/09/2026,42,27/07/2026,901761,,3482b15b-d6e3-4836-8c68-c3df38146902,NIKE,135471,,
DASS SEST714075486978115CM1591517815903681NBR328304520260710-1,OK,DASS SEST,7,140754,1299257,86978,ATAC. MR130027 6MM RECICLADO COR 4085/PET [7c9e5da4-64c3-4d35-8862-808a4a3895c9],115CM,15915178,690,15903681NBR3283045,10/07/2026,08/09/2026,42,27/07/2026,901762,,7c9e5da4-64c3-4d35-8862-808a4a3895c9,NIKE,135471,,
DASS SEST714075486978115CM1591517815903673NBR328305720260710-1,OK,DASS SEST,7,140754,1299257,86978,ATAC. MR130027 6MM RECICLADO COR 4085/PET [3f05a3f1-986f-4a56-8fc3-4931d1678d36],115CM,15915178,687,15903673NBR3283057,10/07/2026,08/09/2026,42,27/07/2026,901763,,3f05a3f1-986f-4a56-8fc3-4931d1678d36,NIKE,135471,,
DASS SEST714075486978115CM1591517815903674NBR328305720260710-1,OK,DASS SEST,7,140754,1299257,86978,ATAC. MR130027 6MM RECICLADO COR 4085/PET [1034bd51-d3a4-42c5-9e8e-207cd4d05887],115CM,15915178,708,15903674NBR3283057,10/07/2026,08/09/2026,42,27/07/2026,901764,,1034bd51-d3a4-42c5-9e8e-207cd4d05887,NIKE,135471,,
DASS SEST714075486978120CM1591517815903680NBR328304520260710-1,OK,DASS SEST,7,140754,1299257,86978,ATAC. MR130027 6MM RECICLADO COR 4085/PET [ae511634-a9dd-4853-956f-8682febb8024],120CM,15915178,108,15903680NBR3283045,10/07/2026,08/09/2026,42,27/07/2026,901765,,ae511634-a9dd-4853-956f-8682febb8024,NIKE,135471,,
DASS SEST714075486978120CM1591517815903681NBR328304520260710-1,OK,DASS SEST,7,140754,1299257,86978,ATAC. MR130027 6MM RECICLADO COR 4085/PET [8fc9ac38-21c7-41ec-b64b-8761dbb8c8cb],120CM,15915178,120,15903681NBR3283045,10/07/2026,08/09/2026,42,27/07/2026,901766,,8fc9ac38-21c7-41ec-b64b-8761dbb8c8cb,NIKE,135471,,
DASS SEST714075486978120CM1591517815903673NBR328305720260710-1,OK,DASS SEST,7,140754,1299257,86978,ATAC. MR130027 6MM RECICLADO COR 4085/PET [045f30c3-8e3b-455a-a3f4-4670833d71af],120CM,15915178,90,15903673NBR3283057,10/07/2026,08/09/2026,42,27/07/2026,901767,,045f30c3-8e3b-455a-a3f4-4670833d71af,NIKE,135471,,
DASS SEST714075486978120CM1591517815903674NBR328305720260710-1,OK,DASS SEST,7,140754,1299257,86978,ATAC. MR130027 6MM RECICLADO COR 4085/PET [14ddc7a9-bb38-4baa-b7bc-015ba31f9766],120CM,15915178,84,15903674NBR3283057,10/07/2026,08/09/2026,42,27/07/2026,901768,,14ddc7a9-bb38-4baa-b7bc-015ba31f9766,NIKE,135471,,
DASS SEST714075488695105CM1591517815903745NBR328294020260710-1,OK,DASS SEST,7,140754,1301800,88695,ATAC. MR130027 6MM RECICLADO COR 4662/PET [2d72df73-cd1e-453c-872f-7993bb48d1a1],105CM,15915178,480,15903745NBR3282940,10/07/2026,08/09/2026,42,27/07/2026,901769,,2d72df73-cd1e-453c-872f-7993bb48d1a1,NIKE,135471,,
DASS SEST714075488695110CM1591517815903721NBR328287020260710-1,OK,DASS SEST,7,140754,1301800,88695,ATAC. MR130027 6MM RECICLADO COR 4662/PET [b5a0f168-2345-40b3-a1fd-5e12582de73e],110CM,15915178,192,15903721NBR3282870,10/07/2026,08/09/2026,42,27/07/2026,901770,,b5a0f168-2345-40b3-a1fd-5e12582de73e,NIKE,135471,,
DASS SEST714075488695110CM1591517815903722NBR328287020260710-1,OK,DASS SEST,7,140754,1301800,88695,ATAC. MR130027 6MM RECICLADO COR 4662/PET [1fe5f65b-10a8-48e6-a762-b6ee26bcbeef],110CM,15915178,192,15903722NBR3282870,10/07/2026,08/09/2026,42,27/07/2026,901771,,1fe5f65b-10a8-48e6-a762-b6ee26bcbeef,NIKE,135471,,
DASS SEST714075488695110CM1591517815903745NBR328294020260710-1,OK,DASS SEST,7,140754,1301800,88695,ATAC. MR130027 6MM RECICLADO COR 4662/PET [e1b44bf4-5696-4512-9984-8ff33e0d4b56],110CM,15915178,515,15903745NBR3282940,10/07/2026,08/09/2026,42,27/07/2026,901772,,e1b44bf4-5696-4512-9984-8ff33e0d4b56,NIKE,135471,,
DASS SEST714075488695115CM1591517815903721NBR328287020260710-1,OK,DASS SEST,7,140754,1301800,88695,ATAC. MR130027 6MM RECICLADO COR 4662/PET [36185d5f-b425-4847-81be-963bee8839e8],115CM,15915178,518,15903721NBR3282870,10/07/2026,08/09/2026,42,27/07/2026,901773,,36185d5f-b425-4847-81be-963bee8839e8,NIKE,135471,,
DASS SEST714075488695115CM1591517815903722NBR328287020260710-1,OK,DASS SEST,7,140754,1301800,88695,ATAC. MR130027 6MM RECICLADO COR 4662/PET [30f562e3-d7eb-4e42-b7b2-4d7b283ce401],115CM,15915178,546,15903722NBR3282870,10/07/2026,08/09/2026,42,27/07/2026,901774,,30f562e3-d7eb-4e42-b7b2-4d7b283ce401,NIKE,135471,,
DASS SEST714075488695115CM1591517815903745NBR328294020260710-1,OK,DASS SEST,7,140754,1301800,88695,ATAC. MR130027 6MM RECICLADO COR 4662/PET [efd46ab4-509b-40be-91e9-3fa6101b5643],115CM,15915178,6,15903745NBR3282940,10/07/2026,08/09/2026,42,27/07/2026,901775,,efd46ab4-509b-40be-91e9-3fa6101b5643,NIKE,135471,,
DASS SEST714075488695120CM1591517815903721NBR328287020260710-1,OK,DASS SEST,7,140754,1301800,88695,ATAC. MR130027 6MM RECICLADO COR 4662/PET [dcbec9ac-5f46-459e-a1ab-cee4ee5e2f3c],120CM,15915178,66,15903721NBR3282870,10/07/2026,08/09/2026,42,27/07/2026,901776,,dcbec9ac-5f46-459e-a1ab-cee4ee5e2f3c,NIKE,135471,,
DASS SEST714075488695120CM1591517815903722NBR328287020260710-1,OK,DASS SEST,7,140754,1301800,88695,ATAC. MR130027 6MM RECICLADO COR 4662/PET [e67af648-2edf-41af-b9d7-7862cc56c97e],120CM,15915178,72,15903722NBR3282870,10/07/2026,08/09/2026,42,27/07/2026,901777,,e67af648-2edf-41af-b9d7-7862cc56c97e,NIKE,135471,,
DASS SEST714094892568110CM1594408415941787NBR328329920260717-1,OK,DASS SEST,7,140948,1027849,92568,ATAC. MR110012 8MM RECICLADO COR 4085/PET [0201f04f-65d3-4edf-bb4c-e11750ebc7f9],110CM,15944084,504,15941787NBR3283299,17/07/2026,08/09/2026,42,27/07/2026,901778,,0201f04f-65d3-4edf-bb4c-e11750ebc7f9,NIKE,135635,,
DASS SEST714094892568110CM1594408415941788NBR328330020260717-1,OK,DASS SEST,7,140948,1027849,92568,ATAC. MR110012 8MM RECICLADO COR 4085/PET [1ec151ee-b971-4038-a981-0a6d30fd86f4],110CM,15944084,510,15941788NBR3283300,17/07/2026,08/09/2026,42,27/07/2026,901779,,1ec151ee-b971-4038-a981-0a6d30fd86f4,NIKE,135635,,
DASS SEST714094892568115CM1594408415941787NBR328329920260717-1,OK,DASS SEST,7,140948,1027849,92568,ATAC. MR110012 8MM RECICLADO COR 4085/PET [c54003e5-6fc6-424b-a420-96bf8f710462],115CM,15944084,674,15941787NBR3283299,17/07/2026,08/09/2026,42,27/07/2026,901780,,c54003e5-6fc6-424b-a420-96bf8f710462,NIKE,135635,,
DASS SEST714094892568115CM1594408415941788NBR328330020260717-1,OK,DASS SEST,7,140948,1027849,92568,ATAC. MR110012 8MM RECICLADO COR 4085/PET [4b7a63e7-c5a8-4890-bdf1-34450382c746],115CM,15944084,674,15941788NBR3283300,17/07/2026,08/09/2026,42,27/07/2026,901781,,4b7a63e7-c5a8-4890-bdf1-34450382c746,NIKE,135635,,
DASS ITABERABA701411977401415MM1597127820260724-1,OK,DASS ITABERABA,70,141197,1425019,74014,FITA MFGP C/ GOMA POLIESTER COR 4085 [51b86475-94c1-41b4-a221-3a9311b0ae4a],15MM,15971278,200,0,24/07/2026,09/09/2026,43,27/07/2026,901782,,51b86475-94c1-41b4-a221-3a9311b0ae4a,ASICS,135872,,NORMAL
DASS ITABERABA7014119884206120CM1597128015966165ASB005299120260724-1,OK,DASS ITABERABA,70,141198,1229330,84206,ATAC. M18006 POLIESTER COR 4085 [a9574e1e-63a3-4651-a7bd-26677fc20854],120CM,15971280,506,15966165ASB0052991,24/07/2026,09/09/2026,43,27/07/2026,901783,,a9574e1e-63a3-4651-a7bd-26677fc20854,ASICS,135873,,NORMAL
DASS ITABERABA7014119884206130CM1597128015966165ASB005299120260724-1,OK,DASS ITABERABA,70,141198,1229330,84206,ATAC. M18006 POLIESTER COR 4085 [46df09ac-86b8-45c9-966c-0308a0bf1fac],130CM,15971280,424,15966165ASB0052991,24/07/2026,09/09/2026,43,27/07/2026,901784,,46df09ac-86b8-45c9-966c-0308a0bf1fac,ASICS,135873,,NORMAL
DASS ITABERABA70141199930221.8MM1597128320260724-1,OK,DASS ITABERABA,70,141199,1400176,93022,CORDAO M9099 POLIESTER COR 4085 [ff80019b-30fb-41e5-a5f8-152daf326542],1.8MM,15971283,480,0,24/07/2026,09/09/2026,43,27/07/2026,901785,,ff80019b-30fb-41e5-a5f8-152daf326542,ASICS,135874,,NORMAL
DASS VITORIA39114094995643110CM1593935115936842BRI010400-20260717-1,OK,DASS VITORIA,391,140949,827533,95643,ATAC. M13801 POLIESTER COR 100 [239a689f-2d69-43b1-b1e9-daa45f8e1519],110CM,15939351,468,15936842BRI010400-,17/07/2026,09/09/2026,43,27/07/2026,901786,,239a689f-2d69-43b1-b1e9-daa45f8e1519,UMBRO,135636,,CONTA E ORDEM VITÓRIA X ITABERABA
DASS VITORIA39114094995643110CM1593935115936845BRI010400-20260717-1,OK,DASS VITORIA,391,140949,827533,95643,ATAC. M13801 POLIESTER COR 100 [5138a48d-0c77-42e9-b118-926778792011],110CM,15939351,468,15936845BRI010400-,17/07/2026,09/09/2026,43,27/07/2026,901787,,5138a48d-0c77-42e9-b118-926778792011,UMBRO,135636,,CONTA E ORDEM VITÓRIA X ITABERABA
DASS VITORIA39114094995643110CM1593935115936846BRI010401-20260717-1,OK,DASS VITORIA,391,140949,827533,95643,ATAC. M13801 POLIESTER COR 100 [ed190ab0-436b-46cf-bc1e-88ca1bbc555d],110CM,15939351,348,15936846BRI010401-,17/07/2026,09/09/2026,43,27/07/2026,901788,,ed190ab0-436b-46cf-bc1e-88ca1bbc555d,UMBRO,135636,,CONTA E ORDEM VITÓRIA X ITABERABA
DASS VITORIA39114094995643110CM1593935115936847BRI010401-20260717-1,OK,DASS VITORIA,391,140949,827533,95643,ATAC. M13801 POLIESTER COR 100 [eb412177-7699-44fb-b12c-b1caebd64296],110CM,15939351,360,15936847BRI010401-,17/07/2026,09/09/2026,43,27/07/2026,901789,,eb412177-7699-44fb-b12c-b1caebd64296,UMBRO,135636,,CONTA E ORDEM VITÓRIA X ITABERABA
DASS VITORIA39114094995643110CM1593935115936848BRI010402-20260717-1,OK,DASS VITORIA,391,140949,827533,95643,ATAC. M13801 POLIESTER COR 100 [3f1c7e13-6e9d-4b3b-9adf-e0cf37d20d66],110CM,15939351,288,15936848BRI010402-,17/07/2026,09/09/2026,43,27/07/2026,901790,,3f1c7e13-6e9d-4b3b-9adf-e0cf37d20d66,UMBRO,135636,,CONTA E ORDEM VITÓRIA X ITABERABA
DASS VITORIA39114094995643110CM1593935115936849BRI010402-20260717-1,OK,DASS VITORIA,391,140949,827533,95643,ATAC. M13801 POLIESTER COR 100 [27684dd1-3009-4a21-8277-1232de88df7d],110CM,15939351,288,15936849BRI010402-,17/07/2026,09/09/2026,43,27/07/2026,901791,,27684dd1-3009-4a21-8277-1232de88df7d,UMBRO,135636,,CONTA E ORDEM VITÓRIA X ITABERABA
DASS VITORIA39114094995643120CM1593935115936842BRI010400-20260717-1,OK,DASS VITORIA,391,140949,827533,95643,ATAC. M13801 POLIESTER COR 100 [4ee650ac-c32b-4efb-8087-985730c913ed],120CM,15939351,600,15936842BRI010400-,17/07/2026,09/09/2026,43,27/07/2026,901792,,4ee650ac-c32b-4efb-8087-985730c913ed,UMBRO,135636,,CONTA E ORDEM VITÓRIA X ITABERABA
DASS VITORIA39114094995643120CM1593935115936845BRI010400-20260717-1,OK,DASS VITORIA,391,140949,827533,95643,ATAC. M13801 POLIESTER COR 100 [ebe92c7e-aae2-45e0-bef9-d94566a20b86],120CM,15939351,600,15936845BRI010400-,17/07/2026,09/09/2026,43,27/07/2026,901793,,ebe92c7e-aae2-45e0-bef9-d94566a20b86,UMBRO,135636,,CONTA E ORDEM VITÓRIA X ITABERABA
DASS VITORIA39114094995643120CM1593935115936846BRI010401-20260717-1,OK,DASS VITORIA,391,140949,827533,95643,ATAC. M13801 POLIESTER COR 100 [2b3c3a0a-13b1-4109-8c5f-1a38fb874762],120CM,15939351,528,15936846BRI010401-,17/07/2026,09/09/2026,43,27/07/2026,901794,,2b3c3a0a-13b1-4109-8c5f-1a38fb874762,UMBRO,135636,,CONTA E ORDEM VITÓRIA X ITABERABA
DASS VITORIA39114094995643120CM1593935115936847BRI010401-20260717-1,OK,DASS VITORIA,391,140949,827533,95643,ATAC. M13801 POLIESTER COR 100 [c5d8f260-4946-42fd-b969-49386c56a5d9],120CM,15939351,576,15936847BRI010401-,17/07/2026,09/09/2026,43,27/07/2026,901795,,c5d8f260-4946-42fd-b969-49386c56a5d9,UMBRO,135636,,CONTA E ORDEM VITÓRIA X ITABERABA
DASS VITORIA39114094995643120CM1593935115936848BRI010402-20260717-1,OK,DASS VITORIA,391,140949,827533,95643,ATAC. M13801 POLIESTER COR 100 [e1012888-247b-43eb-b578-dfc8aa7df355],120CM,15939351,468,15936848BRI010402-,17/07/2026,09/09/2026,43,27/07/2026,901796,,e1012888-247b-43eb-b578-dfc8aa7df355,UMBRO,135636,,CONTA E ORDEM VITÓRIA X ITABERABA
DASS VITORIA39114094995643120CM1593935115936849BRI010402-20260717-1,OK,DASS VITORIA,391,140949,827533,95643,ATAC. M13801 POLIESTER COR 100 [bfdb1788-4f80-42f9-a189-c3cbda927191],120CM,15939351,504,15936849BRI010402-,17/07/2026,09/09/2026,43,27/07/2026,901797,,bfdb1788-4f80-42f9-a189-c3cbda927191,UMBRO,135636,,CONTA E ORDEM VITÓRIA X ITABERABA
DASS SEST713928386418100CM1577519915773830NBR328288720260602-1,OK,DASS SEST,7,139283,1278311,86418,ATAC. MR140014 6MM RECICLADO COR 4662/PET [521c5b46-ea48-4543-824a-a9905a323f66],100CM,15775199,192,15773830NBR3282887,02/06/2026,14/09/2026,48,27/07/2026,901798,,521c5b46-ea48-4543-824a-a9905a323f66,NIKE,133903,,
DASS SEST713928386418100CM1577519915773831NBR328289820260602-1,OK,DASS SEST,7,139283,1278311,86418,ATAC. MR140014 6MM RECICLADO COR 4662/PET [b4d48e17-b90f-4f0c-8980-6c825e71fc56],100CM,15775199,192,15773831NBR3282898,02/06/2026,14/09/2026,48,27/07/2026,901799,,b4d48e17-b90f-4f0c-8980-6c825e71fc56,NIKE,133903,,
DASS SEST713928386418105CM1577519915773830NBR328288720260602-1,OK,DASS SEST,7,139283,1278311,86418,ATAC. MR140014 6MM RECICLADO COR 4662/PET [d2e550dd-551a-4783-b878-06c30ad6f0a6],105CM,15775199,1322,15773830NBR3282887,02/06/2026,14/09/2026,48,27/07/2026,901800,,d2e550dd-551a-4783-b878-06c30ad6f0a6,NIKE,133903,,
DASS SEST713928386418105CM1577519915773831NBR328289820260602-1,OK,DASS SEST,7,139283,1278311,86418,ATAC. MR140014 6MM RECICLADO COR 4662/PET [72f752c6-56f5-4383-bcf6-1010e7f0f71c],105CM,15775199,1328,15773831NBR3282898,02/06/2026,14/09/2026,48,27/07/2026,901801,,72f752c6-56f5-4383-bcf6-1010e7f0f71c,NIKE,133903,,
DASS SEST713928386418110CM1577519915773830NBR328288720260602-1,OK,DASS SEST,7,139283,1278311,86418,ATAC. MR140014 6MM RECICLADO COR 4662/PET [6b01a7b0-8b33-420a-836d-6765e9862715],110CM,15775199,78,15773830NBR3282887,02/06/2026,14/09/2026,48,27/07/2026,901802,,6b01a7b0-8b33-420a-836d-6765e9862715,NIKE,133903,,
DASS SEST713928386418110CM1577519915773831NBR328289820260602-1,OK,DASS SEST,7,139283,1278311,86418,ATAC. MR140014 6MM RECICLADO COR 4662/PET [729b691f-2fb8-43eb-985e-aefeb6eb4162],110CM,15775199,78,15773831NBR3282898,02/06/2026,14/09/2026,48,27/07/2026,901803,,729b691f-2fb8-43eb-985e-aefeb6eb4162,NIKE,133903,,
DASS SEST713928395705105CM1577519915773836NBR328292020260602-1,OK,DASS SEST,7,139283,1360726,95705,ATAC. MR140014 6MM RECICLADO COR 057/PET [dcc49661-849c-4e3c-807f-8672ee1f53e7],105CM,15775199,168,15773836NBR3282920,02/06/2026,14/09/2026,48,27/07/2026,901804,,dcc49661-849c-4e3c-807f-8672ee1f53e7,NIKE,133903,,
DASS SEST713928395705105CM1577519915773837NBR328292020260602-1,OK,DASS SEST,7,139283,1360726,95705,ATAC. MR140014 6MM RECICLADO COR 057/PET [34e30aad-415d-4140-93f9-b49bca030304],105CM,15775199,186,15773837NBR3282920,02/06/2026,14/09/2026,48,27/07/2026,901805,,34e30aad-415d-4140-93f9-b49bca030304,NIKE,133903,,
DASS SEST713928395705110CM1577519915773836NBR328292020260602-1,OK,DASS SEST,7,139283,1360726,95705,ATAC. MR140014 6MM RECICLADO COR 057/PET [7b7cec18-e542-4f75-8011-663697e91ac2],110CM,15775199,500,15773836NBR3282920,02/06/2026,14/09/2026,48,27/07/2026,901806,,7b7cec18-e542-4f75-8011-663697e91ac2,NIKE,133903,,
DASS SEST713928395705110CM1577519915773837NBR328292020260602-1,OK,DASS SEST,7,139283,1360726,95705,ATAC. MR140014 6MM RECICLADO COR 057/PET [af01c1e7-d56e-4b37-8e27-cc6139b35f58],110CM,15775199,504,15773837NBR3282920,02/06/2026,14/09/2026,48,27/07/2026,901807,,af01c1e7-d56e-4b37-8e27-cc6139b35f58,NIKE,133903,,
DASS SEST713928395705115CM1577519915773836NBR328292020260602-1,OK,DASS SEST,7,139283,1360726,95705,ATAC. MR140014 6MM RECICLADO COR 057/PET [93d07e2c-c4b1-4f28-9bc6-1b79375d43fe],115CM,15775199,192,15773836NBR3282920,02/06/2026,14/09/2026,48,27/07/2026,901808,,93d07e2c-c4b1-4f28-9bc6-1b79375d43fe,NIKE,133903,,
DASS SEST713928395705115CM1577519915773837NBR328292020260602-1,OK,DASS SEST,7,139283,1360726,95705,ATAC. MR140014 6MM RECICLADO COR 057/PET [a118687a-1dbf-4937-8eb2-a9459c8e5f63],115CM,15775199,210,15773837NBR3282920,02/06/2026,14/09/2026,48,27/07/2026,901809,,a118687a-1dbf-4937-8eb2-a9459c8e5f63,NIKE,133903,,
DASS SEST71395758697895CM1581641615815487NBR328285020260611-1,OK,DASS SEST,7,139575,1299257,86978,ATAC. MR130027 6MM RECICLADO COR 4085/PET [6c02b915-c70f-4d4c-b17e-77d4d4e1fa77],95CM,15816416,300,15815487NBR3282850,11/06/2026,14/09/2026,48,27/07/2026,901810,,6c02b915-c70f-4d4c-b17e-77d4d4e1fa77,NIKE,134326,,
DASS SEST71395758697895CM1581641615815488NBR328285020260611-1,OK,DASS SEST,7,139575,1299257,86978,ATAC. MR130027 6MM RECICLADO COR 4085/PET [bb6b6b87-e29f-44e2-b04c-f2c4e0814a22],95CM,15816416,333,15815488NBR3282850,11/06/2026,14/09/2026,48,27/07/2026,901811,,bb6b6b87-e29f-44e2-b04c-f2c4e0814a22,NIKE,134326,,
DASS SEST713957586978100CM1581641615815487NBR328285020260611-1,OK,DASS SEST,7,139575,1299257,86978,ATAC. MR130027 6MM RECICLADO COR 4085/PET [2e785efd-305a-4b0e-b152-47dddfe8d413],100CM,15816416,374,15815487NBR3282850,11/06/2026,14/09/2026,48,27/07/2026,901812,,2e785efd-305a-4b0e-b152-47dddfe8d413,NIKE,134326,,
DASS SEST713957586978100CM1581641615815488NBR328285020260611-1,OK,DASS SEST,7,139575,1299257,86978,ATAC. MR130027 6MM RECICLADO COR 4085/PET [212ce004-0306-4608-b5ff-86fdde404fd3],100CM,15816416,426,15815488NBR3282850,11/06/2026,14/09/2026,48,27/07/2026,901813,,212ce004-0306-4608-b5ff-86fdde404fd3,NIKE,134326,,
DASS SEST713957586978105CM1581641615815487NBR328285020260611-1,OK,DASS SEST,7,139575,1299257,86978,ATAC. MR130027 6MM RECICLADO COR 4085/PET [1add0319-4fa4-48db-bd11-05a9e33a76af],105CM,15816416,49,15815487NBR3282850,11/06/2026,14/09/2026,48,27/07/2026,901814,,1add0319-4fa4-48db-bd11-05a9e33a76af,NIKE,134326,,
DASS SEST713957586978105CM1581641615815488NBR328285020260611-1,OK,DASS SEST,7,139575,1299257,86978,ATAC. MR130027 6MM RECICLADO COR 4085/PET [a44f472b-34b1-40ac-81f1-34cff8f7a7bd],105CM,15816416,48,15815488NBR3282850,11/06/2026,14/09/2026,48,27/07/2026,901815,,a44f472b-34b1-40ac-81f1-34cff8f7a7bd,NIKE,134326,,
DASS SEST713957588695100CM1581641615815498NBR328290320260611-1,OK,DASS SEST,7,139575,1301800,88695,ATAC. MR130027 6MM RECICLADO COR 4662/PET [75faf1a2-45b1-4d3c-8463-9f242a315f94],100CM,15816416,280,15815498NBR3282903,11/06/2026,14/09/2026,48,27/07/2026,901816,,75faf1a2-45b1-4d3c-8463-9f242a315f94,NIKE,134326,,
DASS SEST713957588695105CM1581641615815498NBR328290320260611-1,OK,DASS SEST,7,139575,1301800,88695,ATAC. MR130027 6MM RECICLADO COR 4662/PET [849105ac-5934-463c-bb5f-219ddb8b818e],105CM,15816416,848,15815498NBR3282903,11/06/2026,14/09/2026,48,27/07/2026,901817,,849105ac-5934-463c-bb5f-219ddb8b818e,NIKE,134326,,
DASS SEST713957588695110CM1581641615815498NBR328290320260611-1,OK,DASS SEST,7,139575,1301800,88695,ATAC. MR130027 6MM RECICLADO COR 4662/PET [2c377b04-8115-4a53-b2e7-c283ac18569b],110CM,15816416,249,15815498NBR3282903,11/06/2026,14/09/2026,48,27/07/2026,901818,,2c377b04-8115-4a53-b2e7-c283ac18569b,NIKE,134326,,
DASS SEST713965882628100CM1581994315818126NBR328301920260612-1,OK,DASS SEST,7,139658,1188919,82628,ATAC. MR140014 6MM RECICLADO COR 4085/PET [fa402e49-a6a3-4f55-83fb-7449efbb7e2d],100CM,15819943,783,15818126NBR3283019,12/06/2026,14/09/2026,48,27/07/2026,901819,,fa402e49-a6a3-4f55-83fb-7449efbb7e2d,NIKE,134368,,
DASS SEST713965882628100CM1581994315818127NBR328301920260612-1,OK,DASS SEST,7,139658,1188919,82628,ATAC. MR140014 6MM RECICLADO COR 4085/PET [e892f823-112d-4b44-bc6f-9179e3d8d5c6],100CM,15819943,838,15818127NBR3283019,12/06/2026,14/09/2026,48,27/07/2026,901820,,e892f823-112d-4b44-bc6f-9179e3d8d5c6,NIKE,134368,,
DASS SEST713965882628105CM1581994315818126NBR328301920260612-1,OK,DASS SEST,7,139658,1188919,82628,ATAC. MR140014 6MM RECICLADO COR 4085/PET [1b776a28-f307-4541-aa1b-d0b58089fc68],105CM,15819943,404,15818126NBR3283019,12/06/2026,14/09/2026,48,27/07/2026,901821,,1b776a28-f307-4541-aa1b-d0b58089fc68,NIKE,134368,,
DASS SEST713965882628105CM1581994315818127NBR328301920260612-1,OK,DASS SEST,7,139658,1188919,82628,ATAC. MR140014 6MM RECICLADO COR 4085/PET [080bf3cf-33cd-49ae-ab5a-fd6e83b32bad],105CM,15819943,420,15818127NBR3283019,12/06/2026,14/09/2026,48,27/07/2026,901822,,080bf3cf-33cd-49ae-ab5a-fd6e83b32bad,NIKE,134368,,
DASS SEST713965886842100CM1581994315818131NBR328288820260612-1,OK,DASS SEST,7,139658,1262674,86842,ATAC. MR140014 6MM RECICLADO COR 5552/PET [3990023c-53e7-42d8-9654-bd0568cb4b73],100CM,15819943,12,15818131NBR3282888,12/06/2026,14/09/2026,48,27/07/2026,901823,,3990023c-53e7-42d8-9654-bd0568cb4b73,NIKE,134368,,
DASS SEST713965886842105CM1581994315818131NBR328288820260612-1,OK,DASS SEST,7,139658,1262674,86842,ATAC. MR140014 6MM RECICLADO COR 5552/PET [bed3384a-c08a-4f65-a525-4fa2c4c7d1eb],105CM,15819943,468,15818131NBR3282888,12/06/2026,14/09/2026,48,27/07/2026,901824,,bed3384a-c08a-4f65-a525-4fa2c4c7d1eb,NIKE,134368,,
DASS SEST713965886842110CM1581994315818131NBR328288820260612-1,OK,DASS SEST,7,139658,1262674,86842,ATAC. MR140014 6MM RECICLADO COR 5552/PET [fc24facf-5809-4209-94fa-6ddd94f7764f],110CM,15819943,700,15818131NBR3282888,12/06/2026,14/09/2026,48,27/07/2026,901825,,fc24facf-5809-4209-94fa-6ddd94f7764f,NIKE,134368,,
DASS SEST713965886842115CM1581994315818131NBR328288820260612-1,OK,DASS SEST,7,139658,1262674,86842,ATAC. MR140014 6MM RECICLADO COR 5552/PET [84dd7c02-8e34-4c2c-97c5-10c6e590fcf9],115CM,15819943,91,15818131NBR3282888,12/06/2026,14/09/2026,48,27/07/2026,901826,,84dd7c02-8e34-4c2c-97c5-10c6e590fcf9,NIKE,134368,,
DASS SEST71399378794616MM1584966520260622-1,OK,DASS SEST,7,139937,1316829,87946,FITA M31119 C/ GOMA POLIESTER COR 100/ COR 5535/ COR 102 [7db070ce-ade4-4294-b4fb-dbcf8842ad33],16MM,15849665,980,0,22/06/2026,14/09/2026,48,27/07/2026,901827,,7db070ce-ade4-4294-b4fb-dbcf8842ad33,FILA,134613,,
DASS SEST71399379140716MM1584966520260622-1,OK,DASS SEST,7,139937,1320158,91407,FITA M31119 C/ GOMA POLIESTER COR 324 / COR 5508 / COR 5508 [8ea7468c-013d-4c40-b263-ea54ce3cd4a8],16MM,15849665,220,0,22/06/2026,14/09/2026,48,27/07/2026,901828,,8ea7468c-013d-4c40-b263-ea54ce3cd4a8,FILA,134613,,
DASS SEST71399379530216MM1584966520260622-1,OK,DASS SEST,7,139937,1416741,95302,FITA M31119 C/ GOMA POLIESTER COR 102 / COR 5508 / COR 5508 [1404f374-53fe-487d-8eea-fd1a2cc9c27e],16MM,15849665,810,0,22/06/2026,14/09/2026,48,27/07/2026,901829,,1404f374-53fe-487d-8eea-fd1a2cc9c27e,FILA,134613,,
DASS SEST713993895488125CM1584967815845737BR31480120260622-1,OK,DASS SEST,7,139938,1423776,95488,ATAC. M60132 ALPINA COR 2000 [6e6680c4-b5b8-4b3b-90f9-fae4b64192af],125CM,15849678,624,15845737BR314801,22/06/2026,14/09/2026,48,27/07/2026,901830,,6e6680c4-b5b8-4b3b-90f9-fae4b64192af,FILA,134614,,
DASS SEST713993895488125CM1584967815845738BR31480220260622-1,OK,DASS SEST,7,139938,1423776,95488,ATAC. M60132 ALPINA COR 2000 [e25f9a67-6ba5-4f69-82cf-309107817a18],125CM,15849678,492,15845738BR314802,22/06/2026,14/09/2026,48,27/07/2026,901831,,e25f9a67-6ba5-4f69-82cf-309107817a18,FILA,134614,,
DASS SEST713993895488135CM1584967815845709BR314794-B20260622-1,OK,DASS SEST,7,139938,1423776,95488,ATAC. M60132 ALPINA COR 2000 [686908f5-3303-4e80-9fcb-f289bcf92ea8],135CM,15849678,552,15845709BR314794-B,22/06/2026,14/09/2026,48,27/07/2026,901832,,686908f5-3303-4e80-9fcb-f289bcf92ea8,FILA,134614,,
DASS SEST713993895488135CM1584967815845737BR31480120260622-1,OK,DASS SEST,7,139938,1423776,95488,ATAC. M60132 ALPINA COR 2000 [6466a323-fbbb-4935-ba99-2ec39384fb40],135CM,15849678,744,15845737BR314801,22/06/2026,14/09/2026,48,27/07/2026,901833,,6466a323-fbbb-4935-ba99-2ec39384fb40,FILA,134614,,
DASS SEST713993895488135CM1584967815845738BR31480220260622-1,OK,DASS SEST,7,139938,1423776,95488,ATAC. M60132 ALPINA COR 2000 [e1c1230b-8f24-4512-9ff6-ac5280be50ce],135CM,15849678,684,15845738BR314802,22/06/2026,14/09/2026,48,27/07/2026,901834,,e1c1230b-8f24-4512-9ff6-ac5280be50ce,FILA,134614,,
DASS SEST713993895488145CM1584967815845709BR314794-B20260622-1,OK,DASS SEST,7,139938,1423776,95488,ATAC. M60132 ALPINA COR 2000 [af98cb2c-f838-4e0c-8167-2a5ffa38c91b],145CM,15849678,348,15845709BR314794-B,22/06/2026,14/09/2026,48,27/07/2026,901835,,af98cb2c-f838-4e0c-8167-2a5ffa38c91b,FILA,134614,,
DASS SEST713993895490125CM1584967815845747BR31480420260622-1,OK,DASS SEST,7,139938,1423777,95490,ATAC. M60132 ALPINA COR 2001 [289dd789-a0e4-4b3e-b763-a2f54a36aa4a],125CM,15849678,456,15845747BR314804,22/06/2026,14/09/2026,48,27/07/2026,901836,,289dd789-a0e4-4b3e-b763-a2f54a36aa4a,FILA,134614,,
DASS SEST713993895490135CM1584967815845748BR314796-A20260622-1,OK,DASS SEST,7,139938,1423777,95490,ATAC. M60132 ALPINA COR 2001 [f83ea135-b8dc-4f21-a368-c454c2a5e576],135CM,15849678,504,15845748BR314796-A,22/06/2026,14/09/2026,48,27/07/2026,901837,,f83ea135-b8dc-4f21-a368-c454c2a5e576,FILA,134614,,
DASS SEST713993895490135CM1584967815845749BR314796-B20260622-1,OK,DASS SEST,7,139938,1423777,95490,ATAC. M60132 ALPINA COR 2001 [665d6433-34f0-4df9-87d8-e219e8ac3838],135CM,15849678,564,15845749BR314796-B,22/06/2026,14/09/2026,48,27/07/2026,901838,,665d6433-34f0-4df9-87d8-e219e8ac3838,FILA,134614,,
DASS SEST713993895490135CM1584967815845750BR31479720260622-1,OK,DASS SEST,7,139938,1423777,95490,ATAC. M60132 ALPINA COR 2001 [f5cfba50-91ee-4c55-849f-e1c6bd109860],135CM,15849678,876,15845750BR314797,22/06/2026,14/09/2026,48,27/07/2026,901839,,f5cfba50-91ee-4c55-849f-e1c6bd109860,FILA,134614,,
DASS SEST713993895490135CM1584967815845747BR31480420260622-1,OK,DASS SEST,7,139938,1423777,95490,ATAC. M60132 ALPINA COR 2001 [af52f4f8-bdf0-4a2e-bff5-1753f1db80e6],135CM,15849678,588,15845747BR314804,22/06/2026,14/09/2026,48,27/07/2026,901840,,af52f4f8-bdf0-4a2e-bff5-1753f1db80e6,FILA,134614,,
DASS SEST713993895490145CM1584967815845748BR314796-A20260622-1,OK,DASS SEST,7,139938,1423777,95490,ATAC. M60132 ALPINA COR 2001 [ba91183e-e927-4f10-8a0b-ccbce9965b92],145CM,15849678,312,15845748BR314796-A,22/06/2026,14/09/2026,48,27/07/2026,901841,,ba91183e-e927-4f10-8a0b-ccbce9965b92,FILA,134614,,
DASS SEST713993895490145CM1584967815845749BR314796-B20260622-1,OK,DASS SEST,7,139938,1423777,95490,ATAC. M60132 ALPINA COR 2001 [d7c0a1e7-f2cc-489d-b37d-a136ce04db5b],145CM,15849678,324,15845749BR314796-B,22/06/2026,14/09/2026,48,27/07/2026,901842,,d7c0a1e7-f2cc-489d-b37d-a136ce04db5b,FILA,134614,,
DASS SEST713993895490145CM1584967815845750BR31479720260622-1,OK,DASS SEST,7,139938,1423777,95490,ATAC. M60132 ALPINA COR 2001 [4cb3a0ea-4d15-48d9-8436-e4fb30bba56b],145CM,15849678,468,15845750BR314797,22/06/2026,14/09/2026,48,27/07/2026,901843,,4cb3a0ea-4d15-48d9-8436-e4fb30bba56b,FILA,134614,,
DASS SEST71400998990518MM1585984620260625-1,OK,DASS SEST,7,140099,1342875,89905,FITA M31132 C/GOMA POLIESTER COR 4085 [ae025313-2164-4586-b8df-576e781b5eef],18MM,15859846,650,0,25/06/2026,14/09/2026,48,27/07/2026,901844,,ae025313-2164-4586-b8df-576e781b5eef,NIKE,134788,,
DASS SEST71400997423715MM1585984620260625-1,OK,DASS SEST,7,140099,1181716,74237,FITA MR100001 C/ GOMA RECICLADO COR 4085/PET [7671e6d2-bc9e-4965-9928-eae1fb3753ff],15MM,15859846,260,0,25/06/2026,14/09/2026,48,27/07/2026,901845,,7671e6d2-bc9e-4965-9928-eae1fb3753ff,NIKE,134788,,
DASS SEST71400998262515MM1585984620260625-1,OK,DASS SEST,7,140099,1194659,82625,FITA MR100001 C/ GOMA RECICLADO COR 4593/PET [3855209e-7253-48a3-863b-9229b969f100],15MM,15859846,380,0,25/06/2026,14/09/2026,48,27/07/2026,901846,,3855209e-7253-48a3-863b-9229b969f100,NIKE,134788,,
DASS SEST71401127400710MM1585661720260625-1,OK,DASS SEST,7,140112,1200469,74007,FITA M32164 C/ GOMA POLIESTER COR 4085 [7b3ffe9f-87d7-404e-8f4a-16110ce1aa2f],10MM,15856617,220,0,25/06/2026,14/09/2026,48,27/07/2026,901847,,7b3ffe9f-87d7-404e-8f4a-16110ce1aa2f,NIKE,134809,,
DASS SEST71401127312710MM1585661720260625-1,OK,DASS SEST,7,140112,1142481,73127,FITA MR100005 C/ GOMA RECICLADO COR 4085 [70a3c652-38c9-4315-b0fc-7d212dc6b78c],10MM,15856617,220,0,25/06/2026,14/09/2026,48,27/07/2026,901848,,70a3c652-38c9-4315-b0fc-7d212dc6b78c,NIKE,134809,,
DASS SEST71401129080310MM1585661720260625-1,OK,DASS SEST,7,140112,1359564,90803,FITA MR100005 C/ GOMA RECICLADO COR 101 [de6c86f0-57c8-4fc2-8e76-7ac3d338da61],10MM,15856617,130,0,25/06/2026,14/09/2026,48,27/07/2026,901849,,de6c86f0-57c8-4fc2-8e76-7ac3d338da61,NIKE,134809,,
DASS SEST71401209423910MM1586038120260625-1,OK,DASS SEST,7,140120,1425159,94239,FITA M32164 C/ GOMA POLIESTER COR 920 [7de23538-86fe-4b44-b955-83f1f7410e12],10MM,15860381,80,0,25/06/2026,14/09/2026,48,27/07/2026,901850,,7de23538-86fe-4b44-b955-83f1f7410e12,NIKE,134810,,
DASS SEST714012982628100CM1585579115851084NBR328308820260625-1,OK,DASS SEST,7,140129,1188919,82628,ATAC. MR140014 6MM RECICLADO COR 4085/PET [b7137717-2768-45c1-96dc-fb026a54d966],100CM,15855791,96,15851084NBR3283088,25/06/2026,14/09/2026,48,27/07/2026,901851,,b7137717-2768-45c1-96dc-fb026a54d966,NIKE,134820,,
DASS SEST714012982628100CM1585579115851085NBR328308820260625-1,OK,DASS SEST,7,140129,1188919,82628,ATAC. MR140014 6MM RECICLADO COR 4085/PET [5a0c33b0-0d1b-4237-89c9-a3878b38b95d],100CM,15855791,102,15851085NBR3283088,25/06/2026,14/09/2026,48,27/07/2026,901852,,5a0c33b0-0d1b-4237-89c9-a3878b38b95d,NIKE,134820,,
DASS SEST714012982628105CM1585579115851084NBR328308820260625-1,OK,DASS SEST,7,140129,1188919,82628,ATAC. MR140014 6MM RECICLADO COR 4085/PET [9b659fa0-5536-408a-9c23-61fc50d049ca],105CM,15855791,686,15851084NBR3283088,25/06/2026,14/09/2026,48,27/07/2026,901853,,9b659fa0-5536-408a-9c23-61fc50d049ca,NIKE,134820,,
DASS SEST714012982628105CM1585579115851085NBR328308820260625-1,OK,DASS SEST,7,140129,1188919,82628,ATAC. MR140014 6MM RECICLADO COR 4085/PET [5a85c9ac-4ab6-4fd0-96e9-d85c679ec284],105CM,15855791,708,15851085NBR3283088,25/06/2026,14/09/2026,48,27/07/2026,901854,,5a85c9ac-4ab6-4fd0-96e9-d85c679ec284,NIKE,134820,,
DASS SEST714012982628105CM1585579115851079NBR328309820260625-1,OK,DASS SEST,7,140129,1188919,82628,ATAC. MR140014 6MM RECICLADO COR 4085/PET [fd7ff9da-b33c-42d0-99b5-7b80276a8b39],105CM,15855791,192,15851079NBR3283098,25/06/2026,14/09/2026,48,27/07/2026,901855,,fd7ff9da-b33c-42d0-99b5-7b80276a8b39,NIKE,134820,,
DASS SEST714012982628105CM1585579115851080NBR328309820260625-1,OK,DASS SEST,7,140129,1188919,82628,ATAC. MR140014 6MM RECICLADO COR 4085/PET [3ca1e28b-b312-4c52-a548-9d3f9bc1979e],105CM,15855791,234,15851080NBR3283098,25/06/2026,14/09/2026,48,27/07/2026,901856,,3ca1e28b-b312-4c52-a548-9d3f9bc1979e,NIKE,134820,,
DASS SEST714012982628110CM1585579115851084NBR328308820260625-1,OK,DASS SEST,7,140129,1188919,82628,ATAC. MR140014 6MM RECICLADO COR 4085/PET [2b74c3eb-8cb4-4237-91f9-de3fc37cc6d8],110CM,15855791,48,15851084NBR3283088,25/06/2026,14/09/2026,48,27/07/2026,901857,,2b74c3eb-8cb4-4237-91f9-de3fc37cc6d8,NIKE,134820,,
DASS SEST714012982628110CM1585579115851085NBR328308820260625-1,OK,DASS SEST,7,140129,1188919,82628,ATAC. MR140014 6MM RECICLADO COR 4085/PET [1eb41824-b5fe-4724-847e-041f13d5d016],110CM,15855791,36,15851085NBR3283088,25/06/2026,14/09/2026,48,27/07/2026,901858,,1eb41824-b5fe-4724-847e-041f13d5d016,NIKE,134820,,
DASS SEST714012982628110CM1585579115851079NBR328309820260625-1,OK,DASS SEST,7,140129,1188919,82628,ATAC. MR140014 6MM RECICLADO COR 4085/PET [2ce23110-ab29-4153-af3f-0da64da0070e],110CM,15855791,603,15851079NBR3283098,25/06/2026,14/09/2026,48,27/07/2026,901859,,2ce23110-ab29-4153-af3f-0da64da0070e,NIKE,134820,,
DASS SEST714012982628110CM1585579115851080NBR328309820260625-1,OK,DASS SEST,7,140129,1188919,82628,ATAC. MR140014 6MM RECICLADO COR 4085/PET [45609c2d-195e-4a25-8c73-9f834c7cf87d],110CM,15855791,606,15851080NBR3283098,25/06/2026,14/09/2026,48,27/07/2026,901860,,45609c2d-195e-4a25-8c73-9f834c7cf87d,NIKE,134820,,
DASS SEST714012982628115CM1585579115851079NBR328309820260625-1,OK,DASS SEST,7,140129,1188919,82628,ATAC. MR140014 6MM RECICLADO COR 4085/PET [be707b04-170e-4251-89af-6966ef3c241a],115CM,15855791,240,15851079NBR3283098,25/06/2026,14/09/2026,48,27/07/2026,901861,,be707b04-170e-4251-89af-6966ef3c241a,NIKE,134820,,
DASS SEST714012982628115CM1585579115851080NBR328309820260625-1,OK,DASS SEST,7,140129,1188919,82628,ATAC. MR140014 6MM RECICLADO COR 4085/PET [59f24ed2-7273-4884-82ac-dcf1605e2cf2],115CM,15855791,246,15851080NBR3283098,25/06/2026,14/09/2026,48,27/07/2026,901862,,59f24ed2-7273-4884-82ac-dcf1605e2cf2,NIKE,134820,,
DASS SEST714012988668110CM1585579115854340NEX000007320260625-1,OK,DASS SEST,7,140129,1304277,88668,ATAC. MR110022 7MM RECICLADO COR 4085/PET / COR 496/PET [27908855-bbb5-4562-9964-4020ccd4aecd],110CM,15855791,1266,15854340NEX0000073,25/06/2026,14/09/2026,48,27/07/2026,901863,,27908855-bbb5-4562-9964-4020ccd4aecd,NIKE,134820,,
DASS SEST714012988668110CM1585579115854341NEX000007320260625-1,OK,DASS SEST,7,140129,1304277,88668,ATAC. MR110022 7MM RECICLADO COR 4085/PET / COR 496/PET [272c0998-2d58-476f-9e2c-f42459dcb718],110CM,15855791,1260,15854341NEX0000073,25/06/2026,14/09/2026,48,27/07/2026,901864,,272c0998-2d58-476f-9e2c-f42459dcb718,NIKE,134820,,
DASS SEST714012988668110CM1585579115854342NEX000007320260625-1,OK,DASS SEST,7,140129,1304277,88668,ATAC. MR110022 7MM RECICLADO COR 4085/PET / COR 496/PET [f505b1d3-8a80-4a2e-bd0a-1b2544c93988],110CM,15855791,1212,15854342NEX0000073,25/06/2026,14/09/2026,48,27/07/2026,901865,,f505b1d3-8a80-4a2e-bd0a-1b2544c93988,NIKE,134820,,
DASS SEST714012988668110CM1585579115854343NEX000007320260625-1,OK,DASS SEST,7,140129,1304277,88668,ATAC. MR110022 7MM RECICLADO COR 4085/PET / COR 496/PET [916a4df9-fe68-480f-a26b-c362a2c51473],110CM,15855791,1314,15854343NEX0000073,25/06/2026,14/09/2026,48,27/07/2026,901866,,916a4df9-fe68-480f-a26b-c362a2c51473,NIKE,134820,,
DASS SEST714012988668110CM1585579115854329NEX000007420260625-1,OK,DASS SEST,7,140129,1304277,88668,ATAC. MR110022 7MM RECICLADO COR 4085/PET / COR 496/PET [86b13a07-977b-4c3f-ae2e-6f47f88620ff],110CM,15855791,288,15854329NEX0000074,25/06/2026,14/09/2026,48,27/07/2026,901867,,86b13a07-977b-4c3f-ae2e-6f47f88620ff,NIKE,134820,,
DASS SEST714012988668110CM1585579115854330NEX000007420260625-1,OK,DASS SEST,7,140129,1304277,88668,ATAC. MR110022 7MM RECICLADO COR 4085/PET / COR 496/PET [2c71f2b9-3ddb-4445-972c-0f68182c82b6],110CM,15855791,288,15854330NEX0000074,25/06/2026,14/09/2026,48,27/07/2026,901868,,2c71f2b9-3ddb-4445-972c-0f68182c82b6,NIKE,134820,,
DASS SEST714012988668110CM1585579115854331NEX000007420260625-1,OK,DASS SEST,7,140129,1304277,88668,ATAC. MR110022 7MM RECICLADO COR 4085/PET / COR 496/PET [d25db90d-1a4e-4260-949a-d149c30b8fb7],110CM,15855791,312,15854331NEX0000074,25/06/2026,14/09/2026,48,27/07/2026,901869,,d25db90d-1a4e-4260-949a-d149c30b8fb7,NIKE,134820,,
DASS SEST714012988668110CM1585579115854319NEX000007520260625-1,OK,DASS SEST,7,140129,1304277,88668,ATAC. MR110022 7MM RECICLADO COR 4085/PET / COR 496/PET [04293542-a857-40ef-8895-c950b8609a31],110CM,15855791,288,15854319NEX0000075,25/06/2026,14/09/2026,48,27/07/2026,901870,,04293542-a857-40ef-8895-c950b8609a31,NIKE,134820,,
DASS SEST714012988668110CM1585579115854320NEX000007520260625-1,OK,DASS SEST,7,140129,1304277,88668,ATAC. MR110022 7MM RECICLADO COR 4085/PET / COR 496/PET [4e5e8d8b-a3dd-4abc-999d-1f41d80975f7],110CM,15855791,288,15854320NEX0000075,25/06/2026,14/09/2026,48,27/07/2026,901871,,4e5e8d8b-a3dd-4abc-999d-1f41d80975f7,NIKE,134820,,
DASS SEST714012988668110CM1585579115854321NEX000007520260625-1,OK,DASS SEST,7,140129,1304277,88668,ATAC. MR110022 7MM RECICLADO COR 4085/PET / COR 496/PET [9029eecc-e882-42ee-9719-070467c5db1e],110CM,15855791,276,15854321NEX0000075,25/06/2026,14/09/2026,48,27/07/2026,901872,,9029eecc-e882-42ee-9719-070467c5db1e,NIKE,134820,,
DASS SEST714012988668110CM1585579115854322NEX000007520260625-1,OK,DASS SEST,7,140129,1304277,88668,ATAC. MR110022 7MM RECICLADO COR 4085/PET / COR 496/PET [fb6f4b83-ffb2-44b7-a514-a42f6dbf390c],110CM,15855791,312,15854322NEX0000075,25/06/2026,14/09/2026,48,27/07/2026,901873,,fb6f4b83-ffb2-44b7-a514-a42f6dbf390c,NIKE,134820,,
DASS SEST714012988668115CM1585579115854340NEX000007320260625-1,OK,DASS SEST,7,140129,1304277,88668,ATAC. MR110022 7MM RECICLADO COR 4085/PET / COR 496/PET [4809151b-07ec-4048-bea5-b3033ec67098],115CM,15855791,108,15854340NEX0000073,25/06/2026,14/09/2026,48,27/07/2026,901874,,4809151b-07ec-4048-bea5-b3033ec67098,NIKE,134820,,
DASS SEST714012988668115CM1585579115854341NEX000007320260625-1,OK,DASS SEST,7,140129,1304277,88668,ATAC. MR110022 7MM RECICLADO COR 4085/PET / COR 496/PET [9fc41c46-7931-4334-a44f-475105d0d581],115CM,15855791,84,15854341NEX0000073,25/06/2026,14/09/2026,48,27/07/2026,901875,,9fc41c46-7931-4334-a44f-475105d0d581,NIKE,134820,,
DASS SEST714012988668115CM1585579115854342NEX000007320260625-1,OK,DASS SEST,7,140129,1304277,88668,ATAC. MR110022 7MM RECICLADO COR 4085/PET / COR 496/PET [15883d68-8c90-4cff-8ce6-20c018c445b8],115CM,15855791,84,15854342NEX0000073,25/06/2026,14/09/2026,48,27/07/2026,901876,,15883d68-8c90-4cff-8ce6-20c018c445b8,NIKE,134820,,
DASS SEST714012988668115CM1585579115854343NEX000007320260625-1,OK,DASS SEST,7,140129,1304277,88668,ATAC. MR110022 7MM RECICLADO COR 4085/PET / COR 496/PET [820ada7c-e0ed-44a7-97b2-4073d5706547],115CM,15855791,84,15854343NEX0000073,25/06/2026,14/09/2026,48,27/07/2026,901877,,820ada7c-e0ed-44a7-97b2-4073d5706547,NIKE,134820,,
DASS SEST714012988668115CM1585579115854329NEX000007420260625-1,OK,DASS SEST,7,140129,1304277,88668,ATAC. MR110022 7MM RECICLADO COR 4085/PET / COR 496/PET [e572a07e-4e08-485c-9d6d-0b5e9b602a6d],115CM,15855791,899,15854329NEX0000074,25/06/2026,14/09/2026,48,27/07/2026,901878,,e572a07e-4e08-485c-9d6d-0b5e9b602a6d,NIKE,134820,,
DASS SEST714012988668115CM1585579115854330NEX000007420260625-1,OK,DASS SEST,7,140129,1304277,88668,ATAC. MR110022 7MM RECICLADO COR 4085/PET / COR 496/PET [f1361bfe-3fb4-4d21-bd78-c1c9742c0253],115CM,15855791,852,15854330NEX0000074,25/06/2026,14/09/2026,48,27/07/2026,901879,,f1361bfe-3fb4-4d21-bd78-c1c9742c0253,NIKE,134820,,
DASS SEST714012988668115CM1585579115854331NEX000007420260625-1,OK,DASS SEST,7,140129,1304277,88668,ATAC. MR110022 7MM RECICLADO COR 4085/PET / COR 496/PET [e920c853-733f-4c19-b111-c222600738ce],115CM,15855791,876,15854331NEX0000074,25/06/2026,14/09/2026,48,27/07/2026,901880,,e920c853-733f-4c19-b111-c222600738ce,NIKE,134820,,
DASS SEST714012988668115CM1585579115854319NEX000007520260625-1,OK,DASS SEST,7,140129,1304277,88668,ATAC. MR110022 7MM RECICLADO COR 4085/PET / COR 496/PET [0e2d626c-d013-4424-a5db-a19000e2b4c5],115CM,15855791,870,15854319NEX0000075,25/06/2026,14/09/2026,48,27/07/2026,901881,,0e2d626c-d013-4424-a5db-a19000e2b4c5,NIKE,134820,,
DASS SEST714012988668115CM1585579115854320NEX000007520260625-1,OK,DASS SEST,7,140129,1304277,88668,ATAC. MR110022 7MM RECICLADO COR 4085/PET / COR 496/PET [363ba16b-f841-45a7-a3e1-c7da6e52ad62],115CM,15855791,864,15854320NEX0000075,25/06/2026,14/09/2026,48,27/07/2026,901882,,363ba16b-f841-45a7-a3e1-c7da6e52ad62,NIKE,134820,,
DASS SEST714012988668115CM1585579115854321NEX000007520260625-1,OK,DASS SEST,7,140129,1304277,88668,ATAC. MR110022 7MM RECICLADO COR 4085/PET / COR 496/PET [46ba8cbc-2a04-44a7-8701-9fda71a378c2],115CM,15855791,840,15854321NEX0000075,25/06/2026,14/09/2026,48,27/07/2026,901883,,46ba8cbc-2a04-44a7-8701-9fda71a378c2,NIKE,134820,,
DASS SEST714012988668115CM1585579115854322NEX000007520260625-1,OK,DASS SEST,7,140129,1304277,88668,ATAC. MR110022 7MM RECICLADO COR 4085/PET / COR 496/PET [dcfb15c3-042a-4290-ae6b-97769ca799b9],115CM,15855791,876,15854322NEX0000075,25/06/2026,14/09/2026,48,27/07/2026,901884,,dcfb15c3-042a-4290-ae6b-97769ca799b9,NIKE,134820,,
DASS SEST714012988668120CM1585579115854329NEX000007420260625-1,OK,DASS SEST,7,140129,1304277,88668,ATAC. MR110022 7MM RECICLADO COR 4085/PET / COR 496/PET [1376d24c-f2ef-4bc9-8ebe-58e847a1bce4],120CM,15855791,264,15854329NEX0000074,25/06/2026,14/09/2026,48,27/07/2026,901885,,1376d24c-f2ef-4bc9-8ebe-58e847a1bce4,NIKE,134820,,
DASS SEST714012988668120CM1585579115854330NEX000007420260625-1,OK,DASS SEST,7,140129,1304277,88668,ATAC. MR110022 7MM RECICLADO COR 4085/PET / COR 496/PET [9d0da942-101e-4ac0-bb3d-c8ba9cbf85ba],120CM,15855791,240,15854330NEX0000074,25/06/2026,14/09/2026,48,27/07/2026,901886,,9d0da942-101e-4ac0-bb3d-c8ba9cbf85ba,NIKE,134820,,
DASS SEST714012988668120CM1585579115854331NEX000007420260625-1,OK,DASS SEST,7,140129,1304277,88668,ATAC. MR110022 7MM RECICLADO COR 4085/PET / COR 496/PET [6a0d0b00-3e7e-4807-9ea2-dd1c0c218d0d],120CM,15855791,270,15854331NEX0000074,25/06/2026,14/09/2026,48,27/07/2026,901887,,6a0d0b00-3e7e-4807-9ea2-dd1c0c218d0d,NIKE,134820,,
DASS SEST714012988668120CM1585579115854319NEX000007520260625-1,OK,DASS SEST,7,140129,1304277,88668,ATAC. MR110022 7MM RECICLADO COR 4085/PET / COR 496/PET [30148f5a-8ed7-41f4-8877-04fc7dfe636e],120CM,15855791,240,15854319NEX0000075,25/06/2026,14/09/2026,48,27/07/2026,901888,,30148f5a-8ed7-41f4-8877-04fc7dfe636e,NIKE,134820,,
DASS SEST714012988668120CM1585579115854320NEX000007520260625-1,OK,DASS SEST,7,140129,1304277,88668,ATAC. MR110022 7MM RECICLADO COR 4085/PET / COR 496/PET [623232a8-5bf4-45d5-aa62-d86de7fea0e7],120CM,15855791,240,15854320NEX0000075,25/06/2026,14/09/2026,48,27/07/2026,901889,,623232a8-5bf4-45d5-aa62-d86de7fea0e7,NIKE,134820,,
DASS SEST714012988668120CM1585579115854321NEX000007520260625-1,OK,DASS SEST,7,140129,1304277,88668,ATAC. MR110022 7MM RECICLADO COR 4085/PET / COR 496/PET [47e01386-e378-4daf-81da-84f45a6313d0],120CM,15855791,228,15854321NEX0000075,25/06/2026,14/09/2026,48,27/07/2026,901890,,47e01386-e378-4daf-81da-84f45a6313d0,NIKE,134820,,
DASS SEST714012988668120CM1585579115854322NEX000007520260625-1,OK,DASS SEST,7,140129,1304277,88668,ATAC. MR110022 7MM RECICLADO COR 4085/PET / COR 496/PET [3f318aaa-af0c-42dd-b2fd-1b298b6ac450],120CM,15855791,258,15854322NEX0000075,25/06/2026,14/09/2026,48,27/07/2026,901891,,3f318aaa-af0c-42dd-b2fd-1b298b6ac450,NIKE,134820,,
DASS SEST714012995898110CM1585579115851119NBR328304320260625-1,OK,DASS SEST,7,140129,1424204,95898,ATAC. MR110022 7MM RECICLADO COR 6222/PET / COR 4259/PET [097fd386-7b27-4282-9559-9080413dc4bf],110CM,15855791,228,15851119NBR3283043,25/06/2026,14/09/2026,48,27/07/2026,901892,,097fd386-7b27-4282-9559-9080413dc4bf,NIKE,134820,,
DASS SEST714012995898115CM1585579115851119NBR328304320260625-1,OK,DASS SEST,7,140129,1424204,95898,ATAC. MR110022 7MM RECICLADO COR 6222/PET / COR 4259/PET [943a63dc-44fe-473d-a910-8029f5a7c3a8],115CM,15855791,830,15851119NBR3283043,25/06/2026,14/09/2026,48,27/07/2026,901893,,943a63dc-44fe-473d-a910-8029f5a7c3a8,NIKE,134820,,
DASS SEST714012995898120CM1585579115851119NBR328304320260625-1,OK,DASS SEST,7,140129,1424204,95898,ATAC. MR110022 7MM RECICLADO COR 6222/PET / COR 4259/PET [5f5cfc57-f95d-4c90-84b4-fdf7b4d87a38],120CM,15855791,186,15851119NBR3283043,25/06/2026,14/09/2026,48,27/07/2026,901894,,5f5cfc57-f95d-4c90-84b4-fdf7b4d87a38,NIKE,134820,,
DASS SEST714012995900110CM1585579115851113NBR328302220260625-1,OK,DASS SEST,7,140129,1424205,95900,ATAC. MR110022 7MM RECICLADO COR 057/PET / COR 5946/PET [dc930b97-c36b-463e-b44b-c8f2c4f6e48a],110CM,15855791,264,15851113NBR3283022,25/06/2026,14/09/2026,48,27/07/2026,901895,,dc930b97-c36b-463e-b44b-c8f2c4f6e48a,NIKE,134820,,
DASS SEST714012995900115CM1585579115851113NBR328302220260625-1,OK,DASS SEST,7,140129,1424205,95900,ATAC. MR110022 7MM RECICLADO COR 057/PET / COR 5946/PET [78303f00-e8e7-43a5-bef7-2b65e0565409],115CM,15855791,884,15851113NBR3283022,25/06/2026,14/09/2026,48,27/07/2026,901896,,78303f00-e8e7-43a5-bef7-2b65e0565409,NIKE,134820,,
DASS SEST714012995900120CM1585579115851113NBR328302220260625-1,OK,DASS SEST,7,140129,1424205,95900,ATAC. MR110022 7MM RECICLADO COR 057/PET / COR 5946/PET [b28581eb-1cd3-4bd7-9f0c-09551d6ba4bc],120CM,15855791,180,15851113NBR3283022,25/06/2026,14/09/2026,48,27/07/2026,901897,,b28581eb-1cd3-4bd7-9f0c-09551d6ba4bc,NIKE,134820,,
DASS SEST714021882628105CM1587266915866706NBR328305920260629-1,OK,DASS SEST,7,140218,1188919,82628,ATAC. MR140014 6MM RECICLADO COR 4085/PET [ac1d9424-b773-44de-8b4c-b6f05074f066],105CM,15872669,108,15866706NBR3283059,29/06/2026,14/09/2026,48,27/07/2026,901898,,ac1d9424-b773-44de-8b4c-b6f05074f066,NIKE,134968,,
DASS SEST714021882628105CM1587266915866707NBR328305920260629-1,OK,DASS SEST,7,140218,1188919,82628,ATAC. MR140014 6MM RECICLADO COR 4085/PET [4bedd1e5-7496-428c-a412-39e77564da26],105CM,15872669,96,15866707NBR3283059,29/06/2026,14/09/2026,48,27/07/2026,901899,,4bedd1e5-7496-428c-a412-39e77564da26,NIKE,134968,,
DASS SEST714021882628105CM1587266915866708NBR328306920260629-1,OK,DASS SEST,7,140218,1188919,82628,ATAC. MR140014 6MM RECICLADO COR 4085/PET [1106bbfa-7843-4fbe-bf7b-80231029e85d],105CM,15872669,108,15866708NBR3283069,29/06/2026,14/09/2026,48,27/07/2026,901900,,1106bbfa-7843-4fbe-bf7b-80231029e85d,NIKE,134968,,
DASS SEST714021882628105CM1587266915866709NBR328306920260629-1,OK,DASS SEST,7,140218,1188919,82628,ATAC. MR140014 6MM RECICLADO COR 4085/PET [e5539404-cb73-4475-8526-90f39377441f],105CM,15872669,96,15866709NBR3283069,29/06/2026,14/09/2026,48,27/07/2026,901901,,e5539404-cb73-4475-8526-90f39377441f,NIKE,134968,,
DASS SEST714021882628110CM1587266915866706NBR328305920260629-1,OK,DASS SEST,7,140218,1188919,82628,ATAC. MR140014 6MM RECICLADO COR 4085/PET [e49324cf-9ab3-4512-82de-a1deefe5ccb4],110CM,15872669,699,15866706NBR3283059,29/06/2026,14/09/2026,48,27/07/2026,901902,,e49324cf-9ab3-4512-82de-a1deefe5ccb4,NIKE,134968,,
DASS SEST714021882628110CM1587266915866707NBR328305920260629-1,OK,DASS SEST,7,140218,1188919,82628,ATAC. MR140014 6MM RECICLADO COR 4085/PET [2f9d6e7b-929d-4a81-baa6-13c6474ce0cd],110CM,15872669,708,15866707NBR3283059,29/06/2026,14/09/2026,48,27/07/2026,901903,,2f9d6e7b-929d-4a81-baa6-13c6474ce0cd,NIKE,134968,,
DASS SEST714021882628110CM1587266915866708NBR328306920260629-1,OK,DASS SEST,7,140218,1188919,82628,ATAC. MR140014 6MM RECICLADO COR 4085/PET [e936bb06-c856-4929-bc55-68c753be563e],110CM,15872669,705,15866708NBR3283069,29/06/2026,14/09/2026,48,27/07/2026,901904,,e936bb06-c856-4929-bc55-68c753be563e,NIKE,134968,,
DASS SEST714021882628110CM1587266915866709NBR328306920260629-1,OK,DASS SEST,7,140218,1188919,82628,ATAC. MR140014 6MM RECICLADO COR 4085/PET [83921c49-6259-4f2e-b0e3-ff8e5ba8d3e9],110CM,15872669,720,15866709NBR3283069,29/06/2026,14/09/2026,48,27/07/2026,901905,,83921c49-6259-4f2e-b0e3-ff8e5ba8d3e9,NIKE,134968,,
DASS SEST714021882628115CM1587266915866706NBR328305920260629-1,OK,DASS SEST,7,140218,1188919,82628,ATAC. MR140014 6MM RECICLADO COR 4085/PET [5741e073-ae65-43f0-9074-d9b6fd07ce33],115CM,15872669,228,15866706NBR3283059,29/06/2026,14/09/2026,48,27/07/2026,901906,,5741e073-ae65-43f0-9074-d9b6fd07ce33,NIKE,134968,,
DASS SEST714021882628115CM1587266915866707NBR328305920260629-1,OK,DASS SEST,7,140218,1188919,82628,ATAC. MR140014 6MM RECICLADO COR 4085/PET [037a440e-3091-4174-9af1-40b574373018],115CM,15872669,252,15866707NBR3283059,29/06/2026,14/09/2026,48,27/07/2026,901907,,037a440e-3091-4174-9af1-40b574373018,NIKE,134968,,
DASS SEST714021882628115CM1587266915866708NBR328306920260629-1,OK,DASS SEST,7,140218,1188919,82628,ATAC. MR140014 6MM RECICLADO COR 4085/PET [9c1fa824-9b49-45f8-a1e1-047fef8f482d],115CM,15872669,228,15866708NBR3283069,29/06/2026,14/09/2026,48,27/07/2026,901908,,9c1fa824-9b49-45f8-a1e1-047fef8f482d,NIKE,134968,,
DASS SEST714021882628115CM1587266915866709NBR328306920260629-1,OK,DASS SEST,7,140218,1188919,82628,ATAC. MR140014 6MM RECICLADO COR 4085/PET [32789415-9963-4e4c-a60f-10586e6bc8b1],115CM,15872669,252,15866709NBR3283069,29/06/2026,14/09/2026,48,27/07/2026,901909,,32789415-9963-4e4c-a60f-10586e6bc8b1,NIKE,134968,,
DASS SEST714021886418105CM1587266915866719NBR328307920260629-1,OK,DASS SEST,7,140218,1278311,86418,ATAC. MR140014 6MM RECICLADO COR 4662/PET [ad378aa9-3978-47c4-b122-15275c138a6b],105CM,15872669,120,15866719NBR3283079,29/06/2026,14/09/2026,48,27/07/2026,901910,,ad378aa9-3978-47c4-b122-15275c138a6b,NIKE,134968,,
DASS SEST714021886418105CM1587266915866720NBR328307920260629-1,OK,DASS SEST,7,140218,1278311,86418,ATAC. MR140014 6MM RECICLADO COR 4662/PET [17009672-9f4d-4762-9c70-cca910cc34e2],105CM,15872669,102,15866720NBR3283079,29/06/2026,14/09/2026,48,27/07/2026,901911,,17009672-9f4d-4762-9c70-cca910cc34e2,NIKE,134968,,
DASS SEST714021886418110CM1587266915866719NBR328307920260629-1,OK,DASS SEST,7,140218,1278311,86418,ATAC. MR140014 6MM RECICLADO COR 4662/PET [eaa9f717-3830-4098-83ee-14e1531ea7df],110CM,15872669,626,15866719NBR3283079,29/06/2026,14/09/2026,48,27/07/2026,901912,,eaa9f717-3830-4098-83ee-14e1531ea7df,NIKE,134968,,
DASS SEST714021886418110CM1587266915866720NBR328307920260629-1,OK,DASS SEST,7,140218,1278311,86418,ATAC. MR140014 6MM RECICLADO COR 4662/PET [625a113e-6688-4713-8993-ef4aba0b5256],110CM,15872669,636,15866720NBR3283079,29/06/2026,14/09/2026,48,27/07/2026,901913,,625a113e-6688-4713-8993-ef4aba0b5256,NIKE,134968,,
DASS SEST714021886418115CM1587266915866719NBR328307920260629-1,OK,DASS SEST,7,140218,1278311,86418,ATAC. MR140014 6MM RECICLADO COR 4662/PET [35165846-aee3-4dfd-97f0-5fecd6d17e86],115CM,15872669,204,15866719NBR3283079,29/06/2026,14/09/2026,48,27/07/2026,901914,,35165846-aee3-4dfd-97f0-5fecd6d17e86,NIKE,134968,,
DASS SEST714021886418115CM1587266915866720NBR328307920260629-1,OK,DASS SEST,7,140218,1278311,86418,ATAC. MR140014 6MM RECICLADO COR 4662/PET [05fdef6a-da3d-40f0-a5f2-439256596db8],115CM,15872669,234,15866720NBR3283079,29/06/2026,14/09/2026,48,27/07/2026,901915,,05fdef6a-da3d-40f0-a5f2-439256596db8,NIKE,134968,,
DASS SEST714021895894105CM1587266915866721NBR328306120260629-1,OK,DASS SEST,7,140218,1425041,95894,ATAC. MR140014 6MM RECICLADO COR 6179/PET [e7bb0c69-a18c-47c5-ba6c-95ab5b6b66fd],105CM,15872669,132,15866721NBR3283061,29/06/2026,14/09/2026,48,27/07/2026,901916,,e7bb0c69-a18c-47c5-ba6c-95ab5b6b66fd,NIKE,134968,,
DASS SEST714021895894105CM1587266915866722NBR328306120260629-1,OK,DASS SEST,7,140218,1425041,95894,ATAC. MR140014 6MM RECICLADO COR 6179/PET [1ee2aa6f-641d-4153-ae6e-6e020381ba15],105CM,15872669,156,15866722NBR3283061,29/06/2026,14/09/2026,48,27/07/2026,901917,,1ee2aa6f-641d-4153-ae6e-6e020381ba15,NIKE,134968,,
DASS SEST714021895894105CM1587266915866723NBR328307120260629-1,OK,DASS SEST,7,140218,1425041,95894,ATAC. MR140014 6MM RECICLADO COR 6179/PET [d1a43574-d6ad-445b-8b78-6352a0a38bcc],105CM,15872669,132,15866723NBR3283071,29/06/2026,14/09/2026,48,27/07/2026,901918,,d1a43574-d6ad-445b-8b78-6352a0a38bcc,NIKE,134968,,
DASS SEST714021895894105CM1587266915866724NBR328307120260629-1,OK,DASS SEST,7,140218,1425041,95894,ATAC. MR140014 6MM RECICLADO COR 6179/PET [f1f52573-56af-4aa1-93ca-539c8dacc671],105CM,15872669,156,15866724NBR3283071,29/06/2026,14/09/2026,48,27/07/2026,901919,,f1f52573-56af-4aa1-93ca-539c8dacc671,NIKE,134968,,
DASS SEST714021895894105CM1587266915866725NBR328308020260629-1,OK,DASS SEST,7,140218,1425041,95894,ATAC. MR140014 6MM RECICLADO COR 6179/PET [fe1c5481-a8d8-4b2b-97b6-6ec08e223ae6],105CM,15872669,132,15866725NBR3283080,29/06/2026,14/09/2026,48,27/07/2026,901920,,fe1c5481-a8d8-4b2b-97b6-6ec08e223ae6,NIKE,134968,,
DASS SEST714021895894105CM1587266915866728NBR328308020260629-1,OK,DASS SEST,7,140218,1425041,95894,ATAC. MR140014 6MM RECICLADO COR 6179/PET [ce696a88-d7cb-4b72-838f-38377884a5f1],105CM,15872669,156,15866728NBR3283080,29/06/2026,14/09/2026,48,27/07/2026,901921,,ce696a88-d7cb-4b72-838f-38377884a5f1,NIKE,134968,,
DASS SEST714021895894110CM1587266915866721NBR328306120260629-1,OK,DASS SEST,7,140218,1425041,95894,ATAC. MR140014 6MM RECICLADO COR 6179/PET [83cd80af-e457-44a6-88d6-8c7fdfd6638f],110CM,15872669,765,15866721NBR3283061,29/06/2026,14/09/2026,48,27/07/2026,901922,,83cd80af-e457-44a6-88d6-8c7fdfd6638f,NIKE,134968,,
DASS SEST714021895894110CM1587266915866722NBR328306120260629-1,OK,DASS SEST,7,140218,1425041,95894,ATAC. MR140014 6MM RECICLADO COR 6179/PET [f7f55e8f-5681-41ef-beb6-f3b0201b69c0],110CM,15872669,774,15866722NBR3283061,29/06/2026,14/09/2026,48,27/07/2026,901923,,f7f55e8f-5681-41ef-beb6-f3b0201b69c0,NIKE,134968,,
DASS SEST714021895894110CM1587266915866723NBR328307120260629-1,OK,DASS SEST,7,140218,1425041,95894,ATAC. MR140014 6MM RECICLADO COR 6179/PET [c5ed9033-94c9-4b2b-9797-0f17b2a2c04f],110CM,15872669,771,15866723NBR3283071,29/06/2026,14/09/2026,48,27/07/2026,901924,,c5ed9033-94c9-4b2b-9797-0f17b2a2c04f,NIKE,134968,,
DASS SEST714021895894110CM1587266915866724NBR328307120260629-1,OK,DASS SEST,7,140218,1425041,95894,ATAC. MR140014 6MM RECICLADO COR 6179/PET [2cc937ef-2502-4e37-9850-fa0bcb184f18],110CM,15872669,774,15866724NBR3283071,29/06/2026,14/09/2026,48,27/07/2026,901925,,2cc937ef-2502-4e37-9850-fa0bcb184f18,NIKE,134968,,
DASS SEST714021895894110CM1587266915866725NBR328308020260629-1,OK,DASS SEST,7,140218,1425041,95894,ATAC. MR140014 6MM RECICLADO COR 6179/PET [8a1b7184-6292-4352-9948-8a39632028e1],110CM,15872669,771,15866725NBR3283080,29/06/2026,14/09/2026,48,27/07/2026,901926,,8a1b7184-6292-4352-9948-8a39632028e1,NIKE,134968,,
DASS SEST714021895894110CM1587266915866728NBR328308020260629-1,OK,DASS SEST,7,140218,1425041,95894,ATAC. MR140014 6MM RECICLADO COR 6179/PET [bfd42f99-6efe-49b7-9fb3-57477cc57500],110CM,15872669,774,15866728NBR3283080,29/06/2026,14/09/2026,48,27/07/2026,901927,,bfd42f99-6efe-49b7-9fb3-57477cc57500,NIKE,134968,,
DASS SEST714021895894115CM1587266915866721NBR328306120260629-1,OK,DASS SEST,7,140218,1425041,95894,ATAC. MR140014 6MM RECICLADO COR 6179/PET [86934ed6-50dd-4ecc-9d80-b09038561594],115CM,15872669,216,15866721NBR3283061,29/06/2026,14/09/2026,48,27/07/2026,901928,,86934ed6-50dd-4ecc-9d80-b09038561594,NIKE,134968,,
DASS SEST714021895894115CM1587266915866722NBR328306120260629-1,OK,DASS SEST,7,140218,1425041,95894,ATAC. MR140014 6MM RECICLADO COR 6179/PET [05c912a9-6666-4cf7-aa00-8d04ee5f321e],115CM,15872669,234,15866722NBR3283061,29/06/2026,14/09/2026,48,27/07/2026,901929,,05c912a9-6666-4cf7-aa00-8d04ee5f321e,NIKE,134968,,
DASS SEST714021895894115CM1587266915866723NBR328307120260629-1,OK,DASS SEST,7,140218,1425041,95894,ATAC. MR140014 6MM RECICLADO COR 6179/PET [7975ffd2-7a70-4a39-a82d-45ccb41a3125],115CM,15872669,216,15866723NBR3283071,29/06/2026,14/09/2026,48,27/07/2026,901930,,7975ffd2-7a70-4a39-a82d-45ccb41a3125,NIKE,134968,,
DASS SEST714021895894115CM1587266915866724NBR328307120260629-1,OK,DASS SEST,7,140218,1425041,95894,ATAC. MR140014 6MM RECICLADO COR 6179/PET [d30513b9-d81d-48f9-88b6-7f36cf88f841],115CM,15872669,234,15866724NBR3283071,29/06/2026,14/09/2026,48,27/07/2026,901931,,d30513b9-d81d-48f9-88b6-7f36cf88f841,NIKE,134968,,
DASS SEST714021895894115CM1587266915866725NBR328308020260629-1,OK,DASS SEST,7,140218,1425041,95894,ATAC. MR140014 6MM RECICLADO COR 6179/PET [3d35e6d2-4ff8-4153-ada2-e3d70b7aedb1],115CM,15872669,216,15866725NBR3283080,29/06/2026,14/09/2026,48,27/07/2026,901932,,3d35e6d2-4ff8-4153-ada2-e3d70b7aedb1,NIKE,134968,,
DASS SEST714021895894115CM1587266915866728NBR328308020260629-1,OK,DASS SEST,7,140218,1425041,95894,ATAC. MR140014 6MM RECICLADO COR 6179/PET [336ffdb7-fdef-4fa4-bb7c-41bee9b00d1f],115CM,15872669,234,15866728NBR3283080,29/06/2026,14/09/2026,48,27/07/2026,901933,,336ffdb7-fdef-4fa4-bb7c-41bee9b00d1f,NIKE,134968,,
DASS SEST714021895895105CM1587266915866730NBR328304720260629-1,OK,DASS SEST,7,140218,1425040,95895,ATAC. MR140014 6MM RECICLADO COR 6176/PET [67e31245-2899-4b67-ab6a-ef7a5a101338],105CM,15872669,144,15866730NBR3283047,29/06/2026,14/09/2026,48,27/07/2026,901934,,67e31245-2899-4b67-ab6a-ef7a5a101338,NIKE,134968,,
DASS SEST714021895895105CM1587266915866731NBR328304720260629-1,OK,DASS SEST,7,140218,1425040,95895,ATAC. MR140014 6MM RECICLADO COR 6176/PET [38bffa00-25c1-4729-b27c-99c36f96d1f4],105CM,15872669,156,15866731NBR3283047,29/06/2026,14/09/2026,48,27/07/2026,901935,,38bffa00-25c1-4729-b27c-99c36f96d1f4,NIKE,134968,,
DASS SEST714021895895110CM1587266915866730NBR328304720260629-1,OK,DASS SEST,7,140218,1425040,95895,ATAC. MR140014 6MM RECICLADO COR 6176/PET [7a63767f-1fca-443d-8763-caf3b14ffc7b],110CM,15872669,590,15866730NBR3283047,29/06/2026,14/09/2026,48,27/07/2026,901936,,7a63767f-1fca-443d-8763-caf3b14ffc7b,NIKE,134968,,
DASS SEST714021895895110CM1587266915866731NBR328304720260629-1,OK,DASS SEST,7,140218,1425040,95895,ATAC. MR140014 6MM RECICLADO COR 6176/PET [42dfe0a6-f808-41e7-b670-1f22a45b03d8],110CM,15872669,594,15866731NBR3283047,29/06/2026,14/09/2026,48,27/07/2026,901937,,42dfe0a6-f808-41e7-b670-1f22a45b03d8,NIKE,134968,,
DASS SEST714021895895115CM1587266915866730NBR328304720260629-1,OK,DASS SEST,7,140218,1425040,95895,ATAC. MR140014 6MM RECICLADO COR 6176/PET [e38d84bc-d35f-4f59-b47f-03892faf37d2],115CM,15872669,60,15866730NBR3283047,29/06/2026,14/09/2026,48,27/07/2026,901938,,e38d84bc-d35f-4f59-b47f-03892faf37d2,NIKE,134968,,
DASS SEST714021895895115CM1587266915866731NBR328304720260629-1,OK,DASS SEST,7,140218,1425040,95895,ATAC. MR140014 6MM RECICLADO COR 6176/PET [a4d7967e-14ab-4371-b2c8-044f4da19050],115CM,15872669,84,15866731NBR3283047,29/06/2026,14/09/2026,48,27/07/2026,901939,,a4d7967e-14ab-4371-b2c8-044f4da19050,NIKE,134968,,
DASS SEST714029095945100CM1587485215868626NBR328315220260630-1,OK,DASS SEST,7,140290,1454466,95945,ATAC. MR140014 6MM RECICLADO COR 6248/PET [b3b1e5de-d780-454f-8839-3475eba34f31],100CM,15874852,240,15868626NBR3283152,30/06/2026,14/09/2026,48,27/07/2026,901940,,b3b1e5de-d780-454f-8839-3475eba34f31,NIKE,135012,,
DASS SEST714029095945105CM1587485215868626NBR328315220260630-1,OK,DASS SEST,7,140290,1454466,95945,ATAC. MR140014 6MM RECICLADO COR 6248/PET [a7d0ce8b-5990-470a-8181-3d30f259cd18],105CM,15874852,896,15868626NBR3283152,30/06/2026,14/09/2026,48,27/07/2026,901941,,a7d0ce8b-5990-470a-8181-3d30f259cd18,NIKE,135012,,
DASS SEST714029095945110CM1587485215868626NBR328315220260630-1,OK,DASS SEST,7,140290,1454466,95945,ATAC. MR140014 6MM RECICLADO COR 6248/PET [2566786b-d59a-4d57-adc6-d35360661875],110CM,15874852,48,15868626NBR3283152,30/06/2026,14/09/2026,48,27/07/2026,901942,,2566786b-d59a-4d57-adc6-d35360661875,NIKE,135012,,
DASS SEST71405779140716MM1590101720260707-1,OK,DASS SEST,7,140577,1320158,91407,FITA M31119 C/ GOMA POLIESTER COR 324 / COR 5508 / COR 5508 [9c9a6011-18f5-43e8-be84-9cfd1de33e03],16MM,15901017,10,0,07/07/2026,14/09/2026,48,27/07/2026,901943,,9c9a6011-18f5-43e8-be84-9cfd1de33e03,FILA,135285,,
DASS SEST714075582628105CM1591517915903693NBR328306420260710-1,OK,DASS SEST,7,140755,1188919,82628,ATAC. MR140014 6MM RECICLADO COR 4085/PET [a799a051-c9ab-4354-b942-20818c454d10],105CM,15915179,800,15903693NBR3283064,10/07/2026,14/09/2026,48,27/07/2026,901944,,a799a051-c9ab-4354-b942-20818c454d10,NIKE,135472,,
DASS SEST714075582628110CM1591517915903693NBR328306420260710-1,OK,DASS SEST,7,140755,1188919,82628,ATAC. MR140014 6MM RECICLADO COR 4085/PET [498211e2-774e-4b23-a2df-bd1a0345b701],110CM,15915179,366,15903693NBR3283064,10/07/2026,14/09/2026,48,27/07/2026,901945,,498211e2-774e-4b23-a2df-bd1a0345b701,NIKE,135472,,
DASS SEST714075584943105CM1591517915903696NBR328305220260710-1,OK,DASS SEST,7,140755,1241008,84943,ATAC. MR140014 6MM RECICLADO COR 4021/PET [b5befb0d-4dfc-4555-b97e-2d04ca308768],105CM,15915179,519,15903696NBR3283052,10/07/2026,14/09/2026,48,27/07/2026,901946,,b5befb0d-4dfc-4555-b97e-2d04ca308768,NIKE,135472,,
DASS SEST714075584943105CM1591517915903698NBR328305220260710-1,OK,DASS SEST,7,140755,1241008,84943,ATAC. MR140014 6MM RECICLADO COR 4021/PET [cfac9eb6-ef3b-4123-914c-47f243626df6],105CM,15915179,516,15903698NBR3283052,10/07/2026,14/09/2026,48,27/07/2026,901947,,cfac9eb6-ef3b-4123-914c-47f243626df6,NIKE,135472,,
DASS SEST714075584943105CM1591517915903699NBR328305220260710-1,OK,DASS SEST,7,140755,1241008,84943,ATAC. MR140014 6MM RECICLADO COR 4021/PET [ef54913d-25c0-4e0c-8cf7-a625d49f42e6],105CM,15915179,534,15903699NBR3283052,10/07/2026,14/09/2026,48,27/07/2026,901948,,ef54913d-25c0-4e0c-8cf7-a625d49f42e6,NIKE,135472,,
DASS SEST714075584943110CM1591517915903696NBR328305220260710-1,OK,DASS SEST,7,140755,1241008,84943,ATAC. MR140014 6MM RECICLADO COR 4021/PET [d8a4243b-9175-4375-bfbb-8f71d8eafb3c],110CM,15915179,234,15903696NBR3283052,10/07/2026,14/09/2026,48,27/07/2026,901949,,d8a4243b-9175-4375-bfbb-8f71d8eafb3c,NIKE,135472,,
DASS SEST714075584943110CM1591517915903698NBR328305220260710-1,OK,DASS SEST,7,140755,1241008,84943,ATAC. MR140014 6MM RECICLADO COR 4021/PET [5b59ea78-1ac7-4307-a0de-412bd60a2f1f],110CM,15915179,228,15903698NBR3283052,10/07/2026,14/09/2026,48,27/07/2026,901950,,5b59ea78-1ac7-4307-a0de-412bd60a2f1f,NIKE,135472,,
DASS SEST714075584943110CM1591517915903699NBR328305220260710-1,OK,DASS SEST,7,140755,1241008,84943,ATAC. MR140014 6MM RECICLADO COR 4021/PET [a037f40e-cd72-424b-b515-b165a840e435],110CM,15915179,252,15903699NBR3283052,10/07/2026,14/09/2026,48,27/07/2026,901951,,a037f40e-cd72-424b-b515-b165a840e435,NIKE,135472,,
DASS SEST714075586978105CM1591517915903684NBR328310220260710-1,OK,DASS SEST,7,140755,1299257,86978,ATAC. MR130027 6MM RECICLADO COR 4085/PET [d8bd54a2-ca78-44b5-ab8c-91261ece50d8],105CM,15915179,384,15903684NBR3283102,10/07/2026,14/09/2026,48,27/07/2026,901952,,d8bd54a2-ca78-44b5-ab8c-91261ece50d8,NIKE,135472,,
DASS SEST714075586978105CM1591517915903686NBR328310220260710-1,OK,DASS SEST,7,140755,1299257,86978,ATAC. MR130027 6MM RECICLADO COR 4085/PET [63e096a9-1b65-40d1-b79d-69745c6c75fb],105CM,15915179,408,15903686NBR3283102,10/07/2026,14/09/2026,48,27/07/2026,901953,,63e096a9-1b65-40d1-b79d-69745c6c75fb,NIKE,135472,,
DASS SEST714075586978110CM1591517915903684NBR328310220260710-1,OK,DASS SEST,7,140755,1299257,86978,ATAC. MR130027 6MM RECICLADO COR 4085/PET [dc20cf45-4719-4e63-b3d4-cc53b6faf458],110CM,15915179,398,15903684NBR3283102,10/07/2026,14/09/2026,48,27/07/2026,901954,,dc20cf45-4719-4e63-b3d4-cc53b6faf458,NIKE,135472,,
DASS SEST714075586978110CM1591517915903686NBR328310220260710-1,OK,DASS SEST,7,140755,1299257,86978,ATAC. MR130027 6MM RECICLADO COR 4085/PET [90d91174-6202-4a90-9199-dadd8f5f112c],110CM,15915179,438,15903686NBR3283102,10/07/2026,14/09/2026,48,27/07/2026,901955,,90d91174-6202-4a90-9199-dadd8f5f112c,NIKE,135472,,
DASS SEST714075586978115CM1591517915903684NBR328310220260710-1,OK,DASS SEST,7,140755,1299257,86978,ATAC. MR130027 6MM RECICLADO COR 4085/PET [8ccb8b4b-d9c4-4144-a87b-6d74cd4a8310],115CM,15915179,24,15903684NBR3283102,10/07/2026,14/09/2026,48,27/07/2026,901956,,8ccb8b4b-d9c4-4144-a87b-6d74cd4a8310,NIKE,135472,,
DASS SEST714075593450110CM1591517915903726NBR328307520260710-1,OK,DASS SEST,7,140755,1409834,93450,ATAC. MR130027 6MM RECICLADO COR 057/PET [99bc1d79-bfa8-4b13-b6c0-ac6d85e63399],110CM,15915179,276,15903726NBR3283075,10/07/2026,14/09/2026,48,27/07/2026,901957,,99bc1d79-bfa8-4b13-b6c0-ac6d85e63399,NIKE,135472,,
DASS SEST714075593450115CM1591517915903726NBR328307520260710-1,OK,DASS SEST,7,140755,1409834,93450,ATAC. MR130027 6MM RECICLADO COR 057/PET [1b617778-7e35-4ef3-a49a-4cfdb48607f4],115CM,15915179,776,15903726NBR3283075,10/07/2026,14/09/2026,48,27/07/2026,901958,,1b617778-7e35-4ef3-a49a-4cfdb48607f4,NIKE,135472,,
DASS SEST714075593450120CM1591517915903726NBR328307520260710-1,OK,DASS SEST,7,140755,1409834,93450,ATAC. MR130027 6MM RECICLADO COR 057/PET [52c09381-f563-4993-89a7-8536503592b5],120CM,15915179,198,15903726NBR3283075,10/07/2026,14/09/2026,48,27/07/2026,901959,,52c09381-f563-4993-89a7-8536503592b5,NIKE,135472,,
DASS SEST714075595799105CM1591517915903740NBR328311720260710-1,OK,DASS SEST,7,140755,1424088,95799,ATAC. MR130027 6MM RECICLADO COR 5820/PET [ec5e7de6-b97b-4822-9811-06fb11c9d483],105CM,15915179,420,15903740NBR3283117,10/07/2026,14/09/2026,48,27/07/2026,901960,,ec5e7de6-b97b-4822-9811-06fb11c9d483,NIKE,135472,,
DASS SEST714075595799105CM1591517915903741NBR328311720260710-1,OK,DASS SEST,7,140755,1424088,95799,ATAC. MR130027 6MM RECICLADO COR 5820/PET [44c8d530-b2d1-4635-b274-cf88f92ce5f2],105CM,15915179,396,15903741NBR3283117,10/07/2026,14/09/2026,48,27/07/2026,901961,,44c8d530-b2d1-4635-b274-cf88f92ce5f2,NIKE,135472,,
DASS SEST714075595799105CM1591517915903742NBR328311720260710-1,OK,DASS SEST,7,140755,1424088,95799,ATAC. MR130027 6MM RECICLADO COR 5820/PET [ba85a829-2775-4c2c-b74c-43095b114248],105CM,15915179,432,15903742NBR3283117,10/07/2026,14/09/2026,48,27/07/2026,901962,,ba85a829-2775-4c2c-b74c-43095b114248,NIKE,135472,,
DASS SEST714075595799110CM1591517915903740NBR328311720260710-1,OK,DASS SEST,7,140755,1424088,95799,ATAC. MR130027 6MM RECICLADO COR 5820/PET [4c44c08c-d66d-47ca-a1a4-55f690f2d6c7],110CM,15915179,435,15903740NBR3283117,10/07/2026,14/09/2026,48,27/07/2026,901963,,4c44c08c-d66d-47ca-a1a4-55f690f2d6c7,NIKE,135472,,
DASS SEST714075595799110CM1591517915903741NBR328311720260710-1,OK,DASS SEST,7,140755,1424088,95799,ATAC. MR130027 6MM RECICLADO COR 5820/PET [42ef6f04-c3d0-446b-85f1-22e7b3fcc0e3],110CM,15915179,420,15903741NBR3283117,10/07/2026,14/09/2026,48,27/07/2026,901964,,42ef6f04-c3d0-446b-85f1-22e7b3fcc0e3,NIKE,135472,,
DASS SEST714075595799110CM1591517915903742NBR328311720260710-1,OK,DASS SEST,7,140755,1424088,95799,ATAC. MR130027 6MM RECICLADO COR 5820/PET [087792b8-51d8-4d07-bba0-347886332437],110CM,15915179,462,15903742NBR3283117,10/07/2026,14/09/2026,48,27/07/2026,901965,,087792b8-51d8-4d07-bba0-347886332437,NIKE,135472,,
DASS SEST714075595799115CM1591517915903740NBR328311720260710-1,OK,DASS SEST,7,140755,1424088,95799,ATAC. MR130027 6MM RECICLADO COR 5820/PET [e4dcb340-d3c0-45df-80d1-6df26e09d032],115CM,15915179,24,15903740NBR3283117,10/07/2026,14/09/2026,48,27/07/2026,901966,,e4dcb340-d3c0-45df-80d1-6df26e09d032,NIKE,135472,,
DASS SEST714095091524115CM1594408615941791NBR328328920260717-1,OK,DASS SEST,7,140950,1341808,91524,ATAC. MR110012 8MM RECICLADO COR 5149/PET [9f6781d3-b2cd-4abf-9a4b-e617f1b3330c],115CM,15944086,216,15941791NBR3283289,17/07/2026,14/09/2026,48,27/07/2026,901967,,9f6781d3-b2cd-4abf-9a4b-e617f1b3330c,NIKE,135637,,
DASS SEST714095091524115CM1594408615941793NBR328328920260717-1,OK,DASS SEST,7,140950,1341808,91524,ATAC. MR110012 8MM RECICLADO COR 5149/PET [924207cf-c5e6-4676-b916-a3be3c2a5e6f],115CM,15944086,234,15941793NBR3283289,17/07/2026,14/09/2026,48,27/07/2026,901968,,924207cf-c5e6-4676-b916-a3be3c2a5e6f,NIKE,135637,,
DASS SEST714095091524120CM1594408615941791NBR328328920260717-1,OK,DASS SEST,7,140950,1341808,91524,ATAC. MR110012 8MM RECICLADO COR 5149/PET [cf36ca33-436c-451e-b210-cbadec789b26],120CM,15944086,620,15941791NBR3283289,17/07/2026,14/09/2026,48,27/07/2026,901969,,cf36ca33-436c-451e-b210-cbadec789b26,NIKE,135637,,
DASS SEST714095091524120CM1594408615941793NBR328328920260717-1,OK,DASS SEST,7,140950,1341808,91524,ATAC. MR110012 8MM RECICLADO COR 5149/PET [d554c616-d63b-4a0e-ade1-5863a1dc5d54],120CM,15944086,666,15941793NBR3283289,17/07/2026,14/09/2026,48,27/07/2026,901970,,d554c616-d63b-4a0e-ade1-5863a1dc5d54,NIKE,135637,,
DASS SEST714095092568115CM1594408615941782NBR328331120260717-1,OK,DASS SEST,7,140950,1027849,92568,ATAC. MR110012 8MM RECICLADO COR 4085/PET [44c58632-388f-4558-a80a-9c12e58900d9],115CM,15944086,270,15941782NBR3283311,17/07/2026,14/09/2026,48,27/07/2026,901971,,44c58632-388f-4558-a80a-9c12e58900d9,NIKE,135637,,
DASS SEST714095092568120CM1594408615941782NBR328331120260717-1,OK,DASS SEST,7,140950,1027849,92568,ATAC. MR110012 8MM RECICLADO COR 4085/PET [13c0da60-2145-4cee-8e24-97d6f5d0a84a],120CM,15944086,776,15941782NBR3283311,17/07/2026,14/09/2026,48,27/07/2026,901972,,13c0da60-2145-4cee-8e24-97d6f5d0a84a,NIKE,135637,,
DASS ITABERABA701405499089190CM1589747315890455ARG20202320260706-1,OK,DASS ITABERABA,70,140549,1321091,90891,ATAC. M13725 6MM POLIESTER COR 5703 [004de05c-51fc-4a6e-8d82-ace9089254d9],90CM,15897473,504,15890455ARG202023,06/07/2026,14/09/2026,48,27/07/2026,901973,,004de05c-51fc-4a6e-8d82-ace9089254d9,FILA,135235,,
DASS ITABERABA7014054990891100CM1589747315890455ARG20202320260706-1,OK,DASS ITABERABA,70,140549,1321091,90891,ATAC. M13725 6MM POLIESTER COR 5703 [08721b14-2a09-400f-9c1e-608fb5947a8c],100CM,15897473,648,15890455ARG202023,06/07/2026,14/09/2026,48,27/07/2026,901974,,08721b14-2a09-400f-9c1e-608fb5947a8c,FILA,135235,,
DASS SEST713956686978100CM1581641815815474NBR328290420260611-1,OK,DASS SEST,7,139566,1299257,86978,ATAC. MR130027 6MM RECICLADO COR 4085/PET [6b889682-8d16-4adc-a872-40f0de50506f],100CM,15816418,192,15815474NBR3282904,11/06/2026,21/09/2026,55,27/07/2026,901975,,6b889682-8d16-4adc-a872-40f0de50506f,NIKE,134313,,
DASS SEST713956686978100CM1581641815815475NBR328290420260611-1,OK,DASS SEST,7,139566,1299257,86978,ATAC. MR130027 6MM RECICLADO COR 4085/PET [7dddc26b-3346-4710-b854-92ba75bec5d5],100CM,15816418,168,15815475NBR3282904,11/06/2026,21/09/2026,55,27/07/2026,901976,,7dddc26b-3346-4710-b854-92ba75bec5d5,NIKE,134313,,
DASS SEST713956686978100CM1581641815815476NBR328290420260611-1,OK,DASS SEST,7,139566,1299257,86978,ATAC. MR130027 6MM RECICLADO COR 4085/PET [240dfb57-5dc8-4a1a-88d3-2803c5b0791c],100CM,15816418,219,15815476NBR3282904,11/06/2026,21/09/2026,55,27/07/2026,901977,,240dfb57-5dc8-4a1a-88d3-2803c5b0791c,NIKE,134313,,
DASS SEST713956686978105CM1581641815815474NBR328290420260611-1,OK,DASS SEST,7,139566,1299257,86978,ATAC. MR130027 6MM RECICLADO COR 4085/PET [6e30b80b-3490-4220-880b-8d1688924649],105CM,15816418,798,15815474NBR3282904,11/06/2026,21/09/2026,55,27/07/2026,901978,,6e30b80b-3490-4220-880b-8d1688924649,NIKE,134313,,
DASS SEST713956686978105CM1581641815815475NBR328290420260611-1,OK,DASS SEST,7,139566,1299257,86978,ATAC. MR130027 6MM RECICLADO COR 4085/PET [387cd12b-5371-44e7-af67-4d2b7df0356b],105CM,15816418,588,15815475NBR3282904,11/06/2026,21/09/2026,55,27/07/2026,901979,,387cd12b-5371-44e7-af67-4d2b7df0356b,NIKE,134313,,
DASS SEST713956686978105CM1581641815815476NBR328290420260611-1,OK,DASS SEST,7,139566,1299257,86978,ATAC. MR130027 6MM RECICLADO COR 4085/PET [65a33d7e-78e1-4ded-a87f-9d3c9a44b7a4],105CM,15816418,402,15815476NBR3282904,11/06/2026,21/09/2026,55,27/07/2026,901980,,65a33d7e-78e1-4ded-a87f-9d3c9a44b7a4,NIKE,134313,,
DASS SEST713956686978110CM1581641815815474NBR328290420260611-1,OK,DASS SEST,7,139566,1299257,86978,ATAC. MR130027 6MM RECICLADO COR 4085/PET [e37e339a-c719-4b5e-94a5-acaa00ef1b09],110CM,15816418,180,15815474NBR3282904,11/06/2026,21/09/2026,55,27/07/2026,901981,,e37e339a-c719-4b5e-94a5-acaa00ef1b09,NIKE,134313,,
DASS SEST713956686978110CM1581641815815475NBR328290420260611-1,OK,DASS SEST,7,139566,1299257,86978,ATAC. MR130027 6MM RECICLADO COR 4085/PET [b4b7e20d-808d-48bb-a74c-12ba1a33bfb7],110CM,15816418,156,15815475NBR3282904,11/06/2026,21/09/2026,55,27/07/2026,901982,,b4b7e20d-808d-48bb-a74c-12ba1a33bfb7,NIKE,134313,,
DASS SEST713956686978110CM1581641815815476NBR328290420260611-1,OK,DASS SEST,7,139566,1299257,86978,ATAC. MR130027 6MM RECICLADO COR 4085/PET [8d79787e-0181-465c-8135-fff85f3bea45],110CM,15816418,182,15815476NBR3282904,11/06/2026,21/09/2026,55,27/07/2026,901983,,8d79787e-0181-465c-8135-fff85f3bea45,NIKE,134313,,
DASS SEST713965982628100CM1581994415818121NBR328303720260612-1,OK,DASS SEST,7,139659,1188919,82628,ATAC. MR140014 6MM RECICLADO COR 4085/PET [ffeb4d7f-6780-4309-8e05-42405c5547d3],100CM,15819944,12,15818121NBR3283037,12/06/2026,21/09/2026,55,27/07/2026,901984,,ffeb4d7f-6780-4309-8e05-42405c5547d3,NIKE,134369,,
DASS SEST713965982628105CM1581994415818121NBR328303720260612-1,OK,DASS SEST,7,139659,1188919,82628,ATAC. MR140014 6MM RECICLADO COR 4085/PET [4276f68b-bc40-47e3-94e7-da1e8c02421b],105CM,15819944,369,15818121NBR3283037,12/06/2026,21/09/2026,55,27/07/2026,901985,,4276f68b-bc40-47e3-94e7-da1e8c02421b,NIKE,134369,,
DASS SEST713965982628110CM1581994415818121NBR328303720260612-1,OK,DASS SEST,7,139659,1188919,82628,ATAC. MR140014 6MM RECICLADO COR 4085/PET [4654a687-d0b5-44e6-b67f-e763347cd26f],110CM,15819944,557,15818121NBR3283037,12/06/2026,21/09/2026,55,27/07/2026,901986,,4654a687-d0b5-44e6-b67f-e763347cd26f,NIKE,134369,,
DASS SEST713965982628115CM1581994415818121NBR328303720260612-1,OK,DASS SEST,7,139659,1188919,82628,ATAC. MR140014 6MM RECICLADO COR 4085/PET [4a8e6fe6-b2d9-449d-b1e9-154f764ca198],115CM,15819944,73,15818121NBR3283037,12/06/2026,21/09/2026,55,27/07/2026,901987,,4a8e6fe6-b2d9-449d-b1e9-154f764ca198,NIKE,134369,,
DASS SEST713965986418100CM1581994415818137NBR328284420260612-1,OK,DASS SEST,7,139659,1278311,86418,ATAC. MR140014 6MM RECICLADO COR 4662/PET [c6d10a43-3194-454e-8445-4c127eb5ea2e],100CM,15819944,590,15818137NBR3282844,12/06/2026,21/09/2026,55,27/07/2026,901988,,c6d10a43-3194-454e-8445-4c127eb5ea2e,NIKE,134369,,
DASS SEST713965986418100CM1581994415818138NBR328284420260612-1,OK,DASS SEST,7,139659,1278311,86418,ATAC. MR140014 6MM RECICLADO COR 4662/PET [8dcfbc68-4d0d-45c6-b6f3-ef73d43a9a02],100CM,15819944,642,15818138NBR3282844,12/06/2026,21/09/2026,55,27/07/2026,901989,,8dcfbc68-4d0d-45c6-b6f3-ef73d43a9a02,NIKE,134369,,
DASS SEST713965986418105CM1581994415818137NBR328284420260612-1,OK,DASS SEST,7,139659,1278311,86418,ATAC. MR140014 6MM RECICLADO COR 4662/PET [f2d746b6-d6ec-4f31-b18e-c3d4b4620bb5],105CM,15819944,319,15818137NBR3282844,12/06/2026,21/09/2026,55,27/07/2026,901990,,f2d746b6-d6ec-4f31-b18e-c3d4b4620bb5,NIKE,134369,,
DASS SEST713965986418105CM1581994415818138NBR328284420260612-1,OK,DASS SEST,7,139659,1278311,86418,ATAC. MR140014 6MM RECICLADO COR 4662/PET [cabd1b38-6d27-4e38-9383-6bc1909f948f],105CM,15819944,305,15818138NBR3282844,12/06/2026,21/09/2026,55,27/07/2026,901991,,cabd1b38-6d27-4e38-9383-6bc1909f948f,NIKE,134369,,
DASS SEST713965986842100CM1581994415818132NBR328288920260612-1,OK,DASS SEST,7,139659,1262674,86842,ATAC. MR140014 6MM RECICLADO COR 5552/PET [96d64250-5b3a-4934-9221-0a4f6bf41356],100CM,15819944,12,15818132NBR3282889,12/06/2026,21/09/2026,55,27/07/2026,901992,,96d64250-5b3a-4934-9221-0a4f6bf41356,NIKE,134369,,
DASS SEST713965986842105CM1581994415818132NBR328288920260612-1,OK,DASS SEST,7,139659,1262674,86842,ATAC. MR140014 6MM RECICLADO COR 5552/PET [ac4ccb68-fb8c-463b-9e4e-021316111c2e],105CM,15819944,369,15818132NBR3282889,12/06/2026,21/09/2026,55,27/07/2026,901993,,ac4ccb68-fb8c-463b-9e4e-021316111c2e,NIKE,134369,,
DASS SEST713965986842110CM1581994415818132NBR328288920260612-1,OK,DASS SEST,7,139659,1262674,86842,ATAC. MR140014 6MM RECICLADO COR 5552/PET [57d48f0c-1477-4d8d-8238-7c7a496022d4],110CM,15819944,557,15818132NBR3282889,12/06/2026,21/09/2026,55,27/07/2026,901994,,57d48f0c-1477-4d8d-8238-7c7a496022d4,NIKE,134369,,
DASS SEST713965986842115CM1581994415818132NBR328288920260612-1,OK,DASS SEST,7,139659,1262674,86842,ATAC. MR140014 6MM RECICLADO COR 5552/PET [42d6a1ab-1351-421d-afaa-7907e10b9909],115CM,15819944,73,15818132NBR3282889,12/06/2026,21/09/2026,55,27/07/2026,901995,,42d6a1ab-1351-421d-afaa-7907e10b9909,NIKE,134369,,
DASS SEST71401008990518MM1585987420260625-1,OK,DASS SEST,7,140100,1342875,89905,FITA M31132 C/GOMA POLIESTER COR 4085 [b0e25f27-d61c-45df-a34f-803af6670ee5],18MM,15859874,980,0,25/06/2026,21/09/2026,55,27/07/2026,901996,,b0e25f27-d61c-45df-a34f-803af6670ee5,NIKE,134789,,
DASS SEST71401018262515MM1585987820260625-1,OK,DASS SEST,7,140101,1194659,82625,FITA MR100001 C/ GOMA RECICLADO COR 4593/PET [2d22ce38-1631-4413-8543-54d0e50fb91c],15MM,15859878,730,0,25/06/2026,21/09/2026,55,27/07/2026,901997,,2d22ce38-1631-4413-8543-54d0e50fb91c,NIKE,134790,,
DASS SEST71401108262418MM1585675320260625-1,OK,DASS SEST,7,140110,1220520,82624,FITA MR100037 C/ GOMA RECICLADO COR 100/PET [6f74c060-d927-460c-9e3a-482a45c04b25],18MM,15856753,270,0,25/06/2026,21/09/2026,55,27/07/2026,901998,,6f74c060-d927-460c-9e3a-482a45c04b25,NIKE,134808,,
DASS SEST71401107400710MM1585675320260625-1,OK,DASS SEST,7,140110,1200469,74007,FITA M32164 C/ GOMA POLIESTER COR 4085 [82dbd9ef-862f-4c47-918f-fecee7a629d6],10MM,15856753,120,0,25/06/2026,21/09/2026,55,27/07/2026,901999,,82dbd9ef-862f-4c47-918f-fecee7a629d6,NIKE,134808,,
DASS SEST71401108496110MM1585675320260625-1,OK,DASS SEST,7,140110,1233820,84961,FITA M32164 C/ GOMA POLIESTER COR 4021 [eda4d695-6b66-42e4-b9e9-389c0bc8ac3d],10MM,15856753,120,0,25/06/2026,21/09/2026,55,27/07/2026,902000,,eda4d695-6b66-42e4-b9e9-389c0bc8ac3d,NIKE,134808,,
DASS SEST71401107312710MM1585675320260625-1,OK,DASS SEST,7,140110,1142481,73127,FITA MR100005 C/ GOMA RECICLADO COR 4085 [115cf3fa-4bc2-4e62-b6da-fb9e202fa679],10MM,15856753,120,0,25/06/2026,21/09/2026,55,27/07/2026,902001,,115cf3fa-4bc2-4e62-b6da-fb9e202fa679,NIKE,134808,,
DASS SEST71401109424210MM1585675320260625-1,OK,DASS SEST,7,140110,1424989,94242,FITA MR100005 C/ GOMA RECICLADO COR 4219/PET [f8015a5d-3870-4461-a32e-10a88034f334],10MM,15856753,130,0,25/06/2026,21/09/2026,55,27/07/2026,902002,,f8015a5d-3870-4461-a32e-10a88034f334,NIKE,134808,,
DASS SEST714013082628100CM1585579215851086NBR328309720260625-1,OK,DASS SEST,7,140130,1188919,82628,ATAC. MR140014 6MM RECICLADO COR 4085/PET [3a367e72-beee-4f2c-9489-6cb682bb619a],100CM,15855792,96,15851086NBR3283097,25/06/2026,21/09/2026,55,27/07/2026,902003,,3a367e72-beee-4f2c-9489-6cb682bb619a,NIKE,134821,,
DASS SEST714013082628100CM1585579215851087NBR328309720260625-1,OK,DASS SEST,7,140130,1188919,82628,ATAC. MR140014 6MM RECICLADO COR 4085/PET [3a379338-c439-49ee-9f18-292814975c8f],100CM,15855792,102,15851087NBR3283097,25/06/2026,21/09/2026,55,27/07/2026,902004,,3a379338-c439-49ee-9f18-292814975c8f,NIKE,134821,,
DASS SEST714013082628105CM1585579215851086NBR328309720260625-1,OK,DASS SEST,7,140130,1188919,82628,ATAC. MR140014 6MM RECICLADO COR 4085/PET [c6051ca7-212b-4f2a-b5c0-48d9691cef83],105CM,15855792,686,15851086NBR3283097,25/06/2026,21/09/2026,55,27/07/2026,902005,,c6051ca7-212b-4f2a-b5c0-48d9691cef83,NIKE,134821,,
DASS SEST714013082628105CM1585579215851087NBR328309720260625-1,OK,DASS SEST,7,140130,1188919,82628,ATAC. MR140014 6MM RECICLADO COR 4085/PET [cdff0368-e7d5-42cb-8fa4-96ba9a7bf5cd],105CM,15855792,708,15851087NBR3283097,25/06/2026,21/09/2026,55,27/07/2026,902006,,cdff0368-e7d5-42cb-8fa4-96ba9a7bf5cd,NIKE,134821,,
DASS SEST714013082628105CM1585579215851081NBR328314020260625-1,OK,DASS SEST,7,140130,1188919,82628,ATAC. MR140014 6MM RECICLADO COR 4085/PET [6d8b2478-d7e8-4923-95ba-0021b44aa7c4],105CM,15855792,156,15851081NBR3283140,25/06/2026,21/09/2026,55,27/07/2026,902007,,6d8b2478-d7e8-4923-95ba-0021b44aa7c4,NIKE,134821,,
DASS SEST714013082628105CM1585579215851082NBR328314020260625-1,OK,DASS SEST,7,140130,1188919,82628,ATAC. MR140014 6MM RECICLADO COR 4085/PET [be8072a8-9649-4078-b965-275617bd4ef3],105CM,15855792,162,15851082NBR3283140,25/06/2026,21/09/2026,55,27/07/2026,902008,,be8072a8-9649-4078-b965-275617bd4ef3,NIKE,134821,,
DASS SEST714013082628110CM1585579215851086NBR328309720260625-1,OK,DASS SEST,7,140130,1188919,82628,ATAC. MR140014 6MM RECICLADO COR 4085/PET [baf9cdcf-5bf4-48a1-950b-6b9c049a74d8],110CM,15855792,48,15851086NBR3283097,25/06/2026,21/09/2026,55,27/07/2026,902009,,baf9cdcf-5bf4-48a1-950b-6b9c049a74d8,NIKE,134821,,
DASS SEST714013082628110CM1585579215851087NBR328309720260625-1,OK,DASS SEST,7,140130,1188919,82628,ATAC. MR140014 6MM RECICLADO COR 4085/PET [a92d3f89-b3dc-4a30-bd3f-f7f41befea24],110CM,15855792,36,15851087NBR3283097,25/06/2026,21/09/2026,55,27/07/2026,902010,,a92d3f89-b3dc-4a30-bd3f-f7f41befea24,NIKE,134821,,
DASS SEST714013082628110CM1585579215851081NBR328314020260625-1,OK,DASS SEST,7,140130,1188919,82628,ATAC. MR140014 6MM RECICLADO COR 4085/PET [b58ab0a0-e1e3-4df2-88f9-ac48ff743b96],110CM,15855792,464,15851081NBR3283140,25/06/2026,21/09/2026,55,27/07/2026,902011,,b58ab0a0-e1e3-4df2-88f9-ac48ff743b96,NIKE,134821,,
DASS SEST714013082628110CM1585579215851082NBR328314020260625-1,OK,DASS SEST,7,140130,1188919,82628,ATAC. MR140014 6MM RECICLADO COR 4085/PET [13ef60a0-c79c-4941-965a-ee68bf0d9008],110CM,15855792,450,15851082NBR3283140,25/06/2026,21/09/2026,55,27/07/2026,902012,,13ef60a0-c79c-4941-965a-ee68bf0d9008,NIKE,134821,,
DASS SEST714013082628115CM1585579215851081NBR328314020260625-1,OK,DASS SEST,7,140130,1188919,82628,ATAC. MR140014 6MM RECICLADO COR 4085/PET [d5b662a2-8edd-45d0-99d9-3bd6d874c3b3],115CM,15855792,180,15851081NBR3283140,25/06/2026,21/09/2026,55,27/07/2026,902013,,d5b662a2-8edd-45d0-99d9-3bd6d874c3b3,NIKE,134821,,
DASS SEST714013082628115CM1585579215851082NBR328314020260625-1,OK,DASS SEST,7,140130,1188919,82628,ATAC. MR140014 6MM RECICLADO COR 4085/PET [6c78b55b-50d9-4470-b358-013bc10797cd],115CM,15855792,186,15851082NBR3283140,25/06/2026,21/09/2026,55,27/07/2026,902014,,6c78b55b-50d9-4470-b358-013bc10797cd,NIKE,134821,,
DASS SEST714013093674100CM1585579215851078NBR328308620260625-1,OK,DASS SEST,7,140130,1102648,93674,ATAC. MR140023 RECICLADO COR 4085/PET [ab2e8218-d530-4c46-beb0-64140ddda060],100CM,15855792,96,15851078NBR3283086,25/06/2026,21/09/2026,55,27/07/2026,902015,,ab2e8218-d530-4c46-beb0-64140ddda060,NIKE,134821,,
DASS SEST714013093674105CM1585579215851078NBR328308620260625-1,OK,DASS SEST,7,140130,1102648,93674,ATAC. MR140023 RECICLADO COR 4085/PET [24a03a8c-8291-478d-a935-9ec2d1a7a7e8],105CM,15855792,716,15851078NBR3283086,25/06/2026,21/09/2026,55,27/07/2026,902016,,24a03a8c-8291-478d-a935-9ec2d1a7a7e8,NIKE,134821,,
DASS SEST714013093674110CM1585579215851078NBR328308620260625-1,OK,DASS SEST,7,140130,1102648,93674,ATAC. MR140023 RECICLADO COR 4085/PET [b6166a19-8445-4ee6-aa0d-090104e0ffa0],110CM,15855792,198,15851078NBR3283086,25/06/2026,21/09/2026,55,27/07/2026,902017,,b6166a19-8445-4ee6-aa0d-090104e0ffa0,NIKE,134821,,
DASS SEST714013088668110CM1585579215851097NBR328302820260625-1,OK,DASS SEST,7,140130,1304277,88668,ATAC. MR110022 7MM RECICLADO COR 4085/PET / COR 496/PET [902f6064-cf3f-4d47-879c-222d0359ca72],110CM,15855792,348,15851097NBR3283028,25/06/2026,21/09/2026,55,27/07/2026,902018,,902f6064-cf3f-4d47-879c-222d0359ca72,NIKE,134821,,
DASS SEST714013088668110CM1585579215851103NBR328309120260625-1,OK,DASS SEST,7,140130,1304277,88668,ATAC. MR110022 7MM RECICLADO COR 4085/PET / COR 496/PET [5b4255ca-8168-4971-ba98-ab54e57afbe0],110CM,15855792,722,15851103NBR3283091,25/06/2026,21/09/2026,55,27/07/2026,902019,,5b4255ca-8168-4971-ba98-ab54e57afbe0,NIKE,134821,,
DASS SEST714013088668110CM1585579215851104NBR328309120260625-1,OK,DASS SEST,7,140130,1304277,88668,ATAC. MR110022 7MM RECICLADO COR 4085/PET / COR 496/PET [4741295c-6dcc-4256-a1b0-71dd3e4241e0],110CM,15855792,744,15851104NBR3283091,25/06/2026,21/09/2026,55,27/07/2026,902020,,4741295c-6dcc-4256-a1b0-71dd3e4241e0,NIKE,134821,,
DASS SEST714013088668110CM1585579215851092NBR328309520260625-1,OK,DASS SEST,7,140130,1304277,88668,ATAC. MR110022 7MM RECICLADO COR 4085/PET / COR 496/PET [f4acf691-e52d-4266-a4b0-e44f851353e6],110CM,15855792,192,15851092NBR3283095,25/06/2026,21/09/2026,55,27/07/2026,902021,,f4acf691-e52d-4266-a4b0-e44f851353e6,NIKE,134821,,
DASS SEST714013088668110CM1585579215851093NBR328309520260625-1,OK,DASS SEST,7,140130,1304277,88668,ATAC. MR110022 7MM RECICLADO COR 4085/PET / COR 496/PET [8847813b-d2bf-4856-80af-61600fe8fd93],110CM,15855792,180,15851093NBR3283095,25/06/2026,21/09/2026,55,27/07/2026,902022,,8847813b-d2bf-4856-80af-61600fe8fd93,NIKE,134821,,
DASS SEST714013088668110CM1585579215851094NBR328309520260625-1,OK,DASS SEST,7,140130,1304277,88668,ATAC. MR110022 7MM RECICLADO COR 4085/PET / COR 496/PET [903e5b4c-8296-4019-8f32-20556625bfc4],110CM,15855792,228,15851094NBR3283095,25/06/2026,21/09/2026,55,27/07/2026,902023,,903e5b4c-8296-4019-8f32-20556625bfc4,NIKE,134821,,
DASS SEST714013088668110CM1585579215851095NBR328310120260625-1,OK,DASS SEST,7,140130,1304277,88668,ATAC. MR110022 7MM RECICLADO COR 4085/PET / COR 496/PET [988ad301-0a63-42e4-8756-10fa93c410e7],110CM,15855792,204,15851095NBR3283101,25/06/2026,21/09/2026,55,27/07/2026,902024,,988ad301-0a63-42e4-8756-10fa93c410e7,NIKE,134821,,
DASS SEST714013088668110CM1585579215854347NEX000008320260625-1,OK,DASS SEST,7,140130,1304277,88668,ATAC. MR110022 7MM RECICLADO COR 4085/PET / COR 496/PET [d9114d13-f899-4dae-abbb-cd9809f1460e],110CM,15855792,1012,15854347NEX0000083,25/06/2026,21/09/2026,55,27/07/2026,902025,,d9114d13-f899-4dae-abbb-cd9809f1460e,NIKE,134821,,
DASS SEST714013088668110CM1585579215854348NEX000008320260625-1,OK,DASS SEST,7,140130,1304277,88668,ATAC. MR110022 7MM RECICLADO COR 4085/PET / COR 496/PET [3e4d3c96-44f7-457c-a69f-4e5d4777e662],110CM,15855792,972,15854348NEX0000083,25/06/2026,21/09/2026,55,27/07/2026,902026,,3e4d3c96-44f7-457c-a69f-4e5d4777e662,NIKE,134821,,
DASS SEST714013088668110CM1585579215854349NEX000008320260625-1,OK,DASS SEST,7,140130,1304277,88668,ATAC. MR110022 7MM RECICLADO COR 4085/PET / COR 496/PET [68a31bbe-2f47-447b-ae1d-d77ed9987410],110CM,15855792,1056,15854349NEX0000083,25/06/2026,21/09/2026,55,27/07/2026,902027,,68a31bbe-2f47-447b-ae1d-d77ed9987410,NIKE,134821,,
DASS SEST714013088668115CM1585579215851097NBR328302820260625-1,OK,DASS SEST,7,140130,1304277,88668,ATAC. MR110022 7MM RECICLADO COR 4085/PET / COR 496/PET [4e8033b5-042a-47b8-917a-e0aa4eeaf390],115CM,15855792,848,15851097NBR3283028,25/06/2026,21/09/2026,55,27/07/2026,902028,,4e8033b5-042a-47b8-917a-e0aa4eeaf390,NIKE,134821,,
DASS SEST714013088668115CM1585579215851103NBR328309120260625-1,OK,DASS SEST,7,140130,1304277,88668,ATAC. MR110022 7MM RECICLADO COR 4085/PET / COR 496/PET [9f20ef59-5ab3-4ae5-bdc8-6680bc626602],115CM,15855792,18,15851103NBR3283091,25/06/2026,21/09/2026,55,27/07/2026,902029,,9f20ef59-5ab3-4ae5-bdc8-6680bc626602,NIKE,134821,,
DASS SEST714013088668115CM1585579215851092NBR328309520260625-1,OK,DASS SEST,7,140130,1304277,88668,ATAC. MR110022 7MM RECICLADO COR 4085/PET / COR 496/PET [f50ca5f6-c259-4152-bd40-ee1a0d1a6659],115CM,15855792,525,15851092NBR3283095,25/06/2026,21/09/2026,55,27/07/2026,902030,,f50ca5f6-c259-4152-bd40-ee1a0d1a6659,NIKE,134821,,
DASS SEST714013088668115CM1585579215851093NBR328309520260625-1,OK,DASS SEST,7,140130,1304277,88668,ATAC. MR110022 7MM RECICLADO COR 4085/PET / COR 496/PET [5d04098e-462b-45cf-9ac9-2e5073c1bb56],115CM,15855792,516,15851093NBR3283095,25/06/2026,21/09/2026,55,27/07/2026,902031,,5d04098e-462b-45cf-9ac9-2e5073c1bb56,NIKE,134821,,
DASS SEST714013088668115CM1585579215851094NBR328309520260625-1,OK,DASS SEST,7,140130,1304277,88668,ATAC. MR110022 7MM RECICLADO COR 4085/PET / COR 496/PET [82c2872b-4858-44be-9dc0-be2935dafdc6],115CM,15855792,528,15851094NBR3283095,25/06/2026,21/09/2026,55,27/07/2026,902032,,82c2872b-4858-44be-9dc0-be2935dafdc6,NIKE,134821,,
DASS SEST714013088668115CM1585579215851095NBR328310120260625-1,OK,DASS SEST,7,140130,1304277,88668,ATAC. MR110022 7MM RECICLADO COR 4085/PET / COR 496/PET [787489d6-c0fb-471c-9bb7-05106b8c64b4],115CM,15855792,788,15851095NBR3283101,25/06/2026,21/09/2026,55,27/07/2026,902033,,787489d6-c0fb-471c-9bb7-05106b8c64b4,NIKE,134821,,
DASS SEST714013088668115CM1585579215854347NEX000008320260625-1,OK,DASS SEST,7,140130,1304277,88668,ATAC. MR110022 7MM RECICLADO COR 4085/PET / COR 496/PET [517a69e0-4939-4085-b060-a4c45a22c1af],115CM,15855792,198,15854347NEX0000083,25/06/2026,21/09/2026,55,27/07/2026,902034,,517a69e0-4939-4085-b060-a4c45a22c1af,NIKE,134821,,
DASS SEST714013088668115CM1585579215854348NEX000008320260625-1,OK,DASS SEST,7,140130,1304277,88668,ATAC. MR110022 7MM RECICLADO COR 4085/PET / COR 496/PET [98967826-d9db-4be6-a41f-e3bb0d1de30a],115CM,15855792,108,15854348NEX0000083,25/06/2026,21/09/2026,55,27/07/2026,902035,,98967826-d9db-4be6-a41f-e3bb0d1de30a,NIKE,134821,,
DASS SEST714013088668115CM1585579215854349NEX000008320260625-1,OK,DASS SEST,7,140130,1304277,88668,ATAC. MR110022 7MM RECICLADO COR 4085/PET / COR 496/PET [292c2e35-52c5-46cd-a18a-1492079d9fe0],115CM,15855792,24,15854349NEX0000083,25/06/2026,21/09/2026,55,27/07/2026,902036,,292c2e35-52c5-46cd-a18a-1492079d9fe0,NIKE,134821,,
DASS SEST714013088668120CM1585579215851097NBR328302820260625-1,OK,DASS SEST,7,140130,1304277,88668,ATAC. MR110022 7MM RECICLADO COR 4085/PET / COR 496/PET [df83d0ef-2149-4a84-a5f9-493e89391a31],120CM,15855792,180,15851097NBR3283028,25/06/2026,21/09/2026,55,27/07/2026,902037,,df83d0ef-2149-4a84-a5f9-493e89391a31,NIKE,134821,,
DASS SEST714013088668120CM1585579215851092NBR328309520260625-1,OK,DASS SEST,7,140130,1304277,88668,ATAC. MR110022 7MM RECICLADO COR 4085/PET / COR 496/PET [0ebc871c-ebe8-443e-8111-5434c90cc8db],120CM,15855792,132,15851092NBR3283095,25/06/2026,21/09/2026,55,27/07/2026,902038,,0ebc871c-ebe8-443e-8111-5434c90cc8db,NIKE,134821,,
DASS SEST714013088668120CM1585579215851093NBR328309520260625-1,OK,DASS SEST,7,140130,1304277,88668,ATAC. MR110022 7MM RECICLADO COR 4085/PET / COR 496/PET [422e6141-ee4a-46d4-a431-9a49ab05d329],120CM,15855792,120,15851093NBR3283095,25/06/2026,21/09/2026,55,27/07/2026,902039,,422e6141-ee4a-46d4-a431-9a49ab05d329,NIKE,134821,,
DASS SEST714013088668120CM1585579215851094NBR328309520260625-1,OK,DASS SEST,7,140130,1304277,88668,ATAC. MR110022 7MM RECICLADO COR 4085/PET / COR 496/PET [d02987b2-98c9-4596-a256-557fe77a2f20],120CM,15855792,144,15851094NBR3283095,25/06/2026,21/09/2026,55,27/07/2026,902040,,d02987b2-98c9-4596-a256-557fe77a2f20,NIKE,134821,,
DASS SEST714013088668120CM1585579215851095NBR328310120260625-1,OK,DASS SEST,7,140130,1304277,88668,ATAC. MR110022 7MM RECICLADO COR 4085/PET / COR 496/PET [e2e8cb0b-afb1-4417-9496-1aff206e980b],120CM,15855792,198,15851095NBR3283101,25/06/2026,21/09/2026,55,27/07/2026,902041,,e2e8cb0b-afb1-4417-9496-1aff206e980b,NIKE,134821,,
DASS SEST714013095026110CM1585579215851110NBR328302620260625-1,OK,DASS SEST,7,140130,1413117,95026,ATAC. MR110022 7MM RECICLADO COR 6146/PET / COR 492/PET [426b64c6-7b0e-4220-9e92-d6b985aa82c2],110CM,15855792,216,15851110NBR3283026,25/06/2026,21/09/2026,55,27/07/2026,902042,,426b64c6-7b0e-4220-9e92-d6b985aa82c2,NIKE,134821,,
DASS SEST714013095026110CM1585579215851111NBR328302620260625-1,OK,DASS SEST,7,140130,1413117,95026,ATAC. MR110022 7MM RECICLADO COR 6146/PET / COR 492/PET [425a65a9-7257-4aa1-aac5-dafd6991ed73],110CM,15855792,222,15851111NBR3283026,25/06/2026,21/09/2026,55,27/07/2026,902043,,425a65a9-7257-4aa1-aac5-dafd6991ed73,NIKE,134821,,
DASS SEST714013095026115CM1585579215851110NBR328302620260625-1,OK,DASS SEST,7,140130,1413117,95026,ATAC. MR110022 7MM RECICLADO COR 6146/PET / COR 492/PET [c83a4602-0a96-41d1-8c8c-8e987dbb0eaa],115CM,15855792,584,15851110NBR3283026,25/06/2026,21/09/2026,55,27/07/2026,902044,,c83a4602-0a96-41d1-8c8c-8e987dbb0eaa,NIKE,134821,,
DASS SEST714013095026115CM1585579215851111NBR328302620260625-1,OK,DASS SEST,7,140130,1413117,95026,ATAC. MR110022 7MM RECICLADO COR 6146/PET / COR 492/PET [29852091-4dbc-4090-abe9-53384a56ceda],115CM,15855792,576,15851111NBR3283026,25/06/2026,21/09/2026,55,27/07/2026,902045,,29852091-4dbc-4090-abe9-53384a56ceda,NIKE,134821,,
DASS SEST714013095026120CM1585579215851110NBR328302620260625-1,OK,DASS SEST,7,140130,1413117,95026,ATAC. MR110022 7MM RECICLADO COR 6146/PET / COR 492/PET [a1baab71-64bd-492c-934a-971f3051927b],120CM,15855792,120,15851110NBR3283026,25/06/2026,21/09/2026,55,27/07/2026,902046,,a1baab71-64bd-492c-934a-971f3051927b,NIKE,134821,,
DASS SEST714013095026120CM1585579215851111NBR328302620260625-1,OK,DASS SEST,7,140130,1413117,95026,ATAC. MR110022 7MM RECICLADO COR 6146/PET / COR 492/PET [108db5d0-2b20-452e-b4da-2f31a6aba6be],120CM,15855792,138,15851111NBR3283026,25/06/2026,21/09/2026,55,27/07/2026,902047,,108db5d0-2b20-452e-b4da-2f31a6aba6be,NIKE,134821,,
DASS SEST714013095897110CM1585579215851129NBR328302720260625-1,OK,DASS SEST,7,140130,1424201,95897,ATAC. MR110022 7MM RECICLADO COR 4662/PET / COR 4638/PET [8fef9330-a5dd-490c-b331-ad5db6d889e0],110CM,15855792,855,15851129NBR3283027,25/06/2026,21/09/2026,55,27/07/2026,902048,,8fef9330-a5dd-490c-b331-ad5db6d889e0,NIKE,134821,,
DASS SEST714013095897110CM1585579215851130NBR328302720260625-1,OK,DASS SEST,7,140130,1424201,95897,ATAC. MR110022 7MM RECICLADO COR 4662/PET / COR 4638/PET [6a5935fe-b695-46a1-be98-2dfb0b5d806c],110CM,15855792,852,15851130NBR3283027,25/06/2026,21/09/2026,55,27/07/2026,902049,,6a5935fe-b695-46a1-be98-2dfb0b5d806c,NIKE,134821,,
DASS SEST714013095897110CM1585579215851131NBR328302720260625-1,OK,DASS SEST,7,140130,1424201,95897,ATAC. MR110022 7MM RECICLADO COR 4662/PET / COR 4638/PET [1b954c0f-2265-4609-b622-990e1f0b1f40],110CM,15855792,918,15851131NBR3283027,25/06/2026,21/09/2026,55,27/07/2026,902050,,1b954c0f-2265-4609-b622-990e1f0b1f40,NIKE,134821,,
DASS SEST714013095897115CM1585579215851129NBR328302720260625-1,OK,DASS SEST,7,140130,1424201,95897,ATAC. MR110022 7MM RECICLADO COR 4662/PET / COR 4638/PET [10e7ce92-6167-4397-9e54-04bf0ea69448],115CM,15855792,42,15851129NBR3283027,25/06/2026,21/09/2026,55,27/07/2026,902051,,10e7ce92-6167-4397-9e54-04bf0ea69448,NIKE,134821,,
DASS SEST714013095897115CM1585579215851130NBR328302720260625-1,OK,DASS SEST,7,140130,1424201,95897,ATAC. MR110022 7MM RECICLADO COR 4662/PET / COR 4638/PET [64da0f73-423c-4e3b-bd73-421cd98fb214],115CM,15855792,24,15851130NBR3283027,25/06/2026,21/09/2026,55,27/07/2026,902052,,64da0f73-423c-4e3b-bd73-421cd98fb214,NIKE,134821,,
DASS SEST714013095898110CM1585579215851116NBR328304120260625-1,OK,DASS SEST,7,140130,1424204,95898,ATAC. MR110022 7MM RECICLADO COR 6222/PET / COR 4259/PET [c6482671-d86b-4743-b963-fa45558f2a67],110CM,15855792,192,15851116NBR3283041,25/06/2026,21/09/2026,55,27/07/2026,902053,,c6482671-d86b-4743-b963-fa45558f2a67,NIKE,134821,,
DASS SEST714013095898110CM1585579215851117NBR328304120260625-1,OK,DASS SEST,7,140130,1424204,95898,ATAC. MR110022 7MM RECICLADO COR 6222/PET / COR 4259/PET [9aa38411-9e7f-49d9-84e6-1ae8d330461c],110CM,15855792,216,15851117NBR3283041,25/06/2026,21/09/2026,55,27/07/2026,902054,,9aa38411-9e7f-49d9-84e6-1ae8d330461c,NIKE,134821,,
DASS SEST714013095898115CM1585579215851116NBR328304120260625-1,OK,DASS SEST,7,140130,1424204,95898,ATAC. MR110022 7MM RECICLADO COR 6222/PET / COR 4259/PET [6018daff-712c-47a3-b4d6-de97f747effd],115CM,15855792,596,15851116NBR3283041,25/06/2026,21/09/2026,55,27/07/2026,902055,,6018daff-712c-47a3-b4d6-de97f747effd,NIKE,134821,,
DASS SEST714013095898115CM1585579215851117NBR328304120260625-1,OK,DASS SEST,7,140130,1424204,95898,ATAC. MR110022 7MM RECICLADO COR 6222/PET / COR 4259/PET [b7df624d-de3c-47d7-8b12-cfba599dc025],115CM,15855792,618,15851117NBR3283041,25/06/2026,21/09/2026,55,27/07/2026,902056,,b7df624d-de3c-47d7-8b12-cfba599dc025,NIKE,134821,,
DASS SEST714013095898120CM1585579215851116NBR328304120260625-1,OK,DASS SEST,7,140130,1424204,95898,ATAC. MR110022 7MM RECICLADO COR 6222/PET / COR 4259/PET [4f640c20-9303-40a8-9748-fb9b1adccfa3],120CM,15855792,180,15851116NBR3283041,25/06/2026,21/09/2026,55,27/07/2026,902057,,4f640c20-9303-40a8-9748-fb9b1adccfa3,NIKE,134821,,
DASS SEST714013095898120CM1585579215851117NBR328304120260625-1,OK,DASS SEST,7,140130,1424204,95898,ATAC. MR110022 7MM RECICLADO COR 6222/PET / COR 4259/PET [a2e73804-9b5e-41ae-b739-e7ce4938cc43],120CM,15855792,186,15851117NBR3283041,25/06/2026,21/09/2026,55,27/07/2026,902058,,a2e73804-9b5e-41ae-b739-e7ce4938cc43,NIKE,134821,,
DASS SEST714013095899110CM1585579215851126NBR328287320260625-1,OK,DASS SEST,7,140130,1424203,95899,ATAC. MR110022 7MM RECICLADO COR 4085/PET / COR 422/PET [1e90c616-7120-4ee2-947c-6328a42540d4],110CM,15855792,650,15851126NBR3282873,25/06/2026,21/09/2026,55,27/07/2026,902059,,1e90c616-7120-4ee2-947c-6328a42540d4,NIKE,134821,,
DASS SEST714013095899110CM1585579215851127NBR328287320260625-1,OK,DASS SEST,7,140130,1424203,95899,ATAC. MR110022 7MM RECICLADO COR 4085/PET / COR 422/PET [66270de7-115e-4aaa-8610-90305ef93bd7],110CM,15855792,726,15851127NBR3282873,25/06/2026,21/09/2026,55,27/07/2026,902060,,66270de7-115e-4aaa-8610-90305ef93bd7,NIKE,134821,,
DASS SEST714013095899115CM1585579215851126NBR328287320260625-1,OK,DASS SEST,7,140130,1424203,95899,ATAC. MR110022 7MM RECICLADO COR 4085/PET / COR 422/PET [8323c3d5-383b-4858-aa03-2fd5e4ce706a],115CM,15855792,36,15851126NBR3282873,25/06/2026,21/09/2026,55,27/07/2026,902061,,8323c3d5-383b-4858-aa03-2fd5e4ce706a,NIKE,134821,,
DASS SEST714013095899115CM1585579215851127NBR328287320260625-1,OK,DASS SEST,7,140130,1424203,95899,ATAC. MR110022 7MM RECICLADO COR 4085/PET / COR 422/PET [28c4b725-9818-4e4b-850c-dc7169ae70c0],115CM,15855792,36,15851127NBR3282873,25/06/2026,21/09/2026,55,27/07/2026,902062,,28c4b725-9818-4e4b-850c-dc7169ae70c0,NIKE,134821,,
DASS SEST714013095900110CM1585579215851114NBR328304220260625-1,OK,DASS SEST,7,140130,1424205,95900,ATAC. MR110022 7MM RECICLADO COR 057/PET / COR 5946/PET [68c1b909-147d-4e80-b272-ed12142d5bcb],110CM,15855792,300,15851114NBR3283042,25/06/2026,21/09/2026,55,27/07/2026,902063,,68c1b909-147d-4e80-b272-ed12142d5bcb,NIKE,134821,,
DASS SEST714013095900110CM1585579215851115NBR328304220260625-1,OK,DASS SEST,7,140130,1424205,95900,ATAC. MR110022 7MM RECICLADO COR 057/PET / COR 5946/PET [7b146b6c-45db-49d0-84a1-118ead84989b],110CM,15855792,330,15851115NBR3283042,25/06/2026,21/09/2026,55,27/07/2026,902064,,7b146b6c-45db-49d0-84a1-118ead84989b,NIKE,134821,,
DASS SEST714013095900115CM1585579215851114NBR328304220260625-1,OK,DASS SEST,7,140130,1424205,95900,ATAC. MR110022 7MM RECICLADO COR 057/PET / COR 5946/PET [b87434c0-7910-4424-879d-9105478e2580],115CM,15855792,723,15851114NBR3283042,25/06/2026,21/09/2026,55,27/07/2026,902065,,b87434c0-7910-4424-879d-9105478e2580,NIKE,134821,,
DASS SEST714013095900115CM1585579215851115NBR328304220260625-1,OK,DASS SEST,7,140130,1424205,95900,ATAC. MR110022 7MM RECICLADO COR 057/PET / COR 5946/PET [0ff8c1b5-fe6e-495b-965a-442c942d6807],115CM,15855792,738,15851115NBR3283042,25/06/2026,21/09/2026,55,27/07/2026,902066,,0ff8c1b5-fe6e-495b-965a-442c942d6807,NIKE,134821,,
DASS SEST714013095900120CM1585579215851114NBR328304220260625-1,OK,DASS SEST,7,140130,1424205,95900,ATAC. MR110022 7MM RECICLADO COR 057/PET / COR 5946/PET [654e95b0-1061-407d-91a9-113c335560e7],120CM,15855792,144,15851114NBR3283042,25/06/2026,21/09/2026,55,27/07/2026,902067,,654e95b0-1061-407d-91a9-113c335560e7,NIKE,134821,,
DASS SEST714013095900120CM1585579215851115NBR328304220260625-1,OK,DASS SEST,7,140130,1424205,95900,ATAC. MR110022 7MM RECICLADO COR 057/PET / COR 5946/PET [140c04cc-9d58-4d55-98dd-77ccdf565374],120CM,15855792,168,15851115NBR3283042,25/06/2026,21/09/2026,55,27/07/2026,902068,,140c04cc-9d58-4d55-98dd-77ccdf565374,NIKE,134821,,
DASS SEST714019082628100CM1587267015866740NBR328304920260626-1,OK,DASS SEST,7,140190,1188919,82628,ATAC. MR140014 6MM RECICLADO COR 4085/PET [4dc8ef79-d6fa-4cb5-8aec-6dfe71f1bd80],100CM,15872670,216,15866740NBR3283049,26/06/2026,21/09/2026,55,27/07/2026,902069,,4dc8ef79-d6fa-4cb5-8aec-6dfe71f1bd80,NIKE,134940,,
DASS SEST714019082628100CM1587267015866741NBR328304920260626-1,OK,DASS SEST,7,140190,1188919,82628,ATAC. MR140014 6MM RECICLADO COR 4085/PET [e71bd27a-a382-4669-aff4-8de272be5231],100CM,15872670,204,15866741NBR3283049,26/06/2026,21/09/2026,55,27/07/2026,902070,,e71bd27a-a382-4669-aff4-8de272be5231,NIKE,134940,,
DASS SEST714019082628100CM1587267015866742NBR328304920260626-1,OK,DASS SEST,7,140190,1188919,82628,ATAC. MR140014 6MM RECICLADO COR 4085/PET [cca224e7-d522-46fb-9868-c1843c258ce3],100CM,15872670,222,15866742NBR3283049,26/06/2026,21/09/2026,55,27/07/2026,902071,,cca224e7-d522-46fb-9868-c1843c258ce3,NIKE,134940,,
DASS SEST714019082628105CM1587267015866740NBR328304920260626-1,OK,DASS SEST,7,140190,1188919,82628,ATAC. MR140014 6MM RECICLADO COR 4085/PET [69d7e73c-b180-4042-83db-da0a730546ff],105CM,15872670,675,15866740NBR3283049,26/06/2026,21/09/2026,55,27/07/2026,902072,,69d7e73c-b180-4042-83db-da0a730546ff,NIKE,134940,,
DASS SEST714019082628105CM1587267015866741NBR328304920260626-1,OK,DASS SEST,7,140190,1188919,82628,ATAC. MR140014 6MM RECICLADO COR 4085/PET [52afbee3-868a-4388-8e3a-70438e7bff00],105CM,15872670,648,15866741NBR3283049,26/06/2026,21/09/2026,55,27/07/2026,902073,,52afbee3-868a-4388-8e3a-70438e7bff00,NIKE,134940,,
DASS SEST714019082628105CM1587267015866742NBR328304920260626-1,OK,DASS SEST,7,140190,1188919,82628,ATAC. MR140014 6MM RECICLADO COR 4085/PET [78a8b826-46eb-4087-855e-57b7b441ac10],105CM,15872670,714,15866742NBR3283049,26/06/2026,21/09/2026,55,27/07/2026,902074,,78a8b826-46eb-4087-855e-57b7b441ac10,NIKE,134940,,
DASS SEST714019082628105CM1587267015866713NBR328305820260626-1,OK,DASS SEST,7,140190,1188919,82628,ATAC. MR140014 6MM RECICLADO COR 4085/PET [471a5288-455b-4dd0-b034-797f1326aaf5],105CM,15872670,324,15866713NBR3283058,26/06/2026,21/09/2026,55,27/07/2026,902075,,471a5288-455b-4dd0-b034-797f1326aaf5,NIKE,134940,,
DASS SEST714019082628110CM1587267015866740NBR328304920260626-1,OK,DASS SEST,7,140190,1188919,82628,ATAC. MR140014 6MM RECICLADO COR 4085/PET [e57e853b-687a-4544-b88d-90fb9547df6c],110CM,15872670,12,15866740NBR3283049,26/06/2026,21/09/2026,55,27/07/2026,902076,,e57e853b-687a-4544-b88d-90fb9547df6c,NIKE,134940,,
DASS SEST714019082628110CM1587267015866713NBR328305820260626-1,OK,DASS SEST,7,140190,1188919,82628,ATAC. MR140014 6MM RECICLADO COR 4085/PET [8619baa3-aec2-4b0f-88f8-1680006e82bc],110CM,15872670,914,15866713NBR3283058,26/06/2026,21/09/2026,55,27/07/2026,902077,,8619baa3-aec2-4b0f-88f8-1680006e82bc,NIKE,134940,,
DASS SEST714019082628115CM1587267015866713NBR328305820260626-1,OK,DASS SEST,7,140190,1188919,82628,ATAC. MR140014 6MM RECICLADO COR 4085/PET [c1a75fcc-3e76-4fc0-9c25-b7b5b1d09f11],115CM,15872670,300,15866713NBR3283058,26/06/2026,21/09/2026,55,27/07/2026,902078,,c1a75fcc-3e76-4fc0-9c25-b7b5b1d09f11,NIKE,134940,,
DASS SEST714019086418100CM1587267015866752NBR328305020260626-1,OK,DASS SEST,7,140190,1278311,86418,ATAC. MR140014 6MM RECICLADO COR 4662/PET [395520e2-db6d-48cc-b86e-5a0199250a29],100CM,15872670,192,15866752NBR3283050,26/06/2026,21/09/2026,55,27/07/2026,902079,,395520e2-db6d-48cc-b86e-5a0199250a29,NIKE,134940,,
DASS SEST714019086418100CM1587267015866753NBR328305020260626-1,OK,DASS SEST,7,140190,1278311,86418,ATAC. MR140014 6MM RECICLADO COR 4662/PET [922eb899-d1f8-4130-8a43-05e1c6f570ae],100CM,15872670,210,15866753NBR3283050,26/06/2026,21/09/2026,55,27/07/2026,902080,,922eb899-d1f8-4130-8a43-05e1c6f570ae,NIKE,134940,,
DASS SEST714019086418100CM1587267015866754NBR328306320260626-1,OK,DASS SEST,7,140190,1278311,86418,ATAC. MR140014 6MM RECICLADO COR 4662/PET [6214e5da-62cc-443b-bd7d-f2e83df2806c],100CM,15872670,192,15866754NBR3283063,26/06/2026,21/09/2026,55,27/07/2026,902081,,6214e5da-62cc-443b-bd7d-f2e83df2806c,NIKE,134940,,
DASS SEST714019086418100CM1587267015866755NBR328306320260626-1,OK,DASS SEST,7,140190,1278311,86418,ATAC. MR140014 6MM RECICLADO COR 4662/PET [72cd5588-97c5-44f0-8df8-5d51c5af3a3d],100CM,15872670,210,15866755NBR3283063,26/06/2026,21/09/2026,55,27/07/2026,902082,,72cd5588-97c5-44f0-8df8-5d51c5af3a3d,NIKE,134940,,
DASS SEST714019086418100CM1587267015866756NBR328307320260626-1,OK,DASS SEST,7,140190,1278311,86418,ATAC. MR140014 6MM RECICLADO COR 4662/PET [ec0e4c5f-c4fb-4ef8-86bd-d1853e18b2a1],100CM,15872670,192,15866756NBR3283073,26/06/2026,21/09/2026,55,27/07/2026,902083,,ec0e4c5f-c4fb-4ef8-86bd-d1853e18b2a1,NIKE,134940,,
DASS SEST714019086418100CM1587267015866758NBR328307320260626-1,OK,DASS SEST,7,140190,1278311,86418,ATAC. MR140014 6MM RECICLADO COR 4662/PET [74ac9ab3-969c-4d00-bbf3-9ddb9002cea9],100CM,15872670,204,15866758NBR3283073,26/06/2026,21/09/2026,55,27/07/2026,902084,,74ac9ab3-969c-4d00-bbf3-9ddb9002cea9,NIKE,134940,,
DASS SEST714019086418105CM1587267015866752NBR328305020260626-1,OK,DASS SEST,7,140190,1278311,86418,ATAC. MR140014 6MM RECICLADO COR 4662/PET [5a3742e8-703d-4afa-b91d-e04d229bfb88],105CM,15872670,662,15866752NBR3283050,26/06/2026,21/09/2026,55,27/07/2026,902085,,5a3742e8-703d-4afa-b91d-e04d229bfb88,NIKE,134940,,
DASS SEST714019086418105CM1587267015866753NBR328305020260626-1,OK,DASS SEST,7,140190,1278311,86418,ATAC. MR140014 6MM RECICLADO COR 4662/PET [54ecaf78-ca2a-4846-bc19-80b0e6921d8d],105CM,15872670,684,15866753NBR3283050,26/06/2026,21/09/2026,55,27/07/2026,902086,,54ecaf78-ca2a-4846-bc19-80b0e6921d8d,NIKE,134940,,
DASS SEST714019086418105CM1587267015866715NBR328306020260626-1,OK,DASS SEST,7,140190,1278311,86418,ATAC. MR140014 6MM RECICLADO COR 4662/PET [edba89fe-23fb-40b3-8556-69220efdb4ce],105CM,15872670,120,15866715NBR3283060,26/06/2026,21/09/2026,55,27/07/2026,902087,,edba89fe-23fb-40b3-8556-69220efdb4ce,NIKE,134940,,
DASS SEST714019086418105CM1587267015866716NBR328306020260626-1,OK,DASS SEST,7,140190,1278311,86418,ATAC. MR140014 6MM RECICLADO COR 4662/PET [de45bffa-172a-4e87-8e5f-a3941eb66f89],105CM,15872670,102,15866716NBR3283060,26/06/2026,21/09/2026,55,27/07/2026,902088,,de45bffa-172a-4e87-8e5f-a3941eb66f89,NIKE,134940,,
DASS SEST714019086418105CM1587267015866754NBR328306320260626-1,OK,DASS SEST,7,140190,1278311,86418,ATAC. MR140014 6MM RECICLADO COR 4662/PET [03bbf2fe-5498-4294-8220-efefdd5da163],105CM,15872670,662,15866754NBR3283063,26/06/2026,21/09/2026,55,27/07/2026,902089,,03bbf2fe-5498-4294-8220-efefdd5da163,NIKE,134940,,
DASS SEST714019086418105CM1587267015866755NBR328306320260626-1,OK,DASS SEST,7,140190,1278311,86418,ATAC. MR140014 6MM RECICLADO COR 4662/PET [22f38997-d1f2-4e0c-9e31-a10931b35628],105CM,15872670,684,15866755NBR3283063,26/06/2026,21/09/2026,55,27/07/2026,902090,,22f38997-d1f2-4e0c-9e31-a10931b35628,NIKE,134940,,
DASS SEST714019086418105CM1587267015866717NBR328307020260626-1,OK,DASS SEST,7,140190,1278311,86418,ATAC. MR140014 6MM RECICLADO COR 4662/PET [d0bce89c-834f-40fa-8f58-39b324ace8de],105CM,15872670,120,15866717NBR3283070,26/06/2026,21/09/2026,55,27/07/2026,902091,,d0bce89c-834f-40fa-8f58-39b324ace8de,NIKE,134940,,
DASS SEST714019086418105CM1587267015866718NBR328307020260626-1,OK,DASS SEST,7,140190,1278311,86418,ATAC. MR140014 6MM RECICLADO COR 4662/PET [478051b4-5067-4200-aea3-be760d225398],105CM,15872670,102,15866718NBR3283070,26/06/2026,21/09/2026,55,27/07/2026,902092,,478051b4-5067-4200-aea3-be760d225398,NIKE,134940,,
DASS SEST714019086418105CM1587267015866756NBR328307320260626-1,OK,DASS SEST,7,140190,1278311,86418,ATAC. MR140014 6MM RECICLADO COR 4662/PET [393e4ea9-684f-4824-af12-e860f17bf76c],105CM,15872670,638,15866756NBR3283073,26/06/2026,21/09/2026,55,27/07/2026,902093,,393e4ea9-684f-4824-af12-e860f17bf76c,NIKE,134940,,
DASS SEST714019086418105CM1587267015866758NBR328307320260626-1,OK,DASS SEST,7,140190,1278311,86418,ATAC. MR140014 6MM RECICLADO COR 4662/PET [d6376a5b-8369-4014-9c3c-08deb8b398d2],105CM,15872670,690,15866758NBR3283073,26/06/2026,21/09/2026,55,27/07/2026,902094,,d6376a5b-8369-4014-9c3c-08deb8b398d2,NIKE,134940,,
DASS SEST714019086418110CM1587267015866752NBR328305020260626-1,OK,DASS SEST,7,140190,1278311,86418,ATAC. MR140014 6MM RECICLADO COR 4662/PET [c86a1355-59fa-4c90-8f96-fe4b3db2d0e0],110CM,15872670,24,15866752NBR3283050,26/06/2026,21/09/2026,55,27/07/2026,902095,,c86a1355-59fa-4c90-8f96-fe4b3db2d0e0,NIKE,134940,,
DASS SEST714019086418110CM1587267015866715NBR328306020260626-1,OK,DASS SEST,7,140190,1278311,86418,ATAC. MR140014 6MM RECICLADO COR 4662/PET [17ecfd5d-571a-4afe-b1dd-246d33e5cb80],110CM,15872670,626,15866715NBR3283060,26/06/2026,21/09/2026,55,27/07/2026,902096,,17ecfd5d-571a-4afe-b1dd-246d33e5cb80,NIKE,134940,,
DASS SEST714019086418110CM1587267015866716NBR328306020260626-1,OK,DASS SEST,7,140190,1278311,86418,ATAC. MR140014 6MM RECICLADO COR 4662/PET [84a35cb2-31cf-4c2a-ba6c-4b59153ff5b2],110CM,15872670,636,15866716NBR3283060,26/06/2026,21/09/2026,55,27/07/2026,902097,,84a35cb2-31cf-4c2a-ba6c-4b59153ff5b2,NIKE,134940,,
DASS SEST714019086418110CM1587267015866754NBR328306320260626-1,OK,DASS SEST,7,140190,1278311,86418,ATAC. MR140014 6MM RECICLADO COR 4662/PET [a6160a1f-325f-4aac-8883-8010eda51530],110CM,15872670,24,15866754NBR3283063,26/06/2026,21/09/2026,55,27/07/2026,902098,,a6160a1f-325f-4aac-8883-8010eda51530,NIKE,134940,,
DASS SEST714019086418110CM1587267015866717NBR328307020260626-1,OK,DASS SEST,7,140190,1278311,86418,ATAC. MR140014 6MM RECICLADO COR 4662/PET [9fbee543-7008-4b77-8b7c-41a73efb1545],110CM,15872670,626,15866717NBR3283070,26/06/2026,21/09/2026,55,27/07/2026,902099,,9fbee543-7008-4b77-8b7c-41a73efb1545,NIKE,134940,,
DASS SEST714019086418110CM1587267015866718NBR328307020260626-1,OK,DASS SEST,7,140190,1278311,86418,ATAC. MR140014 6MM RECICLADO COR 4662/PET [093fc094-53dc-4d85-a26b-17f4c3c4176f],110CM,15872670,636,15866718NBR3283070,26/06/2026,21/09/2026,55,27/07/2026,902100,,093fc094-53dc-4d85-a26b-17f4c3c4176f,NIKE,134940,,
DASS SEST714019086418110CM1587267015866756NBR328307320260626-1,OK,DASS SEST,7,140190,1278311,86418,ATAC. MR140014 6MM RECICLADO COR 4662/PET [4a5b5d76-5e57-430e-89f6-a0e615e8b6a7],110CM,15872670,24,15866756NBR3283073,26/06/2026,21/09/2026,55,27/07/2026,902101,,4a5b5d76-5e57-430e-89f6-a0e615e8b6a7,NIKE,134940,,
DASS SEST714019086418115CM1587267015866715NBR328306020260626-1,OK,DASS SEST,7,140190,1278311,86418,ATAC. MR140014 6MM RECICLADO COR 4662/PET [8267c744-1ea1-44a0-ab74-6cefdc4c5b31],115CM,15872670,204,15866715NBR3283060,26/06/2026,21/09/2026,55,27/07/2026,902102,,8267c744-1ea1-44a0-ab74-6cefdc4c5b31,NIKE,134940,,
DASS SEST714019086418115CM1587267015866716NBR328306020260626-1,OK,DASS SEST,7,140190,1278311,86418,ATAC. MR140014 6MM RECICLADO COR 4662/PET [7a10a955-16ef-43e5-8dd6-ae5d12910ff8],115CM,15872670,234,15866716NBR3283060,26/06/2026,21/09/2026,55,27/07/2026,902103,,7a10a955-16ef-43e5-8dd6-ae5d12910ff8,NIKE,134940,,
DASS SEST714019086418115CM1587267015866717NBR328307020260626-1,OK,DASS SEST,7,140190,1278311,86418,ATAC. MR140014 6MM RECICLADO COR 4662/PET [392ab027-3d55-451a-a361-4db95aee3446],115CM,15872670,204,15866717NBR3283070,26/06/2026,21/09/2026,55,27/07/2026,902104,,392ab027-3d55-451a-a361-4db95aee3446,NIKE,134940,,
DASS SEST714019086418115CM1587267015866718NBR328307020260626-1,OK,DASS SEST,7,140190,1278311,86418,ATAC. MR140014 6MM RECICLADO COR 4662/PET [8c972d9e-978f-4ae9-b1a2-080a4fbba1df],115CM,15872670,234,15866718NBR3283070,26/06/2026,21/09/2026,55,27/07/2026,902105,,8c972d9e-978f-4ae9-b1a2-080a4fbba1df,NIKE,134940,,
DASS SEST714076482628105CM1591518015903700NBR328314920260710-1,OK,DASS SEST,7,140764,1188919,82628,ATAC. MR140014 6MM RECICLADO COR 4085/PET [4fa66567-5cc6-4acd-9d7c-d60acabafb73],105CM,15915180,591,15903700NBR3283149,10/07/2026,21/09/2026,55,27/07/2026,902106,,4fa66567-5cc6-4acd-9d7c-d60acabafb73,NIKE,135476,,
DASS SEST714076482628105CM1591518015903702NBR328314920260710-1,OK,DASS SEST,7,140764,1188919,82628,ATAC. MR140014 6MM RECICLADO COR 4085/PET [2bb0f016-7e47-4955-8bf7-3c5f0816ccb0],105CM,15915180,552,15903702NBR3283149,10/07/2026,21/09/2026,55,27/07/2026,902107,,2bb0f016-7e47-4955-8bf7-3c5f0816ccb0,NIKE,135476,,
DASS SEST714076482628105CM1591518015903703NBR328314920260710-1,OK,DASS SEST,7,140764,1188919,82628,ATAC. MR140014 6MM RECICLADO COR 4085/PET [6e363f89-236c-412b-8813-3a341f349dd6],105CM,15915180,612,15903703NBR3283149,10/07/2026,21/09/2026,55,27/07/2026,902108,,6e363f89-236c-412b-8813-3a341f349dd6,NIKE,135476,,
DASS SEST714076482628110CM1591518015903700NBR328314920260710-1,OK,DASS SEST,7,140764,1188919,82628,ATAC. MR140014 6MM RECICLADO COR 4085/PET [44f85721-8f75-4506-98b4-04053bb094d4],110CM,15915180,282,15903700NBR3283149,10/07/2026,21/09/2026,55,27/07/2026,902109,,44f85721-8f75-4506-98b4-04053bb094d4,NIKE,135476,,
DASS SEST714076482628110CM1591518015903702NBR328314920260710-1,OK,DASS SEST,7,140764,1188919,82628,ATAC. MR140014 6MM RECICLADO COR 4085/PET [da395376-ad3b-4ff9-8913-75f36afad2c7],110CM,15915180,240,15903702NBR3283149,10/07/2026,21/09/2026,55,27/07/2026,902110,,da395376-ad3b-4ff9-8913-75f36afad2c7,NIKE,135476,,
DASS SEST714076482628110CM1591518015903703NBR328314920260710-1,OK,DASS SEST,7,140764,1188919,82628,ATAC. MR140014 6MM RECICLADO COR 4085/PET [775c74db-0f44-46c3-a2ac-464def7a1139],110CM,15915180,264,15903703NBR3283149,10/07/2026,21/09/2026,55,27/07/2026,902111,,775c74db-0f44-46c3-a2ac-464def7a1139,NIKE,135476,,
DASS SEST714076496072105CM1591518015903694NBR328315520260710-1,OK,DASS SEST,7,140764,1425212,96072,ATAC. MR140014 6MM RECICLADO COR 6255/PET [9973e281-ce8d-49de-b887-5b045491db59],105CM,15915180,12,15903694NBR3283155,10/07/2026,21/09/2026,55,27/07/2026,902112,,9973e281-ce8d-49de-b887-5b045491db59,NIKE,135476,,
DASS SEST714076496072105CM1591518015903695NBR328315520260710-1,OK,DASS SEST,7,140764,1425212,96072,ATAC. MR140014 6MM RECICLADO COR 6255/PET [05aed99e-5eb4-4790-b839-5bde3b9c482a],105CM,15915180,24,15903695NBR3283155,10/07/2026,21/09/2026,55,27/07/2026,902113,,05aed99e-5eb4-4790-b839-5bde3b9c482a,NIKE,135476,,
DASS SEST714076496072110CM1591518015903694NBR328315520260710-1,OK,DASS SEST,7,140764,1425212,96072,ATAC. MR140014 6MM RECICLADO COR 6255/PET [f3ae8417-7006-4abb-b018-bf7bbfe6c799],110CM,15915180,812,15903694NBR3283155,10/07/2026,21/09/2026,55,27/07/2026,902114,,f3ae8417-7006-4abb-b018-bf7bbfe6c799,NIKE,135476,,
DASS SEST714076496072110CM1591518015903695NBR328315520260710-1,OK,DASS SEST,7,140764,1425212,96072,ATAC. MR140014 6MM RECICLADO COR 6255/PET [c10d23ac-0ff9-4589-8c7c-d86c24b231f9],110CM,15915180,870,15903695NBR3283155,10/07/2026,21/09/2026,55,27/07/2026,902115,,c10d23ac-0ff9-4589-8c7c-d86c24b231f9,NIKE,135476,,
DASS SEST714076496072115CM1591518015903694NBR328315520260710-1,OK,DASS SEST,7,140764,1425212,96072,ATAC. MR140014 6MM RECICLADO COR 6255/PET [6f53b966-3d04-4f4a-bada-80ca0a4e73fa],115CM,15915180,84,15903694NBR3283155,10/07/2026,21/09/2026,55,27/07/2026,902116,,6f53b966-3d04-4f4a-bada-80ca0a4e73fa,NIKE,135476,,
DASS SEST714076496072115CM1591518015903695NBR328315520260710-1,OK,DASS SEST,7,140764,1425212,96072,ATAC. MR140014 6MM RECICLADO COR 6255/PET [811f14ed-553f-4a50-911a-84b91921bb81],115CM,15915180,114,15903695NBR3283155,10/07/2026,21/09/2026,55,27/07/2026,902117,,811f14ed-553f-4a50-911a-84b91921bb81,NIKE,135476,,
DASS SEST714076495893110CM1591518015903723NBR328288420260710-1,OK,DASS SEST,7,140764,1426514,95893,ATAC. MR130027 6MM RECICLADO COR 6249/PET [2f528b17-791e-4188-a1c4-5c4038eaa13e],110CM,15915180,348,15903723NBR3282884,10/07/2026,21/09/2026,55,27/07/2026,902118,,2f528b17-791e-4188-a1c4-5c4038eaa13e,NIKE,135476,,
DASS SEST714076495893115CM1591518015903723NBR328288420260710-1,OK,DASS SEST,7,140764,1426514,95893,ATAC. MR130027 6MM RECICLADO COR 6249/PET [587454b6-bd1f-452d-b9dc-6a62491558fe],115CM,15915180,986,15903723NBR3282884,10/07/2026,21/09/2026,55,27/07/2026,902119,,587454b6-bd1f-452d-b9dc-6a62491558fe,NIKE,135476,,
DASS SEST714076495893120CM1591518015903723NBR328288420260710-1,OK,DASS SEST,7,140764,1426514,95893,ATAC. MR130027 6MM RECICLADO COR 6249/PET [917415db-175e-4705-8b98-288d99395a26],120CM,15915180,150,15903723NBR3282884,10/07/2026,21/09/2026,55,27/07/2026,902120,,917415db-175e-4705-8b98-288d99395a26,NIKE,135476,,
DASS SEST714084896119110CM1592819515903707NBR328305520260715-1,OK,DASS SEST,7,140848,1451084,96119,ATAC. MR130027 6MM RECICLADO COR 5687/PET [2049f6f9-6f6e-43db-8540-340b5efb777a],110CM,15928195,108,15903707NBR3283055,15/07/2026,21/09/2026,55,27/07/2026,902121,,2049f6f9-6f6e-43db-8540-340b5efb777a,NIKE,135559,,
DASS SEST714084896119110CM1592819515903708NBR328305520260715-1,OK,DASS SEST,7,140848,1451084,96119,ATAC. MR130027 6MM RECICLADO COR 5687/PET [1234b44c-2590-42f1-91c9-676ec1affc89],110CM,15928195,120,15903708NBR3283055,15/07/2026,21/09/2026,55,27/07/2026,902122,,1234b44c-2590-42f1-91c9-676ec1affc89,NIKE,135559,,
DASS SEST714084896119110CM1592819515903709NBR328306620260715-1,OK,DASS SEST,7,140848,1451084,96119,ATAC. MR130027 6MM RECICLADO COR 5687/PET [5441547e-293c-4341-a2fe-80bac0b9f6fd],110CM,15928195,108,15903709NBR3283066,15/07/2026,21/09/2026,55,27/07/2026,902123,,5441547e-293c-4341-a2fe-80bac0b9f6fd,NIKE,135559,,
DASS SEST714084896119110CM1592819515903710NBR328306620260715-1,OK,DASS SEST,7,140848,1451084,96119,ATAC. MR130027 6MM RECICLADO COR 5687/PET [ad954ccc-15ff-4b7e-94a4-8e60cae4e871],110CM,15928195,126,15903710NBR3283066,15/07/2026,21/09/2026,55,27/07/2026,902124,,ad954ccc-15ff-4b7e-94a4-8e60cae4e871,NIKE,135559,,
DASS SEST714084896119110CM1592819515903711NBR328306820260715-1,OK,DASS SEST,7,140848,1451084,96119,ATAC. MR130027 6MM RECICLADO COR 5687/PET [f0fa9a88-b6dd-480f-a99d-748b6dc7d326],110CM,15928195,108,15903711NBR3283068,15/07/2026,21/09/2026,55,27/07/2026,902125,,f0fa9a88-b6dd-480f-a99d-748b6dc7d326,NIKE,135559,,
DASS SEST714084896119110CM1592819515903714NBR328306820260715-1,OK,DASS SEST,7,140848,1451084,96119,ATAC. MR130027 6MM RECICLADO COR 5687/PET [c0391a13-7a23-4abb-9876-89343b52450d],110CM,15928195,120,15903714NBR3283068,15/07/2026,21/09/2026,55,27/07/2026,902126,,c0391a13-7a23-4abb-9876-89343b52450d,NIKE,135559,,
DASS SEST714084896119115CM1592819515903707NBR328305520260715-1,OK,DASS SEST,7,140848,1451084,96119,ATAC. MR130027 6MM RECICLADO COR 5687/PET [71e31d94-1d21-4a24-8d5b-8fb30ba1c7ad],115CM,15928195,572,15903707NBR3283055,15/07/2026,21/09/2026,55,27/07/2026,902127,,71e31d94-1d21-4a24-8d5b-8fb30ba1c7ad,NIKE,135559,,
DASS SEST714084896119115CM1592819515903708NBR328305520260715-1,OK,DASS SEST,7,140848,1451084,96119,ATAC. MR130027 6MM RECICLADO COR 5687/PET [4b444666-b37c-4b41-b71c-b7616fe16181],115CM,15928195,570,15903708NBR3283055,15/07/2026,21/09/2026,55,27/07/2026,902128,,4b444666-b37c-4b41-b71c-b7616fe16181,NIKE,135559,,
DASS SEST714084896119115CM1592819515903709NBR328306620260715-1,OK,DASS SEST,7,140848,1451084,96119,ATAC. MR130027 6MM RECICLADO COR 5687/PET [6be64323-eba8-43a7-b099-789551df5ce0],115CM,15928195,572,15903709NBR3283066,15/07/2026,21/09/2026,55,27/07/2026,902129,,6be64323-eba8-43a7-b099-789551df5ce0,NIKE,135559,,
DASS SEST714084896119115CM1592819515903710NBR328306620260715-1,OK,DASS SEST,7,140848,1451084,96119,ATAC. MR130027 6MM RECICLADO COR 5687/PET [89df1fc6-5c08-4719-b64e-4b51ed5f874e],115CM,15928195,576,15903710NBR3283066,15/07/2026,21/09/2026,55,27/07/2026,902130,,89df1fc6-5c08-4719-b64e-4b51ed5f874e,NIKE,135559,,
DASS SEST714084896119115CM1592819515903711NBR328306820260715-1,OK,DASS SEST,7,140848,1451084,96119,ATAC. MR130027 6MM RECICLADO COR 5687/PET [5052195c-2628-46e9-8b40-1ed83bfdec0a],115CM,15928195,572,15903711NBR3283068,15/07/2026,21/09/2026,55,27/07/2026,902131,,5052195c-2628-46e9-8b40-1ed83bfdec0a,NIKE,135559,,
DASS SEST714084896119115CM1592819515903714NBR328306820260715-1,OK,DASS SEST,7,140848,1451084,96119,ATAC. MR130027 6MM RECICLADO COR 5687/PET [8ece2a0b-c438-4f52-94ec-04a83a05131b],115CM,15928195,570,15903714NBR3283068,15/07/2026,21/09/2026,55,27/07/2026,902132,,8ece2a0b-c438-4f52-94ec-04a83a05131b,NIKE,135559,,
DASS SEST714084896119120CM1592819515903707NBR328305520260715-1,OK,DASS SEST,7,140848,1451084,96119,ATAC. MR130027 6MM RECICLADO COR 5687/PET [44a0ffad-851f-4e62-a7e9-12f0e27f5836],120CM,15928195,132,15903707NBR3283055,15/07/2026,21/09/2026,55,27/07/2026,902133,,44a0ffad-851f-4e62-a7e9-12f0e27f5836,NIKE,135559,,
DASS SEST714084896119120CM1592819515903708NBR328305520260715-1,OK,DASS SEST,7,140848,1451084,96119,ATAC. MR130027 6MM RECICLADO COR 5687/PET [4e91d01d-fca5-4f18-b1c2-0fd7d07756b2],120CM,15928195,138,15903708NBR3283055,15/07/2026,21/09/2026,55,27/07/2026,902134,,4e91d01d-fca5-4f18-b1c2-0fd7d07756b2,NIKE,135559,,
DASS SEST714084896119120CM1592819515903709NBR328306620260715-1,OK,DASS SEST,7,140848,1451084,96119,ATAC. MR130027 6MM RECICLADO COR 5687/PET [00b5e0e9-32e6-40fc-87fc-f16d25af2a15],120CM,15928195,132,15903709NBR3283066,15/07/2026,21/09/2026,55,27/07/2026,902135,,00b5e0e9-32e6-40fc-87fc-f16d25af2a15,NIKE,135559,,
DASS SEST714084896119120CM1592819515903710NBR328306620260715-1,OK,DASS SEST,7,140848,1451084,96119,ATAC. MR130027 6MM RECICLADO COR 5687/PET [2045c497-070a-419d-9559-f053ae6c2b69],120CM,15928195,138,15903710NBR3283066,15/07/2026,21/09/2026,55,27/07/2026,902136,,2045c497-070a-419d-9559-f053ae6c2b69,NIKE,135559,,
DASS SEST714084896119120CM1592819515903711NBR328306820260715-1,OK,DASS SEST,7,140848,1451084,96119,ATAC. MR130027 6MM RECICLADO COR 5687/PET [ecad8b37-802f-4c51-a010-25cda1a193ce],120CM,15928195,132,15903711NBR3283068,15/07/2026,21/09/2026,55,27/07/2026,902137,,ecad8b37-802f-4c51-a010-25cda1a193ce,NIKE,135559,,
DASS SEST714084896119120CM1592819515903714NBR328306820260715-1,OK,DASS SEST,7,140848,1451084,96119,ATAC. MR130027 6MM RECICLADO COR 5687/PET [eea1541c-1ba1-4159-8557-ef86007995fd],120CM,15928195,138,15903714NBR3283068,15/07/2026,21/09/2026,55,27/07/2026,902138,,eea1541c-1ba1-4159-8557-ef86007995fd,NIKE,135559,,
DASS SEST714095192568115CM1594409515941755NBR328329120260717-1,OK,DASS SEST,7,140951,1027849,92568,ATAC. MR110012 8MM RECICLADO COR 4085/PET [7b298dd1-68f5-4163-8932-e1c960a2a5ba],115CM,15944095,216,15941755NBR3283291,17/07/2026,21/09/2026,55,27/07/2026,902139,,7b298dd1-68f5-4163-8932-e1c960a2a5ba,NIKE,135638,,
DASS SEST714095192568115CM1594409515941756NBR328329120260717-1,OK,DASS SEST,7,140951,1027849,92568,ATAC. MR110012 8MM RECICLADO COR 4085/PET [a4e83a54-df11-4211-84f6-af01076e0ee7],115CM,15944095,234,15941756NBR3283291,17/07/2026,21/09/2026,55,27/07/2026,902140,,a4e83a54-df11-4211-84f6-af01076e0ee7,NIKE,135638,,
DASS SEST714095192568115CM1594409515941750NBR328329420260717-1,OK,DASS SEST,7,140951,1027849,92568,ATAC. MR110012 8MM RECICLADO COR 4085/PET [7de5b091-4d57-46ab-8d85-0e832c9fa579],115CM,15944095,252,15941750NBR3283294,17/07/2026,21/09/2026,55,27/07/2026,902141,,7de5b091-4d57-46ab-8d85-0e832c9fa579,NIKE,135638,,
DASS SEST714095192568115CM1594409515941751NBR328329420260717-1,OK,DASS SEST,7,140951,1027849,92568,ATAC. MR110012 8MM RECICLADO COR 4085/PET [f4e11d9d-ee07-4a29-b30a-d485a8561cc6],115CM,15944095,294,15941751NBR3283294,17/07/2026,21/09/2026,55,27/07/2026,902142,,f4e11d9d-ee07-4a29-b30a-d485a8561cc6,NIKE,135638,,
DASS SEST714095192568120CM1594409515941755NBR328329120260717-1,OK,DASS SEST,7,140951,1027849,92568,ATAC. MR110012 8MM RECICLADO COR 4085/PET [068a9efc-6d0f-4b08-ba45-eb413d98c31a],120CM,15944095,626,15941755NBR3283291,17/07/2026,21/09/2026,55,27/07/2026,902143,,068a9efc-6d0f-4b08-ba45-eb413d98c31a,NIKE,135638,,
DASS SEST714095192568120CM1594409515941756NBR328329120260717-1,OK,DASS SEST,7,140951,1027849,92568,ATAC. MR110012 8MM RECICLADO COR 4085/PET [db42381a-7f8b-494e-9b95-aefc8717737c],120CM,15944095,660,15941756NBR3283291,17/07/2026,21/09/2026,55,27/07/2026,902144,,db42381a-7f8b-494e-9b95-aefc8717737c,NIKE,135638,,
DASS SEST714095192568120CM1594409515941750NBR328329420260717-1,OK,DASS SEST,7,140951,1027849,92568,ATAC. MR110012 8MM RECICLADO COR 4085/PET [26abf0ad-574b-43f6-a62c-91d1408e933a],120CM,15944095,765,15941750NBR3283294,17/07/2026,21/09/2026,55,27/07/2026,902145,,26abf0ad-574b-43f6-a62c-91d1408e933a,NIKE,135638,,
DASS SEST714095192568120CM1594409515941751NBR328329420260717-1,OK,DASS SEST,7,140951,1027849,92568,ATAC. MR110012 8MM RECICLADO COR 4085/PET [95af52b4-80c1-40ac-8431-e2a09a3547cb],120CM,15944095,774,15941751NBR3283294,17/07/2026,21/09/2026,55,27/07/2026,902146,,95af52b4-80c1-40ac-8431-e2a09a3547cb,NIKE,135638,,
DASS SANTO ANTONIO152614052310536MM1588846720260706-1,OK,DASS SANTO ANTONIO,1526,140523,738316,1053,ELAST. MTM POLIESTER COR 100 [f9cf268f-7e14-4747-a2b5-011bb1608738],6MM,15888467,1388,0,06/07/2026,21/09/2026,55,27/07/2026,902147,,f9cf268f-7e14-4747-a2b5-011bb1608738,FILA,135198,,
DASS SANTO ANTONIO1526140523832026MM1588846720260706-1,OK,DASS SANTO ANTONIO,1526,140523,1362716,83202,ELAST. MTM POLIESTER COR 334 [372c406a-0ab4-4077-a268-cbfaf17b26a5],6MM,15888467,670,0,06/07/2026,21/09/2026,55,27/07/2026,902148,,372c406a-0ab4-4077-a268-cbfaf17b26a5,FILA,135198,,
DASS SANTO ANTONIO1526140523874446MM1588846720260706-1,OK,DASS SANTO ANTONIO,1526,140523,738314,87444,ELAST. MTM POLIESTER COR 057 [fb11d914-d860-4737-967f-504eee2b029d],6MM,15888467,1104,0,06/07/2026,21/09/2026,55,27/07/2026,902149,,fb11d914-d860-4737-967f-504eee2b029d,FILA,135198,,
DASS SEST71401088262418MM1585679420260625-1,OK,DASS SEST,7,140108,1220520,82624,FITA MR100037 C/ GOMA RECICLADO COR 100/PET [89889b91-5105-4284-80af-5adfb19312dc],18MM,15856794,550,0,25/06/2026,28/09/2026,62,27/07/2026,902150,,89889b91-5105-4284-80af-5adfb19312dc,NIKE,134807,,
DASS SEST71401087312710MM1585679420260625-1,OK,DASS SEST,7,140108,1142481,73127,FITA MR100005 C/ GOMA RECICLADO COR 4085 [3a091e37-75e2-4e09-9d1c-4e361d2c7116],10MM,15856794,200,0,25/06/2026,28/09/2026,62,27/07/2026,902151,,3a091e37-75e2-4e09-9d1c-4e361d2c7116,NIKE,134807,,
DASS SEST71401089080310MM1585679420260625-1,OK,DASS SEST,7,140108,1359564,90803,FITA MR100005 C/ GOMA RECICLADO COR 101 [437c84de-73aa-445c-915a-e7b092062207],10MM,15856794,170,0,25/06/2026,28/09/2026,62,27/07/2026,902152,,437c84de-73aa-445c-915a-e7b092062207,NIKE,134807,,
DASS SEST714013182628100CM1585579315851826NBR328302020260625-1,OK,DASS SEST,7,140131,1188919,82628,ATAC. MR140014 6MM RECICLADO COR 4085/PET [504949e5-9858-4cb4-9fd2-1106e2b795f1],100CM,15855793,518,15851826NBR3283020,25/06/2026,28/09/2026,62,27/07/2026,902153,,504949e5-9858-4cb4-9fd2-1106e2b795f1,NIKE,134822,,
DASS SEST714013182628100CM1585579315851827NBR328302020260625-1,OK,DASS SEST,7,140131,1188919,82628,ATAC. MR140014 6MM RECICLADO COR 4085/PET [af7b683f-237e-43e1-a993-367bbb0a2c99],100CM,15855793,558,15851827NBR3283020,25/06/2026,28/09/2026,62,27/07/2026,902154,,af7b683f-237e-43e1-a993-367bbb0a2c99,NIKE,134822,,
DASS SEST714013182628100CM1585579315851825NBR328303820260625-1,OK,DASS SEST,7,140131,1188919,82628,ATAC. MR140014 6MM RECICLADO COR 4085/PET [2e5b3d05-3ab1-479b-abb7-f5b9868bc91c],100CM,15855793,12,15851825NBR3283038,25/06/2026,28/09/2026,62,27/07/2026,902155,,2e5b3d05-3ab1-479b-abb7-f5b9868bc91c,NIKE,134822,,
DASS SEST714013182628105CM1585579315851826NBR328302020260625-1,OK,DASS SEST,7,140131,1188919,82628,ATAC. MR140014 6MM RECICLADO COR 4085/PET [d8557e93-6026-439a-b9a7-5063b5644087],105CM,15855793,270,15851826NBR3283020,25/06/2026,28/09/2026,62,27/07/2026,902156,,d8557e93-6026-439a-b9a7-5063b5644087,NIKE,134822,,
DASS SEST714013182628105CM1585579315851827NBR328302020260625-1,OK,DASS SEST,7,140131,1188919,82628,ATAC. MR140014 6MM RECICLADO COR 4085/PET [9cf37961-9493-4fdf-8eed-961d5af226a0],105CM,15855793,282,15851827NBR3283020,25/06/2026,28/09/2026,62,27/07/2026,902157,,9cf37961-9493-4fdf-8eed-961d5af226a0,NIKE,134822,,
DASS SEST714013182628105CM1585579315851825NBR328303820260625-1,OK,DASS SEST,7,140131,1188919,82628,ATAC. MR140014 6MM RECICLADO COR 4085/PET [b9fd13ca-b07a-4c05-8106-8539346c6f41],105CM,15855793,486,15851825NBR3283038,25/06/2026,28/09/2026,62,27/07/2026,902158,,b9fd13ca-b07a-4c05-8106-8539346c6f41,NIKE,134822,,
DASS SEST714013182628110CM1585579315851825NBR328303820260625-1,OK,DASS SEST,7,140131,1188919,82628,ATAC. MR140014 6MM RECICLADO COR 4085/PET [a0f3840b-8976-4890-9386-fa42114164b6],110CM,15855793,722,15851825NBR3283038,25/06/2026,28/09/2026,62,27/07/2026,902159,,a0f3840b-8976-4890-9386-fa42114164b6,NIKE,134822,,
DASS SEST714013182628115CM1585579315851825NBR328303820260625-1,OK,DASS SEST,7,140131,1188919,82628,ATAC. MR140014 6MM RECICLADO COR 4085/PET [ab673070-727f-4107-a77c-4b514f7021bc],115CM,15855793,90,15851825NBR3283038,25/06/2026,28/09/2026,62,27/07/2026,902160,,ab673070-727f-4107-a77c-4b514f7021bc,NIKE,134822,,
DASS SEST714013195896100CM1585579315851846NBR328304620260625-1,OK,DASS SEST,7,140131,1425163,95896,ATAC. MR140014 6MM RECICLADO COR 6163/PET [9a52920a-0f80-4d24-bb90-155909e73f4a],100CM,15855793,12,15851846NBR3283046,25/06/2026,28/09/2026,62,27/07/2026,902161,,9a52920a-0f80-4d24-bb90-155909e73f4a,NIKE,134822,,
DASS SEST714013195896105CM1585579315851846NBR328304620260625-1,OK,DASS SEST,7,140131,1425163,95896,ATAC. MR140014 6MM RECICLADO COR 6163/PET [939a0d8b-c228-47fe-abc1-396a622411b9],105CM,15855793,366,15851846NBR3283046,25/06/2026,28/09/2026,62,27/07/2026,902162,,939a0d8b-c228-47fe-abc1-396a622411b9,NIKE,134822,,
DASS SEST714013195896110CM1585579315851846NBR328304620260625-1,OK,DASS SEST,7,140131,1425163,95896,ATAC. MR140014 6MM RECICLADO COR 6163/PET [ae8840df-0221-4de2-b051-2badf7879411],110CM,15855793,554,15851846NBR3283046,25/06/2026,28/09/2026,62,27/07/2026,902163,,ae8840df-0221-4de2-b051-2badf7879411,NIKE,134822,,
DASS SEST714013195896115CM1585579315851846NBR328304620260625-1,OK,DASS SEST,7,140131,1425163,95896,ATAC. MR140014 6MM RECICLADO COR 6163/PET [6faf5c38-48d9-47a2-a918-79e6f77d83b3],115CM,15855793,72,15851846NBR3283046,25/06/2026,28/09/2026,62,27/07/2026,902164,,6faf5c38-48d9-47a2-a918-79e6f77d83b3,NIKE,134822,,
DASS SEST714013188668110CM1585579315851834NBR328302920260625-1,OK,DASS SEST,7,140131,1304277,88668,ATAC. MR110022 7MM RECICLADO COR 4085/PET / COR 496/PET [0d8bdaea-c51b-4bc0-880b-ecc535de7a91],110CM,15855793,270,15851834NBR3283029,25/06/2026,28/09/2026,62,27/07/2026,902165,,0d8bdaea-c51b-4bc0-880b-ecc535de7a91,NIKE,134822,,
DASS SEST714013188668110CM1585579315851835NBR328303020260625-1,OK,DASS SEST,7,140131,1304277,88668,ATAC. MR110022 7MM RECICLADO COR 4085/PET / COR 496/PET [7eb3aa9b-eb77-449b-bf92-23ebefbc5a4d],110CM,15855793,276,15851835NBR3283030,25/06/2026,28/09/2026,62,27/07/2026,902166,,7eb3aa9b-eb77-449b-bf92-23ebefbc5a4d,NIKE,134822,,
DASS SEST714013188668110CM1585579315851836NBR328309220260625-1,OK,DASS SEST,7,140131,1304277,88668,ATAC. MR110022 7MM RECICLADO COR 4085/PET / COR 496/PET [775bed2e-4055-4ee3-81dd-9009ac4e125d],110CM,15855793,1088,15851836NBR3283092,25/06/2026,28/09/2026,62,27/07/2026,902167,,775bed2e-4055-4ee3-81dd-9009ac4e125d,NIKE,134822,,
DASS SEST714013188668110CM1585579315851837NBR328309320260625-1,OK,DASS SEST,7,140131,1304277,88668,ATAC. MR110022 7MM RECICLADO COR 4085/PET / COR 496/PET [4574095f-c0f3-4f6f-8f10-561407d90eef],110CM,15855793,992,15851837NBR3283093,25/06/2026,28/09/2026,62,27/07/2026,902168,,4574095f-c0f3-4f6f-8f10-561407d90eef,NIKE,134822,,
DASS SEST714013188668110CM1585579315851838NBR328309420260625-1,OK,DASS SEST,7,140131,1304277,88668,ATAC. MR110022 7MM RECICLADO COR 4085/PET / COR 496/PET [066a34c8-7eb3-4856-ba6f-813963979044],110CM,15855793,638,15851838NBR3283094,25/06/2026,28/09/2026,62,27/07/2026,902169,,066a34c8-7eb3-4856-ba6f-813963979044,NIKE,134822,,
DASS SEST714013188668110CM1585579315851839NBR328309420260625-1,OK,DASS SEST,7,140131,1304277,88668,ATAC. MR110022 7MM RECICLADO COR 4085/PET / COR 496/PET [cf182052-2b61-42a3-a1f8-eb11506e840a],110CM,15855793,696,15851839NBR3283094,25/06/2026,28/09/2026,62,27/07/2026,902170,,cf182052-2b61-42a3-a1f8-eb11506e840a,NIKE,134822,,
DASS SEST714013188668110CM1585579315851832NBR328310620260625-1,OK,DASS SEST,7,140131,1304277,88668,ATAC. MR110022 7MM RECICLADO COR 4085/PET / COR 496/PET [e7e2901f-5b38-4cd6-86bd-e3bfb580a599],110CM,15855793,192,15851832NBR3283106,25/06/2026,28/09/2026,62,27/07/2026,902171,,e7e2901f-5b38-4cd6-86bd-e3bfb580a599,NIKE,134822,,
DASS SEST714013188668110CM1585579315851833NBR328310620260625-1,OK,DASS SEST,7,140131,1304277,88668,ATAC. MR110022 7MM RECICLADO COR 4085/PET / COR 496/PET [e9c2d5d9-98ef-4432-a04f-b191288027de],110CM,15855793,228,15851833NBR3283106,25/06/2026,28/09/2026,62,27/07/2026,902172,,e9c2d5d9-98ef-4432-a04f-b191288027de,NIKE,134822,,
DASS SEST714013188668115CM1585579315851834NBR328302920260625-1,OK,DASS SEST,7,140131,1304277,88668,ATAC. MR110022 7MM RECICLADO COR 4085/PET / COR 496/PET [d03c9862-cd6d-4bcf-9084-8120b2ccf767],115CM,15855793,758,15851834NBR3283029,25/06/2026,28/09/2026,62,27/07/2026,902173,,d03c9862-cd6d-4bcf-9084-8120b2ccf767,NIKE,134822,,
DASS SEST714013188668115CM1585579315851835NBR328303020260625-1,OK,DASS SEST,7,140131,1304277,88668,ATAC. MR110022 7MM RECICLADO COR 4085/PET / COR 496/PET [b9a0d691-9b21-4c4b-99b5-1680f4feedf4],115CM,15855793,584,15851835NBR3283030,25/06/2026,28/09/2026,62,27/07/2026,902174,,b9a0d691-9b21-4c4b-99b5-1680f4feedf4,NIKE,134822,,
DASS SEST714013188668115CM1585579315851836NBR328309220260625-1,OK,DASS SEST,7,140131,1304277,88668,ATAC. MR110022 7MM RECICLADO COR 4085/PET / COR 496/PET [ae59e6e7-0d15-4df2-afe5-e604b7a608b3],115CM,15855793,72,15851836NBR3283092,25/06/2026,28/09/2026,62,27/07/2026,902175,,ae59e6e7-0d15-4df2-afe5-e604b7a608b3,NIKE,134822,,
DASS SEST714013188668115CM1585579315851837NBR328309320260625-1,OK,DASS SEST,7,140131,1304277,88668,ATAC. MR110022 7MM RECICLADO COR 4085/PET / COR 496/PET [aa8cb846-b100-4fe8-862e-64c09b016e8a],115CM,15855793,12,15851837NBR3283093,25/06/2026,28/09/2026,62,27/07/2026,902176,,aa8cb846-b100-4fe8-862e-64c09b016e8a,NIKE,134822,,
DASS SEST714013188668115CM1585579315851838NBR328309420260625-1,OK,DASS SEST,7,140131,1304277,88668,ATAC. MR110022 7MM RECICLADO COR 4085/PET / COR 496/PET [e853c733-1191-4b6d-8e1f-2c274c4379d2],115CM,15855793,48,15851838NBR3283094,25/06/2026,28/09/2026,62,27/07/2026,902177,,e853c733-1191-4b6d-8e1f-2c274c4379d2,NIKE,134822,,
DASS SEST714013188668115CM1585579315851839NBR328309420260625-1,OK,DASS SEST,7,140131,1304277,88668,ATAC. MR110022 7MM RECICLADO COR 4085/PET / COR 496/PET [c23829d9-13fe-4eb6-91ac-7a5d5a04a106],115CM,15855793,36,15851839NBR3283094,25/06/2026,28/09/2026,62,27/07/2026,902178,,c23829d9-13fe-4eb6-91ac-7a5d5a04a106,NIKE,134822,,
DASS SEST714013188668115CM1585579315851832NBR328310620260625-1,OK,DASS SEST,7,140131,1304277,88668,ATAC. MR110022 7MM RECICLADO COR 4085/PET / COR 496/PET [c94cddd4-9ecd-4fc5-9cf8-33c0f59238f6],115CM,15855793,560,15851832NBR3283106,25/06/2026,28/09/2026,62,27/07/2026,902179,,c94cddd4-9ecd-4fc5-9cf8-33c0f59238f6,NIKE,134822,,
DASS SEST714013188668115CM1585579315851833NBR328310620260625-1,OK,DASS SEST,7,140131,1304277,88668,ATAC. MR110022 7MM RECICLADO COR 4085/PET / COR 496/PET [73bf38aa-6691-45f3-aace-9833e032c365],115CM,15855793,588,15851833NBR3283106,25/06/2026,28/09/2026,62,27/07/2026,902180,,73bf38aa-6691-45f3-aace-9833e032c365,NIKE,134822,,
DASS SEST714013188668120CM1585579315851834NBR328302920260625-1,OK,DASS SEST,7,140131,1304277,88668,ATAC. MR110022 7MM RECICLADO COR 4085/PET / COR 496/PET [d399c582-5d74-4dd0-acb7-b45043200bdd],120CM,15855793,228,15851834NBR3283029,25/06/2026,28/09/2026,62,27/07/2026,902181,,d399c582-5d74-4dd0-acb7-b45043200bdd,NIKE,134822,,
DASS SEST714013188668120CM1585579315851835NBR328303020260625-1,OK,DASS SEST,7,140131,1304277,88668,ATAC. MR110022 7MM RECICLADO COR 4085/PET / COR 496/PET [47e760a3-0787-4f5c-987f-863c546e1a46],120CM,15855793,198,15851835NBR3283030,25/06/2026,28/09/2026,62,27/07/2026,902182,,47e760a3-0787-4f5c-987f-863c546e1a46,NIKE,134822,,
DASS SEST714013188668120CM1585579315851832NBR328310620260625-1,OK,DASS SEST,7,140131,1304277,88668,ATAC. MR110022 7MM RECICLADO COR 4085/PET / COR 496/PET [aa5ae672-0d26-4ed0-ab98-5113bc01e6be],120CM,15855793,156,15851832NBR3283106,25/06/2026,28/09/2026,62,27/07/2026,902183,,aa5ae672-0d26-4ed0-ab98-5113bc01e6be,NIKE,134822,,
DASS SEST714013188668120CM1585579315851833NBR328310620260625-1,OK,DASS SEST,7,140131,1304277,88668,ATAC. MR110022 7MM RECICLADO COR 4085/PET / COR 496/PET [231c2bde-98b9-49e4-83a5-34d443a2e5ba],120CM,15855793,186,15851833NBR3283106,25/06/2026,28/09/2026,62,27/07/2026,902184,,231c2bde-98b9-49e4-83a5-34d443a2e5ba,NIKE,134822,,
DASS SEST714019582628100CM1587267215868594NBR328315120260626-1,OK,DASS SEST,7,140195,1188919,82628,ATAC. MR140014 6MM RECICLADO COR 4085/PET [58fdcf54-e09b-4e33-9ca6-e3140bd7a3b5],100CM,15872672,252,15868594NBR3283151,26/06/2026,28/09/2026,62,27/07/2026,902185,,58fdcf54-e09b-4e33-9ca6-e3140bd7a3b5,NIKE,134945,,
DASS SEST714019582628100CM1587267215868595NBR328315120260626-1,OK,DASS SEST,7,140195,1188919,82628,ATAC. MR140014 6MM RECICLADO COR 4085/PET [00c10fee-48bd-44c3-a5a6-df449ee679bd],100CM,15872672,276,15868595NBR3283151,26/06/2026,28/09/2026,62,27/07/2026,902186,,00c10fee-48bd-44c3-a5a6-df449ee679bd,NIKE,134945,,
DASS SEST714019582628100CM1587267215868601NBR328315920260626-1,OK,DASS SEST,7,140195,1188919,82628,ATAC. MR140014 6MM RECICLADO COR 4085/PET [7416d671-1418-4ef0-9315-855717c54a81],100CM,15872672,252,15868601NBR3283159,26/06/2026,28/09/2026,62,27/07/2026,902187,,7416d671-1418-4ef0-9315-855717c54a81,NIKE,134945,,
DASS SEST714019582628100CM1587267215868602NBR328315920260626-1,OK,DASS SEST,7,140195,1188919,82628,ATAC. MR140014 6MM RECICLADO COR 4085/PET [7ff7184b-0802-49fa-88d6-a14a27b9d639],100CM,15872672,276,15868602NBR3283159,26/06/2026,28/09/2026,62,27/07/2026,902188,,7ff7184b-0802-49fa-88d6-a14a27b9d639,NIKE,134945,,
DASS SEST714019582628100CM1587267215868604NBR328316120260626-1,OK,DASS SEST,7,140195,1188919,82628,ATAC. MR140014 6MM RECICLADO COR 4085/PET [5faaf236-7743-48c8-8069-9314216cf3ce],100CM,15872672,252,15868604NBR3283161,26/06/2026,28/09/2026,62,27/07/2026,902189,,5faaf236-7743-48c8-8069-9314216cf3ce,NIKE,134945,,
DASS SEST714019582628100CM1587267215868605NBR328316120260626-1,OK,DASS SEST,7,140195,1188919,82628,ATAC. MR140014 6MM RECICLADO COR 4085/PET [2997722c-2912-4bdb-97af-305576f0cc07],100CM,15872672,276,15868605NBR3283161,26/06/2026,28/09/2026,62,27/07/2026,902190,,2997722c-2912-4bdb-97af-305576f0cc07,NIKE,134945,,
DASS SEST714019582628105CM1587267215868606NBR328306720260626-1,OK,DASS SEST,7,140195,1188919,82628,ATAC. MR140014 6MM RECICLADO COR 4085/PET [d7d3eb99-edb9-42ca-a214-6c5fbc1d7b28],105CM,15872672,324,15868606NBR3283067,26/06/2026,28/09/2026,62,27/07/2026,902191,,d7d3eb99-edb9-42ca-a214-6c5fbc1d7b28,NIKE,134945,,
DASS SEST714019582628105CM1587267215868594NBR328315120260626-1,OK,DASS SEST,7,140195,1188919,82628,ATAC. MR140014 6MM RECICLADO COR 4085/PET [c8603470-519e-465c-935c-40bccb7620ac],105CM,15872672,915,15868594NBR3283151,26/06/2026,28/09/2026,62,27/07/2026,902192,,c8603470-519e-465c-935c-40bccb7620ac,NIKE,134945,,
DASS SEST714019582628105CM1587267215868595NBR328315120260626-1,OK,DASS SEST,7,140195,1188919,82628,ATAC. MR140014 6MM RECICLADO COR 4085/PET [5e8974da-7c66-4985-b402-5c35083ddc58],105CM,15872672,954,15868595NBR3283151,26/06/2026,28/09/2026,62,27/07/2026,902193,,5e8974da-7c66-4985-b402-5c35083ddc58,NIKE,134945,,
DASS SEST714019582628105CM1587267215868601NBR328315920260626-1,OK,DASS SEST,7,140195,1188919,82628,ATAC. MR140014 6MM RECICLADO COR 4085/PET [b9d11700-95de-4d7f-8362-92097c15560a],105CM,15872672,915,15868601NBR3283159,26/06/2026,28/09/2026,62,27/07/2026,902194,,b9d11700-95de-4d7f-8362-92097c15560a,NIKE,134945,,
DASS SEST714019582628105CM1587267215868602NBR328315920260626-1,OK,DASS SEST,7,140195,1188919,82628,ATAC. MR140014 6MM RECICLADO COR 4085/PET [cbf8f8ad-03e4-41ea-bcb2-c4a1ce3f5f16],105CM,15872672,954,15868602NBR3283159,26/06/2026,28/09/2026,62,27/07/2026,902195,,cbf8f8ad-03e4-41ea-bcb2-c4a1ce3f5f16,NIKE,134945,,
DASS SEST714019582628105CM1587267215868604NBR328316120260626-1,OK,DASS SEST,7,140195,1188919,82628,ATAC. MR140014 6MM RECICLADO COR 4085/PET [16b1a2b2-df89-4616-b911-82f2f1b9c6b3],105CM,15872672,915,15868604NBR3283161,26/06/2026,28/09/2026,62,27/07/2026,902196,,16b1a2b2-df89-4616-b911-82f2f1b9c6b3,NIKE,134945,,
DASS SEST714019582628105CM1587267215868605NBR328316120260626-1,OK,DASS SEST,7,140195,1188919,82628,ATAC. MR140014 6MM RECICLADO COR 4085/PET [124aa92e-81dc-4e7c-89c6-b3102c435330],105CM,15872672,954,15868605NBR3283161,26/06/2026,28/09/2026,62,27/07/2026,902197,,124aa92e-81dc-4e7c-89c6-b3102c435330,NIKE,134945,,
DASS SEST714019582628105CM1587267215868591NBR328319320260626-1,OK,DASS SEST,7,140195,1188919,82628,ATAC. MR140014 6MM RECICLADO COR 4085/PET [43654a5c-8e41-49f0-88df-3c477285e913],105CM,15872672,348,15868591NBR3283193,26/06/2026,28/09/2026,62,27/07/2026,902198,,43654a5c-8e41-49f0-88df-3c477285e913,NIKE,134945,,
DASS SEST714019582628105CM1587267215868593NBR328319720260626-1,OK,DASS SEST,7,140195,1188919,82628,ATAC. MR140014 6MM RECICLADO COR 4085/PET [2215fa77-cabc-4fed-8492-5011297ae8d0],105CM,15872672,348,15868593NBR3283197,26/06/2026,28/09/2026,62,27/07/2026,902199,,2215fa77-cabc-4fed-8492-5011297ae8d0,NIKE,134945,,
DASS SEST714019582628110CM1587267215868606NBR328306720260626-1,OK,DASS SEST,7,140195,1188919,82628,ATAC. MR140014 6MM RECICLADO COR 4085/PET [4bbd46f0-a899-4e77-9c49-4dfdc20894fa],110CM,15872672,914,15868606NBR3283067,26/06/2026,28/09/2026,62,27/07/2026,902200,,4bbd46f0-a899-4e77-9c49-4dfdc20894fa,NIKE,134945,,
DASS SEST714019582628110CM1587267215868594NBR328315120260626-1,OK,DASS SEST,7,140195,1188919,82628,ATAC. MR140014 6MM RECICLADO COR 4085/PET [d67d332f-ec06-40f0-a936-74e773bb3880],110CM,15872672,18,15868594NBR3283151,26/06/2026,28/09/2026,62,27/07/2026,902201,,d67d332f-ec06-40f0-a936-74e773bb3880,NIKE,134945,,
DASS SEST714019582628110CM1587267215868595NBR328315120260626-1,OK,DASS SEST,7,140195,1188919,82628,ATAC. MR140014 6MM RECICLADO COR 4085/PET [ac748045-bb7f-464d-a398-80b6a20e6d15],110CM,15872672,24,15868595NBR3283151,26/06/2026,28/09/2026,62,27/07/2026,902202,,ac748045-bb7f-464d-a398-80b6a20e6d15,NIKE,134945,,
DASS SEST714019582628110CM1587267215868601NBR328315920260626-1,OK,DASS SEST,7,140195,1188919,82628,ATAC. MR140014 6MM RECICLADO COR 4085/PET [36e289a8-2436-4038-9be6-f1d74f9156af],110CM,15872672,18,15868601NBR3283159,26/06/2026,28/09/2026,62,27/07/2026,902203,,36e289a8-2436-4038-9be6-f1d74f9156af,NIKE,134945,,
DASS SEST714019582628110CM1587267215868602NBR328315920260626-1,OK,DASS SEST,7,140195,1188919,82628,ATAC. MR140014 6MM RECICLADO COR 4085/PET [4a41eea6-c48e-4250-87d8-ef6c4a539b8e],110CM,15872672,24,15868602NBR3283159,26/06/2026,28/09/2026,62,27/07/2026,902204,,4a41eea6-c48e-4250-87d8-ef6c4a539b8e,NIKE,134945,,
DASS SEST714019582628110CM1587267215868604NBR328316120260626-1,OK,DASS SEST,7,140195,1188919,82628,ATAC. MR140014 6MM RECICLADO COR 4085/PET [afbf168e-bfd2-4abf-99f7-63a965f6128c],110CM,15872672,18,15868604NBR3283161,26/06/2026,28/09/2026,62,27/07/2026,902205,,afbf168e-bfd2-4abf-99f7-63a965f6128c,NIKE,134945,,
DASS SEST714019582628110CM1587267215868605NBR328316120260626-1,OK,DASS SEST,7,140195,1188919,82628,ATAC. MR140014 6MM RECICLADO COR 4085/PET [f58454a8-1caf-41d4-95f7-cfd742c97783],110CM,15872672,24,15868605NBR3283161,26/06/2026,28/09/2026,62,27/07/2026,902206,,f58454a8-1caf-41d4-95f7-cfd742c97783,NIKE,134945,,
DASS SEST714019582628110CM1587267215868591NBR328319320260626-1,OK,DASS SEST,7,140195,1188919,82628,ATAC. MR140014 6MM RECICLADO COR 4085/PET [df21a6c4-69e4-4226-afb1-6d96445ee427],110CM,15872672,902,15868591NBR3283193,26/06/2026,28/09/2026,62,27/07/2026,902207,,df21a6c4-69e4-4226-afb1-6d96445ee427,NIKE,134945,,
DASS SEST714019582628110CM1587267215868593NBR328319720260626-1,OK,DASS SEST,7,140195,1188919,82628,ATAC. MR140014 6MM RECICLADO COR 4085/PET [1535a2f5-8af6-471a-96f6-1952689cc0a8],110CM,15872672,902,15868593NBR3283197,26/06/2026,28/09/2026,62,27/07/2026,902208,,1535a2f5-8af6-471a-96f6-1952689cc0a8,NIKE,134945,,
DASS SEST714019582628115CM1587267215868606NBR328306720260626-1,OK,DASS SEST,7,140195,1188919,82628,ATAC. MR140014 6MM RECICLADO COR 4085/PET [81ddc4a2-a6e2-4e6e-a35f-849431882f2e],115CM,15872672,300,15868606NBR3283067,26/06/2026,28/09/2026,62,27/07/2026,902209,,81ddc4a2-a6e2-4e6e-a35f-849431882f2e,NIKE,134945,,
DASS SEST714019582628115CM1587267215868591NBR328319320260626-1,OK,DASS SEST,7,140195,1188919,82628,ATAC. MR140014 6MM RECICLADO COR 4085/PET [d4a0f49a-1d6c-4709-b3d5-dcdebc0dd5a8],115CM,15872672,270,15868591NBR3283193,26/06/2026,28/09/2026,62,27/07/2026,902210,,d4a0f49a-1d6c-4709-b3d5-dcdebc0dd5a8,NIKE,134945,,
DASS SEST714019582628115CM1587267215868593NBR328319720260626-1,OK,DASS SEST,7,140195,1188919,82628,ATAC. MR140014 6MM RECICLADO COR 4085/PET [89c9f7f5-498d-4362-98cd-bb086143d053],115CM,15872672,270,15868593NBR3283197,26/06/2026,28/09/2026,62,27/07/2026,902211,,89c9f7f5-498d-4362-98cd-bb086143d053,NIKE,134945,,
DASS SEST714019585472100CM1587267215868632NBR328316420260626-1,OK,DASS SEST,7,140195,1269460,85472,ATAC. MR140014 6MM RECICLADO COR 5481/PET [02887bcf-303e-4656-83d9-bc5314529258],100CM,15872672,204,15868632NBR3283164,26/06/2026,28/09/2026,62,27/07/2026,902212,,02887bcf-303e-4656-83d9-bc5314529258,NIKE,134945,,
DASS SEST714019585472100CM1587267215868633NBR328316420260626-1,OK,DASS SEST,7,140195,1269460,85472,ATAC. MR140014 6MM RECICLADO COR 5481/PET [1980275f-02ca-4bb8-b8e7-8603792214d4],100CM,15872672,222,15868633NBR3283164,26/06/2026,28/09/2026,62,27/07/2026,902213,,1980275f-02ca-4bb8-b8e7-8603792214d4,NIKE,134945,,
DASS SEST714019585472105CM1587267215868632NBR328316420260626-1,OK,DASS SEST,7,140195,1269460,85472,ATAC. MR140014 6MM RECICLADO COR 5481/PET [93bb0a45-35f5-4ac1-83b0-1302a0ca0eac],105CM,15872672,783,15868632NBR3283164,26/06/2026,28/09/2026,62,27/07/2026,902214,,93bb0a45-35f5-4ac1-83b0-1302a0ca0eac,NIKE,134945,,
DASS SEST714019585472105CM1587267215868633NBR328316420260626-1,OK,DASS SEST,7,140195,1269460,85472,ATAC. MR140014 6MM RECICLADO COR 5481/PET [e799aa14-7f58-4cf9-9cb0-de0bd6cb1c4f],105CM,15872672,834,15868633NBR3283164,26/06/2026,28/09/2026,62,27/07/2026,902215,,e799aa14-7f58-4cf9-9cb0-de0bd6cb1c4f,NIKE,134945,,
DASS SEST714019585472110CM1587267215868632NBR328316420260626-1,OK,DASS SEST,7,140195,1269460,85472,ATAC. MR140014 6MM RECICLADO COR 5481/PET [690b696d-470d-44c3-ab75-7933306044e0],110CM,15872672,42,15868632NBR3283164,26/06/2026,28/09/2026,62,27/07/2026,902216,,690b696d-470d-44c3-ab75-7933306044e0,NIKE,134945,,
DASS SEST714019585472110CM1587267215868633NBR328316420260626-1,OK,DASS SEST,7,140195,1269460,85472,ATAC. MR140014 6MM RECICLADO COR 5481/PET [7967dcb0-51f8-4f2a-a1f4-1aad9fd062be],110CM,15872672,36,15868633NBR3283164,26/06/2026,28/09/2026,62,27/07/2026,902217,,7967dcb0-51f8-4f2a-a1f4-1aad9fd062be,NIKE,134945,,
DASS SEST714019586418100CM1587267215868634NBR328316520260626-1,OK,DASS SEST,7,140195,1278311,86418,ATAC. MR140014 6MM RECICLADO COR 4662/PET [ee942ae9-1dca-40af-927a-5940ad336cd2],100CM,15872672,180,15868634NBR3283165,26/06/2026,28/09/2026,62,27/07/2026,902218,,ee942ae9-1dca-40af-927a-5940ad336cd2,NIKE,134945,,
DASS SEST714019586418100CM1587267215868635NBR328316520260626-1,OK,DASS SEST,7,140195,1278311,86418,ATAC. MR140014 6MM RECICLADO COR 4662/PET [29e8f143-bf01-4ecd-9048-cce2bc97c0c4],100CM,15872672,192,15868635NBR3283165,26/06/2026,28/09/2026,62,27/07/2026,902219,,29e8f143-bf01-4ecd-9048-cce2bc97c0c4,NIKE,134945,,
DASS SEST714019586418105CM1587267215868608NBR328314520260626-1,OK,DASS SEST,7,140195,1278311,86418,ATAC. MR140014 6MM RECICLADO COR 4662/PET [cfadace0-4ac6-4a3c-ba7b-4fca5eb76d07],105CM,15872672,312,15868608NBR3283145,26/06/2026,28/09/2026,62,27/07/2026,902220,,cfadace0-4ac6-4a3c-ba7b-4fca5eb76d07,NIKE,134945,,
DASS SEST714019586418105CM1587267215868634NBR328316520260626-1,OK,DASS SEST,7,140195,1278311,86418,ATAC. MR140014 6MM RECICLADO COR 4662/PET [7811f89f-d976-4bb9-9ecc-65580510dc48],105CM,15872672,746,15868634NBR3283165,26/06/2026,28/09/2026,62,27/07/2026,902221,,7811f89f-d976-4bb9-9ecc-65580510dc48,NIKE,134945,,
DASS SEST714019586418105CM1587267215868635NBR328316520260626-1,OK,DASS SEST,7,140195,1278311,86418,ATAC. MR140014 6MM RECICLADO COR 4662/PET [358c9d6c-b5b2-4045-83aa-e28fc72d1471],105CM,15872672,774,15868635NBR3283165,26/06/2026,28/09/2026,62,27/07/2026,902222,,358c9d6c-b5b2-4045-83aa-e28fc72d1471,NIKE,134945,,
DASS SEST714019586418110CM1587267215868608NBR328314520260626-1,OK,DASS SEST,7,140195,1278311,86418,ATAC. MR140014 6MM RECICLADO COR 4662/PET [e4a91988-bf2e-473a-84bf-f096b73694c8],110CM,15872672,848,15868608NBR3283145,26/06/2026,28/09/2026,62,27/07/2026,902223,,e4a91988-bf2e-473a-84bf-f096b73694c8,NIKE,134945,,
DASS SEST714019586418110CM1587267215868634NBR328316520260626-1,OK,DASS SEST,7,140195,1278311,86418,ATAC. MR140014 6MM RECICLADO COR 4662/PET [9e02258d-cf6a-44a1-a706-3ddbd07e2e53],110CM,15872672,36,15868634NBR3283165,26/06/2026,28/09/2026,62,27/07/2026,902224,,9e02258d-cf6a-44a1-a706-3ddbd07e2e53,NIKE,134945,,
DASS SEST714019586418110CM1587267215868635NBR328316520260626-1,OK,DASS SEST,7,140195,1278311,86418,ATAC. MR140014 6MM RECICLADO COR 4662/PET [1508c6e3-6647-47c4-b49d-7236cdda2274],110CM,15872672,36,15868635NBR3283165,26/06/2026,28/09/2026,62,27/07/2026,902225,,1508c6e3-6647-47c4-b49d-7236cdda2274,NIKE,134945,,
DASS SEST714019586418115CM1587267215868608NBR328314520260626-1,OK,DASS SEST,7,140195,1278311,86418,ATAC. MR140014 6MM RECICLADO COR 4662/PET [2deaff98-35ab-495b-8540-9ecde624b204],115CM,15872672,126,15868608NBR3283145,26/06/2026,28/09/2026,62,27/07/2026,902226,,2deaff98-35ab-495b-8540-9ecde624b204,NIKE,134945,,
DASS SEST714029195945100CM1587498715868627NBR328316220260630-1,OK,DASS SEST,7,140291,1454466,95945,ATAC. MR140014 6MM RECICLADO COR 6248/PET [1cf863ff-670e-428f-b78d-d4adadec7224],100CM,15874987,240,15868627NBR3283162,30/06/2026,28/09/2026,62,27/07/2026,902227,,1cf863ff-670e-428f-b78d-d4adadec7224,NIKE,135013,,
DASS SEST714029195945100CM1587498715868628NBR328316220260630-1,OK,DASS SEST,7,140291,1454466,95945,ATAC. MR140014 6MM RECICLADO COR 6248/PET [ac1219c0-c125-4c1e-89bb-b430247eaa8f],100CM,15874987,252,15868628NBR3283162,30/06/2026,28/09/2026,62,27/07/2026,902228,,ac1219c0-c125-4c1e-89bb-b430247eaa8f,NIKE,135013,,
DASS SEST714029195945105CM1587498715868627NBR328316220260630-1,OK,DASS SEST,7,140291,1454466,95945,ATAC. MR140014 6MM RECICLADO COR 6248/PET [bdd1de31-f2b3-44e4-8a17-4222c6533ca5],105CM,15874987,843,15868627NBR3283162,30/06/2026,28/09/2026,62,27/07/2026,902229,,bdd1de31-f2b3-44e4-8a17-4222c6533ca5,NIKE,135013,,
DASS SEST714029195945105CM1587498715868628NBR328316220260630-1,OK,DASS SEST,7,140291,1454466,95945,ATAC. MR140014 6MM RECICLADO COR 6248/PET [cf63a5ea-3ab0-4782-a0d6-3b61c252089b],105CM,15874987,864,15868628NBR3283162,30/06/2026,28/09/2026,62,27/07/2026,902230,,cf63a5ea-3ab0-4782-a0d6-3b61c252089b,NIKE,135013,,
DASS SEST714029195945110CM1587498715868627NBR328316220260630-1,OK,DASS SEST,7,140291,1454466,95945,ATAC. MR140014 6MM RECICLADO COR 6248/PET [f54adcbf-45a0-41f2-8fe1-75f994ebe89c],110CM,15874987,30,15868627NBR3283162,30/06/2026,28/09/2026,62,27/07/2026,902231,,f54adcbf-45a0-41f2-8fe1-75f994ebe89c,NIKE,135013,,
DASS SEST714029195945110CM1587498715868628NBR328316220260630-1,OK,DASS SEST,7,140291,1454466,95945,ATAC. MR140014 6MM RECICLADO COR 6248/PET [f7504e75-6485-4cf9-b9a1-7611214994d9],110CM,15874987,24,15868628NBR3283162,30/06/2026,28/09/2026,62,27/07/2026,902232,,f7504e75-6485-4cf9-b9a1-7611214994d9,NIKE,135013,,
DASS SEST714075695284105CM1591518115903692NBR328316720260710-1,OK,DASS SEST,7,140756,1435014,95284,ATAC. MR140014 6MM RECICLADO COR 6182/PET [3f8f33c8-30df-4579-b18c-94caf06047eb],105CM,15915181,6,15903692NBR3283167,10/07/2026,28/09/2026,62,27/07/2026,902233,,3f8f33c8-30df-4579-b18c-94caf06047eb,NIKE,135473,,
DASS SEST714075695284110CM1591518115903692NBR328316720260710-1,OK,DASS SEST,7,140756,1435014,95284,ATAC. MR140014 6MM RECICLADO COR 6182/PET [2d6ad69e-a096-4a53-b368-260c3954fc2d],110CM,15915181,896,15903692NBR3283167,10/07/2026,28/09/2026,62,27/07/2026,902234,,2d6ad69e-a096-4a53-b368-260c3954fc2d,NIKE,135473,,
DASS SEST714075695284115CM1591518115903692NBR328316720260710-1,OK,DASS SEST,7,140756,1435014,95284,ATAC. MR140014 6MM RECICLADO COR 6182/PET [696b6cb5-6df0-4502-9eb2-e3955ffcbc19],115CM,15915181,144,15903692NBR3283167,10/07/2026,28/09/2026,62,27/07/2026,902235,,696b6cb5-6df0-4502-9eb2-e3955ffcbc19,NIKE,135473,,
DASS SEST714075686978105CM1591518115903736NBR328314620260710-1,OK,DASS SEST,7,140756,1299257,86978,ATAC. MR130027 6MM RECICLADO COR 4085/PET [bc3a93ed-834a-4dda-a397-8e7da7edbcb2],105CM,15915181,444,15903736NBR3283146,10/07/2026,28/09/2026,62,27/07/2026,902236,,bc3a93ed-834a-4dda-a397-8e7da7edbcb2,NIKE,135473,,
DASS SEST714075686978105CM1591518115903737NBR328314620260710-1,OK,DASS SEST,7,140756,1299257,86978,ATAC. MR130027 6MM RECICLADO COR 4085/PET [3ea685b4-ed90-4699-9318-f9e69bc5e36c],105CM,15915181,468,15903737NBR3283146,10/07/2026,28/09/2026,62,27/07/2026,902237,,3ea685b4-ed90-4699-9318-f9e69bc5e36c,NIKE,135473,,
DASS SEST714075686978110CM1591518115903736NBR328314620260710-1,OK,DASS SEST,7,140756,1299257,86978,ATAC. MR130027 6MM RECICLADO COR 4085/PET [d9d2fd89-3ae2-430c-98fd-768b924f5cbe],110CM,15915181,507,15903736NBR3283146,10/07/2026,28/09/2026,62,27/07/2026,902238,,d9d2fd89-3ae2-430c-98fd-768b924f5cbe,NIKE,135473,,
DASS SEST714075686978110CM1591518115903737NBR328314620260710-1,OK,DASS SEST,7,140756,1299257,86978,ATAC. MR130027 6MM RECICLADO COR 4085/PET [4779c11d-a2c0-420e-8c22-3a84a3d77ce1],110CM,15915181,534,15903737NBR3283146,10/07/2026,28/09/2026,62,27/07/2026,902239,,4779c11d-a2c0-420e-8c22-3a84a3d77ce1,NIKE,135473,,
DASS SEST714075686978115CM1591518115903736NBR328314620260710-1,OK,DASS SEST,7,140756,1299257,86978,ATAC. MR130027 6MM RECICLADO COR 4085/PET [21c9f8c0-661e-4839-b8fd-4d5c7932b480],115CM,15915181,36,15903736NBR3283146,10/07/2026,28/09/2026,62,27/07/2026,902240,,21c9f8c0-661e-4839-b8fd-4d5c7932b480,NIKE,135473,,
DASS SEST714075686978115CM1591518115903737NBR328314620260710-1,OK,DASS SEST,7,140756,1299257,86978,ATAC. MR130027 6MM RECICLADO COR 4085/PET [828ed8aa-e226-4f34-9697-ef8f27b95bb9],115CM,15915181,36,15903737NBR3283146,10/07/2026,28/09/2026,62,27/07/2026,902241,,828ed8aa-e226-4f34-9697-ef8f27b95bb9,NIKE,135473,,
DASS SEST714075688695105CM1591518115903743NBR328292120260710-1,OK,DASS SEST,7,140756,1301800,88695,ATAC. MR130027 6MM RECICLADO COR 4662/PET [84de2311-3eaa-40df-92cf-860e3de56557],105CM,15915181,612,15903743NBR3282921,10/07/2026,28/09/2026,62,27/07/2026,902242,,84de2311-3eaa-40df-92cf-860e3de56557,NIKE,135473,,
DASS SEST714075688695110CM1591518115903743NBR328292120260710-1,OK,DASS SEST,7,140756,1301800,88695,ATAC. MR130027 6MM RECICLADO COR 4662/PET [858e78dd-d662-41af-bbcc-7065e3475848],110CM,15915181,662,15903743NBR3282921,10/07/2026,28/09/2026,62,27/07/2026,902243,,858e78dd-d662-41af-bbcc-7065e3475848,NIKE,135473,,
DASS SEST714075688695115CM1591518115903743NBR328292120260710-1,OK,DASS SEST,7,140756,1301800,88695,ATAC. MR130027 6MM RECICLADO COR 4662/PET [01789d45-736c-423a-aee9-30485291cc5b],115CM,15915181,24,15903743NBR3282921,10/07/2026,28/09/2026,62,27/07/2026,902244,,01789d45-736c-423a-aee9-30485291cc5b,NIKE,135473,,
DASS SEST714075693450110CM1591518115903730NBR328314220260710-1,OK,DASS SEST,7,140756,1409834,93450,ATAC. MR130027 6MM RECICLADO COR 057/PET [d96a30c2-f090-46cc-a97b-c4018299c68f],110CM,15915181,192,15903730NBR3283142,10/07/2026,28/09/2026,62,27/07/2026,902245,,d96a30c2-f090-46cc-a97b-c4018299c68f,NIKE,135473,,
DASS SEST714075693450110CM1591518115903731NBR328314220260710-1,OK,DASS SEST,7,140756,1409834,93450,ATAC. MR130027 6MM RECICLADO COR 057/PET [f9e12733-083d-4722-bc74-8b449db2513e],110CM,15915181,228,15903731NBR3283142,10/07/2026,28/09/2026,62,27/07/2026,902246,,f9e12733-083d-4722-bc74-8b449db2513e,NIKE,135473,,
DASS SEST714075693450115CM1591518115903730NBR328314220260710-1,OK,DASS SEST,7,140756,1409834,93450,ATAC. MR130027 6MM RECICLADO COR 057/PET [aae2a8ed-00cf-4095-a000-d9eb467ba9fc],115CM,15915181,662,15903730NBR3283142,10/07/2026,28/09/2026,62,27/07/2026,902247,,aae2a8ed-00cf-4095-a000-d9eb467ba9fc,NIKE,135473,,
DASS SEST714075693450115CM1591518115903731NBR328314220260710-1,OK,DASS SEST,7,140756,1409834,93450,ATAC. MR130027 6MM RECICLADO COR 057/PET [1f0a0472-2374-4ace-b825-fda17430d859],115CM,15915181,660,15903731NBR3283142,10/07/2026,28/09/2026,62,27/07/2026,902248,,1f0a0472-2374-4ace-b825-fda17430d859,NIKE,135473,,
DASS SEST714075693450120CM1591518115903730NBR328314220260710-1,OK,DASS SEST,7,140756,1409834,93450,ATAC. MR130027 6MM RECICLADO COR 057/PET [1d1b11e4-b9c8-441c-a6a4-5d80a278f7d2],120CM,15915181,72,15903730NBR3283142,10/07/2026,28/09/2026,62,27/07/2026,902249,,1d1b11e4-b9c8-441c-a6a4-5d80a278f7d2,NIKE,135473,,
DASS SEST714075693450120CM1591518115903731NBR328314220260710-1,OK,DASS SEST,7,140756,1409834,93450,ATAC. MR130027 6MM RECICLADO COR 057/PET [f8b797e5-f7f1-4556-bb72-cfe247ea01e5],120CM,15915181,78,15903731NBR3283142,10/07/2026,28/09/2026,62,27/07/2026,902250,,f8b797e5-f7f1-4556-bb72-cfe247ea01e5,NIKE,135473,,
DASS SEST714075695893110CM1591518115903724NBR328290920260710-1,OK,DASS SEST,7,140756,1426514,95893,ATAC. MR130027 6MM RECICLADO COR 6249/PET [273bc073-1704-4166-bd58-77d6a88fbd20],110CM,15915181,270,15903724NBR3282909,10/07/2026,28/09/2026,62,27/07/2026,902251,,273bc073-1704-4166-bd58-77d6a88fbd20,NIKE,135473,,
DASS SEST714075695893115CM1591518115903724NBR328290920260710-1,OK,DASS SEST,7,140756,1426514,95893,ATAC. MR130027 6MM RECICLADO COR 6249/PET [a391a72a-6ea4-4410-9db4-47648ec460e0],115CM,15915181,758,15903724NBR3282909,10/07/2026,28/09/2026,62,27/07/2026,902252,,a391a72a-6ea4-4410-9db4-47648ec460e0,NIKE,135473,,
DASS SEST714075695893120CM1591518115903724NBR328290920260710-1,OK,DASS SEST,7,140756,1426514,95893,ATAC. MR130027 6MM RECICLADO COR 6249/PET [d55a5e9d-3b40-4ffa-9a7b-ea0078ee72c5],120CM,15915181,126,15903724NBR3282909,10/07/2026,28/09/2026,62,27/07/2026,902253,,d55a5e9d-3b40-4ffa-9a7b-ea0078ee72c5,NIKE,135473,,
DASS SEST714095596141105CM1594409615942990NBR328315620260720-1,NÃO,DASS SEST,7,140955,1425211,96141,ATAC. MR140014 6MM RECICLADO COR 6296/PET [808e54dc-6621-4a68-98e7-d6866606b11a],105CM,15944096,735,15942990NBR3283156,20/07/2026,28/09/2026,62,27/07/2026,902254,,808e54dc-6621-4a68-98e7-d6866606b11a,NIKE,135658,,
DASS SEST714095596141105CM1594409615942991NBR328315620260720-1,NÃO,DASS SEST,7,140955,1425211,96141,ATAC. MR140014 6MM RECICLADO COR 6296/PET [334e4261-2541-41b5-856b-746917fe6c50],105CM,15944096,762,15942991NBR3283156,20/07/2026,28/09/2026,62,27/07/2026,902255,,334e4261-2541-41b5-856b-746917fe6c50,NIKE,135658,,
DASS SEST714095596141110CM1594409615942990NBR328315620260720-1,NÃO,DASS SEST,7,140955,1425211,96141,ATAC. MR140014 6MM RECICLADO COR 6296/PET [6b78c318-64f9-4041-8ada-f57b432de64f],110CM,15944096,288,15942990NBR3283156,20/07/2026,28/09/2026,62,27/07/2026,902256,,6b78c318-64f9-4041-8ada-f57b432de64f,NIKE,135658,,
DASS SEST714095596141110CM1594409615942991NBR328315620260720-1,NÃO,DASS SEST,7,140955,1425211,96141,ATAC. MR140014 6MM RECICLADO COR 6296/PET [83aaa67b-e916-4f86-8d92-8ae133f0b737],110CM,15944096,318,15942991NBR3283156,20/07/2026,28/09/2026,62,27/07/2026,902257,,83aaa67b-e916-4f86-8d92-8ae133f0b737,NIKE,135658,,
DASS SEST714095591524115CM1594409615942975NBR328328720260720-1,OK,DASS SEST,7,140955,1341808,91524,ATAC. MR110012 8MM RECICLADO COR 5149/PET [1135264f-1ff8-4930-ac12-c978f5f27485],115CM,15944096,228,15942975NBR3283287,20/07/2026,28/09/2026,62,27/07/2026,902258,,1135264f-1ff8-4930-ac12-c978f5f27485,NIKE,135658,,
DASS SEST714095591524115CM1594409615942976NBR328328720260720-1,OK,DASS SEST,7,140955,1341808,91524,ATAC. MR110012 8MM RECICLADO COR 5149/PET [4648bbc1-6eb7-4c57-bf54-d936fbf0f1c6],115CM,15944096,258,15942976NBR3283287,20/07/2026,28/09/2026,62,27/07/2026,902259,,4648bbc1-6eb7-4c57-bf54-d936fbf0f1c6,NIKE,135658,,
DASS SEST714095591524120CM1594409615942975NBR328328720260720-1,OK,DASS SEST,7,140955,1341808,91524,ATAC. MR110012 8MM RECICLADO COR 5149/PET [da6eb758-88d6-47a8-9e77-4384b89d549b],120CM,15944096,680,15942975NBR3283287,20/07/2026,28/09/2026,62,27/07/2026,902260,,da6eb758-88d6-47a8-9e77-4384b89d549b,NIKE,135658,,
DASS SEST714095591524120CM1594409615942976NBR328328720260720-1,OK,DASS SEST,7,140955,1341808,91524,ATAC. MR110012 8MM RECICLADO COR 5149/PET [32d26bf9-6a50-43b5-b112-2471758e4f55],120CM,15944096,702,15942976NBR3283287,20/07/2026,28/09/2026,62,27/07/2026,902261,,32d26bf9-6a50-43b5-b112-2471758e4f55,NIKE,135658,,
DASS SEST714095592568115CM1594409615942953NBR328331020260720-1,OK,DASS SEST,7,140955,1027849,92568,ATAC. MR110012 8MM RECICLADO COR 4085/PET [f4c6429f-f0de-4817-8293-833a4861535e],115CM,15944096,300,15942953NBR3283310,20/07/2026,28/09/2026,62,27/07/2026,902262,,f4c6429f-f0de-4817-8293-833a4861535e,NIKE,135658,,
DASS SEST714095592568120CM1594409615942953NBR328331020260720-1,OK,DASS SEST,7,140955,1027849,92568,ATAC. MR110012 8MM RECICLADO COR 4085/PET [70ae4016-b70e-47c2-8e60-6a218a3769fa],120CM,15944096,854,15942953NBR3283310,20/07/2026,28/09/2026,62,27/07/2026,902263,,70ae4016-b70e-47c2-8e60-6a218a3769fa,NIKE,135658,,
DASS SEST71409817401410MM1595211220260720-1,OK,DASS SEST,7,140981,965421,74014,FITA MFGP C/ GOMA POLIESTER COR 4085 [6acb50cf-0422-481b-93bf-4e938fc2e878],10MM,15952112,180,0,20/07/2026,04/10/2026,68,27/07/2026,902264,,6acb50cf-0422-481b-93bf-4e938fc2e878,NIKE,135668,,
DASS SEST714010282628100CM1585579415851828NBR328304020260625-1,OK,DASS SEST,7,140102,1188919,82628,ATAC. MR140014 6MM RECICLADO COR 4085/PET [e112a700-7383-4cf2-80a6-f23e4a58c1d1],100CM,15855794,518,15851828NBR3283040,25/06/2026,05/10/2026,69,27/07/2026,902265,,e112a700-7383-4cf2-80a6-f23e4a58c1d1,NIKE,134791,,
DASS SEST714010282628100CM1585579415851829NBR328304020260625-1,OK,DASS SEST,7,140102,1188919,82628,ATAC. MR140014 6MM RECICLADO COR 4085/PET [264942bf-0578-4ce6-88b2-25a4e990d5cd],100CM,15855794,564,15851829NBR3283040,25/06/2026,05/10/2026,69,27/07/2026,902266,,264942bf-0578-4ce6-88b2-25a4e990d5cd,NIKE,134791,,
DASS SEST714010282628105CM1585579415851828NBR328304020260625-1,OK,DASS SEST,7,140102,1188919,82628,ATAC. MR140014 6MM RECICLADO COR 4085/PET [e8d3278c-b13f-4ab5-b859-8b26b19e80e2],105CM,15855794,270,15851828NBR3283040,25/06/2026,05/10/2026,69,27/07/2026,902267,,e8d3278c-b13f-4ab5-b859-8b26b19e80e2,NIKE,134791,,
DASS SEST714010282628105CM1585579415851829NBR328304020260625-1,OK,DASS SEST,7,140102,1188919,82628,ATAC. MR140014 6MM RECICLADO COR 4085/PET [41c235f0-9c24-4e35-a209-7651391f62fb],105CM,15855794,282,15851829NBR3283040,25/06/2026,05/10/2026,69,27/07/2026,902268,,41c235f0-9c24-4e35-a209-7651391f62fb,NIKE,134791,,
DASS SEST714010282628105CM1585579415851817NBR328318720260625-1,OK,DASS SEST,7,140102,1188919,82628,ATAC. MR140014 6MM RECICLADO COR 4085/PET [7f8d817c-a072-420b-b9b5-93b3df99c5e7],105CM,15855794,156,15851817NBR3283187,25/06/2026,05/10/2026,69,27/07/2026,902269,,7f8d817c-a072-420b-b9b5-93b3df99c5e7,NIKE,134791,,
DASS SEST714010282628105CM1585579415851818NBR328318720260625-1,OK,DASS SEST,7,140102,1188919,82628,ATAC. MR140014 6MM RECICLADO COR 4085/PET [14ea7ab2-43a8-4687-8f91-6928cd84d3f1],105CM,15855794,174,15851818NBR3283187,25/06/2026,05/10/2026,69,27/07/2026,902270,,14ea7ab2-43a8-4687-8f91-6928cd84d3f1,NIKE,134791,,
DASS SEST714010282628110CM1585579415851817NBR328318720260625-1,OK,DASS SEST,7,140102,1188919,82628,ATAC. MR140014 6MM RECICLADO COR 4085/PET [68566661-aefd-485f-ad0d-afc53b17a199],110CM,15855794,464,15851817NBR3283187,25/06/2026,05/10/2026,69,27/07/2026,902271,,68566661-aefd-485f-ad0d-afc53b17a199,NIKE,134791,,
DASS SEST714010282628110CM1585579415851818NBR328318720260625-1,OK,DASS SEST,7,140102,1188919,82628,ATAC. MR140014 6MM RECICLADO COR 4085/PET [4afc745d-706c-4b3f-9c9a-39485bd46d3f],110CM,15855794,462,15851818NBR3283187,25/06/2026,05/10/2026,69,27/07/2026,902272,,4afc745d-706c-4b3f-9c9a-39485bd46d3f,NIKE,134791,,
DASS SEST714010282628115CM1585579415851817NBR328318720260625-1,OK,DASS SEST,7,140102,1188919,82628,ATAC. MR140014 6MM RECICLADO COR 4085/PET [74ac100c-9161-4e54-a78d-0b7a96e01300],115CM,15855794,180,15851817NBR3283187,25/06/2026,05/10/2026,69,27/07/2026,902273,,74ac100c-9161-4e54-a78d-0b7a96e01300,NIKE,134791,,
DASS SEST714010282628115CM1585579415851818NBR328318720260625-1,OK,DASS SEST,7,140102,1188919,82628,ATAC. MR140014 6MM RECICLADO COR 4085/PET [34afa9f7-c1d0-4118-88ae-cfd51ce56ea4],115CM,15855794,192,15851818NBR3283187,25/06/2026,05/10/2026,69,27/07/2026,902274,,34afa9f7-c1d0-4118-88ae-cfd51ce56ea4,NIKE,134791,,
DASS SEST714010284943100CM1585579415851830NBR328289120260625-1,OK,DASS SEST,7,140102,1241008,84943,ATAC. MR140014 6MM RECICLADO COR 4021/PET [c3d9820f-aa24-42d7-869a-e5e68f6a789c],100CM,15855794,518,15851830NBR3282891,25/06/2026,05/10/2026,69,27/07/2026,902275,,c3d9820f-aa24-42d7-869a-e5e68f6a789c,NIKE,134791,,
DASS SEST714010284943100CM1585579415851831NBR328289120260625-1,OK,DASS SEST,7,140102,1241008,84943,ATAC. MR140014 6MM RECICLADO COR 4021/PET [0bcfa569-0eba-40f3-8eb9-1c99bd2b5d17],100CM,15855794,552,15851831NBR3282891,25/06/2026,05/10/2026,69,27/07/2026,902276,,0bcfa569-0eba-40f3-8eb9-1c99bd2b5d17,NIKE,134791,,
DASS SEST714010284943105CM1585579415851830NBR328289120260625-1,OK,DASS SEST,7,140102,1241008,84943,ATAC. MR140014 6MM RECICLADO COR 4021/PET [90e76fa4-6a5b-4643-862f-5e6732283a5d],105CM,15855794,270,15851830NBR3282891,25/06/2026,05/10/2026,69,27/07/2026,902277,,90e76fa4-6a5b-4643-862f-5e6732283a5d,NIKE,134791,,
DASS SEST714010284943105CM1585579415851831NBR328289120260625-1,OK,DASS SEST,7,140102,1241008,84943,ATAC. MR140014 6MM RECICLADO COR 4021/PET [764601f4-12d5-46bb-812c-cdccc453e61f],105CM,15855794,276,15851831NBR3282891,25/06/2026,05/10/2026,69,27/07/2026,902278,,764601f4-12d5-46bb-812c-cdccc453e61f,NIKE,134791,,
DASS SEST71401038262418MM1585680420260625-1,OK,DASS SEST,7,140103,1220520,82624,FITA MR100037 C/ GOMA RECICLADO COR 100/PET [166488d3-0aca-4587-bb1b-3326f904d117],18MM,15856804,560,0,25/06/2026,05/10/2026,69,27/07/2026,902279,,166488d3-0aca-4587-bb1b-3326f904d117,NIKE,134792,,
DASS SEST714019682628100CM1587267315868596NBR328315820260626-1,OK,DASS SEST,7,140196,1188919,82628,ATAC. MR140014 6MM RECICLADO COR 4085/PET [b5288f01-54ba-4608-a0bc-142d9b2900ee],100CM,15872673,168,15868596NBR3283158,26/06/2026,05/10/2026,69,27/07/2026,902280,,b5288f01-54ba-4608-a0bc-142d9b2900ee,NIKE,134946,,
DASS SEST714019682628100CM1587267315868599NBR328315820260626-1,OK,DASS SEST,7,140196,1188919,82628,ATAC. MR140014 6MM RECICLADO COR 4085/PET [f722aabe-608b-4db7-aae8-401c53d1c29a],100CM,15872673,180,15868599NBR3283158,26/06/2026,05/10/2026,69,27/07/2026,902281,,f722aabe-608b-4db7-aae8-401c53d1c29a,NIKE,134946,,
DASS SEST714019682628100CM1587267315868603NBR328316020260626-1,OK,DASS SEST,7,140196,1188919,82628,ATAC. MR140014 6MM RECICLADO COR 4085/PET [6423caf1-fd51-46af-a010-43f151aef6f6],100CM,15872673,294,15868603NBR3283160,26/06/2026,05/10/2026,69,27/07/2026,902282,,6423caf1-fd51-46af-a010-43f151aef6f6,NIKE,134946,,
DASS SEST714019682628100CM1587267315868629NBR328316320260626-1,OK,DASS SEST,7,140196,1188919,82628,ATAC. MR140014 6MM RECICLADO COR 4085/PET [b52d28dd-242e-4f43-acac-460c8d4530fb],100CM,15872673,180,15868629NBR3283163,26/06/2026,05/10/2026,69,27/07/2026,902283,,b52d28dd-242e-4f43-acac-460c8d4530fb,NIKE,134946,,
DASS SEST714019682628100CM1587267315868630NBR328316320260626-1,OK,DASS SEST,7,140196,1188919,82628,ATAC. MR140014 6MM RECICLADO COR 4085/PET [15c2af72-0c91-4731-835f-6dfad1655b3f],100CM,15872673,180,15868630NBR3283163,26/06/2026,05/10/2026,69,27/07/2026,902284,,15c2af72-0c91-4731-835f-6dfad1655b3f,NIKE,134946,,
DASS SEST714019682628105CM1587267315868596NBR328315820260626-1,OK,DASS SEST,7,140196,1188919,82628,ATAC. MR140014 6MM RECICLADO COR 4085/PET [9e6fe227-8e18-4fd9-b5e7-ed05ad6ef348],105CM,15872673,638,15868596NBR3283158,26/06/2026,05/10/2026,69,27/07/2026,902285,,9e6fe227-8e18-4fd9-b5e7-ed05ad6ef348,NIKE,134946,,
DASS SEST714019682628105CM1587267315868599NBR328315820260626-1,OK,DASS SEST,7,140196,1188919,82628,ATAC. MR140014 6MM RECICLADO COR 4085/PET [530269cb-658f-4fb6-beea-0e0a92949cd4],105CM,15872673,660,15868599NBR3283158,26/06/2026,05/10/2026,69,27/07/2026,902286,,530269cb-658f-4fb6-beea-0e0a92949cd4,NIKE,134946,,
DASS SEST714019682628105CM1587267315868603NBR328316020260626-1,OK,DASS SEST,7,140196,1188919,82628,ATAC. MR140014 6MM RECICLADO COR 4085/PET [b6a3b38e-dcaf-4fd3-a2ae-3607a3348d0c],105CM,15872673,902,15868603NBR3283160,26/06/2026,05/10/2026,69,27/07/2026,902287,,b6a3b38e-dcaf-4fd3-a2ae-3607a3348d0c,NIKE,134946,,
DASS SEST714019682628105CM1587267315868629NBR328316320260626-1,OK,DASS SEST,7,140196,1188919,82628,ATAC. MR140014 6MM RECICLADO COR 4085/PET [1113fff2-e718-4b06-b237-0e17c21c8365],105CM,15872673,758,15868629NBR3283163,26/06/2026,05/10/2026,69,27/07/2026,902288,,1113fff2-e718-4b06-b237-0e17c21c8365,NIKE,134946,,
DASS SEST714019682628105CM1587267315868630NBR328316320260626-1,OK,DASS SEST,7,140196,1188919,82628,ATAC. MR140014 6MM RECICLADO COR 4085/PET [131462e0-1b7a-4a9c-8fe9-574ef2d7179c],105CM,15872673,786,15868630NBR3283163,26/06/2026,05/10/2026,69,27/07/2026,902289,,131462e0-1b7a-4a9c-8fe9-574ef2d7179c,NIKE,134946,,
DASS SEST714019682628105CM1587267315868592NBR328319420260626-1,OK,DASS SEST,7,140196,1188919,82628,ATAC. MR140014 6MM RECICLADO COR 4085/PET [ab26214a-091e-4b3a-bc94-8ec32c962dbe],105CM,15872673,348,15868592NBR3283194,26/06/2026,05/10/2026,69,27/07/2026,902290,,ab26214a-091e-4b3a-bc94-8ec32c962dbe,NIKE,134946,,
DASS SEST714019682628110CM1587267315868596NBR328315820260626-1,OK,DASS SEST,7,140196,1188919,82628,ATAC. MR140014 6MM RECICLADO COR 4085/PET [82c59439-2514-4580-986f-f629d443e5d0],110CM,15872673,36,15868596NBR3283158,26/06/2026,05/10/2026,69,27/07/2026,902291,,82c59439-2514-4580-986f-f629d443e5d0,NIKE,134946,,
DASS SEST714019682628110CM1587267315868599NBR328315820260626-1,OK,DASS SEST,7,140196,1188919,82628,ATAC. MR140014 6MM RECICLADO COR 4085/PET [71a871e2-f98d-4d0a-8a07-6efedc99c9d2],110CM,15872673,24,15868599NBR3283158,26/06/2026,05/10/2026,69,27/07/2026,902292,,71a871e2-f98d-4d0a-8a07-6efedc99c9d2,NIKE,134946,,
DASS SEST714019682628110CM1587267315868603NBR328316020260626-1,OK,DASS SEST,7,140196,1188919,82628,ATAC. MR140014 6MM RECICLADO COR 4085/PET [6deacc54-895e-4ab3-bb61-a27c7f3ca65b],110CM,15872673,12,15868603NBR3283160,26/06/2026,05/10/2026,69,27/07/2026,902293,,6deacc54-895e-4ab3-bb61-a27c7f3ca65b,NIKE,134946,,
DASS SEST714019682628110CM1587267315868629NBR328316320260626-1,OK,DASS SEST,7,140196,1188919,82628,ATAC. MR140014 6MM RECICLADO COR 4085/PET [1d7432d0-75e2-43cf-96ff-dcd1226acfca],110CM,15872673,36,15868629NBR3283163,26/06/2026,05/10/2026,69,27/07/2026,902294,,1d7432d0-75e2-43cf-96ff-dcd1226acfca,NIKE,134946,,
DASS SEST714019682628110CM1587267315868630NBR328316320260626-1,OK,DASS SEST,7,140196,1188919,82628,ATAC. MR140014 6MM RECICLADO COR 4085/PET [8b317948-551a-4638-a966-e6cfb1821efb],110CM,15872673,36,15868630NBR3283163,26/06/2026,05/10/2026,69,27/07/2026,902295,,8b317948-551a-4638-a966-e6cfb1821efb,NIKE,134946,,
DASS SEST714019682628110CM1587267315868592NBR328319420260626-1,OK,DASS SEST,7,140196,1188919,82628,ATAC. MR140014 6MM RECICLADO COR 4085/PET [1603f1df-9963-4a3b-900c-e4d0741e4b1f],110CM,15872673,902,15868592NBR3283194,26/06/2026,05/10/2026,69,27/07/2026,902296,,1603f1df-9963-4a3b-900c-e4d0741e4b1f,NIKE,134946,,
DASS SEST714019682628115CM1587267315868592NBR328319420260626-1,OK,DASS SEST,7,140196,1188919,82628,ATAC. MR140014 6MM RECICLADO COR 4085/PET [49a49c01-f4c5-4e1a-885b-2ef593e78250],115CM,15872673,270,15868592NBR3283194,26/06/2026,05/10/2026,69,27/07/2026,902297,,49a49c01-f4c5-4e1a-885b-2ef593e78250,NIKE,134946,,
DASS SEST714019685472100CM1587267315868631NBR328315320260626-1,OK,DASS SEST,7,140196,1269460,85472,ATAC. MR140014 6MM RECICLADO COR 5481/PET [f507138a-9ef0-4d22-b14b-26f0d5927343],100CM,15872673,282,15868631NBR3283153,26/06/2026,05/10/2026,69,27/07/2026,902298,,f507138a-9ef0-4d22-b14b-26f0d5927343,NIKE,134946,,
DASS SEST714019685472105CM1587267315868631NBR328315320260626-1,OK,DASS SEST,7,140196,1269460,85472,ATAC. MR140014 6MM RECICLADO COR 5481/PET [4def473c-02bd-4403-94f3-78d4b737405d],105CM,15872673,1010,15868631NBR3283153,26/06/2026,05/10/2026,69,27/07/2026,902299,,4def473c-02bd-4403-94f3-78d4b737405d,NIKE,134946,,
DASS SEST714019685472110CM1587267315868631NBR328315320260626-1,OK,DASS SEST,7,140196,1269460,85472,ATAC. MR140014 6MM RECICLADO COR 5481/PET [48351f3e-330e-4d3a-a4ec-481042fb102f],110CM,15872673,30,15868631NBR3283153,26/06/2026,05/10/2026,69,27/07/2026,902300,,48351f3e-330e-4d3a-a4ec-481042fb102f,NIKE,134946,,
DASS SEST714019695894105CM1587267315868612NBR328319220260626-1,OK,DASS SEST,7,140196,1425041,95894,ATAC. MR140014 6MM RECICLADO COR 6179/PET [addb9cf8-ff43-4ede-a1d4-2c42e3ca3568],105CM,15872673,156,15868612NBR3283192,26/06/2026,05/10/2026,69,27/07/2026,902301,,addb9cf8-ff43-4ede-a1d4-2c42e3ca3568,NIKE,134946,,
DASS SEST714019695894105CM1587267315868613NBR328319220260626-1,OK,DASS SEST,7,140196,1425041,95894,ATAC. MR140014 6MM RECICLADO COR 6179/PET [4f9c00aa-4fdf-4169-82c3-0ec523f15721],105CM,15872673,180,15868613NBR3283192,26/06/2026,05/10/2026,69,27/07/2026,902302,,4f9c00aa-4fdf-4169-82c3-0ec523f15721,NIKE,134946,,
DASS SEST714019695894105CM1587267315868615NBR328319520260626-1,OK,DASS SEST,7,140196,1425041,95894,ATAC. MR140014 6MM RECICLADO COR 6179/PET [68d8e1e8-0b34-4920-b97a-c5853833c03e],105CM,15872673,156,15868615NBR3283195,26/06/2026,05/10/2026,69,27/07/2026,902303,,68d8e1e8-0b34-4920-b97a-c5853833c03e,NIKE,134946,,
DASS SEST714019695894105CM1587267315868616NBR328319520260626-1,OK,DASS SEST,7,140196,1425041,95894,ATAC. MR140014 6MM RECICLADO COR 6179/PET [c9aa78fd-8810-4c4e-95f1-9e9e2fe9aeec],105CM,15872673,180,15868616NBR3283195,26/06/2026,05/10/2026,69,27/07/2026,902304,,c9aa78fd-8810-4c4e-95f1-9e9e2fe9aeec,NIKE,134946,,
DASS SEST714019695894110CM1587267315868612NBR328319220260626-1,OK,DASS SEST,7,140196,1425041,95894,ATAC. MR140014 6MM RECICLADO COR 6179/PET [3c300ee6-2351-4ab0-bf37-95e830e79cc7],110CM,15872673,488,15868612NBR3283192,26/06/2026,05/10/2026,69,27/07/2026,902305,,3c300ee6-2351-4ab0-bf37-95e830e79cc7,NIKE,134946,,
DASS SEST714019695894110CM1587267315868613NBR328319220260626-1,OK,DASS SEST,7,140196,1425041,95894,ATAC. MR140014 6MM RECICLADO COR 6179/PET [4ed0d2e4-6e05-4cff-a870-a1a84aff3a22],110CM,15872673,516,15868613NBR3283192,26/06/2026,05/10/2026,69,27/07/2026,902306,,4ed0d2e4-6e05-4cff-a870-a1a84aff3a22,NIKE,134946,,
DASS SEST714019695894110CM1587267315868615NBR328319520260626-1,OK,DASS SEST,7,140196,1425041,95894,ATAC. MR140014 6MM RECICLADO COR 6179/PET [e207093d-fd19-47ea-b413-742baf52d74c],110CM,15872673,488,15868615NBR3283195,26/06/2026,05/10/2026,69,27/07/2026,902307,,e207093d-fd19-47ea-b413-742baf52d74c,NIKE,134946,,
DASS SEST714019695894110CM1587267315868616NBR328319520260626-1,OK,DASS SEST,7,140196,1425041,95894,ATAC. MR140014 6MM RECICLADO COR 6179/PET [14ac7211-e308-4627-a14c-ae3fe4950d6e],110CM,15872673,516,15868616NBR3283195,26/06/2026,05/10/2026,69,27/07/2026,902308,,14ac7211-e308-4627-a14c-ae3fe4950d6e,NIKE,134946,,
DASS SEST714019695894115CM1587267315868612NBR328319220260626-1,OK,DASS SEST,7,140196,1425041,95894,ATAC. MR140014 6MM RECICLADO COR 6179/PET [8a59e262-cb19-4179-9c77-d42cd56d3fc3],115CM,15872673,120,15868612NBR3283192,26/06/2026,05/10/2026,69,27/07/2026,902309,,8a59e262-cb19-4179-9c77-d42cd56d3fc3,NIKE,134946,,
DASS SEST714019695894115CM1587267315868613NBR328319220260626-1,OK,DASS SEST,7,140196,1425041,95894,ATAC. MR140014 6MM RECICLADO COR 6179/PET [e3b46a3b-7463-459b-97d8-b95ed4ae47b7],115CM,15872673,156,15868613NBR3283192,26/06/2026,05/10/2026,69,27/07/2026,902310,,e3b46a3b-7463-459b-97d8-b95ed4ae47b7,NIKE,134946,,
DASS SEST714019695894115CM1587267315868615NBR328319520260626-1,OK,DASS SEST,7,140196,1425041,95894,ATAC. MR140014 6MM RECICLADO COR 6179/PET [ddaebafb-7fe5-4375-b23c-47d19dbeff7f],115CM,15872673,120,15868615NBR3283195,26/06/2026,05/10/2026,69,27/07/2026,902311,,ddaebafb-7fe5-4375-b23c-47d19dbeff7f,NIKE,134946,,
DASS SEST714019695894115CM1587267315868616NBR328319520260626-1,OK,DASS SEST,7,140196,1425041,95894,ATAC. MR140014 6MM RECICLADO COR 6179/PET [9da05d10-0c68-4102-827e-e2a33db86c1c],115CM,15872673,156,15868616NBR3283195,26/06/2026,05/10/2026,69,27/07/2026,902312,,9da05d10-0c68-4102-827e-e2a33db86c1c,NIKE,134946,,
DASS SEST714019695895105CM1587267315868619NBR328314420260626-1,OK,DASS SEST,7,140196,1425040,95895,ATAC. MR140014 6MM RECICLADO COR 6176/PET [6b91641e-efff-4dc5-a763-bdc56d8024c1],105CM,15872673,240,15868619NBR3283144,26/06/2026,05/10/2026,69,27/07/2026,902313,,6b91641e-efff-4dc5-a763-bdc56d8024c1,NIKE,134946,,
DASS SEST714019695895105CM1587267315868620NBR328314420260626-1,OK,DASS SEST,7,140196,1425040,95895,ATAC. MR140014 6MM RECICLADO COR 6176/PET [c17efe81-e389-4f39-a2af-b3bb16623d25],105CM,15872673,264,15868620NBR3283144,26/06/2026,05/10/2026,69,27/07/2026,902314,,c17efe81-e389-4f39-a2af-b3bb16623d25,NIKE,134946,,
DASS SEST714019695895105CM1587267315868621NBR328319620260626-1,OK,DASS SEST,7,140196,1425040,95895,ATAC. MR140014 6MM RECICLADO COR 6176/PET [a8de292d-8b59-42c3-b545-b0fc81273890],105CM,15872673,240,15868621NBR3283196,26/06/2026,05/10/2026,69,27/07/2026,902315,,a8de292d-8b59-42c3-b545-b0fc81273890,NIKE,134946,,
DASS SEST714019695895105CM1587267315868622NBR328319620260626-1,OK,DASS SEST,7,140196,1425040,95895,ATAC. MR140014 6MM RECICLADO COR 6176/PET [904d9c77-db4b-4f6d-9b0b-b9f15f18e9f3],105CM,15872673,264,15868622NBR3283196,26/06/2026,05/10/2026,69,27/07/2026,902316,,904d9c77-db4b-4f6d-9b0b-b9f15f18e9f3,NIKE,134946,,
DASS SEST714019695895110CM1587267315868619NBR328314420260626-1,OK,DASS SEST,7,140196,1425040,95895,ATAC. MR140014 6MM RECICLADO COR 6176/PET [e45b1074-a7ca-4ac3-8355-d2f2b5c6b508],110CM,15872673,596,15868619NBR3283144,26/06/2026,05/10/2026,69,27/07/2026,902317,,e45b1074-a7ca-4ac3-8355-d2f2b5c6b508,NIKE,134946,,
DASS SEST714019695895110CM1587267315868620NBR328314420260626-1,OK,DASS SEST,7,140196,1425040,95895,ATAC. MR140014 6MM RECICLADO COR 6176/PET [dab670de-da6f-4340-8ada-b740e8a83576],110CM,15872673,594,15868620NBR3283144,26/06/2026,05/10/2026,69,27/07/2026,902318,,dab670de-da6f-4340-8ada-b740e8a83576,NIKE,134946,,
DASS SEST714019695895110CM1587267315868621NBR328319620260626-1,OK,DASS SEST,7,140196,1425040,95895,ATAC. MR140014 6MM RECICLADO COR 6176/PET [0d65d107-fc24-482c-87cb-ea4aa948574e],110CM,15872673,596,15868621NBR3283196,26/06/2026,05/10/2026,69,27/07/2026,902319,,0d65d107-fc24-482c-87cb-ea4aa948574e,NIKE,134946,,
DASS SEST714019695895110CM1587267315868622NBR328319620260626-1,OK,DASS SEST,7,140196,1425040,95895,ATAC. MR140014 6MM RECICLADO COR 6176/PET [286664e6-1d28-4f6a-b989-7e42c514176d],110CM,15872673,594,15868622NBR3283196,26/06/2026,05/10/2026,69,27/07/2026,902320,,286664e6-1d28-4f6a-b989-7e42c514176d,NIKE,134946,,
DASS SEST714019695895115CM1587267315868619NBR328314420260626-1,OK,DASS SEST,7,140196,1425040,95895,ATAC. MR140014 6MM RECICLADO COR 6176/PET [8e97ccb4-f594-4790-bc91-268172c0a960],115CM,15872673,120,15868619NBR3283144,26/06/2026,05/10/2026,69,27/07/2026,902321,,8e97ccb4-f594-4790-bc91-268172c0a960,NIKE,134946,,
DASS SEST714019695895115CM1587267315868620NBR328314420260626-1,OK,DASS SEST,7,140196,1425040,95895,ATAC. MR140014 6MM RECICLADO COR 6176/PET [f4c8449f-b3d6-43fb-bbfa-8ce7fc3dca0a],115CM,15872673,138,15868620NBR3283144,26/06/2026,05/10/2026,69,27/07/2026,902322,,f4c8449f-b3d6-43fb-bbfa-8ce7fc3dca0a,NIKE,134946,,
DASS SEST714019695895115CM1587267315868621NBR328319620260626-1,OK,DASS SEST,7,140196,1425040,95895,ATAC. MR140014 6MM RECICLADO COR 6176/PET [8a3c47eb-a046-4c87-93f5-523f81e5ecda],115CM,15872673,120,15868621NBR3283196,26/06/2026,05/10/2026,69,27/07/2026,902323,,8a3c47eb-a046-4c87-93f5-523f81e5ecda,NIKE,134946,,
DASS SEST714019695895115CM1587267315868622NBR328319620260626-1,OK,DASS SEST,7,140196,1425040,95895,ATAC. MR140014 6MM RECICLADO COR 6176/PET [5cba39e5-f34e-4241-8230-3e732f9df197],115CM,15872673,138,15868622NBR3283196,26/06/2026,05/10/2026,69,27/07/2026,902324,,5cba39e5-f34e-4241-8230-3e732f9df197,NIKE,134946,,
DASS SEST714075786978110CM1591518215903678NBR328318920260710-1,OK,DASS SEST,7,140757,1299257,86978,ATAC. MR130027 6MM RECICLADO COR 4085/PET [488834de-2e5e-4265-b10b-92aa4212418f],110CM,15915182,222,15903678NBR3283189,10/07/2026,05/10/2026,69,27/07/2026,902325,,488834de-2e5e-4265-b10b-92aa4212418f,NIKE,135474,,
DASS SEST714075786978110CM1591518215903679NBR328318920260710-1,OK,DASS SEST,7,140757,1299257,86978,ATAC. MR130027 6MM RECICLADO COR 4085/PET [13d29e06-fef1-40ca-a33d-589be0956ff2],110CM,15915182,234,15903679NBR3283189,10/07/2026,05/10/2026,69,27/07/2026,902326,,13d29e06-fef1-40ca-a33d-589be0956ff2,NIKE,135474,,
DASS SEST714075786978115CM1591518215903678NBR328318920260710-1,OK,DASS SEST,7,140757,1299257,86978,ATAC. MR130027 6MM RECICLADO COR 4085/PET [a9b930c8-45bd-4986-8082-6c866aa5853d],115CM,15915182,615,15903678NBR3283189,10/07/2026,05/10/2026,69,27/07/2026,902327,,a9b930c8-45bd-4986-8082-6c866aa5853d,NIKE,135474,,
DASS SEST714075786978115CM1591518215903679NBR328318920260710-1,OK,DASS SEST,7,140757,1299257,86978,ATAC. MR130027 6MM RECICLADO COR 4085/PET [d89a1610-4b8a-402a-b675-f6b741ddce5b],115CM,15915182,636,15903679NBR3283189,10/07/2026,05/10/2026,69,27/07/2026,902328,,d89a1610-4b8a-402a-b675-f6b741ddce5b,NIKE,135474,,
DASS SEST714075786978120CM1591518215903678NBR328318920260710-1,OK,DASS SEST,7,140757,1299257,86978,ATAC. MR130027 6MM RECICLADO COR 4085/PET [5c82bb5d-42e2-40d3-9b98-281210c51098],120CM,15915182,156,15903678NBR3283189,10/07/2026,05/10/2026,69,27/07/2026,902329,,5c82bb5d-42e2-40d3-9b98-281210c51098,NIKE,135474,,
DASS SEST714075786978120CM1591518215903679NBR328318920260710-1,OK,DASS SEST,7,140757,1299257,86978,ATAC. MR130027 6MM RECICLADO COR 4085/PET [b70a1480-7d9e-4333-ad9f-84529cfb0628],120CM,15915182,162,15903679NBR3283189,10/07/2026,05/10/2026,69,27/07/2026,902330,,b70a1480-7d9e-4333-ad9f-84529cfb0628,NIKE,135474,,
DASS SEST714084996119110CM1592819615903715NBR328312720260715-1,OK,DASS SEST,7,140849,1451084,96119,ATAC. MR130027 6MM RECICLADO COR 5687/PET [78eb7e07-2327-49c1-8057-a869e0a21710],110CM,15928196,342,15903715NBR3283127,15/07/2026,05/10/2026,69,27/07/2026,902331,,78eb7e07-2327-49c1-8057-a869e0a21710,NIKE,135560,,
DASS SEST714084996119110CM1592819615903716NBR328318820260715-1,OK,DASS SEST,7,140849,1451084,96119,ATAC. MR130027 6MM RECICLADO COR 5687/PET [b02d743e-d565-494a-9f48-9b2ae87c9de0],110CM,15928196,192,15903716NBR3283188,15/07/2026,05/10/2026,69,27/07/2026,902332,,b02d743e-d565-494a-9f48-9b2ae87c9de0,NIKE,135560,,
DASS SEST714084996119110CM1592819615903717NBR328318820260715-1,OK,DASS SEST,7,140849,1451084,96119,ATAC. MR130027 6MM RECICLADO COR 5687/PET [3f68297f-3ca5-40b9-9f5b-b1c93f995f86],110CM,15928196,216,15903717NBR3283188,15/07/2026,05/10/2026,69,27/07/2026,902333,,3f68297f-3ca5-40b9-9f5b-b1c93f995f86,NIKE,135560,,
DASS SEST714084996119110CM1592819615903718NBR328319020260715-1,OK,DASS SEST,7,140849,1451084,96119,ATAC. MR130027 6MM RECICLADO COR 5687/PET [d39d5567-52fa-4532-8586-88bc92f6826d],110CM,15928196,192,15903718NBR3283190,15/07/2026,05/10/2026,69,27/07/2026,902334,,d39d5567-52fa-4532-8586-88bc92f6826d,NIKE,135560,,
DASS SEST714084996119110CM1592819615903719NBR328319020260715-1,OK,DASS SEST,7,140849,1451084,96119,ATAC. MR130027 6MM RECICLADO COR 5687/PET [fad306e5-dc34-4d0a-929f-8594f7f26d6a],110CM,15928196,216,15903719NBR3283190,15/07/2026,05/10/2026,69,27/07/2026,902335,,fad306e5-dc34-4d0a-929f-8594f7f26d6a,NIKE,135560,,
DASS SEST714084996119115CM1592819615903715NBR328312720260715-1,OK,DASS SEST,7,140849,1451084,96119,ATAC. MR130027 6MM RECICLADO COR 5687/PET [05a04e08-d24d-4c11-9d4d-f9028234933b],115CM,15928196,920,15903715NBR3283127,15/07/2026,05/10/2026,69,27/07/2026,902336,,05a04e08-d24d-4c11-9d4d-f9028234933b,NIKE,135560,,
DASS SEST714084996119115CM1592819615903716NBR328318820260715-1,OK,DASS SEST,7,140849,1451084,96119,ATAC. MR130027 6MM RECICLADO COR 5687/PET [ab465552-f9db-4d3b-87f3-e8f5d70d6d1d],115CM,15928196,536,15903716NBR3283188,15/07/2026,05/10/2026,69,27/07/2026,902337,,ab465552-f9db-4d3b-87f3-e8f5d70d6d1d,NIKE,135560,,
DASS SEST714084996119115CM1592819615903717NBR328318820260715-1,OK,DASS SEST,7,140849,1451084,96119,ATAC. MR130027 6MM RECICLADO COR 5687/PET [66e2bcbc-5569-4d9b-b0ff-ae5fba53dbdb],115CM,15928196,528,15903717NBR3283188,15/07/2026,05/10/2026,69,27/07/2026,902338,,66e2bcbc-5569-4d9b-b0ff-ae5fba53dbdb,NIKE,135560,,
DASS SEST714084996119115CM1592819615903718NBR328319020260715-1,OK,DASS SEST,7,140849,1451084,96119,ATAC. MR130027 6MM RECICLADO COR 5687/PET [a22b84e5-1c5d-4991-a98c-9eb42f6abb98],115CM,15928196,536,15903718NBR3283190,15/07/2026,05/10/2026,69,27/07/2026,902339,,a22b84e5-1c5d-4991-a98c-9eb42f6abb98,NIKE,135560,,
DASS SEST714084996119115CM1592819615903719NBR328319020260715-1,OK,DASS SEST,7,140849,1451084,96119,ATAC. MR130027 6MM RECICLADO COR 5687/PET [a7c3a1a4-681c-467c-8ebf-1ee2768665c5],115CM,15928196,528,15903719NBR3283190,15/07/2026,05/10/2026,69,27/07/2026,902340,,a7c3a1a4-681c-467c-8ebf-1ee2768665c5,NIKE,135560,,
DASS SEST714084996119120CM1592819615903715NBR328312720260715-1,OK,DASS SEST,7,140849,1451084,96119,ATAC. MR130027 6MM RECICLADO COR 5687/PET [58b4d36e-c317-4d2b-a50b-232b1061ad76],120CM,15928196,126,15903715NBR3283127,15/07/2026,05/10/2026,69,27/07/2026,902341,,58b4d36e-c317-4d2b-a50b-232b1061ad76,NIKE,135560,,
DASS SEST714084996119120CM1592819615903716NBR328318820260715-1,OK,DASS SEST,7,140849,1451084,96119,ATAC. MR130027 6MM RECICLADO COR 5687/PET [cd6db935-022c-4029-88c5-d77542f1a77f],120CM,15928196,120,15903716NBR3283188,15/07/2026,05/10/2026,69,27/07/2026,902342,,cd6db935-022c-4029-88c5-d77542f1a77f,NIKE,135560,,
DASS SEST714084996119120CM1592819615903717NBR328318820260715-1,OK,DASS SEST,7,140849,1451084,96119,ATAC. MR130027 6MM RECICLADO COR 5687/PET [332adbad-5816-403c-953a-cc88b110a974],120CM,15928196,138,15903717NBR3283188,15/07/2026,05/10/2026,69,27/07/2026,902343,,332adbad-5816-403c-953a-cc88b110a974,NIKE,135560,,
DASS SEST714084996119120CM1592819615903718NBR328319020260715-1,OK,DASS SEST,7,140849,1451084,96119,ATAC. MR130027 6MM RECICLADO COR 5687/PET [2c59fd22-0e17-47bc-bba4-0a753cbff0cc],120CM,15928196,120,15903718NBR3283190,15/07/2026,05/10/2026,69,27/07/2026,902344,,2c59fd22-0e17-47bc-bba4-0a753cbff0cc,NIKE,135560,,
DASS SEST714084996119120CM1592819615903719NBR328319020260715-1,OK,DASS SEST,7,140849,1451084,96119,ATAC. MR130027 6MM RECICLADO COR 5687/PET [eb625a3d-8522-4e80-86f7-2fbe0491cb1a],120CM,15928196,138,15903719NBR3283190,15/07/2026,05/10/2026,69,27/07/2026,902345,,eb625a3d-8522-4e80-86f7-2fbe0491cb1a,NIKE,135560,,
DASS SEST714095282628105CM1594409815942981NBR328316620260717-1,OK,DASS SEST,7,140952,1188919,82628,ATAC. MR140014 6MM RECICLADO COR 4085/PET [05e2f189-687e-4d3e-906c-9f48000254e3],105CM,15944098,12,15942981NBR3283166,17/07/2026,05/10/2026,69,27/07/2026,902346,,05e2f189-687e-4d3e-906c-9f48000254e3,NIKE,135639,,
DASS SEST714095282628110CM1594409815942981NBR328316620260717-1,OK,DASS SEST,7,140952,1188919,82628,ATAC. MR140014 6MM RECICLADO COR 4085/PET [66b13ceb-46ce-4077-9d99-a7638e44f907],110CM,15944098,746,15942981NBR3283166,17/07/2026,05/10/2026,69,27/07/2026,902347,,66b13ceb-46ce-4077-9d99-a7638e44f907,NIKE,135639,,
DASS SEST714095282628110CM1594409815942982NBR328316620260717-1,OK,DASS SEST,7,140952,1188919,82628,ATAC. MR140014 6MM RECICLADO COR 4085/PET [d91ea7e6-c120-48f6-852e-00480e33050a],110CM,15944098,756,15942982NBR3283166,17/07/2026,05/10/2026,69,27/07/2026,902348,,d91ea7e6-c120-48f6-852e-00480e33050a,NIKE,135639,,
DASS SEST714095282628115CM1594409815942981NBR328316620260717-1,OK,DASS SEST,7,140952,1188919,82628,ATAC. MR140014 6MM RECICLADO COR 4085/PET [3b6b2dcc-9f27-4fa9-b9b5-5fca08a22400],115CM,15944098,156,15942981NBR3283166,17/07/2026,05/10/2026,69,27/07/2026,902349,,3b6b2dcc-9f27-4fa9-b9b5-5fca08a22400,NIKE,135639,,
DASS SEST714095282628115CM1594409815942982NBR328316620260717-1,OK,DASS SEST,7,140952,1188919,82628,ATAC. MR140014 6MM RECICLADO COR 4085/PET [05475fe1-de28-4675-bf34-2164409e0365],115CM,15944098,168,15942982NBR3283166,17/07/2026,05/10/2026,69,27/07/2026,902350,,05475fe1-de28-4675-bf34-2164409e0365,NIKE,135639,,
DASS SEST714095288798105CM1594409815942983NBR328314720260717-1,OK,DASS SEST,7,140952,1303189,88798,ATAC. MR140014 6MM RECICLADO COR 5645/PET [1e7f6094-4359-4aaa-a20e-f5f4a1b25ad4],105CM,15944098,6,15942983NBR3283147,17/07/2026,05/10/2026,69,27/07/2026,902351,,1e7f6094-4359-4aaa-a20e-f5f4a1b25ad4,NIKE,135639,,
DASS SEST714095288798110CM1594409815942983NBR328314720260717-1,OK,DASS SEST,7,140952,1303189,88798,ATAC. MR140014 6MM RECICLADO COR 5645/PET [488ec6a0-a6df-4261-bcb2-e86caa01d831],110CM,15944098,897,15942983NBR3283147,17/07/2026,05/10/2026,69,27/07/2026,902352,,488ec6a0-a6df-4261-bcb2-e86caa01d831,NIKE,135639,,
DASS SEST714095288798110CM1594409815942984NBR328314720260717-1,OK,DASS SEST,7,140952,1303189,88798,ATAC. MR140014 6MM RECICLADO COR 5645/PET [6dc6512e-7efc-4460-870b-5712e4381306],110CM,15944098,918,15942984NBR3283147,17/07/2026,05/10/2026,69,27/07/2026,902353,,6dc6512e-7efc-4460-870b-5712e4381306,NIKE,135639,,
DASS SEST714095288798115CM1594409815942983NBR328314720260717-1,OK,DASS SEST,7,140952,1303189,88798,ATAC. MR140014 6MM RECICLADO COR 5645/PET [14fb4553-e6d6-4aaa-8c5e-40f9dbcf3148],115CM,15944098,120,15942983NBR3283147,17/07/2026,05/10/2026,69,27/07/2026,902354,,14fb4553-e6d6-4aaa-8c5e-40f9dbcf3148,NIKE,135639,,
DASS SEST714095288798115CM1594409815942984NBR328314720260717-1,OK,DASS SEST,7,140952,1303189,88798,ATAC. MR140014 6MM RECICLADO COR 5645/PET [da9251ff-cc9b-45c0-a072-12aecde3a7d2],115CM,15944098,144,15942984NBR3283147,17/07/2026,05/10/2026,69,27/07/2026,902355,,da9251ff-cc9b-45c0-a072-12aecde3a7d2,NIKE,135639,,
DASS SEST71409827423715MM1595418720260720-1,OK,DASS SEST,7,140982,1181716,74237,FITA MR100001 C/ GOMA RECICLADO COR 4085/PET [34fe7f0c-b7c5-4ec6-b77a-a2dec1277161],15MM,15954187,620,0,20/07/2026,05/10/2026,69,27/07/2026,902356,,34fe7f0c-b7c5-4ec6-b77a-a2dec1277161,NIKE,135669,,
DASS SEST71409828262515MM1595418720260720-1,OK,DASS SEST,7,140982,1194659,82625,FITA MR100001 C/ GOMA RECICLADO COR 4593/PET [6488ab0c-e793-43ef-85fa-22fb13d0a0fb],15MM,15954187,360,0,20/07/2026,05/10/2026,69,27/07/2026,902357,,6488ab0c-e793-43ef-85fa-22fb13d0a0fb,NIKE,135669,,
DASS SEST714010482628100CM1585579515851819NBR328313920260625-1,OK,DASS SEST,7,140104,1188919,82628,ATAC. MR140014 6MM RECICLADO COR 4085/PET [9d8bb500-d5c4-40c1-8b2a-f98c6557b467],100CM,15855795,108,15851819NBR3283139,25/06/2026,13/10/2026,77,27/07/2026,902358,,9d8bb500-d5c4-40c1-8b2a-f98c6557b467,NIKE,134793,,
DASS SEST714010482628100CM1585579515851820NBR328313920260625-1,OK,DASS SEST,7,140104,1188919,82628,ATAC. MR140014 6MM RECICLADO COR 4085/PET [de18d402-9fe7-4e57-bf2e-518853ae9a09],100CM,15855795,126,15851820NBR3283139,25/06/2026,13/10/2026,77,27/07/2026,902359,,de18d402-9fe7-4e57-bf2e-518853ae9a09,NIKE,134793,,
DASS SEST714010482628100CM1585579515851821NBR328318520260625-1,OK,DASS SEST,7,140104,1188919,82628,ATAC. MR140014 6MM RECICLADO COR 4085/PET [d3e7b277-f5c9-45a6-a110-15b341dc310c],100CM,15855795,108,15851821NBR3283185,25/06/2026,13/10/2026,77,27/07/2026,902360,,d3e7b277-f5c9-45a6-a110-15b341dc310c,NIKE,134793,,
DASS SEST714010482628100CM1585579515851822NBR328318520260625-1,OK,DASS SEST,7,140104,1188919,82628,ATAC. MR140014 6MM RECICLADO COR 4085/PET [4a5d4208-05f7-4f53-93d5-cc682ad564d4],100CM,15855795,126,15851822NBR3283185,25/06/2026,13/10/2026,77,27/07/2026,902361,,4a5d4208-05f7-4f53-93d5-cc682ad564d4,NIKE,134793,,
DASS SEST714010482628105CM1585579515851819NBR328313920260625-1,OK,DASS SEST,7,140104,1188919,82628,ATAC. MR140014 6MM RECICLADO COR 4085/PET [ddbb4176-cda7-4af5-bf63-f1553fa4f5c5],105CM,15855795,782,15851819NBR3283139,25/06/2026,13/10/2026,77,27/07/2026,902362,,ddbb4176-cda7-4af5-bf63-f1553fa4f5c5,NIKE,134793,,
DASS SEST714010482628105CM1585579515851820NBR328313920260625-1,OK,DASS SEST,7,140104,1188919,82628,ATAC. MR140014 6MM RECICLADO COR 4085/PET [d1173ff5-599a-47c8-9188-a1b50b379836],105CM,15855795,810,15851820NBR3283139,25/06/2026,13/10/2026,77,27/07/2026,902363,,d1173ff5-599a-47c8-9188-a1b50b379836,NIKE,134793,,
DASS SEST714010482628105CM1585579515851821NBR328318520260625-1,OK,DASS SEST,7,140104,1188919,82628,ATAC. MR140014 6MM RECICLADO COR 4085/PET [4ac46db6-a575-4f11-af5a-e9f70114a2c0],105CM,15855795,782,15851821NBR3283185,25/06/2026,13/10/2026,77,27/07/2026,902364,,4ac46db6-a575-4f11-af5a-e9f70114a2c0,NIKE,134793,,
DASS SEST714010482628105CM1585579515851822NBR328318520260625-1,OK,DASS SEST,7,140104,1188919,82628,ATAC. MR140014 6MM RECICLADO COR 4085/PET [f3f19e48-8e72-4a38-885e-07258d72c284],105CM,15855795,810,15851822NBR3283185,25/06/2026,13/10/2026,77,27/07/2026,902365,,f3f19e48-8e72-4a38-885e-07258d72c284,NIKE,134793,,
DASS SEST714010482628110CM1585579515851819NBR328313920260625-1,OK,DASS SEST,7,140104,1188919,82628,ATAC. MR140014 6MM RECICLADO COR 4085/PET [5562503d-6aa1-4e70-9fcb-b22a7bd92894],110CM,15855795,48,15851819NBR3283139,25/06/2026,13/10/2026,77,27/07/2026,902366,,5562503d-6aa1-4e70-9fcb-b22a7bd92894,NIKE,134793,,
DASS SEST714010482628110CM1585579515851820NBR328313920260625-1,OK,DASS SEST,7,140104,1188919,82628,ATAC. MR140014 6MM RECICLADO COR 4085/PET [9de96033-f8f1-4b76-b80c-181e46da6397],110CM,15855795,48,15851820NBR3283139,25/06/2026,13/10/2026,77,27/07/2026,902367,,9de96033-f8f1-4b76-b80c-181e46da6397,NIKE,134793,,
DASS SEST714010482628110CM1585579515851821NBR328318520260625-1,OK,DASS SEST,7,140104,1188919,82628,ATAC. MR140014 6MM RECICLADO COR 4085/PET [fb82da4f-fb48-4c50-ac1c-55416486c606],110CM,15855795,48,15851821NBR3283185,25/06/2026,13/10/2026,77,27/07/2026,902368,,fb82da4f-fb48-4c50-ac1c-55416486c606,NIKE,134793,,
DASS SEST714010482628110CM1585579515851822NBR328318520260625-1,OK,DASS SEST,7,140104,1188919,82628,ATAC. MR140014 6MM RECICLADO COR 4085/PET [cea455a9-2430-4e0d-9b8b-d0aab0acf394],110CM,15855795,48,15851822NBR3283185,25/06/2026,13/10/2026,77,27/07/2026,902369,,cea455a9-2430-4e0d-9b8b-d0aab0acf394,NIKE,134793,,
DASS SEST714019182628105CM1587267415868607NBR328307420260626-1,OK,DASS SEST,7,140191,1188919,82628,ATAC. MR140014 6MM RECICLADO COR 4085/PET [749ca78f-bad2-4f93-8b03-5d0328a350a3],105CM,15872674,342,15868607NBR3283074,26/06/2026,13/10/2026,77,27/07/2026,902370,,749ca78f-bad2-4f93-8b03-5d0328a350a3,NIKE,134941,,
DASS SEST714019182628110CM1587267415868607NBR328307420260626-1,OK,DASS SEST,7,140191,1188919,82628,ATAC. MR140014 6MM RECICLADO COR 4085/PET [a05cded6-90dc-42f7-995a-c73f409bbda4],110CM,15872674,812,15868607NBR3283074,26/06/2026,13/10/2026,77,27/07/2026,902371,,a05cded6-90dc-42f7-995a-c73f409bbda4,NIKE,134941,,
DASS SEST714019182628115CM1587267415868607NBR328307420260626-1,OK,DASS SEST,7,140191,1188919,82628,ATAC. MR140014 6MM RECICLADO COR 4085/PET [91ab39a2-215c-41c9-891f-f8f60718c62f],115CM,15872674,300,15868607NBR3283074,26/06/2026,13/10/2026,77,27/07/2026,902372,,91ab39a2-215c-41c9-891f-f8f60718c62f,NIKE,134941,,
DASS SEST714019186418105CM1587267415868609NBR328319820260626-1,OK,DASS SEST,7,140191,1278311,86418,ATAC. MR140014 6MM RECICLADO COR 4662/PET [ec34554c-8788-4832-8c2d-c64d7367f55f],105CM,15872674,90,15868609NBR3283198,26/06/2026,13/10/2026,77,27/07/2026,902373,,ec34554c-8788-4832-8c2d-c64d7367f55f,NIKE,134941,,
DASS SEST714019186418105CM1587267415868610NBR328319820260626-1,OK,DASS SEST,7,140191,1278311,86418,ATAC. MR140014 6MM RECICLADO COR 4662/PET [b37c206a-3f5e-48cd-9386-54238bbaffdc],105CM,15872674,90,15868610NBR3283198,26/06/2026,13/10/2026,77,27/07/2026,902374,,b37c206a-3f5e-48cd-9386-54238bbaffdc,NIKE,134941,,
DASS SEST714019186418110CM1587267415868609NBR328319820260626-1,OK,DASS SEST,7,140191,1278311,86418,ATAC. MR140014 6MM RECICLADO COR 4662/PET [6148c053-b26c-4c09-93e4-6d57085edba9],110CM,15872674,614,15868609NBR3283198,26/06/2026,13/10/2026,77,27/07/2026,902375,,6148c053-b26c-4c09-93e4-6d57085edba9,NIKE,134941,,
DASS SEST714019186418110CM1587267415868610NBR328319820260626-1,OK,DASS SEST,7,140191,1278311,86418,ATAC. MR140014 6MM RECICLADO COR 4662/PET [8b920731-cfea-43dd-bba8-75d62bc367d4],110CM,15872674,624,15868610NBR3283198,26/06/2026,13/10/2026,77,27/07/2026,902376,,8b920731-cfea-43dd-bba8-75d62bc367d4,NIKE,134941,,
DASS SEST714019186418115CM1587267415868609NBR328319820260626-1,OK,DASS SEST,7,140191,1278311,86418,ATAC. MR140014 6MM RECICLADO COR 4662/PET [af23bbe6-ee0f-453f-92c3-2f415062ca21],115CM,15872674,216,15868609NBR3283198,26/06/2026,13/10/2026,77,27/07/2026,902377,,af23bbe6-ee0f-453f-92c3-2f415062ca21,NIKE,134941,,
DASS SEST714019186418115CM1587267415868610NBR328319820260626-1,OK,DASS SEST,7,140191,1278311,86418,ATAC. MR140014 6MM RECICLADO COR 4662/PET [adc650f4-61ac-40f3-b4cd-c21c9961be48],115CM,15872674,234,15868610NBR3283198,26/06/2026,13/10/2026,77,27/07/2026,902378,,adc650f4-61ac-40f3-b4cd-c21c9961be48,NIKE,134941,,
DASS SEST714019195894105CM1587267415868611NBR328312920260626-1,OK,DASS SEST,7,140191,1425041,95894,ATAC. MR140014 6MM RECICLADO COR 6179/PET [c5abcc1a-00fa-4120-b3c5-4631040c6d23],105CM,15872674,294,15868611NBR3283129,26/06/2026,13/10/2026,77,27/07/2026,902379,,c5abcc1a-00fa-4120-b3c5-4631040c6d23,NIKE,134941,,
DASS SEST714019195894110CM1587267415868611NBR328312920260626-1,OK,DASS SEST,7,140191,1425041,95894,ATAC. MR140014 6MM RECICLADO COR 6179/PET [7f3cf2fc-e5f6-415b-b4ee-503a5480ab25],110CM,15872674,860,15868611NBR3283129,26/06/2026,13/10/2026,77,27/07/2026,902380,,7f3cf2fc-e5f6-415b-b4ee-503a5480ab25,NIKE,134941,,
DASS SEST714019195894115CM1587267415868611NBR328312920260626-1,OK,DASS SEST,7,140191,1425041,95894,ATAC. MR140014 6MM RECICLADO COR 6179/PET [1dcdb289-cf23-468d-821d-40c2f127b711],115CM,15872674,246,15868611NBR3283129,26/06/2026,13/10/2026,77,27/07/2026,902381,,1dcdb289-cf23-468d-821d-40c2f127b711,NIKE,134941,,
DASS SEST714019195895105CM1587267415868617NBR328313020260626-1,OK,DASS SEST,7,140191,1425040,95895,ATAC. MR140014 6MM RECICLADO COR 6176/PET [5af4065b-4865-4f3c-917b-6e8098f06388],105CM,15872674,192,15868617NBR3283130,26/06/2026,13/10/2026,77,27/07/2026,902382,,5af4065b-4865-4f3c-917b-6e8098f06388,NIKE,134941,,
DASS SEST714019195895105CM1587267415868618NBR328313020260626-1,OK,DASS SEST,7,140191,1425040,95895,ATAC. MR140014 6MM RECICLADO COR 6176/PET [b7865ec5-4c21-45cc-b54b-35593856689f],105CM,15872674,240,15868618NBR3283130,26/06/2026,13/10/2026,77,27/07/2026,902383,,b7865ec5-4c21-45cc-b54b-35593856689f,NIKE,134941,,
DASS SEST714019195895110CM1587267415868617NBR328313020260626-1,OK,DASS SEST,7,140191,1425040,95895,ATAC. MR140014 6MM RECICLADO COR 6176/PET [5bdfe3ba-e39d-4994-9f8a-24bb6f865327],110CM,15872674,602,15868617NBR3283130,26/06/2026,13/10/2026,77,27/07/2026,902384,,5bdfe3ba-e39d-4994-9f8a-24bb6f865327,NIKE,134941,,
DASS SEST714019195895110CM1587267415868618NBR328313020260626-1,OK,DASS SEST,7,140191,1425040,95895,ATAC. MR140014 6MM RECICLADO COR 6176/PET [3dd3e0d0-50fa-4558-8df4-bd30096ef1c5],110CM,15872674,618,15868618NBR3283130,26/06/2026,13/10/2026,77,27/07/2026,902385,,3dd3e0d0-50fa-4558-8df4-bd30096ef1c5,NIKE,134941,,
DASS SEST714019195895115CM1587267415868617NBR328313020260626-1,OK,DASS SEST,7,140191,1425040,95895,ATAC. MR140014 6MM RECICLADO COR 6176/PET [cf5546a0-3c6d-498d-bc8c-f504132e37c6],115CM,15872674,156,15868617NBR3283130,26/06/2026,13/10/2026,77,27/07/2026,902386,,cf5546a0-3c6d-498d-bc8c-f504132e37c6,NIKE,134941,,
DASS SEST714019195895115CM1587267415868618NBR328313020260626-1,OK,DASS SEST,7,140191,1425040,95895,ATAC. MR140014 6MM RECICLADO COR 6176/PET [0ceab165-6681-4d6b-9118-92f584aa4fc8],115CM,15872674,162,15868618NBR3283130,26/06/2026,13/10/2026,77,27/07/2026,902387,,0ceab165-6681-4d6b-9118-92f584aa4fc8,NIKE,134941,,
DASS SEST71407587655595CM1591518415903690NBR328324920260710-1,OK,DASS SEST,7,140758,1070873,76555,ATAC. MR130011 5MM RECICLADO COR 4085 [25e9ce5c-4611-4e73-94c6-92ac8f103546],95CM,15915184,488,15903690NBR3283249,10/07/2026,13/10/2026,77,27/07/2026,902388,,25e9ce5c-4611-4e73-94c6-92ac8f103546,NIKE,135475,,
DASS SEST71407587655595CM1591518415903691NBR328325020260710-1,OK,DASS SEST,7,140758,1070873,76555,ATAC. MR130011 5MM RECICLADO COR 4085 [d8fc7b77-a723-44bf-bcda-731b90c328d1],95CM,15915184,584,15903691NBR3283250,10/07/2026,13/10/2026,77,27/07/2026,902389,,d8fc7b77-a723-44bf-bcda-731b90c328d1,NIKE,135475,,
DASS SEST714075876555100CM1591518415903690NBR328324920260710-1,OK,DASS SEST,7,140758,1070873,76555,ATAC. MR130011 5MM RECICLADO COR 4085 [9c4ae6b6-71b2-4b7d-9707-2009dfd3288e],100CM,15915184,642,15903690NBR3283249,10/07/2026,13/10/2026,77,27/07/2026,902390,,9c4ae6b6-71b2-4b7d-9707-2009dfd3288e,NIKE,135475,,
DASS SEST714075876555100CM1591518415903691NBR328325020260710-1,OK,DASS SEST,7,140758,1070873,76555,ATAC. MR130011 5MM RECICLADO COR 4085 [e9ecbc73-7a29-4739-91ad-7ea1935ce9e6],100CM,15915184,696,15903691NBR3283250,10/07/2026,13/10/2026,77,27/07/2026,902391,,e9ecbc73-7a29-4739-91ad-7ea1935ce9e6,NIKE,135475,,
DASS SEST714075882628100CM1591518415903668NBR328327420260710-1,OK,DASS SEST,7,140758,1188919,82628,ATAC. MR140014 6MM RECICLADO COR 4085/PET [af400f58-8952-4722-9d51-770f76f5c0cc],100CM,15915184,168,15903668NBR3283274,10/07/2026,13/10/2026,77,27/07/2026,902392,,af400f58-8952-4722-9d51-770f76f5c0cc,NIKE,135475,,
DASS SEST714075882628100CM1591518415903669NBR328327420260710-1,OK,DASS SEST,7,140758,1188919,82628,ATAC. MR140014 6MM RECICLADO COR 4085/PET [085f0fdf-c360-4b8e-ab48-5835f69220da],100CM,15915184,186,15903669NBR3283274,10/07/2026,13/10/2026,77,27/07/2026,902393,,085f0fdf-c360-4b8e-ab48-5835f69220da,NIKE,135475,,
DASS SEST714075882628105CM1591518415903656NBR328324820260710-1,OK,DASS SEST,7,140758,1188919,82628,ATAC. MR140014 6MM RECICLADO COR 4085/PET [9751b991-3e43-4dd0-a9cb-7e7789c227cf],105CM,15915184,66,15903656NBR3283248,10/07/2026,13/10/2026,77,27/07/2026,902394,,9751b991-3e43-4dd0-a9cb-7e7789c227cf,NIKE,135475,,
DASS SEST714075882628105CM1591518415903657NBR328324820260710-1,OK,DASS SEST,7,140758,1188919,82628,ATAC. MR140014 6MM RECICLADO COR 4085/PET [45b62227-8a0a-4dc1-b467-ee180ffe7030],105CM,15915184,78,15903657NBR3283248,10/07/2026,13/10/2026,77,27/07/2026,902395,,45b62227-8a0a-4dc1-b467-ee180ffe7030,NIKE,135475,,
DASS SEST714075882628105CM1591518415903658NBR328326920260710-1,OK,DASS SEST,7,140758,1188919,82628,ATAC. MR140014 6MM RECICLADO COR 4085/PET [c929e48e-cf6a-4862-845c-6e1bc156c937],105CM,15915184,168,15903658NBR3283269,10/07/2026,13/10/2026,77,27/07/2026,902396,,c929e48e-cf6a-4862-845c-6e1bc156c937,NIKE,135475,,
DASS SEST714075882628105CM1591518415903659NBR328326920260710-1,OK,DASS SEST,7,140758,1188919,82628,ATAC. MR140014 6MM RECICLADO COR 4085/PET [fea5e05a-5933-4f37-be02-ac2b5f4454d7],105CM,15915184,144,15903659NBR3283269,10/07/2026,13/10/2026,77,27/07/2026,902397,,fea5e05a-5933-4f37-be02-ac2b5f4454d7,NIKE,135475,,
DASS SEST714075882628105CM1591518415903661NBR328326920260710-1,OK,DASS SEST,7,140758,1188919,82628,ATAC. MR140014 6MM RECICLADO COR 4085/PET [1dc37cc4-b405-469c-a4a5-3b7215504fee],105CM,15915184,180,15903661NBR3283269,10/07/2026,13/10/2026,77,27/07/2026,902398,,1dc37cc4-b405-469c-a4a5-3b7215504fee,NIKE,135475,,
DASS SEST714075882628105CM1591518415903662NBR328327020260710-1,OK,DASS SEST,7,140758,1188919,82628,ATAC. MR140014 6MM RECICLADO COR 4085/PET [eaa4adf4-d91c-4a0b-910e-d5cc91ecd9ef],105CM,15915184,66,15903662NBR3283270,10/07/2026,13/10/2026,77,27/07/2026,902399,,eaa4adf4-d91c-4a0b-910e-d5cc91ecd9ef,NIKE,135475,,
DASS SEST714075882628105CM1591518415903663NBR328327020260710-1,OK,DASS SEST,7,140758,1188919,82628,ATAC. MR140014 6MM RECICLADO COR 4085/PET [b14c265b-acf4-4699-aca3-7e07f580a552],105CM,15915184,78,15903663NBR3283270,10/07/2026,13/10/2026,77,27/07/2026,902400,,b14c265b-acf4-4699-aca3-7e07f580a552,NIKE,135475,,
DASS SEST714075882628105CM1591518415903668NBR328327420260710-1,OK,DASS SEST,7,140758,1188919,82628,ATAC. MR140014 6MM RECICLADO COR 4085/PET [6909c98f-47b0-4ab9-8ed5-1e5a35e4058f],105CM,15915184,638,15903668NBR3283274,10/07/2026,13/10/2026,77,27/07/2026,902401,,6909c98f-47b0-4ab9-8ed5-1e5a35e4058f,NIKE,135475,,
DASS SEST714075882628105CM1591518415903669NBR328327420260710-1,OK,DASS SEST,7,140758,1188919,82628,ATAC. MR140014 6MM RECICLADO COR 4085/PET [031fc48e-d0b2-4286-abda-0ae65374834b],105CM,15915184,666,15903669NBR3283274,10/07/2026,13/10/2026,77,27/07/2026,902402,,031fc48e-d0b2-4286-abda-0ae65374834b,NIKE,135475,,
DASS SEST714075882628110CM1591518415903656NBR328324820260710-1,OK,DASS SEST,7,140758,1188919,82628,ATAC. MR140014 6MM RECICLADO COR 4085/PET [45779e7c-aff9-4fd6-a5f3-807b51793911],110CM,15915184,518,15903656NBR3283248,10/07/2026,13/10/2026,77,27/07/2026,902403,,45779e7c-aff9-4fd6-a5f3-807b51793911,NIKE,135475,,
DASS SEST714075882628110CM1591518415903657NBR328324820260710-1,OK,DASS SEST,7,140758,1188919,82628,ATAC. MR140014 6MM RECICLADO COR 4085/PET [4eabcb02-c005-4953-9d6d-a87b60d1a9a1],110CM,15915184,540,15903657NBR3283248,10/07/2026,13/10/2026,77,27/07/2026,902404,,4eabcb02-c005-4953-9d6d-a87b60d1a9a1,NIKE,135475,,
DASS SEST714075882628110CM1591518415903658NBR328326920260710-1,OK,DASS SEST,7,140758,1188919,82628,ATAC. MR140014 6MM RECICLADO COR 4085/PET [4d1f0940-bf5b-462a-9d0d-9cdf459e4ff3],110CM,15915184,501,15903658NBR3283269,10/07/2026,13/10/2026,77,27/07/2026,902405,,4d1f0940-bf5b-462a-9d0d-9cdf459e4ff3,NIKE,135475,,
DASS SEST714075882628110CM1591518415903659NBR328326920260710-1,OK,DASS SEST,7,140758,1188919,82628,ATAC. MR140014 6MM RECICLADO COR 4085/PET [03ddee1e-3d7e-47c8-bd26-31f3f820e509],110CM,15915184,480,15903659NBR3283269,10/07/2026,13/10/2026,77,27/07/2026,902406,,03ddee1e-3d7e-47c8-bd26-31f3f820e509,NIKE,135475,,
DASS SEST714075882628110CM1591518415903661NBR328326920260710-1,OK,DASS SEST,7,140758,1188919,82628,ATAC. MR140014 6MM RECICLADO COR 4085/PET [ded90792-25f4-4f71-8066-a8991b1140bf],110CM,15915184,492,15903661NBR3283269,10/07/2026,13/10/2026,77,27/07/2026,902407,,ded90792-25f4-4f71-8066-a8991b1140bf,NIKE,135475,,
DASS SEST714075882628110CM1591518415903662NBR328327020260710-1,OK,DASS SEST,7,140758,1188919,82628,ATAC. MR140014 6MM RECICLADO COR 4085/PET [18575162-cc58-4fb1-8e7c-94320c4faa65],110CM,15915184,518,15903662NBR3283270,10/07/2026,13/10/2026,77,27/07/2026,902408,,18575162-cc58-4fb1-8e7c-94320c4faa65,NIKE,135475,,
DASS SEST714075882628110CM1591518415903663NBR328327020260710-1,OK,DASS SEST,7,140758,1188919,82628,ATAC. MR140014 6MM RECICLADO COR 4085/PET [0011f723-cc77-4fa5-82b8-fc9cfc12e229],110CM,15915184,540,15903663NBR3283270,10/07/2026,13/10/2026,77,27/07/2026,902409,,0011f723-cc77-4fa5-82b8-fc9cfc12e229,NIKE,135475,,
DASS SEST714075882628110CM1591518415903668NBR328327420260710-1,OK,DASS SEST,7,140758,1188919,82628,ATAC. MR140014 6MM RECICLADO COR 4085/PET [a3824425-e3cd-4812-8ed4-45bf7715e3da],110CM,15915184,30,15903668NBR3283274,10/07/2026,13/10/2026,77,27/07/2026,902410,,a3824425-e3cd-4812-8ed4-45bf7715e3da,NIKE,135475,,
DASS SEST714075882628110CM1591518415903669NBR328327420260710-1,OK,DASS SEST,7,140758,1188919,82628,ATAC. MR140014 6MM RECICLADO COR 4085/PET [885c34ba-cbad-4096-91b2-fd8f03af7dee],110CM,15915184,24,15903669NBR3283274,10/07/2026,13/10/2026,77,27/07/2026,902411,,885c34ba-cbad-4096-91b2-fd8f03af7dee,NIKE,135475,,
DASS SEST714075882628115CM1591518415903656NBR328324820260710-1,OK,DASS SEST,7,140758,1188919,82628,ATAC. MR140014 6MM RECICLADO COR 4085/PET [ba6b060d-58fd-4d30-bf54-4904f0b3a117],115CM,15915184,180,15903656NBR3283248,10/07/2026,13/10/2026,77,27/07/2026,902412,,ba6b060d-58fd-4d30-bf54-4904f0b3a117,NIKE,135475,,
DASS SEST714075882628115CM1591518415903657NBR328324820260710-1,OK,DASS SEST,7,140758,1188919,82628,ATAC. MR140014 6MM RECICLADO COR 4085/PET [4d774486-db66-4b04-ba8c-6278fe0bee9c],115CM,15915184,198,15903657NBR3283248,10/07/2026,13/10/2026,77,27/07/2026,902413,,4d774486-db66-4b04-ba8c-6278fe0bee9c,NIKE,135475,,
DASS SEST714075882628115CM1591518415903658NBR328326920260710-1,OK,DASS SEST,7,140758,1188919,82628,ATAC. MR140014 6MM RECICLADO COR 4085/PET [6bbd5cbf-251e-43e8-9397-8387c5c347e4],115CM,15915184,144,15903658NBR3283269,10/07/2026,13/10/2026,77,27/07/2026,902414,,6bbd5cbf-251e-43e8-9397-8387c5c347e4,NIKE,135475,,
DASS SEST714075882628115CM1591518415903659NBR328326920260710-1,OK,DASS SEST,7,140758,1188919,82628,ATAC. MR140014 6MM RECICLADO COR 4085/PET [1b1426f9-50df-4cc3-8fb3-53d270c48034],115CM,15915184,144,15903659NBR3283269,10/07/2026,13/10/2026,77,27/07/2026,902415,,1b1426f9-50df-4cc3-8fb3-53d270c48034,NIKE,135475,,
DASS SEST714075882628115CM1591518415903661NBR328326920260710-1,OK,DASS SEST,7,140758,1188919,82628,ATAC. MR140014 6MM RECICLADO COR 4085/PET [7220c8ae-5ab7-4b11-84b6-28dc58fbc4cd],115CM,15915184,174,15903661NBR3283269,10/07/2026,13/10/2026,77,27/07/2026,902416,,7220c8ae-5ab7-4b11-84b6-28dc58fbc4cd,NIKE,135475,,
DASS SEST714075882628115CM1591518415903662NBR328327020260710-1,OK,DASS SEST,7,140758,1188919,82628,ATAC. MR140014 6MM RECICLADO COR 4085/PET [ebdc3252-74c8-4e4b-af1e-e956dd46239d],115CM,15915184,180,15903662NBR3283270,10/07/2026,13/10/2026,77,27/07/2026,902417,,ebdc3252-74c8-4e4b-af1e-e956dd46239d,NIKE,135475,,
DASS SEST714075882628115CM1591518415903663NBR328327020260710-1,OK,DASS SEST,7,140758,1188919,82628,ATAC. MR140014 6MM RECICLADO COR 4085/PET [4f3d7f78-f998-40bc-b4c0-45e8a99e5220],115CM,15915184,198,15903663NBR3283270,10/07/2026,13/10/2026,77,27/07/2026,902418,,4f3d7f78-f998-40bc-b4c0-45e8a99e5220,NIKE,135475,,
DASS SEST714075885472100CM1591518415903704NBR328327220260710-1,OK,DASS SEST,7,140758,1269460,85472,ATAC. MR140014 6MM RECICLADO COR 5481/PET [dee06a30-4fce-443e-b9e0-f922232434fa],100CM,15915184,204,15903704NBR3283272,10/07/2026,13/10/2026,77,27/07/2026,902419,,dee06a30-4fce-443e-b9e0-f922232434fa,NIKE,135475,,
DASS SEST714075885472100CM1591518415903705NBR328327220260710-1,OK,DASS SEST,7,140758,1269460,85472,ATAC. MR140014 6MM RECICLADO COR 5481/PET [cb9092bb-7f64-4dd5-82ba-2968544112ac],100CM,15915184,204,15903705NBR3283272,10/07/2026,13/10/2026,77,27/07/2026,902420,,cb9092bb-7f64-4dd5-82ba-2968544112ac,NIKE,135475,,
DASS SEST714075885472100CM1591518415903706NBR328327220260710-1,OK,DASS SEST,7,140758,1269460,85472,ATAC. MR140014 6MM RECICLADO COR 5481/PET [594a20ac-9e43-4a5f-ac23-c1efc841ffd2],100CM,15915184,216,15903706NBR3283272,10/07/2026,13/10/2026,77,27/07/2026,902421,,594a20ac-9e43-4a5f-ac23-c1efc841ffd2,NIKE,135475,,
DASS SEST714075885472105CM1591518415903704NBR328327220260710-1,OK,DASS SEST,7,140758,1269460,85472,ATAC. MR140014 6MM RECICLADO COR 5481/PET [274b0413-f5f7-4499-b8e5-dd6fb7b85b69],105CM,15915184,759,15903704NBR3283272,10/07/2026,13/10/2026,77,27/07/2026,902422,,274b0413-f5f7-4499-b8e5-dd6fb7b85b69,NIKE,135475,,
DASS SEST714075885472105CM1591518415903705NBR328327220260710-1,OK,DASS SEST,7,140758,1269460,85472,ATAC. MR140014 6MM RECICLADO COR 5481/PET [172624ac-8b21-416c-bce8-b3b8b957d72e],105CM,15915184,732,15903705NBR3283272,10/07/2026,13/10/2026,77,27/07/2026,902423,,172624ac-8b21-416c-bce8-b3b8b957d72e,NIKE,135475,,
DASS SEST714075885472105CM1591518415903706NBR328327220260710-1,OK,DASS SEST,7,140758,1269460,85472,ATAC. MR140014 6MM RECICLADO COR 5481/PET [74a07c93-51a1-485b-be2c-611fbde36e7b],105CM,15915184,786,15903706NBR3283272,10/07/2026,13/10/2026,77,27/07/2026,902424,,74a07c93-51a1-485b-be2c-611fbde36e7b,NIKE,135475,,
DASS SEST714075885472110CM1591518415903704NBR328327220260710-1,OK,DASS SEST,7,140758,1269460,85472,ATAC. MR140014 6MM RECICLADO COR 5481/PET [141f9657-e349-4931-bda7-bf845eaae5f1],110CM,15915184,48,15903704NBR3283272,10/07/2026,13/10/2026,77,27/07/2026,902425,,141f9657-e349-4931-bda7-bf845eaae5f1,NIKE,135475,,
DASS SEST714075885472110CM1591518415903705NBR328327220260710-1,OK,DASS SEST,7,140758,1269460,85472,ATAC. MR140014 6MM RECICLADO COR 5481/PET [8bdebf32-8811-4b94-92b2-c7c010cb7807],110CM,15915184,24,15903705NBR3283272,10/07/2026,13/10/2026,77,27/07/2026,902426,,8bdebf32-8811-4b94-92b2-c7c010cb7807,NIKE,135475,,
DASS SEST714075886978105CM1591518415903687NBR328310720260710-1,OK,DASS SEST,7,140758,1299257,86978,ATAC. MR130027 6MM RECICLADO COR 4085/PET [de5cdb93-996f-41d4-b214-e554a16d0d91],105CM,15915184,420,15903687NBR3283107,10/07/2026,13/10/2026,77,27/07/2026,902427,,de5cdb93-996f-41d4-b214-e554a16d0d91,NIKE,135475,,
DASS SEST714075886978105CM1591518415903689NBR328310720260710-1,OK,DASS SEST,7,140758,1299257,86978,ATAC. MR130027 6MM RECICLADO COR 4085/PET [b34bf7ba-e2ea-46e4-8dda-84a22a48489d],105CM,15915184,462,15903689NBR3283107,10/07/2026,13/10/2026,77,27/07/2026,902428,,b34bf7ba-e2ea-46e4-8dda-84a22a48489d,NIKE,135475,,
DASS SEST714075886978110CM1591518415903687NBR328310720260710-1,OK,DASS SEST,7,140758,1299257,86978,ATAC. MR130027 6MM RECICLADO COR 4085/PET [87a579e2-9aed-4713-a6ea-fa25ba5d34ea],110CM,15915184,458,15903687NBR3283107,10/07/2026,13/10/2026,77,27/07/2026,902429,,87a579e2-9aed-4713-a6ea-fa25ba5d34ea,NIKE,135475,,
DASS SEST714075886978110CM1591518415903689NBR328310720260710-1,OK,DASS SEST,7,140758,1299257,86978,ATAC. MR130027 6MM RECICLADO COR 4085/PET [9f0ccaef-6122-4ea2-a843-ef8f308ec968],110CM,15915184,468,15903689NBR3283107,10/07/2026,13/10/2026,77,27/07/2026,902430,,9f0ccaef-6122-4ea2-a843-ef8f308ec968,NIKE,135475,,
DASS SEST714075886978110CM1591518415903675NBR328312620260710-1,OK,DASS SEST,7,140758,1299257,86978,ATAC. MR130027 6MM RECICLADO COR 4085/PET [fdf1300c-a495-4e48-bef9-9147d13bdfe0],110CM,15915184,174,15903675NBR3283126,10/07/2026,13/10/2026,77,27/07/2026,902431,,fdf1300c-a495-4e48-bef9-9147d13bdfe0,NIKE,135475,,
DASS SEST714075886978110CM1591518415903676NBR328312620260710-1,OK,DASS SEST,7,140758,1299257,86978,ATAC. MR130027 6MM RECICLADO COR 4085/PET [bada8282-eeda-466f-8b83-0013425d7925],110CM,15915184,156,15903676NBR3283126,10/07/2026,13/10/2026,77,27/07/2026,902432,,bada8282-eeda-466f-8b83-0013425d7925,NIKE,135475,,
DASS SEST714075886978110CM1591518415903677NBR328312620260710-1,OK,DASS SEST,7,140758,1299257,86978,ATAC. MR130027 6MM RECICLADO COR 4085/PET [fe054e2e-3073-4f36-9915-d0adbe5cdf6c],110CM,15915184,180,15903677NBR3283126,10/07/2026,13/10/2026,77,27/07/2026,902433,,fe054e2e-3073-4f36-9915-d0adbe5cdf6c,NIKE,135475,,
DASS SEST714075886978115CM1591518415903687NBR328310720260710-1,OK,DASS SEST,7,140758,1299257,86978,ATAC. MR130027 6MM RECICLADO COR 4085/PET [d523872e-9818-4627-bc0e-3bba84bae6a7],115CM,15915184,18,15903687NBR3283107,10/07/2026,13/10/2026,77,27/07/2026,902434,,d523872e-9818-4627-bc0e-3bba84bae6a7,NIKE,135475,,
DASS SEST714075886978115CM1591518415903675NBR328312620260710-1,OK,DASS SEST,7,140758,1299257,86978,ATAC. MR130027 6MM RECICLADO COR 4085/PET [6a85b8a8-35c9-4f9c-8064-3ffc99b3d8b8],115CM,15915184,483,15903675NBR3283126,10/07/2026,13/10/2026,77,27/07/2026,902435,,6a85b8a8-35c9-4f9c-8064-3ffc99b3d8b8,NIKE,135475,,
DASS SEST714075886978115CM1591518415903676NBR328312620260710-1,OK,DASS SEST,7,140758,1299257,86978,ATAC. MR130027 6MM RECICLADO COR 4085/PET [97c18e00-257c-4bba-87c7-e8b15c5ef367],115CM,15915184,468,15903676NBR3283126,10/07/2026,13/10/2026,77,27/07/2026,902436,,97c18e00-257c-4bba-87c7-e8b15c5ef367,NIKE,135475,,
DASS SEST714075886978115CM1591518415903677NBR328312620260710-1,OK,DASS SEST,7,140758,1299257,86978,ATAC. MR130027 6MM RECICLADO COR 4085/PET [4b5f2853-83fc-4e91-a1f9-e7593ca6a9c4],115CM,15915184,498,15903677NBR3283126,10/07/2026,13/10/2026,77,27/07/2026,902437,,4b5f2853-83fc-4e91-a1f9-e7593ca6a9c4,NIKE,135475,,
DASS SEST714075886978120CM1591518415903675NBR328312620260710-1,OK,DASS SEST,7,140758,1299257,86978,ATAC. MR130027 6MM RECICLADO COR 4085/PET [f723bab8-a002-426e-93ab-c711ed7b1907],120CM,15915184,84,15903675NBR3283126,10/07/2026,13/10/2026,77,27/07/2026,902438,,f723bab8-a002-426e-93ab-c711ed7b1907,NIKE,135475,,
DASS SEST714075886978120CM1591518415903676NBR328312620260710-1,OK,DASS SEST,7,140758,1299257,86978,ATAC. MR130027 6MM RECICLADO COR 4085/PET [e99cda6c-8a16-472f-b84a-4e9adb3dc827],120CM,15915184,84,15903676NBR3283126,10/07/2026,13/10/2026,77,27/07/2026,902439,,e99cda6c-8a16-472f-b84a-4e9adb3dc827,NIKE,135475,,
DASS SEST714075886978120CM1591518415903677NBR328312620260710-1,OK,DASS SEST,7,140758,1299257,86978,ATAC. MR130027 6MM RECICLADO COR 4085/PET [c01fc283-b769-47ac-a1c0-67334914e30b],120CM,15915184,90,15903677NBR3283126,10/07/2026,13/10/2026,77,27/07/2026,902440,,c01fc283-b769-47ac-a1c0-67334914e30b,NIKE,135475,,
DASS SEST714075888695110CM1591518415903720NBR328285420260710-1,OK,DASS SEST,7,140758,1301800,88695,ATAC. MR130027 6MM RECICLADO COR 4662/PET [d0f56a40-0152-429f-a0cc-52a4f8a769d5],110CM,15915184,312,15903720NBR3282854,10/07/2026,13/10/2026,77,27/07/2026,902441,,d0f56a40-0152-429f-a0cc-52a4f8a769d5,NIKE,135475,,
DASS SEST714075888695115CM1591518415903720NBR328285420260710-1,OK,DASS SEST,7,140758,1301800,88695,ATAC. MR130027 6MM RECICLADO COR 4662/PET [b6799b4d-ed31-4808-b348-598bfd67151f],115CM,15915184,854,15903720NBR3282854,10/07/2026,13/10/2026,77,27/07/2026,902442,,b6799b4d-ed31-4808-b348-598bfd67151f,NIKE,135475,,
DASS SEST714075888695120CM1591518415903720NBR328285420260710-1,OK,DASS SEST,7,140758,1301800,88695,ATAC. MR130027 6MM RECICLADO COR 4662/PET [8fb29d0d-3c04-4a6c-b46d-212ab3012ab5],120CM,15915184,114,15903720NBR3282854,10/07/2026,13/10/2026,77,27/07/2026,902443,,8fb29d0d-3c04-4a6c-b46d-212ab3012ab5,NIKE,135475,,
DASS SEST714075893450110CM1591518415903727NBR328312820260710-1,OK,DASS SEST,7,140758,1409834,93450,ATAC. MR130027 6MM RECICLADO COR 057/PET [ad89c77a-58df-4992-bf7e-80e30bd10f61],110CM,15915184,174,15903727NBR3283128,10/07/2026,13/10/2026,77,27/07/2026,902444,,ad89c77a-58df-4992-bf7e-80e30bd10f61,NIKE,135475,,
DASS SEST714075893450110CM1591518415903728NBR328312820260710-1,OK,DASS SEST,7,140758,1409834,93450,ATAC. MR130027 6MM RECICLADO COR 057/PET [32143b18-dd02-48f9-a133-6230c6816f5e],110CM,15915184,156,15903728NBR3283128,10/07/2026,13/10/2026,77,27/07/2026,902445,,32143b18-dd02-48f9-a133-6230c6816f5e,NIKE,135475,,
DASS SEST714075893450110CM1591518415903729NBR328312820260710-1,OK,DASS SEST,7,140758,1409834,93450,ATAC. MR130027 6MM RECICLADO COR 057/PET [05345fa6-70d5-489a-9863-aa161546689a],110CM,15915184,174,15903729NBR3283128,10/07/2026,13/10/2026,77,27/07/2026,902446,,05345fa6-70d5-489a-9863-aa161546689a,NIKE,135475,,
DASS SEST714075893450115CM1591518415903727NBR328312820260710-1,OK,DASS SEST,7,140758,1409834,93450,ATAC. MR130027 6MM RECICLADO COR 057/PET [23376a95-6ab7-4191-bd31-95476412a0c7],115CM,15915184,591,15903727NBR3283128,10/07/2026,13/10/2026,77,27/07/2026,902447,,23376a95-6ab7-4191-bd31-95476412a0c7,NIKE,135475,,
DASS SEST714075893450115CM1591518415903728NBR328312820260710-1,OK,DASS SEST,7,140758,1409834,93450,ATAC. MR130027 6MM RECICLADO COR 057/PET [12ff09ac-44b1-49d2-98fd-8a8808dfaf50],115CM,15915184,468,15903728NBR3283128,10/07/2026,13/10/2026,77,27/07/2026,902448,,12ff09ac-44b1-49d2-98fd-8a8808dfaf50,NIKE,135475,,
DASS SEST714075893450115CM1591518415903729NBR328312820260710-1,OK,DASS SEST,7,140758,1409834,93450,ATAC. MR130027 6MM RECICLADO COR 057/PET [27228977-6b5c-44ef-9247-925a74d840fa],115CM,15915184,366,15903729NBR3283128,10/07/2026,13/10/2026,77,27/07/2026,902449,,27228977-6b5c-44ef-9247-925a74d840fa,NIKE,135475,,
DASS SEST714075893450120CM1591518415903727NBR328312820260710-1,OK,DASS SEST,7,140758,1409834,93450,ATAC. MR130027 6MM RECICLADO COR 057/PET [2defe074-f303-4b9c-b5da-7299e7f0c9f1],120CM,15915184,72,15903727NBR3283128,10/07/2026,13/10/2026,77,27/07/2026,902450,,2defe074-f303-4b9c-b5da-7299e7f0c9f1,NIKE,135475,,
DASS SEST714075893450120CM1591518415903728NBR328312820260710-1,OK,DASS SEST,7,140758,1409834,93450,ATAC. MR130027 6MM RECICLADO COR 057/PET [5faf354a-bee1-4526-8461-1d43ab70c2d6],120CM,15915184,72,15903728NBR3283128,10/07/2026,13/10/2026,77,27/07/2026,902451,,5faf354a-bee1-4526-8461-1d43ab70c2d6,NIKE,135475,,
DASS SEST714075893450120CM1591518415903729NBR328312820260710-1,OK,DASS SEST,7,140758,1409834,93450,ATAC. MR130027 6MM RECICLADO COR 057/PET [9a84e754-1bad-4ece-af9a-830ab0114ce9],120CM,15915184,108,15903729NBR3283128,10/07/2026,13/10/2026,77,27/07/2026,902452,,9a84e754-1bad-4ece-af9a-830ab0114ce9,NIKE,135475,,
DASS SEST714095382628105CM1594409915942979NBR328285920260717-1,OK,DASS SEST,7,140953,1188919,82628,ATAC. MR140014 6MM RECICLADO COR 4085/PET [7db58212-b216-476f-ba14-6cb42db76234],105CM,15944099,12,15942979NBR3282859,17/07/2026,13/10/2026,77,27/07/2026,902453,,7db58212-b216-476f-ba14-6cb42db76234,NIKE,135640,,
DASS SEST714095382628105CM1594409915942977NBR328305120260717-1,OK,DASS SEST,7,140953,1188919,82628,ATAC. MR140014 6MM RECICLADO COR 4085/PET [7f98c1bf-8199-4955-b05d-d13aa7099f84],105CM,15944099,470,15942977NBR3283051,17/07/2026,13/10/2026,77,27/07/2026,902454,,7f98c1bf-8199-4955-b05d-d13aa7099f84,NIKE,135640,,
DASS SEST714095382628105CM1594409915942978NBR328305120260717-1,OK,DASS SEST,7,140953,1188919,82628,ATAC. MR140014 6MM RECICLADO COR 4085/PET [fa49e7b9-6929-4d80-845b-d3c580639edb],105CM,15944099,504,15942978NBR3283051,17/07/2026,13/10/2026,77,27/07/2026,902455,,fa49e7b9-6929-4d80-845b-d3c580639edb,NIKE,135640,,
DASS SEST714095382628110CM1594409915942979NBR328285920260717-1,OK,DASS SEST,7,140953,1188919,82628,ATAC. MR140014 6MM RECICLADO COR 4085/PET [11297f23-74f5-45c2-896c-4b25e6d02280],110CM,15944099,885,15942979NBR3282859,17/07/2026,13/10/2026,77,27/07/2026,902456,,11297f23-74f5-45c2-896c-4b25e6d02280,NIKE,135640,,
DASS SEST714095382628110CM1594409915942980NBR328285920260717-1,OK,DASS SEST,7,140953,1188919,82628,ATAC. MR140014 6MM RECICLADO COR 4085/PET [9c16f133-584b-4c7b-880c-cc4ada70bd41],110CM,15944099,912,15942980NBR3282859,17/07/2026,13/10/2026,77,27/07/2026,902457,,9c16f133-584b-4c7b-880c-cc4ada70bd41,NIKE,135640,,
DASS SEST714095382628110CM1594409915942977NBR328305120260717-1,OK,DASS SEST,7,140953,1188919,82628,ATAC. MR140014 6MM RECICLADO COR 4085/PET [3323835c-89f6-4b97-853a-4204c994527d],110CM,15944099,222,15942977NBR3283051,17/07/2026,13/10/2026,77,27/07/2026,902458,,3323835c-89f6-4b97-853a-4204c994527d,NIKE,135640,,
DASS SEST714095382628110CM1594409915942978NBR328305120260717-1,OK,DASS SEST,7,140953,1188919,82628,ATAC. MR140014 6MM RECICLADO COR 4085/PET [75d3ef68-5802-4c77-bf1b-0c85d0c9ee8d],110CM,15944099,234,15942978NBR3283051,17/07/2026,13/10/2026,77,27/07/2026,902459,,75d3ef68-5802-4c77-bf1b-0c85d0c9ee8d,NIKE,135640,,
DASS SEST714095382628115CM1594409915942979NBR328285920260717-1,OK,DASS SEST,7,140953,1188919,82628,ATAC. MR140014 6MM RECICLADO COR 4085/PET [6e10de43-ab35-4502-b2b5-6b955fb391b3],115CM,15944099,156,15942979NBR3282859,17/07/2026,13/10/2026,77,27/07/2026,902460,,6e10de43-ab35-4502-b2b5-6b955fb391b3,NIKE,135640,,
DASS SEST714095382628115CM1594409915942980NBR328285920260717-1,OK,DASS SEST,7,140953,1188919,82628,ATAC. MR140014 6MM RECICLADO COR 4085/PET [fe139bf3-d585-457b-81c9-143b226f03c7],115CM,15944099,186,15942980NBR3282859,17/07/2026,13/10/2026,77,27/07/2026,902461,,fe139bf3-d585-457b-81c9-143b226f03c7,NIKE,135640,,
DASS SEST714095388798105CM1594409915942985NBR328315420260717-1,OK,DASS SEST,7,140953,1303189,88798,ATAC. MR140014 6MM RECICLADO COR 5645/PET [6929d1f3-3346-4104-8d1f-88c18e6690ad],105CM,15944099,6,15942985NBR3283154,17/07/2026,13/10/2026,77,27/07/2026,902462,,6929d1f3-3346-4104-8d1f-88c18e6690ad,NIKE,135640,,
DASS SEST714095388798110CM1594409915942985NBR328315420260717-1,OK,DASS SEST,7,140953,1303189,88798,ATAC. MR140014 6MM RECICLADO COR 5645/PET [af280bd3-14e3-4644-9849-b92b10281d85],110CM,15944099,872,15942985NBR3283154,17/07/2026,13/10/2026,77,27/07/2026,902463,,af280bd3-14e3-4644-9849-b92b10281d85,NIKE,135640,,
DASS SEST714095388798115CM1594409915942985NBR328315420260717-1,OK,DASS SEST,7,140953,1303189,88798,ATAC. MR140014 6MM RECICLADO COR 5645/PET [f33fa68f-7791-4592-a421-e4df6732c8a9],115CM,15944099,138,15942985NBR3283154,17/07/2026,13/10/2026,77,27/07/2026,902464,,f33fa68f-7791-4592-a421-e4df6732c8a9,NIKE,135640,,
DASS SEST71409837423715MM1595428220260720-1,OK,DASS SEST,7,140983,1181716,74237,FITA MR100001 C/ GOMA RECICLADO COR 4085/PET [a8f30421-0345-4bf0-8e51-e5931690cf6a],15MM,15954282,540,0,20/07/2026,13/10/2026,77,27/07/2026,902465,,a8f30421-0345-4bf0-8e51-e5931690cf6a,NIKE,135670,,
DASS SEST71409838262515MM1595428220260720-1,OK,DASS SEST,7,140983,1194659,82625,FITA MR100001 C/ GOMA RECICLADO COR 4593/PET [d1a9613c-ead8-4b3e-8fda-73a448d90dcd],15MM,15954282,380,0,20/07/2026,13/10/2026,77,27/07/2026,902466,,d1a9613c-ead8-4b3e-8fda-73a448d90dcd,NIKE,135670,,
DASS SANTO ANTONIO152614052410536MM1588848520260706-1,OK,DASS SANTO ANTONIO,1526,140524,738316,1053,ELAST. MTM POLIESTER COR 100 [60575418-9afd-45b2-91f3-cff5d30c994f],6MM,15888485,1104,0,06/07/2026,13/10/2026,77,27/07/2026,902467,,60575418-9afd-45b2-91f3-cff5d30c994f,FILA,135199,,
DASS SANTO ANTONIO1526140524874446MM1588848520260706-1,OK,DASS SANTO ANTONIO,1526,140524,738314,87444,ELAST. MTM POLIESTER COR 057 [5dab0efe-f0c7-4e64-8c82-dc1ea220b0c0],6MM,15888485,1104,0,06/07/2026,13/10/2026,77,27/07/2026,902468,,5dab0efe-f0c7-4e64-8c82-dc1ea220b0c0,FILA,135199,,
DASS SEST714010582628100CM1585579615851823NBR328318620260625-1,OK,DASS SEST,7,140105,1188919,82628,ATAC. MR140014 6MM RECICLADO COR 4085/PET [0f8553fc-fd67-4e9d-a770-93eb4c640802],100CM,15855796,108,15851823NBR3283186,25/06/2026,19/10/2026,83,27/07/2026,902469,,0f8553fc-fd67-4e9d-a770-93eb4c640802,NIKE,134794,,
DASS SEST714010582628100CM1585579615851824NBR328318620260625-1,OK,DASS SEST,7,140105,1188919,82628,ATAC. MR140014 6MM RECICLADO COR 4085/PET [acf34d76-2a14-4780-a338-0210882052f5],100CM,15855796,126,15851824NBR3283186,25/06/2026,19/10/2026,83,27/07/2026,902470,,acf34d76-2a14-4780-a338-0210882052f5,NIKE,134794,,
DASS SEST714010582628105CM1585579615851815NBR328312520260625-1,OK,DASS SEST,7,140105,1188919,82628,ATAC. MR140014 6MM RECICLADO COR 4085/PET [b623b8c8-b17d-4967-affb-9eaa558830e4],105CM,15855796,156,15851815NBR3283125,25/06/2026,19/10/2026,83,27/07/2026,902471,,b623b8c8-b17d-4967-affb-9eaa558830e4,NIKE,134794,,
DASS SEST714010582628105CM1585579615851816NBR328312520260625-1,OK,DASS SEST,7,140105,1188919,82628,ATAC. MR140014 6MM RECICLADO COR 4085/PET [c8e8b949-54e9-4bfe-96fd-f0a2f4b05281],105CM,15855796,174,15851816NBR3283125,25/06/2026,19/10/2026,83,27/07/2026,902472,,c8e8b949-54e9-4bfe-96fd-f0a2f4b05281,NIKE,134794,,
DASS SEST714010582628105CM1585579615851823NBR328318620260625-1,OK,DASS SEST,7,140105,1188919,82628,ATAC. MR140014 6MM RECICLADO COR 4085/PET [2461f66c-f679-40a9-892a-7d1b48aa3361],105CM,15855796,782,15851823NBR3283186,25/06/2026,19/10/2026,83,27/07/2026,902473,,2461f66c-f679-40a9-892a-7d1b48aa3361,NIKE,134794,,
DASS SEST714010582628105CM1585579615851824NBR328318620260625-1,OK,DASS SEST,7,140105,1188919,82628,ATAC. MR140014 6MM RECICLADO COR 4085/PET [dce93aa8-e741-4fd9-a126-dd1a946dee10],105CM,15855796,810,15851824NBR3283186,25/06/2026,19/10/2026,83,27/07/2026,902474,,dce93aa8-e741-4fd9-a126-dd1a946dee10,NIKE,134794,,
DASS SEST714010582628110CM1585579615851815NBR328312520260625-1,OK,DASS SEST,7,140105,1188919,82628,ATAC. MR140014 6MM RECICLADO COR 4085/PET [68c30e2b-be51-49ba-979b-2f6155cd8c32],110CM,15855796,464,15851815NBR3283125,25/06/2026,19/10/2026,83,27/07/2026,902475,,68c30e2b-be51-49ba-979b-2f6155cd8c32,NIKE,134794,,
DASS SEST714010582628110CM1585579615851816NBR328312520260625-1,OK,DASS SEST,7,140105,1188919,82628,ATAC. MR140014 6MM RECICLADO COR 4085/PET [343e097f-acf2-40a2-9dc8-b1a9171ac9af],110CM,15855796,462,15851816NBR3283125,25/06/2026,19/10/2026,83,27/07/2026,902476,,343e097f-acf2-40a2-9dc8-b1a9171ac9af,NIKE,134794,,
DASS SEST714010582628110CM1585579615851823NBR328318620260625-1,OK,DASS SEST,7,140105,1188919,82628,ATAC. MR140014 6MM RECICLADO COR 4085/PET [6dd77b99-3695-476e-85f6-8b3a963b53d7],110CM,15855796,48,15851823NBR3283186,25/06/2026,19/10/2026,83,27/07/2026,902477,,6dd77b99-3695-476e-85f6-8b3a963b53d7,NIKE,134794,,
DASS SEST714010582628110CM1585579615851824NBR328318620260625-1,OK,DASS SEST,7,140105,1188919,82628,ATAC. MR140014 6MM RECICLADO COR 4085/PET [443bcb47-fa55-4d9b-bb5f-505b2d42d157],110CM,15855796,48,15851824NBR3283186,25/06/2026,19/10/2026,83,27/07/2026,902478,,443bcb47-fa55-4d9b-bb5f-505b2d42d157,NIKE,134794,,
DASS SEST714010582628115CM1585579615851815NBR328312520260625-1,OK,DASS SEST,7,140105,1188919,82628,ATAC. MR140014 6MM RECICLADO COR 4085/PET [1e1eaba6-1e01-47f9-a153-a2093b2b599c],115CM,15855796,180,15851815NBR3283125,25/06/2026,19/10/2026,83,27/07/2026,902479,,1e1eaba6-1e01-47f9-a153-a2093b2b599c,NIKE,134794,,
DASS SEST714010582628115CM1585579615851816NBR328312520260625-1,OK,DASS SEST,7,140105,1188919,82628,ATAC. MR140014 6MM RECICLADO COR 4085/PET [52eb572c-38d6-48a5-93f6-8b809cdc8867],115CM,15855796,192,15851816NBR3283125,25/06/2026,19/10/2026,83,27/07/2026,902480,,52eb572c-38d6-48a5-93f6-8b809cdc8867,NIKE,134794,,
DASS SEST714095696072105CM1594410015942986NBR328314820260720-1,OK,DASS SEST,7,140956,1425212,96072,ATAC. MR140014 6MM RECICLADO COR 6255/PET [af697e20-5c20-46e1-93c6-00c158d8c175],105CM,15944100,6,15942986NBR3283148,20/07/2026,19/10/2026,83,27/07/2026,902481,,af697e20-5c20-46e1-93c6-00c158d8c175,NIKE,135659,,
DASS SEST714095696072110CM1594410015942986NBR328314820260720-1,OK,DASS SEST,7,140956,1425212,96072,ATAC. MR140014 6MM RECICLADO COR 6255/PET [dffd412f-b44c-43b9-b424-ef505a4d6662],110CM,15944100,608,15942986NBR3283148,20/07/2026,19/10/2026,83,27/07/2026,902482,,dffd412f-b44c-43b9-b424-ef505a4d6662,NIKE,135659,,
DASS SEST714095696072110CM1594410015942987NBR328314820260720-1,OK,DASS SEST,7,140956,1425212,96072,ATAC. MR140014 6MM RECICLADO COR 6255/PET [ea5cb0ed-4caa-4fb3-a8e6-872792bdbb06],110CM,15944100,624,15942987NBR3283148,20/07/2026,19/10/2026,83,27/07/2026,902483,,ea5cb0ed-4caa-4fb3-a8e6-872792bdbb06,NIKE,135659,,
DASS SEST714095696072115CM1594410015942986NBR328314820260720-1,OK,DASS SEST,7,140956,1425212,96072,ATAC. MR140014 6MM RECICLADO COR 6255/PET [a16fec55-4762-411f-8c98-1587a1cb14c8],115CM,15944100,120,15942986NBR3283148,20/07/2026,19/10/2026,83,27/07/2026,902484,,a16fec55-4762-411f-8c98-1587a1cb14c8,NIKE,135659,,
DASS SEST714095696072115CM1594410015942987NBR328314820260720-1,OK,DASS SEST,7,140956,1425212,96072,ATAC. MR140014 6MM RECICLADO COR 6255/PET [ba03c27c-4168-4e83-b50c-56013dcfcfec],115CM,15944100,120,15942987NBR3283148,20/07/2026,19/10/2026,83,27/07/2026,902485,,ba03c27c-4168-4e83-b50c-56013dcfcfec,NIKE,135659,,
DASS SEST714095696141105CM1594410015942988NBR328315020260720-1,NÃO,DASS SEST,7,140956,1425211,96141,ATAC. MR140014 6MM RECICLADO COR 6296/PET [894c52e8-4503-4843-9606-14ad0162283a],105CM,15944100,494,15942988NBR3283150,20/07/2026,19/10/2026,83,27/07/2026,902486,,894c52e8-4503-4843-9606-14ad0162283a,NIKE,135659,,
DASS SEST714095696141105CM1594410015942989NBR328315020260720-1,NÃO,DASS SEST,7,140956,1425211,96141,ATAC. MR140014 6MM RECICLADO COR 6296/PET [09b408d6-4dc4-45c6-ba22-c0c09530b6f0],105CM,15944100,552,15942989NBR3283150,20/07/2026,19/10/2026,83,27/07/2026,902487,,09b408d6-4dc4-45c6-ba22-c0c09530b6f0,NIKE,135659,,
DASS SEST714095696141110CM1594410015942988NBR328315020260720-1,NÃO,DASS SEST,7,140956,1425211,96141,ATAC. MR140014 6MM RECICLADO COR 6296/PET [7f002e82-5b2b-40b7-b922-3d3b028334a0],110CM,15944100,186,15942988NBR3283150,20/07/2026,19/10/2026,83,27/07/2026,902488,,7f002e82-5b2b-40b7-b922-3d3b028334a0,NIKE,135659,,
DASS SEST714095696141110CM1594410015942989NBR328315020260720-1,NÃO,DASS SEST,7,140956,1425211,96141,ATAC. MR140014 6MM RECICLADO COR 6296/PET [4c874a8b-5364-408b-81ba-e6b3dc9e3363],110CM,15944100,216,15942989NBR3283150,20/07/2026,19/10/2026,83,27/07/2026,902489,,4c874a8b-5364-408b-81ba-e6b3dc9e3363,NIKE,135659,,
DASS SEST71409848262515MM1595352220260720-1,OK,DASS SEST,7,140984,1194659,82625,FITA MR100001 C/ GOMA RECICLADO COR 4593/PET [746455cb-e445-4287-b405-fa9204ee700d],15MM,15953522,760,0,20/07/2026,03/11/2026,98,27/07/2026,902490,,746455cb-e445-4287-b405-fa9204ee700d,NIKE,135671,,