,,,,,,,20/08/2026,RELATÓRIO BAHIA ATUALIZADO,,,,20/08/2026,,EM VERDE DATA REPROGRAMADA,,20/08/2026,,,,,,,,
,,,EM VERMELHO CÓD. DA CARTELA NÃO LOCALIZADO,,,,20/08/2026 07:24:46,,,,DÚVIDA CLICA AQUI,https://encurtador.com.br/2bDAO,,SEMPRE VERIFICAR O FILTRO PRAZO,,,,,,,,,,
Coluna 1,cartela,CLIENTE,CÓD. FILIAL,PEDIDO,CÓD. CLIENTE,CÓD. MARFIM,DESCRIÇÃO,TAMANHO,ORD. COMPRA,QTD. ABERTA,LOTES,código OS,DT. RECEBIMENTO,DT. ENTREGA,PRAZO,POSIÇÃO NA PRODUÇÃO,DATA SISTEMA,Coluna 2,DATA ALTERADA,cartelas,CÓDIGO ALTERADO,Column 24,códigos do sistema,conta e ordem
1,OK,DASS SEST,7,139045,1320254,91023,FITA M31119 C/ GOMA POLIESTER COR 114 / COR 100 / COR 100,16MM,15757165,160,133756,0,27/05/2026,20/08/2026,0,,24/08/2026,,20/08/2026,,#N/A,1320254,FILA,
2,OK,DASS SEST,7,139045,1353470,92963,FITA M31119 C/ GOMA POLIESTER COR 102 / COR 100 / COR 100,16MM,15757165,270,133756,0,27/05/2026,20/08/2026,0,,24/08/2026,,20/08/2026,,#N/A,1353470,FILA,
3,OK,DASS SEST,7,139046,1423777,95490,ATAC. M60132 ALPINA COR 2001,135CM,15757173,216,133757,15744418SBF806248,27/05/2026,20/08/2026,0,,24/08/2026,,20/08/2026,,#N/A,1423777,FILA,
4,OK,DASS SEST,7,139046,1423777,95490,ATAC. M60132 ALPINA COR 2001,145CM,15757173,216,133757,15744418SBF806248,27/05/2026,20/08/2026,0,,24/08/2026,,20/08/2026,,#N/A,1423777,FILA,
53,OK,DASS SEST,7,139045,1220522,82626,FITA M31119 C/ GOMA POLIESTER COR 114 / COR 100 / COR 100,16MM,15757165,160,133756,0,27/05/2026,20/08/2026,0,,24/08/2026,,20/08/2026,,#N/A,1220522,FILA,
54,OK,DASS SEST,7,139045,1220522,82626,FITA M31119 C/ GOMA POLIESTER COR 114 / COR 100 / COR 100,16MM,15757165,160,133756,0,27/05/2026,20/08/2026,0,,24/08/2026,,20/08/2026,,#N/A,1220522,FILA,
55,OK,DASS SEST,7,139045,1359543,95706,FITA M31119 C/ GOMA POLIESTER COR 114 / COR 100 / COR 100,16MM,15757165,160,133756,0,27/05/2026,20/08/2026,0,,24/08/2026,,20/08/2026,,#N/A,1359543,FILA,
80,OK,DASS SEST,7,139045,1359543,95706,FITA M31119 C/ GOMA POLIESTER COR 114 / COR 100 / COR 100,16MM,15757165,160,133756,0,27/05/2026,20/08/2026,0,,24/08/2026,,20/08/2026,,#N/A,1359543,FILA,
81,OK,DASS SEST,7,139045,1411433,95384,FITA M31119 C/ GOMA POLIESTER COR 102 / COR 100 / COR 100,16MM,15757165,270,133756,0,27/05/2026,20/08/2026,0,,24/08/2026,,20/08/2026,,#N/A,1411433,FILA,
82,OK,DASS SEST,7,139046,1316829,87946,ATAC. M60132 ALPINA COR 2001,135CM,15757173,216,133757,15744418SBF806248,27/05/2026,20/08/2026,0,,24/08/2026,,20/08/2026,,#N/A,1316829,FILA,
131,OK,DASS SEST,7,139045,1200469,74007,FITA M31119 C/ GOMA POLIESTER COR 114 / COR 100 / COR 100,16MM,15757165,160,133756,0,27/05/2026,20/08/2026,0,,24/08/2026,,20/08/2026,,#N/A,1200469,FILA,
132,OK,DASS SEST,7,139045,1247438,83739,FITA M31119 C/ GOMA POLIESTER COR 114 / COR 100 / COR 100,16MM,15757165,160,133756,0,27/05/2026,20/08/2026,0,,24/08/2026,,20/08/2026,,#N/A,1247438,FILA,
133,OK,DASS SEST,7,139045,1200469,74007,FITA M31119 C/ GOMA POLIESTER COR 114 / COR 100 / COR 100,16MM,15757165,160,133756,0,27/05/2026,20/08/2026,0,,24/08/2026,,20/08/2026,,#N/A,1200469,FILA,
134,OK,DASS SEST,7,139045,1247438,83739,FITA M31119 C/ GOMA POLIESTER COR 114 / COR 100 / COR 100,16MM,15757165,160,133756,0,27/05/2026,20/08/2026,0,,24/08/2026,,20/08/2026,,#N/A,1247438,FILA,
157,OK,DASS SEST,7,139045,1200469,74007,FITA M31119 C/ GOMA POLIESTER COR 114 / COR 100 / COR 100,16MM,15757165,160,133756,0,27/05/2026,20/08/2026,0,,24/08/2026,,20/08/2026,,#N/A,1200469,FILA,
158,OK,DASS SEST,7,139045,1259457,86840,FITA M31119 C/ GOMA POLIESTER COR 102 / COR 100 / COR 100,16MM,15757165,270,133756,0,27/05/2026,20/08/2026,0,,24/08/2026,,20/08/2026,,#N/A,1259457,FILA,
159,OK,DASS SEST,7,139046,1200469,74007,ATAC. M60132 ALPINA COR 2001,135CM,15757173,216,133757,15744418SBF806248,27/05/2026,20/08/2026,0,,24/08/2026,,20/08/2026,,#N/A,1200469,FILA,
169,OK,DASS SEST,7,139045,1200469,74007,FITA M31119 C/ GOMA POLIESTER COR 114 / COR 100 / COR 100,16MM,15757165,160,133756,0,27/05/2026,20/08/2026,0,,24/08/2026,,20/08/2026,,#N/A,1200469,FILA,
170,OK,DASS SEST,7,139045,1247438,83739,FITA M31119 C/ GOMA POLIESTER COR 114 / COR 100 / COR 100,16MM,15757165,160,133756,0,27/05/2026,20/08/2026,0,,24/08/2026,,20/08/2026,,#N/A,1247438,FILA,
191,OK,DASS SEST,7,139045,1316829,87946,FITA M31119 C/ GOMA POLIESTER COR 114 / COR 100 / COR 100,16MM,15757165,160,133756,0,27/05/2026,20/08/2026,0,,24/08/2026,,20/08/2026,,#N/A,1316829,FILA,
192,OK,DASS SEST,7,139045,1320254,91023,FITA M31119 C/ GOMA POLIESTER COR 102 / COR 100 / COR 100,16MM,15757165,270,133756,0,27/05/2026,20/08/2026,0,,24/08/2026,,20/08/2026,,#N/A,1320254,FILA,
193,OK,DASS SEST,7,139046,1353470,92963,ATAC. M60132 ALPINA COR 2001,135CM,15757173,216,133757,15744418SBF806248,27/05/2026,20/08/2026,0,,24/08/2026,,20/08/2026,,#N/A,1353470,FILA,
194,OK,DASS SEST,7,139046,1316829,87946,ATAC. M60132 ALPINA COR 2001,145CM,15757173,216,133757,15744418SBF806248,27/05/2026,20/08/2026,0,,24/08/2026,,20/08/2026,,#N/A,1316829,FILA,
206,OK,DASS SEST,7,139045,1316829,87946,FITA M31119 C/ GOMA POLIESTER COR 114 / COR 100 / COR 100,16MM,15757165,160,133756,0,27/05/2026,20/08/2026,0,,24/08/2026,,20/08/2026,,#N/A,1316829,FILA,
207,OK,DASS SEST,7,139045,1320158,91407,FITA M31119 C/ GOMA POLIESTER COR 114 / COR 100 / COR 100,16MM,15757165,160,133756,0,27/05/2026,20/08/2026,0,,24/08/2026,,20/08/2026,,#N/A,1320158,FILA,
208,OK,DASS SEST,7,139045,1416741,95302,FITA M31119 C/ GOMA POLIESTER COR 114 / COR 100 / COR 100,16MM,15757165,160,133756,0,27/05/2026,20/08/2026,0,,24/08/2026,,20/08/2026,,#N/A,1416741,FILA,
223,OK,DASS SEST,7,139045,1316829,87946,FITA M31119 C/ GOMA POLIESTER COR 114 / COR 100 / COR 100,16MM,15757165,160,133756,0,27/05/2026,20/08/2026,0,,24/08/2026,,20/08/2026,,#N/A,1316829,FILA,
224,OK,DASS SEST,7,139045,1320254,91023,FITA M31119 C/ GOMA POLIESTER COR 102 / COR 100 / COR 100,16MM,15757165,270,133756,0,27/05/2026,20/08/2026,0,,24/08/2026,,20/08/2026,,#N/A,1320254,FILA,
225,OK,DASS SEST,7,139046,1353470,92963,ATAC. M60132 ALPINA COR 2001,135CM,15757173,216,133757,15744418SBF806248,27/05/2026,20/08/2026,0,,24/08/2026,,20/08/2026,,#N/A,1353470,FILA,
226,OK,DASS SEST,7,139046,1400623,95146,ATAC. M60132 ALPINA COR 2001,145CM,15757173,216,133757,15744418SBF806248,27/05/2026,20/08/2026,0,,24/08/2026,,20/08/2026,,#N/A,1400623,FILA,
280,OK,DASS SEST,7,139045,1220520,82624,FITA M31119 C/ GOMA POLIESTER COR 114 / COR 100 / COR 100,16MM,15757165,160,133756,0,27/05/2026,20/08/2026,0,,24/08/2026,,20/08/2026,,#N/A,1220520,FILA,
281,OK,DASS SEST,7,139045,1220520,82624,FITA M31119 C/ GOMA POLIESTER COR 114 / COR 100 / COR 100,16MM,15757165,160,133756,0,27/05/2026,20/08/2026,0,,24/08/2026,,20/08/2026,,#N/A,1220520,FILA,
282,OK,DASS SEST,7,139045,1359567,92356,FITA M31119 C/ GOMA POLIESTER COR 114 / COR 100 / COR 100,16MM,15757165,160,133756,0,27/05/2026,20/08/2026,0,,24/08/2026,,20/08/2026,,#N/A,1359567,FILA,
283,OK,DASS SEST,7,139045,1187785,74236,FITA M31119 C/ GOMA POLIESTER COR 114 / COR 100 / COR 100,16MM,15757165,160,133756,0,27/05/2026,20/08/2026,0,,24/08/2026,,20/08/2026,,#N/A,1187785,FILA,
284,OK,DASS SEST,7,139045,1342875,89905,FITA M31119 C/ GOMA POLIESTER COR 114 / COR 100 / COR 100,16MM,15757165,160,133756,0,27/05/2026,20/08/2026,0,,24/08/2026,,20/08/2026,,#N/A,1342875,FILA,
285,OK,DASS SEST,7,139045,1181716,74237,FITA M31119 C/ GOMA POLIESTER COR 114 / COR 100 / COR 100,16MM,15757165,160,133756,0,27/05/2026,20/08/2026,0,,24/08/2026,,20/08/2026,,#N/A,1181716,FILA,
286,OK,DASS SEST,7,139045,1194659,82625,FITA M31119 C/ GOMA POLIESTER COR 114 / COR 100 / COR 100,16MM,15757165,160,133756,0,27/05/2026,20/08/2026,0,,24/08/2026,,20/08/2026,,#N/A,1194659,FILA,
287,OK,DASS SEST,7,139045,1342875,89905,FITA M31119 C/ GOMA POLIESTER COR 114 / COR 100 / COR 100,16MM,15757165,160,133756,0,27/05/2026,20/08/2026,0,,24/08/2026,,20/08/2026,,#N/A,1342875,FILA,
288,OK,DASS SEST,7,139045,1194659,82625,FITA M31119 C/ GOMA POLIESTER COR 114 / COR 100 / COR 100,16MM,15757165,160,133756,0,27/05/2026,20/08/2026,0,,24/08/2026,,20/08/2026,,#N/A,1194659,FILA,
303,OK,DASS SEST,7,139045,1220520,82624,FITA M31119 C/ GOMA POLIESTER COR 114 / COR 100 / COR 100,16MM,15757165,160,133756,0,27/05/2026,20/08/2026,0,,24/08/2026,,20/08/2026,,#N/A,1220520,FILA,
328,OK,DASS SEST,7,139045,1220520,82624,FITA M31119 C/ GOMA POLIESTER COR 114 / COR 100 / COR 100,16MM,15757165,160,133756,0,27/05/2026,20/08/2026,0,,24/08/2026,,20/08/2026,,#N/A,1220520,FILA,
329,OK,DASS SEST,7,139045,1142481,73127,FITA M31119 C/ GOMA POLIESTER COR 114 / COR 100 / COR 100,16MM,15757165,160,133756,0,27/05/2026,20/08/2026,0,,24/08/2026,,20/08/2026,,#N/A,1142481,FILA,
330,OK,DASS SEST,7,139045,1359564,90803,FITA M31119 C/ GOMA POLIESTER COR 114 / COR 100 / COR 100,16MM,15757165,160,133756,0,27/05/2026,20/08/2026,0,,24/08/2026,,20/08/2026,,#N/A,1359564,FILA,
331,OK,DASS SEST,7,139045,1220520,82624,FITA M31119 C/ GOMA POLIESTER COR 114 / COR 100 / COR 100,16MM,15757165,160,133756,0,27/05/2026,20/08/2026,0,,24/08/2026,,20/08/2026,,#N/A,1220520,FILA,
332,OK,DASS SEST,7,139045,1200469,74007,FITA M31119 C/ GOMA POLIESTER COR 114 / COR 100 / COR 100,16MM,15757165,160,133756,0,27/05/2026,20/08/2026,0,,24/08/2026,,20/08/2026,,#N/A,1200469,FILA,
333,OK,DASS SEST,7,139045,1233820,84961,FITA M31119 C/ GOMA POLIESTER COR 114 / COR 100 / COR 100,16MM,15757165,160,133756,0,27/05/2026,20/08/2026,0,,24/08/2026,,20/08/2026,,#N/A,1233820,FILA,
334,OK,DASS SEST,7,139045,1142481,73127,FITA M31119 C/ GOMA POLIESTER COR 114 / COR 100 / COR 100,16MM,15757165,160,133756,0,27/05/2026,20/08/2026,0,,24/08/2026,,20/08/2026,,#N/A,1142481,FILA,
335,OK,DASS SEST,7,139045,1424989,94242,FITA M31119 C/ GOMA POLIESTER COR 114 / COR 100 / COR 100,16MM,15757165,160,133756,0,27/05/2026,20/08/2026,0,,24/08/2026,,20/08/2026,,#N/A,1424989,FILA,
336,OK,DASS SEST,7,139045,1200469,74007,FITA M31119 C/ GOMA POLIESTER COR 114 / COR 100 / COR 100,16MM,15757165,160,133756,0,27/05/2026,20/08/2026,0,,24/08/2026,,20/08/2026,,#N/A,1200469,FILA,
337,OK,DASS SEST,7,139045,1142481,73127,FITA M31119 C/ GOMA POLIESTER COR 114 / COR 100 / COR 100,16MM,15757165,160,133756,0,27/05/2026,20/08/2026,0,,24/08/2026,,20/08/2026,,#N/A,1142481,FILA,
338,OK,DASS SEST,7,139045,1359564,90803,FITA M31119 C/ GOMA POLIESTER COR 114 / COR 100 / COR 100,16MM,15757165,160,133756,0,27/05/2026,20/08/2026,0,,24/08/2026,,20/08/2026,,#N/A,1359564,FILA,
339,OK,DASS SEST,7,139045,1425159,94239,FITA M31119 C/ GOMA POLIESTER COR 114 / COR 100 / COR 100,16MM,15757165,160,133756,0,27/05/2026,20/08/2026,0,,24/08/2026,,20/08/2026,,#N/A,1425159,FILA,
892,OK,DASS SEST,7,139045,1316829,87946,FITA M31119 C/ GOMA POLIESTER COR 114 / COR 100 / COR 100,16MM,15757165,160,133756,0,27/05/2026,20/08/2026,0,,24/08/2026,,20/08/2026,,#N/A,1316829,FILA,
893,OK,DASS SEST,7,139045,1324887,88286,FITA M31119 C/ GOMA POLIESTER COR 102 / COR 100 / COR 100,16MM,15757165,270,133756,0,27/05/2026,20/08/2026,0,,24/08/26,,20/08/2026,,#N/A,1324887,FILA,
894,OK,DASS SEST,7,139046,1324782,88618,ATAC. M60132 ALPINA COR 2001,135CM,15757173,216,133757,15744418SBF806248,27/05/2026,20/08/2026,0,,24/08/26,,20/08/2026,,#N/A,1324782,FILA,
895,OK,DASS SEST,7,139046,1379936,92571,ATAC. M60132 ALPINA COR 2001,145CM,15757173,216,133757,15744418SBF806248,27/05/2026,20/08/2026,0,,24/08/26,,20/08/2026,,#N/A,1379936,FILA,
908,OK,DASS SEST,7,139045,1316829,87946,FITA M31119 C/ GOMA POLIESTER COR 114 / COR 100 / COR 100,16MM,15757165,160,133756,0,27/05/2026,20/08/2026,0,,24/08/26,,20/08/2026,,#N/A,1316829,FILA,
909,OK,DASS SEST,7,139045,1324887,88286,FITA M31119 C/ GOMA POLIESTER COR 114 / COR 100 / COR 100,16MM,15757165,160,133756,0,27/05/2026,20/08/2026,0,,24/08/26,,20/08/2026,,#N/A,1324887,FILA,
910,OK,DASS SEST,7,139045,1401826,95145,FITA M31119 C/ GOMA POLIESTER COR 114 / COR 100 / COR 100,16MM,15757165,160,133756,0,27/05/2026,20/08/2026,0,,24/08/26,,20/08/2026,,#N/A,1401826,FILA,
911,OK,DASS SEST,7,139045,1400623,95146,FITA M31119 C/ GOMA POLIESTER COR 114 / COR 100 / COR 100,16MM,15757165,160,133756,0,27/05/2026,20/08/2026,0,,24/08/26,,20/08/2026,,#N/A,1400623,FILA,
916,OK,DASS SEST,7,139045,1416744,95300,FITA M31119 C/ GOMA POLIESTER COR 114 / COR 100 / COR 100,16MM,15757165,160,133756,0,27/05/2026,20/08/2026,0,,24/08/26,,20/08/2026,,#N/A,1416744,FILA,
917,OK,DASS SEST,7,139045,1353470,92963,FITA M31119 C/ GOMA POLIESTER COR 102 / COR 100 / COR 100,16MM,15757165,270,133756,0,27/05/2026,20/08/2026,0,,24/08/26,,20/08/2026,,#N/A,1353470,FILA,
918,OK,DASS SEST,7,139046,1320158,91407,ATAC. M60132 ALPINA COR 2001,135CM,15757173,216,133757,15744418SBF806248,27/05/2026,20/08/2026,0,,24/08/26,,20/08/2026,,#N/A,1320158,FILA,
1219,OK,DASS SEST,7,139045,965421,74014,FITA M31119 C/ GOMA POLIESTER COR 114 / COR 100 / COR 100,16MM,15757165,160,133756,0,27/05/2026,20/08/2026,0,,24/08/26,,20/08/2026,,#N/A,965421,FILA,
1220,OK,DASS SEST,7,139045,1341133,91535,FITA M31119 C/ GOMA POLIESTER COR 114 / COR 100 / COR 100,16MM,15757165,160,133756,0,27/05/2026,20/08/2026,0,,24/08/26,,20/08/2026,,#N/A,1341133,FILA,
1221,OK,DASS SEST,7,139045,965421,74014,FITA M31119 C/ GOMA POLIESTER COR 114 / COR 100 / COR 100,16MM,15757165,160,133756,0,27/05/2026,20/08/2026,0,,24/08/26,,20/08/2026,,#N/A,965421,FILA,
1222,OK,DASS SEST,7,139045,1181716,74237,FITA M31119 C/ GOMA POLIESTER COR 114 / COR 100 / COR 100,16MM,15757165,160,133756,0,27/05/2026,20/08/2026,0,,24/08/26,,20/08/2026,,#N/A,1181716,FILA,
1223,OK,DASS SEST,7,139045,1194659,82625,FITA M31119 C/ GOMA POLIESTER COR 114 / COR 100 / COR 100,16MM,15757165,160,133756,0,27/05/2026,20/08/2026,0,,24/08/26,,20/08/2026,,#N/A,1194659,FILA,
1224,OK,DASS SEST,7,139045,1181716,74237,FITA M31119 C/ GOMA POLIESTER COR 114 / COR 100 / COR 100,16MM,15757165,160,133756,0,27/05/2026,20/08/2026,0,,24/08/26,,20/08/2026,,#N/A,1181716,FILA,
1225,OK,DASS SEST,7,139045,1194659,82625,FITA M31119 C/ GOMA POLIESTER COR 114 / COR 100 / COR 100,16MM,15757165,160,133756,0,27/05/2026,20/08/2026,0,,24/08/26,,20/08/2026,,#N/A,1194659,FILA,
1226,OK,DASS SEST,7,139045,1194659,82625,FITA M31119 C/ GOMA POLIESTER COR 114 / COR 100 / COR 100,16MM,15757165,160,133756,0,27/05/2026,20/08/2026,0,,24/08/26,,20/08/2026,,#N/A,1194659,FILA,
1239,OK,DASS SEST,7,139045,1271908,86226,FITA M31119 C/ GOMA POLIESTER COR 114 / COR 100 / COR 100,16MM,15757165,160,133756,0,27/05/2026,20/08/2026,0,,24/08/26,,20/08/2026,,#N/A,1271908,FILA,
1240,OK,DASS SEST,7,139045,1289388,87886,FITA M31119 C/ GOMA POLIESTER COR 102 / COR 100 / COR 100,16MM,15757165,270,133756,0,27/05/2026,20/08/2026,0,,24/08/26,,20/08/2026,,#N/A,1289388,FILA,
1241,OK,DASS SEST,7,139046,1271907,92959,ATAC. M60132 ALPINA COR 2001,135CM,15757173,216,133757,15744418SBF806248,27/05/2026,20/08/2026,0,,24/08/26,,20/08/2026,,#N/A,1271907,FILA,
1242,OK,DASS SEST,7,139046,1287981,87581,ATAC. M60132 ALPINA COR 2001,145CM,15757173,216,133757,15744418SBF806248,27/05/2026,20/08/2026,0,,24/08/26,,20/08/2026,,#N/A,1287981,FILA,
1268,OK,DASS SEST,7,139045,1065278,74237,FITA M31119 C/ GOMA POLIESTER COR 114 / COR 100 / COR 100,16MM,15757165,160,133756,0,27/05/2026,20/08/2026,0,,24/08/26,,20/08/2026,,#N/A,1065278,FILA,
1269,OK,DASS SEST,7,139045,1065278,74237,FITA M31119 C/ GOMA POLIESTER COR 114 / COR 100 / COR 100,16MM,15757165,160,133756,0,27/05/2026,20/08/2026,0,,24/08/26,,20/08/2026,,#N/A,1065278,FILA,
1294,OK,DASS SEST,7,139045,1065278,74237,FITA M31119 C/ GOMA POLIESTER COR 114 / COR 100 / COR 100,16MM,15757165,160,133756,0,27/05/2026,20/08/2026,0,,24/08/26,,20/08/2026,,#N/A,1065278,FILA,
1403,OK,DASS SEST,7,139045,108955,70164,FITA M31119 C/ GOMA POLIESTER COR 114 / COR 100 / COR 100,16MM,15757165,160,133756,0,27/05/2026,20/08/2026,0,,24/08/26,,20/08/2026,,#N/A,108955,FILA,
1404,OK,DASS SEST,7,139045,1081588,73589,FITA M31119 C/ GOMA POLIESTER COR 114 / COR 100 / COR 100,16MM,15757165,160,133756,0,27/05/2026,20/08/2026,0,,24/08/26,,20/08/2026,,#N/A,1081588,FILA,
1405,OK,DASS SEST,7,139045,1104264,74030,FITA M31119 C/ GOMA POLIESTER COR 114 / COR 100 / COR 100,16MM,15757165,160,133756,0,27/05/2026,20/08/2026,0,,24/08/26,,20/08/2026,,#N/A,1104264,FILA,
1406,OK,DASS SEST,7,139045,112354,71376,FITA M31119 C/ GOMA POLIESTER COR 114 / COR 100 / COR 100,16MM,15757165,160,133756,0,27/05/2026,20/08/2026,0,,24/08/26,,20/08/2026,,#N/A,112354,FILA,
1407,OK,DASS SEST,7,139045,1146621,78187,FITA M31119 C/ GOMA POLIESTER COR 114 / COR 100 / COR 100,16MM,15757165,160,133756,0,27/05/2026,20/08/2026,0,,24/08/26,,20/08/2026,,#N/A,1146621,FILA,
1408,OK,DASS SEST,7,139045,1353470,92963,FITA M31119 C/ GOMA POLIESTER COR 114 / COR 100 / COR 100,16MM,15757165,160,133756,0,27/05/2026,20/08/2026,0,,24/08/26,,20/08/2026,,#N/A,1353470,FILA,
1409,OK,DASS SEST,7,139045,1320199,95176,FITA M31119 C/ GOMA POLIESTER COR 114 / COR 100 / COR 100,16MM,15757165,160,133756,0,27/05/2026,20/08/2026,0,,24/08/26,,20/08/2026,,#N/A,1320199,FILA,
1410,OK,DASS SEST,7,139045,1104263,74279,FITA M31119 C/ GOMA POLIESTER COR 114 / COR 100 / COR 100,16MM,15757165,160,133756,0,27/05/2026,20/08/2026,0,,24/08/26,,20/08/2026,,#N/A,1104263,FILA,
1411,OK,DASS SEST,7,139045,1146621,78187,FITA M31119 C/ GOMA POLIESTER COR 114 / COR 100 / COR 100,16MM,15757165,160,133756,0,27/05/2026,20/08/2026,0,,24/08/26,,20/08/2026,,#N/A,1146621,FILA,
1412,OK,DASS SEST,7,139045,1406202,92300,FITA M31119 C/ GOMA POLIESTER COR 114 / COR 100 / COR 100,16MM,15757165,160,133756,0,27/05/2026,20/08/2026,0,,24/08/26,,20/08/2026,,#N/A,1406202,FILA,
1413,OK,DASS SEST,7,139045,1417375,93286,FITA M31119 C/ GOMA POLIESTER COR 114 / COR 100 / COR 100,16MM,15757165,160,133756,0,27/05/2026,20/08/2026,0,,24/08/26,,20/08/2026,,#N/A,1417375,FILA,
1414,OK,DASS SEST,7,139045,1320199,95176,FITA M31119 C/ GOMA POLIESTER COR 114 / COR 100 / COR 100,16MM,15757165,160,133756,0,27/05/2026,20/08/2026,0,,24/08/26,,20/08/2026,,#N/A,1320199,FILA,
1415,OK,DASS SEST,7,139045,1416908,95301,FITA M31119 C/ GOMA POLIESTER COR 114 / COR 100 / COR 100,16MM,15757165,160,133756,0,27/05/2026,20/08/2026,0,,24/08/26,,20/08/2026,,#N/A,1416908,FILA,
1416,OK,DASS SEST,7,139045,1406217,95486,FITA M31119 C/ GOMA POLIESTER COR 114 / COR 100 / COR 100,16MM,15757165,160,133756,0,27/05/2026,20/08/2026,0,,24/08/26,,20/08/2026,,#N/A,1406217,FILA,
1417,OK,DASS SEST,7,139045,1406222,95712,FITA M31119 C/ GOMA POLIESTER COR 114 / COR 100 / COR 100,16MM,15757165,160,133756,0,27/05/2026,20/08/2026,0,,24/08/26,,20/08/2026,,#N/A,1406222,FILA,
1418,OK,DASS SEST,7,139045,1416744,95300,FITA M31119 C/ GOMA POLIESTER COR 114 / COR 100 / COR 100,16MM,15757165,160,133756,0,27/05/2026,20/08/2026,0,,24/08/26,,20/08/2026,,#N/A,1416744,FILA,
1419,OK,DASS SEST,7,139045,1416741,95302,FITA M31119 C/ GOMA POLIESTER COR 114 / COR 100 / COR 100,16MM,15757165,160,133756,0,27/05/2026,20/08/2026,0,,24/08/26,,20/08/2026,,#N/A,1416741,FILA,
1420,OK,DASS SEST,7,139045,1416741,95302,FITA M31119 C/ GOMA POLIESTER COR 114 / COR 100 / COR 100,16MM,15757165,160,133756,0,27/05/2026,20/08/2026,0,,24/08/26,,20/08/2026,,#N/A,1416741,FILA,
1421,OK,DASS SEST,7,139045,1416741,95302,FITA M31119 C/ GOMA POLIESTER COR 114 / COR 100 / COR 100,16MM,15757165,160,133756,0,27/05/2026,20/08/2026,0,,24/08/26,,20/08/2026,,#N/A,1416741,FILA,
1422,OK,DASS SEST,7,139045,108955,70164,FITA M31119 C/ GOMA POLIESTER COR 114 / COR 100 / COR 100,16MM,15757165,160,133756,0,27/05/2026,20/08/2026,0,,24/08/26,,20/08/2026,,#N/A,108955,FILA,
1423,OK,DASS SEST,7,139045,1081588,73589,FITA M31119 C/ GOMA POLIESTER COR 114 / COR 100 / COR 100,16MM,15757165,160,133756,0,27/05/2026,20/08/2026,0,,24/08/26,,20/08/2026,,#N/A,1081588,FILA,
1424,OK,DASS SEST,7,139045,1287882,85997,FITA M31119 C/ GOMA POLIESTER COR 114 / COR 100 / COR 100,16MM,15757165,160,133756,0,27/05/2026,20/08/2026,0,,24/08/26,,20/08/2026,,#N/A,1287882,FILA,
1425,OK,DASS SEST,7,139045,108955,70164,FITA M31119 C/ GOMA POLIESTER COR 114 / COR 100 / COR 100,16MM,15757165,160,133756,0,27/05/2026,20/08/2026,0,,24/08/26,,20/08/2026,,#N/A,108955,FILA,
1426,OK,DASS SEST,7,139045,1287882,85997,FITA M31119 C/ GOMA POLIESTER COR 114 / COR 100 / COR 100,16MM,15757165,160,133756,0,27/05/2026,20/08/2026,0,,24/08/26,,20/08/2026,,#N/A,1287882,FILA,
1427,OK,DASS SEST,7,139045,1316853,87520,FITA M31119 C/ GOMA POLIESTER COR 114 / COR 100 / COR 100,16MM,15757165,160,133756,0,27/05/2026,20/08/2026,0,,24/08/26,,20/08/2026,,#N/A,1316853,FILA,
1428,OK,DASS SEST,7,139045,1360138,90526,FITA M31119 C/ GOMA POLIESTER COR 114 / COR 100 / COR 100,16MM,15757165,160,133756,0,27/05/2026,20/08/2026,0,,24/08/26,,20/08/2026,,#N/A,1360138,FILA,
1429,OK,DASS SEST,7,139045,1324891,88266,FITA M31119 C/ GOMA POLIESTER COR 114 / COR 100 / COR 100,16MM,15757165,160,133756,0,27/05/2026,20/08/2026,0,,24/08/26,,20/08/2026,,#N/A,1324891,FILA,
1430,OK,DASS SEST,7,139045,1360126,92964,FITA M31119 C/ GOMA POLIESTER COR 114 / COR 100 / COR 100,16MM,15757165,160,133756,0,27/05/2026,20/08/2026,0,,24/08/26,,20/08/2026,,#N/A,1360126,FILA,
1431,OK,DASS SEST,7,139045,1271908,86226,FITA M31119 C/ GOMA POLIESTER COR 114 / COR 100 / COR 100,16MM,15757165,160,133756,0,27/05/2026,20/08/2026,0,,24/08/26,,20/08/2026,,#N/A,1271908,FILA,
1432,OK,DASS SEST,7,139045,1287981,87581,FITA M31119 C/ GOMA POLIESTER COR 114 / COR 100 / COR 100,16MM,15757165,160,133756,0,27/05/2026,20/08/2026,0,,24/08/26,,20/08/2026,,#N/A,1287981,FILA,
1433,OK,DASS SEST,7,139045,1394708,92487,FITA M31119 C/ GOMA POLIESTER COR 114 / COR 100 / COR 100,16MM,15757165,160,133756,0,27/05/2026,20/08/2026,0,,24/08/26,,20/08/2026,,#N/A,1394708,FILA,
1434,OK,DASS SEST,7,139045,1245602,93556,FITA M31119 C/ GOMA POLIESTER COR 114 / COR 100 / COR 100,16MM,15757165,160,133756,0,27/05/2026,20/08/2026,0,,24/08/26,,20/08/2026,,#N/A,1245602,FILA,
1435,OK,DASS SEST,7,139045,1356824,90475,FITA M31119 C/ GOMA POLIESTER COR 114 / COR 100 / COR 100,16MM,15757165,160,133756,0,27/05/2026,20/08/2026,0,,24/08/26,,20/08/2026,,#N/A,1356824,FILA,
1436,OK,DASS SEST,7,139045,1394642,92688,FITA M31119 C/ GOMA POLIESTER COR 114 / COR 100 / COR 100,16MM,15757165,160,133756,0,27/05/2026,20/08/2026,0,,24/08/26,,20/08/2026,,#N/A,1394642,FILA,
1437,OK,DASS SEST,7,139045,1438056,94913,FITA M31119 C/ GOMA POLIESTER COR 114 / COR 100 / COR 100,16MM,15757165,160,133756,0,27/05/2026,20/08/2026,0,,24/08/26,,20/08/2026,,#N/A,1438056,FILA,
1438,OK,DASS SEST,7,139045,1416741,95302,FITA M31119 C/ GOMA POLIESTER COR 114 / COR 100 / COR 100,16MM,15757165,160,133756,0,27/05/2026,20/08/2026,0,,24/08/26,,20/08/2026,,#N/A,1416741,FILA,
1439,OK,DASS SEST,7,139045,1405825,93208,FITA M31119 C/ GOMA POLIESTER COR 114 / COR 100 / COR 100,16MM,15757165,160,133756,0,27/05/2026,20/08/2026,0,,24/08/26,,20/08/2026,,#N/A,1405825,FILA,
1475,OK,DASS SEST,7,139045,1065276,74236,FITA M31119 C/ GOMA POLIESTER COR 114 / COR 100 / COR 100,16MM,15757165,160,133756,0,27/05/2026,20/08/2026,0,,24/08/26,,20/08/2026,,#N/A,1065276,FILA,
1476,OK,DASS SEST,7,139045,1065278,74237,FITA M31119 C/ GOMA POLIESTER COR 102 / COR 100 / COR 100,16MM,15757165,270,133756,0,27/05/2026,20/08/2026,0,,24/08/26,,20/08/2026,,#N/A,1065278,FILA,
1477,OK,DASS SEST,7,139046,1065276,74236,ATAC. M60132 ALPINA COR 2001,135CM,15757173,216,133757,15744418SBF806248,27/05/2026,20/08/2026,0,,24/08/26,,20/08/2026,,#N/A,1065276,FILA,
1490,OK,DASS SEST,7,139045,1065276,74236,FITA M31119 C/ GOMA POLIESTER COR 114 / COR 100 / COR 100,16MM,15757165,160,133756,0,27/05/2026,20/08/2026,0,,24/08/26,,20/08/2026,,#N/A,1065276,FILA,
1491,OK,DASS SEST,7,139045,1065278,74237,FITA M31119 C/ GOMA POLIESTER COR 114 / COR 100 / COR 100,16MM,15757165,160,133756,0,27/05/2026,20/08/2026,0,,24/08/26,,20/08/2026,,#N/A,1065278,FILA,
1500,OK,DASS SEST,7,139045,1065276,74236,FITA M31119 C/ GOMA POLIESTER COR 114 / COR 100 / COR 100,16MM,15757165,160,133756,0,27/05/2026,20/08/2026,0,,24/08/26,,20/08/2026,,#N/A,1065276,FILA,
1513,OK,DASS SEST,7,139045,1065276,74236,FITA M31119 C/ GOMA POLIESTER COR 114 / COR 100 / COR 100,16MM,15757165,160,133756,0,27/05/2026,20/08/2026,0,,24/08/26,,20/08/2026,,#N/A,1065276,FILA,
1526,OK,DASS SEST,7,139045,1403524,92945,FITA M31119 C/ GOMA POLIESTER COR 114 / COR 100 / COR 100,16MM,15757165,160,133756,0,27/05/2026,20/08/2026,0,,24/08/26,,20/08/2026,,#N/A,1403524,FILA,
1527,OK,DASS SEST,7,139045,1403527,92950,FITA M31119 C/ GOMA POLIESTER COR 102 / COR 100 / COR 100,16MM,15757165,270,133756,0,27/05/2026,20/08/2026,0,,24/08/26,,20/08/2026,,#N/A,1403527,FILA,
1528,OK,DASS ITABERABA,70,139562,1051608,73819,ATAC. M21020 8MM POLIESTER COR 114,115CM,15814013,216,134309,15800641SBF806269,11/06/2026,20/08/2026,0,,24/08/26,,20/08/2026,,#N/A,1051608,FILA,
1529,OK,DASS ITABERABA,70,139562,1051608,73819,ATAC. M21020 8MM POLIESTER COR 114,125CM,15814013,216,134309,15800641SBF806269,11/06/2026,20/08/2026,0,,24/08/26,,20/08/2026,,#N/A,1051608,FILA,
1530,OK,DASS ITABERABA,70,139562,813443,73821,ATAC. M21020 8MM POLIESTER COR 100,115CM,15814013,216,134309,15800633SBF806268,11/06/2026,20/08/2026,0,,24/08/26,,20/08/2026,,#N/A,813443,FILA,
1531,OK,DASS ITABERABA,70,139562,813443,73821,ATAC. M21020 8MM POLIESTER COR 100,125CM,15814013,216,134309,15800633SBF806268,11/06/2026,20/08/2026,0,,24/08/26,,20/08/2026,,#N/A,813443,FILA,
1534,OK,DASS SEST,7,139045,898941,70164,FITA M31119 C/ GOMA POLIESTER COR 114 / COR 100 / COR 100,16MM,15757165,160,133756,0,27/05/2026,20/08/2026,0,,24/08/26,,20/08/2026,,#N/A,898941,FILA,
1535,OK,DASS SEST,7,139045,783896,70164,FITA M31119 C/ GOMA POLIESTER COR 114 / COR 100 / COR 100,16MM,15757165,160,133756,0,27/05/2026,20/08/2026,0,,24/08/26,,20/08/2026,,#N/A,783896,FILA,
1536,OK,DASS SEST,7,139045,1104264,74030,FITA M31119 C/ GOMA POLIESTER COR 114 / COR 100 / COR 100,16MM,15757165,160,133756,0,27/05/2026,20/08/2026,0,,24/08/26,,20/08/2026,,#N/A,1104264,FILA,
1537,OK,DASS SEST,7,139045,1273335,85997,FITA M31119 C/ GOMA POLIESTER COR 114 / COR 100 / COR 100,16MM,15757165,160,133756,0,27/05/2026,20/08/2026,0,,24/08/26,,20/08/2026,,#N/A,1273335,FILA,
1538,OK,DASS SEST,7,139045,1411787,86298,FITA M31119 C/ GOMA POLIESTER COR 114 / COR 100 / COR 100,16MM,15757165,160,133756,0,27/05/2026,20/08/2026,0,,24/08/26,,20/08/2026,,#N/A,1411787,FILA,
1539,OK,DASS SEST,7,139045,1324782,88618,FITA M31119 C/ GOMA POLIESTER COR 114 / COR 100 / COR 100,16MM,15757165,160,133756,0,27/05/2026,20/08/2026,0,,24/08/26,,20/08/2026,,#N/A,1324782,FILA,
1546,OK,DASS ITABERABA,70,140510,1175396,75595,ATAC. M13725 6MM POLIESTER COR 100,100CM,15896320,276,135187,15889173BRITB00543,06/07/2026,20/08/2026,0,,24/08/26,,20/08/2026,,#N/A,1175396,FILA,
1550,OK,DASS ITABERABA,70,140510,1175396,75595,ATAC. M13725 6MM POLIESTER COR 100,110CM,15896320,480,135187,15889173BRITB00543,06/07/2026,20/08/2026,0,,24/08/26,,20/08/2026,,#N/A,1175396,FILA,
1552,OK,DASS ITABERABA,70,140510,1321091,90891,ATAC. M13725 6MM POLIESTER COR 5703,90CM,15896320,324,135187,15889184BRITB00544,06/07/2026,20/08/2026,0,,24/08/2026,,20/08/2026,,#N/A,1321091,FILA,
1555,OK,DASS ITABERABA,70,140510,1321091,90891,ATAC. M13725 6MM POLIESTER COR 5703,100CM,15896320,336,135187,15889139BRITB00543,06/07/2026,20/08/2026,0,,24/08/2026,,20/08/2026,,#N/A,1321091,FILA,
1560,OK,DASS ITABERABA,70,140510,1321091,90891,ATAC. M13725 6MM POLIESTER COR 5703,110CM,15896320,576,135187,15889139BRITB00543,06/07/2026,20/08/2026,0,,24/08/2026,,20/08/2026,,#N/A,1321091,FILA,
1562,OK,DASS ITABERABA,70,140510,1176326,75611,ATAC. M13727 POLIESTER COR 100 / COR 263,100CM,15896320,372,135187,15889217BRITB00539,06/07/2026,20/08/2026,0,,24/08/2026,,20/08/2026,,#N/A,1176326,FILA,
1563,OK,DASS ITABERABA,70,140510,1176326,75611,ATAC. M13727 POLIESTER COR 100 / COR 263,110CM,15896320,264,135187,15889217BRITB00539,06/07/2026,20/08/2026,0,,24/08/2026,,20/08/2026,,#N/A,1176326,FILA,
1564,OK,DASS ITABERABA,70,140510,1286937,87968,ATAC. M13727 POLIESTER COR 114 / COR 5535,90CM,15896320,288,135187,15889240BRITB00542,06/07/2026,20/08/2026,0,,24/08/2026,,20/08/2026,,#N/A,1286937,FILA,
1565,OK,DASS ITABERABA,70,140510,1286937,87968,ATAC. M13727 POLIESTER COR 114 / COR 5535,100CM,15896320,228,135187,15889240BRITB00542,06/07/2026,20/08/2026,0,,24/08/2026,,20/08/2026,,#N/A,1286937,FILA,
1566,OK,DASS ITABERABA,70,140510,1403289,95778,ATAC. M13727 POLIESTER COR 4039 / COR 114,100CM,15896320,432,135187,15889239BRITB00539,06/07/2026,20/08/2026,0,,24/08/2026,,20/08/2026,,#N/A,1403289,FILA,
1567,OK,DASS ITABERABA,70,140510,1403289,95778,ATAC. M13727 POLIESTER COR 4039 / COR 114,110CM,15896320,216,135187,15889239BRITB00539,06/07/2026,20/08/2026,0,,24/08/2026,,20/08/2026,,#N/A,1403289,FILA,
1568,OK,DASS SEST,7,139045,783896,70164,FITA M31119 C/ GOMA POLIESTER COR 114 / COR 100 / COR 100,16MM,15757165,160,133756,0,27/05/2026,20/08/2026,0,,24/08/2026,,20/08/2026,,#N/A,783896,FILA,
1587,OK,DASS SEST,7,139045,998350,70164,FITA M31119 C/ GOMA POLIESTER COR 114 / COR 100 / COR 100,16MM,15757165,160,133756,0,27/05/2026,20/08/2026,0,,24/08/2026,,20/08/2026,,#N/A,998350,FILA,
1588,OK,DASS SEST,7,139045,816595,71376,FITA M31119 C/ GOMA POLIESTER COR 114 / COR 100 / COR 100,16MM,15757165,160,133756,0,27/05/2026,20/08/2026,0,,24/08/2026,,20/08/2026,,#N/A,816595,FILA,
1589,OK,DASS SEST,7,139045,903140,72801,FITA M31119 C/ GOMA POLIESTER COR 114 / COR 100 / COR 100,16MM,15757165,160,133756,0,27/05/2026,20/08/2026,0,,24/08/2026,,20/08/2026,,#N/A,903140,FILA,
1590,OK,DASS SEST,7,139045,1403309,92883,FITA M31119 C/ GOMA POLIESTER COR 114 / COR 100 / COR 100,16MM,15757165,160,133756,0,27/05/2026,20/08/2026,0,,24/08/2026,,20/08/2026,,#N/A,1403309,FILA,
1619,OK,DASS SEST,7,139045,1392976,94360,FITA M31119 C/ GOMA POLIESTER COR 114 / COR 100 / COR 100,16MM,15757165,160,133756,0,27/05/2026,20/08/2026,0,,24/08/2026,,20/08/2026,,#N/A,1392976,FILA,
1620,OK,DASS SEST,7,139045,1392976,94360,FITA M31119 C/ GOMA POLIESTER COR 102 / COR 100 / COR 100,16MM,15757165,270,133756,0,27/05/2026,20/08/2026,0,,24/08/2026,,20/08/2026,,#N/A,1392976,FILA,
1649,OK,DASS SEST,7,139045,1400176,93022,FITA M31119 C/ GOMA POLIESTER COR 114 / COR 100 / COR 100,16MM,15757165,160,133756,0,27/05/2026,20/08/2026,0,,24/08/26,,20/08/2026,,#N/A,1400176,FILA,
1652,OK,DASS ITABERABA,70,141494,1321091,90891,ATAC. M13725 6MM POLIESTER COR 5703,90CM,16003576,372,136132,15994438BRITB00553,03/08/2026,20/08/2026,0,,24/08/26,,20/08/2026,,#N/A,1321091,FILA,NORMAL
1654,OK,DASS ITABERABA,70,141494,1390643,95781,ATAC. M13727 POLIESTER COR 114 / COR 100,90CM,16003576,348,136132,15994446BRITB00552,03/08/2026,20/08/2026,0,,24/08/2026,,20/08/2026,,#N/A,1390643,FILA,NORMAL
1656,OK,DASS ITABERABA,70,141494,1390643,95781,ATAC. M13727 POLIESTER COR 114 / COR 100,100CM,16003576,384,136132,15994446BRITB00552,03/08/2026,20/08/2026,0,,24/08/2026,,20/08/2026,,#N/A,1390643,FILA,NORMAL
1657,OK,DASS ITABERABA,70,141494,1390643,95781,ATAC. M13727 POLIESTER COR 114 / COR 100,110CM,16003576,228,136132,15994445BRITB00548,03/08/2026,20/08/2026,0,,24/08/2026,,20/08/2026,,#N/A,1390643,FILA,NORMAL
1673,OK,DASS SEST,7,139045,1175396,75595,FITA M31119 C/ GOMA POLIESTER COR 114 / COR 100 / COR 100,16MM,15757165,160,133756,0,27/05/2026,20/08/2026,0,,24/08/2026,,20/08/2026,,#N/A,1175396,FILA,
1674,OK,DASS SEST,7,139045,1175396,75595,FITA M31119 C/ GOMA POLIESTER COR 102 / COR 100 / COR 100,16MM,15757165,270,133756,0,27/05/2026,20/08/2026,0,,24/08/2026,,20/08/2026,,#N/A,1175396,FILA,
1677,OK,DASS SEST,7,139045,1314384,75662,FITA M31119 C/ GOMA POLIESTER COR 114 / COR 100 / COR 100,16MM,15757165,160,133756,0,27/05/2026,20/08/2026,0,,24/08/2026,,20/08/2026,,#N/A,1314384,FILA,
1678,OK,DASS SEST,7,139045,1314384,75662,FITA M31119 C/ GOMA POLIESTER COR 114 / COR 100 / COR 100,16MM,15757165,160,133756,0,27/05/2026,20/08/2026,0,,24/08/2026,,20/08/2026,,#N/A,1314384,FILA,
1679,OK,DASS SEST,7,139045,1314384,75662,FITA M31119 C/ GOMA POLIESTER COR 114 / COR 100 / COR 100,16MM,15757165,160,133756,0,27/05/2026,20/08/2026,0,,24/08/2026,,20/08/2026,,#N/A,1314384,FILA,
1686,OK,DASS SEST,7,139045,816378,76524,FITA M31119 C/ GOMA POLIESTER COR 114 / COR 100 / COR 100,16MM,15757165,160,133756,0,27/05/2026,20/08/2026,0,,24/08/2026,,20/08/2026,,#N/A,816378,FILA,
1687,OK,DASS SEST,7,139045,816378,76524,FITA M31119 C/ GOMA POLIESTER COR 102 / COR 100 / COR 100,16MM,15757165,270,133756,0,27/05/2026,20/08/2026,0,,24/08/2026,,20/08/2026,,#N/A,816378,FILA,
1688,OK,DASS SEST,7,139046,816378,76524,ATAC. M60132 ALPINA COR 2001,135CM,15757173,216,133757,15744418SBF806248,27/05/2026,20/08/2026,0,,24/08/2026,,20/08/2026,,#N/A,816378,FILA,
1689,OK,DASS SEST,7,139046,816378,76524,ATAC. M60132 ALPINA COR 2001,145CM,15757173,216,133757,15744418SBF806248,27/05/2026,20/08/2026,0,,24/08/2026,,20/08/2026,,#N/A,816378,FILA,
1724,OK,DASS ITABERABA,70,141510,783896,70164,FITA MFGP C/ GOMA POLIESTER COR 100,15MM,16003218,1220,136147,0,03/08/2026,20/08/2026,0,,24/08/2026,,20/08/2026,,#N/A,783896,FILA,NORMAL
1732,OK,DASS ITABERABA,70,141510,1413355,95092,FITA MFGP C/ GOMA POLIESTER COR 599 / COR 100 / COR 599,15MM,16003218,150,136147,0,03/08/2026,20/08/2026,0,,24/08/2026,,20/08/2026,,#N/A,1413355,FILA,NORMAL
1733,OK,DASS ITABERABA,70,141510,1401453,95094,FITA MFGP C/ GOMA POLIESTER COR 100 / COR 788 / COR 100,15MM,16003218,230,136147,0,03/08/2026,20/08/2026,0,,24/08/2026,,20/08/2026,,#N/A,1401453,FILA,NORMAL
1734,OK,DASS ITABERABA,70,141510,1401459,95095,FITA MFGP C/ GOMA POLIESTER COR 100 / COR 5982 / COR 100,15MM,16003218,200,136147,0,03/08/2026,20/08/2026,0,,24/08/2026,,20/08/2026,,#N/A,1401459,FILA,NORMAL
1751,OK,DASS SEST,7,139045,1175396,75595,FITA M31119 C/ GOMA POLIESTER COR 114 / COR 100 / COR 100,16MM,15757165,160,133756,0,27/05/2026,20/08/2026,0,,24/08/2026,,20/08/2026,,#N/A,1175396,FILA,
1752,OK,DASS SEST,7,139045,1175396,75595,FITA M31119 C/ GOMA POLIESTER COR 114 / COR 100 / COR 100,16MM,15757165,160,133756,0,27/05/2026,20/08/2026,0,,24/08/2026,,20/08/2026,,#N/A,1175396,FILA,
1753,OK,DASS SEST,7,139045,1285915,85757,FITA M31119 C/ GOMA POLIESTER COR 114 / COR 100 / COR 100,16MM,15757165,160,133756,0,27/05/2026,20/08/2026,0,,24/08/2026,,20/08/2026,,#N/A,1285915,FILA,
1754,OK,DASS SEST,7,139045,1285915,85757,FITA M31119 C/ GOMA POLIESTER COR 114 / COR 100 / COR 100,16MM,15757165,160,133756,0,27/05/2026,20/08/2026,0,,24/08/2026,,20/08/2026,,#N/A,1285915,FILA,
1755,OK,DASS SEST,7,139045,1051608,73819,FITA M31119 C/ GOMA POLIESTER COR 114 / COR 100 / COR 100,16MM,15757165,160,133756,0,27/05/2026,20/08/2026,0,,24/08/2026,,20/08/2026,,#N/A,1051608,FILA,
1756,OK,DASS SEST,7,139045,1051608,73819,FITA M31119 C/ GOMA POLIESTER COR 114 / COR 100 / COR 100,16MM,15757165,160,133756,0,27/05/2026,20/08/2026,0,,24/08/2026,,20/08/2026,,#N/A,1051608,FILA,
1757,OK,DASS SEST,7,139045,1163455,73821,FITA M31119 C/ GOMA POLIESTER COR 114 / COR 100 / COR 100,16MM,15757165,160,133756,0,27/05/2026,20/08/2026,0,,24/08/2026,,20/08/2026,,#N/A,1163455,FILA,
1758,OK,DASS SEST,7,139045,1163455,73821,FITA M31119 C/ GOMA POLIESTER COR 114 / COR 100 / COR 100,16MM,15757165,160,133756,0,27/05/2026,20/08/2026,0,,24/08/2026,,20/08/2026,,#N/A,1163455,FILA,
1759,OK,DASS SEST,7,139045,1024417,73877,FITA M31119 C/ GOMA POLIESTER COR 114 / COR 100 / COR 100,16MM,15757165,160,133756,0,27/05/2026,20/08/2026,0,,24/08/2026,,20/08/2026,,#N/A,1024417,FILA,
1760,OK,DASS SEST,7,139045,1024417,73877,FITA M31119 C/ GOMA POLIESTER COR 114 / COR 100 / COR 100,16MM,15757165,160,133756,0,27/05/2026,20/08/2026,0,,24/08/2026,,20/08/2026,,#N/A,1024417,FILA,
1761,OK,DASS SEST,7,139045,1140249,78570,FITA M31119 C/ GOMA POLIESTER COR 114 / COR 100 / COR 100,16MM,15757165,160,133756,0,27/05/2026,20/08/2026,0,,24/08/2026,,20/08/2026,,#N/A,1140249,FILA,
1762,OK,DASS SEST,7,139045,1140249,78570,FITA M31119 C/ GOMA POLIESTER COR 114 / COR 100 / COR 100,16MM,15757165,160,133756,0,27/05/2026,20/08/2026,0,,24/08/2026,,20/08/2026,,#N/A,1140249,FILA,
1763,OK,DASS SEST,7,139045,1406097,93067,FITA M31119 C/ GOMA POLIESTER COR 114 / COR 100 / COR 100,16MM,15757165,160,133756,0,27/05/2026,20/08/2026,0,,24/08/2026,,20/08/2026,,#N/A,1406097,FILA,
1764,OK,DASS SEST,7,139045,783896,70164,FITA M31119 C/ GOMA POLIESTER COR 114 / COR 100 / COR 100,16MM,15757165,160,133756,0,27/05/2026,20/08/2026,0,,24/08/2026,,20/08/2026,,#N/A,783896,FILA,
1765,OK,DASS SEST,7,139045,1104256,84559,FITA M31119 C/ GOMA POLIESTER COR 114 / COR 100 / COR 100,16MM,15757165,160,133756,0,27/05/2026,20/08/2026,0,,24/08/2026,,20/08/2026,,#N/A,1104256,FILA,
1766,OK,DASS SEST,7,139045,1273335,85997,FITA M31119 C/ GOMA POLIESTER COR 114 / COR 100 / COR 100,16MM,15757165,160,133756,0,27/05/2026,20/08/2026,0,,24/08/2026,,20/08/2026,,#N/A,1273335,FILA,
1767,OK,DASS SEST,7,139045,1354721,86191,FITA M31119 C/ GOMA POLIESTER COR 114 / COR 100 / COR 100,16MM,15757165,160,133756,0,27/05/2026,20/08/2026,0,,24/08/2026,,20/08/2026,,#N/A,1354721,FILA,
1768,OK,DASS SEST,7,139045,1418464,93720,FITA M31119 C/ GOMA POLIESTER COR 114 / COR 100 / COR 100,16MM,15757165,160,133756,0,27/05/2026,20/08/2026,0,,24/08/2026,,20/08/2026,,#N/A,1418464,FILA,
1769,OK,DASS SEST,7,139045,1294761,87944,FITA M31119 C/ GOMA POLIESTER COR 114 / COR 100 / COR 100,16MM,15757165,160,133756,0,27/05/2026,20/08/2026,0,,24/08/2026,,20/08/2026,,#N/A,1294761,FILA,
1770,OK,DASS SEST,7,139045,1316829,87946,FITA M31119 C/ GOMA POLIESTER COR 114 / COR 100 / COR 100,16MM,15757165,160,133756,0,27/05/2026,20/08/2026,0,,24/08/2026,,20/08/2026,,#N/A,1316829,FILA,
1771,OK,DASS SEST,7,139045,1404666,92991,FITA M31119 C/ GOMA POLIESTER COR 114 / COR 100 / COR 100,16MM,15757165,160,133756,0,27/05/2026,20/08/2026,0,,24/08/2026,,20/08/2026,,#N/A,1404666,FILA,
1772,OK,DASS SEST,7,139045,1403058,95382,FITA M31119 C/ GOMA POLIESTER COR 114 / COR 100 / COR 100,16MM,15757165,160,133756,0,27/05/2026,20/08/2026,0,,24/08/2026,,20/08/2026,,#N/A,1403058,FILA,
1773,OK,DASS SEST,7,139045,1417771,95383,FITA M31119 C/ GOMA POLIESTER COR 114 / COR 100 / COR 100,16MM,15757165,160,133756,0,27/05/2026,20/08/2026,0,,24/08/2026,,20/08/2026,,#N/A,1417771,FILA,
1774,OK,DASS SEST,7,139045,1411433,95384,FITA M31119 C/ GOMA POLIESTER COR 114 / COR 100 / COR 100,16MM,15757165,160,133756,0,27/05/2026,20/08/2026,0,,24/08/2026,,20/08/2026,,#N/A,1411433,FILA,
1791,OK,DASS SEST,7,139045,1173570,73236,FITA M31119 C/ GOMA POLIESTER COR 114 / COR 100 / COR 100,16MM,15757165,160,133756,0,27/05/2026,20/08/2026,0,,24/08/2026,,20/08/2026,,#N/A,1173570,FILA,
1792,OK,DASS SEST,7,139045,1173570,73236,FITA M31119 C/ GOMA POLIESTER COR 102 / COR 100 / COR 100,16MM,15757165,270,133756,0,27/05/2026,20/08/2026,0,,24/08/2026,,20/08/2026,,#N/A,1173570,FILA,
1793,OK,DASS SEST,7,139046,1173570,73236,ATAC. M60132 ALPINA COR 2001,135CM,15757173,216,133757,15744418SBF806248,27/05/2026,20/08/2026,0,,24/08/2026,,20/08/2026,,#N/A,1173570,FILA,
1794,OK,DASS SEST,7,139046,1173570,73236,ATAC. M60132 ALPINA COR 2001,145CM,15757173,216,133757,15744418SBF806248,27/05/2026,20/08/2026,0,,24/08/2026,,20/08/2026,,#N/A,1173570,FILA,
1817,OK,DASS ITABERABA,70,141608,1387456,92181,FITA MFGP C/ GOMA POLIESTER COR 5094,15MM,16015166,260,136241,0,05/08/2026,20/08/2026,0,,14/09/2026,,20/08/2026,,#N/A,1387456,FILA,NORMAL
1830,OK,DASS ITABERABA,70,141842,1403524,92945,FITA M32207 C/ GOMA POLIESTER COR 788 / COR 174 / COR 788,15MM,16041907,10,136549,829918,13/08/2026,20/08/2026,0,,20/08/2026,,,,#N/A,1403524,FILA,NORMAL
1831,OK,DASS ITABERABA,70,141842,998350,70164,FITA MFGP C/ GOMA POLIESTER COR 100,10MM,16041907,245,136549,8299110,13/08/2026,20/08/2026,0,,20/08/2026,,,,#N/A,998350,FILA,NORMAL
1832,OK,DASS ITABERABA,70,141842,998350,70164,FITA MFGP C/ GOMA POLIESTER COR 100,10MM,16041907,260,136549,829915,13/08/2026,20/08/2026,0,,20/08/2026,,,,#N/A,998350,FILA,NORMAL
1833,OK,DASS ITABERABA,70,141842,1354620,90422,FITA MFGP C/ GOMA POLIESTER COR 5703,15MM,16041907,110,136549,829911,13/08/2026,20/08/2026,0,,20/08/2026,,,,#N/A,1354620,FILA,NORMAL
1834,OK,DASS ITABERABA,70,141842,1386952,92300,FITA MFGP C/ GOMA POLIESTER COR 788,15MM,16041907,30,136549,829919,13/08/2026,20/08/2026,0,,20/08/2026,,,,#N/A,1386952,FILA,NORMAL
1835,OK,DASS ITABERABA,70,141896,1410184,74780,FITA MFGP POLIESTER COR 263,15MM,16045217,200,136576,830503,14/08/2026,20/08/2026,0,,28/08/2026,,20/08/2026,,#N/A,1410184,ASICS,NORMAL
1836,OK,DASS ITABERABA,70,141913,1354620,90422,FITA MFGP C/ GOMA POLIESTER COR 5703,15MM,16045833,50,136589,832066,14/08/2026,20/08/2026,0,,21/08/2026,,20/08/2026,,#N/A,1354620,FILA,NORMAL
1840,NÃO,DASS SEST,7,139045,,89560,FITA M31119 C/ GOMA POLIESTER COR 114 / COR 100 / COR 100,16MM,15757165,160,133756,0,27/05/2026,20/08/2026,0,,24/08/2026,,20/08/2026,,#N/A,,FILA,
1841,OK,DASS SEST,7,139045,827533,95643,FITA M31119 C/ GOMA POLIESTER COR 114 / COR 100 / COR 100,16MM,15757165,160,133756,0,27/05/2026,20/08/2026,0,,24/08/2026,,20/08/2026,,#N/A,827533,FILA,
1842,OK,DASS SEST,7,139045,827533,95643,FITA M31119 C/ GOMA POLIESTER COR 114 / COR 100 / COR 100,16MM,15757165,160,133756,0,27/05/2026,20/08/2026,0,,24/08/2026,,20/08/2026,,#N/A,827533,FILA,
1843,OK,DASS SEST,7,139045,827533,95643,FITA M31119 C/ GOMA POLIESTER COR 114 / COR 100 / COR 100,16MM,15757165,160,133756,0,27/05/2026,20/08/2026,0,,24/08/2026,,20/08/2026,,#N/A,827533,FILA,
1844,OK,DASS SEST,7,139045,827533,95643,FITA M31119 C/ GOMA POLIESTER COR 114 / COR 100 / COR 100,16MM,15757165,160,133756,0,27/05/2026,20/08/2026,0,,24/08/2026,,20/08/2026,,#N/A,827533,FILA,
1845,OK,DASS SEST,7,139045,827533,95643,FITA M31119 C/ GOMA POLIESTER COR 114 / COR 100 / COR 100,16MM,15757165,160,133756,0,27/05/2026,20/08/2026,0,,24/08/2026,,20/08/2026,,#N/A,827533,FILA,
1846,OK,DASS SEST,7,139045,827533,95643,FITA M31119 C/ GOMA POLIESTER COR 114 / COR 100 / COR 100,16MM,15757165,160,133756,0,27/05/2026,20/08/2026,0,,24/08/2026,,20/08/2026,,#N/A,827533,FILA,
1847,OK,DASS SEST,7,139045,827533,95643,FITA M31119 C/ GOMA POLIESTER COR 114 / COR 100 / COR 100,16MM,15757165,160,133756,0,27/05/2026,20/08/2026,0,,24/08/2026,,20/08/2026,,#N/A,827533,FILA,
1848,OK,DASS SEST,7,139045,827533,95643,FITA M31119 C/ GOMA POLIESTER COR 114 / COR 100 / COR 100,16MM,15757165,160,133756,0,27/05/2026,20/08/2026,0,,24/08/2026,,20/08/2026,,#N/A,827533,FILA,
1849,OK,DASS SEST,7,139045,827533,95643,FITA M31119 C/ GOMA POLIESTER COR 114 / COR 100 / COR 100,16MM,15757165,160,133756,0,27/05/2026,20/08/2026,0,,24/08/2026,,20/08/2026,,#N/A,827533,FILA,
1850,OK,DASS SEST,7,139045,827533,95643,FITA M31119 C/ GOMA POLIESTER COR 114 / COR 100 / COR 100,16MM,15757165,160,133756,0,27/05/2026,20/08/2026,0,,24/08/2026,,20/08/2026,,#N/A,827533,FILA,
1851,OK,DASS SEST,7,139045,827533,95643,FITA M31119 C/ GOMA POLIESTER COR 114 / COR 100 / COR 100,16MM,15757165,160,133756,0,27/05/2026,20/08/2026,0,,24/08/2026,,20/08/2026,,#N/A,827533,FILA,
1852,OK,DASS SEST,7,139045,827533,95643,FITA M31119 C/ GOMA POLIESTER COR 114 / COR 100 / COR 100,16MM,15757165,160,133756,0,27/05/2026,20/08/2026,0,,24/08/2026,,20/08/2026,,#N/A,827533,FILA,
1853,OK,DASS SEST,7,139045,827533,95643,FITA M31119 C/ GOMA POLIESTER COR 114 / COR 100 / COR 100,16MM,15757165,160,133756,0,27/05/2026,20/08/2026,0,,24/08/2026,,20/08/2026,,#N/A,827533,FILA,
1854,OK,DASS SEST,7,139045,827533,95643,FITA M31119 C/ GOMA POLIESTER COR 114 / COR 100 / COR 100,16MM,15757165,160,133756,0,27/05/2026,20/08/2026,0,,24/08/2026,,20/08/2026,,#N/A,827533,FILA,
1855,OK,DASS SEST,7,139045,827533,95643,FITA M31119 C/ GOMA POLIESTER COR 114 / COR 100 / COR 100,16MM,15757165,160,133756,0,27/05/2026,20/08/2026,0,,24/08/2026,,20/08/2026,,#N/A,827533,FILA,
1858,OK,DASS SEST,7,139045,827533,95643,FITA M31119 C/ GOMA POLIESTER COR 114 / COR 100 / COR 100,16MM,15757165,160,133756,0,27/05/2026,20/08/2026,0,,24/08/2026,,20/08/2026,,#N/A,827533,FILA,
1859,OK,DASS SEST,7,139045,827533,95643,FITA M31119 C/ GOMA POLIESTER COR 102 / COR 100 / COR 100,16MM,15757165,270,133756,0,27/05/2026,20/08/2026,0,,24/08/2026,,20/08/2026,,#N/A,827533,FILA,
1860,OK,DASS SEST,7,139046,827533,95643,ATAC. M60132 ALPINA COR 2001,135CM,15757173,216,133757,15744418SBF806248,27/05/2026,20/08/2026,0,,24/08/2026,,20/08/2026,,#N/A,827533,FILA,
1861,OK,DASS SEST,7,139046,827533,95643,ATAC. M60132 ALPINA COR 2001,145CM,15757173,216,133757,15744418SBF806248,27/05/2026,20/08/2026,0,,24/08/2026,,20/08/2026,,#N/A,827533,FILA,
1866,OK,DASS SEST,7,139045,827533,95643,FITA M31119 C/ GOMA POLIESTER COR 114 / COR 100 / COR 100,16MM,15757165,160,133756,0,27/05/2026,20/08/2026,0,,24/08/2026,,20/08/2026,,#N/A,827533,FILA,
1867,OK,DASS SEST,7,139045,827530,95644,FITA M31119 C/ GOMA POLIESTER COR 114 / COR 100 / COR 100,16MM,15757165,160,133756,0,27/05/2026,20/08/2026,0,,24/08/2026,,20/08/2026,,#N/A,827530,FILA,
1868,OK,DASS SEST,7,139045,827530,95644,FITA M31119 C/ GOMA POLIESTER COR 114 / COR 100 / COR 100,16MM,15757165,160,133756,0,27/05/2026,20/08/2026,0,,24/08/2026,,20/08/2026,,#N/A,827530,FILA,
1937,OK,DASS SEST,7,139045,1362716,83202,FITA M31119 C/ GOMA POLIESTER COR 114 / COR 100 / COR 100,16MM,15757165,160,133756,0,27/05/2026,20/08/2026,0,,24/08/2026,,20/08/2026,,#N/A,1362716,FILA,
1938,OK,DASS SEST,7,139045,738314,87444,FITA M31119 C/ GOMA POLIESTER COR 102 / COR 100 / COR 100,16MM,15757165,270,133756,0,27/05/2026,20/08/2026,0,,24/08/2026,,20/08/2026,,#N/A,738314,FILA,
1939,OK,DASS SEST,7,139046,738316,1053,ATAC. M60132 ALPINA COR 2001,135CM,15757173,216,133757,15744418SBF806248,27/05/2026,20/08/2026,0,,24/08/2026,,20/08/2026,,#N/A,738316,FILA,
1956,OK,DASS SANTO ANTONIO,1526,140527,783896,70164,FITA MFGP C/ GOMA POLIESTER COR 100,15MM,15888202,520,135202,0,06/07/2026,20/08/2026,0,,24/08/2026,,20/08/2026,,#N/A,783896,FILA,
1961,OK,DASS SEST,7,139045,1260166,73756,FITA M31119 C/ GOMA POLIESTER COR 114 / COR 100 / COR 100,16MM,15757165,160,133756,0,27/05/2026,20/08/2026,0,,24/08/2026,,20/08/2026,,#N/A,1260166,FILA,
1962,OK,DASS SEST,7,139045,1260166,73756,FITA M31119 C/ GOMA POLIESTER COR 114 / COR 100 / COR 100,16MM,15757165,160,133756,0,27/05/2026,20/08/2026,0,,24/08/2026,,20/08/2026,,#N/A,1260166,FILA,
1963,OK,DASS SEST,7,139045,1260166,73756,FITA M31119 C/ GOMA POLIESTER COR 114 / COR 100 / COR 100,16MM,15757165,160,133756,0,27/05/2026,20/08/2026,0,,24/08/2026,,20/08/2026,,#N/A,1260166,FILA,
1988,OK,DASS SEST,7,139045,1260166,73756,FITA M31119 C/ GOMA POLIESTER COR 114 / COR 100 / COR 100,16MM,15757165,160,133756,0,27/05/2026,20/08/2026,0,,24/08/2026,,20/08/2026,,#N/A,1260166,FILA,
1989,OK,DASS SEST,7,139045,1294817,87843,FITA M31119 C/ GOMA POLIESTER COR 102 / COR 100 / COR 100,16MM,15757165,270,133756,0,27/05/2026,20/08/2026,0,,24/08/2026,,20/08/2026,,#N/A,1294817,FILA,
1992,OK,DASS SEST,7,139045,1294817,87843,FITA M31119 C/ GOMA POLIESTER COR 114 / COR 100 / COR 100,16MM,15757165,160,133756,0,27/05/2026,20/08/2026,0,,24/08/2026,,20/08/2026,,#N/A,1294817,FILA,
1993,OK,DASS SEST,7,139045,1294817,87843,FITA M31119 C/ GOMA POLIESTER COR 114 / COR 100 / COR 100,16MM,15757165,160,133756,0,27/05/2026,20/08/2026,0,,24/08/2026,,20/08/2026,,#N/A,1294817,FILA,
1994,OK,DASS SEST,7,139045,1294817,87843,FITA M31119 C/ GOMA POLIESTER COR 114 / COR 100 / COR 100,16MM,15757165,160,133756,0,27/05/2026,20/08/2026,0,,24/08/2026,,20/08/2026,,#N/A,1294817,FILA,
1995,OK,DASS SEST,7,139045,1294817,87843,FITA M31119 C/ GOMA POLIESTER COR 114 / COR 100 / COR 100,16MM,15757165,160,133756,0,27/05/2026,20/08/2026,0,,24/08/2026,,20/08/2026,,#N/A,1294817,FILA,
1996,OK,DASS SEST,7,139045,1294817,87843,FITA M31119 C/ GOMA POLIESTER COR 114 / COR 100 / COR 100,16MM,15757165,160,133756,0,27/05/2026,20/08/2026,0,,24/08/2026,,20/08/2026,,#N/A,1294817,FILA,
1997,OK,DASS SEST,7,139045,1418185,95101,FITA M31119 C/ GOMA POLIESTER COR 114 / COR 100 / COR 100,16MM,15757165,160,133756,0,27/05/2026,20/08/2026,0,,24/08/2026,,20/08/2026,,#N/A,1418185,FILA,
1998,OK,DASS SEST,7,139045,1418185,95101,FITA M31119 C/ GOMA POLIESTER COR 114 / COR 100 / COR 100,16MM,15757165,160,133756,0,27/05/2026,20/08/2026,0,,24/08/2026,,20/08/2026,,#N/A,1418185,FILA,
2005,OK,DASS SANTO ANTONIO,1526,141807,1418185,95101,ATAC. M10110 5MM POLIESTER COR 5998 / COR 114,115CM,16038904,60,136496,828921,12/08/2026,20/08/2026,0,,20/08/2026,,,,#N/A,1418185,FILA,NORMAL
2011,NÃO,DASS SEST,7,139045,,83038,FITA M31119 C/ GOMA POLIESTER COR 114 / COR 100 / COR 100,16MM,15757165,160,133756,0,27/05/2026,20/08/2026,0,,24/08/2026,,20/08/2026,,#N/A,,FILA,
2012,NÃO,DASS SEST,7,139045,,83047,FITA M31119 C/ GOMA POLIESTER COR 102 / COR 100 / COR 100,16MM,15757165,270,133756,0,27/05/2026,20/08/2026,0,,24/08/26,,20/08/2026,,#N/A,,FILA,
2061,OK,DASS SANTO ANTONIO,1526,141807,1418185,95101,ATAC. M10110 5MM POLIESTER COR 5998 / COR 114,115CM,16038904,60,136496,828921,08/12/2026,20/08/2026,0,,20/08/26,,,,#N/A,1418185,FILA,NORMAL
1823,OK,DASS ITABERABA,70,141692,1400176,93022,CORDAO M9099 POLIESTER COR 4085,1.8MM,16023037,109,136322,0,07/08/2026,21/08/2026,1,,21/08/26,,,,#N/A,1400176,ASICS,NORMAL
1824,OK,DASS ITABERABA,70,141692,1400178,93698,CORDAO M9099 POLIESTER COR 5451,1.8MM,16023037,5,136322,0,07/08/2026,21/08/2026,1,,21/08/26,,,,#N/A,1400178,ASICS,NORMAL
1839,NÃO,MARFIM CEARA,105,140645,,90306,ATAC. MR140019 6MM RECICLADO COR 5481,6MM,3,6394,135416,,08/07/2026,21/08/2026,1,,21/08/2026,,,,#N/A,,,
5,OK,DASS SEST,7,139063,1065806,93661,ATAC. MR110029 RECICLADO COR 4662/PET,120CM,15758596,84,133774,15758317NBR3282838,28/05/2026,24/08/2026,4,,24/08/2026,,,,#N/A,1065806,NIKE,
6,OK,DASS SEST,7,139063,1065806,93661,ATAC. MR110029 RECICLADO COR 4662/PET,120CM,15758596,72,133774,15758318NBR3282838,28/05/2026,24/08/2026,4,,24/08/2026,,,,#N/A,1065806,NIKE,
7,OK,DASS SEST,7,139063,1065806,93661,ATAC. MR110029 RECICLADO COR 4662/PET,120CM,15758596,72,133774,15758324NBR3282958,28/05/2026,24/08/2026,4,,24/08/2026,,,,#N/A,1065806,NIKE,
8,OK,DASS SEST,7,139063,1065806,93661,ATAC. MR110029 RECICLADO COR 4662/PET,120CM,15758596,72,133774,15758325NBR3282958,28/05/2026,24/08/2026,4,,24/08/2026,,,,#N/A,1065806,NIKE,
9,OK,DASS SEST,7,139063,1065806,93661,ATAC. MR110029 RECICLADO COR 4662/PET,130CM,15758596,746,133774,15758317NBR3282838,28/05/2026,24/08/2026,4,,24/08/2026,,,,#N/A,1065806,NIKE,
10,OK,DASS SEST,7,139063,1065806,93661,ATAC. MR110029 RECICLADO COR 4662/PET,130CM,15758596,792,133774,15758318NBR3282838,28/05/2026,24/08/2026,4,,24/08/2026,,,,#N/A,1065806,NIKE,
11,OK,DASS SEST,7,139063,1065806,93661,ATAC. MR110029 RECICLADO COR 4662/PET,130CM,15758596,806,133774,15758324NBR3282958,28/05/2026,24/08/2026,4,,24/08/2026,,,,#N/A,1065806,NIKE,
12,OK,DASS SEST,7,139063,1065806,93661,ATAC. MR110029 RECICLADO COR 4662/PET,130CM,15758596,852,133774,15758325NBR3282958,28/05/2026,24/08/2026,4,,24/08/2026,,,,#N/A,1065806,NIKE,
13,OK,DASS SEST,7,139063,1065806,93661,ATAC. MR110029 RECICLADO COR 4662/PET,140CM,15758596,72,133774,15758317NBR3282838,28/05/2026,24/08/2026,4,,24/08/2026,,,,#N/A,1065806,NIKE,
14,OK,DASS SEST,7,139063,1065806,93661,ATAC. MR110029 RECICLADO COR 4662/PET,140CM,15758596,84,133774,15758318NBR3282838,28/05/2026,24/08/2026,4,,24/08/2026,,,,#N/A,1065806,NIKE,
15,OK,DASS SEST,7,139063,1065806,93661,ATAC. MR110029 RECICLADO COR 4662/PET,140CM,15758596,90,133774,15758324NBR3282958,28/05/2026,24/08/2026,4,,24/08/2026,,,,#N/A,1065806,NIKE,
16,OK,DASS SEST,7,139063,1065806,93661,ATAC. MR110029 RECICLADO COR 4662/PET,140CM,15758596,90,133774,15758325NBR3282958,28/05/2026,24/08/2026,4,,24/08/2026,,,,#N/A,1065806,NIKE,
23,OK,DASS SEST,7,139228,1188919,82628,ATAC. MR140014 6MM RECICLADO COR 4085/PET,100CM,15775193,96,133929,15773818NBR3283033,01/06/2026,24/08/2026,4,,24/08/2026,,,,#N/A,1188919,NIKE,
24,OK,DASS SEST,7,139228,1188919,82628,ATAC. MR140014 6MM RECICLADO COR 4085/PET,100CM,15775193,120,133929,15773819NBR3283033,01/06/2026,24/08/2026,4,,24/08/2026,,,,#N/A,1188919,NIKE,
25,OK,DASS SEST,7,139228,1188919,82628,ATAC. MR140014 6MM RECICLADO COR 4085/PET,105CM,15775193,734,133929,15773818NBR3283033,01/06/2026,24/08/2026,4,,24/08/2026,,,,#N/A,1188919,NIKE,
26,OK,DASS SEST,7,139228,1188919,82628,ATAC. MR140014 6MM RECICLADO COR 4085/PET,105CM,15775193,762,133929,15773819NBR3283033,01/06/2026,24/08/2026,4,,24/08/2026,,,,#N/A,1188919,NIKE,
27,OK,DASS SEST,7,139228,1188919,82628,ATAC. MR140014 6MM RECICLADO COR 4085/PET,110CM,15775193,54,133929,15773818NBR3283033,01/06/2026,24/08/2026,4,,24/08/2026,,,,#N/A,1188919,NIKE,
28,OK,DASS SEST,7,139228,1188919,82628,ATAC. MR140014 6MM RECICLADO COR 4085/PET,110CM,15775193,36,133929,15773819NBR3283033,01/06/2026,24/08/2026,4,,24/08/2026,,,,#N/A,1188919,NIKE,
29,OK,DASS SEST,7,139228,1278311,86418,ATAC. MR140014 6MM RECICLADO COR 4662/PET,100CM,15775193,108,133929,15773828NBR3282886,01/06/2026,24/08/2026,4,,24/08/2026,,,,#N/A,1278311,NIKE,
30,OK,DASS SEST,7,139228,1278311,86418,ATAC. MR140014 6MM RECICLADO COR 4662/PET,100CM,15775193,114,133929,15773829NBR3282886,01/06/2026,24/08/2026,4,,24/08/2026,,,,#N/A,1278311,NIKE,
31,OK,DASS SEST,7,139228,1278311,86418,ATAC. MR140014 6MM RECICLADO COR 4662/PET,105CM,15775193,746,133929,15773828NBR3282886,01/06/2026,24/08/2026,4,,24/08/2026,,,,#N/A,1278311,NIKE,
32,OK,DASS SEST,7,139228,1278311,86418,ATAC. MR140014 6MM RECICLADO COR 4662/PET,105CM,15775193,792,133929,15773829NBR3282886,01/06/2026,24/08/2026,4,,24/08/2026,,,,#N/A,1278311,NIKE,
33,OK,DASS SEST,7,139228,1278311,86418,ATAC. MR140014 6MM RECICLADO COR 4662/PET,110CM,15775193,48,133929,15773828NBR3282886,01/06/2026,24/08/2026,4,,24/08/2026,,,,#N/A,1278311,NIKE,
34,OK,DASS SEST,7,139228,1278311,86418,ATAC. MR140014 6MM RECICLADO COR 4662/PET,110CM,15775193,48,133929,15773829NBR3282886,01/06/2026,24/08/2026,4,,24/08/2026,,,,#N/A,1278311,NIKE,
135,OK,DASS SEST,7,139636,1299257,86978,ATAC. MR130027 6MM RECICLADO COR 4085/PET,95CM,15816411,427,134339,15815486NBR3282846,12/06/2026,24/08/2026,4,,24/08/26,,,,#N/A,1299257,NIKE,
136,OK,DASS SEST,7,139636,1299257,86978,ATAC. MR130027 6MM RECICLADO COR 4085/PET,100CM,15816411,538,134339,15815486NBR3282846,12/06/2026,24/08/2026,4,,24/08/26,,,,#N/A,1299257,NIKE,
137,OK,DASS SEST,7,139636,1299257,86978,ATAC. MR130027 6MM RECICLADO COR 4085/PET,105CM,15816411,67,134339,15815486NBR3282846,12/06/2026,24/08/2026,4,,24/08/26,,,,#N/A,1299257,NIKE,
138,OK,DASS SEST,7,139636,1301800,88695,ATAC. MR130027 6MM RECICLADO COR 4662/PET,95CM,15816411,427,134339,15815492NBR3282848,12/06/2026,24/08/2026,4,,24/08/26,,,,#N/A,1301800,NIKE,
139,OK,DASS SEST,7,139636,1301800,88695,ATAC. MR130027 6MM RECICLADO COR 4662/PET,100CM,15816411,532,134339,15815492NBR3282848,12/06/2026,24/08/2026,4,,24/08/26,,,,#N/A,1301800,NIKE,
140,OK,DASS SEST,7,139636,1301800,88695,ATAC. MR130027 6MM RECICLADO COR 4662/PET,105CM,15816411,67,134339,15815492NBR3282848,12/06/2026,24/08/2026,4,,24/08/26,,,,#N/A,1301800,NIKE,
141,OK,DASS SEST,7,139636,1424088,95799,ATAC. MR130027 6MM RECICLADO COR 5820/PET,95CM,15816411,300,134339,15815489NBR3282849,12/06/2026,24/08/2026,4,,24/08/26,,,,#N/A,1424088,NIKE,
142,OK,DASS SEST,7,139636,1424088,95799,ATAC. MR130027 6MM RECICLADO COR 5820/PET,95CM,15816411,333,134339,15815490NBR3282849,12/06/2026,24/08/2026,4,,24/08/26,,,,#N/A,1424088,NIKE,
143,OK,DASS SEST,7,139636,1424088,95799,ATAC. MR130027 6MM RECICLADO COR 5820/PET,100CM,15816411,374,134339,15815489NBR3282849,12/06/2026,24/08/2026,4,,24/08/26,,,,#N/A,1424088,NIKE,
144,OK,DASS SEST,7,139636,1424088,95799,ATAC. MR130027 6MM RECICLADO COR 5820/PET,100CM,15816411,426,134339,15815490NBR3282849,12/06/2026,24/08/2026,4,,24/08/26,,,,#N/A,1424088,NIKE,
145,OK,DASS SEST,7,139636,1424088,95799,ATAC. MR130027 6MM RECICLADO COR 5820/PET,105CM,15816411,49,134339,15815489NBR3282849,12/06/2026,24/08/2026,4,,24/08/26,,,,#N/A,1424088,NIKE,
146,OK,DASS SEST,7,139636,1424088,95799,ATAC. MR130027 6MM RECICLADO COR 5820/PET,105CM,15816411,48,134339,15815490NBR3282849,12/06/2026,24/08/2026,4,,24/08/26,,,,#N/A,1424088,NIKE,
147,OK,DASS SEST,7,139652,1241008,84943,ATAC. MR140014 6MM RECICLADO COR 4021/PET,100CM,15819907,773,134362,15818128NBR3282890,12/06/2026,24/08/2026,4,,24/08/26,,,,#N/A,1241008,NIKE,
148,OK,DASS SEST,7,139652,1241008,84943,ATAC. MR140014 6MM RECICLADO COR 4021/PET,105CM,15819907,394,134362,15818128NBR3282890,12/06/2026,24/08/2026,4,,24/08/26,,,,#N/A,1241008,NIKE,
149,OK,DASS SEST,7,139652,1278311,86418,ATAC. MR140014 6MM RECICLADO COR 4662/PET,100CM,15819907,673,134362,15818135NBR3282843,12/06/2026,24/08/2026,4,,24/08/26,,,,#N/A,1278311,NIKE,
150,OK,DASS SEST,7,139652,1278311,86418,ATAC. MR140014 6MM RECICLADO COR 4662/PET,105CM,15819907,346,134362,15818135NBR3282843,12/06/2026,24/08/2026,4,,24/08/26,,,,#N/A,1278311,NIKE,
195,OK,DASS SEST,7,139063,1320254,91023,ATAC. MR110029 RECICLADO COR 4662/PET,120CM,15758596,84,133774,15758317NBR3282838,28/05/2026,24/08/2026,4,,24/08/26,,,,#N/A,1320254,NIKE,
196,OK,DASS SEST,7,139063,1353470,92963,ATAC. MR110029 RECICLADO COR 4662/PET,120CM,15758596,72,133774,15758318NBR3282838,28/05/2026,24/08/2026,4,,24/08/26,,,,#N/A,1353470,NIKE,
197,OK,DASS SEST,7,139063,1320199,95176,ATAC. MR110029 RECICLADO COR 4662/PET,120CM,15758596,72,133774,15758324NBR3282958,28/05/2026,24/08/2026,4,,24/08/26,,,,#N/A,1320199,NIKE,
198,OK,DASS SEST,7,139063,1416908,95301,ATAC. MR110029 RECICLADO COR 4662/PET,120CM,15758596,72,133774,15758325NBR3282958,28/05/2026,24/08/2026,4,,24/08/26,,,,#N/A,1416908,NIKE,
199,OK,DASS SEST,7,139063,1353470,92963,ATAC. MR110029 RECICLADO COR 4662/PET,130CM,15758596,746,133774,15758317NBR3282838,28/05/2026,24/08/2026,4,,24/08/26,,,,#N/A,1353470,NIKE,
200,OK,DASS SEST,7,139063,1416908,95301,ATAC. MR110029 RECICLADO COR 4662/PET,130CM,15758596,792,133774,15758318NBR3282838,28/05/2026,24/08/2026,4,,24/08/26,,,,#N/A,1416908,NIKE,
201,OK,DASS SEST,7,139063,1416741,95302,ATAC. MR110029 RECICLADO COR 4662/PET,130CM,15758596,806,133774,15758324NBR3282958,28/05/2026,24/08/2026,4,,24/08/26,,,,#N/A,1416741,NIKE,
202,OK,DASS SEST,7,139063,1353472,95487,ATAC. MR110029 RECICLADO COR 4662/PET,130CM,15758596,852,133774,15758325NBR3282958,28/05/2026,24/08/2026,4,,24/08/26,,,,#N/A,1353472,NIKE,
203,OK,DASS SEST,7,139063,1416938,95491,ATAC. MR110029 RECICLADO COR 4662/PET,140CM,15758596,72,133774,15758317NBR3282838,28/05/2026,24/08/2026,4,,24/08/26,,,,#N/A,1416938,NIKE,
227,OK,DASS SEST,7,139063,1320199,95176,ATAC. MR110029 RECICLADO COR 4662/PET,120CM,15758596,84,133774,15758317NBR3282838,28/05/2026,24/08/2026,4,,24/08/26,,,,#N/A,1320199,NIKE,
228,OK,DASS SEST,7,139063,1416908,95301,ATAC. MR110029 RECICLADO COR 4662/PET,120CM,15758596,72,133774,15758318NBR3282838,28/05/2026,24/08/2026,4,,24/08/26,,,,#N/A,1416908,NIKE,
229,OK,DASS SEST,7,140094,1299257,86978,ATAC. MR130027 6MM RECICLADO COR 4085/PET,105CM,15859154,552,134783,15856843NBR3282919,25/06/2026,24/08/2026,4,,24/08/26,,,,#N/A,1299257,NIKE,
230,OK,DASS SEST,7,140094,1299257,86978,ATAC. MR130027 6MM RECICLADO COR 4085/PET,110CM,15859154,144,134783,15856836NBR3282867,25/06/2026,24/08/2026,4,,24/08/26,,,,#N/A,1299257,NIKE,
231,OK,DASS SEST,7,140094,1299257,86978,ATAC. MR130027 6MM RECICLADO COR 4085/PET,110CM,15859154,150,134783,15856837NBR3282867,25/06/2026,24/08/2026,4,,24/08/26,,,,#N/A,1299257,NIKE,
232,OK,DASS SEST,7,140094,1299257,86978,ATAC. MR130027 6MM RECICLADO COR 4085/PET,110CM,15859154,548,134783,15856843NBR3282919,25/06/2026,24/08/2026,4,,24/08/26,,,,#N/A,1299257,NIKE,
233,OK,DASS SEST,7,140094,1299257,86978,ATAC. MR130027 6MM RECICLADO COR 4085/PET,115CM,15859154,518,134783,15856836NBR3282867,25/06/2026,24/08/2026,4,,24/08/26,,,,#N/A,1299257,NIKE,
234,OK,DASS SEST,7,140094,1299257,86978,ATAC. MR130027 6MM RECICLADO COR 4085/PET,115CM,15859154,528,134783,15856837NBR3282867,25/06/2026,24/08/2026,4,,24/08/26,,,,#N/A,1299257,NIKE,
235,OK,DASS SEST,7,140094,1299257,86978,ATAC. MR130027 6MM RECICLADO COR 4085/PET,115CM,15859154,24,134783,15856843NBR3282919,25/06/2026,24/08/2026,4,,24/08/26,,,,#N/A,1299257,NIKE,
236,OK,DASS SEST,7,140094,1299257,86978,ATAC. MR130027 6MM RECICLADO COR 4085/PET,120CM,15859154,120,134783,15856836NBR3282867,25/06/2026,24/08/2026,4,,24/08/26,,,,#N/A,1299257,NIKE,
237,OK,DASS SEST,7,140094,1299257,86978,ATAC. MR130027 6MM RECICLADO COR 4085/PET,120CM,15859154,156,134783,15856837NBR3282867,25/06/2026,24/08/2026,4,,24/08/26,,,,#N/A,1299257,NIKE,
238,OK,DASS SEST,7,140094,1301800,88695,ATAC. MR130027 6MM RECICLADO COR 4662/PET,110CM,15859154,144,134783,15856846NBR3282868,25/06/2026,24/08/2026,4,,24/08/26,,,,#N/A,1301800,NIKE,
239,OK,DASS SEST,7,140094,1301800,88695,ATAC. MR130027 6MM RECICLADO COR 4662/PET,115CM,15859154,836,134783,15856846NBR3282868,25/06/2026,24/08/2026,4,,24/08/26,,,,#N/A,1301800,NIKE,
240,OK,DASS SEST,7,140094,1301800,88695,ATAC. MR130027 6MM RECICLADO COR 4662/PET,120CM,15859154,264,134783,15856846NBR3282868,25/06/2026,24/08/2026,4,,24/08/26,,,,#N/A,1301800,NIKE,
340,OK,DASS SEST,7,140127,1304277,88668,ATAC. MR110022 7MM RECICLADO COR 4085/PET / COR 496/PET,110CM,15855785,1048,134818,15854344NEX0000076,25/06/2026,24/08/2026,4,,24/08/26,,,,#N/A,1304277,NIKE,
341,OK,DASS SEST,7,140127,1304277,88668,ATAC. MR110022 7MM RECICLADO COR 4085/PET / COR 496/PET,110CM,15855785,1032,134818,15854345NEX0000076,25/06/2026,24/08/2026,4,,24/08/26,,,,#N/A,1304277,NIKE,
342,OK,DASS SEST,7,140127,1304277,88668,ATAC. MR110022 7MM RECICLADO COR 4085/PET / COR 496/PET,110CM,15855785,1110,134818,15854346NEX0000076,25/06/2026,24/08/2026,4,,24/08/26,,,,#N/A,1304277,NIKE,
343,OK,DASS SEST,7,140127,1304277,88668,ATAC. MR110022 7MM RECICLADO COR 4085/PET / COR 496/PET,115CM,15855785,138,134818,15854344NEX0000076,25/06/2026,24/08/2026,4,,24/08/26,,,,#N/A,1304277,NIKE,
344,OK,DASS SEST,7,140127,1304277,88668,ATAC. MR110022 7MM RECICLADO COR 4085/PET / COR 496/PET,115CM,15855785,120,134818,15854345NEX0000076,25/06/2026,24/08/2026,4,,24/08/26,,,,#N/A,1304277,NIKE,
345,OK,DASS SEST,7,140127,1304277,88668,ATAC. MR110022 7MM RECICLADO COR 4085/PET / COR 496/PET,115CM,15855785,126,134818,15854346NEX0000076,25/06/2026,24/08/2026,4,,24/08/26,,,,#N/A,1304277,NIKE,
346,OK,DASS SEST,7,140127,1315210,88700,ATAC. MR110022 7MM RECICLADO COR 4662/PET,110CM,15855785,144,134818,15854327NEX0000069,25/06/2026,24/08/2026,4,,24/08/26,,,,#N/A,1315210,NIKE,
347,OK,DASS SEST,7,140127,1315210,88700,ATAC. MR110022 7MM RECICLADO COR 4662/PET,110CM,15855785,162,134818,15854328NEX0000069,25/06/2026,24/08/2026,4,,24/08/26,,,,#N/A,1315210,NIKE,
348,OK,DASS SEST,7,140127,1315210,88700,ATAC. MR110022 7MM RECICLADO COR 4662/PET,115CM,15855785,554,134818,15854327NEX0000069,25/06/2026,24/08/2026,4,,24/08/26,,,,#N/A,1315210,NIKE,
349,OK,DASS SEST,7,140127,1315210,88700,ATAC. MR110022 7MM RECICLADO COR 4662/PET,115CM,15855785,558,134818,15854328NEX0000069,25/06/2026,24/08/2026,4,,24/08/26,,,,#N/A,1315210,NIKE,
350,OK,DASS SEST,7,140127,1315210,88700,ATAC. MR110022 7MM RECICLADO COR 4662/PET,120CM,15855785,156,134818,15854327NEX0000069,25/06/2026,24/08/2026,4,,24/08/26,,,,#N/A,1315210,NIKE,
351,OK,DASS SEST,7,140127,1315210,88700,ATAC. MR110022 7MM RECICLADO COR 4662/PET,120CM,15855785,174,134818,15854328NEX0000069,25/06/2026,24/08/2026,4,,24/08/26,,,,#N/A,1315210,NIKE,
352,OK,DASS SEST,7,140127,1362000,92431,ATAC. MR110022 7MM RECICLADO COR 4662/PET / COR 4758/PET,110CM,15855785,758,134818,15854350NEX0000078,25/06/2026,24/08/2026,4,,24/08/26,,,,#N/A,1362000,NIKE,
353,OK,DASS SEST,7,140127,1362000,92431,ATAC. MR110022 7MM RECICLADO COR 4662/PET / COR 4758/PET,110CM,15855785,810,134818,15854351NEX0000078,25/06/2026,24/08/2026,4,,24/08/26,,,,#N/A,1362000,NIKE,
354,OK,DASS SEST,7,140127,1362000,92431,ATAC. MR110022 7MM RECICLADO COR 4662/PET / COR 4758/PET,115CM,15855785,72,134818,15854350NEX0000078,25/06/2026,24/08/2026,4,,24/08/26,,,,#N/A,1362000,NIKE,
355,OK,DASS SEST,7,140127,1362000,92431,ATAC. MR110022 7MM RECICLADO COR 4662/PET / COR 4758/PET,115CM,15855785,36,134818,15854351NEX0000078,25/06/2026,24/08/2026,4,,24/08/26,,,,#N/A,1362000,NIKE,
356,OK,DASS SEST,7,140127,1424201,95897,ATAC. MR110022 7MM RECICLADO COR 4662/PET / COR 4638/PET,110CM,15855785,1226,134818,15854361NEX0000077,25/06/2026,24/08/2026,4,,24/08/26,,,,#N/A,1424201,NIKE,
357,OK,DASS SEST,7,140127,1424201,95897,ATAC. MR110022 7MM RECICLADO COR 4662/PET / COR 4638/PET,115CM,15855785,78,134818,15854361NEX0000077,25/06/2026,24/08/2026,4,,24/08/26,,,,#N/A,1424201,NIKE,
358,OK,DASS SEST,7,140127,1424204,95898,ATAC. MR110022 7MM RECICLADO COR 6222/PET / COR 4259/PET,110CM,15855785,228,134818,15854356NEX0000072,25/06/2026,24/08/2026,4,,24/08/26,,,,#N/A,1424204,NIKE,
359,OK,DASS SEST,7,140127,1424204,95898,ATAC. MR110022 7MM RECICLADO COR 6222/PET / COR 4259/PET,110CM,15855785,204,134818,15854357NEX0000072,25/06/2026,24/08/2026,4,,24/08/26,,,,#N/A,1424204,NIKE,
360,OK,DASS SEST,7,140127,1424204,95898,ATAC. MR110022 7MM RECICLADO COR 6222/PET / COR 4259/PET,110CM,15855785,246,134818,15854358NEX0000072,25/06/2026,24/08/2026,4,,24/08/26,,,,#N/A,1424204,NIKE,
361,OK,DASS SEST,7,140127,1424204,95898,ATAC. MR110022 7MM RECICLADO COR 6222/PET / COR 4259/PET,115CM,15855785,1054,134818,15854356NEX0000072,25/06/2026,24/08/2026,4,,24/08/26,,,,#N/A,1424204,NIKE,
362,OK,DASS SEST,7,140127,1424204,95898,ATAC. MR110022 7MM RECICLADO COR 6222/PET / COR 4259/PET,115CM,15855785,780,134818,15854357NEX0000072,25/06/2026,24/08/2026,4,,24/08/26,,,,#N/A,1424204,NIKE,
363,OK,DASS SEST,7,140127,1424204,95898,ATAC. MR110022 7MM RECICLADO COR 6222/PET / COR 4259/PET,115CM,15855785,552,134818,15854358NEX0000072,25/06/2026,24/08/2026,4,,24/08/26,,,,#N/A,1424204,NIKE,
364,OK,DASS SEST,7,140127,1424204,95898,ATAC. MR110022 7MM RECICLADO COR 6222/PET / COR 4259/PET,120CM,15855785,216,134818,15854356NEX0000072,25/06/2026,24/08/2026,4,,24/08/26,,,,#N/A,1424204,NIKE,
365,OK,DASS SEST,7,140127,1424204,95898,ATAC. MR110022 7MM RECICLADO COR 6222/PET / COR 4259/PET,120CM,15855785,204,134818,15854357NEX0000072,25/06/2026,24/08/2026,4,,24/08/26,,,,#N/A,1424204,NIKE,
366,OK,DASS SEST,7,140127,1424204,95898,ATAC. MR110022 7MM RECICLADO COR 6222/PET / COR 4259/PET,120CM,15855785,234,134818,15854358NEX0000072,25/06/2026,24/08/2026,4,,24/08/26,,,,#N/A,1424204,NIKE,
367,OK,DASS SEST,7,140127,1424205,95900,ATAC. MR110022 7MM RECICLADO COR 057/PET / COR 5946/PET,110CM,15855785,252,134818,15854354NEX0000071,25/06/2026,24/08/2026,4,,24/08/26,,,,#N/A,1424205,NIKE,
368,OK,DASS SEST,7,140127,1424205,95900,ATAC. MR110022 7MM RECICLADO COR 057/PET / COR 5946/PET,110CM,15855785,300,134818,15854355NEX0000071,25/06/2026,24/08/2026,4,,24/08/26,,,,#N/A,1424205,NIKE,
369,OK,DASS SEST,7,140127,1424205,95900,ATAC. MR110022 7MM RECICLADO COR 057/PET / COR 5946/PET,115CM,15855785,789,134818,15854354NEX0000071,25/06/2026,24/08/2026,4,,24/08/26,,,,#N/A,1424205,NIKE,
370,OK,DASS SEST,7,140127,1424205,95900,ATAC. MR110022 7MM RECICLADO COR 057/PET / COR 5946/PET,115CM,15855785,786,134818,15854355NEX0000071,25/06/2026,24/08/2026,4,,24/08/26,,,,#N/A,1424205,NIKE,
371,OK,DASS SEST,7,140127,1424205,95900,ATAC. MR110022 7MM RECICLADO COR 057/PET / COR 5946/PET,120CM,15855785,228,134818,15854354NEX0000071,25/06/2026,24/08/2026,4,,24/08/26,,,,#N/A,1424205,NIKE,
372,OK,DASS SEST,7,140127,1424205,95900,ATAC. MR110022 7MM RECICLADO COR 057/PET / COR 5946/PET,120CM,15855785,252,134818,15854355NEX0000071,25/06/2026,24/08/2026,4,,24/08/26,,,,#N/A,1424205,NIKE,
373,OK,DASS SEST,7,140127,1424202,95901,ATAC. MR110022 7MM RECICLADO COR 298/PET / COR 5820/PET,110CM,15855785,1022,134818,15850253NBR3282996,25/06/2026,24/08/2026,4,,24/08/26,,,,#N/A,1424202,NIKE,
374,OK,DASS SEST,7,140127,1424202,95901,ATAC. MR110022 7MM RECICLADO COR 298/PET / COR 5820/PET,110CM,15855785,867,134818,15854359NEX0000079,25/06/2026,24/08/2026,4,,24/08/26,,,,#N/A,1424202,NIKE,
375,OK,DASS SEST,7,140127,1424202,95901,ATAC. MR110022 7MM RECICLADO COR 298/PET / COR 5820/PET,110CM,15855785,936,134818,15854360NEX0000079,25/06/2026,24/08/2026,4,,24/08/26,,,,#N/A,1424202,NIKE,
376,OK,DASS SEST,7,140127,1424202,95901,ATAC. MR110022 7MM RECICLADO COR 298/PET / COR 5820/PET,115CM,15855785,36,134818,15850253NBR3282996,25/06/2026,24/08/2026,4,,24/08/26,,,,#N/A,1424202,NIKE,
377,OK,DASS SEST,7,140127,1424202,95901,ATAC. MR110022 7MM RECICLADO COR 298/PET / COR 5820/PET,115CM,15855785,114,134818,15854359NEX0000079,25/06/2026,24/08/2026,4,,24/08/26,,,,#N/A,1424202,NIKE,
378,OK,DASS SEST,7,140127,1424202,95901,ATAC. MR110022 7MM RECICLADO COR 298/PET / COR 5820/PET,115CM,15855785,96,134818,15854360NEX0000079,25/06/2026,24/08/2026,4,,24/08/26,,,,#N/A,1424202,NIKE,
661,OK,DASS SEST,7,140193,1188919,82628,ATAC. MR140014 6MM RECICLADO COR 4085/PET,100CM,15872666,216,134943,15865487NBR3282915,26/06/2026,24/08/2026,4,,24/08/26,,,,#N/A,1188919,NIKE,
662,OK,DASS SEST,7,140193,1188919,82628,ATAC. MR140014 6MM RECICLADO COR 4085/PET,100CM,15872666,222,134943,15865488NBR3282915,26/06/2026,24/08/2026,4,,24/08/26,,,,#N/A,1188919,NIKE,
663,OK,DASS SEST,7,140193,1188919,82628,ATAC. MR140014 6MM RECICLADO COR 4085/PET,100CM,15872666,216,134943,15865489NBR3282926,26/06/2026,24/08/2026,4,,24/08/26,,,,#N/A,1188919,NIKE,
664,OK,DASS SEST,7,140193,1188919,82628,ATAC. MR140014 6MM RECICLADO COR 4085/PET,100CM,15872666,222,134943,15865490NBR3282926,26/06/2026,24/08/2026,4,,24/08/26,,,,#N/A,1188919,NIKE,
665,OK,DASS SEST,7,140193,1188919,82628,ATAC. MR140014 6MM RECICLADO COR 4085/PET,100CM,15872666,180,134943,15865454NBR3282995,26/06/2026,24/08/2026,4,,24/08/26,,,,#N/A,1188919,NIKE,
666,OK,DASS SEST,7,140193,1188919,82628,ATAC. MR140014 6MM RECICLADO COR 4085/PET,100CM,15872666,198,134943,15865455NBR3282995,26/06/2026,24/08/2026,4,,24/08/26,,,,#N/A,1188919,NIKE,
667,OK,DASS SEST,7,140193,1188919,82628,ATAC. MR140014 6MM RECICLADO COR 4085/PET,105CM,15872666,662,134943,15865487NBR3282915,26/06/2026,24/08/2026,4,,24/08/26,,,,#N/A,1188919,NIKE,
668,OK,DASS SEST,7,140193,1188919,82628,ATAC. MR140014 6MM RECICLADO COR 4085/PET,105CM,15872666,708,134943,15865488NBR3282915,26/06/2026,24/08/2026,4,,24/08/26,,,,#N/A,1188919,NIKE,
669,OK,DASS SEST,7,140193,1188919,82628,ATAC. MR140014 6MM RECICLADO COR 4085/PET,105CM,15872666,662,134943,15865489NBR3282926,26/06/2026,24/08/2026,4,,24/08/26,,,,#N/A,1188919,NIKE,
670,OK,DASS SEST,7,140193,1188919,82628,ATAC. MR140014 6MM RECICLADO COR 4085/PET,105CM,15872666,708,134943,15865490NBR3282926,26/06/2026,24/08/2026,4,,24/08/26,,,,#N/A,1188919,NIKE,
671,OK,DASS SEST,7,140193,1188919,82628,ATAC. MR140014 6MM RECICLADO COR 4085/PET,105CM,15872666,216,134943,15865458NBR3282987,26/06/2026,24/08/2026,4,,24/08/26,,,,#N/A,1188919,NIKE,
672,OK,DASS SEST,7,140193,1188919,82628,ATAC. MR140014 6MM RECICLADO COR 4085/PET,105CM,15872666,234,134943,15865459NBR3282987,26/06/2026,24/08/2026,4,,24/08/26,,,,#N/A,1188919,NIKE,
673,OK,DASS SEST,7,140193,1188919,82628,ATAC. MR140014 6MM RECICLADO COR 4085/PET,105CM,15872666,360,134943,15865449NBR3282988,26/06/2026,24/08/2026,4,,24/08/26,,,,#N/A,1188919,NIKE,
674,OK,DASS SEST,7,140193,1188919,82628,ATAC. MR140014 6MM RECICLADO COR 4085/PET,105CM,15872666,360,134943,15865450NBR3282989,26/06/2026,24/08/2026,4,,24/08/26,,,,#N/A,1188919,NIKE,
675,OK,DASS SEST,7,140193,1188919,82628,ATAC. MR140014 6MM RECICLADO COR 4085/PET,105CM,15872666,366,134943,15865453NBR3282991,26/06/2026,24/08/2026,4,,24/08/26,,,,#N/A,1188919,NIKE,
676,OK,DASS SEST,7,140193,1188919,82628,ATAC. MR140014 6MM RECICLADO COR 4085/PET,105CM,15872666,578,134943,15865454NBR3282995,26/06/2026,24/08/2026,4,,24/08/26,,,,#N/A,1188919,NIKE,
677,OK,DASS SEST,7,140193,1188919,82628,ATAC. MR140014 6MM RECICLADO COR 4085/PET,105CM,15872666,624,134943,15865455NBR3282995,26/06/2026,24/08/2026,4,,24/08/26,,,,#N/A,1188919,NIKE,
678,OK,DASS SEST,7,140193,1188919,82628,ATAC. MR140014 6MM RECICLADO COR 4085/PET,110CM,15872666,6,134943,15865487NBR3282915,26/06/2026,24/08/2026,4,,24/08/26,,,,#N/A,1188919,NIKE,
679,OK,DASS SEST,7,140193,1188919,82628,ATAC. MR140014 6MM RECICLADO COR 4085/PET,110CM,15872666,6,134943,15865489NBR3282926,26/06/2026,24/08/2026,4,,24/08/26,,,,#N/A,1188919,NIKE,
680,OK,DASS SEST,7,140193,1188919,82628,ATAC. MR140014 6MM RECICLADO COR 4085/PET,110CM,15872666,530,134943,15865458NBR3282987,26/06/2026,24/08/2026,4,,24/08/26,,,,#N/A,1188919,NIKE,
681,OK,DASS SEST,7,140193,1188919,82628,ATAC. MR140014 6MM RECICLADO COR 4085/PET,110CM,15872666,546,134943,15865459NBR3282987,26/06/2026,24/08/2026,4,,24/08/26,,,,#N/A,1188919,NIKE,
682,OK,DASS SEST,7,140193,1188919,82628,ATAC. MR140014 6MM RECICLADO COR 4085/PET,110CM,15872666,908,134943,15865449NBR3282988,26/06/2026,24/08/2026,4,,24/08/26,,,,#N/A,1188919,NIKE,
683,OK,DASS SEST,7,140193,1188919,82628,ATAC. MR140014 6MM RECICLADO COR 4085/PET,110CM,15872666,908,134943,15865450NBR3282989,26/06/2026,24/08/2026,4,,24/08/26,,,,#N/A,1188919,NIKE,
684,OK,DASS SEST,7,140193,1188919,82628,ATAC. MR140014 6MM RECICLADO COR 4085/PET,110CM,15872666,926,134943,15865453NBR3282991,26/06/2026,24/08/2026,4,,24/08/26,,,,#N/A,1188919,NIKE,
685,OK,DASS SEST,7,140193,1188919,82628,ATAC. MR140014 6MM RECICLADO COR 4085/PET,110CM,15872666,24,134943,15865454NBR3282995,26/06/2026,24/08/2026,4,,24/08/26,,,,#N/A,1188919,NIKE,
686,OK,DASS SEST,7,140193,1188919,82628,ATAC. MR140014 6MM RECICLADO COR 4085/PET,110CM,15872666,24,134943,15865455NBR3282995,26/06/2026,24/08/2026,4,,24/08/26,,,,#N/A,1188919,NIKE,
687,OK,DASS SEST,7,140193,1188919,82628,ATAC. MR140014 6MM RECICLADO COR 4085/PET,115CM,15872666,156,134943,15865458NBR3282987,26/06/2026,24/08/2026,4,,24/08/26,,,,#N/A,1188919,NIKE,
688,OK,DASS SEST,7,140193,1188919,82628,ATAC. MR140014 6MM RECICLADO COR 4085/PET,115CM,15872666,186,134943,15865459NBR3282987,26/06/2026,24/08/2026,4,,24/08/26,,,,#N/A,1188919,NIKE,
689,OK,DASS SEST,7,140193,1188919,82628,ATAC. MR140014 6MM RECICLADO COR 4085/PET,115CM,15872666,264,134943,15865449NBR3282988,26/06/2026,24/08/2026,4,,24/08/26,,,,#N/A,1188919,NIKE,
690,OK,DASS SEST,7,140193,1188919,82628,ATAC. MR140014 6MM RECICLADO COR 4085/PET,115CM,15872666,264,134943,15865450NBR3282989,26/06/2026,24/08/2026,4,,24/08/26,,,,#N/A,1188919,NIKE,
691,OK,DASS SEST,7,140193,1188919,82628,ATAC. MR140014 6MM RECICLADO COR 4085/PET,115CM,15872666,270,134943,15865453NBR3282991,26/06/2026,24/08/2026,4,,24/08/26,,,,#N/A,1188919,NIKE,
692,OK,DASS SEST,7,140193,1324864,88451,ATAC. MR140014 6MM RECICLADO COR 5687/PET,105CM,15872666,108,134943,15865462NBR3282942,26/06/2026,24/08/2026,4,,24/08/26,,,,#N/A,1324864,NIKE,
693,OK,DASS SEST,7,140193,1324864,88451,ATAC. MR140014 6MM RECICLADO COR 5687/PET,105CM,15872666,114,134943,15865463NBR3282942,26/06/2026,24/08/2026,4,,24/08/26,,,,#N/A,1324864,NIKE,
694,OK,DASS SEST,7,140193,1324864,88451,ATAC. MR140014 6MM RECICLADO COR 5687/PET,110CM,15872666,644,134943,15865462NBR3282942,26/06/2026,24/08/2026,4,,24/08/26,,,,#N/A,1324864,NIKE,
695,OK,DASS SEST,7,140193,1324864,88451,ATAC. MR140014 6MM RECICLADO COR 5687/PET,110CM,15872666,660,134943,15865463NBR3282942,26/06/2026,24/08/2026,4,,24/08/26,,,,#N/A,1324864,NIKE,
696,OK,DASS SEST,7,140193,1324864,88451,ATAC. MR140014 6MM RECICLADO COR 5687/PET,115CM,15872666,204,134943,15865462NBR3282942,26/06/2026,24/08/2026,4,,24/08/26,,,,#N/A,1324864,NIKE,
697,OK,DASS SEST,7,140193,1324864,88451,ATAC. MR140014 6MM RECICLADO COR 5687/PET,115CM,15872666,228,134943,15865463NBR3282942,26/06/2026,24/08/2026,4,,24/08/2026,,,,#N/A,1324864,NIKE,
896,OK,DASS SEST,7,139063,1379938,92573,ATAC. MR110029 RECICLADO COR 4662/PET,120CM,15758596,84,133774,15758317NBR3282838,28/05/2026,24/08/2026,4,,24/08/2026,,,,#N/A,1379938,NIKE,
897,OK,DASS SEST,7,139063,1358112,92574,ATAC. MR110029 RECICLADO COR 4662/PET,120CM,15758596,72,133774,15758318NBR3282838,28/05/2026,24/08/2026,4,,24/08/2026,,,,#N/A,1358112,NIKE,
898,OK,DASS SEST,7,139063,1401202,92829,ATAC. MR110029 RECICLADO COR 4662/PET,120CM,15758596,72,133774,15758324NBR3282958,28/05/2026,24/08/2026,4,,24/08/2026,,,,#N/A,1401202,NIKE,
899,OK,DASS SEST,7,139063,1320199,95176,ATAC. MR110029 RECICLADO COR 4662/PET,120CM,15758596,72,133774,15758325NBR3282958,28/05/2026,24/08/2026,4,,24/08/2026,,,,#N/A,1320199,NIKE,
900,OK,DASS SEST,7,140572,1159608,81667,ATAC. M15041 POLIESTER COR 100,120CM,15900086,564,135528,15888628BR314828-A,07/07/2026,24/08/2026,4,,24/08/2026,,,,#N/A,1159608,FILA,
901,OK,DASS SEST,7,140572,1159608,81667,ATAC. M15041 POLIESTER COR 100,120CM,15900086,600,135528,15888629BR314828-B,07/07/2026,24/08/2026,4,,24/08/2026,,,,#N/A,1159608,FILA,
902,OK,DASS SEST,7,140572,1159608,81667,ATAC. M15041 POLIESTER COR 100,130CM,15900086,312,135528,15888628BR314828-A,07/07/2026,24/08/2026,4,,24/08/2026,,,,#N/A,1159608,FILA,
903,OK,DASS SEST,7,140572,1159608,81667,ATAC. M15041 POLIESTER COR 100,130CM,15900086,336,135528,15888629BR314828-B,07/07/2026,24/08/2026,4,,24/08/2026,,,,#N/A,1159608,FILA,
904,OK,DASS SEST,7,140572,1159608,81667,ATAC. M15041 POLIESTER COR 100,140CM,15900086,12,135528,15888628BR314828-A,07/07/2026,24/08/2026,4,,24/08/2026,,,,#N/A,1159608,FILA,
905,OK,DASS SEST,7,140572,1159608,81667,ATAC. M15041 POLIESTER COR 100,140CM,15900086,24,135528,15888629BR314828-B,07/07/2026,24/08/2026,4,,24/08/2026,,,,#N/A,1159608,FILA,
906,OK,DASS SEST,7,140572,1159609,82596,ATAC. M15041 POLIESTER COR 114,110CM,15900086,504,135528,15888631ARG202001,07/07/2026,24/08/2026,4,,24/08/2026,,,,#N/A,1159609,FILA,
907,OK,DASS SEST,7,140572,1159609,82596,ATAC. M15041 POLIESTER COR 114,120CM,15900086,648,135528,15888631ARG202001,07/07/2026,24/08/2026,4,,24/08/2026,,,,#N/A,1159609,FILA,
1124,OK,DASS SEST,7,140944,1048514,82631,ATAC. MR110012 8MM RECICLADO COR 4699/PET,115CM,15944082,270,135631,15941757NBR3283292,17/07/2026,24/08/2026,4,,24/08/2026,,,,#N/A,1048514,NIKE,
1125,OK,DASS SEST,7,140944,1048514,82631,ATAC. MR110012 8MM RECICLADO COR 4699/PET,120CM,15944082,764,135631,15941757NBR3283292,17/07/2026,24/08/2026,4,,24/08/2026,,,,#N/A,1048514,NIKE,
1126,OK,DASS SEST,7,140944,1341808,91524,ATAC. MR110012 8MM RECICLADO COR 5149/PET,115CM,15944082,216,135631,15941794NBR3283296,17/07/2026,24/08/2026,4,,24/08/2026,,,,#N/A,1341808,NIKE,
1127,OK,DASS SEST,7,140944,1341808,91524,ATAC. MR110012 8MM RECICLADO COR 5149/PET,115CM,15944082,234,135631,15941795NBR3283296,17/07/2026,24/08/2026,4,,24/08/2026,,,,#N/A,1341808,NIKE,
1128,OK,DASS SEST,7,140944,1341808,91524,ATAC. MR110012 8MM RECICLADO COR 5149/PET,120CM,15944082,620,135631,15941794NBR3283296,17/07/2026,24/08/2026,4,,24/08/2026,,,,#N/A,1341808,NIKE,
1129,OK,DASS SEST,7,140944,1341808,91524,ATAC. MR110012 8MM RECICLADO COR 5149/PET,120CM,15944082,672,135631,15941795NBR3283296,17/07/2026,24/08/2026,4,,24/08/2026,,,,#N/A,1341808,NIKE,
1130,OK,DASS SEST,7,140944,1027849,92568,ATAC. MR110012 8MM RECICLADO COR 4085/PET,115CM,15944082,258,135631,15941754NBR3283288,17/07/2026,24/08/2026,4,,24/08/2026,,,,#N/A,1027849,NIKE,
1131,OK,DASS SEST,7,140944,1027849,92568,ATAC. MR110012 8MM RECICLADO COR 4085/PET,120CM,15944082,746,135631,15941754NBR3283288,17/07/2026,24/08/2026,4,,24/08/2026,,,,#N/A,1027849,NIKE,
1132,OK,DASS SEST,7,140944,1065806,93661,ATAC. MR110029 RECICLADO COR 4662/PET,130CM,15944082,360,135631,15941758NBR3283278,17/07/2026,24/08/2026,4,,24/08/2026,,,,#N/A,1065806,NIKE,
1133,OK,DASS SEST,7,140944,1065806,93661,ATAC. MR110029 RECICLADO COR 4662/PET,130CM,15944082,384,135631,15941759NBR3283278,17/07/2026,24/08/2026,4,,24/08/2026,,,,#N/A,1065806,NIKE,
1134,OK,DASS SEST,7,140944,1065806,93661,ATAC. MR110029 RECICLADO COR 4662/PET,130CM,15944082,324,135631,15941764NBR3283280,17/07/2026,24/08/2026,4,,24/08/2026,,,,#N/A,1065806,NIKE,
1135,OK,DASS SEST,7,140944,1065806,93661,ATAC. MR110029 RECICLADO COR 4662/PET,130CM,15944082,360,135631,15941765NBR3283280,17/07/2026,24/08/2026,4,,24/08/2026,,,,#N/A,1065806,NIKE,
1136,OK,DASS SEST,7,140944,1065806,93661,ATAC. MR110029 RECICLADO COR 4662/PET,130CM,15944082,360,135631,15941760NBR3283281,17/07/2026,24/08/2026,4,,24/08/2026,,,,#N/A,1065806,NIKE,
1137,OK,DASS SEST,7,140944,1065806,93661,ATAC. MR110029 RECICLADO COR 4662/PET,130CM,15944082,384,135631,15941761NBR3283281,17/07/2026,24/08/2026,4,,24/08/2026,,,,#N/A,1065806,NIKE,
1138,OK,DASS SEST,7,140944,1065806,93661,ATAC. MR110029 RECICLADO COR 4662/PET,130CM,15944082,360,135631,15941762NBR3283284,17/07/2026,24/08/2026,4,,24/08/26,,,,#N/A,1065806,NIKE,
1139,OK,DASS SEST,7,140944,1065806,93661,ATAC. MR110029 RECICLADO COR 4662/PET,130CM,15944082,384,135631,15941763NBR3283284,17/07/2026,24/08/2026,4,,24/08/26,,,,#N/A,1065806,NIKE,
1140,OK,DASS SEST,7,140944,1065806,93661,ATAC. MR110029 RECICLADO COR 4662/PET,135CM,15944082,470,135631,15941758NBR3283278,17/07/2026,24/08/2026,4,,24/08/26,,,,#N/A,1065806,NIKE,
1141,OK,DASS SEST,7,140944,1065806,93661,ATAC. MR110029 RECICLADO COR 4662/PET,135CM,15944082,492,135631,15941759NBR3283278,17/07/2026,24/08/2026,4,,24/08/2026,,,,#N/A,1065806,NIKE,
1142,OK,DASS SEST,7,140944,1065806,93661,ATAC. MR110029 RECICLADO COR 4662/PET,135CM,15944082,440,135631,15941764NBR3283280,17/07/2026,24/08/2026,4,,24/08/2026,,,,#N/A,1065806,NIKE,
1143,OK,DASS SEST,7,140944,1065806,93661,ATAC. MR110029 RECICLADO COR 4662/PET,135CM,15944082,438,135631,15941765NBR3283280,17/07/2026,24/08/2026,4,,24/08/2026,,,,#N/A,1065806,NIKE,
1144,OK,DASS SEST,7,140944,1065806,93661,ATAC. MR110029 RECICLADO COR 4662/PET,135CM,15944082,470,135631,15941760NBR3283281,17/07/2026,24/08/2026,4,,24/08/2026,,,,#N/A,1065806,NIKE,
1145,OK,DASS SEST,7,140944,1065806,93661,ATAC. MR110029 RECICLADO COR 4662/PET,135CM,15944082,492,135631,15941761NBR3283281,17/07/2026,24/08/2026,4,,24/08/2026,,,,#N/A,1065806,NIKE,
1146,OK,DASS SEST,7,140944,1065806,93661,ATAC. MR110029 RECICLADO COR 4662/PET,135CM,15944082,470,135631,15941762NBR3283284,17/07/2026,24/08/2026,4,,24/08/2026,,,,#N/A,1065806,NIKE,
1147,OK,DASS SEST,7,140944,1065806,93661,ATAC. MR110029 RECICLADO COR 4662/PET,135CM,15944082,492,135631,15941763NBR3283284,17/07/2026,24/08/2026,4,,24/08/2026,,,,#N/A,1065806,NIKE,
1243,OK,DASS SEST,7,139063,1394708,92487,ATAC. MR110029 RECICLADO COR 4662/PET,120CM,15758596,84,133774,15758317NBR3282838,28/05/2026,24/08/2026,4,,24/08/2026,,,,#N/A,1394708,NIKE,
1244,OK,DASS SEST,7,139063,1287984,89070,ATAC. MR110029 RECICLADO COR 4662/PET,120CM,15758596,72,133774,15758318NBR3282838,28/05/2026,24/08/2026,4,,24/08/2026,,,,#N/A,1287984,NIKE,
1245,OK,DASS SEST,7,139063,1417935,93719,ATAC. MR110029 RECICLADO COR 4662/PET,120CM,15758596,72,133774,15758324NBR3282958,28/05/2026,24/08/2026,4,,24/08/26,,,,#N/A,1417935,NIKE,
1246,OK,DASS SEST,7,139063,1287983,95045,ATAC. MR110029 RECICLADO COR 4662/PET,120CM,15758596,72,133774,15758325NBR3282958,28/05/2026,24/08/2026,4,,24/08/26,,,,#N/A,1287983,NIKE,
1247,OK,DASS SEST,7,139063,1268009,86031,ATAC. MR110029 RECICLADO COR 4662/PET,130CM,15758596,746,133774,15758317NBR3282838,28/05/2026,24/08/2026,4,,24/08/26,,,,#N/A,1268009,NIKE,
1248,OK,DASS SEST,7,139063,1314368,87520,ATAC. MR110029 RECICLADO COR 4662/PET,130CM,15758596,792,133774,15758318NBR3282838,28/05/2026,24/08/2026,4,,24/08/26,,,,#N/A,1314368,NIKE,
1249,OK,DASS SEST,7,139063,1357637,92233,ATAC. MR110029 RECICLADO COR 4662/PET,130CM,15758596,806,133774,15758324NBR3282958,28/05/2026,24/08/2026,4,,24/08/26,,,,#N/A,1357637,NIKE,
1250,OK,DASS SEST,7,139063,1409206,93274,ATAC. MR110029 RECICLADO COR 4662/PET,130CM,15758596,852,133774,15758325NBR3282958,28/05/2026,24/08/2026,4,,24/08/26,,,,#N/A,1409206,NIKE,
1251,OK,DASS SEST,7,139063,1385046,93286,ATAC. MR110029 RECICLADO COR 4662/PET,140CM,15758596,72,133774,15758317NBR3282838,28/05/2026,24/08/2026,4,,24/08/26,,,,#N/A,1385046,NIKE,
1252,OK,DASS SEST,7,139063,1409207,93287,ATAC. MR110029 RECICLADO COR 4662/PET,140CM,15758596,84,133774,15758318NBR3282838,28/05/2026,24/08/2026,4,,24/08/26,,,,#N/A,1409207,NIKE,
1399,OK,DASS SEST,7,141496,1278311,86418,ATAC. MR140014 6MM RECICLADO COR 4662/PET,100CM,16002583,740,136134,16001161NBR3283391,03/08/2026,24/08/2026,4,,24/08/26,,,,#N/A,1278311,NIKE,NORMAL
1400,OK,DASS SEST,7,141496,1278311,86418,ATAC. MR140014 6MM RECICLADO COR 4662/PET,100CM,16002583,701,136134,16001162NBR3283392,03/08/2026,24/08/2026,4,,24/08/26,,,,#N/A,1278311,NIKE,NORMAL
1401,OK,DASS SEST,7,141496,1278311,86418,ATAC. MR140014 6MM RECICLADO COR 4662/PET,105CM,16002583,276,136134,16001161NBR3283391,03/08/2026,24/08/2026,4,,24/08/26,,,,#N/A,1278311,NIKE,NORMAL
1402,OK,DASS SEST,7,141496,1278311,86418,ATAC. MR140014 6MM RECICLADO COR 4662/PET,105CM,16002583,300,136134,16001162NBR3283392,03/08/2026,24/08/2026,4,,24/08/26,,,,#N/A,1278311,NIKE,NORMAL
1532,OK,DASS ITABERABA,70,139562,1421812,95779,ATAC. M21020 8MM REFLEX COR 5998/1,115CM,15814013,396,134309,15800648SBF806270,11/06/2026,24/08/2026,4,,24/08/26,,,,#N/A,1421812,FILA,
1533,OK,DASS ITABERABA,70,139562,1421812,95779,ATAC. M21020 8MM REFLEX COR 5998/1,125CM,15814013,396,134309,15800648SBF806270,11/06/2026,24/08/2026,4,,24/08/26,,,,#N/A,1421812,FILA,
1540,OK,DASS ITABERABA,70,140510,1179318,75593,ATAC. M13725 6MM POLIESTER COR 057,100CM,15896320,264,135187,15889177BRITB00543,06/07/2026,24/08/2026,4,,24/08/26,,,,#N/A,1179318,FILA,
1541,OK,DASS ITABERABA,70,140510,1179318,75593,ATAC. M13725 6MM POLIESTER COR 057,100CM,15896320,264,135187,15889178BRITB00543,06/07/2026,24/08/2026,4,,24/08/26,,,,#N/A,1179318,FILA,
1542,OK,DASS ITABERABA,70,140510,1179318,75593,ATAC. M13725 6MM POLIESTER COR 057,110CM,15896320,456,135187,15889177BRITB00543,06/07/2026,24/08/2026,4,,24/08/26,,,,#N/A,1179318,FILA,
1543,OK,DASS ITABERABA,70,140510,1179318,75593,ATAC. M13725 6MM POLIESTER COR 057,110CM,15896320,480,135187,15889178BRITB00543,06/07/2026,24/08/2026,4,,24/08/26,,,,#N/A,1179318,FILA,
1544,OK,DASS ITABERABA,70,140510,1175396,75595,ATAC. M13725 6MM POLIESTER COR 100,100CM,15896320,336,135187,15889171BRITB00543,06/07/2026,24/08/2026,4,,24/08/26,,,,#N/A,1175396,FILA,
1545,OK,DASS ITABERABA,70,140510,1175396,75595,ATAC. M13725 6MM POLIESTER COR 100,100CM,15896320,336,135187,15889172BRITB00543,06/07/2026,24/08/2026,4,,24/08/26,,,,#N/A,1175396,FILA,
1547,OK,DASS ITABERABA,70,140510,1175396,75595,ATAC. M13725 6MM POLIESTER COR 100,100CM,15896320,288,135187,15889174BRITB00543,06/07/2026,24/08/2026,4,,24/08/26,,,,#N/A,1175396,FILA,
1548,OK,DASS ITABERABA,70,140510,1175396,75595,ATAC. M13725 6MM POLIESTER COR 100,110CM,15896320,516,135187,15889171BRITB00543,06/07/2026,24/08/2026,4,,24/08/26,,,,#N/A,1175396,FILA,
1549,OK,DASS ITABERABA,70,140510,1175396,75595,ATAC. M13725 6MM POLIESTER COR 100,110CM,15896320,516,135187,15889172BRITB00543,06/07/2026,24/08/2026,4,,24/08/26,,,,#N/A,1175396,FILA,
1551,OK,DASS ITABERABA,70,140510,1175396,75595,ATAC. M13725 6MM POLIESTER COR 100,110CM,15896320,504,135187,15889174BRITB00543,06/07/2026,24/08/2026,4,,24/08/26,,,,#N/A,1175396,FILA,
1553,OK,DASS ITABERABA,70,140510,1321091,90891,ATAC. M13725 6MM POLIESTER COR 5703,90CM,15896320,312,135187,15889185BRITB00544,06/07/2026,24/08/2026,4,,24/08/26,,,,#N/A,1321091,FILA,
1554,OK,DASS ITABERABA,70,140510,1321091,90891,ATAC. M13725 6MM POLIESTER COR 5703,90CM,15896320,324,135187,15889188BRITB00544,06/07/2026,24/08/2026,4,,24/08/26,,,,#N/A,1321091,FILA,
1556,OK,DASS ITABERABA,70,140510,1321091,90891,ATAC. M13725 6MM POLIESTER COR 5703,100CM,15896320,324,135187,15889140BRITB00543,06/07/2026,24/08/2026,4,,24/08/26,,,,#N/A,1321091,FILA,
1557,OK,DASS ITABERABA,70,140510,1321091,90891,ATAC. M13725 6MM POLIESTER COR 5703,100CM,15896320,456,135187,15889184BRITB00544,06/07/2026,24/08/2026,4,,24/08/26,,,,#N/A,1321091,FILA,
1558,OK,DASS ITABERABA,70,140510,1321091,90891,ATAC. M13725 6MM POLIESTER COR 5703,100CM,15896320,384,135187,15889185BRITB00544,06/07/2026,24/08/2026,4,,24/08/26,,,,#N/A,1321091,FILA,
1559,OK,DASS ITABERABA,70,140510,1321091,90891,ATAC. M13725 6MM POLIESTER COR 5703,100CM,15896320,396,135187,15889188BRITB00544,06/07/2026,24/08/2026,4,,24/08/26,,,,#N/A,1321091,FILA,
1561,OK,DASS ITABERABA,70,140510,1321091,90891,ATAC. M13725 6MM POLIESTER COR 5703,110CM,15896320,588,135187,15889140BRITB00543,06/07/2026,24/08/2026,4,,24/08/26,,,,#N/A,1321091,FILA,
1653,OK,DASS ITABERABA,70,141494,1321091,90891,ATAC. M13725 6MM POLIESTER COR 5703,100CM,16003576,540,136132,15994438BRITB00553,03/08/2026,24/08/2026,4,,24/08/26,,,,#N/A,1321091,FILA,NORMAL
1655,OK,DASS ITABERABA,70,141494,1390643,95781,ATAC. M13727 POLIESTER COR 114 / COR 100,100CM,16003576,348,136132,15994445BRITB00548,03/08/2026,24/08/2026,4,,24/08/26,,,,#N/A,1390643,FILA,NORMAL
1690,OK,DASS SEST,7,139063,816378,76524,ATAC. MR110029 RECICLADO COR 4662/PET,120CM,15758596,84,133774,15758317NBR3282838,28/05/2026,24/08/2026,4,,24/08/26,,,,#N/A,816378,NIKE,
1691,OK,DASS SEST,7,139063,816378,76524,ATAC. MR110029 RECICLADO COR 4662/PET,120CM,15758596,72,133774,15758318NBR3282838,28/05/2026,24/08/2026,4,,24/08/26,,,,#N/A,816378,NIKE,
1692,OK,DASS SEST,7,139063,816378,76524,ATAC. MR110029 RECICLADO COR 4662/PET,120CM,15758596,72,133774,15758324NBR3282958,28/05/2026,24/08/2026,4,,24/08/26,,,,#N/A,816378,NIKE,
1723,OK,DASS ITABERABA,70,141510,898941,70164,FITA MFGP C/ GOMA POLIESTER COR 100,12MM,16003218,1010,136147,0,03/08/2026,24/08/2026,4,,24/08/26,,,,#N/A,898941,FILA,NORMAL
1725,OK,DASS ITABERABA,70,141510,902655,71376,FITA MFGP C/ GOMA POLIESTER COR 102,15MM,16003218,520,136147,0,03/08/2026,24/08/2026,4,,24/08/26,,,,#N/A,902655,FILA,NORMAL
1726,OK,DASS ITABERABA,70,141510,902057,73522,FITA MFGP C/ GOMA POLIESTER COR 057,15MM,16003218,210,136147,0,03/08/2026,24/08/2026,4,,24/08/26,,,,#N/A,902057,FILA,NORMAL
1727,OK,DASS ITABERABA,70,141510,975119,73589,FITA MFGP C/ GOMA POLIESTER COR 263,15MM,16003218,190,136147,0,03/08/2026,24/08/2026,4,,24/08/26,,,,#N/A,975119,FILA,NORMAL
1728,OK,DASS ITABERABA,70,141510,1413356,73872,FITA MFGP C/ GOMA POLIESTER COR 057 / COR 114 / COR 057,15MM,16003218,130,136147,0,03/08/2026,24/08/2026,4,,24/08/26,,,,#N/A,1413356,FILA,NORMAL
1729,OK,DASS ITABERABA,70,141510,1097515,84559,FITA MFGP C/ GOMA POLIESTER COR 114,15MM,16003218,250,136147,0,03/08/2026,24/08/2026,4,,24/08/26,,,,#N/A,1097515,FILA,NORMAL
1730,OK,DASS ITABERABA,70,141510,1290698,87066,FITA MFGP C/ GOMA POLIESTER COR 057 / COR 5508 / COR 057,15MM,16003218,150,136147,0,03/08/2026,24/08/2026,4,,24/08/26,,,,#N/A,1290698,FILA,NORMAL
1731,OK,DASS ITABERABA,70,141510,1327438,87578,FITA MFGP C/ GOMA POLIESTER COR 4188,15MM,16003218,180,136147,0,03/08/2026,24/08/2026,4,,24/08/26,,,,#N/A,1327438,FILA,NORMAL
1795,OK,DASS SEST,7,139063,1173570,73236,ATAC. MR110029 RECICLADO COR 4662/PET,120CM,15758596,84,133774,15758317NBR3282838,28/05/2026,24/08/2026,4,,24/08/26,,,,#N/A,1173570,NIKE,
1796,OK,DASS SEST,7,139063,1211117,73237,ATAC. MR110029 RECICLADO COR 4662/PET,120CM,15758596,72,133774,15758318NBR3282838,28/05/2026,24/08/2026,4,,24/08/26,,,,#N/A,1211117,NIKE,
1797,OK,DASS SEST,7,139063,1211117,73237,ATAC. MR110029 RECICLADO COR 4662/PET,120CM,15758596,72,133774,15758324NBR3282958,28/05/2026,24/08/2026,4,,24/08/26,,,,#N/A,1211117,NIKE,
1798,OK,DASS SEST,7,139063,1211117,73237,ATAC. MR110029 RECICLADO COR 4662/PET,120CM,15758596,72,133774,15758325NBR3282958,28/05/2026,24/08/2026,4,,24/08/26,,,,#N/A,1211117,NIKE,
1799,OK,DASS SEST,7,139063,1211117,73237,ATAC. MR110029 RECICLADO COR 4662/PET,130CM,15758596,746,133774,15758317NBR3282838,28/05/2026,24/08/2026,4,,24/08/26,,,,#N/A,1211117,NIKE,
1800,OK,DASS SEST,7,139063,1421372,96313,ATAC. MR110029 RECICLADO COR 4662/PET,130CM,15758596,792,133774,15758318NBR3282838,28/05/2026,24/08/2026,4,,24/08/26,,,,#N/A,1421372,NIKE,
1801,OK,DASS SEST,7,139063,1421372,96313,ATAC. MR110029 RECICLADO COR 4662/PET,130CM,15758596,806,133774,15758324NBR3282958,28/05/2026,24/08/2026,4,,24/08/26,,,,#N/A,1421372,NIKE,
1802,OK,DASS SEST,7,139063,1421372,96313,ATAC. MR110029 RECICLADO COR 4662/PET,130CM,15758596,852,133774,15758325NBR3282958,28/05/2026,24/08/2026,4,,24/08/26,,,,#N/A,1421372,NIKE,
1803,OK,DASS SEST,7,139063,1421372,96313,ATAC. MR110029 RECICLADO COR 4662/PET,140CM,15758596,72,133774,15758317NBR3282838,28/05/2026,24/08/2026,4,,24/08/26,,,,#N/A,1421372,NIKE,
1812,OK,DASS ITABERABA,70,141606,1403527,92950,FITA M32207 C/ GOMA POLIESTER COR 114 / COR 491 / COR 114,15MM,16015306,10,136239,0,05/08/2026,24/08/2026,4,,24/08/26,,,,#N/A,1403527,FILA,NORMAL
1813,OK,DASS ITABERABA,70,141606,903140,72801,FITA MFGP C/ GOMA POLIESTER COR 057,10MM,16015306,10,136239,0,05/08/2026,24/08/2026,4,,24/08/26,,,,#N/A,903140,FILA,NORMAL
1862,OK,DASS SEST,7,139063,827533,95643,ATAC. MR110029 RECICLADO COR 4662/PET,120CM,15758596,84,133774,15758317NBR3282838,28/05/2026,24/08/2026,4,,24/08/26,,,,#N/A,827533,NIKE,
1863,OK,DASS SEST,7,139063,827533,95643,ATAC. MR110029 RECICLADO COR 4662/PET,120CM,15758596,72,133774,15758318NBR3282838,28/05/2026,24/08/2026,4,,24/08/26,,,,#N/A,827533,NIKE,
1864,OK,DASS SEST,7,139063,827533,95643,ATAC. MR110029 RECICLADO COR 4662/PET,120CM,15758596,72,133774,15758324NBR3282958,28/05/2026,24/08/2026,4,,24/08/26,,,,#N/A,827533,NIKE,
1932,NÃO,BIBI,805,141941,467297,70253,FITA M4027 C/ GOMA POLIESTER COR 100,15MM,3834053,1000,136621,,17/08/2026,24/08/2026,4,,24/08/26,,,,#N/A,467297,,
1943,OK,DASS SANTO ANTONIO,1526,140526,1260166,73756,ATAC. M10110 5MM POLIESTER COR 100 / COR 263,115CM,15888263,408,135201,15884402BRSA001870,06/07/2026,24/08/2026,4,,24/08/26,,,,#N/A,1260166,FILA,
1944,OK,DASS SANTO ANTONIO,1526,140526,1260166,73756,ATAC. M10110 5MM POLIESTER COR 100 / COR 263,115CM,15888263,720,135201,15884403BRSA001871,06/07/2026,24/08/2026,4,,24/08/26,,,,#N/A,1260166,FILA,
1945,OK,DASS SANTO ANTONIO,1526,140526,1260166,73756,ATAC. M10110 5MM POLIESTER COR 100 / COR 263,125CM,15888263,264,135201,15884402BRSA001870,06/07/2026,24/08/2026,4,,24/08/26,,,,#N/A,1260166,FILA,
1946,OK,DASS SANTO ANTONIO,1526,140526,1260166,73756,ATAC. M10110 5MM POLIESTER COR 100 / COR 263,125CM,15888263,312,135201,15884403BRSA001871,06/07/2026,24/08/2026,4,,24/08/26,,,,#N/A,1260166,FILA,
1947,OK,DASS SANTO ANTONIO,1526,140526,1404592,95032,ATAC. M10110 5MM POLIESTER COR 5094 / COR 102,115CM,15888263,852,135201,15884406BRSA001874,06/07/2026,24/08/2026,4,,24/08/26,,,,#N/A,1404592,FILA,
1948,OK,DASS SANTO ANTONIO,1526,140526,1404592,95032,ATAC. M10110 5MM POLIESTER COR 5094 / COR 102,125CM,15888263,348,135201,15884406BRSA001874,06/07/2026,24/08/2026,4,,24/08/26,,,,#N/A,1404592,FILA,
1949,OK,DASS SANTO ANTONIO,1526,140526,1404591,95039,ATAC. M10110 5MM POLIESTER COR 102 / COR 6038,105CM,15888263,432,135201,15884410BRSA001880,06/07/2026,24/08/2026,4,,24/08/2026,,,,#N/A,1404591,FILA,
1950,OK,DASS SANTO ANTONIO,1526,140526,1404591,95039,ATAC. M10110 5MM POLIESTER COR 102 / COR 6038,105CM,15888263,432,135201,15884411BRSA001880,06/07/2026,24/08/2026,4,,24/08/2026,,,,#N/A,1404591,FILA,
1951,OK,DASS SANTO ANTONIO,1526,140526,1404591,95039,ATAC. M10110 5MM POLIESTER COR 102 / COR 6038,115CM,15888263,480,135201,15884410BRSA001880,06/07/2026,24/08/2026,4,,24/08/2026,,,,#N/A,1404591,FILA,
1952,OK,DASS SANTO ANTONIO,1526,140526,1404591,95039,ATAC. M10110 5MM POLIESTER COR 102 / COR 6038,115CM,15888263,492,135201,15884411BRSA001880,06/07/2026,24/08/2026,4,,24/08/2026,,,,#N/A,1404591,FILA,
1953,OK,DASS SANTO ANTONIO,1526,140526,1404580,95043,ATAC. M10110 5MM POLIESTER COR 057 / COR 102,115CM,15888263,672,135201,15884405BRSA001873,06/07/2026,24/08/2026,4,,24/08/2026,,,,#N/A,1404580,FILA,
1954,OK,DASS SANTO ANTONIO,1526,140526,1404580,95043,ATAC. M10110 5MM POLIESTER COR 057 / COR 102,125CM,15888263,168,135201,15884405BRSA001873,06/07/2026,24/08/2026,4,,24/08/2026,,,,#N/A,1404580,FILA,
1955,OK,DASS SANTO ANTONIO,1526,140527,738314,87444,ELAST. MTM POLIESTER COR 057,6MM,15888202,1175,135202,0,06/07/2026,24/08/2026,4,,24/08/2026,,,,#N/A,738314,FILA,
1957,OK,DASS SANTO ANTONIO,1526,140527,902057,73522,FITA MFGP C/ GOMA POLIESTER COR 057,15MM,15888202,160,135202,0,06/07/2026,24/08/2026,4,,24/08/2026,,,,#N/A,902057,FILA,
1958,OK,DASS SANTO ANTONIO,1526,140527,975119,76910,FITA MFGP C/ GOMA POLIESTER COR 263,15MM,15888202,140,135202,0,06/07/2026,24/08/2026,4,,24/08/2026,,,,#N/A,975119,FILA,
1838,NÃO,MARFIM CEARA,105,140639,,96046,ATAC. MR140019 6MM RECICLADO COR 6253/PET,6MM,1,21239,135415,,08/07/2026,25/08/2026,5,,04/08/2026,,25/08/2026,,#N/A,,,
1933,NÃO,BIBI,805,141994,471351,74213,ELAST. MEER POLIESTER COR 102,6MM,3834291,300,136683,,19/08/2026,25/08/2026,5,,25/08/2026,,,,#N/A,471351,,
1591,OK,DASS ITABERABA,70,141191,1425019,74014,FITA MFGP C/ GOMA POLIESTER COR 4085,15MM,15971142,150,135866,0,24/07/2026,26/08/2026,6,,26/08/2026,,,,#N/A,1425019,ASICS,NORMAL
1592,OK,DASS ITABERABA,70,141191,1425013,94003,FITA MFGP C/ GOMA POLIESTER COR 6106,15MM,15971142,420,135866,0,24/07/2026,26/08/2026,6,,26/08/2026,,,,#N/A,1425013,ASICS,NORMAL
1593,OK,DASS ITABERABA,70,141192,1229330,84206,ATAC. M18006 POLIESTER COR 4085,110CM,15971148,569,135867,15966174ASB0053017,24/07/2026,26/08/2026,6,,26/08/2026,,,,#N/A,1229330,ASICS,NORMAL
1594,OK,DASS ITABERABA,70,141192,1229330,84206,ATAC. M18006 POLIESTER COR 4085,120CM,15971148,198,135867,15966174ASB0053017,24/07/2026,26/08/2026,6,,26/08/2026,,,,#N/A,1229330,ASICS,NORMAL
1595,OK,DASS ITABERABA,70,141192,1400180,94827,ATAC. M18006 POLIESTER COR 6106,120CM,15971148,420,135867,15966170ASB0053001,24/07/2026,26/08/2026,6,,26/08/2026,,,,#N/A,1400180,ASICS,NORMAL
1596,OK,DASS ITABERABA,70,141192,1400180,94827,ATAC. M18006 POLIESTER COR 6106,120CM,15971148,867,135867,15966171ASB0053004,24/07/2026,26/08/2026,6,,26/08/2026,,,,#N/A,1400180,ASICS,NORMAL
1597,OK,DASS ITABERABA,70,141192,1400180,94827,ATAC. M18006 POLIESTER COR 6106,130CM,15971148,333,135867,15966170ASB0053001,24/07/2026,26/08/2026,6,,26/08/2026,,,,#N/A,1400180,ASICS,NORMAL
1598,OK,DASS ITABERABA,70,141192,1400180,94827,ATAC. M18006 POLIESTER COR 6106,130CM,15971148,309,135867,15966171ASB0053004,24/07/2026,26/08/2026,6,,26/08/2026,,,,#N/A,1400180,ASICS,NORMAL
1599,OK,DASS ITABERABA,70,141192,1015432,74802,ATAC. M22031 REFLEX COR 4219/1,130CM,15971148,647,135867,15966161ASB0052975,24/07/2026,26/08/2026,6,,26/08/2026,,,,#N/A,1015432,ASICS,NORMAL
1600,OK,DASS ITABERABA,70,141192,1015432,74802,ATAC. M22031 REFLEX COR 4219/1,140CM,15971148,480,135867,15966161ASB0052975,24/07/2026,26/08/2026,6,,26/08/2026,,,,#N/A,1015432,ASICS,NORMAL
1601,OK,DASS ITABERABA,70,141192,1249007,84768,ATAC. M22031 REFLEX COR 4085/1,120CM,15971148,1091,135867,15966160ASB0052976,24/07/2026,26/08/2026,6,,26/08/2026,,,,#N/A,1249007,ASICS,NORMAL
1602,OK,DASS ITABERABA,70,141192,1249007,84768,ATAC. M22031 REFLEX COR 4085/1,130CM,15971148,623,135867,15966162ASB0052974,24/07/2026,26/08/2026,6,,26/08/2026,,,,#N/A,1249007,ASICS,NORMAL
1603,OK,DASS ITABERABA,70,141192,1249007,84768,ATAC. M22031 REFLEX COR 4085/1,130CM,15971148,428,135867,15966160ASB0052976,24/07/2026,26/08/2026,6,,26/08/2026,,,,#N/A,1249007,ASICS,NORMAL
1604,OK,DASS ITABERABA,70,141192,1249007,84768,ATAC. M22031 REFLEX COR 4085/1,130CM,15971148,601,135867,15966163ASB0052983,24/07/2026,26/08/2026,6,,26/08/2026,,,,#N/A,1249007,ASICS,NORMAL
1605,OK,DASS ITABERABA,70,141192,1249007,84768,ATAC. M22031 REFLEX COR 4085/1,140CM,15971148,208,135867,15966162ASB0052974,24/07/2026,26/08/2026,6,,26/08/2026,,,,#N/A,1249007,ASICS,NORMAL
1606,OK,DASS ITABERABA,70,141192,1249007,84768,ATAC. M22031 REFLEX COR 4085/1,140CM,15971148,600,135867,15966163ASB0052983,24/07/2026,26/08/2026,6,,26/08/2026,,,,#N/A,1249007,ASICS,NORMAL
1607,OK,DASS ITABERABA,70,141192,1393890,92609,ATAC. M22031 REFLEX COR 214/1,120CM,15971148,200,135867,15966158ASB0053013,24/07/2026,26/08/2026,6,,26/08/2026,,,,#N/A,1393890,ASICS,NORMAL
1608,OK,DASS ITABERABA,70,141192,1393890,92609,ATAC. M22031 REFLEX COR 214/1,130CM,15971148,125,135867,15966158ASB0053013,24/07/2026,26/08/2026,6,,26/08/2026,,,,#N/A,1393890,ASICS,NORMAL
1609,OK,DASS ITABERABA,70,141192,1393892,92717,ATAC. M22031 REFLEX COR 5108/1,120CM,15971148,322,135867,15966157ASB0052977,24/07/2026,26/08/2026,6,,26/08/2026,,,,#N/A,1393892,ASICS,NORMAL
1610,OK,DASS ITABERABA,70,141192,1393892,92717,ATAC. M22031 REFLEX COR 5108/1,130CM,15971148,161,135867,15966157ASB0052977,24/07/2026,26/08/2026,6,,26/08/2026,,,,#N/A,1393892,ASICS,NORMAL
1611,OK,DASS ITABERABA,70,141192,1393891,92801,ATAC. M22031 REFLEX COR 4313/1,120CM,15971148,336,135867,15966159ASB0053011,24/07/2026,26/08/2026,6,,26/08/2026,,,,#N/A,1393891,ASICS,NORMAL
1612,OK,DASS ITABERABA,70,141192,1393891,92801,ATAC. M22031 REFLEX COR 4313/1,130CM,15971148,99,135867,15966159ASB0053011,24/07/2026,26/08/2026,6,,26/08/2026,,,,#N/A,1393891,ASICS,NORMAL
1613,OK,DASS ITABERABA,70,141192,1345837,85480,ATAC. M22037 6MM REFLEX COR 987/1,120CM,15971148,434,135867,15966127ASB0053055,24/07/2026,26/08/2026,6,,26/08/2026,,,,#N/A,1345837,ASICS,NORMAL
1614,OK,DASS ITABERABA,70,141192,1345837,85480,ATAC. M22037 6MM REFLEX COR 987/1,130CM,15971148,210,135867,15966127ASB0053055,24/07/2026,26/08/2026,6,,26/08/2026,,,,#N/A,1345837,ASICS,NORMAL
1615,OK,DASS ITABERABA,70,141192,1332512,90397,ATAC. M22037 6MM REFLEX COR 5217/1,120CM,15971148,928,135867,15966125ASB0053053,24/07/2026,26/08/2026,6,,26/08/2026,,,,#N/A,1332512,ASICS,NORMAL
1616,OK,DASS ITABERABA,70,141192,1332512,90397,ATAC. M22037 6MM REFLEX COR 5217/1,130CM,15971148,544,135867,15966125ASB0053053,24/07/2026,26/08/2026,6,,26/08/2026,,,,#N/A,1332512,ASICS,NORMAL
1617,OK,DASS ITABERABA,70,141192,1365482,91133,ATAC. M22037 6MM REFLEX COR 5711,120CM,15971148,1052,135867,15966126ASB0053054,24/07/2026,26/08/2026,6,,26/08/2026,,,,#N/A,1365482,ASICS,NORMAL
1618,OK,DASS ITABERABA,70,141192,1365482,91133,ATAC. M22037 6MM REFLEX COR 5711,130CM,15971148,371,135867,15966126ASB0053054,24/07/2026,26/08/2026,6,,26/08/2026,,,,#N/A,1365482,ASICS,NORMAL
1905,OK,DASS VITORIA,391,141658,1237409,69564,FITA MFGP POLIESTER COR 100,10MM,16020980,40,136289,0,06/08/2026,26/08/2026,6,,26/08/2026,,,,#N/A,1237409,UMBRO,CONTA E ORDEM VITÓRIA X ITABERABA
1906,OK,DASS VITORIA,391,141658,242200,69623,FITA MFGP POLIESTER COR 102,10MM,16020980,50,136289,0,06/08/2026,26/08/2026,6,,26/08/2026,,,,#N/A,242200,UMBRO,CONTA E ORDEM VITÓRIA X ITABERABA
1907,OK,DASS VITORIA,391,141658,1382734,74781,FITA MFGP POLIESTER COR 114,10MM,16020980,80,136289,0,06/08/2026,26/08/2026,6,,26/08/2026,,,,#N/A,1382734,UMBRO,CONTA E ORDEM VITÓRIA X ITABERABA
1908,OK,DASS VITORIA,391,141659,972997,73477,ATAC. M13054 POLIESTER COR 102,115CM,16020981,240,136290,16017289BRI010480,06/08/2026,26/08/2026,6,,26/08/2026,,,,#N/A,972997,UMBRO,CONTA E ORDEM VITÓRIA X ITABERABA
1909,OK,DASS VITORIA,391,141659,972997,73477,ATAC. M13054 POLIESTER COR 102,125CM,16020981,252,136290,16017289BRI010480,06/08/2026,26/08/2026,6,,26/08/2026,,,,#N/A,972997,UMBRO,CONTA E ORDEM VITÓRIA X ITABERABA
1910,OK,DASS VITORIA,391,141659,815019,73478,ATAC. M13054 POLIESTER COR 100,115CM,16020981,660,136290,16017285BRI010476,06/08/2026,26/08/2026,6,,26/08/2026,,,,#N/A,815019,UMBRO,CONTA E ORDEM VITÓRIA X ITABERABA
1911,OK,DASS VITORIA,391,141659,815019,73478,ATAC. M13054 POLIESTER COR 100,115CM,16020981,264,136290,16017286BRI010477,06/08/2026,26/08/2026,6,,26/08/2026,,,,#N/A,815019,UMBRO,CONTA E ORDEM VITÓRIA X ITABERABA
1912,OK,DASS VITORIA,391,141659,815019,73478,ATAC. M13054 POLIESTER COR 100,115CM,16020981,420,136290,16017288BRI010479,06/08/2026,26/08/2026,6,,26/08/2026,,,,#N/A,815019,UMBRO,CONTA E ORDEM VITÓRIA X ITABERABA
1913,OK,DASS VITORIA,391,141659,815019,73478,ATAC. M13054 POLIESTER COR 100,125CM,16020981,300,136290,16017285BRI010476,06/08/2026,26/08/2026,6,,26/08/2026,,,,#N/A,815019,UMBRO,CONTA E ORDEM VITÓRIA X ITABERABA
1914,OK,DASS VITORIA,391,141659,815019,73478,ATAC. M13054 POLIESTER COR 100,125CM,16020981,372,136290,16017286BRI010477,06/08/2026,26/08/2026,6,,26/08/2026,,,,#N/A,815019,UMBRO,CONTA E ORDEM VITÓRIA X ITABERABA
1915,OK,DASS VITORIA,391,141659,815019,73478,ATAC. M13054 POLIESTER COR 100,125CM,16020981,384,136290,16017288BRI010479,06/08/2026,26/08/2026,6,,26/08/2026,,,,#N/A,815019,UMBRO,CONTA E ORDEM VITÓRIA X ITABERABA
1916,OK,DASS VITORIA,391,141659,818742,73479,ATAC. M13054 POLIESTER COR 213,115CM,16020981,372,136290,16017287BRI010478,06/08/2026,26/08/2026,6,,26/08/2026,,,,#N/A,818742,UMBRO,CONTA E ORDEM VITÓRIA X ITABERABA
1917,OK,DASS VITORIA,391,141659,818742,73479,ATAC. M13054 POLIESTER COR 213,125CM,16020981,252,136290,16017287BRI010478,06/08/2026,26/08/2026,6,,26/08/2026,,,,#N/A,818742,UMBRO,CONTA E ORDEM VITÓRIA X ITABERABA
1918,OK,DASS VITORIA,391,141659,1382619,93403,ATAC. M13768 POLIESTER COR 100,120CM,16020981,672,136290,16017280BRI010481,06/08/2026,26/08/2026,6,,26/08/2026,,,,#N/A,1382619,UMBRO,CONTA E ORDEM VITÓRIA X ITABERABA
1919,OK,DASS VITORIA,391,141659,1382619,93403,ATAC. M13768 POLIESTER COR 100,130CM,16020981,504,136290,16017280BRI010481,06/08/2026,26/08/2026,6,,26/08/2026,,,,#N/A,1382619,UMBRO,CONTA E ORDEM VITÓRIA X ITABERABA
1920,OK,DASS VITORIA,391,141659,1382651,93671,ATAC. M13768 POLIESTER COR 102,120CM,16020981,348,136290,16017281BRI010482,06/08/2026,26/08/2026,6,,26/08/2026,,,,#N/A,1382651,UMBRO,CONTA E ORDEM VITÓRIA X ITABERABA
1921,OK,DASS VITORIA,391,141659,1382651,93671,ATAC. M13768 POLIESTER COR 102,130CM,16020981,240,136290,16017281BRI010482,06/08/2026,26/08/2026,6,,26/08/2026,,,,#N/A,1382651,UMBRO,CONTA E ORDEM VITÓRIA X ITABERABA
1922,OK,DASS VITORIA,391,141659,1382740,93672,ATAC. M13768 POLIESTER COR 173,120CM,16020981,360,136290,16017282BRI010483,06/08/2026,26/08/2026,6,,26/08/2026,,,,#N/A,1382740,UMBRO,CONTA E ORDEM VITÓRIA X ITABERABA
1923,OK,DASS VITORIA,391,141659,1382740,93672,ATAC. M13768 POLIESTER COR 173,130CM,16020981,252,136290,16017282BRI010483,06/08/2026,26/08/2026,6,,26/08/2026,,,,#N/A,1382740,UMBRO,CONTA E ORDEM VITÓRIA X ITABERABA
1924,OK,DASS VITORIA,391,141659,1382744,93673,ATAC. M13768 POLIESTER COR 114,120CM,16020981,288,136290,16017283BRI010484,06/08/2026,26/08/2026,6,,26/08/2026,,,,#N/A,1382744,UMBRO,CONTA E ORDEM VITÓRIA X ITABERABA
1925,OK,DASS VITORIA,391,141659,1382744,93673,ATAC. M13768 POLIESTER COR 114,130CM,16020981,228,136290,16017283BRI010484,06/08/2026,26/08/2026,6,,26/08/2026,,,,#N/A,1382744,UMBRO,CONTA E ORDEM VITÓRIA X ITABERABA
17,OK,DASS SEST,7,139064,1065806,93661,ATAC. MR110029 RECICLADO COR 4662/PET,120CM,15758597,84,133775,15758315NBR3282837,28/05/2026,31/08/2026,11,,31/08/2026,,,,#N/A,1065806,NIKE,
18,OK,DASS SEST,7,139064,1065806,93661,ATAC. MR110029 RECICLADO COR 4662/PET,120CM,15758597,72,133775,15758316NBR3282837,28/05/2026,31/08/2026,11,,31/08/2026,,,,#N/A,1065806,NIKE,
19,OK,DASS SEST,7,139064,1065806,93661,ATAC. MR110029 RECICLADO COR 4662/PET,130CM,15758597,770,133775,15758315NBR3282837,28/05/2026,31/08/2026,11,,31/08/2026,,,,#N/A,1065806,NIKE,
20,OK,DASS SEST,7,139064,1065806,93661,ATAC. MR110029 RECICLADO COR 4662/PET,130CM,15758597,816,133775,15758316NBR3282837,28/05/2026,31/08/2026,11,,31/08/2026,,,,#N/A,1065806,NIKE,
21,OK,DASS SEST,7,139064,1065806,93661,ATAC. MR110029 RECICLADO COR 4662/PET,140CM,15758597,72,133775,15758315NBR3282837,28/05/2026,31/08/2026,11,,31/08/2026,,,,#N/A,1065806,NIKE,
22,OK,DASS SEST,7,139064,1065806,93661,ATAC. MR110029 RECICLADO COR 4662/PET,140CM,15758597,84,133775,15758316NBR3282837,28/05/2026,31/08/2026,11,,31/08/2026,,,,#N/A,1065806,NIKE,
35,OK,DASS SEST,7,139229,1188919,82628,ATAC. MR140014 6MM RECICLADO COR 4085/PET,100CM,15775195,96,133930,15773820NBR3283034,01/06/2026,31/08/2026,11,,31/08/2026,,,,#N/A,1188919,NIKE,
36,OK,DASS SEST,7,139229,1188919,82628,ATAC. MR140014 6MM RECICLADO COR 4085/PET,100CM,15775195,120,133930,15773821NBR3283034,01/06/2026,31/08/2026,11,,31/08/2026,,,,#N/A,1188919,NIKE,
37,OK,DASS SEST,7,139229,1188919,82628,ATAC. MR140014 6MM RECICLADO COR 4085/PET,100CM,15775195,96,133930,15773822NBR3283035,01/06/2026,31/08/2026,11,,31/08/2026,,,,#N/A,1188919,NIKE,
38,OK,DASS SEST,7,139229,1188919,82628,ATAC. MR140014 6MM RECICLADO COR 4085/PET,100CM,15775195,102,133930,15773823NBR3283035,01/06/2026,31/08/2026,11,,31/08/2026,,,,#N/A,1188919,NIKE,
39,OK,DASS SEST,7,139229,1188919,82628,ATAC. MR140014 6MM RECICLADO COR 4085/PET,105CM,15775195,734,133930,15773820NBR3283034,01/06/2026,31/08/2026,11,,31/08/2026,,,,#N/A,1188919,NIKE,
40,OK,DASS SEST,7,139229,1188919,82628,ATAC. MR140014 6MM RECICLADO COR 4085/PET,105CM,15775195,762,133930,15773821NBR3283034,01/06/2026,31/08/2026,11,,31/08/2026,,,,#N/A,1188919,NIKE,
41,OK,DASS SEST,7,139229,1188919,82628,ATAC. MR140014 6MM RECICLADO COR 4085/PET,105CM,15775195,698,133930,15773822NBR3283035,01/06/2026,31/08/2026,11,,31/08/2026,,,,#N/A,1188919,NIKE,
42,OK,DASS SEST,7,139229,1188919,82628,ATAC. MR140014 6MM RECICLADO COR 4085/PET,105CM,15775195,702,133930,15773823NBR3283035,01/06/2026,31/08/2026,11,,31/08/2026,,,,#N/A,1188919,NIKE,
43,OK,DASS SEST,7,139229,1188919,82628,ATAC. MR140014 6MM RECICLADO COR 4085/PET,105CM,15775195,192,133930,15773816NBR3283036,01/06/2026,31/08/2026,11,,31/08/2026,,,,#N/A,1188919,NIKE,
44,OK,DASS SEST,7,139229,1188919,82628,ATAC. MR140014 6MM RECICLADO COR 4085/PET,105CM,15775195,234,133930,15773817NBR3283036,01/06/2026,31/08/2026,11,,31/08/2026,,,,#N/A,1188919,NIKE,
45,OK,DASS SEST,7,139229,1188919,82628,ATAC. MR140014 6MM RECICLADO COR 4085/PET,110CM,15775195,54,133930,15773820NBR3283034,01/06/2026,31/08/2026,11,,31/08/2026,,,,#N/A,1188919,NIKE,
46,OK,DASS SEST,7,139229,1188919,82628,ATAC. MR140014 6MM RECICLADO COR 4085/PET,110CM,15775195,36,133930,15773821NBR3283034,01/06/2026,31/08/2026,11,,31/08/2026,,,,#N/A,1188919,NIKE,
47,OK,DASS SEST,7,139229,1188919,82628,ATAC. MR140014 6MM RECICLADO COR 4085/PET,110CM,15775195,48,133930,15773822NBR3283035,01/06/2026,31/08/2026,11,,31/08/2026,,,,#N/A,1188919,NIKE,
48,OK,DASS SEST,7,139229,1188919,82628,ATAC. MR140014 6MM RECICLADO COR 4085/PET,110CM,15775195,36,133930,15773823NBR3283035,01/06/2026,31/08/2026,11,,31/08/2026,,,,#N/A,1188919,NIKE,
49,OK,DASS SEST,7,139229,1188919,82628,ATAC. MR140014 6MM RECICLADO COR 4085/PET,110CM,15775195,609,133930,15773816NBR3283036,01/06/2026,31/08/2026,11,,31/08/2026,,,,#N/A,1188919,NIKE,
50,OK,DASS SEST,7,139229,1188919,82628,ATAC. MR140014 6MM RECICLADO COR 4085/PET,110CM,15775195,606,133930,15773817NBR3283036,01/06/2026,31/08/2026,11,,31/08/2026,,,,#N/A,1188919,NIKE,
51,OK,DASS SEST,7,139229,1188919,82628,ATAC. MR140014 6MM RECICLADO COR 4085/PET,115CM,15775195,240,133930,15773816NBR3283036,01/06/2026,31/08/2026,11,,31/08/2026,,,,#N/A,1188919,NIKE,
52,OK,DASS SEST,7,139229,1188919,82628,ATAC. MR140014 6MM RECICLADO COR 4085/PET,115CM,15775195,246,133930,15773817NBR3283036,01/06/2026,31/08/2026,11,,31/08/2026,,,,#N/A,1188919,NIKE,
83,OK,DASS SEST,7,139565,1299257,86978,ATAC. MR130027 6MM RECICLADO COR 4085/PET,100CM,15816413,156,134312,15815480NBR3282906,11/06/2026,31/08/2026,11,,31/08/2026,,,,#N/A,1299257,NIKE,
84,OK,DASS SEST,7,139565,1299257,86978,ATAC. MR130027 6MM RECICLADO COR 4085/PET,100CM,15816413,186,134312,15815482NBR3282906,11/06/2026,31/08/2026,11,,31/08/2026,,,,#N/A,1299257,NIKE,
85,OK,DASS SEST,7,139565,1299257,86978,ATAC. MR130027 6MM RECICLADO COR 4085/PET,100CM,15816413,168,134312,15815483NBR3282983,11/06/2026,31/08/2026,11,,31/08/2026,,,,#N/A,1299257,NIKE,
86,OK,DASS SEST,7,139565,1299257,86978,ATAC. MR130027 6MM RECICLADO COR 4085/PET,100CM,15816413,186,134312,15815484NBR3282983,11/06/2026,31/08/2026,11,,31/08/2026,,,,#N/A,1299257,NIKE,
87,OK,DASS SEST,7,139565,1299257,86978,ATAC. MR130027 6MM RECICLADO COR 4085/PET,105CM,15816413,523,134312,15815480NBR3282906,11/06/2026,31/08/2026,11,,31/08/2026,,,,#N/A,1299257,NIKE,
88,OK,DASS SEST,7,139565,1299257,86978,ATAC. MR130027 6MM RECICLADO COR 4085/PET,105CM,15816413,520,134312,15815482NBR3282906,11/06/2026,31/08/2026,11,,31/08/2026,,,,#N/A,1299257,NIKE,
89,OK,DASS SEST,7,139565,1299257,86978,ATAC. MR130027 6MM RECICLADO COR 4085/PET,105CM,15816413,541,134312,15815483NBR3282983,11/06/2026,31/08/2026,11,,31/08/2026,,,,#N/A,1299257,NIKE,
90,OK,DASS SEST,7,139565,1299257,86978,ATAC. MR130027 6MM RECICLADO COR 4085/PET,105CM,15816413,556,134312,15815484NBR3282983,11/06/2026,31/08/2026,11,,31/08/2026,,,,#N/A,1299257,NIKE,
91,OK,DASS SEST,7,139565,1299257,86978,ATAC. MR130027 6MM RECICLADO COR 4085/PET,110CM,15816413,144,134312,15815480NBR3282906,11/06/2026,31/08/2026,11,,31/08/2026,,,,#N/A,1299257,NIKE,
92,OK,DASS SEST,7,139565,1299257,86978,ATAC. MR130027 6MM RECICLADO COR 4085/PET,110CM,15816413,161,134312,15815482NBR3282906,11/06/2026,31/08/2026,11,,31/08/2026,,,,#N/A,1299257,NIKE,
93,OK,DASS SEST,7,139565,1299257,86978,ATAC. MR130027 6MM RECICLADO COR 4085/PET,110CM,15816413,144,134312,15815483NBR3282983,11/06/2026,31/08/2026,11,,31/08/2026,,,,#N/A,1299257,NIKE,
94,OK,DASS SEST,7,139565,1299257,86978,ATAC. MR130027 6MM RECICLADO COR 4085/PET,110CM,15816413,173,134312,15815484NBR3282983,11/06/2026,31/08/2026,11,,31/08/2026,,,,#N/A,1299257,NIKE,
95,OK,DASS SEST,7,139565,1301800,88695,ATAC. MR130027 6MM RECICLADO COR 4662/PET,100CM,15816413,156,134312,15815493NBR3282892,11/06/2026,31/08/2026,11,,31/08/2026,,,,#N/A,1301800,NIKE,
96,OK,DASS SEST,7,139565,1301800,88695,ATAC. MR130027 6MM RECICLADO COR 4662/PET,100CM,15816413,167,134312,15815494NBR3282892,11/06/2026,31/08/2026,11,,31/08/2026,,,,#N/A,1301800,NIKE,
97,OK,DASS SEST,7,139565,1301800,88695,ATAC. MR130027 6MM RECICLADO COR 4662/PET,105CM,15816413,487,134312,15815493NBR3282892,11/06/2026,31/08/2026,11,,31/08/2026,,,,#N/A,1301800,NIKE,
98,OK,DASS SEST,7,139565,1301800,88695,ATAC. MR130027 6MM RECICLADO COR 4662/PET,105CM,15816413,490,134312,15815494NBR3282892,11/06/2026,31/08/2026,11,,31/08/2026,,,,#N/A,1301800,NIKE,
99,OK,DASS SEST,7,139565,1301800,88695,ATAC. MR130027 6MM RECICLADO COR 4662/PET,110CM,15816413,132,134312,15815493NBR3282892,11/06/2026,31/08/2026,11,,31/08/2026,,,,#N/A,1301800,NIKE,
100,OK,DASS SEST,7,139565,1301800,88695,ATAC. MR130027 6MM RECICLADO COR 4662/PET,110CM,15816413,154,134312,15815494NBR3282892,11/06/2026,31/08/2026,11,,31/08/2026,,,,#N/A,1301800,NIKE,
151,OK,DASS SEST,7,139653,1241008,84943,ATAC. MR140014 6MM RECICLADO COR 4021/PET,100CM,15819909,590,134363,15818129NBR3282899,12/06/2026,31/08/2026,11,,31/08/2026,,,,#N/A,1241008,NIKE,
152,OK,DASS SEST,7,139653,1241008,84943,ATAC. MR140014 6MM RECICLADO COR 4021/PET,100CM,15819909,649,134363,15818130NBR3282899,12/06/2026,31/08/2026,11,,31/08/2026,,,,#N/A,1241008,NIKE,
153,OK,DASS SEST,7,139653,1241008,84943,ATAC. MR140014 6MM RECICLADO COR 4021/PET,105CM,15819909,319,134363,15818129NBR3282899,12/06/2026,31/08/2026,11,,31/08/2026,,,,#N/A,1241008,NIKE,
154,OK,DASS SEST,7,139653,1241008,84943,ATAC. MR140014 6MM RECICLADO COR 4021/PET,105CM,15819909,305,134363,15818130NBR3282899,12/06/2026,31/08/2026,11,,31/08/2026,,,,#N/A,1241008,NIKE,
155,OK,DASS SEST,7,139653,1324864,88451,ATAC. MR140014 6MM RECICLADO COR 5687/PET,100CM,15819909,673,134363,15818133NBR3282901,12/06/2026,31/08/2026,11,,31/08/2026,,,,#N/A,1324864,NIKE,
156,OK,DASS SEST,7,139653,1324864,88451,ATAC. MR140014 6MM RECICLADO COR 5687/PET,105CM,15819909,346,134363,15818133NBR3282901,12/06/2026,31/08/2026,11,,31/08/2026,,,,#N/A,1324864,NIKE,
241,OK,DASS SEST,7,140095,1304277,88668,ATAC. MR110022 7MM RECICLADO COR 4085/PET / COR 496/PET,110CM,15855789,819,134784,15851098NBR3282985,25/06/2026,31/08/2026,11,,31/08/2026,,,,#N/A,1304277,NIKE,
242,OK,DASS SEST,7,140095,1304277,88668,ATAC. MR110022 7MM RECICLADO COR 4085/PET / COR 496/PET,110CM,15855789,756,134784,15851100NBR3282985,25/06/2026,31/08/2026,11,,31/08/2026,,,,#N/A,1304277,NIKE,
243,OK,DASS SEST,7,140095,1304277,88668,ATAC. MR110022 7MM RECICLADO COR 4085/PET / COR 496/PET,110CM,15855789,828,134784,15851101NBR3282985,25/06/2026,31/08/2026,11,,31/08/2026,,,,#N/A,1304277,NIKE,
244,OK,DASS SEST,7,140095,1304277,88668,ATAC. MR110022 7MM RECICLADO COR 4085/PET / COR 496/PET,110CM,15855789,252,134784,15851088NBR3283023,25/06/2026,31/08/2026,11,,31/08/2026,,,,#N/A,1304277,NIKE,
245,OK,DASS SEST,7,140095,1304277,88668,ATAC. MR110022 7MM RECICLADO COR 4085/PET / COR 496/PET,110CM,15855789,252,134784,15854332NEX0000080,25/06/2026,31/08/2026,11,,31/08/2026,,,,#N/A,1304277,NIKE,
246,OK,DASS SEST,7,140095,1304277,88668,ATAC. MR110022 7MM RECICLADO COR 4085/PET / COR 496/PET,110CM,15855789,252,134784,15854333NEX0000080,25/06/2026,31/08/2026,11,,31/08/2026,,,,#N/A,1304277,NIKE,
247,OK,DASS SEST,7,140095,1304277,88668,ATAC. MR110022 7MM RECICLADO COR 4085/PET / COR 496/PET,110CM,15855789,216,134784,15854334NEX0000080,25/06/2026,31/08/2026,11,,31/08/2026,,,,#N/A,1304277,NIKE,
248,OK,DASS SEST,7,140095,1304277,88668,ATAC. MR110022 7MM RECICLADO COR 4085/PET / COR 496/PET,110CM,15855789,246,134784,15854335NEX0000080,25/06/2026,31/08/2026,11,,31/08/2026,,,,#N/A,1304277,NIKE,
249,OK,DASS SEST,7,140095,1304277,88668,ATAC. MR110022 7MM RECICLADO COR 4085/PET / COR 496/PET,110CM,15855789,312,134784,15854323NEX0000081,25/06/2026,31/08/2026,11,,31/08/2026,,,,#N/A,1304277,NIKE,
250,OK,DASS SEST,7,140095,1304277,88668,ATAC. MR110022 7MM RECICLADO COR 4085/PET / COR 496/PET,110CM,15855789,312,134784,15854324NEX0000081,25/06/2026,31/08/2026,11,,31/08/2026,,,,#N/A,1304277,NIKE,
251,OK,DASS SEST,7,140095,1304277,88668,ATAC. MR110022 7MM RECICLADO COR 4085/PET / COR 496/PET,110CM,15855789,288,134784,15854325NEX0000081,25/06/2026,31/08/2026,11,,31/08/2026,,,,#N/A,1304277,NIKE,
252,OK,DASS SEST,7,140095,1304277,88668,ATAC. MR110022 7MM RECICLADO COR 4085/PET / COR 496/PET,110CM,15855789,318,134784,15854326NEX0000081,25/06/2026,31/08/2026,11,,31/08/2026,,,,#N/A,1304277,NIKE,
253,OK,DASS SEST,7,140095,1304277,88668,ATAC. MR110022 7MM RECICLADO COR 4085/PET / COR 496/PET,115CM,15855789,66,134784,15851098NBR3282985,25/06/2026,31/08/2026,11,,31/08/2026,,,,#N/A,1304277,NIKE,
254,OK,DASS SEST,7,140095,1304277,88668,ATAC. MR110022 7MM RECICLADO COR 4085/PET / COR 496/PET,115CM,15855789,48,134784,15851100NBR3282985,25/06/2026,31/08/2026,11,,31/08/2026,,,,#N/A,1304277,NIKE,
255,OK,DASS SEST,7,140095,1304277,88668,ATAC. MR110022 7MM RECICLADO COR 4085/PET / COR 496/PET,115CM,15855789,48,134784,15851101NBR3282985,25/06/2026,31/08/2026,11,,31/08/2026,,,,#N/A,1304277,NIKE,
256,OK,DASS SEST,7,140095,1304277,88668,ATAC. MR110022 7MM RECICLADO COR 4085/PET / COR 496/PET,115CM,15855789,656,134784,15851088NBR3283023,25/06/2026,31/08/2026,11,,31/08/2026,,,,#N/A,1304277,NIKE,
257,OK,DASS SEST,7,140095,1304277,88668,ATAC. MR110022 7MM RECICLADO COR 4085/PET / COR 496/PET,115CM,15855789,683,134784,15854332NEX0000080,25/06/2026,31/08/2026,11,,31/08/2026,,,,#N/A,1304277,NIKE,
258,OK,DASS SEST,7,140095,1304277,88668,ATAC. MR110022 7MM RECICLADO COR 4085/PET / COR 496/PET,115CM,15855789,672,134784,15854333NEX0000080,25/06/2026,31/08/2026,11,,31/08/2026,,,,#N/A,1304277,NIKE,
259,OK,DASS SEST,7,140095,1304277,88668,ATAC. MR110022 7MM RECICLADO COR 4085/PET / COR 496/PET,115CM,15855789,660,134784,15854334NEX0000080,25/06/2026,31/08/2026,11,,31/08/2026,,,,#N/A,1304277,NIKE,
260,OK,DASS SEST,7,140095,1304277,88668,ATAC. MR110022 7MM RECICLADO COR 4085/PET / COR 496/PET,115CM,15855789,690,134784,15854335NEX0000080,25/06/2026,31/08/2026,11,,31/08/2026,,,,#N/A,1304277,NIKE,
261,OK,DASS SEST,7,140095,1304277,88668,ATAC. MR110022 7MM RECICLADO COR 4085/PET / COR 496/PET,115CM,15855789,1140,134784,15854323NEX0000081,25/06/2026,31/08/2026,11,,31/08/2026,,,,#N/A,1304277,NIKE,
262,OK,DASS SEST,7,140095,1304277,88668,ATAC. MR110022 7MM RECICLADO COR 4085/PET / COR 496/PET,115CM,15855789,876,134784,15854324NEX0000081,25/06/2026,31/08/2026,11,,31/08/2026,,,,#N/A,1304277,NIKE,
263,OK,DASS SEST,7,140095,1304277,88668,ATAC. MR110022 7MM RECICLADO COR 4085/PET / COR 496/PET,115CM,15855789,876,134784,15854325NEX0000081,25/06/2026,31/08/2026,11,,31/08/2026,,,,#N/A,1304277,NIKE,
264,OK,DASS SEST,7,140095,1304277,88668,ATAC. MR110022 7MM RECICLADO COR 4085/PET / COR 496/PET,115CM,15855789,642,134784,15854326NEX0000081,25/06/2026,31/08/2026,11,,31/08/2026,,,,#N/A,1304277,NIKE,
265,OK,DASS SEST,7,140095,1304277,88668,ATAC. MR110022 7MM RECICLADO COR 4085/PET / COR 496/PET,120CM,15855789,210,134784,15851088NBR3283023,25/06/2026,31/08/2026,11,,31/08/2026,,,,#N/A,1304277,NIKE,
266,OK,DASS SEST,7,140095,1304277,88668,ATAC. MR110022 7MM RECICLADO COR 4085/PET / COR 496/PET,120CM,15855789,204,134784,15854332NEX0000080,25/06/2026,31/08/2026,11,,31/08/2026,,,,#N/A,1304277,NIKE,
267,OK,DASS SEST,7,140095,1304277,88668,ATAC. MR110022 7MM RECICLADO COR 4085/PET / COR 496/PET,120CM,15855789,204,134784,15854333NEX0000080,25/06/2026,31/08/2026,11,,31/08/2026,,,,#N/A,1304277,NIKE,
268,OK,DASS SEST,7,140095,1304277,88668,ATAC. MR110022 7MM RECICLADO COR 4085/PET / COR 496/PET,120CM,15855789,204,134784,15854334NEX0000080,25/06/2026,31/08/2026,11,,31/08/2026,,,,#N/A,1304277,NIKE,
269,OK,DASS SEST,7,140095,1304277,88668,ATAC. MR110022 7MM RECICLADO COR 4085/PET / COR 496/PET,120CM,15855789,222,134784,15854335NEX0000080,25/06/2026,31/08/2026,11,,31/08/2026,,,,#N/A,1304277,NIKE,
270,OK,DASS SEST,7,140095,1304277,88668,ATAC. MR110022 7MM RECICLADO COR 4085/PET / COR 496/PET,120CM,15855789,252,134784,15854323NEX0000081,25/06/2026,31/08/2026,11,,31/08/2026,,,,#N/A,1304277,NIKE,
271,OK,DASS SEST,7,140095,1304277,88668,ATAC. MR110022 7MM RECICLADO COR 4085/PET / COR 496/PET,120CM,15855789,252,134784,15854324NEX0000081,25/06/2026,31/08/2026,11,,31/08/2026,,,,#N/A,1304277,NIKE,
272,OK,DASS SEST,7,140095,1304277,88668,ATAC. MR110022 7MM RECICLADO COR 4085/PET / COR 496/PET,120CM,15855789,240,134784,15854325NEX0000081,25/06/2026,31/08/2026,11,,31/08/2026,,,,#N/A,1304277,NIKE,
273,OK,DASS SEST,7,140095,1304277,88668,ATAC. MR110022 7MM RECICLADO COR 4085/PET / COR 496/PET,120CM,15855789,270,134784,15854326NEX0000081,25/06/2026,31/08/2026,11,,31/08/2026,,,,#N/A,1304277,NIKE,
274,OK,DASS SEST,7,140095,1413117,95026,ATAC. MR110022 7MM RECICLADO COR 6146/PET / COR 492/PET,110CM,15855789,192,134784,15854352NEX0000082,25/06/2026,31/08/2026,11,,31/08/2026,,,,#N/A,1413117,NIKE,
275,OK,DASS SEST,7,140095,1413117,95026,ATAC. MR110022 7MM RECICLADO COR 6146/PET / COR 492/PET,110CM,15855789,228,134784,15854353NEX0000082,25/06/2026,31/08/2026,11,,31/08/2026,,,,#N/A,1413117,NIKE,
276,OK,DASS SEST,7,140095,1413117,95026,ATAC. MR110022 7MM RECICLADO COR 6146/PET / COR 492/PET,115CM,15855789,717,134784,15854352NEX0000082,25/06/2026,31/08/2026,11,,31/08/2026,,,,#N/A,1413117,NIKE,
277,OK,DASS SEST,7,140095,1413117,95026,ATAC. MR110022 7MM RECICLADO COR 6146/PET / COR 492/PET,115CM,15855789,744,134784,15854353NEX0000082,25/06/2026,31/08/2026,11,,31/08/2026,,,,#N/A,1413117,NIKE,
278,OK,DASS SEST,7,140095,1413117,95026,ATAC. MR110022 7MM RECICLADO COR 6146/PET / COR 492/PET,120CM,15855789,228,134784,15854352NEX0000082,25/06/2026,31/08/2026,11,,31/08/2026,,,,#N/A,1413117,NIKE,
279,OK,DASS SEST,7,140095,1413117,95026,ATAC. MR110022 7MM RECICLADO COR 6146/PET / COR 492/PET,120CM,15855789,240,134784,15854353NEX0000082,25/06/2026,31/08/2026,11,,31/08/2026,,,,#N/A,1413117,NIKE,
561,OK,DASS SEST,7,140189,1188919,82628,ATAC. MR140014 6MM RECICLADO COR 4085/PET,100CM,15872667,168,134939,15865456NBR3282997,26/06/2026,31/08/2026,11,,31/08/2026,,,,#N/A,1188919,NIKE,
562,OK,DASS SEST,7,140189,1188919,82628,ATAC. MR140014 6MM RECICLADO COR 4085/PET,100CM,15872667,204,134939,15865457NBR3282997,26/06/2026,31/08/2026,11,,31/08/2026,,,,#N/A,1188919,NIKE,
563,OK,DASS SEST,7,140189,1188919,82628,ATAC. MR140014 6MM RECICLADO COR 4085/PET,100CM,15872667,210,134939,15865491NBR3283000,26/06/2026,31/08/2026,11,,31/08/2026,,,,#N/A,1188919,NIKE,
564,OK,DASS SEST,7,140189,1188919,82628,ATAC. MR140014 6MM RECICLADO COR 4085/PET,105CM,15872667,252,134939,15865451NBR3282990,26/06/2026,31/08/2026,11,,31/08/2026,,,,#N/A,1188919,NIKE,
565,OK,DASS SEST,7,140189,1188919,82628,ATAC. MR140014 6MM RECICLADO COR 4085/PET,105CM,15872667,246,134939,15865452NBR3282990,26/06/2026,31/08/2026,11,,31/08/2026,,,,#N/A,1188919,NIKE,
566,OK,DASS SEST,7,140189,1188919,82628,ATAC. MR140014 6MM RECICLADO COR 4085/PET,105CM,15872667,578,134939,15865456NBR3282997,26/06/2026,31/08/2026,11,,31/08/2026,,,,#N/A,1188919,NIKE,
567,OK,DASS SEST,7,140189,1188919,82628,ATAC. MR140014 6MM RECICLADO COR 4085/PET,105CM,15872667,612,134939,15865457NBR3282997,26/06/2026,31/08/2026,11,,31/08/2026,,,,#N/A,1188919,NIKE,
568,OK,DASS SEST,7,140189,1188919,82628,ATAC. MR140014 6MM RECICLADO COR 4085/PET,105CM,15872667,764,134939,15865491NBR3283000,26/06/2026,31/08/2026,11,,31/08/2026,,,,#N/A,1188919,NIKE,
569,OK,DASS SEST,7,140189,1188919,82628,ATAC. MR140014 6MM RECICLADO COR 4085/PET,110CM,15872667,705,134939,15865451NBR3282990,26/06/2026,31/08/2026,11,,31/08/2026,,,,#N/A,1188919,NIKE,
570,OK,DASS SEST,7,140189,1188919,82628,ATAC. MR140014 6MM RECICLADO COR 4085/PET,110CM,15872667,714,134939,15865452NBR3282990,26/06/2026,31/08/2026,11,,31/08/2026,,,,#N/A,1188919,NIKE,
571,OK,DASS SEST,7,140189,1188919,82628,ATAC. MR140014 6MM RECICLADO COR 4085/PET,110CM,15872667,18,134939,15865456NBR3282997,26/06/2026,31/08/2026,11,,31/08/2026,,,,#N/A,1188919,NIKE,
572,OK,DASS SEST,7,140189,1188919,82628,ATAC. MR140014 6MM RECICLADO COR 4085/PET,110CM,15872667,24,134939,15865457NBR3282997,26/06/2026,31/08/2026,11,,31/08/2026,,,,#N/A,1188919,NIKE,
573,OK,DASS SEST,7,140189,1188919,82628,ATAC. MR140014 6MM RECICLADO COR 4085/PET,110CM,15872667,30,134939,15865491NBR3283000,26/06/2026,31/08/2026,11,,31/08/2026,,,,#N/A,1188919,NIKE,
574,OK,DASS SEST,7,140189,1188919,82628,ATAC. MR140014 6MM RECICLADO COR 4085/PET,115CM,15872667,144,134939,15865451NBR3282990,26/06/2026,31/08/2026,11,,31/08/2026,,,,#N/A,1188919,NIKE,
575,OK,DASS SEST,7,140189,1188919,82628,ATAC. MR140014 6MM RECICLADO COR 4085/PET,115CM,15872667,174,134939,15865452NBR3282990,26/06/2026,31/08/2026,11,,31/08/2026,,,,#N/A,1188919,NIKE,
576,OK,DASS SEST,7,140189,1269460,85472,ATAC. MR140014 6MM RECICLADO COR 5481/PET,100CM,15872667,228,134939,15865500NBR3283004,26/06/2026,31/08/2026,11,,31/08/2026,,,,#N/A,1269460,NIKE,
577,OK,DASS SEST,7,140189,1269460,85472,ATAC. MR140014 6MM RECICLADO COR 5481/PET,100CM,15872667,252,134939,15865501NBR3283004,26/06/2026,31/08/2026,11,,31/08/2026,,,,#N/A,1269460,NIKE,
578,OK,DASS SEST,7,140189,1269460,85472,ATAC. MR140014 6MM RECICLADO COR 5481/PET,100CM,15872667,228,134939,15865502NBR3283006,26/06/2026,31/08/2026,11,,31/08/2026,,,,#N/A,1269460,NIKE,
579,OK,DASS SEST,7,140189,1269460,85472,ATAC. MR140014 6MM RECICLADO COR 5481/PET,100CM,15872667,252,134939,15865503NBR3283006,26/06/2026,31/08/2026,11,,31/08/2026,,,,#N/A,1269460,NIKE,
580,OK,DASS SEST,7,140189,1269460,85472,ATAC. MR140014 6MM RECICLADO COR 5481/PET,105CM,15872667,795,134939,15865500NBR3283004,26/06/2026,31/08/2026,11,,31/08/2026,,,,#N/A,1269460,NIKE,
581,OK,DASS SEST,7,140189,1269460,85472,ATAC. MR140014 6MM RECICLADO COR 5481/PET,105CM,15872667,816,134939,15865501NBR3283004,26/06/2026,31/08/2026,11,,31/08/2026,,,,#N/A,1269460,NIKE,
582,OK,DASS SEST,7,140189,1269460,85472,ATAC. MR140014 6MM RECICLADO COR 5481/PET,105CM,15872667,795,134939,15865502NBR3283006,26/06/2026,31/08/2026,11,,31/08/2026,,,,#N/A,1269460,NIKE,
583,OK,DASS SEST,7,140189,1269460,85472,ATAC. MR140014 6MM RECICLADO COR 5481/PET,105CM,15872667,804,134939,15865503NBR3283006,26/06/2026,31/08/2026,11,,31/08/2026,,,,#N/A,1269460,NIKE,
584,OK,DASS SEST,7,140189,1269460,85472,ATAC. MR140014 6MM RECICLADO COR 5481/PET,110CM,15872667,12,134939,15865500NBR3283004,26/06/2026,31/08/2026,11,,31/08/2026,,,,#N/A,1269460,NIKE,
585,OK,DASS SEST,7,140189,1269460,85472,ATAC. MR140014 6MM RECICLADO COR 5481/PET,110CM,15872667,24,134939,15865501NBR3283004,26/06/2026,31/08/2026,11,,31/08/2026,,,,#N/A,1269460,NIKE,
586,OK,DASS SEST,7,140189,1269460,85472,ATAC. MR140014 6MM RECICLADO COR 5481/PET,110CM,15872667,12,134939,15865502NBR3283006,26/06/2026,31/08/2026,11,,31/08/2026,,,,#N/A,1269460,NIKE,
587,OK,DASS SEST,7,140189,1269460,85472,ATAC. MR140014 6MM RECICLADO COR 5481/PET,110CM,15872667,24,134939,15865503NBR3283006,26/06/2026,31/08/2026,11,,31/08/2026,,,,#N/A,1269460,NIKE,
588,OK,DASS SEST,7,140189,1425041,95894,ATAC. MR140014 6MM RECICLADO COR 6179/PET,105CM,15872667,156,134939,15865466NBR3282992,26/06/2026,31/08/2026,11,,31/08/2026,,,,#N/A,1425041,NIKE,
589,OK,DASS SEST,7,140189,1425041,95894,ATAC. MR140014 6MM RECICLADO COR 6179/PET,105CM,15872667,204,134939,15865467NBR3282992,26/06/2026,31/08/2026,11,,31/08/2026,,,,#N/A,1425041,NIKE,
590,OK,DASS SEST,7,140189,1425041,95894,ATAC. MR140014 6MM RECICLADO COR 6179/PET,110CM,15872667,524,134939,15865466NBR3282992,26/06/2026,31/08/2026,11,,31/08/2026,,,,#N/A,1425041,NIKE,
591,OK,DASS SEST,7,140189,1425041,95894,ATAC. MR140014 6MM RECICLADO COR 6179/PET,110CM,15872667,528,134939,15865467NBR3282992,26/06/2026,31/08/2026,11,,31/08/2026,,,,#N/A,1425041,NIKE,
592,OK,DASS SEST,7,140189,1425041,95894,ATAC. MR140014 6MM RECICLADO COR 6179/PET,115CM,15872667,120,134939,15865466NBR3282992,26/06/2026,31/08/2026,11,,31/08/2026,,,,#N/A,1425041,NIKE,
593,OK,DASS SEST,7,140189,1425041,95894,ATAC. MR140014 6MM RECICLADO COR 6179/PET,115CM,15872667,156,134939,15865467NBR3282992,26/06/2026,31/08/2026,11,,31/08/2026,,,,#N/A,1425041,NIKE,
594,OK,DASS SEST,7,140189,1425040,95895,ATAC. MR140014 6MM RECICLADO COR 6176/PET,105CM,15872667,156,134939,15865468NBR3282993,26/06/2026,31/08/2026,11,,31/08/2026,,,,#N/A,1425040,NIKE,
595,OK,DASS SEST,7,140189,1425040,95895,ATAC. MR140014 6MM RECICLADO COR 6176/PET,105CM,15872667,150,134939,15865469NBR3282993,26/06/2026,31/08/2026,11,,31/08/2026,,,,#N/A,1425040,NIKE,
596,OK,DASS SEST,7,140189,1425040,95895,ATAC. MR140014 6MM RECICLADO COR 6176/PET,105CM,15872667,276,134939,15865470NBR3282994,26/06/2026,31/08/2026,11,,31/08/2026,,,,#N/A,1425040,NIKE,
597,OK,DASS SEST,7,140189,1425040,95895,ATAC. MR140014 6MM RECICLADO COR 6176/PET,105CM,15872667,306,134939,15865471NBR3282994,26/06/2026,31/08/2026,11,,31/08/2026,,,,#N/A,1425040,NIKE,
598,OK,DASS SEST,7,140189,1425040,95895,ATAC. MR140014 6MM RECICLADO COR 6176/PET,110CM,15872667,536,134939,15865468NBR3282993,26/06/2026,31/08/2026,11,,31/08/2026,,,,#N/A,1425040,NIKE,
599,OK,DASS SEST,7,140189,1425040,95895,ATAC. MR140014 6MM RECICLADO COR 6176/PET,110CM,15872667,552,134939,15865469NBR3282993,26/06/2026,31/08/2026,11,,31/08/2026,,,,#N/A,1425040,NIKE,
600,OK,DASS SEST,7,140189,1425040,95895,ATAC. MR140014 6MM RECICLADO COR 6176/PET,110CM,15872667,741,134939,15865470NBR3282994,26/06/2026,31/08/2026,11,,31/08/2026,,,,#N/A,1425040,NIKE,
601,OK,DASS SEST,7,140189,1425040,95895,ATAC. MR140014 6MM RECICLADO COR 6176/PET,110CM,15872667,732,134939,15865471NBR3282994,26/06/2026,31/08/2026,11,,31/08/2026,,,,#N/A,1425040,NIKE,
602,OK,DASS SEST,7,140189,1425040,95895,ATAC. MR140014 6MM RECICLADO COR 6176/PET,115CM,15872667,132,134939,15865468NBR3282993,26/06/2026,31/08/2026,11,,31/08/26,,,,#N/A,1425040,NIKE,
603,OK,DASS SEST,7,140189,1425040,95895,ATAC. MR140014 6MM RECICLADO COR 6176/PET,115CM,15872667,162,134939,15865469NBR3282993,26/06/2026,31/08/2026,11,,31/08/26,,,,#N/A,1425040,NIKE,
604,OK,DASS SEST,7,140189,1425040,95895,ATAC. MR140014 6MM RECICLADO COR 6176/PET,115CM,15872667,204,134939,15865470NBR3282994,26/06/2026,31/08/2026,11,,31/08/26,,,,#N/A,1425040,NIKE,
605,OK,DASS SEST,7,140189,1425040,95895,ATAC. MR140014 6MM RECICLADO COR 6176/PET,115CM,15872667,216,134939,15865471NBR3282994,26/06/2026,31/08/2026,11,,31/08/26,,,,#N/A,1425040,NIKE,
868,OK,DASS SEST,7,140288,1454466,95945,ATAC. MR140014 6MM RECICLADO COR 6248/PET,100CM,15874842,204,135010,15866732NBR3283048,30/06/2026,31/08/2026,11,,31/08/26,,,,#N/A,1454466,NIKE,
869,OK,DASS SEST,7,140288,1454466,95945,ATAC. MR140014 6MM RECICLADO COR 6248/PET,100CM,15874842,240,135010,15866733NBR3283048,30/06/2026,31/08/2026,11,,31/08/26,,,,#N/A,1454466,NIKE,
870,OK,DASS SEST,7,140288,1454466,95945,ATAC. MR140014 6MM RECICLADO COR 6248/PET,105CM,15874842,710,135010,15866732NBR3283048,30/06/2026,31/08/2026,11,,31/08/26,,,,#N/A,1454466,NIKE,
871,OK,DASS SEST,7,140288,1454466,95945,ATAC. MR140014 6MM RECICLADO COR 6248/PET,105CM,15874842,744,135010,15866733NBR3283048,30/06/2026,31/08/2026,11,,31/08/26,,,,#N/A,1454466,NIKE,
872,OK,DASS SEST,7,140288,1454466,95945,ATAC. MR140014 6MM RECICLADO COR 6248/PET,110CM,15874842,18,135010,15866732NBR3283048,30/06/2026,31/08/2026,11,,31/08/26,,,,#N/A,1454466,NIKE,
912,OK,DASS SEST,7,140574,1159608,81667,ATAC. M15041 POLIESTER COR 100,120CM,15900487,768,135282,15888625ARG201996-,07/07/2026,31/08/2026,11,,31/08/26,,,,#N/A,1159608,FILA,
913,OK,DASS SEST,7,140574,1159608,81667,ATAC. M15041 POLIESTER COR 100,120CM,15900487,768,135282,15888627ARG201996-,07/07/2026,31/08/2026,11,,31/08/26,,,,#N/A,1159608,FILA,
914,OK,DASS SEST,7,140574,1159608,81667,ATAC. M15041 POLIESTER COR 100,130CM,15900487,192,135282,15888625ARG201996-,07/07/2026,31/08/2026,11,,31/08/26,,,,#N/A,1159608,FILA,
915,OK,DASS SEST,7,140574,1159608,81667,ATAC. M15041 POLIESTER COR 100,130CM,15900487,192,135282,15888627ARG201996-,07/07/2026,31/08/2026,11,,31/08/26,,,,#N/A,1159608,FILA,
919,OK,DASS SEST,7,140753,1299257,86978,ATAC. MR130027 6MM RECICLADO COR 4085/PET,105CM,15915176,420,135470,15903732NBR3283014,10/07/2026,31/08/2026,11,,31/08/26,,,,#N/A,1299257,NIKE,
920,OK,DASS SEST,7,140753,1299257,86978,ATAC. MR130027 6MM RECICLADO COR 4085/PET,105CM,15915176,408,135470,15903734NBR3283014,10/07/2026,31/08/2026,11,,31/08/26,,,,#N/A,1299257,NIKE,
921,OK,DASS SEST,7,140753,1299257,86978,ATAC. MR130027 6MM RECICLADO COR 4085/PET,105CM,15915176,420,135470,15903735NBR3283014,10/07/2026,31/08/2026,11,,31/08/26,,,,#N/A,1299257,NIKE,
922,OK,DASS SEST,7,140753,1299257,86978,ATAC. MR130027 6MM RECICLADO COR 4085/PET,110CM,15915176,507,135470,15903732NBR3283014,10/07/2026,31/08/2026,11,,31/08/26,,,,#N/A,1299257,NIKE,
923,OK,DASS SEST,7,140753,1299257,86978,ATAC. MR130027 6MM RECICLADO COR 4085/PET,110CM,15915176,492,135470,15903734NBR3283014,10/07/2026,31/08/2026,11,,31/08/26,,,,#N/A,1299257,NIKE,
924,OK,DASS SEST,7,140753,1299257,86978,ATAC. MR130027 6MM RECICLADO COR 4085/PET,110CM,15915176,516,135470,15903735NBR3283014,10/07/2026,31/08/2026,11,,31/08/26,,,,#N/A,1299257,NIKE,
925,OK,DASS SEST,7,140753,1299257,86978,ATAC. MR130027 6MM RECICLADO COR 4085/PET,110CM,15915176,108,135470,15903670NBR3283025,10/07/2026,31/08/2026,11,,31/08/26,,,,#N/A,1299257,NIKE,
926,OK,DASS SEST,7,140753,1299257,86978,ATAC. MR130027 6MM RECICLADO COR 4085/PET,110CM,15915176,72,135470,15903671NBR3283025,10/07/2026,31/08/2026,11,,31/08/26,,,,#N/A,1299257,NIKE,
927,OK,DASS SEST,7,140753,1299257,86978,ATAC. MR130027 6MM RECICLADO COR 4085/PET,110CM,15915176,90,135470,15903672NBR3283025,10/07/2026,31/08/2026,11,,31/08/26,,,,#N/A,1299257,NIKE,
928,OK,DASS SEST,7,140753,1299257,86978,ATAC. MR130027 6MM RECICLADO COR 4085/PET,115CM,15915176,72,135470,15903732NBR3283014,10/07/2026,31/08/2026,11,,31/08/26,,,,#N/A,1299257,NIKE,
929,OK,DASS SEST,7,140753,1299257,86978,ATAC. MR130027 6MM RECICLADO COR 4085/PET,115CM,15915176,60,135470,15903734NBR3283014,10/07/2026,31/08/2026,11,,31/08/26,,,,#N/A,1299257,NIKE,
930,OK,DASS SEST,7,140753,1299257,86978,ATAC. MR130027 6MM RECICLADO COR 4085/PET,115CM,15915176,60,135470,15903735NBR3283014,10/07/2026,31/08/2026,11,,31/08/26,,,,#N/A,1299257,NIKE,
931,OK,DASS SEST,7,140753,1299257,86978,ATAC. MR130027 6MM RECICLADO COR 4085/PET,115CM,15915176,735,135470,15903670NBR3283025,10/07/2026,31/08/2026,11,,31/08/26,,,,#N/A,1299257,NIKE,
932,OK,DASS SEST,7,140753,1299257,86978,ATAC. MR130027 6MM RECICLADO COR 4085/PET,115CM,15915176,552,135470,15903671NBR3283025,10/07/2026,31/08/2026,11,,31/08/26,,,,#N/A,1299257,NIKE,
933,OK,DASS SEST,7,140753,1299257,86978,ATAC. MR130027 6MM RECICLADO COR 4085/PET,115CM,15915176,378,135470,15903672NBR3283025,10/07/2026,31/08/2026,11,,31/08/26,,,,#N/A,1299257,NIKE,
934,OK,DASS SEST,7,140753,1299257,86978,ATAC. MR130027 6MM RECICLADO COR 4085/PET,120CM,15915176,156,135470,15903670NBR3283025,10/07/2026,31/08/2026,11,,31/08/26,,,,#N/A,1299257,NIKE,
935,OK,DASS SEST,7,140753,1299257,86978,ATAC. MR130027 6MM RECICLADO COR 4085/PET,120CM,15915176,156,135470,15903671NBR3283025,10/07/2026,31/08/2026,11,,31/08/26,,,,#N/A,1299257,NIKE,
936,OK,DASS SEST,7,140753,1299257,86978,ATAC. MR130027 6MM RECICLADO COR 4085/PET,120CM,15915176,186,135470,15903672NBR3283025,10/07/2026,31/08/2026,11,,31/08/26,,,,#N/A,1299257,NIKE,
937,OK,DASS SEST,7,140753,1424088,95799,ATAC. MR130027 6MM RECICLADO COR 5820/PET,105CM,15915176,582,135470,15903739NBR3282939,10/07/2026,31/08/2026,11,,31/08/26,,,,#N/A,1424088,NIKE,
938,OK,DASS SEST,7,140753,1424088,95799,ATAC. MR130027 6MM RECICLADO COR 5820/PET,110CM,15915176,656,135470,15903739NBR3282939,10/07/2026,31/08/2026,11,,31/08/26,,,,#N/A,1424088,NIKE,
939,OK,DASS SEST,7,140753,1424088,95799,ATAC. MR130027 6MM RECICLADO COR 5820/PET,115CM,15915176,36,135470,15903739NBR3282939,10/07/2026,31/08/2026,11,,31/08/26,,,,#N/A,1424088,NIKE,
1148,OK,DASS SEST,7,140946,1027849,92568,ATAC. MR110012 8MM RECICLADO COR 4085/PET,110CM,15944083,318,135633,15941789NBR3283312,17/07/2026,31/08/2026,11,,31/08/26,,,,#N/A,1027849,NIKE,
1149,OK,DASS SEST,7,140946,1027849,92568,ATAC. MR110012 8MM RECICLADO COR 4085/PET,110CM,15944083,336,135633,15941790NBR3283312,17/07/2026,31/08/2026,11,,31/08/26,,,,#N/A,1027849,NIKE,
1150,OK,DASS SEST,7,140946,1027849,92568,ATAC. MR110012 8MM RECICLADO COR 4085/PET,115CM,15944083,216,135633,15941780NBR3283293,17/07/2026,31/08/2026,11,,31/08/26,,,,#N/A,1027849,NIKE,
1151,OK,DASS SEST,7,140946,1027849,92568,ATAC. MR110012 8MM RECICLADO COR 4085/PET,115CM,15944083,216,135633,15941781NBR3283293,17/07/2026,31/08/2026,11,,31/08/26,,,,#N/A,1027849,NIKE,
1152,OK,DASS SEST,7,140946,1027849,92568,ATAC. MR110012 8MM RECICLADO COR 4085/PET,115CM,15944083,434,135633,15941789NBR3283312,17/07/2026,31/08/2026,11,,31/08/26,,,,#N/A,1027849,NIKE,
1153,OK,DASS SEST,7,140946,1027849,92568,ATAC. MR110012 8MM RECICLADO COR 4085/PET,115CM,15944083,444,135633,15941790NBR3283312,17/07/2026,31/08/2026,11,,31/08/26,,,,#N/A,1027849,NIKE,
1154,OK,DASS SEST,7,140946,1027849,92568,ATAC. MR110012 8MM RECICLADO COR 4085/PET,120CM,15944083,584,135633,15941780NBR3283293,17/07/2026,31/08/2026,11,,31/08/26,,,,#N/A,1027849,NIKE,
1155,OK,DASS SEST,7,140946,1027849,92568,ATAC. MR110012 8MM RECICLADO COR 4085/PET,120CM,15944083,624,135633,15941781NBR3283293,17/07/2026,31/08/2026,11,,31/08/26,,,,#N/A,1027849,NIKE,
1156,OK,DASS SEST,7,140946,1069210,93696,ATAC. MR110029 RECICLADO COR 4085/PET,135CM,15944083,734,135633,15941797NBR3283285,17/07/2026,31/08/2026,11,,31/08/26,,,,#N/A,1069210,NIKE,
1157,OK,DASS SEST,7,140946,1069210,93696,ATAC. MR110029 RECICLADO COR 4085/PET,135CM,15944083,726,135633,15941798NBR3283285,17/07/2026,31/08/2026,11,,31/08/26,,,,#N/A,1069210,NIKE,
1158,OK,DASS SEST,7,140946,1069210,93696,ATAC. MR110029 RECICLADO COR 4085/PET,140CM,15944083,144,135633,15941797NBR3283285,17/07/2026,31/08/2026,11,,31/08/26,,,,#N/A,1069210,NIKE,
1159,OK,DASS SEST,7,140946,1069210,93696,ATAC. MR110029 RECICLADO COR 4085/PET,140CM,15944083,162,135633,15941798NBR3283285,17/07/2026,31/08/2026,11,,31/08/26,,,,#N/A,1069210,NIKE,
1227,OK,DASS SEST,7,140986,1425209,96158,ATAC. MR110012 8MM POLIESTER COR 5845/PET,115CM,15953532,324,135673,15941805NBR3283290,20/07/2026,31/08/2026,11,,31/08/26,,,,#N/A,1425209,NIKE,
1228,OK,DASS SEST,7,140986,1425209,96158,ATAC. MR110012 8MM POLIESTER COR 5845/PET,120CM,15953532,908,135673,15941805NBR3283290,20/07/2026,31/08/2026,11,,31/08/26,,,,#N/A,1425209,NIKE,
1229,OK,DASS SEST,7,140986,1425323,95611,ATAC. MR110029 RECICLADO COR 4758/1PET,130CM,15953532,348,135673,15941799NBR3283279,20/07/2026,31/08/2026,11,,31/08/26,,,,#N/A,1425323,NIKE,
1230,OK,DASS SEST,7,140986,1425323,95611,ATAC. MR110029 RECICLADO COR 4758/1PET,130CM,15953532,378,135673,15941800NBR3283279,20/07/2026,31/08/2026,11,,31/08/26,,,,#N/A,1425323,NIKE,
1231,OK,DASS SEST,7,140986,1425323,95611,ATAC. MR110029 RECICLADO COR 4758/1PET,135CM,15953532,422,135673,15941799NBR3283279,20/07/2026,31/08/2026,11,,31/08/26,,,,#N/A,1425323,NIKE,
1232,OK,DASS SEST,7,140986,1425323,95611,ATAC. MR110029 RECICLADO COR 4758/1PET,135CM,15953532,426,135673,15941800NBR3283279,20/07/2026,31/08/2026,11,,31/08/26,,,,#N/A,1425323,NIKE,
1233,OK,DASS SEST,7,140986,1425322,96159,ATAC. MR110029 RECICLADO COR 6216/PET,130CM,15953532,468,135673,15941801NBR3283283,20/07/2026,31/08/2026,11,,31/08/26,,,,#N/A,1425322,NIKE,
1234,OK,DASS SEST,7,140986,1425322,96159,ATAC. MR110029 RECICLADO COR 6216/PET,130CM,15953532,468,135673,15941802NBR3283283,20/07/2026,31/08/2026,11,,31/08/26,,,,#N/A,1425322,NIKE,
1235,OK,DASS SEST,7,140986,1425322,96159,ATAC. MR110029 RECICLADO COR 6216/PET,130CM,15953532,498,135673,15941804NBR3283283,20/07/2026,31/08/2026,11,,31/08/26,,,,#N/A,1425322,NIKE,
1236,OK,DASS SEST,7,140986,1425322,96159,ATAC. MR110029 RECICLADO COR 6216/PET,135CM,15953532,525,135673,15941801NBR3283283,20/07/2026,31/08/2026,11,,31/08/26,,,,#N/A,1425322,NIKE,
1237,OK,DASS SEST,7,140986,1425322,96159,ATAC. MR110029 RECICLADO COR 6216/PET,135CM,15953532,504,135673,15941802NBR3283283,20/07/2026,31/08/2026,11,,31/08/26,,,,#N/A,1425322,NIKE,
1238,OK,DASS SEST,7,140986,1425322,96159,ATAC. MR110029 RECICLADO COR 6216/PET,135CM,15953532,540,135673,15941804NBR3283283,20/07/2026,31/08/2026,11,,31/08/26,,,,#N/A,1425322,NIKE,
1253,OK,DASS SEST,7,141379,1409191,95046,ATAC. M10110 5MM POLIESTER COR 100 / COR 5535,80CM,15991152,24,136031,15985578BR314882,30/07/2026,31/08/2026,11,,31/08/26,,,,#N/A,1409191,FILA,NORMAL
1254,OK,DASS SEST,7,141379,1409191,95046,ATAC. M10110 5MM POLIESTER COR 100 / COR 5535,90CM,15991152,228,136031,15985578BR314882,30/07/2026,31/08/2026,11,,31/08/26,,,,#N/A,1409191,FILA,NORMAL
1255,OK,DASS SEST,7,141379,1409191,95046,ATAC. M10110 5MM POLIESTER COR 100 / COR 5535,100CM,15991152,288,136031,15985578BR314882,30/07/2026,31/08/2026,11,,31/08/26,,,,#N/A,1409191,FILA,NORMAL
1256,OK,DASS SEST,7,141379,1175396,75595,ATAC. M13725 6MM POLIESTER COR 100,80CM,15991152,36,136031,15985528BR314879-A,30/07/2026,31/08/2026,11,,31/08/26,,,,#N/A,1175396,FILA,NORMAL
1257,OK,DASS SEST,7,141379,1175396,75595,ATAC. M13725 6MM POLIESTER COR 100,80CM,15991152,24,136031,15985529BR314879-B,30/07/2026,31/08/2026,11,,31/08/26,,,,#N/A,1175396,FILA,NORMAL
1258,OK,DASS SEST,7,141379,1175396,75595,ATAC. M13725 6MM POLIESTER COR 100,90CM,15991152,372,136031,15985528BR314879-A,30/07/2026,31/08/2026,11,,31/08/26,,,,#N/A,1175396,FILA,NORMAL
1259,OK,DASS SEST,7,141379,1175396,75595,ATAC. M13725 6MM POLIESTER COR 100,90CM,15991152,384,136031,15985529BR314879-B,30/07/2026,31/08/2026,11,,31/08/26,,,,#N/A,1175396,FILA,NORMAL
1260,OK,DASS SEST,7,141379,1175396,75595,ATAC. M13725 6MM POLIESTER COR 100,100CM,15991152,312,136031,15985528BR314879-A,30/07/2026,31/08/2026,11,,31/08/26,,,,#N/A,1175396,FILA,NORMAL
1261,OK,DASS SEST,7,141379,1175396,75595,ATAC. M13725 6MM POLIESTER COR 100,100CM,15991152,324,136031,15985529BR314879-B,30/07/2026,31/08/2026,11,,31/08/26,,,,#N/A,1175396,FILA,NORMAL
1262,OK,DASS SEST,7,141379,1314385,89667,ATAC. M13725 6MM POLIESTER COR 5508,80CM,15991152,120,136031,15985541BR314880,30/07/2026,31/08/2026,11,,31/08/26,,,,#N/A,1314385,FILA,NORMAL
1263,OK,DASS SEST,7,141379,1314385,89667,ATAC. M13725 6MM POLIESTER COR 5508,80CM,15991152,96,136031,15985542BR314881,30/07/2026,31/08/2026,11,,31/08/26,,,,#N/A,1314385,FILA,NORMAL
1264,OK,DASS SEST,7,141379,1314385,89667,ATAC. M13725 6MM POLIESTER COR 5508,90CM,15991152,300,136031,15985541BR314880,30/07/2026,31/08/2026,11,,31/08/26,,,,#N/A,1314385,FILA,NORMAL
1265,OK,DASS SEST,7,141379,1314385,89667,ATAC. M13725 6MM POLIESTER COR 5508,90CM,15991152,300,136031,15985542BR314881,30/07/2026,31/08/2026,11,,31/08/26,,,,#N/A,1314385,FILA,NORMAL
1266,OK,DASS SEST,7,141379,1314385,89667,ATAC. M13725 6MM POLIESTER COR 5508,100CM,15991152,156,136031,15985541BR314880,30/07/2026,31/08/2026,11,,31/08/26,,,,#N/A,1314385,FILA,NORMAL
1267,OK,DASS SEST,7,141379,1314385,89667,ATAC. M13725 6MM POLIESTER COR 5508,100CM,15991152,288,136031,15985542BR314881,30/07/2026,31/08/2026,11,,31/08/26,,,,#N/A,1314385,FILA,NORMAL
1371,OK,DASS SEST,7,141426,1418335,95102,ATAC. MR130011 5MM RECICLADO COR 6191/PET,105CM,16002629,180,136066,16001174NBR3283400,31/07/2026,31/08/2026,11,,31/08/2026,,,,#N/A,1418335,NIKE,NORMAL
1372,OK,DASS SEST,7,141426,1418335,95102,ATAC. MR130011 5MM RECICLADO COR 6191/PET,105CM,16002629,192,136066,16001175NBR3283400,31/07/2026,31/08/2026,11,,31/08/2026,,,,#N/A,1418335,NIKE,NORMAL
1373,OK,DASS SEST,7,141426,1418335,95102,ATAC. MR130011 5MM RECICLADO COR 6191/PET,110CM,16002629,440,136066,16001174NBR3283400,31/07/2026,31/08/2026,11,,31/08/2026,,,,#N/A,1418335,NIKE,NORMAL
1374,OK,DASS SEST,7,141426,1418335,95102,ATAC. MR130011 5MM RECICLADO COR 6191/PET,110CM,16002629,444,136066,16001175NBR3283400,31/07/2026,31/08/2026,11,,31/08/2026,,,,#N/A,1418335,NIKE,NORMAL
1375,OK,DASS SEST,7,141426,1418335,95102,ATAC. MR130011 5MM RECICLADO COR 6191/PET,115CM,16002629,96,136066,16001174NBR3283400,31/07/2026,31/08/2026,11,,31/08/2026,,,,#N/A,1418335,NIKE,NORMAL
1376,OK,DASS SEST,7,141426,1418335,95102,ATAC. MR130011 5MM RECICLADO COR 6191/PET,115CM,16002629,114,136066,16001175NBR3283400,31/07/2026,31/08/2026,11,,31/08/2026,,,,#N/A,1418335,NIKE,NORMAL
1377,OK,DASS SEST,7,141426,1278311,86418,ATAC. MR140014 6MM RECICLADO COR 4662/PET,100CM,16002629,518,136066,16001163NBR3283393,31/07/2026,31/08/2026,11,,31/08/2026,,,,#N/A,1278311,NIKE,NORMAL
1378,OK,DASS SEST,7,141426,1278311,86418,ATAC. MR140014 6MM RECICLADO COR 4662/PET,100CM,16002629,570,136066,16001164NBR3283393,31/07/2026,31/08/2026,11,,31/08/2026,,,,#N/A,1278311,NIKE,NORMAL
1379,OK,DASS SEST,7,141426,1278311,86418,ATAC. MR140014 6MM RECICLADO COR 4662/PET,105CM,16002629,204,136066,16001163NBR3283393,31/07/2026,31/08/2026,11,,31/08/2026,,,,#N/A,1278311,NIKE,NORMAL
1380,OK,DASS SEST,7,141426,1278311,86418,ATAC. MR140014 6MM RECICLADO COR 4662/PET,105CM,16002629,222,136066,16001164NBR3283393,31/07/2026,31/08/2026,11,,31/08/2026,,,,#N/A,1278311,NIKE,NORMAL
1381,OK,DASS SEST,7,141426,1027849,92568,ATAC. MR110012 8MM RECICLADO COR 4085/PET,115CM,16002629,228,136066,16001115NBR3283384,31/07/2026,31/08/2026,11,,31/08/2026,,,,#N/A,1027849,NIKE,NORMAL
1382,OK,DASS SEST,7,141426,1027849,92568,ATAC. MR110012 8MM RECICLADO COR 4085/PET,115CM,16002629,246,136066,16001116NBR3283384,31/07/2026,31/08/2026,11,,31/08/2026,,,,#N/A,1027849,NIKE,NORMAL
1383,OK,DASS SEST,7,141426,1027849,92568,ATAC. MR110012 8MM RECICLADO COR 4085/PET,120CM,16002629,650,136066,16001115NBR3283384,31/07/2026,31/08/2026,11,,31/08/2026,,,,#N/A,1027849,NIKE,NORMAL
1384,OK,DASS SEST,7,141426,1027849,92568,ATAC. MR110012 8MM RECICLADO COR 4085/PET,120CM,16002629,666,136066,16001116NBR3283384,31/07/2026,31/08/2026,11,,31/08/2026,,,,#N/A,1027849,NIKE,NORMAL
1385,OK,DASS SEST,7,141426,1065806,93661,ATAC. MR110029 RECICLADO COR 4662/PET,130CM,16002629,408,136066,16001135NBR3283379,31/07/2026,31/08/2026,11,,31/08/2026,,,,#N/A,1065806,NIKE,NORMAL
1386,OK,DASS SEST,7,141426,1065806,93661,ATAC. MR110029 RECICLADO COR 4662/PET,130CM,16002629,438,136066,16001138NBR3283379,31/07/2026,31/08/2026,11,,31/08/2026,,,,#N/A,1065806,NIKE,NORMAL
1387,OK,DASS SEST,7,141426,1065806,93661,ATAC. MR110029 RECICLADO COR 4662/PET,130CM,16002629,558,136066,16001139NBR3283381,31/07/2026,31/08/2026,11,,31/08/2026,,,,#N/A,1065806,NIKE,NORMAL
1388,OK,DASS SEST,7,141426,1065806,93661,ATAC. MR110029 RECICLADO COR 4662/PET,130CM,16002629,384,136066,16001131NBR3283382,31/07/2026,31/08/2026,11,,31/08/2026,,,,#N/A,1065806,NIKE,NORMAL
1389,OK,DASS SEST,7,141426,1065806,93661,ATAC. MR110029 RECICLADO COR 4662/PET,130CM,16002629,432,136066,16001132NBR3283382,31/07/2026,31/08/2026,11,,31/08/2026,,,,#N/A,1065806,NIKE,NORMAL
1390,OK,DASS SEST,7,141426,1065806,93661,ATAC. MR110029 RECICLADO COR 4662/PET,135CM,16002629,428,136066,16001135NBR3283379,31/07/2026,31/08/2026,11,,31/08/2026,,,,#N/A,1065806,NIKE,NORMAL
1391,OK,DASS SEST,7,141426,1065806,93661,ATAC. MR110029 RECICLADO COR 4662/PET,135CM,16002629,432,136066,16001138NBR3283379,31/07/2026,31/08/2026,11,,31/08/2026,,,,#N/A,1065806,NIKE,NORMAL
1392,OK,DASS SEST,7,141426,1065806,93661,ATAC. MR110029 RECICLADO COR 4662/PET,135CM,16002629,560,136066,16001139NBR3283381,31/07/2026,31/08/2026,11,,31/08/2026,,,,#N/A,1065806,NIKE,NORMAL
1393,OK,DASS SEST,7,141426,1065806,93661,ATAC. MR110029 RECICLADO COR 4662/PET,135CM,16002629,584,136066,16001131NBR3283382,31/07/2026,31/08/2026,11,,31/08/2026,,,,#N/A,1065806,NIKE,NORMAL
1394,OK,DASS SEST,7,141426,1065806,93661,ATAC. MR110029 RECICLADO COR 4662/PET,135CM,16002629,600,136066,16001132NBR3283382,31/07/2026,31/08/2026,11,,31/08/2026,,,,#N/A,1065806,NIKE,NORMAL
1395,OK,DASS SEST,7,141426,1069210,93696,ATAC. MR110029 RECICLADO COR 4085/PET,135CM,16002629,674,136066,16001117NBR3283399,31/07/2026,31/08/2026,11,,31/08/2026,,,,#N/A,1069210,NIKE,NORMAL
1396,OK,DASS SEST,7,141426,1069210,93696,ATAC. MR110029 RECICLADO COR 4085/PET,135CM,16002629,672,136066,16001118NBR3283399,31/07/2026,31/08/2026,11,,31/08/2026,,,,#N/A,1069210,NIKE,NORMAL
1397,OK,DASS SEST,7,141426,1069210,93696,ATAC. MR110029 RECICLADO COR 4085/PET,140CM,16002629,84,136066,16001117NBR3283399,31/07/2026,31/08/2026,11,,31/08/2026,,,,#N/A,1069210,NIKE,NORMAL
1398,OK,DASS SEST,7,141426,1069210,93696,ATAC. MR110029 RECICLADO COR 4085/PET,140CM,16002629,72,136066,16001118NBR3283399,31/07/2026,31/08/2026,11,,31/08/2026,,,,#N/A,1069210,NIKE,NORMAL
1569,OK,DASS ITABERABA,70,140548,1179318,75593,ATAC. M13725 6MM POLIESTER COR 057,100CM,15897391,396,135234,15890452ARG202021-,06/07/2026,31/08/2026,11,,31/08/2026,,,,#N/A,1179318,FILA,
1570,OK,DASS ITABERABA,70,140548,1179318,75593,ATAC. M13725 6MM POLIESTER COR 057,100CM,15897391,396,135234,15890453ARG202021-,06/07/2026,31/08/2026,11,,31/08/2026,,,,#N/A,1179318,FILA,
1571,OK,DASS ITABERABA,70,140548,1179318,75593,ATAC. M13725 6MM POLIESTER COR 057,110CM,15897391,324,135234,15890452ARG202021-,06/07/2026,31/08/2026,11,,31/08/2026,,,,#N/A,1179318,FILA,
1572,OK,DASS ITABERABA,70,140548,1179318,75593,ATAC. M13725 6MM POLIESTER COR 057,110CM,15897391,324,135234,15890453ARG202021-,06/07/2026,31/08/2026,11,,31/08/2026,,,,#N/A,1179318,FILA,
1573,OK,DASS ITABERABA,70,140548,1175396,75595,ATAC. M13725 6MM POLIESTER COR 100,100CM,15897391,396,135234,15890450ARG202020-,06/07/2026,31/08/2026,11,,31/08/2026,,,,#N/A,1175396,FILA,
1574,OK,DASS ITABERABA,70,140548,1175396,75595,ATAC. M13725 6MM POLIESTER COR 100,100CM,15897391,396,135234,15890451ARG202020-,06/07/2026,31/08/2026,11,,31/08/2026,,,,#N/A,1175396,FILA,
1575,OK,DASS ITABERABA,70,140548,1314384,75662,ATAC. M13725 6MM POLIESTER COR 114,90CM,15897391,504,135234,15890454ARG202022,06/07/2026,31/08/2026,11,,31/08/2026,,,,#N/A,1314384,FILA,
1576,OK,DASS ITABERABA,70,140548,1314384,75662,ATAC. M13725 6MM POLIESTER COR 114,90CM,15897391,396,135234,15889179BRITB00544,06/07/2026,31/08/2026,11,,31/08/2026,,,,#N/A,1314384,FILA,
1577,OK,DASS ITABERABA,70,140548,1314384,75662,ATAC. M13725 6MM POLIESTER COR 114,90CM,15897391,384,135234,15889180BRITB00544,06/07/2026,31/08/2026,11,,31/08/2026,,,,#N/A,1314384,FILA,
1578,OK,DASS ITABERABA,70,140548,1314384,75662,ATAC. M13725 6MM POLIESTER COR 114,90CM,15897391,348,135234,15889181BRITB00544,06/07/2026,31/08/2026,11,,31/08/2026,,,,#N/A,1314384,FILA,
1579,OK,DASS ITABERABA,70,140548,1314384,75662,ATAC. M13725 6MM POLIESTER COR 114,90CM,15897391,348,135234,15889182BRITB00544,06/07/2026,31/08/2026,11,,31/08/2026,,,,#N/A,1314384,FILA,
1580,OK,DASS ITABERABA,70,140548,1314384,75662,ATAC. M13725 6MM POLIESTER COR 114,100CM,15897391,648,135234,15890454ARG202022,06/07/2026,31/08/2026,11,,31/08/2026,,,,#N/A,1314384,FILA,
1581,OK,DASS ITABERABA,70,140548,1314384,75662,ATAC. M13725 6MM POLIESTER COR 114,100CM,15897391,552,135234,15889179BRITB00544,06/07/2026,31/08/2026,11,,31/08/2026,,,,#N/A,1314384,FILA,
1582,OK,DASS ITABERABA,70,140548,1314384,75662,ATAC. M13725 6MM POLIESTER COR 114,100CM,15897391,600,135234,15889180BRITB00544,06/07/2026,31/08/2026,11,,31/08/2026,,,,#N/A,1314384,FILA,
1583,OK,DASS ITABERABA,70,140548,1314384,75662,ATAC. M13725 6MM POLIESTER COR 114,100CM,15897391,492,135234,15889181BRITB00544,06/07/2026,31/08/2026,11,,31/08/2026,,,,#N/A,1314384,FILA,
1584,OK,DASS ITABERABA,70,140548,1314384,75662,ATAC. M13725 6MM POLIESTER COR 114,100CM,15897391,516,135234,15889182BRITB00544,06/07/2026,31/08/2026,11,,31/08/2026,,,,#N/A,1314384,FILA,
1735,OK,DASS ITABERABA,70,141511,1079018,82759,FITA M32207 C/ GOMA POLIESTER COR 100 / COR 263 / COR 100,15MM,16003223,450,136148,0,03/08/2026,31/08/2026,11,,31/08/2026,,,,#N/A,1079018,FILA,NORMAL
1736,OK,DASS ITABERABA,70,141511,1289388,87886,FITA M32207 C/ GOMA POLIESTER COR 100 / COR 102 / COR 100,15MM,16003223,190,136148,0,03/08/2026,31/08/2026,11,,31/08/2026,,,,#N/A,1289388,FILA,NORMAL
1737,OK,DASS ITABERABA,70,141511,1403528,92949,FITA M32207 C/ GOMA POLIESTER COR 102 / COR 5508 / COR 102,15MM,16003223,550,136148,0,03/08/2026,31/08/2026,11,,31/08/2026,,,,#N/A,1403528,FILA,NORMAL
1738,OK,DASS ITABERABA,70,141511,998350,70164,FITA MFGP C/ GOMA POLIESTER COR 100,10MM,16003223,100,136148,0,03/08/2026,31/08/2026,11,,31/08/2026,,,,#N/A,998350,FILA,NORMAL
1739,OK,DASS ITABERABA,70,141511,898941,70164,FITA MFGP C/ GOMA POLIESTER COR 100,12MM,16003223,680,136148,0,03/08/2026,31/08/2026,11,,31/08/2026,,,,#N/A,898941,FILA,NORMAL
1740,OK,DASS ITABERABA,70,141511,783896,70164,FITA MFGP C/ GOMA POLIESTER COR 100,15MM,16003223,370,136148,0,03/08/2026,31/08/2026,11,,31/08/2026,,,,#N/A,783896,FILA,NORMAL
1741,OK,DASS ITABERABA,70,141511,1240579,70375,FITA MFGP C/ GOMA POLIESTER COR 678,12MM,16003223,140,136148,0,03/08/2026,31/08/2026,11,,31/08/2026,,,,#N/A,1240579,FILA,NORMAL
1742,OK,DASS ITABERABA,70,141511,902057,73522,FITA MFGP C/ GOMA POLIESTER COR 057,15MM,16003223,260,136148,0,03/08/2026,31/08/2026,11,,31/08/2026,,,,#N/A,902057,FILA,NORMAL
1743,OK,DASS ITABERABA,70,141511,975119,73589,FITA MFGP C/ GOMA POLIESTER COR 263,15MM,16003223,200,136148,0,03/08/2026,31/08/2026,11,,31/08/2026,,,,#N/A,975119,FILA,NORMAL
1744,OK,DASS ITABERABA,70,141511,1386809,76010,FITA MFGP C/ GOMA POLIESTER COR 447,12MM,16003223,150,136148,0,03/08/2026,31/08/2026,11,,31/08/2026,,,,#N/A,1386809,FILA,NORMAL
1745,OK,DASS ITABERABA,70,141511,1104256,84559,FITA MFGP C/ GOMA POLIESTER COR 114,12MM,16003223,640,136148,0,03/08/2026,31/08/2026,11,,31/08/2026,,,,#N/A,1104256,FILA,NORMAL
1746,OK,DASS ITABERABA,70,141511,1403309,92883,FITA MFGP C/ GOMA POLIESTER COR 6008,10MM,16003223,100,136148,0,03/08/2026,31/08/2026,11,,31/08/2026,,,,#N/A,1403309,FILA,NORMAL
1747,OK,DASS ITABERABA,70,141512,991872,76013,ATAC. M13723 6MM POLIESTER COR 102,115CM,16003631,288,136149,15996366BRITB00551,03/08/2026,31/08/2026,11,,31/08/2026,,,,#N/A,991872,FILA,NORMAL
1748,OK,DASS ITABERABA,70,141512,991872,76013,ATAC. M13723 6MM POLIESTER COR 102,125CM,16003631,372,136149,15996366BRITB00551,03/08/2026,31/08/2026,11,,31/08/2026,,,,#N/A,991872,FILA,NORMAL
1749,OK,DASS ITABERABA,70,141512,1175396,75595,ATAC. M13725 6MM POLIESTER COR 100,100CM,16003631,348,136149,15996368BRITB00552,03/08/2026,31/08/2026,11,,31/08/2026,,,,#N/A,1175396,FILA,NORMAL
1750,OK,DASS ITABERABA,70,141512,1175396,75595,ATAC. M13725 6MM POLIESTER COR 100,100CM,16003631,360,136149,15996369BRITB00552,03/08/2026,31/08/2026,11,,31/08/2026,,,,#N/A,1175396,FILA,NORMAL
1837,OK,DASS ITABERABA,70,141942,1245215,76319,ATAC. 6AL 6MM POLIESTER COR 4085,120CM,16049595,72,136622,832871,17/08/2026,31/08/2026,11,,31/08/2026,,,,#N/A,1245215,ASICS,NORMAL
1934,OK,DASS SANTO ANTONIO,1526,140522,1294817,87843,ATAC. M10110 5MM POLIESTER COR 599 / COR 114,115CM,15888301,540,135197,15884404BRSA001872,06/07/2026,31/08/2026,11,,31/08/2026,,,,#N/A,1294817,FILA,
1935,OK,DASS SANTO ANTONIO,1526,140522,1294817,87843,ATAC. M10110 5MM POLIESTER COR 599 / COR 114,125CM,15888301,84,135197,15884404BRSA001872,06/07/2026,31/08/2026,11,,31/08/2026,,,,#N/A,1294817,FILA,
1941,OK,DASS SANTO ANTONIO,1526,140525,738316,1053,ELAST. MTM POLIESTER COR 100,6MM,15888286,2259,135200,0,06/07/2026,31/08/2026,11,,31/08/2026,,,,#N/A,738316,FILA,
1942,OK,DASS SANTO ANTONIO,1526,140525,1362716,83202,ELAST. MTM POLIESTER COR 334,6MM,15888286,1112,135200,0,06/07/2026,31/08/2026,11,,31/08/2026,,,,#N/A,1362716,FILA,
1621,OK,DASS ITABERABA,70,141194,1425019,74014,FITA MFGP C/ GOMA POLIESTER COR 4085,15MM,15971253,500,135869,0,24/07/2026,02/09/2026,13,,02/09/2026,,,,#N/A,1425019,ASICS,NORMAL
1622,OK,DASS ITABERABA,70,141195,1229356,84194,ATAC. M13741 6MM POLIESTER BRILHANTE COR 4085/BT,130CM,15971259,193,135870,15966119ASB0052978,24/07/2026,02/09/2026,13,,02/09/2026,,,,#N/A,1229356,ASICS,NORMAL
1623,OK,DASS ITABERABA,70,141195,1229356,84194,ATAC. M13741 6MM POLIESTER BRILHANTE COR 4085/BT,140CM,15971259,192,135870,15966119ASB0052978,24/07/2026,02/09/2026,13,,02/09/2026,,,,#N/A,1229356,ASICS,NORMAL
1624,OK,DASS ITABERABA,70,141195,1259764,84785,ATAC. M13741 6MM POLIESTER COR 5461/BT,130CM,15971259,488,135870,15966148ASB0052979,24/07/2026,02/09/2026,13,,02/09/2026,,,,#N/A,1259764,ASICS,NORMAL
1625,OK,DASS ITABERABA,70,141195,1259764,84785,ATAC. M13741 6MM POLIESTER COR 5461/BT,140CM,15971259,253,135870,15966148ASB0052979,24/07/2026,02/09/2026,13,,02/09/2026,,,,#N/A,1259764,ASICS,NORMAL
1626,OK,DASS ITABERABA,70,141195,1229330,84206,ATAC. M18006 POLIESTER COR 4085,110CM,15971259,726,135870,15966173ASB0053016,24/07/2026,02/09/2026,13,,02/09/2026,,,,#N/A,1229330,ASICS,NORMAL
1627,OK,DASS ITABERABA,70,141195,1229330,84206,ATAC. M18006 POLIESTER COR 4085,120CM,15971259,964,135870,15966166ASB0052994,24/07/2026,02/09/2026,13,,02/09/2026,,,,#N/A,1229330,ASICS,NORMAL
1628,OK,DASS ITABERABA,70,141195,1229330,84206,ATAC. M18006 POLIESTER COR 4085,120CM,15971259,410,135870,15966173ASB0053016,24/07/2026,02/09/2026,13,,02/09/2026,,,,#N/A,1229330,ASICS,NORMAL
1629,OK,DASS ITABERABA,70,141195,1229330,84206,ATAC. M18006 POLIESTER COR 4085,130CM,15971259,346,135870,15966166ASB0052994,24/07/2026,02/09/2026,13,,02/09/2026,,,,#N/A,1229330,ASICS,NORMAL
1630,OK,DASS ITABERABA,70,141195,1231865,85476,ATAC. M22037 6MM REFLEX COR 4085/1,130CM,15971259,605,135870,15966121ASB0053035,24/07/2026,02/09/2026,13,,02/09/2026,,,,#N/A,1231865,ASICS,NORMAL
1631,OK,DASS ITABERABA,70,141195,1231865,85476,ATAC. M22037 6MM REFLEX COR 4085/1,130CM,15971259,621,135870,15966122ASB0053035,24/07/2026,02/09/2026,13,,02/09/2026,,,,#N/A,1231865,ASICS,NORMAL
1632,OK,DASS ITABERABA,70,141195,1231865,85476,ATAC. M22037 6MM REFLEX COR 4085/1,140CM,15971259,192,135870,15966121ASB0053035,24/07/2026,02/09/2026,13,,02/09/2026,,,,#N/A,1231865,ASICS,NORMAL
1633,OK,DASS ITABERABA,70,141195,1231865,85476,ATAC. M22037 6MM REFLEX COR 4085/1,140CM,15971259,228,135870,15966122ASB0053035,24/07/2026,02/09/2026,13,,02/09/2026,,,,#N/A,1231865,ASICS,NORMAL
1634,OK,DASS ITABERABA,70,141195,1365482,91133,ATAC. M22037 6MM REFLEX COR 5711,130CM,15971259,1145,135870,15966123ASB0053036,24/07/2026,02/09/2026,13,,02/09/2026,,,,#N/A,1365482,ASICS,NORMAL
1635,OK,DASS ITABERABA,70,141195,1365482,91133,ATAC. M22037 6MM REFLEX COR 5711,140CM,15971259,328,135870,15966123ASB0053036,24/07/2026,02/09/2026,13,,02/09/2026,,,,#N/A,1365482,ASICS,NORMAL
1636,OK,DASS ITABERABA,70,141195,1392977,94773,ATAC. M22037 6MM REFLEX COR 6127/1,130CM,15971259,779,135870,15966124ASB0053038,24/07/2026,02/09/2026,13,,02/09/2026,,,,#N/A,1392977,ASICS,NORMAL
1637,OK,DASS ITABERABA,70,141195,1392977,94773,ATAC. M22037 6MM REFLEX COR 6127/1,140CM,15971259,346,135870,15966124ASB0053038,24/07/2026,02/09/2026,13,,02/09/2026,,,,#N/A,1392977,ASICS,NORMAL
1638,OK,DASS ITABERABA,70,141195,1313035,87706,ATAC. 6AL 6MM POLIESTER COR 987,130CM,15971259,326,135870,15966164ASB0053047,24/07/2026,02/09/2026,13,,02/09/2026,,,,#N/A,1313035,ASICS,NORMAL
1639,OK,DASS ITABERABA,70,141195,1313035,87706,ATAC. 6AL 6MM POLIESTER COR 987,140CM,15971259,95,135870,15966164ASB0053047,24/07/2026,02/09/2026,13,,02/09/2026,,,,#N/A,1313035,ASICS,NORMAL
1640,OK,DASS ITABERABA,70,141195,980687,84269,ATAC. M12109 8MM POLIESTER COR 987,120CM,15971259,559,135870,15966147ASB0053050,24/07/2026,02/09/2026,13,,02/09/2026,,,,#N/A,980687,ASICS,NORMAL
1641,OK,DASS ITABERABA,70,141195,980687,84269,ATAC. M12109 8MM POLIESTER COR 987,130CM,15971259,457,135870,15966145ASB0053030,24/07/2026,02/09/2026,13,,02/09/2026,,,,#N/A,980687,ASICS,NORMAL
1642,OK,DASS ITABERABA,70,141195,1365268,90989,ATAC. M12109 8MM POLIESTER COR 4085,120CM,15971259,187,135870,15966146ASB0053049,24/07/2026,02/09/2026,13,,02/09/2026,,,,#N/A,1365268,ASICS,NORMAL
1643,OK,DASS ITABERABA,70,141195,1365268,90989,ATAC. M12109 8MM POLIESTER COR 4085,130CM,15971259,717,135870,15966144ASB0053028,24/07/2026,02/09/2026,13,,02/09/2026,,,,#N/A,1365268,ASICS,NORMAL
1644,OK,DASS ITABERABA,70,141195,1365268,90989,ATAC. M12109 8MM POLIESTER COR 4085,130CM,15971259,186,135870,15966146ASB0053049,24/07/2026,02/09/2026,13,,02/09/2026,,,,#N/A,1365268,ASICS,NORMAL
1645,OK,DASS ITABERABA,70,141196,1400176,93022,CORDAO M9099 POLIESTER COR 4085,1.8MM,15971263,1200,135871,0,24/07/2026,02/09/2026,13,,02/09/2026,,,,#N/A,1400176,ASICS,NORMAL
1825,OK,DASS ITABERABA,70,141808,1304586,77167,FITA MFGP POLIESTER COR 206,15MM,16040008,110,136497,0,12/08/2026,02/09/2026,13,,02/09/2026,,,,#N/A,1304586,UMBRO,NORMAL
1826,OK,DASS ITABERABA,70,141809,715810,69564,FITA MFGP POLIESTER COR 100,15MM,16040019,610,136498,0,12/08/2026,02/09/2026,13,,02/09/2026,,,,#N/A,715810,UMBRO,NORMAL
1827,OK,DASS ITABERABA,70,141809,719432,73276,FITA MFGP POLIESTER COR 057,15MM,16040019,260,136498,0,12/08/2026,02/09/2026,13,,02/09/2026,,,,#N/A,719432,UMBRO,NORMAL
1856,OK,DASS VITORIA,391,140947,827533,95643,ATAC. M13801 POLIESTER COR 100,110CM,15939328,288,135634,15936851BRI010403-,17/07/2026,02/09/2026,13,,02/09/2026,,,,#N/A,827533,UMBRO,CONTA E ORDEM VITÓRIA X ITABERABA
1857,OK,DASS VITORIA,391,140947,827533,95643,ATAC. M13801 POLIESTER COR 100,110CM,15939328,288,135634,15936853BRI010404-,17/07/2026,02/09/2026,13,,02/09/2026,,,,#N/A,827533,UMBRO,CONTA E ORDEM VITÓRIA X ITABERABA
1865,OK,DASS VITORIA,391,140947,827533,95643,ATAC. M13801 POLIESTER COR 100,120CM,15939328,456,135634,15936856BRI010405-,17/07/2026,02/09/2026,13,,02/09/2026,,,,#N/A,827533,UMBRO,CONTA E ORDEM VITÓRIA X ITABERABA
1869,OK,DASS VITORIA,391,140947,1328498,95645,ATAC. M13801 POLIESTER COR 058,120CM,15939328,324,135634,15936893BRI010399-,17/07/2026,02/09/2026,13,,02/09/2026,,,,#N/A,1328498,UMBRO,CONTA E ORDEM VITÓRIA X ITABERABA
1870,OK,DASS VITORIA,391,140947,1328498,95645,ATAC. M13801 POLIESTER COR 058,120CM,15939328,324,135634,15936895BRI010399-,17/07/2026,02/09/2026,13,,02/09/2026,,,,#N/A,1328498,UMBRO,CONTA E ORDEM VITÓRIA X ITABERABA
1871,OK,DASS VITORIA,391,140947,1328498,95645,ATAC. M13801 POLIESTER COR 058,130CM,15939328,444,135634,15936893BRI010399-,17/07/2026,02/09/2026,13,,02/09/2026,,,,#N/A,1328498,UMBRO,CONTA E ORDEM VITÓRIA X ITABERABA
1872,OK,DASS VITORIA,391,140947,1328498,95645,ATAC. M13801 POLIESTER COR 058,130CM,15939328,456,135634,15936895BRI010399-,17/07/2026,02/09/2026,13,,02/09/2026,,,,#N/A,1328498,UMBRO,CONTA E ORDEM VITÓRIA X ITABERABA
1885,OK,DASS VITORIA,391,141497,738316,1053,ELAST. MTM POLIESTER COR 100,6MM,16003507,320,136135,0,03/08/2026,02/09/2026,13,,02/09/2026,,,,#N/A,738316,UMBRO,CONTA E ORDEM VITÓRIA X SANTO ANTÔNIO DE JESUS
1886,OK,DASS VITORIA,391,141497,1371009,75445,ELAST. MTM POLIESTER COR 058,6MM,16003507,520,136135,0,03/08/2026,02/09/2026,13,,02/09/2026,,,,#N/A,1371009,UMBRO,CONTA E ORDEM VITÓRIA X SANTO ANTÔNIO DE JESUS
1887,OK,DASS VITORIA,391,141497,1075570,82511,FITA MFGP C/ GOMA POLIESTER COR 566,10MM,16003507,50,136135,0,03/08/2026,02/09/2026,13,,02/09/2026,,,,#N/A,1075570,UMBRO,CONTA E ORDEM VITÓRIA X SANTO ANTÔNIO DE JESUS
1888,OK,DASS VITORIA,391,141503,827533,95643,ATAC. M13801 POLIESTER COR 100,120CM,16002268,240,136141,15998366BRI010462-,03/08/2026,02/09/2026,13,,02/09/2026,,,,#N/A,827533,UMBRO,CONTA E ORDEM VITÓRIA X ITABERABA
1889,OK,DASS VITORIA,391,141503,827533,95643,ATAC. M13801 POLIESTER COR 100,120CM,16002268,252,136141,15998367BRI010462-,03/08/2026,02/09/2026,13,,02/09/2026,,,,#N/A,827533,UMBRO,CONTA E ORDEM VITÓRIA X ITABERABA
1890,OK,DASS VITORIA,391,141503,827533,95643,ATAC. M13801 POLIESTER COR 100,130CM,16002268,576,136141,15998366BRI010462-,03/08/2026,02/09/2026,13,,02/09/2026,,,,#N/A,827533,UMBRO,CONTA E ORDEM VITÓRIA X ITABERABA
1891,OK,DASS VITORIA,391,141503,827533,95643,ATAC. M13801 POLIESTER COR 100,130CM,16002268,600,136141,15998367BRI010462-,03/08/2026,02/09/2026,13,,02/09/2026,,,,#N/A,827533,UMBRO,CONTA E ORDEM VITÓRIA X ITABERABA
1892,OK,DASS VITORIA,391,141503,827530,95644,ATAC. M13801 POLIESTER COR 102,120CM,16002268,156,136141,15998365BRI010461,03/08/2026,02/09/2026,13,,02/09/2026,,,,#N/A,827530,UMBRO,CONTA E ORDEM VITÓRIA X ITABERABA
1893,OK,DASS VITORIA,391,141503,827530,95644,ATAC. M13801 POLIESTER COR 102,130CM,16002268,336,136141,15998365BRI010461,03/08/2026,02/09/2026,13,,02/09/2026,,,,#N/A,827530,UMBRO,CONTA E ORDEM VITÓRIA X ITABERABA
1894,OK,DASS VITORIA,391,141503,1328498,95645,ATAC. M13801 POLIESTER COR 058,120CM,16002268,312,136141,15998376BRI010465,03/08/2026,02/09/2026,13,,02/09/2026,,,,#N/A,1328498,UMBRO,CONTA E ORDEM VITÓRIA X ITABERABA
1895,OK,DASS VITORIA,391,141503,1328498,95645,ATAC. M13801 POLIESTER COR 058,130CM,16002268,708,136141,15998376BRI010465,03/08/2026,02/09/2026,13,,02/09/2026,,,,#N/A,1328498,UMBRO,CONTA E ORDEM VITÓRIA X ITABERABA
1904,OK,DASS VITORIA,391,141509,818742,73479,ATAC. M13054 POLIESTER COR 213,100CM,16003514,588,136146,15999970BRSAU00427,03/08/2026,02/09/2026,13,,02/09/2026,,,,#N/A,818742,UMBRO,CONTA E ORDEM VITÓRIA X SANTO ANTÔNIO DE JESUS
56,OK,DASS SEST,7,139282,1278311,86418,ATAC. MR140014 6MM RECICLADO COR 4662/PET,100CM,15775198,144,133902,15773825NBR3282885,02/06/2026,08/09/2026,19,REPROG.,07/09/2026,,08/09/2026,,#N/A,1278311,NIKE,
57,OK,DASS SEST,7,139282,1278311,86418,ATAC. MR140014 6MM RECICLADO COR 4662/PET,100CM,15775198,144,133902,15773827NBR3282885,02/06/2026,08/09/2026,19,REPROG.,07/09/2026,,08/09/2026,,#N/A,1278311,NIKE,
58,OK,DASS SEST,7,139282,1278311,86418,ATAC. MR140014 6MM RECICLADO COR 4662/PET,105CM,15775198,963,133902,15773825NBR3282885,02/06/2026,08/09/2026,19,REPROG.,07/09/2026,,08/09/2026,,#N/A,1278311,NIKE,
59,OK,DASS SEST,7,139282,1278311,86418,ATAC. MR140014 6MM RECICLADO COR 4662/PET,105CM,15775198,1014,133902,15773827NBR3282885,02/06/2026,08/09/2026,19,REPROG.,07/09/2026,,08/09/2026,,#N/A,1278311,NIKE,
60,OK,DASS SEST,7,139282,1278311,86418,ATAC. MR140014 6MM RECICLADO COR 4662/PET,110CM,15775198,60,133902,15773825NBR3282885,02/06/2026,08/09/2026,19,REPROG.,07/09/2026,,08/09/2026,,#N/A,1278311,NIKE,
61,OK,DASS SEST,7,139282,1278311,86418,ATAC. MR140014 6MM RECICLADO COR 4662/PET,110CM,15775198,60,133902,15773827NBR3282885,02/06/2026,08/09/2026,19,REPROG.,07/09/2026,,08/09/2026,,#N/A,1278311,NIKE,
62,OK,DASS SEST,7,139282,1360726,95705,ATAC. MR140014 6MM RECICLADO COR 057/PET,105CM,15775198,168,133902,15773834NBR3282918,02/06/2026,08/09/2026,19,REPROG.,07/09/2026,,08/09/2026,,#N/A,1360726,NIKE,
63,OK,DASS SEST,7,139282,1360726,95705,ATAC. MR140014 6MM RECICLADO COR 057/PET,105CM,15775198,210,133902,15773835NBR3282918,02/06/2026,08/09/2026,19,REPROG.,07/09/2026,,08/09/2026,,#N/A,1360726,NIKE,
64,OK,DASS SEST,7,139282,1360726,95705,ATAC. MR140014 6MM RECICLADO COR 057/PET,110CM,15775198,542,133902,15773834NBR3282918,02/06/2026,08/09/2026,19,REPROG.,07/09/2026,,08/09/2026,,#N/A,1360726,NIKE,
65,OK,DASS SEST,7,139282,1360726,95705,ATAC. MR140014 6MM RECICLADO COR 057/PET,110CM,15775198,534,133902,15773835NBR3282918,02/06/2026,08/09/2026,19,REPROG.,07/09/2026,,08/09/2026,,#N/A,1360726,NIKE,
66,OK,DASS SEST,7,139282,1360726,95705,ATAC. MR140014 6MM RECICLADO COR 057/PET,115CM,15775198,204,133902,15773834NBR3282918,02/06/2026,08/09/2026,19,REPROG.,07/09/2026,,08/09/2026,,#N/A,1360726,NIKE,
67,OK,DASS SEST,7,139282,1360726,95705,ATAC. MR140014 6MM RECICLADO COR 057/PET,115CM,15775198,228,133902,15773835NBR3282918,02/06/2026,08/09/2026,19,REPROG.,07/09/2026,,08/09/2026,,#N/A,1360726,NIKE,
110,OK,DASS SEST,7,139574,1299257,86978,ATAC. MR130027 6MM RECICLADO COR 4085/PET,100CM,15816414,192,134325,15815477NBR3282905,11/06/2026,08/09/2026,19,REPROG.,07/09/2026,,08/09/2026,,#N/A,1299257,NIKE,
111,OK,DASS SEST,7,139574,1299257,86978,ATAC. MR130027 6MM RECICLADO COR 4085/PET,100CM,15816414,241,134325,15815478NBR3282905,11/06/2026,08/09/2026,19,REPROG.,07/09/2026,,08/09/2026,,#N/A,1299257,NIKE,
112,OK,DASS SEST,7,139574,1299257,86978,ATAC. MR130027 6MM RECICLADO COR 4085/PET,105CM,15816414,658,134325,15815477NBR3282905,11/06/2026,08/09/2026,19,REPROG.,07/09/2026,,08/09/2026,,#N/A,1299257,NIKE,
113,OK,DASS SEST,7,139574,1299257,86978,ATAC. MR130027 6MM RECICLADO COR 4085/PET,105CM,15816414,673,134325,15815478NBR3282905,11/06/2026,08/09/2026,19,REPROG.,07/09/2026,,08/09/2026,,#N/A,1299257,NIKE,
114,OK,DASS SEST,7,139574,1299257,86978,ATAC. MR130027 6MM RECICLADO COR 4085/PET,110CM,15816414,180,134325,15815477NBR3282905,11/06/2026,08/09/2026,19,REPROG.,07/09/2026,,08/09/2026,,#N/A,1299257,NIKE,
115,OK,DASS SEST,7,139574,1299257,86978,ATAC. MR130027 6MM RECICLADO COR 4085/PET,110CM,15816414,204,134325,15815478NBR3282905,11/06/2026,08/09/2026,19,REPROG.,07/09/2026,,08/09/2026,,#N/A,1299257,NIKE,
116,OK,DASS SEST,7,139574,1301800,88695,ATAC. MR130027 6MM RECICLADO COR 4662/PET,95CM,15816414,427,134325,15815491NBR3282847,11/06/2026,08/09/2026,19,REPROG.,07/09/2026,,08/09/2026,,#N/A,1301800,NIKE,
117,OK,DASS SEST,7,139574,1301800,88695,ATAC. MR130027 6MM RECICLADO COR 4662/PET,100CM,15816414,538,134325,15815491NBR3282847,11/06/2026,08/09/2026,19,REPROG.,07/09/2026,,08/09/2026,,#N/A,1301800,NIKE,
118,OK,DASS SEST,7,139574,1301800,88695,ATAC. MR130027 6MM RECICLADO COR 4662/PET,100CM,15816414,256,134325,15815497NBR3282893,11/06/2026,08/09/2026,19,REPROG.,07/09/2026,,08/09/2026,,#N/A,1301800,NIKE,
119,OK,DASS SEST,7,139574,1301800,88695,ATAC. MR130027 6MM RECICLADO COR 4662/PET,105CM,15816414,61,134325,15815491NBR3282847,11/06/2026,08/09/2026,19,REPROG.,07/09/2026,,08/09/2026,,#N/A,1301800,NIKE,
120,OK,DASS SEST,7,139574,1301800,88695,ATAC. MR130027 6MM RECICLADO COR 4662/PET,105CM,15816414,788,134325,15815497NBR3282893,11/06/2026,08/09/2026,19,REPROG.,07/09/2026,,08/09/2026,,#N/A,1301800,NIKE,
121,OK,DASS SEST,7,139574,1301800,88695,ATAC. MR130027 6MM RECICLADO COR 4662/PET,110CM,15816414,231,134325,15815497NBR3282893,11/06/2026,08/09/2026,19,REPROG.,07/09/2026,,08/09/2026,,#N/A,1301800,NIKE,
160,OK,DASS SEST,7,139656,1188919,82628,ATAC. MR140014 6MM RECICLADO COR 4085/PET,100CM,15819910,12,134366,15818122NBR3283039,12/06/2026,08/09/2026,19,REPROG.,07/09/2026,,08/09/2026,,#N/A,1188919,NIKE,
161,OK,DASS SEST,7,139656,1188919,82628,ATAC. MR140014 6MM RECICLADO COR 4085/PET,105CM,15819910,264,134366,15818122NBR3283039,12/06/2026,08/09/2026,19,REPROG.,07/09/2026,,08/09/2026,,#N/A,1188919,NIKE,
162,OK,DASS SEST,7,139656,1188919,82628,ATAC. MR140014 6MM RECICLADO COR 4085/PET,105CM,15819910,276,134366,15818123NBR3283039,12/06/2026,08/09/2026,19,REPROG.,07/09/2026,,08/09/2026,,#N/A,1188919,NIKE,
163,OK,DASS SEST,7,139656,1188919,82628,ATAC. MR140014 6MM RECICLADO COR 4085/PET,110CM,15819910,389,134366,15818122NBR3283039,12/06/2026,08/09/2026,19,REPROG.,07/09/2026,,08/09/2026,,#N/A,1188919,NIKE,
164,OK,DASS SEST,7,139656,1188919,82628,ATAC. MR140014 6MM RECICLADO COR 4085/PET,110CM,15819910,413,134366,15818123NBR3283039,12/06/2026,08/09/2026,19,REPROG.,07/09/2026,,08/09/2026,,#N/A,1188919,NIKE,
165,OK,DASS SEST,7,139656,1188919,82628,ATAC. MR140014 6MM RECICLADO COR 4085/PET,115CM,15819910,48,134366,15818122NBR3283039,12/06/2026,08/09/2026,19,REPROG.,07/09/2026,,08/09/2026,,#N/A,1188919,NIKE,
166,OK,DASS SEST,7,139656,1188919,82628,ATAC. MR140014 6MM RECICLADO COR 4085/PET,115CM,15819910,55,134366,15818123NBR3283039,12/06/2026,08/09/2026,19,REPROG.,07/09/2026,,08/09/2026,,#N/A,1188919,NIKE,
167,OK,DASS SEST,7,139656,1324864,88451,ATAC. MR140014 6MM RECICLADO COR 5687/PET,100CM,15819910,680,134366,15818134NBR3282902,12/06/2026,08/09/2026,19,REPROG.,07/09/2026,,08/09/2026,,#N/A,1324864,NIKE,
168,OK,DASS SEST,7,139656,1324864,88451,ATAC. MR140014 6MM RECICLADO COR 5687/PET,105CM,15819910,340,134366,15818134NBR3282902,12/06/2026,08/09/2026,19,REPROG.,07/09/2026,,08/09/2026,,#N/A,1324864,NIKE,
204,OK,DASS SEST,7,139936,1423776,95488,ATAC. M60132 ALPINA COR 2000,135CM,15849681,528,134612,15845708BR314794-A,22/06/2026,08/09/2026,19,REPROG.,07/09/2026,,08/09/2026,,#N/A,1423776,FILA,
205,OK,DASS SEST,7,139936,1423776,95488,ATAC. M60132 ALPINA COR 2000,145CM,15849681,336,134612,15845708BR314794-A,22/06/2026,08/09/2026,19,REPROG.,07/09/2026,,08/09/2026,,#N/A,1423776,FILA,
379,OK,DASS SEST,7,140128,1304277,88668,ATAC. MR110022 7MM RECICLADO COR 4085/PET / COR 496/PET,110CM,15855790,186,134819,15851096NBR3283017,25/06/2026,08/09/2026,19,REPROG.,07/09/2026,,08/09/2026,,#N/A,1304277,NIKE,
380,OK,DASS SEST,7,140128,1304277,88668,ATAC. MR110022 7MM RECICLADO COR 4085/PET / COR 496/PET,110CM,15855790,1112,134819,15851102NBR3283021,25/06/2026,08/09/2026,19,REPROG.,07/09/2026,,08/09/2026,,#N/A,1304277,NIKE,
381,OK,DASS SEST,7,140128,1304277,88668,ATAC. MR110022 7MM RECICLADO COR 4085/PET / COR 496/PET,110CM,15855790,228,134819,15851089NBR3283044,25/06/2026,08/09/2026,19,REPROG.,07/09/2026,,08/09/2026,,#N/A,1304277,NIKE,
382,OK,DASS SEST,7,140128,1304277,88668,ATAC. MR110022 7MM RECICLADO COR 4085/PET / COR 496/PET,110CM,15855790,216,134819,15851090NBR3283044,25/06/2026,08/09/2026,19,REPROG.,07/09/2026,,08/09/2026,,#N/A,1304277,NIKE,
383,OK,DASS SEST,7,140128,1304277,88668,ATAC. MR110022 7MM RECICLADO COR 4085/PET / COR 496/PET,110CM,15855790,240,134819,15851091NBR3283044,25/06/2026,08/09/2026,19,REPROG.,07/09/2026,,08/09/2026,,#N/A,1304277,NIKE,
384,OK,DASS SEST,7,140128,1304277,88668,ATAC. MR110022 7MM RECICLADO COR 4085/PET / COR 496/PET,115CM,15855790,650,134819,15851096NBR3283017,25/06/2026,08/09/2026,19,REPROG.,07/09/2026,,08/09/2026,,#N/A,1304277,NIKE,
385,OK,DASS SEST,7,140128,1304277,88668,ATAC. MR110022 7MM RECICLADO COR 4085/PET / COR 496/PET,115CM,15855790,18,134819,15851102NBR3283021,25/06/2026,08/09/2026,19,REPROG.,07/09/2026,,08/09/2026,,#N/A,1304277,NIKE,
386,OK,DASS SEST,7,140128,1304277,88668,ATAC. MR110022 7MM RECICLADO COR 4085/PET / COR 496/PET,115CM,15855790,573,134819,15851089NBR3283044,25/06/2026,08/09/2026,19,REPROG.,07/09/2026,,08/09/2026,,#N/A,1304277,NIKE,
387,OK,DASS SEST,7,140128,1304277,88668,ATAC. MR110022 7MM RECICLADO COR 4085/PET / COR 496/PET,115CM,15855790,552,134819,15851090NBR3283044,25/06/2026,08/09/2026,19,REPROG.,07/09/2026,,08/09/2026,,#N/A,1304277,NIKE,
388,OK,DASS SEST,7,140128,1304277,88668,ATAC. MR110022 7MM RECICLADO COR 4085/PET / COR 496/PET,115CM,15855790,570,134819,15851091NBR3283044,25/06/2026,08/09/2026,19,REPROG.,07/09/2026,,08/09/2026,,#N/A,1304277,NIKE,
389,OK,DASS SEST,7,140128,1304277,88668,ATAC. MR110022 7MM RECICLADO COR 4085/PET / COR 496/PET,120CM,15855790,174,134819,15851096NBR3283017,25/06/2026,08/09/2026,19,REPROG.,07/09/2026,,08/09/2026,,#N/A,1304277,NIKE,
390,OK,DASS SEST,7,140128,1304277,88668,ATAC. MR110022 7MM RECICLADO COR 4085/PET / COR 496/PET,120CM,15855790,168,134819,15851089NBR3283044,25/06/2026,08/09/2026,19,REPROG.,07/09/2026,,08/09/2026,,#N/A,1304277,NIKE,
391,OK,DASS SEST,7,140128,1304277,88668,ATAC. MR110022 7MM RECICLADO COR 4085/PET / COR 496/PET,120CM,15855790,168,134819,15851090NBR3283044,25/06/2026,08/09/2026,19,REPROG.,07/09/2026,,08/09/2026,,#N/A,1304277,NIKE,
392,OK,DASS SEST,7,140128,1304277,88668,ATAC. MR110022 7MM RECICLADO COR 4085/PET / COR 496/PET,120CM,15855790,192,134819,15851091NBR3283044,25/06/2026,08/09/2026,19,REPROG.,07/09/2026,,08/09/2026,,#N/A,1304277,NIKE,
393,OK,DASS SEST,7,140128,1362000,92431,ATAC. MR110022 7MM RECICLADO COR 4662/PET / COR 4758/PET,110CM,15855790,770,134819,15851105NBR3283011,25/06/2026,08/09/2026,19,REPROG.,07/09/2026,,08/09/2026,,#N/A,1362000,NIKE,
394,OK,DASS SEST,7,140128,1362000,92431,ATAC. MR110022 7MM RECICLADO COR 4662/PET / COR 4758/PET,110CM,15855790,822,134819,15851106NBR3283011,25/06/2026,08/09/2026,19,REPROG.,07/09/2026,,08/09/2026,,#N/A,1362000,NIKE,
395,OK,DASS SEST,7,140128,1362000,92431,ATAC. MR110022 7MM RECICLADO COR 4662/PET / COR 4758/PET,110CM,15855790,794,134819,15851107NBR3283012,25/06/2026,08/09/2026,19,REPROG.,07/09/2026,,08/09/2026,,#N/A,1362000,NIKE,
396,OK,DASS SEST,7,140128,1362000,92431,ATAC. MR110022 7MM RECICLADO COR 4662/PET / COR 4758/PET,110CM,15855790,828,134819,15851108NBR3283012,25/06/2026,08/09/2026,19,REPROG.,07/09/2026,,08/09/2026,,#N/A,1362000,NIKE,
397,OK,DASS SEST,7,140128,1362000,92431,ATAC. MR110022 7MM RECICLADO COR 4662/PET / COR 4758/PET,115CM,15855790,12,134819,15851105NBR3283011,25/06/2026,08/09/2026,19,REPROG.,07/09/2026,,08/09/2026,,#N/A,1362000,NIKE,
398,OK,DASS SEST,7,140128,1362000,92431,ATAC. MR110022 7MM RECICLADO COR 4662/PET / COR 4758/PET,115CM,15855790,24,134819,15851106NBR3283011,25/06/2026,08/09/2026,19,REPROG.,07/09/2026,,08/09/2026,,#N/A,1362000,NIKE,
399,OK,DASS SEST,7,140128,1362000,92431,ATAC. MR110022 7MM RECICLADO COR 4662/PET / COR 4758/PET,115CM,15855790,12,134819,15851107NBR3283012,25/06/2026,08/09/2026,19,REPROG.,07/09/2026,,08/09/2026,,#N/A,1362000,NIKE,
400,OK,DASS SEST,7,140128,1362000,92431,ATAC. MR110022 7MM RECICLADO COR 4662/PET / COR 4758/PET,115CM,15855790,24,134819,15851108NBR3283012,25/06/2026,08/09/2026,19,REPROG.,07/09/2026,,08/09/2026,,#N/A,1362000,NIKE,
401,OK,DASS SEST,7,140128,1413117,95026,ATAC. MR110022 7MM RECICLADO COR 6146/PET / COR 492/PET,110CM,15855790,222,134819,15851109NBR3283024,25/06/2026,08/09/2026,19,REPROG.,07/09/2026,,08/09/2026,,#N/A,1413117,NIKE,
402,OK,DASS SEST,7,140128,1413117,95026,ATAC. MR110022 7MM RECICLADO COR 6146/PET / COR 492/PET,115CM,15855790,668,134819,15851109NBR3283024,25/06/2026,08/09/2026,19,REPROG.,07/09/26,,08/09/2026,,#N/A,1413117,NIKE,
403,OK,DASS SEST,7,140128,1413117,95026,ATAC. MR110022 7MM RECICLADO COR 6146/PET / COR 492/PET,120CM,15855790,120,134819,15851109NBR3283024,25/06/2026,08/09/2026,19,REPROG.,07/09/2026,,08/09/2026,,#N/A,1413117,NIKE,
404,OK,DASS SEST,7,140128,1424201,95897,ATAC. MR110022 7MM RECICLADO COR 4662/PET / COR 4638/PET,110CM,15855790,1040,134819,15851128NBR3283013,25/06/2026,08/09/2026,19,REPROG.,07/09/2026,,08/09/2026,,#N/A,1424201,NIKE,
405,OK,DASS SEST,7,140128,1424201,95897,ATAC. MR110022 7MM RECICLADO COR 4662/PET / COR 4638/PET,115CM,15855790,6,134819,15851128NBR3283013,25/06/2026,08/09/2026,19,REPROG.,07/09/2026,,08/09/2026,,#N/A,1424201,NIKE,
406,OK,DASS SEST,7,140128,1424203,95899,ATAC. MR110022 7MM RECICLADO COR 4085/PET / COR 422/PET,110CM,15855790,992,134819,15851122NBR3282861,25/06/2026,08/09/2026,19,REPROG.,07/09/26,,08/09/2026,,#N/A,1424203,NIKE,
407,OK,DASS SEST,7,140128,1424203,95899,ATAC. MR110022 7MM RECICLADO COR 4085/PET / COR 422/PET,110CM,15855790,806,134819,15851124NBR3282863,25/06/2026,08/09/2026,19,REPROG.,07/09/26,,08/09/2026,,#N/A,1424203,NIKE,
408,OK,DASS SEST,7,140128,1424203,95899,ATAC. MR110022 7MM RECICLADO COR 4085/PET / COR 422/PET,110CM,15855790,888,134819,15851125NBR3282863,25/06/2026,08/09/2026,19,REPROG.,07/09/26,,08/09/2026,,#N/A,1424203,NIKE,
409,OK,DASS SEST,7,140128,1424203,95899,ATAC. MR110022 7MM RECICLADO COR 4085/PET / COR 422/PET,115CM,15855790,18,134819,15851122NBR3282861,25/06/2026,08/09/2026,19,REPROG.,07/09/26,,08/09/2026,,#N/A,1424203,NIKE,
410,OK,DASS SEST,7,140128,1424203,95899,ATAC. MR110022 7MM RECICLADO COR 4085/PET / COR 422/PET,115CM,15855790,30,134819,15851124NBR3282863,25/06/2026,08/09/2026,19,REPROG.,07/09/26,,08/09/2026,,#N/A,1424203,NIKE,
411,OK,DASS SEST,7,140128,1424203,95899,ATAC. MR110022 7MM RECICLADO COR 4085/PET / COR 422/PET,115CM,15855790,24,134819,15851125NBR3282863,25/06/2026,08/09/2026,19,REPROG.,07/09/26,,08/09/2026,,#N/A,1424203,NIKE,
412,OK,DASS SEST,7,140128,1424202,95901,ATAC. MR110022 7MM RECICLADO COR 298/PET / COR 5820/PET,110CM,15855790,842,134819,15851120NBR3283007,25/06/2026,08/09/2026,19,REPROG.,07/09/26,,08/09/2026,,#N/A,1424202,NIKE,
413,OK,DASS SEST,7,140128,1424202,95901,ATAC. MR110022 7MM RECICLADO COR 298/PET / COR 5820/PET,110CM,15855790,900,134819,15851121NBR3283007,25/06/2026,08/09/2026,19,REPROG.,07/09/26,,08/09/2026,,#N/A,1424202,NIKE,
414,OK,DASS SEST,7,140128,1424202,95901,ATAC. MR110022 7MM RECICLADO COR 298/PET / COR 5820/PET,115CM,15855790,36,134819,15851120NBR3283007,25/06/2026,08/09/2026,19,REPROG.,07/09/26,,08/09/2026,,#N/A,1424202,NIKE,
415,OK,DASS SEST,7,140128,1424202,95901,ATAC. MR110022 7MM RECICLADO COR 298/PET / COR 5820/PET,115CM,15855790,36,134819,15851121NBR3283007,25/06/2026,08/09/2026,19,REPROG.,07/09/26,,08/09/2026,,#N/A,1424202,NIKE,
698,OK,DASS SEST,7,140194,1188919,82628,ATAC. MR140014 6MM RECICLADO COR 4085/PET,100CM,15872668,216,134944,15866738NBR3282999,26/06/2026,08/09/2026,19,REPROG.,07/09/26,,08/09/2026,,#N/A,1188919,NIKE,
699,OK,DASS SEST,7,140194,1188919,82628,ATAC. MR140014 6MM RECICLADO COR 4085/PET,100CM,15872668,216,134944,15866739NBR3282999,26/06/2026,08/09/2026,19,REPROG.,07/09/26,,08/09/2026,,#N/A,1188919,NIKE,
700,OK,DASS SEST,7,140194,1188919,82628,ATAC. MR140014 6MM RECICLADO COR 4085/PET,105CM,15872668,650,134944,15866738NBR3282999,26/06/2026,08/09/2026,19,REPROG.,07/09/26,,08/09/2026,,#N/A,1188919,NIKE,
701,OK,DASS SEST,7,140194,1188919,82628,ATAC. MR140014 6MM RECICLADO COR 4085/PET,105CM,15872668,666,134944,15866739NBR3282999,26/06/2026,08/09/2026,19,REPROG.,07/09/26,,08/09/2026,,#N/A,1188919,NIKE,
702,OK,DASS SEST,7,140194,1188919,82628,ATAC. MR140014 6MM RECICLADO COR 4085/PET,105CM,15872668,198,134944,15866714NBR3283077,26/06/2026,08/09/2026,19,REPROG.,07/09/26,,08/09/2026,,#N/A,1188919,NIKE,
703,OK,DASS SEST,7,140194,1188919,82628,ATAC. MR140014 6MM RECICLADO COR 4085/PET,105CM,15872668,108,134944,15866711NBR3283078,26/06/2026,08/09/2026,19,REPROG.,07/09/26,,08/09/2026,,#N/A,1188919,NIKE,
704,OK,DASS SEST,7,140194,1188919,82628,ATAC. MR140014 6MM RECICLADO COR 4085/PET,105CM,15872668,96,134944,15866712NBR3283078,26/06/2026,08/09/2026,19,REPROG.,07/09/26,,08/09/2026,,#N/A,1188919,NIKE,
705,OK,DASS SEST,7,140194,1188919,82628,ATAC. MR140014 6MM RECICLADO COR 4085/PET,110CM,15872668,6,134944,15866738NBR3282999,26/06/2026,08/09/2026,19,REPROG.,07/09/26,,08/09/2026,,#N/A,1188919,NIKE,
706,OK,DASS SEST,7,140194,1188919,82628,ATAC. MR140014 6MM RECICLADO COR 4085/PET,110CM,15872668,617,134944,15866714NBR3283077,26/06/2026,08/09/2026,19,REPROG.,07/09/26,,08/09/2026,,#N/A,1188919,NIKE,
707,OK,DASS SEST,7,140194,1188919,82628,ATAC. MR140014 6MM RECICLADO COR 4085/PET,110CM,15872668,699,134944,15866711NBR3283078,26/06/2026,08/09/2026,19,REPROG.,07/09/26,,08/09/2026,,#N/A,1188919,NIKE,
708,OK,DASS SEST,7,140194,1188919,82628,ATAC. MR140014 6MM RECICLADO COR 4085/PET,110CM,15872668,708,134944,15866712NBR3283078,26/06/2026,08/09/2026,19,REPROG.,07/09/26,,08/09/2026,,#N/A,1188919,NIKE,
709,OK,DASS SEST,7,140194,1188919,82628,ATAC. MR140014 6MM RECICLADO COR 4085/PET,115CM,15872668,186,134944,15866714NBR3283077,26/06/2026,08/09/2026,19,REPROG.,07/09/26,,08/09/2026,,#N/A,1188919,NIKE,
710,OK,DASS SEST,7,140194,1188919,82628,ATAC. MR140014 6MM RECICLADO COR 4085/PET,115CM,15872668,228,134944,15866711NBR3283078,26/06/2026,08/09/2026,19,REPROG.,07/09/26,,08/09/2026,,#N/A,1188919,NIKE,
711,OK,DASS SEST,7,140194,1188919,82628,ATAC. MR140014 6MM RECICLADO COR 4085/PET,115CM,15872668,252,134944,15866712NBR3283078,26/06/2026,08/09/2026,19,REPROG.,07/09/26,,08/09/2026,,#N/A,1188919,NIKE,
712,OK,DASS SEST,7,140194,1269460,85472,ATAC. MR140014 6MM RECICLADO COR 5481/PET,100CM,15872668,216,134944,15866743NBR3283001,26/06/2026,08/09/2026,19,REPROG.,07/09/26,,08/09/2026,,#N/A,1269460,NIKE,
713,OK,DASS SEST,7,140194,1269460,85472,ATAC. MR140014 6MM RECICLADO COR 5481/PET,100CM,15872668,240,134944,15866744NBR3283001,26/06/2026,08/09/2026,19,REPROG.,07/09/26,,08/09/2026,,#N/A,1269460,NIKE,
714,OK,DASS SEST,7,140194,1269460,85472,ATAC. MR140014 6MM RECICLADO COR 5481/PET,100CM,15872668,216,134944,15866745NBR3283002,26/06/2026,08/09/2026,19,REPROG.,07/09/26,,08/09/2026,,#N/A,1269460,NIKE,
715,OK,DASS SEST,7,140194,1269460,85472,ATAC. MR140014 6MM RECICLADO COR 5481/PET,100CM,15872668,240,134944,15866746NBR3283002,26/06/2026,08/09/2026,19,REPROG.,07/09/26,,08/09/2026,,#N/A,1269460,NIKE,
716,OK,DASS SEST,7,140194,1269460,85472,ATAC. MR140014 6MM RECICLADO COR 5481/PET,100CM,15872668,216,134944,15866747NBR3283003,26/06/2026,08/09/2026,19,REPROG.,07/09/26,,08/09/2026,,#N/A,1269460,NIKE,
717,OK,DASS SEST,7,140194,1269460,85472,ATAC. MR140014 6MM RECICLADO COR 5481/PET,100CM,15872668,240,134944,15866748NBR3283003,26/06/2026,08/09/2026,19,REPROG.,07/09/26,,08/09/2026,,#N/A,1269460,NIKE,
718,OK,DASS SEST,7,140194,1269460,85472,ATAC. MR140014 6MM RECICLADO COR 5481/PET,100CM,15872668,366,134944,15866749NBR3283005,26/06/2026,08/09/2026,19,REPROG.,07/09/26,,08/09/2026,,#N/A,1269460,NIKE,
719,OK,DASS SEST,7,140194,1269460,85472,ATAC. MR140014 6MM RECICLADO COR 5481/PET,100CM,15872668,216,134944,15866750NBR3283008,26/06/2026,08/09/2026,19,REPROG.,07/09/26,,08/09/2026,,#N/A,1269460,NIKE,
720,OK,DASS SEST,7,140194,1269460,85472,ATAC. MR140014 6MM RECICLADO COR 5481/PET,100CM,15872668,240,134944,15866751NBR3283008,26/06/2026,08/09/2026,19,REPROG.,07/09/26,,08/09/2026,,#N/A,1269460,NIKE,
721,OK,DASS SEST,7,140194,1269460,85472,ATAC. MR140014 6MM RECICLADO COR 5481/PET,105CM,15872668,783,134944,15866743NBR3283001,26/06/2026,08/09/2026,19,REPROG.,07/09/26,,08/09/2026,,#N/A,1269460,NIKE,
722,OK,DASS SEST,7,140194,1269460,85472,ATAC. MR140014 6MM RECICLADO COR 5481/PET,105CM,15872668,846,134944,15866744NBR3283001,26/06/2026,08/09/2026,19,REPROG.,07/09/26,,08/09/2026,,#N/A,1269460,NIKE,
723,OK,DASS SEST,7,140194,1269460,85472,ATAC. MR140014 6MM RECICLADO COR 5481/PET,105CM,15872668,783,134944,15866745NBR3283002,26/06/2026,08/09/2026,19,REPROG.,07/09/26,,08/09/2026,,#N/A,1269460,NIKE,
724,OK,DASS SEST,7,140194,1269460,85472,ATAC. MR140014 6MM RECICLADO COR 5481/PET,105CM,15872668,846,134944,15866746NBR3283002,26/06/2026,08/09/2026,19,REPROG.,07/09/26,,08/09/2026,,#N/A,1269460,NIKE,
725,OK,DASS SEST,7,140194,1269460,85472,ATAC. MR140014 6MM RECICLADO COR 5481/PET,105CM,15872668,783,134944,15866747NBR3283003,26/06/2026,08/09/2026,19,REPROG.,07/09/26,,08/09/2026,,#N/A,1269460,NIKE,
726,OK,DASS SEST,7,140194,1269460,85472,ATAC. MR140014 6MM RECICLADO COR 5481/PET,105CM,15872668,846,134944,15866748NBR3283003,26/06/2026,08/09/2026,19,REPROG.,07/09/26,,08/09/2026,,#N/A,1269460,NIKE,
727,OK,DASS SEST,7,140194,1269460,85472,ATAC. MR140014 6MM RECICLADO COR 5481/PET,105CM,15872668,1142,134944,15866749NBR3283005,26/06/2026,08/09/2026,19,REPROG.,07/09/26,,08/09/2026,,#N/A,1269460,NIKE,
728,OK,DASS SEST,7,140194,1269460,85472,ATAC. MR140014 6MM RECICLADO COR 5481/PET,105CM,15872668,783,134944,15866750NBR3283008,26/06/2026,08/09/2026,19,REPROG.,07/09/26,,08/09/2026,,#N/A,1269460,NIKE,
729,OK,DASS SEST,7,140194,1269460,85472,ATAC. MR140014 6MM RECICLADO COR 5481/PET,105CM,15872668,846,134944,15866751NBR3283008,26/06/2026,08/09/2026,19,REPROG.,07/09/26,,08/09/2026,,#N/A,1269460,NIKE,
730,OK,DASS SEST,7,140194,1269460,85472,ATAC. MR140014 6MM RECICLADO COR 5481/PET,110CM,15872668,18,134944,15866743NBR3283001,26/06/2026,08/09/2026,19,REPROG.,07/09/26,,08/09/2026,,#N/A,1269460,NIKE,
731,OK,DASS SEST,7,140194,1269460,85472,ATAC. MR140014 6MM RECICLADO COR 5481/PET,110CM,15872668,12,134944,15866744NBR3283001,26/06/2026,08/09/2026,19,REPROG.,07/09/26,,08/09/2026,,#N/A,1269460,NIKE,
732,OK,DASS SEST,7,140194,1269460,85472,ATAC. MR140014 6MM RECICLADO COR 5481/PET,110CM,15872668,18,134944,15866745NBR3283002,26/06/2026,08/09/2026,19,REPROG.,07/09/26,,08/09/2026,,#N/A,1269460,NIKE,
733,OK,DASS SEST,7,140194,1269460,85472,ATAC. MR140014 6MM RECICLADO COR 5481/PET,110CM,15872668,12,134944,15866746NBR3283002,26/06/2026,08/09/2026,19,REPROG.,07/09/26,,08/09/2026,,#N/A,1269460,NIKE,
734,OK,DASS SEST,7,140194,1269460,85472,ATAC. MR140014 6MM RECICLADO COR 5481/PET,110CM,15872668,18,134944,15866747NBR3283003,26/06/2026,08/09/2026,19,REPROG.,07/09/26,,08/09/2026,,#N/A,1269460,NIKE,
735,OK,DASS SEST,7,140194,1269460,85472,ATAC. MR140014 6MM RECICLADO COR 5481/PET,110CM,15872668,12,134944,15866748NBR3283003,26/06/2026,08/09/2026,19,REPROG.,07/09/26,,08/09/2026,,#N/A,1269460,NIKE,
736,OK,DASS SEST,7,140194,1269460,85472,ATAC. MR140014 6MM RECICLADO COR 5481/PET,110CM,15872668,30,134944,15866749NBR3283005,26/06/2026,08/09/2026,19,REPROG.,07/09/26,,08/09/2026,,#N/A,1269460,NIKE,
737,OK,DASS SEST,7,140194,1269460,85472,ATAC. MR140014 6MM RECICLADO COR 5481/PET,110CM,15872668,18,134944,15866750NBR3283008,26/06/2026,08/09/2026,19,REPROG.,07/09/26,,08/09/2026,,#N/A,1269460,NIKE,
738,OK,DASS SEST,7,140194,1269460,85472,ATAC. MR140014 6MM RECICLADO COR 5481/PET,110CM,15872668,12,134944,15866751NBR3283008,26/06/2026,08/09/2026,19,REPROG.,07/09/26,,08/09/2026,,#N/A,1269460,NIKE,
873,OK,DASS SEST,7,140289,1454466,95945,ATAC. MR140014 6MM RECICLADO COR 6248/PET,100CM,15874844,204,135011,15866734NBR3283062,30/06/2026,08/09/2026,19,REPROG.,07/09/26,,08/09/2026,,#N/A,1454466,NIKE,
874,OK,DASS SEST,7,140289,1454466,95945,ATAC. MR140014 6MM RECICLADO COR 6248/PET,100CM,15874844,234,135011,15866735NBR3283062,30/06/2026,08/09/2026,19,REPROG.,07/09/26,,08/09/2026,,#N/A,1454466,NIKE,
875,OK,DASS SEST,7,140289,1454466,95945,ATAC. MR140014 6MM RECICLADO COR 6248/PET,100CM,15874844,204,135011,15866736NBR3283072,30/06/2026,08/09/2026,19,REPROG.,07/09/26,,08/09/2026,,#N/A,1454466,NIKE,
876,OK,DASS SEST,7,140289,1454466,95945,ATAC. MR140014 6MM RECICLADO COR 6248/PET,100CM,15874844,240,135011,15866737NBR3283072,30/06/2026,08/09/2026,19,REPROG.,07/09/26,,08/09/2026,,#N/A,1454466,NIKE,
877,OK,DASS SEST,7,140289,1454466,95945,ATAC. MR140014 6MM RECICLADO COR 6248/PET,105CM,15874844,698,135011,15866734NBR3283062,30/06/2026,08/09/2026,19,REPROG.,07/09/26,,08/09/2026,,#N/A,1454466,NIKE,
878,OK,DASS SEST,7,140289,1454466,95945,ATAC. MR140014 6MM RECICLADO COR 6248/PET,105CM,15874844,744,135011,15866735NBR3283062,30/06/2026,08/09/2026,19,REPROG.,07/09/26,,08/09/2026,,#N/A,1454466,NIKE,
879,OK,DASS SEST,7,140289,1454466,95945,ATAC. MR140014 6MM RECICLADO COR 6248/PET,105CM,15874844,710,135011,15866736NBR3283072,30/06/2026,08/09/2026,19,REPROG.,07/09/26,,08/09/2026,,#N/A,1454466,NIKE,
880,OK,DASS SEST,7,140289,1454466,95945,ATAC. MR140014 6MM RECICLADO COR 6248/PET,105CM,15874844,744,135011,15866737NBR3283072,30/06/2026,08/09/2026,19,REPROG.,07/09/26,,08/09/2026,,#N/A,1454466,NIKE,
881,OK,DASS SEST,7,140289,1454466,95945,ATAC. MR140014 6MM RECICLADO COR 6248/PET,110CM,15874844,18,135011,15866734NBR3283062,30/06/2026,08/09/2026,19,REPROG.,07/09/26,,08/09/2026,,#N/A,1454466,NIKE,
882,OK,DASS SEST,7,140289,1454466,95945,ATAC. MR140014 6MM RECICLADO COR 6248/PET,110CM,15874844,18,135011,15866736NBR3283072,30/06/2026,08/09/2026,19,REPROG.,07/09/26,,08/09/2026,,#N/A,1454466,NIKE,
940,OK,DASS SEST,7,140754,1299257,86978,ATAC. MR130027 6MM RECICLADO COR 4085/PET,110CM,15915178,240,135471,15903680NBR3283045,10/07/2026,08/09/2026,19,REPROG.,07/09/26,,08/09/2026,,#N/A,1299257,NIKE,
941,OK,DASS SEST,7,140754,1299257,86978,ATAC. MR130027 6MM RECICLADO COR 4085/PET,110CM,15915178,246,135471,15903681NBR3283045,10/07/2026,08/09/2026,19,REPROG.,07/09/26,,08/09/2026,,#N/A,1299257,NIKE,
942,OK,DASS SEST,7,140754,1299257,86978,ATAC. MR130027 6MM RECICLADO COR 4085/PET,110CM,15915178,240,135471,15903673NBR3283057,10/07/2026,08/09/2026,19,REPROG.,07/09/26,,08/09/2026,,#N/A,1299257,NIKE,
943,OK,DASS SEST,7,140754,1299257,86978,ATAC. MR130027 6MM RECICLADO COR 4085/PET,110CM,15915178,258,135471,15903674NBR3283057,10/07/2026,08/09/2026,19,REPROG.,07/09/26,,08/09/2026,,#N/A,1299257,NIKE,
944,OK,DASS SEST,7,140754,1299257,86978,ATAC. MR130027 6MM RECICLADO COR 4085/PET,115CM,15915178,687,135471,15903680NBR3283045,10/07/2026,08/09/2026,19,REPROG.,07/09/26,,08/09/2026,,#N/A,1299257,NIKE,
945,OK,DASS SEST,7,140754,1299257,86978,ATAC. MR130027 6MM RECICLADO COR 4085/PET,115CM,15915178,690,135471,15903681NBR3283045,10/07/2026,08/09/2026,19,REPROG.,07/09/26,,08/09/2026,,#N/A,1299257,NIKE,
946,OK,DASS SEST,7,140754,1299257,86978,ATAC. MR130027 6MM RECICLADO COR 4085/PET,115CM,15915178,687,135471,15903673NBR3283057,10/07/2026,08/09/2026,19,REPROG.,07/09/26,,08/09/2026,,#N/A,1299257,NIKE,
947,OK,DASS SEST,7,140754,1299257,86978,ATAC. MR130027 6MM RECICLADO COR 4085/PET,115CM,15915178,708,135471,15903674NBR3283057,10/07/2026,08/09/2026,19,REPROG.,07/09/26,,08/09/2026,,#N/A,1299257,NIKE,
948,OK,DASS SEST,7,140754,1299257,86978,ATAC. MR130027 6MM RECICLADO COR 4085/PET,120CM,15915178,108,135471,15903680NBR3283045,10/07/2026,08/09/2026,19,REPROG.,07/09/26,,08/09/2026,,#N/A,1299257,NIKE,
949,OK,DASS SEST,7,140754,1299257,86978,ATAC. MR130027 6MM RECICLADO COR 4085/PET,120CM,15915178,120,135471,15903681NBR3283045,10/07/2026,08/09/2026,19,REPROG.,07/09/26,,08/09/2026,,#N/A,1299257,NIKE,
950,OK,DASS SEST,7,140754,1299257,86978,ATAC. MR130027 6MM RECICLADO COR 4085/PET,120CM,15915178,90,135471,15903673NBR3283057,10/07/2026,08/09/2026,19,REPROG.,07/09/26,,08/09/2026,,#N/A,1299257,NIKE,
951,OK,DASS SEST,7,140754,1299257,86978,ATAC. MR130027 6MM RECICLADO COR 4085/PET,120CM,15915178,84,135471,15903674NBR3283057,10/07/2026,08/09/2026,19,REPROG.,07/09/26,,08/09/2026,,#N/A,1299257,NIKE,
952,OK,DASS SEST,7,140754,1301800,88695,ATAC. MR130027 6MM RECICLADO COR 4662/PET,105CM,15915178,480,135471,15903745NBR3282940,10/07/2026,08/09/2026,19,REPROG.,07/09/26,,08/09/2026,,#N/A,1301800,NIKE,
953,OK,DASS SEST,7,140754,1301800,88695,ATAC. MR130027 6MM RECICLADO COR 4662/PET,110CM,15915178,192,135471,15903721NBR3282870,10/07/2026,08/09/2026,19,REPROG.,07/09/26,,08/09/2026,,#N/A,1301800,NIKE,
954,OK,DASS SEST,7,140754,1301800,88695,ATAC. MR130027 6MM RECICLADO COR 4662/PET,110CM,15915178,192,135471,15903722NBR3282870,10/07/2026,08/09/2026,19,REPROG.,07/09/26,,08/09/2026,,#N/A,1301800,NIKE,
955,OK,DASS SEST,7,140754,1301800,88695,ATAC. MR130027 6MM RECICLADO COR 4662/PET,110CM,15915178,515,135471,15903745NBR3282940,10/07/2026,08/09/2026,19,REPROG.,07/09/26,,08/09/2026,,#N/A,1301800,NIKE,
956,OK,DASS SEST,7,140754,1301800,88695,ATAC. MR130027 6MM RECICLADO COR 4662/PET,115CM,15915178,518,135471,15903721NBR3282870,10/07/2026,08/09/2026,19,REPROG.,07/09/26,,08/09/2026,,#N/A,1301800,NIKE,
957,OK,DASS SEST,7,140754,1301800,88695,ATAC. MR130027 6MM RECICLADO COR 4662/PET,115CM,15915178,546,135471,15903722NBR3282870,10/07/2026,08/09/2026,19,REPROG.,07/09/26,,08/09/2026,,#N/A,1301800,NIKE,
958,OK,DASS SEST,7,140754,1301800,88695,ATAC. MR130027 6MM RECICLADO COR 4662/PET,115CM,15915178,6,135471,15903745NBR3282940,10/07/2026,08/09/2026,19,REPROG.,07/09/26,,08/09/2026,,#N/A,1301800,NIKE,
959,OK,DASS SEST,7,140754,1301800,88695,ATAC. MR130027 6MM RECICLADO COR 4662/PET,120CM,15915178,66,135471,15903721NBR3282870,10/07/2026,08/09/2026,19,REPROG.,07/09/26,,08/09/2026,,#N/A,1301800,NIKE,
960,OK,DASS SEST,7,140754,1301800,88695,ATAC. MR130027 6MM RECICLADO COR 4662/PET,120CM,15915178,72,135471,15903722NBR3282870,10/07/2026,08/09/2026,19,REPROG.,07/09/26,,08/09/2026,,#N/A,1301800,NIKE,
1160,OK,DASS SEST,7,140948,1027849,92568,ATAC. MR110012 8MM RECICLADO COR 4085/PET,110CM,15944084,504,135635,15941787NBR3283299,17/07/2026,08/09/2026,19,REPROG.,07/09/26,,08/09/2026,,#N/A,1027849,NIKE,
1161,OK,DASS SEST,7,140948,1027849,92568,ATAC. MR110012 8MM RECICLADO COR 4085/PET,110CM,15944084,510,135635,15941788NBR3283300,17/07/2026,08/09/2026,19,REPROG.,07/09/26,,08/09/2026,,#N/A,1027849,NIKE,
1162,OK,DASS SEST,7,140948,1027849,92568,ATAC. MR110012 8MM RECICLADO COR 4085/PET,115CM,15944084,674,135635,15941787NBR3283299,17/07/2026,08/09/2026,19,REPROG.,07/09/26,,08/09/2026,,#N/A,1027849,NIKE,
1163,OK,DASS SEST,7,140948,1027849,92568,ATAC. MR110012 8MM RECICLADO COR 4085/PET,115CM,15944084,674,135635,15941788NBR3283300,17/07/2026,08/09/2026,19,REPROG.,07/09/26,,08/09/2026,,#N/A,1027849,NIKE,
1270,OK,DASS SEST,7,141418,1332602,88808,ATAC. M12176 5MM POLIESTER COR 4085,105CM,16002669,228,136058,16001143NBR3283387,31/07/2026,08/09/2026,19,REPROG.,07/09/26,,08/09/2026,,#N/A,1332602,NIKE,NORMAL
1271,OK,DASS SEST,7,141418,1332602,88808,ATAC. M12176 5MM POLIESTER COR 4085,105CM,16002669,270,136058,16001144NBR3283387,31/07/2026,08/09/2026,19,REPROG.,07/09/26,,08/09/2026,,#N/A,1332602,NIKE,NORMAL
1272,OK,DASS SEST,7,141418,1332602,88808,ATAC. M12176 5MM POLIESTER COR 4085,110CM,16002669,536,136058,16001143NBR3283387,31/07/2026,08/09/2026,19,REPROG.,07/09/26,,08/09/2026,,#N/A,1332602,NIKE,NORMAL
1273,OK,DASS SEST,7,141418,1332602,88808,ATAC. M12176 5MM POLIESTER COR 4085,110CM,16002669,546,136058,16001144NBR3283387,31/07/2026,08/09/2026,19,REPROG.,07/09/26,,08/09/2026,,#N/A,1332602,NIKE,NORMAL
1274,OK,DASS SEST,7,141418,1332602,88808,ATAC. M12176 5MM POLIESTER COR 4085,115CM,16002669,144,136058,16001143NBR3283387,31/07/2026,08/09/2026,19,REPROG.,07/09/26,,08/09/2026,,#N/A,1332602,NIKE,NORMAL
1275,OK,DASS SEST,7,141418,1332602,88808,ATAC. M12176 5MM POLIESTER COR 4085,115CM,16002669,180,136058,16001144NBR3283387,31/07/2026,08/09/2026,19,REPROG.,07/09/26,,08/09/2026,,#N/A,1332602,NIKE,NORMAL
1276,OK,DASS SEST,7,141418,1070873,76555,ATAC. MR130011 5MM RECICLADO COR 4085,105CM,16002669,198,136058,16001159NBR3283394,31/07/2026,08/09/2026,19,REPROG.,07/09/26,,08/09/2026,,#N/A,1070873,NIKE,NORMAL
1277,OK,DASS SEST,7,141418,1070873,76555,ATAC. MR130011 5MM RECICLADO COR 4085,105CM,16002669,210,136058,16001160NBR3283394,31/07/2026,08/09/2026,19,REPROG.,07/09/26,,08/09/2026,,#N/A,1070873,NIKE,NORMAL
1278,OK,DASS SEST,7,141418,1070873,76555,ATAC. MR130011 5MM RECICLADO COR 4085,110CM,16002669,530,136058,16001159NBR3283394,31/07/2026,08/09/2026,19,REPROG.,07/09/26,,08/09/2026,,#N/A,1070873,NIKE,NORMAL
1279,OK,DASS SEST,7,141418,1070873,76555,ATAC. MR130011 5MM RECICLADO COR 4085,110CM,16002669,528,136058,16001160NBR3283394,31/07/2026,08/09/2026,19,REPROG.,07/09/26,,08/09/2026,,#N/A,1070873,NIKE,NORMAL
1280,OK,DASS SEST,7,141418,1070873,76555,ATAC. MR130011 5MM RECICLADO COR 4085,115CM,16002669,156,136058,16001159NBR3283394,31/07/2026,08/09/2026,19,REPROG.,07/09/26,,08/09/2026,,#N/A,1070873,NIKE,NORMAL
1281,OK,DASS SEST,7,141418,1070873,76555,ATAC. MR130011 5MM RECICLADO COR 4085,115CM,16002669,156,136058,16001160NBR3283394,31/07/2026,08/09/2026,19,REPROG.,07/09/26,,08/09/2026,,#N/A,1070873,NIKE,NORMAL
1282,OK,DASS SEST,7,141418,1065806,93661,ATAC. MR110029 RECICLADO COR 4662/PET,130CM,16002669,468,136058,16001121NBR3283375,31/07/2026,08/09/2026,19,REPROG.,07/09/26,,08/09/2026,,#N/A,1065806,NIKE,NORMAL
1283,OK,DASS SEST,7,141418,1065806,93661,ATAC. MR110029 RECICLADO COR 4662/PET,130CM,16002669,498,136058,16001122NBR3283375,31/07/2026,08/09/2026,19,REPROG.,07/09/26,,08/09/2026,,#N/A,1065806,NIKE,NORMAL
1284,OK,DASS SEST,7,141418,1065806,93661,ATAC. MR110029 RECICLADO COR 4662/PET,130CM,16002669,468,136058,16001123NBR3283376,31/07/2026,08/09/2026,19,REPROG.,07/09/26,,08/09/2026,,#N/A,1065806,NIKE,NORMAL
1285,OK,DASS SEST,7,141418,1065806,93661,ATAC. MR110029 RECICLADO COR 4662/PET,130CM,16002669,486,136058,16001124NBR3283376,31/07/2026,08/09/2026,19,REPROG.,07/09/2026,,08/09/2026,,#N/A,1065806,NIKE,NORMAL
1286,OK,DASS SEST,7,141418,1065806,93661,ATAC. MR110029 RECICLADO COR 4662/PET,130CM,16002669,468,136058,16001127NBR3283378,31/07/2026,08/09/2026,19,REPROG.,07/09/2026,,08/09/2026,,#N/A,1065806,NIKE,NORMAL
1287,OK,DASS SEST,7,141418,1065806,93661,ATAC. MR110029 RECICLADO COR 4662/PET,130CM,16002669,486,136058,16001128NBR3283378,31/07/2026,08/09/2026,19,REPROG.,07/09/2026,,08/09/2026,,#N/A,1065806,NIKE,NORMAL
1288,OK,DASS SEST,7,141418,1065806,93661,ATAC. MR110029 RECICLADO COR 4662/PET,135CM,16002669,470,136058,16001121NBR3283375,31/07/2026,08/09/2026,19,REPROG.,07/09/2026,,08/09/2026,,#N/A,1065806,NIKE,NORMAL
1289,OK,DASS SEST,7,141418,1065806,93661,ATAC. MR110029 RECICLADO COR 4662/PET,135CM,16002669,486,136058,16001122NBR3283375,31/07/2026,08/09/2026,19,REPROG.,07/09/2026,,08/09/2026,,#N/A,1065806,NIKE,NORMAL
1290,OK,DASS SEST,7,141418,1065806,93661,ATAC. MR110029 RECICLADO COR 4662/PET,135CM,16002669,470,136058,16001123NBR3283376,31/07/2026,08/09/2026,19,REPROG.,07/09/2026,,08/09/2026,,#N/A,1065806,NIKE,NORMAL
1291,OK,DASS SEST,7,141418,1065806,93661,ATAC. MR110029 RECICLADO COR 4662/PET,135CM,16002669,468,136058,16001124NBR3283376,31/07/2026,08/09/2026,19,REPROG.,07/09/2026,,08/09/2026,,#N/A,1065806,NIKE,NORMAL
1292,OK,DASS SEST,7,141418,1065806,93661,ATAC. MR110029 RECICLADO COR 4662/PET,135CM,16002669,470,136058,16001127NBR3283378,31/07/2026,08/09/2026,19,REPROG.,07/09/2026,,08/09/2026,,#N/A,1065806,NIKE,NORMAL
1293,OK,DASS SEST,7,141418,1065806,93661,ATAC. MR110029 RECICLADO COR 4662/PET,135CM,16002669,468,136058,16001128NBR3283378,31/07/2026,08/09/2026,19,REPROG.,07/09/2026,,08/09/2026,,#N/A,1065806,NIKE,NORMAL
1665,OK,DASS ITABERABA,70,141507,1179318,75593,ATAC. M13725 6MM POLIESTER COR 057,90CM,16003658,300,136144,15996392BRITB00554,03/08/2026,08/09/2026,19,REPROG.,07/09/2026,,08/09/2026,,#N/A,1179318,FILA,NORMAL
1666,OK,DASS ITABERABA,70,141507,1179318,75593,ATAC. M13725 6MM POLIESTER COR 057,90CM,16003658,312,136144,15996393BRITB00554,03/08/2026,08/09/2026,19,REPROG.,07/09/2026,,08/09/2026,,#N/A,1179318,FILA,NORMAL
1667,OK,DASS ITABERABA,70,141507,1179318,75593,ATAC. M13725 6MM POLIESTER COR 057,100CM,16003658,384,136144,15996371BRITB00553,03/08/2026,08/09/2026,19,REPROG.,07/09/2026,,08/09/2026,,#N/A,1179318,FILA,NORMAL
1668,OK,DASS ITABERABA,70,141507,1179318,75593,ATAC. M13725 6MM POLIESTER COR 057,100CM,16003658,408,136144,15996372BRITB00553,03/08/2026,08/09/2026,19,REPROG.,07/09/2026,,08/09/2026,,#N/A,1179318,FILA,NORMAL
1669,OK,DASS ITABERABA,70,141507,1179318,75593,ATAC. M13725 6MM POLIESTER COR 057,100CM,16003658,408,136144,15996392BRITB00554,03/08/2026,08/09/2026,19,REPROG.,07/09/2026,,08/09/2026,,#N/A,1179318,FILA,NORMAL
1670,OK,DASS ITABERABA,70,141507,1179318,75593,ATAC. M13725 6MM POLIESTER COR 057,100CM,16003658,420,136144,15996393BRITB00554,03/08/2026,08/09/2026,19,REPROG.,07/09/26,,08/09/2026,,#N/A,1179318,FILA,NORMAL
1671,OK,DASS ITABERABA,70,141507,1179318,75593,ATAC. M13725 6MM POLIESTER COR 057,110CM,16003658,480,136144,15996371BRITB00553,03/08/2026,08/09/2026,19,REPROG.,07/09/26,,08/09/2026,,#N/A,1179318,FILA,NORMAL
1672,OK,DASS ITABERABA,70,141507,1179318,75593,ATAC. M13725 6MM POLIESTER COR 057,110CM,16003658,480,136144,15996372BRITB00553,03/08/2026,08/09/2026,19,REPROG.,07/09/26,,08/09/2026,,#N/A,1179318,FILA,NORMAL
1675,OK,DASS ITABERABA,70,141507,1175396,75595,ATAC. M13725 6MM POLIESTER COR 100,100CM,16003658,540,136144,15996378BRITB00553,03/08/2026,08/09/2026,19,REPROG.,07/09/26,,08/09/2026,,#N/A,1175396,FILA,NORMAL
1676,OK,DASS ITABERABA,70,141507,1175396,75595,ATAC. M13725 6MM POLIESTER COR 100,110CM,16003658,516,136144,15996370BRITB00552,03/08/2026,08/09/2026,19,REPROG.,07/09/26,,08/09/2026,,#N/A,1175396,FILA,NORMAL
1680,OK,DASS ITABERABA,70,141507,1314384,75662,ATAC. M13725 6MM POLIESTER COR 114,90CM,16003658,252,136144,15996377BRITB00553,03/08/2026,08/09/2026,19,REPROG.,07/09/26,,08/09/2026,,#N/A,1314384,FILA,NORMAL
1681,OK,DASS ITABERABA,70,141507,1314384,75662,ATAC. M13725 6MM POLIESTER COR 114,100CM,16003658,444,136144,15996373BRITB00553,03/08/2026,08/09/2026,19,REPROG.,07/09/26,,08/09/2026,,#N/A,1314384,FILA,NORMAL
1682,OK,DASS ITABERABA,70,141507,1314384,75662,ATAC. M13725 6MM POLIESTER COR 114,100CM,16003658,468,136144,15996374BRITB00553,03/08/2026,08/09/2026,19,REPROG.,07/09/2026,,08/09/2026,,#N/A,1314384,FILA,NORMAL
1683,OK,DASS ITABERABA,70,141507,1314384,75662,ATAC. M13725 6MM POLIESTER COR 114,100CM,16003658,372,136144,15996375BRITB00553,03/08/2026,08/09/2026,19,REPROG.,07/09/2026,,08/09/2026,,#N/A,1314384,FILA,NORMAL
1684,OK,DASS ITABERABA,70,141507,1314384,75662,ATAC. M13725 6MM POLIESTER COR 114,100CM,16003658,396,136144,15996377BRITB00553,03/08/2026,08/09/2026,19,REPROG.,07/09/2026,,08/09/2026,,#N/A,1314384,FILA,NORMAL
1685,OK,DASS ITABERABA,70,141507,816378,76524,ATAC. M13725 6MM POLIESTER COR 263,100CM,16003658,420,136144,15996388BRITB00553,03/08/2026,08/09/2026,19,,07/09/2026,,08/09/2026,,#N/A,816378,FILA,NORMAL
1693,OK,DASS ITABERABA,70,141507,1285852,87505,ELAST. M21180 2.5MM POLIESTER COR 100 / COR 263,80CM,16003658,336,136144,15996402BRITB00546,03/08/2026,08/09/2026,19,REPROG.,07/09/2026,,08/09/2026,,#N/A,1285852,FILA,NORMAL
1694,OK,DASS ITABERABA,70,141507,1285852,87505,ELAST. M21180 2.5MM POLIESTER COR 100 / COR 263,80CM,16003658,360,136144,15996403BRITB00546,03/08/2026,08/09/2026,19,REPROG.,07/09/2026,,08/09/2026,,#N/A,1285852,FILA,NORMAL
1695,OK,DASS ITABERABA,70,141507,1285852,87505,ELAST. M21180 2.5MM POLIESTER COR 100 / COR 263,80CM,16003658,360,136144,15996422BRITB00546,03/08/2026,08/09/2026,19,REPROG.,07/09/2026,,08/09/2026,,#N/A,1285852,FILA,NORMAL
1696,OK,DASS ITABERABA,70,141507,1285852,87505,ELAST. M21180 2.5MM POLIESTER COR 100 / COR 263,85CM,16003658,216,136144,15996402BRITB00546,03/08/2026,08/09/2026,19,REPROG.,07/09/2026,,08/09/2026,,#N/A,1285852,FILA,NORMAL
1697,OK,DASS ITABERABA,70,141507,1285852,87505,ELAST. M21180 2.5MM POLIESTER COR 100 / COR 263,85CM,16003658,312,136144,15996403BRITB00546,03/08/2026,08/09/2026,19,REPROG.,07/09/2026,,08/09/2026,,#N/A,1285852,FILA,NORMAL
1698,OK,DASS ITABERABA,70,141507,1285852,87505,ELAST. M21180 2.5MM POLIESTER COR 100 / COR 263,85CM,16003658,216,136144,15996422BRITB00546,03/08/2026,08/09/2026,19,REPROG.,07/09/2026,,08/09/2026,,#N/A,1285852,FILA,NORMAL
1699,OK,DASS ITABERABA,70,141507,1410950,93531,ELAST. M21180 POLIESTER COR 5508 / COR 100,75CM,16003658,252,136144,15996404BRITB00550,03/08/2026,08/09/2026,19,REPROG.,07/09/2026,,08/09/2026,,#N/A,1410950,FILA,NORMAL
1700,OK,DASS ITABERABA,70,141507,1410950,93531,ELAST. M21180 POLIESTER COR 5508 / COR 100,80CM,16003658,408,136144,15996401BRITB00546,03/08/2026,08/09/2026,19,REPROG.,07/09/2026,,08/09/2026,,#N/A,1410950,FILA,NORMAL
1701,OK,DASS ITABERABA,70,141507,1410950,93531,ELAST. M21180 POLIESTER COR 5508 / COR 100,80CM,16003658,372,136144,15996404BRITB00550,03/08/2026,08/09/2026,19,REPROG.,07/09/2026,,08/09/2026,,#N/A,1410950,FILA,NORMAL
1702,OK,DASS ITABERABA,70,141507,1410950,93531,ELAST. M21180 POLIESTER COR 5508 / COR 100,85CM,16003658,264,136144,15996401BRITB00546,03/08/2026,08/09/2026,19,REPROG.,07/09/2026,,08/09/2026,,#N/A,1410950,FILA,NORMAL
1703,OK,DASS ITABERABA,70,141507,1410962,93533,ELAST. M21180 POLIESTER COR 599 / COR 100,75CM,16003658,276,136144,15996405BRITB00550,03/08/2026,08/09/2026,19,REPROG.,07/09/2026,,08/09/2026,,#N/A,1410962,FILA,NORMAL
1704,OK,DASS ITABERABA,70,141507,1410962,93533,ELAST. M21180 POLIESTER COR 599 / COR 100,80CM,16003658,372,136144,15996405BRITB00550,03/08/2026,08/09/2026,19,REPROG.,07/09/2026,,08/09/2026,,#N/A,1410962,FILA,NORMAL
1775,OK,DASS ITABERABA,70,141514,1401825,95385,FITA M31119 C/ GOMA POLIESTER COR 814 / COR 5508 / COR 5508,16MM,16003228,100,136151,0,03/08/2026,08/09/2026,19,REPROG.,07/09/2026,,08/09/2026,,#N/A,1401825,FILA,NORMAL
1780,OK,DASS ITABERABA,70,141518,1331660,90560,ATAC. M6034 8MM ALPINA COR 2383,115CM,16007563,252,136153,15996425FIL001546,03/08/2026,08/09/2026,19,REPROG.,07/09/26,,08/09/2026,,#N/A,1331660,FILA,NORMAL
1781,OK,DASS ITABERABA,70,141518,1331660,90560,ATAC. M6034 8MM ALPINA COR 2383,125CM,16007563,432,136153,15996424FIL001540,03/08/2026,08/09/2026,19,REPROG.,07/09/26,,08/09/2026,,#N/A,1331660,FILA,NORMAL
1782,OK,DASS ITABERABA,70,141518,1331660,90560,ATAC. M6034 8MM ALPINA COR 2383,125CM,16007563,276,136153,15996425FIL001546,03/08/2026,08/09/2026,19,REPROG.,07/09/26,,08/09/2026,,#N/A,1331660,FILA,NORMAL
1783,OK,DASS ITABERABA,70,141518,1331660,90560,ATAC. M6034 8MM ALPINA COR 2383,135CM,16007563,216,136153,15996424FIL001540,03/08/2026,08/09/2026,19,REPROG.,07/09/26,,08/09/2026,,#N/A,1331660,FILA,NORMAL
1784,OK,DASS ITABERABA,70,141518,1421377,96312,ATAC. M6034C 8MM ALPINA COR 2466,115CM,16007563,252,136153,15996400FIL001543,03/08/2026,08/09/2026,19,REPROG.,07/09/26,,08/09/2026,,#N/A,1421377,FILA,NORMAL
1785,OK,DASS ITABERABA,70,141518,1421377,96312,ATAC. M6034C 8MM ALPINA COR 2466,125CM,16007563,288,136153,15996399FIL001537,03/08/2026,08/09/2026,19,REPROG.,07/09/26,,08/09/2026,,#N/A,1421377,FILA,NORMAL
1786,OK,DASS ITABERABA,70,141518,1421377,96312,ATAC. M6034C 8MM ALPINA COR 2466,125CM,16007563,288,136153,15996400FIL001543,03/08/2026,08/09/2026,19,REPROG.,07/09/26,,08/09/2026,,#N/A,1421377,FILA,NORMAL
1787,OK,DASS ITABERABA,70,141518,1421377,96312,ATAC. M6034C 8MM ALPINA COR 2466,135CM,16007563,216,136153,15996399FIL001537,03/08/2026,08/09/2026,19,REPROG.,07/09/26,,08/09/2026,,#N/A,1421377,FILA,NORMAL
1814,OK,DASS ITABERABA,70,141607,1294761,87944,FITA M31119 C/ GOMA POLIESTER COR 102/ COR 100/ COR 678,16MM,16015174,150,136240,0,05/08/2026,08/09/2026,19,,07/09/26,,08/09/2026,,#N/A,1294761,FILA,NORMAL
1959,OK,DASS SANTO ANTONIO,1526,141335,1260166,73756,ATAC. M10110 5MM POLIESTER COR 100 / COR 263,115CM,15985976,660,135986,15984465BRSA001904,30/07/2026,08/09/2026,19,REPROG.,07/09/26,,08/09/2026,,#N/A,1260166,FILA,NORMAL
1960,OK,DASS SANTO ANTONIO,1526,141335,1260166,73756,ATAC. M10110 5MM POLIESTER COR 100 / COR 263,115CM,15985976,576,135986,15984466BRSA001905,30/07/2026,08/09/2026,19,REPROG.,07/09/26,,08/09/2026,,#N/A,1260166,FILA,NORMAL
1964,OK,DASS SANTO ANTONIO,1526,141335,1260166,73756,ATAC. M10110 5MM POLIESTER COR 100 / COR 263,125CM,15985976,264,135986,15984469BRSA001905,30/07/2026,08/09/2026,19,REPROG.,07/09/26,,08/09/2026,,#N/A,1260166,FILA,NORMAL
1965,OK,DASS SANTO ANTONIO,1526,141335,1294817,87843,ATAC. M10110 5MM POLIESTER COR 599 / COR 114,115CM,15985976,468,135986,15984470BRSA001906,30/07/2026,08/09/2026,19,REPROG.,07/09/26,,08/09/2026,,#N/A,1294817,FILA,NORMAL
1966,OK,DASS SANTO ANTONIO,1526,141335,1294817,87843,ATAC. M10110 5MM POLIESTER COR 599 / COR 114,125CM,15985976,192,135986,15984470BRSA001906,30/07/2026,08/09/2026,19,REPROG.,07/09/26,,08/09/2026,,#N/A,1294817,FILA,NORMAL
1967,OK,DASS SANTO ANTONIO,1526,141335,1404590,95031,ATAC. M10110 5MM POLIESTER COR 5497 / COR 102,105CM,15985976,288,135986,15984497BRSA001916,30/07/2026,08/09/2026,19,REPROG.,07/09/26,,08/09/2026,,#N/A,1404590,FILA,NORMAL
1968,OK,DASS SANTO ANTONIO,1526,141335,1404590,95031,ATAC. M10110 5MM POLIESTER COR 5497 / COR 102,115CM,15985976,360,135986,15984497BRSA001916,30/07/2026,08/09/2026,19,REPROG.,07/09/26,,08/09/2026,,#N/A,1404590,FILA,NORMAL
1969,OK,DASS SANTO ANTONIO,1526,141335,1404592,95032,ATAC. M10110 5MM POLIESTER COR 5094 / COR 102,115CM,15985976,432,135986,15984474BRSA001908,30/07/2026,08/09/2026,19,REPROG.,07/09/26,,08/09/2026,,#N/A,1404592,FILA,NORMAL
1970,OK,DASS SANTO ANTONIO,1526,141335,1404592,95032,ATAC. M10110 5MM POLIESTER COR 5094 / COR 102,125CM,15985976,216,135986,15984474BRSA001908,30/07/2026,08/09/2026,19,REPROG.,07/09/26,,08/09/2026,,#N/A,1404592,FILA,NORMAL
1971,OK,DASS SANTO ANTONIO,1526,141335,1404591,95039,ATAC. M10110 5MM POLIESTER COR 102 / COR 6038,105CM,15985976,528,135986,15984479BRSA001911,30/07/2026,08/09/2026,19,REPROG.,07/09/26,,08/09/2026,,#N/A,1404591,FILA,NORMAL
1972,OK,DASS SANTO ANTONIO,1526,141335,1404591,95039,ATAC. M10110 5MM POLIESTER COR 102 / COR 6038,105CM,15985976,372,135986,15984480BRSA001912,30/07/2026,08/09/2026,19,REPROG.,07/09/26,,08/09/2026,,#N/A,1404591,FILA,NORMAL
1973,OK,DASS SANTO ANTONIO,1526,141335,1404591,95039,ATAC. M10110 5MM POLIESTER COR 102 / COR 6038,115CM,15985976,588,135986,15984479BRSA001911,30/07/2026,08/09/2026,19,REPROG.,07/09/26,,08/09/2026,,#N/A,1404591,FILA,NORMAL
1974,OK,DASS SANTO ANTONIO,1526,141335,1404591,95039,ATAC. M10110 5MM POLIESTER COR 102 / COR 6038,115CM,15985976,540,135986,15984480BRSA001912,30/07/2026,08/09/2026,19,REPROG.,07/09/26,,08/09/2026,,#N/A,1404591,FILA,NORMAL
1975,OK,DASS SANTO ANTONIO,1526,141335,1404580,95043,ATAC. M10110 5MM POLIESTER COR 057 / COR 102,115CM,15985976,396,135986,15984472BRSA001907,30/07/2026,08/09/2026,19,REPROG.,07/09/26,,08/09/2026,,#N/A,1404580,FILA,NORMAL
1976,OK,DASS SANTO ANTONIO,1526,141335,1404580,95043,ATAC. M10110 5MM POLIESTER COR 057 / COR 102,125CM,15985976,156,135986,15984472BRSA001907,30/07/2026,08/09/2026,19,REPROG.,07/09/26,,08/09/2026,,#N/A,1404580,FILA,NORMAL
1977,OK,DASS SANTO ANTONIO,1526,141335,1418186,95199,ATAC. M10110 5MM POLIESTER COR 5508 / COR 114,105CM,15985976,396,135986,15984494BRSA001913,30/07/2026,08/09/2026,19,REPROG.,07/09/26,,08/09/2026,,#N/A,1418186,FILA,NORMAL
1978,OK,DASS SANTO ANTONIO,1526,141335,1418186,95199,ATAC. M10110 5MM POLIESTER COR 5508 / COR 114,115CM,15985976,444,135986,15984494BRSA001913,30/07/2026,08/09/2026,19,REPROG.,07/09/26,,08/09/2026,,#N/A,1418186,FILA,NORMAL
2015,OK,DASS SANTO ANTONIO,1526,141335,1260166,73756,ATAC. M10110 5MM POLIESTER COR 100 / COR 263,115CM,15985976,660,135986,15984465BRSA001904,30/07/2026,08/09/2026,19,REPROG.,09/07/26,,08/09/2026,,#N/A,1260166,FILA,NORMAL
2016,OK,DASS SANTO ANTONIO,1526,141335,1260166,73756,ATAC. M10110 5MM POLIESTER COR 100 / COR 263,115CM,15985976,576,135986,15984466BRSA001905,30/07/2026,08/09/2026,19,REPROG.,09/07/2026,,08/09/2026,,#N/A,1260166,FILA,NORMAL
2017,OK,DASS SANTO ANTONIO,1526,141335,1260166,73756,ATAC. M10110 5MM POLIESTER COR 100 / COR 263,115CM,15985976,600,135986,15984469BRSA001905,30/07/2026,08/09/2026,19,REPROG.,09/07/2026,,08/09/2026,,#N/A,1260166,FILA,NORMAL
2018,OK,DASS SANTO ANTONIO,1526,141335,1260166,73756,ATAC. M10110 5MM POLIESTER COR 100 / COR 263,125CM,15985976,396,135986,15984465BRSA001904,30/07/2026,08/09/2026,19,REPROG.,09/07/2026,,08/09/2026,,#N/A,1260166,FILA,NORMAL
2019,OK,DASS SANTO ANTONIO,1526,141335,1260166,73756,ATAC. M10110 5MM POLIESTER COR 100 / COR 263,125CM,15985976,252,135986,15984466BRSA001905,30/07/2026,08/09/2026,19,REPROG.,09/07/2026,,08/09/2026,,#N/A,1260166,FILA,NORMAL
2020,OK,DASS SANTO ANTONIO,1526,141335,1260166,73756,ATAC. M10110 5MM POLIESTER COR 100 / COR 263,125CM,15985976,264,135986,15984469BRSA001905,30/07/2026,08/09/2026,19,REPROG.,09/07/2026,,08/09/2026,,#N/A,1260166,FILA,NORMAL
2021,OK,DASS SANTO ANTONIO,1526,141335,1294817,87843,ATAC. M10110 5MM POLIESTER COR 599 / COR 114,115CM,15985976,468,135986,15984470BRSA001906,30/07/2026,08/09/2026,19,REPROG.,09/07/2026,,08/09/2026,,#N/A,1294817,FILA,NORMAL
2022,OK,DASS SANTO ANTONIO,1526,141335,1294817,87843,ATAC. M10110 5MM POLIESTER COR 599 / COR 114,125CM,15985976,192,135986,15984470BRSA001906,30/07/2026,08/09/2026,19,REPROG.,09/07/2026,,08/09/2026,,#N/A,1294817,FILA,NORMAL
2023,OK,DASS SANTO ANTONIO,1526,141335,1404590,95031,ATAC. M10110 5MM POLIESTER COR 5497 / COR 102,105CM,15985976,288,135986,15984497BRSA001916,30/07/2026,08/09/2026,19,REPROG.,09/07/2026,,08/09/2026,,#N/A,1404590,FILA,NORMAL
2024,OK,DASS SANTO ANTONIO,1526,141335,1404590,95031,ATAC. M10110 5MM POLIESTER COR 5497 / COR 102,115CM,15985976,360,135986,15984497BRSA001916,30/07/2026,08/09/2026,19,REPROG.,09/07/2026,,08/09/2026,,#N/A,1404590,FILA,NORMAL
2025,OK,DASS SANTO ANTONIO,1526,141335,1404592,95032,ATAC. M10110 5MM POLIESTER COR 5094 / COR 102,115CM,15985976,432,135986,15984474BRSA001908,30/07/2026,08/09/2026,19,REPROG.,09/07/2026,,08/09/2026,,#N/A,1404592,FILA,NORMAL
2026,OK,DASS SANTO ANTONIO,1526,141335,1404592,95032,ATAC. M10110 5MM POLIESTER COR 5094 / COR 102,125CM,15985976,216,135986,15984474BRSA001908,30/07/2026,08/09/2026,19,REPROG.,09/07/2026,,08/09/2026,,#N/A,1404592,FILA,NORMAL
2027,OK,DASS SANTO ANTONIO,1526,141335,1404591,95039,ATAC. M10110 5MM POLIESTER COR 102 / COR 6038,105CM,15985976,528,135986,15984479BRSA001911,30/07/2026,08/09/2026,19,REPROG.,09/07/2026,,08/09/2026,,#N/A,1404591,FILA,NORMAL
2028,OK,DASS SANTO ANTONIO,1526,141335,1404591,95039,ATAC. M10110 5MM POLIESTER COR 102 / COR 6038,105CM,15985976,372,135986,15984480BRSA001912,30/07/2026,08/09/2026,19,REPROG.,09/07/2026,,08/09/2026,,#N/A,1404591,FILA,NORMAL
2029,OK,DASS SANTO ANTONIO,1526,141335,1404591,95039,ATAC. M10110 5MM POLIESTER COR 102 / COR 6038,115CM,15985976,588,135986,15984479BRSA001911,30/07/2026,08/09/2026,19,REPROG.,09/07/2026,,08/09/2026,,#N/A,1404591,FILA,NORMAL
2030,OK,DASS SANTO ANTONIO,1526,141335,1404591,95039,ATAC. M10110 5MM POLIESTER COR 102 / COR 6038,115CM,15985976,540,135986,15984480BRSA001912,30/07/2026,08/09/2026,19,REPROG.,09/07/2026,,08/09/2026,,#N/A,1404591,FILA,NORMAL
2031,OK,DASS SANTO ANTONIO,1526,141335,1404580,95043,ATAC. M10110 5MM POLIESTER COR 057 / COR 102,115CM,15985976,396,135986,15984472BRSA001907,30/07/2026,08/09/2026,19,REPROG.,09/07/2026,,08/09/2026,,#N/A,1404580,FILA,NORMAL
2032,OK,DASS SANTO ANTONIO,1526,141335,1404580,95043,ATAC. M10110 5MM POLIESTER COR 057 / COR 102,125CM,15985976,156,135986,15984472BRSA001907,30/07/2026,08/09/2026,19,REPROG.,09/07/2026,,08/09/2026,,#N/A,1404580,FILA,NORMAL
2033,OK,DASS SANTO ANTONIO,1526,141335,1418186,95199,ATAC. M10110 5MM POLIESTER COR 5508 / COR 114,105CM,15985976,396,135986,15984494BRSA001913,30/07/2026,08/09/2026,19,REPROG.,09/07/2026,,08/09/2026,,#N/A,1418186,FILA,NORMAL
2034,OK,DASS SANTO ANTONIO,1526,141335,1418186,95199,ATAC. M10110 5MM POLIESTER COR 5508 / COR 114,115CM,15985976,444,135986,15984494BRSA001913,30/07/2026,08/09/2026,19,REPROG.,09/07/2026,,08/09/2026,,#N/A,1418186,FILA,NORMAL
1646,OK,DASS ITABERABA,70,141197,1425019,74014,FITA MFGP C/ GOMA POLIESTER COR 4085,15MM,15971278,200,135872,0,24/07/2026,09/09/2026,20,,09/09/2026,,,,#N/A,1425019,ASICS,NORMAL
1647,OK,DASS ITABERABA,70,141198,1229330,84206,ATAC. M18006 POLIESTER COR 4085,120CM,15971280,506,135873,15966165ASB0052991,24/07/2026,09/09/2026,20,,09/09/2026,,,,#N/A,1229330,ASICS,NORMAL
1648,OK,DASS ITABERABA,70,141198,1229330,84206,ATAC. M18006 POLIESTER COR 4085,130CM,15971280,424,135873,15966165ASB0052991,24/07/2026,09/09/2026,20,,09/09/2026,,,,#N/A,1229330,ASICS,NORMAL
1873,OK,DASS VITORIA,391,140949,827533,95643,ATAC. M13801 POLIESTER COR 100,110CM,15939351,468,135636,15936842BRI010400-,17/07/2026,09/09/2026,20,,09/09/2026,,,,#N/A,827533,UMBRO,CONTA E ORDEM VITÓRIA X ITABERABA
1874,OK,DASS VITORIA,391,140949,827533,95643,ATAC. M13801 POLIESTER COR 100,110CM,15939351,468,135636,15936845BRI010400-,17/07/2026,09/09/2026,20,,09/09/26,,,,#N/A,827533,UMBRO,CONTA E ORDEM VITÓRIA X ITABERABA
1875,OK,DASS VITORIA,391,140949,827533,95643,ATAC. M13801 POLIESTER COR 100,110CM,15939351,348,135636,15936846BRI010401-,17/07/2026,09/09/2026,20,,09/09/26,,,,#N/A,827533,UMBRO,CONTA E ORDEM VITÓRIA X ITABERABA
1876,OK,DASS VITORIA,391,140949,827533,95643,ATAC. M13801 POLIESTER COR 100,110CM,15939351,360,135636,15936847BRI010401-,17/07/2026,09/09/2026,20,,09/09/26,,,,#N/A,827533,UMBRO,CONTA E ORDEM VITÓRIA X ITABERABA
1877,OK,DASS VITORIA,391,140949,827533,95643,ATAC. M13801 POLIESTER COR 100,110CM,15939351,288,135636,15936848BRI010402-,17/07/2026,09/09/2026,20,,09/09/26,,,,#N/A,827533,UMBRO,CONTA E ORDEM VITÓRIA X ITABERABA
1878,OK,DASS VITORIA,391,140949,827533,95643,ATAC. M13801 POLIESTER COR 100,110CM,15939351,288,135636,15936849BRI010402-,17/07/2026,09/09/2026,20,,09/09/26,,,,#N/A,827533,UMBRO,CONTA E ORDEM VITÓRIA X ITABERABA
1879,OK,DASS VITORIA,391,140949,827533,95643,ATAC. M13801 POLIESTER COR 100,120CM,15939351,600,135636,15936842BRI010400-,17/07/2026,09/09/2026,20,,09/09/26,,,,#N/A,827533,UMBRO,CONTA E ORDEM VITÓRIA X ITABERABA
1880,OK,DASS VITORIA,391,140949,827533,95643,ATAC. M13801 POLIESTER COR 100,120CM,15939351,600,135636,15936845BRI010400-,17/07/2026,09/09/2026,20,,09/09/26,,,,#N/A,827533,UMBRO,CONTA E ORDEM VITÓRIA X ITABERABA
1881,OK,DASS VITORIA,391,140949,827533,95643,ATAC. M13801 POLIESTER COR 100,120CM,15939351,528,135636,15936846BRI010401-,17/07/2026,09/09/2026,20,,09/09/26,,,,#N/A,827533,UMBRO,CONTA E ORDEM VITÓRIA X ITABERABA
1882,OK,DASS VITORIA,391,140949,827533,95643,ATAC. M13801 POLIESTER COR 100,120CM,15939351,576,135636,15936847BRI010401-,17/07/2026,09/09/2026,20,,09/09/26,,,,#N/A,827533,UMBRO,CONTA E ORDEM VITÓRIA X ITABERABA
1883,OK,DASS VITORIA,391,140949,827533,95643,ATAC. M13801 POLIESTER COR 100,120CM,15939351,468,135636,15936848BRI010402-,17/07/2026,09/09/2026,20,,09/09/26,,,,#N/A,827533,UMBRO,CONTA E ORDEM VITÓRIA X ITABERABA
1884,OK,DASS VITORIA,391,140949,827533,95643,ATAC. M13801 POLIESTER COR 100,120CM,15939351,504,135636,15936849BRI010402-,17/07/2026,09/09/2026,20,,09/09/26,,,,#N/A,827533,UMBRO,CONTA E ORDEM VITÓRIA X ITABERABA
1896,OK,DASS VITORIA,391,141504,827533,95643,ATAC. M13801 POLIESTER COR 100,120CM,16002289,252,136142,15998375BRI010464,03/08/2026,09/09/2026,20,,09/09/26,,,,#N/A,827533,UMBRO,CONTA E ORDEM VITÓRIA X ITABERABA
1897,OK,DASS VITORIA,391,141504,827533,95643,ATAC. M13801 POLIESTER COR 100,130CM,16002289,324,136142,15998375BRI010464,03/08/2026,09/09/2026,20,,09/09/2026,,,,#N/A,827533,UMBRO,CONTA E ORDEM VITÓRIA X ITABERABA
1898,OK,DASS VITORIA,391,141504,1328498,95645,ATAC. M13801 POLIESTER COR 058,120CM,16002289,492,136142,15998373BRI010458,03/08/2026,09/09/2026,20,,09/09/2026,,,,#N/A,1328498,UMBRO,CONTA E ORDEM VITÓRIA X ITABERABA
1899,OK,DASS VITORIA,391,141504,1328498,95645,ATAC. M13801 POLIESTER COR 058,120CM,16002289,372,136142,15998374BRI010459,03/08/2026,09/09/2026,20,,09/09/2026,,,,#N/A,1328498,UMBRO,CONTA E ORDEM VITÓRIA X ITABERABA
1900,OK,DASS VITORIA,391,141504,1328498,95645,ATAC. M13801 POLIESTER COR 058,120CM,16002289,360,136142,15998368BRI010463,03/08/2026,09/09/2026,20,,09/09/2026,,,,#N/A,1328498,UMBRO,CONTA E ORDEM VITÓRIA X ITABERABA
1901,OK,DASS VITORIA,391,141504,1328498,95645,ATAC. M13801 POLIESTER COR 058,130CM,16002289,672,136142,15998373BRI010458,03/08/2026,09/09/2026,20,,09/09/2026,,,,#N/A,1328498,UMBRO,CONTA E ORDEM VITÓRIA X ITABERABA
1902,OK,DASS VITORIA,391,141504,1328498,95645,ATAC. M13801 POLIESTER COR 058,130CM,16002289,480,136142,15998374BRI010459,03/08/2026,09/09/2026,20,,09/09/2026,,,,#N/A,1328498,UMBRO,CONTA E ORDEM VITÓRIA X ITABERABA
1903,OK,DASS VITORIA,391,141504,1328498,95645,ATAC. M13801 POLIESTER COR 058,130CM,16002289,264,136142,15998368BRI010463,03/08/2026,09/09/2026,20,,09/09/2026,,,,#N/A,1328498,UMBRO,CONTA E ORDEM VITÓRIA X ITABERABA
1926,OK,DASS VITORIA,391,141661,827530,95644,ATAC. M13801 POLIESTER COR 102,120CM,16021001,468,136292,16017292BRI010470,06/08/2026,09/09/2026,20,,09/09/2026,,,,#N/A,827530,UMBRO,CONTA E ORDEM VITÓRIA X ITABERABA
1927,OK,DASS VITORIA,391,141661,827530,95644,ATAC. M13801 POLIESTER COR 102,130CM,16021001,600,136292,16017292BRI010470,06/08/2026,09/09/2026,20,,09/09/2026,,,,#N/A,827530,UMBRO,CONTA E ORDEM VITÓRIA X ITABERABA
1928,OK,DASS VITORIA,391,141661,1328498,95645,ATAC. M13801 POLIESTER COR 058,120CM,16021001,528,136292,16017301BRI010472,06/08/2026,09/09/2026,20,,09/09/2026,,,,#N/A,1328498,UMBRO,CONTA E ORDEM VITÓRIA X ITABERABA
1929,OK,DASS VITORIA,391,141661,1328498,95645,ATAC. M13801 POLIESTER COR 058,130CM,16021001,720,136292,16017301BRI010472,06/08/2026,09/09/2026,20,,09/09/2026,,,,#N/A,1328498,UMBRO,CONTA E ORDEM VITÓRIA X ITABERABA
2006,NÃO,MARFIM PERDIGÃO,2251,134442,,83038,ATAC. 4000MG PARES POLIESTER COR 100,100CM,I/2026,20000,129454,,27/01/2026,11/09/2026,22,,27/02/2026,,11/09/2026,,#N/A,,,
2007,NÃO,MARFIM PERDIGÃO,2251,134442,,83038,ATAC. 4000MG PARES POLIESTER COR 100,140CM,I/2026,15368,129454,,27/01/2026,11/09/2026,22,,27/02/2026,,11/09/2026,,#N/A,,,
2008,NÃO,MARFIM PERDIGÃO,2251,134442,,83047,ATAC. 4000MG PARES POLIESTER COR 101,140CM,I/2026,6132,129454,,27/01/2026,11/09/2026,22,,27/02/2026,,11/09/2026,,#N/A,,,
2009,NÃO,MARFIM PERDIGÃO,2251,135163,,1808,ATAC. 8DL POLIESTER COR 100,110CM,III/2026,367050,130088,,13/02/2026,11/09/2026,22,,10/04/2026,,11/09/2026,,#N/A,,,
2010,NÃO,MARFIM PERDIGÃO,2251,135163,,1808,ATAC. 8DL POLIESTER COR 100,120CM,III/2026,230232,130088,,13/02/2026,11/09/2026,22,,10/04/2026,,11/09/2026,,#N/A,,,
2062,NÃO,MARFIM PERDIGÃO,2251,134442,,83038,ATAC. 4000MG PARES POLIESTER COR 100,100CM,I/2026,20000,129454,,27/01/2026,11/09/2026,22,,27/02/2026,,11/09/2026,,#N/A,,,
2063,NÃO,MARFIM PERDIGÃO,2251,134442,,83038,ATAC. 4000MG PARES POLIESTER COR 100,140CM,I/2026,15368,129454,,27/01/2026,11/09/2026,22,,27/02/2026,,11/09/2026,,#N/A,,,
2064,NÃO,MARFIM PERDIGÃO,2251,134442,,83047,ATAC. 4000MG PARES POLIESTER COR 101,140CM,I/2026,6132,129454,,27/01/2026,11/09/2026,22,,27/02/2026,,11/09/2026,,#N/A,,,
2065,NÃO,MARFIM PERDIGÃO,2251,135163,,1808,ATAC. 8DL POLIESTER COR 100,110CM,III/2026,367050,130088,,13/02/2026,11/09/2026,22,,04/10/2026,,11/09/2026,,#N/A,,,
2066,NÃO,MARFIM PERDIGÃO,2251,135163,,1808,ATAC. 8DL POLIESTER COR 100,120CM,III/2026,230232,130088,,13/02/2026,11/09/2026,22,,04/10/2026,,11/09/2026,,#N/A,,,
2067,NÃO,MARFIM PERDIGÃO,2251,135283,,83038,ATAC. 4000MG PARES POLIESTER COR 100,120CM,IV/2026,78194,130239,,18/02/2026,11/09/2026,22,,27/02/2026,,11/09/2026,,#N/A,,,
2068,NÃO,MARFIM PERDIGÃO,2251,135283,,83047,ATAC. 4000MG PARES POLIESTER COR 101,120CM,IV/2026,72200,130239,,18/02/2026,11/09/2026,22,,27/02/2026,,11/09/2026,,#N/A,,,
68,OK,DASS SEST,7,139283,1278311,86418,ATAC. MR140014 6MM RECICLADO COR 4662/PET,100CM,15775199,192,133903,15773830NBR3282887,02/06/2026,14/09/2026,25,,14/09/2026,,,,#N/A,1278311,NIKE,
69,OK,DASS SEST,7,139283,1278311,86418,ATAC. MR140014 6MM RECICLADO COR 4662/PET,100CM,15775199,192,133903,15773831NBR3282898,02/06/2026,14/09/2026,25,,14/09/2026,,,,#N/A,1278311,NIKE,
70,OK,DASS SEST,7,139283,1278311,86418,ATAC. MR140014 6MM RECICLADO COR 4662/PET,105CM,15775199,1322,133903,15773830NBR3282887,02/06/2026,14/09/2026,25,,14/09/2026,,,,#N/A,1278311,NIKE,
71,OK,DASS SEST,7,139283,1278311,86418,ATAC. MR140014 6MM RECICLADO COR 4662/PET,105CM,15775199,1328,133903,15773831NBR3282898,02/06/2026,14/09/2026,25,,14/09/2026,,,,#N/A,1278311,NIKE,
72,OK,DASS SEST,7,139283,1278311,86418,ATAC. MR140014 6MM RECICLADO COR 4662/PET,110CM,15775199,78,133903,15773830NBR3282887,02/06/2026,14/09/2026,25,,14/09/2026,,,,#N/A,1278311,NIKE,
73,OK,DASS SEST,7,139283,1278311,86418,ATAC. MR140014 6MM RECICLADO COR 4662/PET,110CM,15775199,78,133903,15773831NBR3282898,02/06/2026,14/09/2026,25,,14/09/2026,,,,#N/A,1278311,NIKE,
74,OK,DASS SEST,7,139283,1360726,95705,ATAC. MR140014 6MM RECICLADO COR 057/PET,105CM,15775199,168,133903,15773836NBR3282920,02/06/2026,14/09/2026,25,,14/09/2026,,,,#N/A,1360726,NIKE,
75,OK,DASS SEST,7,139283,1360726,95705,ATAC. MR140014 6MM RECICLADO COR 057/PET,105CM,15775199,186,133903,15773837NBR3282920,02/06/2026,14/09/2026,25,,14/09/2026,,,,#N/A,1360726,NIKE,
76,OK,DASS SEST,7,139283,1360726,95705,ATAC. MR140014 6MM RECICLADO COR 057/PET,110CM,15775199,500,133903,15773836NBR3282920,02/06/2026,14/09/2026,25,,14/09/2026,,,,#N/A,1360726,NIKE,
77,OK,DASS SEST,7,139283,1360726,95705,ATAC. MR140014 6MM RECICLADO COR 057/PET,110CM,15775199,504,133903,15773837NBR3282920,02/06/2026,14/09/2026,25,,14/09/2026,,,,#N/A,1360726,NIKE,
78,OK,DASS SEST,7,139283,1360726,95705,ATAC. MR140014 6MM RECICLADO COR 057/PET,115CM,15775199,192,133903,15773836NBR3282920,02/06/2026,14/09/2026,25,,14/09/2026,,,,#N/A,1360726,NIKE,
79,OK,DASS SEST,7,139283,1360726,95705,ATAC. MR140014 6MM RECICLADO COR 057/PET,115CM,15775199,210,133903,15773837NBR3282920,02/06/2026,14/09/2026,25,,14/09/2026,,,,#N/A,1360726,NIKE,
122,OK,DASS SEST,7,139575,1299257,86978,ATAC. MR130027 6MM RECICLADO COR 4085/PET,95CM,15816416,300,134326,15815487NBR3282850,11/06/2026,14/09/2026,25,,14/09/2026,,,,#N/A,1299257,NIKE,
123,OK,DASS SEST,7,139575,1299257,86978,ATAC. MR130027 6MM RECICLADO COR 4085/PET,95CM,15816416,333,134326,15815488NBR3282850,11/06/2026,14/09/2026,25,,14/09/2026,,,,#N/A,1299257,NIKE,
124,OK,DASS SEST,7,139575,1299257,86978,ATAC. MR130027 6MM RECICLADO COR 4085/PET,100CM,15816416,374,134326,15815487NBR3282850,11/06/2026,14/09/2026,25,,14/09/2026,,,,#N/A,1299257,NIKE,
125,OK,DASS SEST,7,139575,1299257,86978,ATAC. MR130027 6MM RECICLADO COR 4085/PET,100CM,15816416,426,134326,15815488NBR3282850,11/06/2026,14/09/2026,25,,14/09/2026,,,,#N/A,1299257,NIKE,
126,OK,DASS SEST,7,139575,1299257,86978,ATAC. MR130027 6MM RECICLADO COR 4085/PET,105CM,15816416,49,134326,15815487NBR3282850,11/06/2026,14/09/2026,25,,14/09/2026,,,,#N/A,1299257,NIKE,
127,OK,DASS SEST,7,139575,1299257,86978,ATAC. MR130027 6MM RECICLADO COR 4085/PET,105CM,15816416,48,134326,15815488NBR3282850,11/06/2026,14/09/2026,25,,14/09/2026,,,,#N/A,1299257,NIKE,
128,OK,DASS SEST,7,139575,1301800,88695,ATAC. MR130027 6MM RECICLADO COR 4662/PET,100CM,15816416,280,134326,15815498NBR3282903,11/06/2026,14/09/2026,25,,14/09/2026,,,,#N/A,1301800,NIKE,
129,OK,DASS SEST,7,139575,1301800,88695,ATAC. MR130027 6MM RECICLADO COR 4662/PET,105CM,15816416,848,134326,15815498NBR3282903,11/06/2026,14/09/2026,25,,14/09/2026,,,,#N/A,1301800,NIKE,
130,OK,DASS SEST,7,139575,1301800,88695,ATAC. MR130027 6MM RECICLADO COR 4662/PET,110CM,15816416,249,134326,15815498NBR3282903,11/06/2026,14/09/2026,25,,14/09/2026,,,,#N/A,1301800,NIKE,
171,OK,DASS SEST,7,139658,1188919,82628,ATAC. MR140014 6MM RECICLADO COR 4085/PET,100CM,15819943,783,134368,15818126NBR3283019,12/06/2026,14/09/2026,25,,14/09/2026,,,,#N/A,1188919,NIKE,
172,OK,DASS SEST,7,139658,1188919,82628,ATAC. MR140014 6MM RECICLADO COR 4085/PET,100CM,15819943,838,134368,15818127NBR3283019,12/06/2026,14/09/2026,25,,14/09/2026,,,,#N/A,1188919,NIKE,
173,OK,DASS SEST,7,139658,1188919,82628,ATAC. MR140014 6MM RECICLADO COR 4085/PET,105CM,15819943,404,134368,15818126NBR3283019,12/06/2026,14/09/2026,25,,14/09/26,,,,#N/A,1188919,NIKE,
174,OK,DASS SEST,7,139658,1188919,82628,ATAC. MR140014 6MM RECICLADO COR 4085/PET,105CM,15819943,420,134368,15818127NBR3283019,12/06/2026,14/09/2026,25,,14/09/26,,,,#N/A,1188919,NIKE,
175,OK,DASS SEST,7,139658,1262674,86842,ATAC. MR140014 6MM RECICLADO COR 5552/PET,100CM,15819943,12,134368,15818131NBR3282888,12/06/2026,14/09/2026,25,,14/09/26,,,,#N/A,1262674,NIKE,
176,OK,DASS SEST,7,139658,1262674,86842,ATAC. MR140014 6MM RECICLADO COR 5552/PET,105CM,15819943,468,134368,15818131NBR3282888,12/06/2026,14/09/2026,25,,14/09/26,,,,#N/A,1262674,NIKE,
177,OK,DASS SEST,7,139658,1262674,86842,ATAC. MR140014 6MM RECICLADO COR 5552/PET,110CM,15819943,700,134368,15818131NBR3282888,12/06/2026,14/09/2026,25,,14/09/26,,,,#N/A,1262674,NIKE,
178,OK,DASS SEST,7,139658,1262674,86842,ATAC. MR140014 6MM RECICLADO COR 5552/PET,115CM,15819943,91,134368,15818131NBR3282888,12/06/2026,14/09/2026,25,,14/09/26,,,,#N/A,1262674,NIKE,
209,OK,DASS SEST,7,139938,1423776,95488,ATAC. M60132 ALPINA COR 2000,125CM,15849678,624,134614,15845737BR314801,22/06/2026,14/09/2026,25,,14/09/26,,,,#N/A,1423776,FILA,
210,OK,DASS SEST,7,139938,1423776,95488,ATAC. M60132 ALPINA COR 2000,125CM,15849678,492,134614,15845738BR314802,22/06/2026,14/09/2026,25,,14/09/26,,,,#N/A,1423776,FILA,
211,OK,DASS SEST,7,139938,1423776,95488,ATAC. M60132 ALPINA COR 2000,135CM,15849678,552,134614,15845709BR314794-B,22/06/2026,14/09/2026,25,,14/09/26,,,,#N/A,1423776,FILA,
212,OK,DASS SEST,7,139938,1423776,95488,ATAC. M60132 ALPINA COR 2000,135CM,15849678,744,134614,15845737BR314801,22/06/2026,14/09/2026,25,,14/09/26,,,,#N/A,1423776,FILA,
213,OK,DASS SEST,7,139938,1423776,95488,ATAC. M60132 ALPINA COR 2000,135CM,15849678,684,134614,15845738BR314802,22/06/2026,14/09/2026,25,,14/09/26,,,,#N/A,1423776,FILA,
214,OK,DASS SEST,7,139938,1423776,95488,ATAC. M60132 ALPINA COR 2000,145CM,15849678,348,134614,15845709BR314794-B,22/06/2026,14/09/2026,25,,14/09/26,,,,#N/A,1423776,FILA,
215,OK,DASS SEST,7,139938,1423777,95490,ATAC. M60132 ALPINA COR 2001,125CM,15849678,456,134614,15845747BR314804,22/06/2026,14/09/2026,25,,14/09/26,,,,#N/A,1423777,FILA,
216,OK,DASS SEST,7,139938,1423777,95490,ATAC. M60132 ALPINA COR 2001,135CM,15849678,504,134614,15845748BR314796-A,22/06/2026,14/09/2026,25,,14/09/26,,,,#N/A,1423777,FILA,
217,OK,DASS SEST,7,139938,1423777,95490,ATAC. M60132 ALPINA COR 2001,135CM,15849678,564,134614,15845749BR314796-B,22/06/2026,14/09/2026,25,,14/09/26,,,,#N/A,1423777,FILA,
218,OK,DASS SEST,7,139938,1423777,95490,ATAC. M60132 ALPINA COR 2001,135CM,15849678,876,134614,15845750BR314797,22/06/2026,14/09/2026,25,,14/09/26,,,,#N/A,1423777,FILA,
219,OK,DASS SEST,7,139938,1423777,95490,ATAC. M60132 ALPINA COR 2001,135CM,15849678,588,134614,15845747BR314804,22/06/2026,14/09/2026,25,,14/09/26,,,,#N/A,1423777,FILA,
220,OK,DASS SEST,7,139938,1423777,95490,ATAC. M60132 ALPINA COR 2001,145CM,15849678,312,134614,15845748BR314796-A,22/06/2026,14/09/2026,25,,14/09/26,,,,#N/A,1423777,FILA,
221,OK,DASS SEST,7,139938,1423777,95490,ATAC. M60132 ALPINA COR 2001,145CM,15849678,324,134614,15845749BR314796-B,22/06/2026,14/09/2026,25,,14/09/26,,,,#N/A,1423777,FILA,
222,OK,DASS SEST,7,139938,1423777,95490,ATAC. M60132 ALPINA COR 2001,145CM,15849678,468,134614,15845750BR314797,22/06/2026,14/09/2026,25,,14/09/26,,,,#N/A,1423777,FILA,
416,OK,DASS SEST,7,140129,1188919,82628,ATAC. MR140014 6MM RECICLADO COR 4085/PET,100CM,15855791,96,134820,15851084NBR3283088,25/06/2026,14/09/2026,25,,14/09/26,,,,#N/A,1188919,NIKE,
417,OK,DASS SEST,7,140129,1188919,82628,ATAC. MR140014 6MM RECICLADO COR 4085/PET,100CM,15855791,102,134820,15851085NBR3283088,25/06/2026,14/09/2026,25,,14/09/26,,,,#N/A,1188919,NIKE,
418,OK,DASS SEST,7,140129,1188919,82628,ATAC. MR140014 6MM RECICLADO COR 4085/PET,105CM,15855791,686,134820,15851084NBR3283088,25/06/2026,14/09/2026,25,,14/09/26,,,,#N/A,1188919,NIKE,
419,OK,DASS SEST,7,140129,1188919,82628,ATAC. MR140014 6MM RECICLADO COR 4085/PET,105CM,15855791,708,134820,15851085NBR3283088,25/06/2026,14/09/2026,25,,14/09/26,,,,#N/A,1188919,NIKE,
420,OK,DASS SEST,7,140129,1188919,82628,ATAC. MR140014 6MM RECICLADO COR 4085/PET,105CM,15855791,192,134820,15851079NBR3283098,25/06/2026,14/09/2026,25,,14/09/26,,,,#N/A,1188919,NIKE,
421,OK,DASS SEST,7,140129,1188919,82628,ATAC. MR140014 6MM RECICLADO COR 4085/PET,105CM,15855791,234,134820,15851080NBR3283098,25/06/2026,14/09/2026,25,,14/09/26,,,,#N/A,1188919,NIKE,
422,OK,DASS SEST,7,140129,1188919,82628,ATAC. MR140014 6MM RECICLADO COR 4085/PET,110CM,15855791,48,134820,15851084NBR3283088,25/06/2026,14/09/2026,25,,14/09/26,,,,#N/A,1188919,NIKE,
423,OK,DASS SEST,7,140129,1188919,82628,ATAC. MR140014 6MM RECICLADO COR 4085/PET,110CM,15855791,36,134820,15851085NBR3283088,25/06/2026,14/09/2026,25,,14/09/26,,,,#N/A,1188919,NIKE,
424,OK,DASS SEST,7,140129,1188919,82628,ATAC. MR140014 6MM RECICLADO COR 4085/PET,110CM,15855791,603,134820,15851079NBR3283098,25/06/2026,14/09/2026,25,,14/09/26,,,,#N/A,1188919,NIKE,
425,OK,DASS SEST,7,140129,1188919,82628,ATAC. MR140014 6MM RECICLADO COR 4085/PET,110CM,15855791,606,134820,15851080NBR3283098,25/06/2026,14/09/2026,25,,14/09/26,,,,#N/A,1188919,NIKE,
426,OK,DASS SEST,7,140129,1188919,82628,ATAC. MR140014 6MM RECICLADO COR 4085/PET,115CM,15855791,240,134820,15851079NBR3283098,25/06/2026,14/09/2026,25,,14/09/26,,,,#N/A,1188919,NIKE,
427,OK,DASS SEST,7,140129,1188919,82628,ATAC. MR140014 6MM RECICLADO COR 4085/PET,115CM,15855791,246,134820,15851080NBR3283098,25/06/2026,14/09/2026,25,,14/09/26,,,,#N/A,1188919,NIKE,
428,OK,DASS SEST,7,140129,1304277,88668,ATAC. MR110022 7MM RECICLADO COR 4085/PET / COR 496/PET,110CM,15855791,1266,134820,15854340NEX0000073,25/06/2026,14/09/2026,25,,14/09/26,,,,#N/A,1304277,NIKE,
429,OK,DASS SEST,7,140129,1304277,88668,ATAC. MR110022 7MM RECICLADO COR 4085/PET / COR 496/PET,110CM,15855791,1260,134820,15854341NEX0000073,25/06/2026,14/09/2026,25,,14/09/26,,,,#N/A,1304277,NIKE,
430,OK,DASS SEST,7,140129,1304277,88668,ATAC. MR110022 7MM RECICLADO COR 4085/PET / COR 496/PET,110CM,15855791,1212,134820,15854342NEX0000073,25/06/2026,14/09/2026,25,,14/09/2026,,,,#N/A,1304277,NIKE,
431,OK,DASS SEST,7,140129,1304277,88668,ATAC. MR110022 7MM RECICLADO COR 4085/PET / COR 496/PET,110CM,15855791,1314,134820,15854343NEX0000073,25/06/2026,14/09/2026,25,,14/09/2026,,,,#N/A,1304277,NIKE,
432,OK,DASS SEST,7,140129,1304277,88668,ATAC. MR110022 7MM RECICLADO COR 4085/PET / COR 496/PET,110CM,15855791,288,134820,15854329NEX0000074,25/06/2026,14/09/2026,25,,14/09/2026,,,,#N/A,1304277,NIKE,
433,OK,DASS SEST,7,140129,1304277,88668,ATAC. MR110022 7MM RECICLADO COR 4085/PET / COR 496/PET,110CM,15855791,288,134820,15854330NEX0000074,25/06/2026,14/09/2026,25,,14/09/2026,,,,#N/A,1304277,NIKE,
434,OK,DASS SEST,7,140129,1304277,88668,ATAC. MR110022 7MM RECICLADO COR 4085/PET / COR 496/PET,110CM,15855791,312,134820,15854331NEX0000074,25/06/2026,14/09/2026,25,,14/09/2026,,,,#N/A,1304277,NIKE,
435,OK,DASS SEST,7,140129,1304277,88668,ATAC. MR110022 7MM RECICLADO COR 4085/PET / COR 496/PET,110CM,15855791,288,134820,15854319NEX0000075,25/06/2026,14/09/2026,25,,14/09/2026,,,,#N/A,1304277,NIKE,
436,OK,DASS SEST,7,140129,1304277,88668,ATAC. MR110022 7MM RECICLADO COR 4085/PET / COR 496/PET,110CM,15855791,288,134820,15854320NEX0000075,25/06/2026,14/09/2026,25,,14/09/2026,,,,#N/A,1304277,NIKE,
437,OK,DASS SEST,7,140129,1304277,88668,ATAC. MR110022 7MM RECICLADO COR 4085/PET / COR 496/PET,110CM,15855791,276,134820,15854321NEX0000075,25/06/2026,14/09/2026,25,,14/09/2026,,,,#N/A,1304277,NIKE,
438,OK,DASS SEST,7,140129,1304277,88668,ATAC. MR110022 7MM RECICLADO COR 4085/PET / COR 496/PET,110CM,15855791,312,134820,15854322NEX0000075,25/06/2026,14/09/2026,25,,14/09/2026,,,,#N/A,1304277,NIKE,
439,OK,DASS SEST,7,140129,1304277,88668,ATAC. MR110022 7MM RECICLADO COR 4085/PET / COR 496/PET,115CM,15855791,108,134820,15854340NEX0000073,25/06/2026,14/09/2026,25,,14/09/2026,,,,#N/A,1304277,NIKE,
440,OK,DASS SEST,7,140129,1304277,88668,ATAC. MR110022 7MM RECICLADO COR 4085/PET / COR 496/PET,115CM,15855791,84,134820,15854341NEX0000073,25/06/2026,14/09/2026,25,,14/09/2026,,,,#N/A,1304277,NIKE,
441,OK,DASS SEST,7,140129,1304277,88668,ATAC. MR110022 7MM RECICLADO COR 4085/PET / COR 496/PET,115CM,15855791,84,134820,15854342NEX0000073,25/06/2026,14/09/2026,25,,14/09/2026,,,,#N/A,1304277,NIKE,
442,OK,DASS SEST,7,140129,1304277,88668,ATAC. MR110022 7MM RECICLADO COR 4085/PET / COR 496/PET,115CM,15855791,84,134820,15854343NEX0000073,25/06/2026,14/09/2026,25,,14/09/2026,,,,#N/A,1304277,NIKE,
443,OK,DASS SEST,7,140129,1304277,88668,ATAC. MR110022 7MM RECICLADO COR 4085/PET / COR 496/PET,115CM,15855791,899,134820,15854329NEX0000074,25/06/2026,14/09/2026,25,,14/09/2026,,,,#N/A,1304277,NIKE,
444,OK,DASS SEST,7,140129,1304277,88668,ATAC. MR110022 7MM RECICLADO COR 4085/PET / COR 496/PET,115CM,15855791,852,134820,15854330NEX0000074,25/06/2026,14/09/2026,25,,14/09/2026,,,,#N/A,1304277,NIKE,
445,OK,DASS SEST,7,140129,1304277,88668,ATAC. MR110022 7MM RECICLADO COR 4085/PET / COR 496/PET,115CM,15855791,876,134820,15854331NEX0000074,25/06/2026,14/09/2026,25,,14/09/2026,,,,#N/A,1304277,NIKE,
446,OK,DASS SEST,7,140129,1304277,88668,ATAC. MR110022 7MM RECICLADO COR 4085/PET / COR 496/PET,115CM,15855791,870,134820,15854319NEX0000075,25/06/2026,14/09/2026,25,,14/09/2026,,,,#N/A,1304277,NIKE,
447,OK,DASS SEST,7,140129,1304277,88668,ATAC. MR110022 7MM RECICLADO COR 4085/PET / COR 496/PET,115CM,15855791,864,134820,15854320NEX0000075,25/06/2026,14/09/2026,25,,14/09/2026,,,,#N/A,1304277,NIKE,
448,OK,DASS SEST,7,140129,1304277,88668,ATAC. MR110022 7MM RECICLADO COR 4085/PET / COR 496/PET,115CM,15855791,840,134820,15854321NEX0000075,25/06/2026,14/09/2026,25,,14/09/2026,,,,#N/A,1304277,NIKE,
449,OK,DASS SEST,7,140129,1304277,88668,ATAC. MR110022 7MM RECICLADO COR 4085/PET / COR 496/PET,115CM,15855791,876,134820,15854322NEX0000075,25/06/2026,14/09/2026,25,,14/09/2026,,,,#N/A,1304277,NIKE,
450,OK,DASS SEST,7,140129,1304277,88668,ATAC. MR110022 7MM RECICLADO COR 4085/PET / COR 496/PET,120CM,15855791,264,134820,15854329NEX0000074,25/06/2026,14/09/2026,25,,14/09/2026,,,,#N/A,1304277,NIKE,
451,OK,DASS SEST,7,140129,1304277,88668,ATAC. MR110022 7MM RECICLADO COR 4085/PET / COR 496/PET,120CM,15855791,240,134820,15854330NEX0000074,25/06/2026,14/09/2026,25,,14/09/2026,,,,#N/A,1304277,NIKE,
452,OK,DASS SEST,7,140129,1304277,88668,ATAC. MR110022 7MM RECICLADO COR 4085/PET / COR 496/PET,120CM,15855791,270,134820,15854331NEX0000074,25/06/2026,14/09/2026,25,,14/09/2026,,,,#N/A,1304277,NIKE,
453,OK,DASS SEST,7,140129,1304277,88668,ATAC. MR110022 7MM RECICLADO COR 4085/PET / COR 496/PET,120CM,15855791,240,134820,15854319NEX0000075,25/06/2026,14/09/2026,25,,14/09/2026,,,,#N/A,1304277,NIKE,
454,OK,DASS SEST,7,140129,1304277,88668,ATAC. MR110022 7MM RECICLADO COR 4085/PET / COR 496/PET,120CM,15855791,240,134820,15854320NEX0000075,25/06/2026,14/09/2026,25,,14/09/2026,,,,#N/A,1304277,NIKE,
455,OK,DASS SEST,7,140129,1304277,88668,ATAC. MR110022 7MM RECICLADO COR 4085/PET / COR 496/PET,120CM,15855791,228,134820,15854321NEX0000075,25/06/2026,14/09/2026,25,,14/09/2026,,,,#N/A,1304277,NIKE,
456,OK,DASS SEST,7,140129,1304277,88668,ATAC. MR110022 7MM RECICLADO COR 4085/PET / COR 496/PET,120CM,15855791,258,134820,15854322NEX0000075,25/06/2026,14/09/2026,25,,14/09/2026,,,,#N/A,1304277,NIKE,
457,OK,DASS SEST,7,140129,1424204,95898,ATAC. MR110022 7MM RECICLADO COR 6222/PET / COR 4259/PET,110CM,15855791,228,134820,15851119NBR3283043,25/06/2026,14/09/2026,25,,14/09/2026,,,,#N/A,1424204,NIKE,
458,OK,DASS SEST,7,140129,1424204,95898,ATAC. MR110022 7MM RECICLADO COR 6222/PET / COR 4259/PET,115CM,15855791,830,134820,15851119NBR3283043,25/06/2026,14/09/2026,25,,14/09/2026,,,,#N/A,1424204,NIKE,
459,OK,DASS SEST,7,140129,1424204,95898,ATAC. MR110022 7MM RECICLADO COR 6222/PET / COR 4259/PET,120CM,15855791,186,134820,15851119NBR3283043,25/06/2026,14/09/2026,25,,14/09/2026,,,,#N/A,1424204,NIKE,
460,OK,DASS SEST,7,140129,1424205,95900,ATAC. MR110022 7MM RECICLADO COR 057/PET / COR 5946/PET,110CM,15855791,264,134820,15851113NBR3283022,25/06/2026,14/09/2026,25,,14/09/2026,,,,#N/A,1424205,NIKE,
461,OK,DASS SEST,7,140129,1424205,95900,ATAC. MR110022 7MM RECICLADO COR 057/PET / COR 5946/PET,115CM,15855791,884,134820,15851113NBR3283022,25/06/2026,14/09/2026,25,,14/09/2026,,,,#N/A,1424205,NIKE,
462,OK,DASS SEST,7,140129,1424205,95900,ATAC. MR110022 7MM RECICLADO COR 057/PET / COR 5946/PET,120CM,15855791,180,134820,15851113NBR3283022,25/06/2026,14/09/2026,25,,14/09/2026,,,,#N/A,1424205,NIKE,
826,OK,DASS SEST,7,140218,1188919,82628,ATAC. MR140014 6MM RECICLADO COR 4085/PET,105CM,15872669,108,134968,15866706NBR3283059,29/06/2026,14/09/2026,25,,14/09/2026,,,,#N/A,1188919,NIKE,
827,OK,DASS SEST,7,140218,1188919,82628,ATAC. MR140014 6MM RECICLADO COR 4085/PET,105CM,15872669,96,134968,15866707NBR3283059,29/06/2026,14/09/2026,25,,14/09/2026,,,,#N/A,1188919,NIKE,
828,OK,DASS SEST,7,140218,1188919,82628,ATAC. MR140014 6MM RECICLADO COR 4085/PET,105CM,15872669,108,134968,15866708NBR3283069,29/06/2026,14/09/2026,25,,14/09/2026,,,,#N/A,1188919,NIKE,
829,OK,DASS SEST,7,140218,1188919,82628,ATAC. MR140014 6MM RECICLADO COR 4085/PET,105CM,15872669,96,134968,15866709NBR3283069,29/06/2026,14/09/2026,25,,14/09/2026,,,,#N/A,1188919,NIKE,
830,OK,DASS SEST,7,140218,1188919,82628,ATAC. MR140014 6MM RECICLADO COR 4085/PET,110CM,15872669,699,134968,15866706NBR3283059,29/06/2026,14/09/2026,25,,14/09/2026,,,,#N/A,1188919,NIKE,
831,OK,DASS SEST,7,140218,1188919,82628,ATAC. MR140014 6MM RECICLADO COR 4085/PET,110CM,15872669,708,134968,15866707NBR3283059,29/06/2026,14/09/2026,25,,14/09/2026,,,,#N/A,1188919,NIKE,
832,OK,DASS SEST,7,140218,1188919,82628,ATAC. MR140014 6MM RECICLADO COR 4085/PET,110CM,15872669,705,134968,15866708NBR3283069,29/06/2026,14/09/2026,25,,14/09/2026,,,,#N/A,1188919,NIKE,
833,OK,DASS SEST,7,140218,1188919,82628,ATAC. MR140014 6MM RECICLADO COR 4085/PET,110CM,15872669,720,134968,15866709NBR3283069,29/06/2026,14/09/2026,25,,14/09/2026,,,,#N/A,1188919,NIKE,
834,OK,DASS SEST,7,140218,1188919,82628,ATAC. MR140014 6MM RECICLADO COR 4085/PET,115CM,15872669,228,134968,15866706NBR3283059,29/06/2026,14/09/2026,25,,14/09/2026,,,,#N/A,1188919,NIKE,
835,OK,DASS SEST,7,140218,1188919,82628,ATAC. MR140014 6MM RECICLADO COR 4085/PET,115CM,15872669,252,134968,15866707NBR3283059,29/06/2026,14/09/2026,25,,14/09/2026,,,,#N/A,1188919,NIKE,
836,OK,DASS SEST,7,140218,1188919,82628,ATAC. MR140014 6MM RECICLADO COR 4085/PET,115CM,15872669,228,134968,15866708NBR3283069,29/06/2026,14/09/2026,25,,14/09/2026,,,,#N/A,1188919,NIKE,
837,OK,DASS SEST,7,140218,1188919,82628,ATAC. MR140014 6MM RECICLADO COR 4085/PET,115CM,15872669,252,134968,15866709NBR3283069,29/06/2026,14/09/2026,25,,14/09/2026,,,,#N/A,1188919,NIKE,
838,OK,DASS SEST,7,140218,1278311,86418,ATAC. MR140014 6MM RECICLADO COR 4662/PET,105CM,15872669,120,134968,15866719NBR3283079,29/06/2026,14/09/2026,25,,14/09/2026,,,,#N/A,1278311,NIKE,
839,OK,DASS SEST,7,140218,1278311,86418,ATAC. MR140014 6MM RECICLADO COR 4662/PET,105CM,15872669,102,134968,15866720NBR3283079,29/06/2026,14/09/2026,25,,14/09/2026,,,,#N/A,1278311,NIKE,
840,OK,DASS SEST,7,140218,1278311,86418,ATAC. MR140014 6MM RECICLADO COR 4662/PET,110CM,15872669,626,134968,15866719NBR3283079,29/06/2026,14/09/2026,25,,14/09/2026,,,,#N/A,1278311,NIKE,
841,OK,DASS SEST,7,140218,1278311,86418,ATAC. MR140014 6MM RECICLADO COR 4662/PET,110CM,15872669,636,134968,15866720NBR3283079,29/06/2026,14/09/2026,25,,14/09/2026,,,,#N/A,1278311,NIKE,
842,OK,DASS SEST,7,140218,1278311,86418,ATAC. MR140014 6MM RECICLADO COR 4662/PET,115CM,15872669,204,134968,15866719NBR3283079,29/06/2026,14/09/2026,25,,14/09/2026,,,,#N/A,1278311,NIKE,
843,OK,DASS SEST,7,140218,1278311,86418,ATAC. MR140014 6MM RECICLADO COR 4662/PET,115CM,15872669,234,134968,15866720NBR3283079,29/06/2026,14/09/2026,25,,14/09/2026,,,,#N/A,1278311,NIKE,
844,OK,DASS SEST,7,140218,1425041,95894,ATAC. MR140014 6MM RECICLADO COR 6179/PET,105CM,15872669,132,134968,15866721NBR3283061,29/06/2026,14/09/2026,25,,14/09/2026,,,,#N/A,1425041,NIKE,
845,OK,DASS SEST,7,140218,1425041,95894,ATAC. MR140014 6MM RECICLADO COR 6179/PET,105CM,15872669,156,134968,15866722NBR3283061,29/06/2026,14/09/2026,25,,14/09/2026,,,,#N/A,1425041,NIKE,
846,OK,DASS SEST,7,140218,1425041,95894,ATAC. MR140014 6MM RECICLADO COR 6179/PET,105CM,15872669,132,134968,15866723NBR3283071,29/06/2026,14/09/2026,25,,14/09/2026,,,,#N/A,1425041,NIKE,
847,OK,DASS SEST,7,140218,1425041,95894,ATAC. MR140014 6MM RECICLADO COR 6179/PET,105CM,15872669,156,134968,15866724NBR3283071,29/06/2026,14/09/2026,25,,14/09/2026,,,,#N/A,1425041,NIKE,
848,OK,DASS SEST,7,140218,1425041,95894,ATAC. MR140014 6MM RECICLADO COR 6179/PET,105CM,15872669,132,134968,15866725NBR3283080,29/06/2026,14/09/2026,25,,14/09/2026,,,,#N/A,1425041,NIKE,
849,OK,DASS SEST,7,140218,1425041,95894,ATAC. MR140014 6MM RECICLADO COR 6179/PET,105CM,15872669,156,134968,15866728NBR3283080,29/06/2026,14/09/2026,25,,14/09/2026,,,,#N/A,1425041,NIKE,
850,OK,DASS SEST,7,140218,1425041,95894,ATAC. MR140014 6MM RECICLADO COR 6179/PET,110CM,15872669,765,134968,15866721NBR3283061,29/06/2026,14/09/2026,25,,14/09/2026,,,,#N/A,1425041,NIKE,
851,OK,DASS SEST,7,140218,1425041,95894,ATAC. MR140014 6MM RECICLADO COR 6179/PET,110CM,15872669,774,134968,15866722NBR3283061,29/06/2026,14/09/2026,25,,14/09/2026,,,,#N/A,1425041,NIKE,
852,OK,DASS SEST,7,140218,1425041,95894,ATAC. MR140014 6MM RECICLADO COR 6179/PET,110CM,15872669,771,134968,15866723NBR3283071,29/06/2026,14/09/2026,25,,14/09/2026,,,,#N/A,1425041,NIKE,
853,OK,DASS SEST,7,140218,1425041,95894,ATAC. MR140014 6MM RECICLADO COR 6179/PET,110CM,15872669,774,134968,15866724NBR3283071,29/06/2026,14/09/2026,25,,14/09/2026,,,,#N/A,1425041,NIKE,
854,OK,DASS SEST,7,140218,1425041,95894,ATAC. MR140014 6MM RECICLADO COR 6179/PET,110CM,15872669,771,134968,15866725NBR3283080,29/06/2026,14/09/2026,25,,14/09/2026,,,,#N/A,1425041,NIKE,
855,OK,DASS SEST,7,140218,1425041,95894,ATAC. MR140014 6MM RECICLADO COR 6179/PET,110CM,15872669,774,134968,15866728NBR3283080,29/06/2026,14/09/2026,25,,14/09/2026,,,,#N/A,1425041,NIKE,
856,OK,DASS SEST,7,140218,1425041,95894,ATAC. MR140014 6MM RECICLADO COR 6179/PET,115CM,15872669,216,134968,15866721NBR3283061,29/06/2026,14/09/2026,25,,14/09/2026,,,,#N/A,1425041,NIKE,
857,OK,DASS SEST,7,140218,1425041,95894,ATAC. MR140014 6MM RECICLADO COR 6179/PET,115CM,15872669,234,134968,15866722NBR3283061,29/06/2026,14/09/2026,25,,14/09/2026,,,,#N/A,1425041,NIKE,
858,OK,DASS SEST,7,140218,1425041,95894,ATAC. MR140014 6MM RECICLADO COR 6179/PET,115CM,15872669,216,134968,15866723NBR3283071,29/06/2026,14/09/2026,25,,14/09/2026,,,,#N/A,1425041,NIKE,
859,OK,DASS SEST,7,140218,1425041,95894,ATAC. MR140014 6MM RECICLADO COR 6179/PET,115CM,15872669,234,134968,15866724NBR3283071,29/06/2026,14/09/2026,25,,14/09/2026,,,,#N/A,1425041,NIKE,
860,OK,DASS SEST,7,140218,1425041,95894,ATAC. MR140014 6MM RECICLADO COR 6179/PET,115CM,15872669,216,134968,15866725NBR3283080,29/06/2026,14/09/2026,25,,14/09/2026,,,,#N/A,1425041,NIKE,
861,OK,DASS SEST,7,140218,1425041,95894,ATAC. MR140014 6MM RECICLADO COR 6179/PET,115CM,15872669,234,134968,15866728NBR3283080,29/06/2026,14/09/2026,25,,14/09/2026,,,,#N/A,1425041,NIKE,
862,OK,DASS SEST,7,140218,1425040,95895,ATAC. MR140014 6MM RECICLADO COR 6176/PET,105CM,15872669,144,134968,15866730NBR3283047,29/06/2026,14/09/2026,25,,14/09/2026,,,,#N/A,1425040,NIKE,
863,OK,DASS SEST,7,140218,1425040,95895,ATAC. MR140014 6MM RECICLADO COR 6176/PET,105CM,15872669,156,134968,15866731NBR3283047,29/06/2026,14/09/2026,25,,14/09/2026,,,,#N/A,1425040,NIKE,
864,OK,DASS SEST,7,140218,1425040,95895,ATAC. MR140014 6MM RECICLADO COR 6176/PET,110CM,15872669,590,134968,15866730NBR3283047,29/06/2026,14/09/2026,25,,14/09/2026,,,,#N/A,1425040,NIKE,
865,OK,DASS SEST,7,140218,1425040,95895,ATAC. MR140014 6MM RECICLADO COR 6176/PET,110CM,15872669,594,134968,15866731NBR3283047,29/06/2026,14/09/2026,25,,14/09/2026,,,,#N/A,1425040,NIKE,
866,OK,DASS SEST,7,140218,1425040,95895,ATAC. MR140014 6MM RECICLADO COR 6176/PET,115CM,15872669,60,134968,15866730NBR3283047,29/06/2026,14/09/2026,25,,14/09/2026,,,,#N/A,1425040,NIKE,
867,OK,DASS SEST,7,140218,1425040,95895,ATAC. MR140014 6MM RECICLADO COR 6176/PET,115CM,15872669,84,134968,15866731NBR3283047,29/06/2026,14/09/2026,25,,14/09/2026,,,,#N/A,1425040,NIKE,
883,OK,DASS SEST,7,140290,1454466,95945,ATAC. MR140014 6MM RECICLADO COR 6248/PET,100CM,15874852,240,135012,15868626NBR3283152,30/06/2026,14/09/2026,25,,14/09/2026,,,,#N/A,1454466,NIKE,
884,OK,DASS SEST,7,140290,1454466,95945,ATAC. MR140014 6MM RECICLADO COR 6248/PET,105CM,15874852,896,135012,15868626NBR3283152,30/06/2026,14/09/2026,25,,14/09/2026,,,,#N/A,1454466,NIKE,
885,OK,DASS SEST,7,140290,1454466,95945,ATAC. MR140014 6MM RECICLADO COR 6248/PET,110CM,15874852,48,135012,15868626NBR3283152,30/06/2026,14/09/2026,25,,14/09/2026,,,,#N/A,1454466,NIKE,
961,OK,DASS SEST,7,140755,1188919,82628,ATAC. MR140014 6MM RECICLADO COR 4085/PET,105CM,15915179,800,135472,15903693NBR3283064,10/07/2026,14/09/2026,25,,14/09/2026,,,,#N/A,1188919,NIKE,
962,OK,DASS SEST,7,140755,1188919,82628,ATAC. MR140014 6MM RECICLADO COR 4085/PET,110CM,15915179,366,135472,15903693NBR3283064,10/07/2026,14/09/2026,25,,14/09/2026,,,,#N/A,1188919,NIKE,
963,OK,DASS SEST,7,140755,1241008,84943,ATAC. MR140014 6MM RECICLADO COR 4021/PET,105CM,15915179,519,135472,15903696NBR3283052,10/07/2026,14/09/2026,25,,14/09/2026,,,,#N/A,1241008,NIKE,
964,OK,DASS SEST,7,140755,1241008,84943,ATAC. MR140014 6MM RECICLADO COR 4021/PET,105CM,15915179,516,135472,15903698NBR3283052,10/07/2026,14/09/2026,25,,14/09/2026,,,,#N/A,1241008,NIKE,
965,OK,DASS SEST,7,140755,1241008,84943,ATAC. MR140014 6MM RECICLADO COR 4021/PET,105CM,15915179,534,135472,15903699NBR3283052,10/07/2026,14/09/2026,25,,14/09/2026,,,,#N/A,1241008,NIKE,
966,OK,DASS SEST,7,140755,1241008,84943,ATAC. MR140014 6MM RECICLADO COR 4021/PET,110CM,15915179,234,135472,15903696NBR3283052,10/07/2026,14/09/2026,25,,14/09/2026,,,,#N/A,1241008,NIKE,
967,OK,DASS SEST,7,140755,1241008,84943,ATAC. MR140014 6MM RECICLADO COR 4021/PET,110CM,15915179,228,135472,15903698NBR3283052,10/07/2026,14/09/2026,25,,14/09/2026,,,,#N/A,1241008,NIKE,
968,OK,DASS SEST,7,140755,1241008,84943,ATAC. MR140014 6MM RECICLADO COR 4021/PET,110CM,15915179,252,135472,15903699NBR3283052,10/07/2026,14/09/2026,25,,14/09/2026,,,,#N/A,1241008,NIKE,
969,OK,DASS SEST,7,140755,1299257,86978,ATAC. MR130027 6MM RECICLADO COR 4085/PET,105CM,15915179,384,135472,15903684NBR3283102,10/07/2026,14/09/2026,25,,14/09/2026,,,,#N/A,1299257,NIKE,
970,OK,DASS SEST,7,140755,1299257,86978,ATAC. MR130027 6MM RECICLADO COR 4085/PET,105CM,15915179,408,135472,15903686NBR3283102,10/07/2026,14/09/2026,25,,14/09/2026,,,,#N/A,1299257,NIKE,
971,OK,DASS SEST,7,140755,1299257,86978,ATAC. MR130027 6MM RECICLADO COR 4085/PET,110CM,15915179,398,135472,15903684NBR3283102,10/07/2026,14/09/2026,25,,14/09/2026,,,,#N/A,1299257,NIKE,
972,OK,DASS SEST,7,140755,1299257,86978,ATAC. MR130027 6MM RECICLADO COR 4085/PET,110CM,15915179,438,135472,15903686NBR3283102,10/07/2026,14/09/2026,25,,14/09/2026,,,,#N/A,1299257,NIKE,
973,OK,DASS SEST,7,140755,1299257,86978,ATAC. MR130027 6MM RECICLADO COR 4085/PET,115CM,15915179,24,135472,15903684NBR3283102,10/07/2026,14/09/2026,25,,14/09/2026,,,,#N/A,1299257,NIKE,
974,OK,DASS SEST,7,140755,1409834,93450,ATAC. MR130027 6MM RECICLADO COR 057/PET,110CM,15915179,276,135472,15903726NBR3283075,10/07/2026,14/09/2026,25,,14/09/2026,,,,#N/A,1409834,NIKE,
975,OK,DASS SEST,7,140755,1409834,93450,ATAC. MR130027 6MM RECICLADO COR 057/PET,115CM,15915179,776,135472,15903726NBR3283075,10/07/2026,14/09/2026,25,,14/09/2026,,,,#N/A,1409834,NIKE,
976,OK,DASS SEST,7,140755,1409834,93450,ATAC. MR130027 6MM RECICLADO COR 057/PET,120CM,15915179,198,135472,15903726NBR3283075,10/07/2026,14/09/2026,25,,14/09/2026,,,,#N/A,1409834,NIKE,
977,OK,DASS SEST,7,140755,1424088,95799,ATAC. MR130027 6MM RECICLADO COR 5820/PET,105CM,15915179,420,135472,15903740NBR3283117,10/07/2026,14/09/2026,25,,14/09/2026,,,,#N/A,1424088,NIKE,
978,OK,DASS SEST,7,140755,1424088,95799,ATAC. MR130027 6MM RECICLADO COR 5820/PET,105CM,15915179,396,135472,15903741NBR3283117,10/07/2026,14/09/2026,25,,14/09/2026,,,,#N/A,1424088,NIKE,
979,OK,DASS SEST,7,140755,1424088,95799,ATAC. MR130027 6MM RECICLADO COR 5820/PET,105CM,15915179,432,135472,15903742NBR3283117,10/07/2026,14/09/2026,25,,14/09/2026,,,,#N/A,1424088,NIKE,
980,OK,DASS SEST,7,140755,1424088,95799,ATAC. MR130027 6MM RECICLADO COR 5820/PET,110CM,15915179,435,135472,15903740NBR3283117,10/07/2026,14/09/2026,25,,14/09/2026,,,,#N/A,1424088,NIKE,
981,OK,DASS SEST,7,140755,1424088,95799,ATAC. MR130027 6MM RECICLADO COR 5820/PET,110CM,15915179,420,135472,15903741NBR3283117,10/07/2026,14/09/2026,25,,14/09/2026,,,,#N/A,1424088,NIKE,
982,OK,DASS SEST,7,140755,1424088,95799,ATAC. MR130027 6MM RECICLADO COR 5820/PET,110CM,15915179,462,135472,15903742NBR3283117,10/07/2026,14/09/2026,25,,14/09/2026,,,,#N/A,1424088,NIKE,
983,OK,DASS SEST,7,140755,1424088,95799,ATAC. MR130027 6MM RECICLADO COR 5820/PET,115CM,15915179,24,135472,15903740NBR3283117,10/07/2026,14/09/2026,25,,14/09/2026,,,,#N/A,1424088,NIKE,
1164,OK,DASS SEST,7,140950,1341808,91524,ATAC. MR110012 8MM RECICLADO COR 5149/PET,115CM,15944086,216,135637,15941791NBR3283289,17/07/2026,14/09/2026,25,,14/09/2026,,,,#N/A,1341808,NIKE,
1165,OK,DASS SEST,7,140950,1341808,91524,ATAC. MR110012 8MM RECICLADO COR 5149/PET,115CM,15944086,234,135637,15941793NBR3283289,17/07/2026,14/09/2026,25,,14/09/2026,,,,#N/A,1341808,NIKE,
1166,OK,DASS SEST,7,140950,1341808,91524,ATAC. MR110012 8MM RECICLADO COR 5149/PET,120CM,15944086,620,135637,15941791NBR3283289,17/07/2026,14/09/2026,25,,14/09/2026,,,,#N/A,1341808,NIKE,
1167,OK,DASS SEST,7,140950,1341808,91524,ATAC. MR110012 8MM RECICLADO COR 5149/PET,120CM,15944086,666,135637,15941793NBR3283289,17/07/2026,14/09/2026,25,,14/09/2026,,,,#N/A,1341808,NIKE,
1168,OK,DASS SEST,7,140950,1027849,92568,ATAC. MR110012 8MM RECICLADO COR 4085/PET,115CM,15944086,270,135637,15941782NBR3283311,17/07/2026,14/09/2026,25,,14/09/2026,,,,#N/A,1027849,NIKE,
1169,OK,DASS SEST,7,140950,1027849,92568,ATAC. MR110012 8MM RECICLADO COR 4085/PET,120CM,15944086,776,135637,15941782NBR3283311,17/07/2026,14/09/2026,25,,14/09/2026,,,,#N/A,1027849,NIKE,
1295,OK,DASS SEST,7,141420,1332602,88808,ATAC. M12176 5MM POLIESTER COR 4085,105CM,16002723,156,136060,16001140NBR3283385,31/07/2026,14/09/2026,25,,14/09/2026,,,,#N/A,1332602,NIKE,NORMAL
1296,OK,DASS SEST,7,141420,1332602,88808,ATAC. M12176 5MM POLIESTER COR 4085,105CM,16002723,192,136060,16001142NBR3283385,31/07/2026,14/09/2026,25,,14/09/2026,,,,#N/A,1332602,NIKE,NORMAL
1297,OK,DASS SEST,7,141420,1332602,88808,ATAC. M12176 5MM POLIESTER COR 4085,105CM,16002723,180,136060,16001156NBR3283390,31/07/2026,14/09/2026,25,,14/09/2026,,,,#N/A,1332602,NIKE,NORMAL
1298,OK,DASS SEST,7,141420,1332602,88808,ATAC. M12176 5MM POLIESTER COR 4085,105CM,16002723,156,136060,16001157NBR3283390,31/07/2026,14/09/2026,25,,14/09/2026,,,,#N/A,1332602,NIKE,NORMAL
1299,OK,DASS SEST,7,141420,1332602,88808,ATAC. M12176 5MM POLIESTER COR 4085,105CM,16002723,192,136060,16001158NBR3283390,31/07/2026,14/09/2026,25,,14/09/2026,,,,#N/A,1332602,NIKE,NORMAL
1300,OK,DASS SEST,7,141420,1332602,88808,ATAC. M12176 5MM POLIESTER COR 4085,110CM,16002723,386,136060,16001140NBR3283385,31/07/2026,14/09/2026,25,,14/09/2026,,,,#N/A,1332602,NIKE,NORMAL
1301,OK,DASS SEST,7,141420,1332602,88808,ATAC. M12176 5MM POLIESTER COR 4085,110CM,16002723,390,136060,16001142NBR3283385,31/07/2026,14/09/2026,25,,14/09/2026,,,,#N/A,1332602,NIKE,NORMAL
1302,OK,DASS SEST,7,141420,1332602,88808,ATAC. M12176 5MM POLIESTER COR 4085,110CM,16002723,645,136060,16001156NBR3283390,31/07/2026,14/09/2026,25,,14/09/2026,,,,#N/A,1332602,NIKE,NORMAL
1303,OK,DASS SEST,7,141420,1332602,88808,ATAC. M12176 5MM POLIESTER COR 4085,110CM,16002723,480,136060,16001157NBR3283390,31/07/2026,14/09/2026,25,,14/09/2026,,,,#N/A,1332602,NIKE,NORMAL
1304,OK,DASS SEST,7,141420,1332602,88808,ATAC. M12176 5MM POLIESTER COR 4085,110CM,16002723,330,136060,16001158NBR3283390,31/07/2026,14/09/2026,25,,14/09/2026,,,,#N/A,1332602,NIKE,NORMAL
1305,OK,DASS SEST,7,141420,1332602,88808,ATAC. M12176 5MM POLIESTER COR 4085,115CM,16002723,132,136060,16001140NBR3283385,31/07/2026,14/09/2026,25,,14/09/2026,,,,#N/A,1332602,NIKE,NORMAL
1306,OK,DASS SEST,7,141420,1332602,88808,ATAC. M12176 5MM POLIESTER COR 4085,115CM,16002723,132,136060,16001142NBR3283385,31/07/2026,14/09/2026,25,,14/09/2026,,,,#N/A,1332602,NIKE,NORMAL
1307,OK,DASS SEST,7,141420,1332602,88808,ATAC. M12176 5MM POLIESTER COR 4085,115CM,16002723,156,136060,16001156NBR3283390,31/07/2026,14/09/2026,25,,14/09/2026,,,,#N/A,1332602,NIKE,NORMAL
1308,OK,DASS SEST,7,141420,1332602,88808,ATAC. M12176 5MM POLIESTER COR 4085,115CM,16002723,144,136060,16001157NBR3283390,31/07/2026,14/09/2026,25,,14/09/2026,,,,#N/A,1332602,NIKE,NORMAL
1309,OK,DASS SEST,7,141420,1332602,88808,ATAC. M12176 5MM POLIESTER COR 4085,115CM,16002723,174,136060,16001158NBR3283390,31/07/2026,14/09/2026,25,,14/09/2026,,,,#N/A,1332602,NIKE,NORMAL
1310,OK,DASS SEST,7,141420,1065806,93661,ATAC. MR110029 RECICLADO COR 4662/PET,130CM,16002723,468,136060,16001129NBR3283380,31/07/2026,14/09/2026,25,,14/09/2026,,,,#N/A,1065806,NIKE,NORMAL
1311,OK,DASS SEST,7,141420,1065806,93661,ATAC. MR110029 RECICLADO COR 4662/PET,130CM,16002723,486,136060,16001130NBR3283380,31/07/2026,14/09/2026,25,,14/09/2026,,,,#N/A,1065806,NIKE,NORMAL
1312,OK,DASS SEST,7,141420,1065806,93661,ATAC. MR110029 RECICLADO COR 4662/PET,130CM,16002723,492,136060,16001133NBR3283383,31/07/2026,14/09/2026,25,,14/09/2026,,,,#N/A,1065806,NIKE,NORMAL
1313,OK,DASS SEST,7,141420,1065806,93661,ATAC. MR110029 RECICLADO COR 4662/PET,130CM,16002723,516,136060,16001134NBR3283383,31/07/2026,14/09/2026,25,,14/09/2026,,,,#N/A,1065806,NIKE,NORMAL
1314,OK,DASS SEST,7,141420,1065806,93661,ATAC. MR110029 RECICLADO COR 4662/PET,135CM,16002723,470,136060,16001129NBR3283380,31/07/2026,14/09/2026,25,,14/09/2026,,,,#N/A,1065806,NIKE,NORMAL
1315,OK,DASS SEST,7,141420,1065806,93661,ATAC. MR110029 RECICLADO COR 4662/PET,135CM,16002723,468,136060,16001130NBR3283380,31/07/2026,14/09/2026,25,,14/09/2026,,,,#N/A,1065806,NIKE,NORMAL
1316,OK,DASS SEST,7,141420,1065806,93661,ATAC. MR110029 RECICLADO COR 4662/PET,135CM,16002723,488,136060,16001133NBR3283383,31/07/2026,14/09/2026,25,,14/09/2026,,,,#N/A,1065806,NIKE,NORMAL
1317,OK,DASS SEST,7,141420,1065806,93661,ATAC. MR110029 RECICLADO COR 4662/PET,135CM,16002723,468,136060,16001134NBR3283383,31/07/2026,14/09/2026,25,,14/09/2026,,,,#N/A,1065806,NIKE,NORMAL
1478,OK,DASS SEST,7,141916,1065806,93661,ATAC. MR110029 RECICLADO COR 4662/PET,135CM,16046465,824,136592,16045942NBR3283462,14/08/2026,14/09/2026,25,,14/09/2026,,,,#N/A,1065806,NIKE,NORMAL
1479,OK,DASS SEST,7,141916,1065806,93661,ATAC. MR110029 RECICLADO COR 4662/PET,135CM,16046465,792,136592,16045943NBR3283462,14/08/2026,14/09/2026,25,,14/09/2026,,,,#N/A,1065806,NIKE,NORMAL
1480,OK,DASS SEST,7,141916,1065806,93661,ATAC. MR110029 RECICLADO COR 4662/PET,135CM,16046465,824,136592,16045944NBR3283463,14/08/2026,14/09/2026,25,,14/09/2026,,,,#N/A,1065806,NIKE,NORMAL
1481,OK,DASS SEST,7,141916,1065806,93661,ATAC. MR110029 RECICLADO COR 4662/PET,135CM,16046465,804,136592,16045945NBR3283463,14/08/2026,14/09/2026,25,,14/09/2026,,,,#N/A,1065806,NIKE,NORMAL
1482,OK,DASS SEST,7,141916,1065806,93661,ATAC. MR110029 RECICLADO COR 4662/PET,140CM,16046465,90,136592,16045942NBR3283462,14/08/2026,14/09/2026,25,,14/09/2026,,,,#N/A,1065806,NIKE,NORMAL
1483,OK,DASS SEST,7,141916,1065806,93661,ATAC. MR110029 RECICLADO COR 4662/PET,140CM,16046465,84,136592,16045943NBR3283462,14/08/2026,14/09/2026,25,,14/09/2026,,,,#N/A,1065806,NIKE,NORMAL
1484,OK,DASS SEST,7,141916,1065806,93661,ATAC. MR110029 RECICLADO COR 4662/PET,140CM,16046465,90,136592,16045944NBR3283463,14/08/2026,14/09/2026,25,,14/09/2026,,,,#N/A,1065806,NIKE,NORMAL
1485,OK,DASS SEST,7,141916,1065806,93661,ATAC. MR110029 RECICLADO COR 4662/PET,140CM,16046465,90,136592,16045945NBR3283463,14/08/2026,14/09/2026,25,,14/09/2026,,,,#N/A,1065806,NIKE,NORMAL
1486,OK,DASS SEST,7,141916,1069210,93696,ATAC. MR110029 RECICLADO COR 4085/PET,135CM,16046465,758,136592,16045935NBR3283464,14/08/2026,14/09/2026,25,,14/09/2026,,,,#N/A,1069210,NIKE,NORMAL
1487,OK,DASS SEST,7,141916,1069210,93696,ATAC. MR110029 RECICLADO COR 4085/PET,135CM,16046465,780,136592,16045936NBR3283464,14/08/2026,14/09/2026,25,,14/09/2026,,,,#N/A,1069210,NIKE,NORMAL
1488,OK,DASS SEST,7,141916,1069210,93696,ATAC. MR110029 RECICLADO COR 4085/PET,140CM,16046465,78,136592,16045935NBR3283464,14/08/2026,14/09/2026,25,,14/09/2026,,,,#N/A,1069210,NIKE,NORMAL
1489,OK,DASS SEST,7,141916,1069210,93696,ATAC. MR110029 RECICLADO COR 4085/PET,140CM,16046465,78,136592,16045936NBR3283464,14/08/2026,14/09/2026,25,,14/09/2026,,,,#N/A,1069210,NIKE,NORMAL
1585,OK,DASS ITABERABA,70,140549,1321091,90891,ATAC. M13725 6MM POLIESTER COR 5703,90CM,15897473,504,135235,15890455ARG202023,06/07/2026,14/09/2026,25,,14/09/2026,,,,#N/A,1321091,FILA,
1586,OK,DASS ITABERABA,70,140549,1321091,90891,ATAC. M13725 6MM POLIESTER COR 5703,100CM,15897473,648,135235,15890455ARG202023,06/07/2026,14/09/2026,25,,14/09/2026,,,,#N/A,1321091,FILA,
1705,OK,DASS ITABERABA,70,141508,1175396,75595,ATAC. M13725 6MM POLIESTER COR 100,100CM,16003663,312,136145,15997274BRITB00552,03/08/2026,14/09/2026,25,,14/09/2026,,,,#N/A,1175396,FILA,NORMAL
1706,OK,DASS ITABERABA,70,141508,1175396,75595,ATAC. M13725 6MM POLIESTER COR 100,100CM,16003663,312,136145,15997275BRITB00552,03/08/2026,14/09/2026,25,,14/09/2026,,,,#N/A,1175396,FILA,NORMAL
1707,OK,DASS ITABERABA,70,141508,1175396,75595,ATAC. M13725 6MM POLIESTER COR 100,100CM,16003663,408,136145,15997276BRITB00553,03/08/2026,14/09/2026,25,,14/09/2026,,,,#N/A,1175396,FILA,NORMAL
1708,OK,DASS ITABERABA,70,141508,1175396,75595,ATAC. M13725 6MM POLIESTER COR 100,110CM,16003663,324,136145,15997274BRITB00552,03/08/2026,14/09/2026,25,,14/09/2026,,,,#N/A,1175396,FILA,NORMAL
1709,OK,DASS ITABERABA,70,141508,1175396,75595,ATAC. M13725 6MM POLIESTER COR 100,110CM,16003663,336,136145,15997275BRITB00552,03/08/2026,14/09/2026,25,,14/09/2026,,,,#N/A,1175396,FILA,NORMAL
1710,OK,DASS ITABERABA,70,141508,1175396,75595,ATAC. M13725 6MM POLIESTER COR 100,110CM,16003663,372,136145,15997276BRITB00553,03/08/2026,14/09/2026,25,,14/09/2026,,,,#N/A,1175396,FILA,NORMAL
1711,OK,DASS ITABERABA,70,141508,816378,76524,ATAC. M13725 6MM POLIESTER COR 263,100CM,16003663,336,136145,15997278BRITB00553,03/08/2026,14/09/2026,25,,14/09/2026,,,,#N/A,816378,FILA,NORMAL
1712,OK,DASS ITABERABA,70,141508,816378,76524,ATAC. M13725 6MM POLIESTER COR 263,100CM,16003663,348,136145,15997279BRITB00553,03/08/2026,14/09/2026,25,,14/09/2026,,,,#N/A,816378,FILA,NORMAL
1713,OK,DASS ITABERABA,70,141508,816378,76524,ATAC. M13725 6MM POLIESTER COR 263,110CM,16003663,396,136145,15997278BRITB00553,03/08/2026,14/09/2026,25,,14/09/2026,,,,#N/A,816378,FILA,NORMAL
1714,OK,DASS ITABERABA,70,141508,816378,76524,ATAC. M13725 6MM POLIESTER COR 263,110CM,16003663,420,136145,15997279BRITB00553,03/08/2026,14/09/2026,25,,14/09/2026,,,,#N/A,816378,FILA,NORMAL
1715,OK,DASS ITABERABA,70,141508,1321091,90891,ATAC. M13725 6MM POLIESTER COR 5703,90CM,16003663,480,136145,15997277BRITB00553,03/08/2026,14/09/2026,25,,14/09/2026,,,,#N/A,1321091,FILA,NORMAL
1716,OK,DASS ITABERABA,70,141508,1321091,90891,ATAC. M13725 6MM POLIESTER COR 5703,100CM,16003663,384,136145,15997273BRITB00552,03/08/2026,14/09/2026,25,,14/09/2026,,,,#N/A,1321091,FILA,NORMAL
1717,OK,DASS ITABERABA,70,141508,1321091,90891,ATAC. M13725 6MM POLIESTER COR 5703,100CM,16003663,660,136145,15997277BRITB00553,03/08/2026,14/09/2026,25,,14/09/2026,,,,#N/A,1321091,FILA,NORMAL
1718,OK,DASS ITABERABA,70,141508,1321091,90891,ATAC. M13725 6MM POLIESTER COR 5703,110CM,16003663,492,136145,15997273BRITB00552,03/08/2026,14/09/2026,25,,14/09/2026,,,,#N/A,1321091,FILA,NORMAL
1719,OK,DASS ITABERABA,70,141508,1404465,94982,ATAC. M13725 6MM POLIESTER COR 6002,90CM,16003663,492,136145,15997281BRITB00554,03/08/2026,14/09/2026,25,,14/09/2026,,,,#N/A,1404465,FILA,NORMAL
1720,OK,DASS ITABERABA,70,141508,1404465,94982,ATAC. M13725 6MM POLIESTER COR 6002,90CM,16003663,360,136145,15997282BRITB00554,03/08/2026,14/09/2026,25,,14/09/2026,,,,#N/A,1404465,FILA,NORMAL
1721,OK,DASS ITABERABA,70,141508,1404465,94982,ATAC. M13725 6MM POLIESTER COR 6002,100CM,16003663,624,136145,15997281BRITB00554,03/08/2026,14/09/2026,25,,14/09/2026,,,,#N/A,1404465,FILA,NORMAL
1722,OK,DASS ITABERABA,70,141508,1404465,94982,ATAC. M13725 6MM POLIESTER COR 6002,100CM,16003663,552,136145,15997282BRITB00554,03/08/2026,14/09/2026,25,,14/09/2026,,,,#N/A,1404465,FILA,NORMAL
1788,OK,DASS ITABERABA,70,141519,1173570,73236,ATAC. M6034 8MM ALPINA COR 2000,115CM,16007566,300,136154,15997284FIL001542,03/08/2026,14/09/2026,25,,14/09/26,,,,#N/A,1173570,FILA,NORMAL
1789,OK,DASS ITABERABA,70,141519,1173570,73236,ATAC. M6034 8MM ALPINA COR 2000,115CM,16007566,300,136154,15997289FIL001544,03/08/2026,14/09/2026,25,,14/09/26,,,,#N/A,1173570,FILA,NORMAL
1790,OK,DASS ITABERABA,70,141519,1173570,73236,ATAC. M6034 8MM ALPINA COR 2000,125CM,16007566,624,136154,15997283FIL001536,03/08/2026,14/09/2026,25,,14/09/26,,,,#N/A,1173570,FILA,NORMAL
1815,OK,DASS ITABERABA,70,141608,783896,70164,FITA MFGP C/ GOMA POLIESTER COR 100,15MM,16015166,770,136241,0,05/08/2026,14/09/2026,25,,14/09/26,,,,#N/A,783896,FILA,NORMAL
1816,OK,DASS ITABERABA,70,141608,975119,73589,FITA MFGP C/ GOMA POLIESTER COR 263,15MM,16015166,280,136241,0,05/08/2026,14/09/2026,25,,14/09/26,,,,#N/A,975119,FILA,NORMAL
1818,OK,DASS ITABERABA,70,141608,1316829,87946,FITA M31119 C/ GOMA POLIESTER COR 100/ COR 5535/ COR 102,16MM,16015166,240,136241,0,05/08/2026,14/09/2026,25,,14/09/26,,,,#N/A,1316829,FILA,NORMAL
1819,OK,DASS ITABERABA,70,141608,1358112,92574,FITA M31119 C/ GOMA POLIESTER COR 057 / COR 102 / COR 102,16MM,16015166,90,136241,0,05/08/2026,14/09/2026,25,,14/09/26,,,,#N/A,1358112,FILA,NORMAL
1820,OK,DASS ITABERABA,70,141608,1403058,95382,FITA M31119 C/ GOMA POLIESTER COR 788 / COR 5768 / COR 5768,16MM,16015166,90,136241,0,05/08/2026,14/09/2026,25,,14/09/26,,,,#N/A,1403058,FILA,NORMAL
1821,OK,DASS ITABERABA,70,141608,1417771,95383,FITA M31119 C/ GOMA POLIESTER COR 5855 / COR 5768 / COR 5768,16MM,16015166,250,136241,0,05/08/2026,14/09/2026,25,,14/09/26,,,,#N/A,1417771,FILA,NORMAL
1822,OK,DASS ITABERABA,70,141608,1411433,95384,FITA M31119 C/ GOMA POLIESTER COR 6008 / COR 102 / COR 102,16MM,16015166,140,136241,0,05/08/2026,14/09/2026,25,,14/09/26,,,,#N/A,1411433,FILA,NORMAL
1979,OK,DASS SANTO ANTONIO,1526,141336,1260166,73756,ATAC. M10110 5MM POLIESTER COR 100 / COR 263,115CM,15985979,576,135987,15984460BRSA001902,30/07/2026,14/09/2026,25,,14/09/26,,,,#N/A,1260166,FILA,NORMAL
1980,OK,DASS SANTO ANTONIO,1526,141336,1260166,73756,ATAC. M10110 5MM POLIESTER COR 100 / COR 263,115CM,15985979,612,135987,15984461BRSA001902,30/07/2026,14/09/2026,25,,14/09/26,,,,#N/A,1260166,FILA,NORMAL
1981,OK,DASS SANTO ANTONIO,1526,141336,1260166,73756,ATAC. M10110 5MM POLIESTER COR 100 / COR 263,115CM,15985979,516,135987,15984462BRSA001903,30/07/2026,14/09/2026,25,,14/09/26,,,,#N/A,1260166,FILA,NORMAL
1982,OK,DASS SANTO ANTONIO,1526,141336,1260166,73756,ATAC. M10110 5MM POLIESTER COR 100 / COR 263,115CM,15985979,540,135987,15984463BRSA001903,30/07/2026,14/09/2026,25,,14/09/26,,,,#N/A,1260166,FILA,NORMAL
1983,OK,DASS SANTO ANTONIO,1526,141336,1260166,73756,ATAC. M10110 5MM POLIESTER COR 100 / COR 263,115CM,15985979,648,135987,15984464BRSA001904,30/07/2026,14/09/2026,25,,14/09/26,,,,#N/A,1260166,FILA,NORMAL
1984,OK,DASS SANTO ANTONIO,1526,141336,1260166,73756,ATAC. M10110 5MM POLIESTER COR 100 / COR 263,125CM,15985979,312,135987,15984460BRSA001902,30/07/2026,14/09/2026,25,,14/09/26,,,,#N/A,1260166,FILA,NORMAL
1985,OK,DASS SANTO ANTONIO,1526,141336,1260166,73756,ATAC. M10110 5MM POLIESTER COR 100 / COR 263,125CM,15985979,348,135987,15984461BRSA001902,30/07/2026,14/09/2026,25,,14/09/26,,,,#N/A,1260166,FILA,NORMAL
1986,OK,DASS SANTO ANTONIO,1526,141336,1260166,73756,ATAC. M10110 5MM POLIESTER COR 100 / COR 263,125CM,15985979,216,135987,15984462BRSA001903,30/07/2026,14/09/2026,25,,14/09/26,,,,#N/A,1260166,FILA,NORMAL
1987,OK,DASS SANTO ANTONIO,1526,141336,1260166,73756,ATAC. M10110 5MM POLIESTER COR 100 / COR 263,125CM,15985979,240,135987,15984463BRSA001903,30/07/2026,14/09/2026,25,,14/09/26,,,,#N/A,1260166,FILA,NORMAL
1990,OK,DASS SANTO ANTONIO,1526,141336,1294817,87843,ATAC. M10110 5MM POLIESTER COR 599 / COR 114,105CM,15985979,348,135987,15984476BRSA001909,30/07/2026,14/09/2026,25,,14/09/26,,,,#N/A,1294817,FILA,NORMAL
1991,OK,DASS SANTO ANTONIO,1526,141336,1294817,87843,ATAC. M10110 5MM POLIESTER COR 599 / COR 114,105CM,15985979,264,135987,15984477BRSA001910,30/07/2026,14/09/2026,25,,14/09/26,,,,#N/A,1294817,FILA,NORMAL
1999,OK,DASS SANTO ANTONIO,1526,141336,1418185,95101,ATAC. M10110 5MM POLIESTER COR 5998 / COR 114,115CM,15985979,600,135987,15984495BRSA001914,30/07/2026,14/09/2026,25,,14/09/26,,,,#N/A,1418185,FILA,NORMAL
2000,OK,DASS SANTO ANTONIO,1526,141336,1418185,95101,ATAC. M10110 5MM POLIESTER COR 5998 / COR 114,115CM,15985979,564,135987,15984496BRSA001915,30/07/2026,14/09/2026,25,,14/09/26,,,,#N/A,1418185,FILA,NORMAL
2001,OK,DASS SANTO ANTONIO,1526,141336,1317461,90712,ATAC. M22013 6MM POLIESTER COR 100 / COR 5535,110CM,15985979,420,135987,15984459BRSA001897,30/07/2026,14/09/2026,25,,14/09/26,,,,#N/A,1317461,FILA,NORMAL
2002,OK,DASS SANTO ANTONIO,1526,141336,1317461,90712,ATAC. M22013 6MM POLIESTER COR 100 / COR 5535,120CM,15985979,360,135987,15984459BRSA001897,30/07/2026,14/09/2026,25,,14/09/26,,,,#N/A,1317461,FILA,NORMAL
2003,OK,DASS SANTO ANTONIO,1526,141336,1317461,90712,ATAC. M22013 6MM POLIESTER COR 100 / COR 5535,130CM,15985979,108,135987,15984459BRSA001897,30/07/2026,14/09/2026,25,,14/09/26,,,,#N/A,1317461,FILA,NORMAL
2004,OK,DASS SANTO ANTONIO,1526,141337,783896,70164,FITA MFGP C/ GOMA POLIESTER COR 100,15MM,15985999,200,135988,0,30/07/2026,14/09/2026,25,,14/09/26,,,,#N/A,783896,FILA,NORMAL
2035,OK,DASS SANTO ANTONIO,1526,141336,1260166,73756,ATAC. M10110 5MM POLIESTER COR 100 / COR 263,115CM,15985979,576,135987,15984460BRSA001902,30/07/2026,14/09/2026,25,,14/09/26,,,,#N/A,1260166,FILA,NORMAL
2036,OK,DASS SANTO ANTONIO,1526,141336,1260166,73756,ATAC. M10110 5MM POLIESTER COR 100 / COR 263,115CM,15985979,612,135987,15984461BRSA001902,30/07/2026,14/09/2026,25,,14/09/26,,,,#N/A,1260166,FILA,NORMAL
2037,OK,DASS SANTO ANTONIO,1526,141336,1260166,73756,ATAC. M10110 5MM POLIESTER COR 100 / COR 263,115CM,15985979,516,135987,15984462BRSA001903,30/07/2026,14/09/2026,25,,14/09/26,,,,#N/A,1260166,FILA,NORMAL
2038,OK,DASS SANTO ANTONIO,1526,141336,1260166,73756,ATAC. M10110 5MM POLIESTER COR 100 / COR 263,115CM,15985979,540,135987,15984463BRSA001903,30/07/2026,14/09/2026,25,,14/09/26,,,,#N/A,1260166,FILA,NORMAL
2039,OK,DASS SANTO ANTONIO,1526,141336,1260166,73756,ATAC. M10110 5MM POLIESTER COR 100 / COR 263,115CM,15985979,648,135987,15984464BRSA001904,30/07/2026,14/09/2026,25,,14/09/26,,,,#N/A,1260166,FILA,NORMAL
2040,OK,DASS SANTO ANTONIO,1526,141336,1260166,73756,ATAC. M10110 5MM POLIESTER COR 100 / COR 263,125CM,15985979,312,135987,15984460BRSA001902,30/07/2026,14/09/2026,25,,14/09/26,,,,#N/A,1260166,FILA,NORMAL
2041,OK,DASS SANTO ANTONIO,1526,141336,1260166,73756,ATAC. M10110 5MM POLIESTER COR 100 / COR 263,125CM,15985979,348,135987,15984461BRSA001902,30/07/2026,14/09/2026,25,,14/09/26,,,,#N/A,1260166,FILA,NORMAL
2042,OK,DASS SANTO ANTONIO,1526,141336,1260166,73756,ATAC. M10110 5MM POLIESTER COR 100 / COR 263,125CM,15985979,216,135987,15984462BRSA001903,30/07/2026,14/09/2026,25,,14/09/26,,,,#N/A,1260166,FILA,NORMAL
2043,OK,DASS SANTO ANTONIO,1526,141336,1260166,73756,ATAC. M10110 5MM POLIESTER COR 100 / COR 263,125CM,15985979,240,135987,15984463BRSA001903,30/07/2026,14/09/2026,25,,14/09/26,,,,#N/A,1260166,FILA,NORMAL
2044,OK,DASS SANTO ANTONIO,1526,141336,1260166,73756,ATAC. M10110 5MM POLIESTER COR 100 / COR 263,125CM,15985979,360,135987,15984464BRSA001904,30/07/2026,14/09/2026,25,,14/09/26,,,,#N/A,1260166,FILA,NORMAL
2045,OK,DASS SANTO ANTONIO,1526,141336,1294817,87843,ATAC. M10110 5MM POLIESTER COR 599 / COR 114,105CM,15985979,348,135987,15984475BRSA001909,30/07/2026,14/09/2026,25,,14/09/26,,,,#N/A,1294817,FILA,NORMAL
2046,OK,DASS SANTO ANTONIO,1526,141336,1294817,87843,ATAC. M10110 5MM POLIESTER COR 599 / COR 114,105CM,15985979,348,135987,15984476BRSA001909,30/07/2026,14/09/2026,25,,14/09/26,,,,#N/A,1294817,FILA,NORMAL
2047,OK,DASS SANTO ANTONIO,1526,141336,1294817,87843,ATAC. M10110 5MM POLIESTER COR 599 / COR 114,105CM,15985979,264,135987,15984477BRSA001910,30/07/2026,14/09/2026,25,,14/09/26,,,,#N/A,1294817,FILA,NORMAL
2048,OK,DASS SANTO ANTONIO,1526,141336,1294817,87843,ATAC. M10110 5MM POLIESTER COR 599 / COR 114,105CM,15985979,264,135987,15984478BRSA001910,30/07/2026,14/09/2026,25,,14/09/26,,,,#N/A,1294817,FILA,NORMAL
2049,OK,DASS SANTO ANTONIO,1526,141336,1294817,87843,ATAC. M10110 5MM POLIESTER COR 599 / COR 114,115CM,15985979,468,135987,15984475BRSA001909,30/07/2026,14/09/2026,25,,14/09/26,,,,#N/A,1294817,FILA,NORMAL
2050,OK,DASS SANTO ANTONIO,1526,141336,1294817,87843,ATAC. M10110 5MM POLIESTER COR 599 / COR 114,115CM,15985979,516,135987,15984476BRSA001909,30/07/2026,14/09/2026,25,,14/09/26,,,,#N/A,1294817,FILA,NORMAL
2051,OK,DASS SANTO ANTONIO,1526,141336,1294817,87843,ATAC. M10110 5MM POLIESTER COR 599 / COR 114,115CM,15985979,408,135987,15984477BRSA001910,30/07/2026,14/09/2026,25,,14/09/26,,,,#N/A,1294817,FILA,NORMAL
2052,OK,DASS SANTO ANTONIO,1526,141336,1294817,87843,ATAC. M10110 5MM POLIESTER COR 599 / COR 114,115CM,15985979,420,135987,15984478BRSA001910,30/07/2026,14/09/2026,25,,14/09/26,,,,#N/A,1294817,FILA,NORMAL
2053,OK,DASS SANTO ANTONIO,1526,141336,1418185,95101,ATAC. M10110 5MM POLIESTER COR 5998 / COR 114,105CM,15985979,504,135987,15984495BRSA001914,30/07/2026,14/09/2026,25,,14/09/26,,,,#N/A,1418185,FILA,NORMAL
2054,OK,DASS SANTO ANTONIO,1526,141336,1418185,95101,ATAC. M10110 5MM POLIESTER COR 5998 / COR 114,105CM,15985979,384,135987,15984496BRSA001915,30/07/2026,14/09/2026,25,,14/09/26,,,,#N/A,1418185,FILA,NORMAL
2055,OK,DASS SANTO ANTONIO,1526,141336,1418185,95101,ATAC. M10110 5MM POLIESTER COR 5998 / COR 114,115CM,15985979,600,135987,15984495BRSA001914,30/07/2026,14/09/2026,25,,14/09/26,,,,#N/A,1418185,FILA,NORMAL
2056,OK,DASS SANTO ANTONIO,1526,141336,1418185,95101,ATAC. M10110 5MM POLIESTER COR 5998 / COR 114,115CM,15985979,564,135987,15984496BRSA001915,30/07/2026,14/09/2026,25,,14/09/26,,,,#N/A,1418185,FILA,NORMAL
2057,OK,DASS SANTO ANTONIO,1526,141336,1317461,90712,ATAC. M22013 6MM POLIESTER COR 100 / COR 5535,110CM,15985979,420,135987,15984459BRSA001897,30/07/2026,14/09/2026,25,,14/09/26,,,,#N/A,1317461,FILA,NORMAL
2058,OK,DASS SANTO ANTONIO,1526,141336,1317461,90712,ATAC. M22013 6MM POLIESTER COR 100 / COR 5535,120CM,15985979,360,135987,15984459BRSA001897,30/07/2026,14/09/2026,25,,14/09/26,,,,#N/A,1317461,FILA,NORMAL
2059,OK,DASS SANTO ANTONIO,1526,141336,1317461,90712,ATAC. M22013 6MM POLIESTER COR 100 / COR 5535,130CM,15985979,108,135987,15984459BRSA001897,30/07/2026,14/09/2026,25,,14/09/26,,,,#N/A,1317461,FILA,NORMAL
1828,OK,DASS ITABERABA,70,141810,1328498,95645,ATAC. M13801 POLIESTER COR 058,120CM,16040042,132,136499,16038189UARG000171,12/08/2026,16/09/2026,27,,16/09/26,,,,#N/A,1328498,UMBRO,NORMAL
1829,OK,DASS ITABERABA,70,141810,1328498,95645,ATAC. M13801 POLIESTER COR 058,130CM,16040042,300,136499,16038189UARG000171,12/08/2026,16/09/2026,27,,16/09/26,,,,#N/A,1328498,UMBRO,NORMAL
1930,OK,DASS VITORIA,391,141662,827533,95643,ATAC. M13801 POLIESTER COR 100,120CM,16021017,516,136293,16017294BRI010471,06/08/2026,16/09/2026,27,,16/09/26,,,,#N/A,827533,UMBRO,CONTA E ORDEM VITÓRIA X ITABERABA
1931,OK,DASS VITORIA,391,141662,827533,95643,ATAC. M13801 POLIESTER COR 100,130CM,16021017,744,136293,16017294BRI010471,06/08/2026,16/09/2026,27,,16/09/26,,,,#N/A,827533,UMBRO,CONTA E ORDEM VITÓRIA X ITABERABA
101,OK,DASS SEST,7,139566,1299257,86978,ATAC. MR130027 6MM RECICLADO COR 4085/PET,100CM,15816418,192,134313,15815474NBR3282904,11/06/2026,21/09/2026,32,,21/09/26,,,,#N/A,1299257,NIKE,
102,OK,DASS SEST,7,139566,1299257,86978,ATAC. MR130027 6MM RECICLADO COR 4085/PET,100CM,15816418,168,134313,15815475NBR3282904,11/06/2026,21/09/2026,32,,21/09/26,,,,#N/A,1299257,NIKE,
103,OK,DASS SEST,7,139566,1299257,86978,ATAC. MR130027 6MM RECICLADO COR 4085/PET,100CM,15816418,219,134313,15815476NBR3282904,11/06/2026,21/09/2026,32,,21/09/26,,,,#N/A,1299257,NIKE,
104,OK,DASS SEST,7,139566,1299257,86978,ATAC. MR130027 6MM RECICLADO COR 4085/PET,105CM,15816418,798,134313,15815474NBR3282904,11/06/2026,21/09/2026,32,,21/09/26,,,,#N/A,1299257,NIKE,
105,OK,DASS SEST,7,139566,1299257,86978,ATAC. MR130027 6MM RECICLADO COR 4085/PET,105CM,15816418,588,134313,15815475NBR3282904,11/06/2026,21/09/2026,32,,21/09/26,,,,#N/A,1299257,NIKE,
106,OK,DASS SEST,7,139566,1299257,86978,ATAC. MR130027 6MM RECICLADO COR 4085/PET,105CM,15816418,402,134313,15815476NBR3282904,11/06/2026,21/09/2026,32,,21/09/26,,,,#N/A,1299257,NIKE,
107,OK,DASS SEST,7,139566,1299257,86978,ATAC. MR130027 6MM RECICLADO COR 4085/PET,110CM,15816418,180,134313,15815474NBR3282904,11/06/2026,21/09/2026,32,,21/09/26,,,,#N/A,1299257,NIKE,
108,OK,DASS SEST,7,139566,1299257,86978,ATAC. MR130027 6MM RECICLADO COR 4085/PET,110CM,15816418,156,134313,15815475NBR3282904,11/06/2026,21/09/2026,32,,21/09/26,,,,#N/A,1299257,NIKE,
109,OK,DASS SEST,7,139566,1299257,86978,ATAC. MR130027 6MM RECICLADO COR 4085/PET,110CM,15816418,182,134313,15815476NBR3282904,11/06/2026,21/09/2026,32,,21/09/26,,,,#N/A,1299257,NIKE,
179,OK,DASS SEST,7,139659,1188919,82628,ATAC. MR140014 6MM RECICLADO COR 4085/PET,100CM,15819944,12,134369,15818121NBR3283037,12/06/2026,21/09/2026,32,,21/09/26,,,,#N/A,1188919,NIKE,
180,OK,DASS SEST,7,139659,1188919,82628,ATAC. MR140014 6MM RECICLADO COR 4085/PET,105CM,15819944,369,134369,15818121NBR3283037,12/06/2026,21/09/2026,32,,21/09/26,,,,#N/A,1188919,NIKE,
181,OK,DASS SEST,7,139659,1188919,82628,ATAC. MR140014 6MM RECICLADO COR 4085/PET,110CM,15819944,557,134369,15818121NBR3283037,12/06/2026,21/09/2026,32,,21/09/26,,,,#N/A,1188919,NIKE,
182,OK,DASS SEST,7,139659,1188919,82628,ATAC. MR140014 6MM RECICLADO COR 4085/PET,115CM,15819944,73,134369,15818121NBR3283037,12/06/2026,21/09/2026,32,,21/09/26,,,,#N/A,1188919,NIKE,
183,OK,DASS SEST,7,139659,1278311,86418,ATAC. MR140014 6MM RECICLADO COR 4662/PET,100CM,15819944,590,134369,15818137NBR3282844,12/06/2026,21/09/2026,32,,21/09/26,,,,#N/A,1278311,NIKE,
184,OK,DASS SEST,7,139659,1278311,86418,ATAC. MR140014 6MM RECICLADO COR 4662/PET,100CM,15819944,642,134369,15818138NBR3282844,12/06/2026,21/09/2026,32,,21/09/26,,,,#N/A,1278311,NIKE,
185,OK,DASS SEST,7,139659,1278311,86418,ATAC. MR140014 6MM RECICLADO COR 4662/PET,105CM,15819944,319,134369,15818137NBR3282844,12/06/2026,21/09/2026,32,,21/09/26,,,,#N/A,1278311,NIKE,
186,OK,DASS SEST,7,139659,1278311,86418,ATAC. MR140014 6MM RECICLADO COR 4662/PET,105CM,15819944,305,134369,15818138NBR3282844,12/06/2026,21/09/2026,32,,21/09/26,,,,#N/A,1278311,NIKE,
187,OK,DASS SEST,7,139659,1262674,86842,ATAC. MR140014 6MM RECICLADO COR 5552/PET,100CM,15819944,12,134369,15818132NBR3282889,12/06/2026,21/09/2026,32,,21/09/26,,,,#N/A,1262674,NIKE,
188,OK,DASS SEST,7,139659,1262674,86842,ATAC. MR140014 6MM RECICLADO COR 5552/PET,105CM,15819944,369,134369,15818132NBR3282889,12/06/2026,21/09/2026,32,,21/09/26,,,,#N/A,1262674,NIKE,
189,OK,DASS SEST,7,139659,1262674,86842,ATAC. MR140014 6MM RECICLADO COR 5552/PET,110CM,15819944,557,134369,15818132NBR3282889,12/06/2026,21/09/2026,32,,21/09/26,,,,#N/A,1262674,NIKE,
190,OK,DASS SEST,7,139659,1262674,86842,ATAC. MR140014 6MM RECICLADO COR 5552/PET,115CM,15819944,73,134369,15818132NBR3282889,12/06/2026,21/09/2026,32,,21/09/26,,,,#N/A,1262674,NIKE,
463,OK,DASS SEST,7,140130,1188919,82628,ATAC. MR140014 6MM RECICLADO COR 4085/PET,100CM,15855792,96,134821,15851086NBR3283097,25/06/2026,21/09/2026,32,,21/09/26,,,,#N/A,1188919,NIKE,
464,OK,DASS SEST,7,140130,1188919,82628,ATAC. MR140014 6MM RECICLADO COR 4085/PET,100CM,15855792,102,134821,15851087NBR3283097,25/06/2026,21/09/2026,32,,21/09/26,,,,#N/A,1188919,NIKE,
465,OK,DASS SEST,7,140130,1188919,82628,ATAC. MR140014 6MM RECICLADO COR 4085/PET,105CM,15855792,686,134821,15851086NBR3283097,25/06/2026,21/09/2026,32,,21/09/26,,,,#N/A,1188919,NIKE,
466,OK,DASS SEST,7,140130,1188919,82628,ATAC. MR140014 6MM RECICLADO COR 4085/PET,105CM,15855792,708,134821,15851087NBR3283097,25/06/2026,21/09/2026,32,,21/09/26,,,,#N/A,1188919,NIKE,
467,OK,DASS SEST,7,140130,1188919,82628,ATAC. MR140014 6MM RECICLADO COR 4085/PET,105CM,15855792,156,134821,15851081NBR3283140,25/06/2026,21/09/2026,32,,21/09/26,,,,#N/A,1188919,NIKE,
468,OK,DASS SEST,7,140130,1188919,82628,ATAC. MR140014 6MM RECICLADO COR 4085/PET,105CM,15855792,162,134821,15851082NBR3283140,25/06/2026,21/09/2026,32,,21/09/26,,,,#N/A,1188919,NIKE,
469,OK,DASS SEST,7,140130,1188919,82628,ATAC. MR140014 6MM RECICLADO COR 4085/PET,110CM,15855792,48,134821,15851086NBR3283097,25/06/2026,21/09/2026,32,,21/09/26,,,,#N/A,1188919,NIKE,
470,OK,DASS SEST,7,140130,1188919,82628,ATAC. MR140014 6MM RECICLADO COR 4085/PET,110CM,15855792,36,134821,15851087NBR3283097,25/06/2026,21/09/2026,32,,21/09/26,,,,#N/A,1188919,NIKE,
471,OK,DASS SEST,7,140130,1188919,82628,ATAC. MR140014 6MM RECICLADO COR 4085/PET,110CM,15855792,464,134821,15851081NBR3283140,25/06/2026,21/09/2026,32,,21/09/26,,,,#N/A,1188919,NIKE,
472,OK,DASS SEST,7,140130,1188919,82628,ATAC. MR140014 6MM RECICLADO COR 4085/PET,110CM,15855792,450,134821,15851082NBR3283140,25/06/2026,21/09/2026,32,,21/09/26,,,,#N/A,1188919,NIKE,
473,OK,DASS SEST,7,140130,1188919,82628,ATAC. MR140014 6MM RECICLADO COR 4085/PET,115CM,15855792,180,134821,15851081NBR3283140,25/06/2026,21/09/2026,32,,21/09/26,,,,#N/A,1188919,NIKE,
474,OK,DASS SEST,7,140130,1188919,82628,ATAC. MR140014 6MM RECICLADO COR 4085/PET,115CM,15855792,186,134821,15851082NBR3283140,25/06/2026,21/09/2026,32,,21/09/26,,,,#N/A,1188919,NIKE,
475,OK,DASS SEST,7,140130,1102648,93674,ATAC. MR140023 RECICLADO COR 4085/PET,100CM,15855792,96,134821,15851078NBR3283086,25/06/2026,21/09/2026,32,,21/09/26,,,,#N/A,1102648,NIKE,
476,OK,DASS SEST,7,140130,1102648,93674,ATAC. MR140023 RECICLADO COR 4085/PET,105CM,15855792,716,134821,15851078NBR3283086,25/06/2026,21/09/2026,32,,21/09/26,,,,#N/A,1102648,NIKE,
477,OK,DASS SEST,7,140130,1102648,93674,ATAC. MR140023 RECICLADO COR 4085/PET,110CM,15855792,198,134821,15851078NBR3283086,25/06/2026,21/09/2026,32,,21/09/26,,,,#N/A,1102648,NIKE,
478,OK,DASS SEST,7,140130,1304277,88668,ATAC. MR110022 7MM RECICLADO COR 4085/PET / COR 496/PET,110CM,15855792,348,134821,15851097NBR3283028,25/06/2026,21/09/2026,32,,21/09/26,,,,#N/A,1304277,NIKE,
479,OK,DASS SEST,7,140130,1304277,88668,ATAC. MR110022 7MM RECICLADO COR 4085/PET / COR 496/PET,110CM,15855792,722,134821,15851103NBR3283091,25/06/2026,21/09/2026,32,,21/09/26,,,,#N/A,1304277,NIKE,
480,OK,DASS SEST,7,140130,1304277,88668,ATAC. MR110022 7MM RECICLADO COR 4085/PET / COR 496/PET,110CM,15855792,744,134821,15851104NBR3283091,25/06/2026,21/09/2026,32,,21/09/26,,,,#N/A,1304277,NIKE,
481,OK,DASS SEST,7,140130,1304277,88668,ATAC. MR110022 7MM RECICLADO COR 4085/PET / COR 496/PET,110CM,15855792,192,134821,15851092NBR3283095,25/06/2026,21/09/2026,32,,21/09/26,,,,#N/A,1304277,NIKE,
482,OK,DASS SEST,7,140130,1304277,88668,ATAC. MR110022 7MM RECICLADO COR 4085/PET / COR 496/PET,110CM,15855792,180,134821,15851093NBR3283095,25/06/2026,21/09/2026,32,,21/09/26,,,,#N/A,1304277,NIKE,
483,OK,DASS SEST,7,140130,1304277,88668,ATAC. MR110022 7MM RECICLADO COR 4085/PET / COR 496/PET,110CM,15855792,228,134821,15851094NBR3283095,25/06/2026,21/09/2026,32,,21/09/26,,,,#N/A,1304277,NIKE,
484,OK,DASS SEST,7,140130,1304277,88668,ATAC. MR110022 7MM RECICLADO COR 4085/PET / COR 496/PET,110CM,15855792,204,134821,15851095NBR3283101,25/06/2026,21/09/2026,32,,21/09/26,,,,#N/A,1304277,NIKE,
485,OK,DASS SEST,7,140130,1304277,88668,ATAC. MR110022 7MM RECICLADO COR 4085/PET / COR 496/PET,110CM,15855792,1012,134821,15854347NEX0000083,25/06/2026,21/09/2026,32,,21/09/26,,,,#N/A,1304277,NIKE,
486,OK,DASS SEST,7,140130,1304277,88668,ATAC. MR110022 7MM RECICLADO COR 4085/PET / COR 496/PET,110CM,15855792,972,134821,15854348NEX0000083,25/06/2026,21/09/2026,32,,21/09/26,,,,#N/A,1304277,NIKE,
487,OK,DASS SEST,7,140130,1304277,88668,ATAC. MR110022 7MM RECICLADO COR 4085/PET / COR 496/PET,110CM,15855792,1056,134821,15854349NEX0000083,25/06/2026,21/09/2026,32,,21/09/26,,,,#N/A,1304277,NIKE,
488,OK,DASS SEST,7,140130,1304277,88668,ATAC. MR110022 7MM RECICLADO COR 4085/PET / COR 496/PET,115CM,15855792,848,134821,15851097NBR3283028,25/06/2026,21/09/2026,32,,21/09/26,,,,#N/A,1304277,NIKE,
489,OK,DASS SEST,7,140130,1304277,88668,ATAC. MR110022 7MM RECICLADO COR 4085/PET / COR 496/PET,115CM,15855792,18,134821,15851103NBR3283091,25/06/2026,21/09/2026,32,,21/09/26,,,,#N/A,1304277,NIKE,
490,OK,DASS SEST,7,140130,1304277,88668,ATAC. MR110022 7MM RECICLADO COR 4085/PET / COR 496/PET,115CM,15855792,525,134821,15851092NBR3283095,25/06/2026,21/09/2026,32,,21/09/26,,,,#N/A,1304277,NIKE,
491,OK,DASS SEST,7,140130,1304277,88668,ATAC. MR110022 7MM RECICLADO COR 4085/PET / COR 496/PET,115CM,15855792,516,134821,15851093NBR3283095,25/06/2026,21/09/2026,32,,21/09/26,,,,#N/A,1304277,NIKE,
492,OK,DASS SEST,7,140130,1304277,88668,ATAC. MR110022 7MM RECICLADO COR 4085/PET / COR 496/PET,115CM,15855792,528,134821,15851094NBR3283095,25/06/2026,21/09/2026,32,,21/09/26,,,,#N/A,1304277,NIKE,
493,OK,DASS SEST,7,140130,1304277,88668,ATAC. MR110022 7MM RECICLADO COR 4085/PET / COR 496/PET,115CM,15855792,788,134821,15851095NBR3283101,25/06/2026,21/09/2026,32,,21/09/26,,,,#N/A,1304277,NIKE,
494,OK,DASS SEST,7,140130,1304277,88668,ATAC. MR110022 7MM RECICLADO COR 4085/PET / COR 496/PET,115CM,15855792,198,134821,15854347NEX0000083,25/06/2026,21/09/2026,32,,21/09/26,,,,#N/A,1304277,NIKE,
495,OK,DASS SEST,7,140130,1304277,88668,ATAC. MR110022 7MM RECICLADO COR 4085/PET / COR 496/PET,115CM,15855792,108,134821,15854348NEX0000083,25/06/2026,21/09/2026,32,,21/09/26,,,,#N/A,1304277,NIKE,
496,OK,DASS SEST,7,140130,1304277,88668,ATAC. MR110022 7MM RECICLADO COR 4085/PET / COR 496/PET,115CM,15855792,24,134821,15854349NEX0000083,25/06/2026,21/09/2026,32,,21/09/26,,,,#N/A,1304277,NIKE,
497,OK,DASS SEST,7,140130,1304277,88668,ATAC. MR110022 7MM RECICLADO COR 4085/PET / COR 496/PET,120CM,15855792,180,134821,15851097NBR3283028,25/06/2026,21/09/2026,32,,21/09/26,,,,#N/A,1304277,NIKE,
498,OK,DASS SEST,7,140130,1304277,88668,ATAC. MR110022 7MM RECICLADO COR 4085/PET / COR 496/PET,120CM,15855792,132,134821,15851092NBR3283095,25/06/2026,21/09/2026,32,,21/09/26,,,,#N/A,1304277,NIKE,
499,OK,DASS SEST,7,140130,1304277,88668,ATAC. MR110022 7MM RECICLADO COR 4085/PET / COR 496/PET,120CM,15855792,120,134821,15851093NBR3283095,25/06/2026,21/09/2026,32,,21/09/26,,,,#N/A,1304277,NIKE,
500,OK,DASS SEST,7,140130,1304277,88668,ATAC. MR110022 7MM RECICLADO COR 4085/PET / COR 496/PET,120CM,15855792,144,134821,15851094NBR3283095,25/06/2026,21/09/2026,32,,21/09/26,,,,#N/A,1304277,NIKE,
501,OK,DASS SEST,7,140130,1304277,88668,ATAC. MR110022 7MM RECICLADO COR 4085/PET / COR 496/PET,120CM,15855792,198,134821,15851095NBR3283101,25/06/2026,21/09/2026,32,,21/09/26,,,,#N/A,1304277,NIKE,
502,OK,DASS SEST,7,140130,1413117,95026,ATAC. MR110022 7MM RECICLADO COR 6146/PET / COR 492/PET,110CM,15855792,216,134821,15851110NBR3283026,25/06/2026,21/09/2026,32,,21/09/26,,,,#N/A,1413117,NIKE,
503,OK,DASS SEST,7,140130,1413117,95026,ATAC. MR110022 7MM RECICLADO COR 6146/PET / COR 492/PET,110CM,15855792,222,134821,15851111NBR3283026,25/06/2026,21/09/2026,32,,21/09/26,,,,#N/A,1413117,NIKE,
504,OK,DASS SEST,7,140130,1413117,95026,ATAC. MR110022 7MM RECICLADO COR 6146/PET / COR 492/PET,115CM,15855792,584,134821,15851110NBR3283026,25/06/2026,21/09/2026,32,,21/09/26,,,,#N/A,1413117,NIKE,
505,OK,DASS SEST,7,140130,1413117,95026,ATAC. MR110022 7MM RECICLADO COR 6146/PET / COR 492/PET,115CM,15855792,576,134821,15851111NBR3283026,25/06/2026,21/09/2026,32,,21/09/26,,,,#N/A,1413117,NIKE,
506,OK,DASS SEST,7,140130,1413117,95026,ATAC. MR110022 7MM RECICLADO COR 6146/PET / COR 492/PET,120CM,15855792,120,134821,15851110NBR3283026,25/06/2026,21/09/2026,32,,21/09/26,,,,#N/A,1413117,NIKE,
507,OK,DASS SEST,7,140130,1413117,95026,ATAC. MR110022 7MM RECICLADO COR 6146/PET / COR 492/PET,120CM,15855792,138,134821,15851111NBR3283026,25/06/2026,21/09/2026,32,,21/09/26,,,,#N/A,1413117,NIKE,
508,OK,DASS SEST,7,140130,1424201,95897,ATAC. MR110022 7MM RECICLADO COR 4662/PET / COR 4638/PET,110CM,15855792,855,134821,15851129NBR3283027,25/06/2026,21/09/2026,32,,21/09/26,,,,#N/A,1424201,NIKE,
509,OK,DASS SEST,7,140130,1424201,95897,ATAC. MR110022 7MM RECICLADO COR 4662/PET / COR 4638/PET,110CM,15855792,852,134821,15851130NBR3283027,25/06/2026,21/09/2026,32,,21/09/26,,,,#N/A,1424201,NIKE,
510,OK,DASS SEST,7,140130,1424201,95897,ATAC. MR110022 7MM RECICLADO COR 4662/PET / COR 4638/PET,110CM,15855792,918,134821,15851131NBR3283027,25/06/2026,21/09/2026,32,,21/09/26,,,,#N/A,1424201,NIKE,
511,OK,DASS SEST,7,140130,1424201,95897,ATAC. MR110022 7MM RECICLADO COR 4662/PET / COR 4638/PET,115CM,15855792,42,134821,15851129NBR3283027,25/06/2026,21/09/2026,32,,21/09/26,,,,#N/A,1424201,NIKE,
512,OK,DASS SEST,7,140130,1424201,95897,ATAC. MR110022 7MM RECICLADO COR 4662/PET / COR 4638/PET,115CM,15855792,24,134821,15851130NBR3283027,25/06/2026,21/09/2026,32,,21/09/26,,,,#N/A,1424201,NIKE,
513,OK,DASS SEST,7,140130,1424204,95898,ATAC. MR110022 7MM RECICLADO COR 6222/PET / COR 4259/PET,110CM,15855792,192,134821,15851116NBR3283041,25/06/2026,21/09/2026,32,,21/09/26,,,,#N/A,1424204,NIKE,
514,OK,DASS SEST,7,140130,1424204,95898,ATAC. MR110022 7MM RECICLADO COR 6222/PET / COR 4259/PET,110CM,15855792,216,134821,15851117NBR3283041,25/06/2026,21/09/2026,32,,21/09/26,,,,#N/A,1424204,NIKE,
515,OK,DASS SEST,7,140130,1424204,95898,ATAC. MR110022 7MM RECICLADO COR 6222/PET / COR 4259/PET,115CM,15855792,596,134821,15851116NBR3283041,25/06/2026,21/09/2026,32,,21/09/26,,,,#N/A,1424204,NIKE,
516,OK,DASS SEST,7,140130,1424204,95898,ATAC. MR110022 7MM RECICLADO COR 6222/PET / COR 4259/PET,115CM,15855792,618,134821,15851117NBR3283041,25/06/2026,21/09/2026,32,,21/09/26,,,,#N/A,1424204,NIKE,
517,OK,DASS SEST,7,140130,1424204,95898,ATAC. MR110022 7MM RECICLADO COR 6222/PET / COR 4259/PET,120CM,15855792,180,134821,15851116NBR3283041,25/06/2026,21/09/2026,32,,21/09/26,,,,#N/A,1424204,NIKE,
518,OK,DASS SEST,7,140130,1424204,95898,ATAC. MR110022 7MM RECICLADO COR 6222/PET / COR 4259/PET,120CM,15855792,186,134821,15851117NBR3283041,25/06/2026,21/09/2026,32,,21/09/26,,,,#N/A,1424204,NIKE,
519,OK,DASS SEST,7,140130,1424203,95899,ATAC. MR110022 7MM RECICLADO COR 4085/PET / COR 422/PET,110CM,15855792,650,134821,15851126NBR3282873,25/06/2026,21/09/2026,32,,21/09/26,,,,#N/A,1424203,NIKE,
520,OK,DASS SEST,7,140130,1424203,95899,ATAC. MR110022 7MM RECICLADO COR 4085/PET / COR 422/PET,110CM,15855792,726,134821,15851127NBR3282873,25/06/2026,21/09/2026,32,,21/09/26,,,,#N/A,1424203,NIKE,
521,OK,DASS SEST,7,140130,1424203,95899,ATAC. MR110022 7MM RECICLADO COR 4085/PET / COR 422/PET,115CM,15855792,36,134821,15851126NBR3282873,25/06/2026,21/09/2026,32,,21/09/26,,,,#N/A,1424203,NIKE,
522,OK,DASS SEST,7,140130,1424203,95899,ATAC. MR110022 7MM RECICLADO COR 4085/PET / COR 422/PET,115CM,15855792,36,134821,15851127NBR3282873,25/06/2026,21/09/2026,32,,21/09/26,,,,#N/A,1424203,NIKE,
523,OK,DASS SEST,7,140130,1424205,95900,ATAC. MR110022 7MM RECICLADO COR 057/PET / COR 5946/PET,110CM,15855792,300,134821,15851114NBR3283042,25/06/2026,21/09/2026,32,,21/09/26,,,,#N/A,1424205,NIKE,
524,OK,DASS SEST,7,140130,1424205,95900,ATAC. MR110022 7MM RECICLADO COR 057/PET / COR 5946/PET,110CM,15855792,330,134821,15851115NBR3283042,25/06/2026,21/09/2026,32,,21/09/26,,,,#N/A,1424205,NIKE,
525,OK,DASS SEST,7,140130,1424205,95900,ATAC. MR110022 7MM RECICLADO COR 057/PET / COR 5946/PET,115CM,15855792,723,134821,15851114NBR3283042,25/06/2026,21/09/2026,32,,21/09/26,,,,#N/A,1424205,NIKE,
526,OK,DASS SEST,7,140130,1424205,95900,ATAC. MR110022 7MM RECICLADO COR 057/PET / COR 5946/PET,115CM,15855792,738,134821,15851115NBR3283042,25/06/2026,21/09/2026,32,,21/09/26,,,,#N/A,1424205,NIKE,
527,OK,DASS SEST,7,140130,1424205,95900,ATAC. MR110022 7MM RECICLADO COR 057/PET / COR 5946/PET,120CM,15855792,144,134821,15851114NBR3283042,25/06/2026,21/09/2026,32,,21/09/26,,,,#N/A,1424205,NIKE,
528,OK,DASS SEST,7,140130,1424205,95900,ATAC. MR110022 7MM RECICLADO COR 057/PET / COR 5946/PET,120CM,15855792,168,134821,15851115NBR3283042,25/06/2026,21/09/2026,32,,21/09/26,,,,#N/A,1424205,NIKE,
606,OK,DASS SEST,7,140190,1188919,82628,ATAC. MR140014 6MM RECICLADO COR 4085/PET,100CM,15872670,216,134940,15866740NBR3283049,26/06/2026,21/09/2026,32,,21/09/26,,,,#N/A,1188919,NIKE,
607,OK,DASS SEST,7,140190,1188919,82628,ATAC. MR140014 6MM RECICLADO COR 4085/PET,100CM,15872670,204,134940,15866741NBR3283049,26/06/2026,21/09/2026,32,,21/09/26,,,,#N/A,1188919,NIKE,
608,OK,DASS SEST,7,140190,1188919,82628,ATAC. MR140014 6MM RECICLADO COR 4085/PET,100CM,15872670,222,134940,15866742NBR3283049,26/06/2026,21/09/2026,32,,21/09/26,,,,#N/A,1188919,NIKE,
609,OK,DASS SEST,7,140190,1188919,82628,ATAC. MR140014 6MM RECICLADO COR 4085/PET,105CM,15872670,675,134940,15866740NBR3283049,26/06/2026,21/09/2026,32,,21/09/26,,,,#N/A,1188919,NIKE,
610,OK,DASS SEST,7,140190,1188919,82628,ATAC. MR140014 6MM RECICLADO COR 4085/PET,105CM,15872670,648,134940,15866741NBR3283049,26/06/2026,21/09/2026,32,,21/09/26,,,,#N/A,1188919,NIKE,
611,OK,DASS SEST,7,140190,1188919,82628,ATAC. MR140014 6MM RECICLADO COR 4085/PET,105CM,15872670,714,134940,15866742NBR3283049,26/06/2026,21/09/2026,32,,21/09/26,,,,#N/A,1188919,NIKE,
612,OK,DASS SEST,7,140190,1188919,82628,ATAC. MR140014 6MM RECICLADO COR 4085/PET,105CM,15872670,324,134940,15866713NBR3283058,26/06/2026,21/09/2026,32,,21/09/26,,,,#N/A,1188919,NIKE,
613,OK,DASS SEST,7,140190,1188919,82628,ATAC. MR140014 6MM RECICLADO COR 4085/PET,110CM,15872670,12,134940,15866740NBR3283049,26/06/2026,21/09/2026,32,,21/09/26,,,,#N/A,1188919,NIKE,
614,OK,DASS SEST,7,140190,1188919,82628,ATAC. MR140014 6MM RECICLADO COR 4085/PET,110CM,15872670,914,134940,15866713NBR3283058,26/06/2026,21/09/2026,32,,21/09/26,,,,#N/A,1188919,NIKE,
615,OK,DASS SEST,7,140190,1188919,82628,ATAC. MR140014 6MM RECICLADO COR 4085/PET,115CM,15872670,300,134940,15866713NBR3283058,26/06/2026,21/09/2026,32,,21/09/26,,,,#N/A,1188919,NIKE,
616,OK,DASS SEST,7,140190,1278311,86418,ATAC. MR140014 6MM RECICLADO COR 4662/PET,100CM,15872670,192,134940,15866752NBR3283050,26/06/2026,21/09/2026,32,,21/09/26,,,,#N/A,1278311,NIKE,
617,OK,DASS SEST,7,140190,1278311,86418,ATAC. MR140014 6MM RECICLADO COR 4662/PET,100CM,15872670,210,134940,15866753NBR3283050,26/06/2026,21/09/2026,32,,21/09/26,,,,#N/A,1278311,NIKE,
618,OK,DASS SEST,7,140190,1278311,86418,ATAC. MR140014 6MM RECICLADO COR 4662/PET,100CM,15872670,192,134940,15866754NBR3283063,26/06/2026,21/09/2026,32,,21/09/26,,,,#N/A,1278311,NIKE,
619,OK,DASS SEST,7,140190,1278311,86418,ATAC. MR140014 6MM RECICLADO COR 4662/PET,100CM,15872670,210,134940,15866755NBR3283063,26/06/2026,21/09/2026,32,,21/09/26,,,,#N/A,1278311,NIKE,
620,OK,DASS SEST,7,140190,1278311,86418,ATAC. MR140014 6MM RECICLADO COR 4662/PET,100CM,15872670,192,134940,15866756NBR3283073,26/06/2026,21/09/2026,32,,21/09/26,,,,#N/A,1278311,NIKE,
621,OK,DASS SEST,7,140190,1278311,86418,ATAC. MR140014 6MM RECICLADO COR 4662/PET,100CM,15872670,204,134940,15866758NBR3283073,26/06/2026,21/09/2026,32,,21/09/26,,,,#N/A,1278311,NIKE,
622,OK,DASS SEST,7,140190,1278311,86418,ATAC. MR140014 6MM RECICLADO COR 4662/PET,105CM,15872670,662,134940,15866752NBR3283050,26/06/2026,21/09/2026,32,,21/09/26,,,,#N/A,1278311,NIKE,
623,OK,DASS SEST,7,140190,1278311,86418,ATAC. MR140014 6MM RECICLADO COR 4662/PET,105CM,15872670,684,134940,15866753NBR3283050,26/06/2026,21/09/2026,32,,21/09/26,,,,#N/A,1278311,NIKE,
624,OK,DASS SEST,7,140190,1278311,86418,ATAC. MR140014 6MM RECICLADO COR 4662/PET,105CM,15872670,120,134940,15866715NBR3283060,26/06/2026,21/09/2026,32,,21/09/26,,,,#N/A,1278311,NIKE,
625,OK,DASS SEST,7,140190,1278311,86418,ATAC. MR140014 6MM RECICLADO COR 4662/PET,105CM,15872670,102,134940,15866716NBR3283060,26/06/2026,21/09/2026,32,,21/09/26,,,,#N/A,1278311,NIKE,
626,OK,DASS SEST,7,140190,1278311,86418,ATAC. MR140014 6MM RECICLADO COR 4662/PET,105CM,15872670,662,134940,15866754NBR3283063,26/06/2026,21/09/2026,32,,21/09/26,,,,#N/A,1278311,NIKE,
627,OK,DASS SEST,7,140190,1278311,86418,ATAC. MR140014 6MM RECICLADO COR 4662/PET,105CM,15872670,684,134940,15866755NBR3283063,26/06/2026,21/09/2026,32,,21/09/26,,,,#N/A,1278311,NIKE,
628,OK,DASS SEST,7,140190,1278311,86418,ATAC. MR140014 6MM RECICLADO COR 4662/PET,105CM,15872670,120,134940,15866717NBR3283070,26/06/2026,21/09/2026,32,,21/09/26,,,,#N/A,1278311,NIKE,
629,OK,DASS SEST,7,140190,1278311,86418,ATAC. MR140014 6MM RECICLADO COR 4662/PET,105CM,15872670,102,134940,15866718NBR3283070,26/06/2026,21/09/2026,32,,21/09/26,,,,#N/A,1278311,NIKE,
630,OK,DASS SEST,7,140190,1278311,86418,ATAC. MR140014 6MM RECICLADO COR 4662/PET,105CM,15872670,638,134940,15866756NBR3283073,26/06/2026,21/09/2026,32,,21/09/26,,,,#N/A,1278311,NIKE,
631,OK,DASS SEST,7,140190,1278311,86418,ATAC. MR140014 6MM RECICLADO COR 4662/PET,105CM,15872670,690,134940,15866758NBR3283073,26/06/2026,21/09/2026,32,,21/09/26,,,,#N/A,1278311,NIKE,
632,OK,DASS SEST,7,140190,1278311,86418,ATAC. MR140014 6MM RECICLADO COR 4662/PET,110CM,15872670,24,134940,15866752NBR3283050,26/06/2026,21/09/2026,32,,21/09/26,,,,#N/A,1278311,NIKE,
633,OK,DASS SEST,7,140190,1278311,86418,ATAC. MR140014 6MM RECICLADO COR 4662/PET,110CM,15872670,626,134940,15866715NBR3283060,26/06/2026,21/09/2026,32,,21/09/26,,,,#N/A,1278311,NIKE,
634,OK,DASS SEST,7,140190,1278311,86418,ATAC. MR140014 6MM RECICLADO COR 4662/PET,110CM,15872670,636,134940,15866716NBR3283060,26/06/2026,21/09/2026,32,,21/09/26,,,,#N/A,1278311,NIKE,
635,OK,DASS SEST,7,140190,1278311,86418,ATAC. MR140014 6MM RECICLADO COR 4662/PET,110CM,15872670,24,134940,15866754NBR3283063,26/06/2026,21/09/2026,32,,21/09/26,,,,#N/A,1278311,NIKE,
636,OK,DASS SEST,7,140190,1278311,86418,ATAC. MR140014 6MM RECICLADO COR 4662/PET,110CM,15872670,626,134940,15866717NBR3283070,26/06/2026,21/09/2026,32,,21/09/26,,,,#N/A,1278311,NIKE,
637,OK,DASS SEST,7,140190,1278311,86418,ATAC. MR140014 6MM RECICLADO COR 4662/PET,110CM,15872670,636,134940,15866718NBR3283070,26/06/2026,21/09/2026,32,,21/09/26,,,,#N/A,1278311,NIKE,
638,OK,DASS SEST,7,140190,1278311,86418,ATAC. MR140014 6MM RECICLADO COR 4662/PET,110CM,15872670,24,134940,15866756NBR3283073,26/06/2026,21/09/2026,32,,21/09/26,,,,#N/A,1278311,NIKE,
639,OK,DASS SEST,7,140190,1278311,86418,ATAC. MR140014 6MM RECICLADO COR 4662/PET,115CM,15872670,204,134940,15866715NBR3283060,26/06/2026,21/09/2026,32,,21/09/26,,,,#N/A,1278311,NIKE,
640,OK,DASS SEST,7,140190,1278311,86418,ATAC. MR140014 6MM RECICLADO COR 4662/PET,115CM,15872670,234,134940,15866716NBR3283060,26/06/2026,21/09/2026,32,,21/09/26,,,,#N/A,1278311,NIKE,
641,OK,DASS SEST,7,140190,1278311,86418,ATAC. MR140014 6MM RECICLADO COR 4662/PET,115CM,15872670,204,134940,15866717NBR3283070,26/06/2026,21/09/2026,32,,21/09/26,,,,#N/A,1278311,NIKE,
642,OK,DASS SEST,7,140190,1278311,86418,ATAC. MR140014 6MM RECICLADO COR 4662/PET,115CM,15872670,234,134940,15866718NBR3283070,26/06/2026,21/09/2026,32,,21/09/26,,,,#N/A,1278311,NIKE,
1076,OK,DASS SEST,7,140764,1188919,82628,ATAC. MR140014 6MM RECICLADO COR 4085/PET,105CM,15915180,591,135476,15903700NBR3283149,10/07/2026,21/09/2026,32,,21/09/26,,,,#N/A,1188919,NIKE,
1077,OK,DASS SEST,7,140764,1188919,82628,ATAC. MR140014 6MM RECICLADO COR 4085/PET,105CM,15915180,552,135476,15903702NBR3283149,10/07/2026,21/09/2026,32,,21/09/26,,,,#N/A,1188919,NIKE,
1078,OK,DASS SEST,7,140764,1188919,82628,ATAC. MR140014 6MM RECICLADO COR 4085/PET,105CM,15915180,612,135476,15903703NBR3283149,10/07/2026,21/09/2026,32,,21/09/26,,,,#N/A,1188919,NIKE,
1079,OK,DASS SEST,7,140764,1188919,82628,ATAC. MR140014 6MM RECICLADO COR 4085/PET,110CM,15915180,282,135476,15903700NBR3283149,10/07/2026,21/09/2026,32,,21/09/26,,,,#N/A,1188919,NIKE,
1080,OK,DASS SEST,7,140764,1188919,82628,ATAC. MR140014 6MM RECICLADO COR 4085/PET,110CM,15915180,240,135476,15903702NBR3283149,10/07/2026,21/09/2026,32,,21/09/26,,,,#N/A,1188919,NIKE,
1081,OK,DASS SEST,7,140764,1188919,82628,ATAC. MR140014 6MM RECICLADO COR 4085/PET,110CM,15915180,264,135476,15903703NBR3283149,10/07/2026,21/09/2026,32,,21/09/26,,,,#N/A,1188919,NIKE,
1082,OK,DASS SEST,7,140764,1425212,96072,ATAC. MR140014 6MM RECICLADO COR 6255/PET,105CM,15915180,12,135476,15903694NBR3283155,10/07/2026,21/09/2026,32,,21/09/26,,,,#N/A,1425212,NIKE,
1083,OK,DASS SEST,7,140764,1425212,96072,ATAC. MR140014 6MM RECICLADO COR 6255/PET,105CM,15915180,24,135476,15903695NBR3283155,10/07/2026,21/09/2026,32,,21/09/26,,,,#N/A,1425212,NIKE,
1084,OK,DASS SEST,7,140764,1425212,96072,ATAC. MR140014 6MM RECICLADO COR 6255/PET,110CM,15915180,812,135476,15903694NBR3283155,10/07/2026,21/09/2026,32,,21/09/26,,,,#N/A,1425212,NIKE,
1085,OK,DASS SEST,7,140764,1425212,96072,ATAC. MR140014 6MM RECICLADO COR 6255/PET,110CM,15915180,870,135476,15903695NBR3283155,10/07/2026,21/09/2026,32,,21/09/26,,,,#N/A,1425212,NIKE,
1086,OK,DASS SEST,7,140764,1425212,96072,ATAC. MR140014 6MM RECICLADO COR 6255/PET,115CM,15915180,84,135476,15903694NBR3283155,10/07/2026,21/09/2026,32,,21/09/26,,,,#N/A,1425212,NIKE,
1087,OK,DASS SEST,7,140764,1425212,96072,ATAC. MR140014 6MM RECICLADO COR 6255/PET,115CM,15915180,114,135476,15903695NBR3283155,10/07/2026,21/09/2026,32,,21/09/26,,,,#N/A,1425212,NIKE,
1088,OK,DASS SEST,7,140764,1426514,95893,ATAC. MR130027 6MM RECICLADO COR 6249/PET,110CM,15915180,348,135476,15903723NBR3282884,10/07/2026,21/09/2026,32,,21/09/26,,,,#N/A,1426514,NIKE,
1089,OK,DASS SEST,7,140764,1426514,95893,ATAC. MR130027 6MM RECICLADO COR 6249/PET,115CM,15915180,986,135476,15903723NBR3282884,10/07/2026,21/09/2026,32,,21/09/26,,,,#N/A,1426514,NIKE,
1090,OK,DASS SEST,7,140764,1426514,95893,ATAC. MR130027 6MM RECICLADO COR 6249/PET,120CM,15915180,150,135476,15903723NBR3282884,10/07/2026,21/09/2026,32,,21/09/26,,,,#N/A,1426514,NIKE,
1091,OK,DASS SEST,7,140848,1451084,96119,ATAC. MR130027 6MM RECICLADO COR 5687/PET,110CM,15928195,108,135559,15903707NBR3283055,15/07/2026,21/09/2026,32,,21/09/26,,,,#N/A,1451084,NIKE,
1092,OK,DASS SEST,7,140848,1451084,96119,ATAC. MR130027 6MM RECICLADO COR 5687/PET,110CM,15928195,120,135559,15903708NBR3283055,15/07/2026,21/09/2026,32,,21/09/26,,,,#N/A,1451084,NIKE,
1093,OK,DASS SEST,7,140848,1451084,96119,ATAC. MR130027 6MM RECICLADO COR 5687/PET,110CM,15928195,108,135559,15903709NBR3283066,15/07/2026,21/09/2026,32,,21/09/26,,,,#N/A,1451084,NIKE,
1094,OK,DASS SEST,7,140848,1451084,96119,ATAC. MR130027 6MM RECICLADO COR 5687/PET,110CM,15928195,126,135559,15903710NBR3283066,15/07/2026,21/09/2026,32,,21/09/26,,,,#N/A,1451084,NIKE,
1095,OK,DASS SEST,7,140848,1451084,96119,ATAC. MR130027 6MM RECICLADO COR 5687/PET,110CM,15928195,108,135559,15903711NBR3283068,15/07/2026,21/09/2026,32,,21/09/26,,,,#N/A,1451084,NIKE,
1096,OK,DASS SEST,7,140848,1451084,96119,ATAC. MR130027 6MM RECICLADO COR 5687/PET,110CM,15928195,120,135559,15903714NBR3283068,15/07/2026,21/09/2026,32,,21/09/26,,,,#N/A,1451084,NIKE,
1097,OK,DASS SEST,7,140848,1451084,96119,ATAC. MR130027 6MM RECICLADO COR 5687/PET,115CM,15928195,572,135559,15903707NBR3283055,15/07/2026,21/09/2026,32,,21/09/26,,,,#N/A,1451084,NIKE,
1098,OK,DASS SEST,7,140848,1451084,96119,ATAC. MR130027 6MM RECICLADO COR 5687/PET,115CM,15928195,570,135559,15903708NBR3283055,15/07/2026,21/09/2026,32,,21/09/26,,,,#N/A,1451084,NIKE,
1099,OK,DASS SEST,7,140848,1451084,96119,ATAC. MR130027 6MM RECICLADO COR 5687/PET,115CM,15928195,572,135559,15903709NBR3283066,15/07/2026,21/09/2026,32,,21/09/26,,,,#N/A,1451084,NIKE,
1100,OK,DASS SEST,7,140848,1451084,96119,ATAC. MR130027 6MM RECICLADO COR 5687/PET,115CM,15928195,576,135559,15903710NBR3283066,15/07/2026,21/09/2026,32,,21/09/26,,,,#N/A,1451084,NIKE,
1101,OK,DASS SEST,7,140848,1451084,96119,ATAC. MR130027 6MM RECICLADO COR 5687/PET,115CM,15928195,572,135559,15903711NBR3283068,15/07/2026,21/09/2026,32,,21/09/26,,,,#N/A,1451084,NIKE,
1102,OK,DASS SEST,7,140848,1451084,96119,ATAC. MR130027 6MM RECICLADO COR 5687/PET,115CM,15928195,570,135559,15903714NBR3283068,15/07/2026,21/09/2026,32,,21/09/26,,,,#N/A,1451084,NIKE,
1103,OK,DASS SEST,7,140848,1451084,96119,ATAC. MR130027 6MM RECICLADO COR 5687/PET,120CM,15928195,132,135559,15903707NBR3283055,15/07/2026,21/09/2026,32,,21/09/26,,,,#N/A,1451084,NIKE,
1104,OK,DASS SEST,7,140848,1451084,96119,ATAC. MR130027 6MM RECICLADO COR 5687/PET,120CM,15928195,138,135559,15903708NBR3283055,15/07/2026,21/09/2026,32,,21/09/26,,,,#N/A,1451084,NIKE,
1105,OK,DASS SEST,7,140848,1451084,96119,ATAC. MR130027 6MM RECICLADO COR 5687/PET,120CM,15928195,132,135559,15903709NBR3283066,15/07/2026,21/09/2026,32,,21/09/26,,,,#N/A,1451084,NIKE,
1106,OK,DASS SEST,7,140848,1451084,96119,ATAC. MR130027 6MM RECICLADO COR 5687/PET,120CM,15928195,138,135559,15903710NBR3283066,15/07/2026,21/09/2026,32,,21/09/26,,,,#N/A,1451084,NIKE,
1107,OK,DASS SEST,7,140848,1451084,96119,ATAC. MR130027 6MM RECICLADO COR 5687/PET,120CM,15928195,132,135559,15903711NBR3283068,15/07/2026,21/09/2026,32,,21/09/26,,,,#N/A,1451084,NIKE,
1108,OK,DASS SEST,7,140848,1451084,96119,ATAC. MR130027 6MM RECICLADO COR 5687/PET,120CM,15928195,138,135559,15903714NBR3283068,15/07/2026,21/09/2026,32,,21/09/26,,,,#N/A,1451084,NIKE,
1170,OK,DASS SEST,7,140951,1027849,92568,ATAC. MR110012 8MM RECICLADO COR 4085/PET,115CM,15944095,216,135638,15941755NBR3283291,17/07/2026,21/09/2026,32,,21/09/26,,,,#N/A,1027849,NIKE,
1171,OK,DASS SEST,7,140951,1027849,92568,ATAC. MR110012 8MM RECICLADO COR 4085/PET,115CM,15944095,234,135638,15941756NBR3283291,17/07/2026,21/09/2026,32,,21/09/26,,,,#N/A,1027849,NIKE,
1172,OK,DASS SEST,7,140951,1027849,92568,ATAC. MR110012 8MM RECICLADO COR 4085/PET,115CM,15944095,252,135638,15941750NBR3283294,17/07/2026,21/09/2026,32,,21/09/26,,,,#N/A,1027849,NIKE,
1173,OK,DASS SEST,7,140951,1027849,92568,ATAC. MR110012 8MM RECICLADO COR 4085/PET,115CM,15944095,294,135638,15941751NBR3283294,17/07/2026,21/09/2026,32,,21/09/26,,,,#N/A,1027849,NIKE,
1174,OK,DASS SEST,7,140951,1027849,92568,ATAC. MR110012 8MM RECICLADO COR 4085/PET,120CM,15944095,626,135638,15941755NBR3283291,17/07/2026,21/09/2026,32,,21/09/26,,,,#N/A,1027849,NIKE,
1175,OK,DASS SEST,7,140951,1027849,92568,ATAC. MR110012 8MM RECICLADO COR 4085/PET,120CM,15944095,660,135638,15941756NBR3283291,17/07/2026,21/09/2026,32,,21/09/26,,,,#N/A,1027849,NIKE,
1176,OK,DASS SEST,7,140951,1027849,92568,ATAC. MR110012 8MM RECICLADO COR 4085/PET,120CM,15944095,765,135638,15941750NBR3283294,17/07/2026,21/09/2026,32,,21/09/26,,,,#N/A,1027849,NIKE,
1177,OK,DASS SEST,7,140951,1027849,92568,ATAC. MR110012 8MM RECICLADO COR 4085/PET,120CM,15944095,774,135638,15941751NBR3283294,17/07/2026,21/09/2026,32,,21/09/26,,,,#N/A,1027849,NIKE,
1318,OK,DASS SEST,7,141421,1332602,88808,ATAC. M12176 5MM POLIESTER COR 4085,105CM,16002772,162,136061,16001149NBR3283386,31/07/2026,21/09/2026,32,,21/09/26,,,,#N/A,1332602,NIKE,NORMAL
1319,OK,DASS SEST,7,141421,1332602,88808,ATAC. M12176 5MM POLIESTER COR 4085,105CM,16002772,162,136061,16001153NBR3283386,31/07/2026,21/09/2026,32,,21/09/26,,,,#N/A,1332602,NIKE,NORMAL
1320,OK,DASS SEST,7,141421,1332602,88808,ATAC. M12176 5MM POLIESTER COR 4085,110CM,16002772,446,136061,16001149NBR3283386,31/07/2026,21/09/2026,32,,21/09/26,,,,#N/A,1332602,NIKE,NORMAL
1321,OK,DASS SEST,7,141421,1332602,88808,ATAC. M12176 5MM POLIESTER COR 4085,110CM,16002772,456,136061,16001153NBR3283386,31/07/2026,21/09/2026,32,,21/09/26,,,,#N/A,1332602,NIKE,NORMAL
1322,OK,DASS SEST,7,141421,1332602,88808,ATAC. M12176 5MM POLIESTER COR 4085,115CM,16002772,144,136061,16001149NBR3283386,31/07/2026,21/09/2026,32,,21/09/26,,,,#N/A,1332602,NIKE,NORMAL
1323,OK,DASS SEST,7,141421,1332602,88808,ATAC. M12176 5MM POLIESTER COR 4085,115CM,16002772,150,136061,16001153NBR3283386,31/07/2026,21/09/2026,32,,21/09/26,,,,#N/A,1332602,NIKE,NORMAL
1324,OK,DASS SEST,7,141421,1070873,76555,ATAC. MR130011 5MM RECICLADO COR 4085,105CM,16002772,186,136061,16001170NBR3283397,31/07/2026,21/09/2026,32,,21/09/26,,,,#N/A,1070873,NIKE,NORMAL
1325,OK,DASS SEST,7,141421,1070873,76555,ATAC. MR130011 5MM RECICLADO COR 4085,105CM,16002772,198,136061,16001171NBR3283397,31/07/2026,21/09/2026,32,,21/09/26,,,,#N/A,1070873,NIKE,NORMAL
1326,OK,DASS SEST,7,141421,1070873,76555,ATAC. MR130011 5MM RECICLADO COR 4085,110CM,16002772,518,136061,16001170NBR3283397,31/07/2026,21/09/2026,32,,21/09/26,,,,#N/A,1070873,NIKE,NORMAL
1327,OK,DASS SEST,7,141421,1070873,76555,ATAC. MR130011 5MM RECICLADO COR 4085,110CM,16002772,534,136061,16001171NBR3283397,31/07/2026,21/09/2026,32,,21/09/26,,,,#N/A,1070873,NIKE,NORMAL
1328,OK,DASS SEST,7,141421,1070873,76555,ATAC. MR130011 5MM RECICLADO COR 4085,115CM,16002772,156,136061,16001170NBR3283397,31/07/2026,21/09/2026,32,,21/09/26,,,,#N/A,1070873,NIKE,NORMAL
1329,OK,DASS SEST,7,141421,1070873,76555,ATAC. MR130011 5MM RECICLADO COR 4085,115CM,16002772,186,136061,16001171NBR3283397,31/07/2026,21/09/2026,32,,21/09/26,,,,#N/A,1070873,NIKE,NORMAL
1330,OK,DASS SEST,7,141421,1065806,93661,ATAC. MR110029 RECICLADO COR 4662/PET,130CM,16002772,492,136061,16001125NBR3283377,31/07/2026,21/09/2026,32,,21/09/26,,,,#N/A,1065806,NIKE,NORMAL
1331,OK,DASS SEST,7,141421,1065806,93661,ATAC. MR110029 RECICLADO COR 4662/PET,130CM,16002772,516,136061,16001126NBR3283377,31/07/2026,21/09/2026,32,,21/09/26,,,,#N/A,1065806,NIKE,NORMAL
1332,OK,DASS SEST,7,141421,1065806,93661,ATAC. MR110029 RECICLADO COR 4662/PET,135CM,16002772,488,136061,16001125NBR3283377,31/07/2026,21/09/2026,32,,21/09/26,,,,#N/A,1065806,NIKE,NORMAL
1333,OK,DASS SEST,7,141421,1065806,93661,ATAC. MR110029 RECICLADO COR 4662/PET,135CM,16002772,468,136061,16001126NBR3283377,31/07/2026,21/09/2026,32,,21/09/26,,,,#N/A,1065806,NIKE,NORMAL
1492,OK,DASS SEST,7,141918,1065806,93661,ATAC. MR110029 RECICLADO COR 4662/PET,130CM,16046467,468,136594,16045927NBR3283457,14/08/2026,21/09/2026,32,,21/09/26,,,,#N/A,1065806,NIKE,NORMAL
1493,OK,DASS SEST,7,141918,1065806,93661,ATAC. MR110029 RECICLADO COR 4662/PET,130CM,16046467,504,136594,16045928NBR3283457,14/08/2026,21/09/2026,32,,21/09/26,,,,#N/A,1065806,NIKE,NORMAL
1494,OK,DASS SEST,7,141918,1065806,93661,ATAC. MR110029 RECICLADO COR 4662/PET,130CM,16046467,468,136594,16045933NBR3283460,14/08/2026,21/09/2026,32,,21/09/26,,,,#N/A,1065806,NIKE,NORMAL
1495,OK,DASS SEST,7,141918,1065806,93661,ATAC. MR110029 RECICLADO COR 4662/PET,130CM,16046467,510,136594,16045934NBR3283460,14/08/2026,21/09/2026,32,,21/09/26,,,,#N/A,1065806,NIKE,NORMAL
1496,OK,DASS SEST,7,141918,1065806,93661,ATAC. MR110029 RECICLADO COR 4662/PET,135CM,16046467,494,136594,16045927NBR3283457,14/08/2026,21/09/2026,32,,21/09/26,,,,#N/A,1065806,NIKE,NORMAL
1497,OK,DASS SEST,7,141918,1065806,93661,ATAC. MR110029 RECICLADO COR 4662/PET,135CM,16046467,486,136594,16045928NBR3283457,14/08/2026,21/09/2026,32,,21/09/26,,,,#N/A,1065806,NIKE,NORMAL
1498,OK,DASS SEST,7,141918,1065806,93661,ATAC. MR110029 RECICLADO COR 4662/PET,135CM,16046467,494,136594,16045933NBR3283460,14/08/2026,21/09/2026,32,,21/09/26,,,,#N/A,1065806,NIKE,NORMAL
1499,OK,DASS SEST,7,141918,1065806,93661,ATAC. MR110029 RECICLADO COR 4662/PET,135CM,16046467,486,136594,16045934NBR3283460,14/08/2026,21/09/2026,32,,21/09/26,,,,#N/A,1065806,NIKE,NORMAL
1804,OK,DASS ITABERABA,70,141520,1211117,73237,ATAC. M6034 8MM ALPINA COR 2001,115CM,16007569,300,136155,15997515BRITB00554,03/08/2026,21/09/2026,32,,21/09/26,,,,#N/A,1211117,FILA,NORMAL
1805,OK,DASS ITABERABA,70,141520,1211117,73237,ATAC. M6034 8MM ALPINA COR 2001,125CM,16007569,336,136155,15997515BRITB00554,03/08/2026,21/09/2026,32,,21/09/26,,,,#N/A,1211117,FILA,NORMAL
1806,OK,DASS ITABERABA,70,141520,1331660,90560,ATAC. M6034 8MM ALPINA COR 2383,115CM,16007569,300,136155,15997516BRITB00554,03/08/2026,21/09/2026,32,,21/09/26,,,,#N/A,1331660,FILA,NORMAL
1807,OK,DASS ITABERABA,70,141520,1331660,90560,ATAC. M6034 8MM ALPINA COR 2383,125CM,16007569,348,136155,15997516BRITB00554,03/08/2026,21/09/2026,32,,21/09/26,,,,#N/A,1331660,FILA,NORMAL
1808,OK,DASS ITABERABA,70,141520,1421377,96312,ATAC. M6034C 8MM ALPINA COR 2466,115CM,16007569,348,136155,15997508BRITB00554,03/08/2026,21/09/2026,32,,21/09/26,,,,#N/A,1421377,FILA,NORMAL
1809,OK,DASS ITABERABA,70,141520,1421377,96312,ATAC. M6034C 8MM ALPINA COR 2466,125CM,16007569,372,136155,15997508BRITB00554,03/08/2026,21/09/2026,32,,21/09/26,,,,#N/A,1421377,FILA,NORMAL
1810,OK,DASS ITABERABA,70,141520,1421372,96313,ATAC. M6034C 8MM ALPINA COR 2472,115CM,16007569,240,136155,15997517BRITB00554,03/08/2026,21/09/2026,32,,21/09/26,,,,#N/A,1421372,FILA,NORMAL
1811,OK,DASS ITABERABA,70,141520,1421372,96313,ATAC. M6034C 8MM ALPINA COR 2472,125CM,16007569,288,136155,15997517BRITB00554,03/08/2026,21/09/2026,32,,21/09/26,,,,#N/A,1421372,FILA,NORMAL
1936,OK,DASS SANTO ANTONIO,1526,140523,738316,1053,ELAST. MTM POLIESTER COR 100,6MM,15888467,1388,135198,0,06/07/2026,21/09/2026,32,,21/09/26,,,,#N/A,738316,FILA,
529,OK,DASS SEST,7,140131,1188919,82628,ATAC. MR140014 6MM RECICLADO COR 4085/PET,100CM,15855793,518,134822,15851826NBR3283020,25/06/2026,28/09/2026,39,,28/09/26,,,,#N/A,1188919,NIKE,
530,OK,DASS SEST,7,140131,1188919,82628,ATAC. MR140014 6MM RECICLADO COR 4085/PET,100CM,15855793,558,134822,15851827NBR3283020,25/06/2026,28/09/2026,39,,28/09/26,,,,#N/A,1188919,NIKE,
531,OK,DASS SEST,7,140131,1188919,82628,ATAC. MR140014 6MM RECICLADO COR 4085/PET,100CM,15855793,12,134822,15851825NBR3283038,25/06/2026,28/09/2026,39,,28/09/26,,,,#N/A,1188919,NIKE,
532,OK,DASS SEST,7,140131,1188919,82628,ATAC. MR140014 6MM RECICLADO COR 4085/PET,105CM,15855793,270,134822,15851826NBR3283020,25/06/2026,28/09/2026,39,,28/09/26,,,,#N/A,1188919,NIKE,
533,OK,DASS SEST,7,140131,1188919,82628,ATAC. MR140014 6MM RECICLADO COR 4085/PET,105CM,15855793,282,134822,15851827NBR3283020,25/06/2026,28/09/2026,39,,28/09/26,,,,#N/A,1188919,NIKE,
534,OK,DASS SEST,7,140131,1188919,82628,ATAC. MR140014 6MM RECICLADO COR 4085/PET,105CM,15855793,486,134822,15851825NBR3283038,25/06/2026,28/09/2026,39,,28/09/26,,,,#N/A,1188919,NIKE,
535,OK,DASS SEST,7,140131,1188919,82628,ATAC. MR140014 6MM RECICLADO COR 4085/PET,110CM,15855793,722,134822,15851825NBR3283038,25/06/2026,28/09/2026,39,,28/09/26,,,,#N/A,1188919,NIKE,
536,OK,DASS SEST,7,140131,1188919,82628,ATAC. MR140014 6MM RECICLADO COR 4085/PET,115CM,15855793,90,134822,15851825NBR3283038,25/06/2026,28/09/2026,39,,28/09/26,,,,#N/A,1188919,NIKE,
537,OK,DASS SEST,7,140131,1425163,95896,ATAC. MR140014 6MM RECICLADO COR 6163/PET,100CM,15855793,12,134822,15851846NBR3283046,25/06/2026,28/09/2026,39,,28/09/26,,,,#N/A,1425163,NIKE,
538,OK,DASS SEST,7,140131,1425163,95896,ATAC. MR140014 6MM RECICLADO COR 6163/PET,105CM,15855793,366,134822,15851846NBR3283046,25/06/2026,28/09/2026,39,,28/09/26,,,,#N/A,1425163,NIKE,
539,OK,DASS SEST,7,140131,1425163,95896,ATAC. MR140014 6MM RECICLADO COR 6163/PET,110CM,15855793,554,134822,15851846NBR3283046,25/06/2026,28/09/2026,39,,28/09/26,,,,#N/A,1425163,NIKE,
540,OK,DASS SEST,7,140131,1425163,95896,ATAC. MR140014 6MM RECICLADO COR 6163/PET,115CM,15855793,72,134822,15851846NBR3283046,25/06/2026,28/09/2026,39,,28/09/26,,,,#N/A,1425163,NIKE,
541,OK,DASS SEST,7,140131,1304277,88668,ATAC. MR110022 7MM RECICLADO COR 4085/PET / COR 496/PET,110CM,15855793,270,134822,15851834NBR3283029,25/06/2026,28/09/2026,39,,28/09/26,,,,#N/A,1304277,NIKE,
542,OK,DASS SEST,7,140131,1304277,88668,ATAC. MR110022 7MM RECICLADO COR 4085/PET / COR 496/PET,110CM,15855793,276,134822,15851835NBR3283030,25/06/2026,28/09/2026,39,,28/09/26,,,,#N/A,1304277,NIKE,
543,OK,DASS SEST,7,140131,1304277,88668,ATAC. MR110022 7MM RECICLADO COR 4085/PET / COR 496/PET,110CM,15855793,1088,134822,15851836NBR3283092,25/06/2026,28/09/2026,39,,28/09/26,,,,#N/A,1304277,NIKE,
544,OK,DASS SEST,7,140131,1304277,88668,ATAC. MR110022 7MM RECICLADO COR 4085/PET / COR 496/PET,110CM,15855793,992,134822,15851837NBR3283093,25/06/2026,28/09/2026,39,,28/09/26,,,,#N/A,1304277,NIKE,
545,OK,DASS SEST,7,140131,1304277,88668,ATAC. MR110022 7MM RECICLADO COR 4085/PET / COR 496/PET,110CM,15855793,638,134822,15851838NBR3283094,25/06/2026,28/09/2026,39,,28/09/26,,,,#N/A,1304277,NIKE,
546,OK,DASS SEST,7,140131,1304277,88668,ATAC. MR110022 7MM RECICLADO COR 4085/PET / COR 496/PET,110CM,15855793,696,134822,15851839NBR3283094,25/06/2026,28/09/2026,39,,28/09/26,,,,#N/A,1304277,NIKE,
547,OK,DASS SEST,7,140131,1304277,88668,ATAC. MR110022 7MM RECICLADO COR 4085/PET / COR 496/PET,110CM,15855793,192,134822,15851832NBR3283106,25/06/2026,28/09/2026,39,,28/09/26,,,,#N/A,1304277,NIKE,
548,OK,DASS SEST,7,140131,1304277,88668,ATAC. MR110022 7MM RECICLADO COR 4085/PET / COR 496/PET,110CM,15855793,228,134822,15851833NBR3283106,25/06/2026,28/09/2026,39,,28/09/26,,,,#N/A,1304277,NIKE,
549,OK,DASS SEST,7,140131,1304277,88668,ATAC. MR110022 7MM RECICLADO COR 4085/PET / COR 496/PET,115CM,15855793,758,134822,15851834NBR3283029,25/06/2026,28/09/2026,39,,28/09/26,,,,#N/A,1304277,NIKE,
550,OK,DASS SEST,7,140131,1304277,88668,ATAC. MR110022 7MM RECICLADO COR 4085/PET / COR 496/PET,115CM,15855793,584,134822,15851835NBR3283030,25/06/2026,28/09/2026,39,,28/09/26,,,,#N/A,1304277,NIKE,
551,OK,DASS SEST,7,140131,1304277,88668,ATAC. MR110022 7MM RECICLADO COR 4085/PET / COR 496/PET,115CM,15855793,72,134822,15851836NBR3283092,25/06/2026,28/09/2026,39,,28/09/26,,,,#N/A,1304277,NIKE,
552,OK,DASS SEST,7,140131,1304277,88668,ATAC. MR110022 7MM RECICLADO COR 4085/PET / COR 496/PET,115CM,15855793,12,134822,15851837NBR3283093,25/06/2026,28/09/2026,39,,28/09/26,,,,#N/A,1304277,NIKE,
553,OK,DASS SEST,7,140131,1304277,88668,ATAC. MR110022 7MM RECICLADO COR 4085/PET / COR 496/PET,115CM,15855793,48,134822,15851838NBR3283094,25/06/2026,28/09/2026,39,,28/09/26,,,,#N/A,1304277,NIKE,
554,OK,DASS SEST,7,140131,1304277,88668,ATAC. MR110022 7MM RECICLADO COR 4085/PET / COR 496/PET,115CM,15855793,36,134822,15851839NBR3283094,25/06/2026,28/09/2026,39,,28/09/26,,,,#N/A,1304277,NIKE,
555,OK,DASS SEST,7,140131,1304277,88668,ATAC. MR110022 7MM RECICLADO COR 4085/PET / COR 496/PET,115CM,15855793,560,134822,15851832NBR3283106,25/06/2026,28/09/2026,39,,28/09/26,,,,#N/A,1304277,NIKE,
556,OK,DASS SEST,7,140131,1304277,88668,ATAC. MR110022 7MM RECICLADO COR 4085/PET / COR 496/PET,115CM,15855793,588,134822,15851833NBR3283106,25/06/2026,28/09/2026,39,,28/09/26,,,,#N/A,1304277,NIKE,
557,OK,DASS SEST,7,140131,1304277,88668,ATAC. MR110022 7MM RECICLADO COR 4085/PET / COR 496/PET,120CM,15855793,228,134822,15851834NBR3283029,25/06/2026,28/09/2026,39,,28/09/26,,,,#N/A,1304277,NIKE,
558,OK,DASS SEST,7,140131,1304277,88668,ATAC. MR110022 7MM RECICLADO COR 4085/PET / COR 496/PET,120CM,15855793,198,134822,15851835NBR3283030,25/06/2026,28/09/2026,39,,28/09/26,,,,#N/A,1304277,NIKE,
559,OK,DASS SEST,7,140131,1304277,88668,ATAC. MR110022 7MM RECICLADO COR 4085/PET / COR 496/PET,120CM,15855793,156,134822,15851832NBR3283106,25/06/2026,28/09/2026,39,,28/09/26,,,,#N/A,1304277,NIKE,
560,OK,DASS SEST,7,140131,1304277,88668,ATAC. MR110022 7MM RECICLADO COR 4085/PET / COR 496/PET,120CM,15855793,186,134822,15851833NBR3283106,25/06/2026,28/09/2026,39,,28/09/26,,,,#N/A,1304277,NIKE,
739,OK,DASS SEST,7,140195,1188919,82628,ATAC. MR140014 6MM RECICLADO COR 4085/PET,100CM,15872672,252,134945,15868594NBR3283151,26/06/2026,28/09/2026,39,,28/09/26,,,,#N/A,1188919,NIKE,
740,OK,DASS SEST,7,140195,1188919,82628,ATAC. MR140014 6MM RECICLADO COR 4085/PET,100CM,15872672,276,134945,15868595NBR3283151,26/06/2026,28/09/2026,39,,28/09/2026,,,,#N/A,1188919,NIKE,
741,OK,DASS SEST,7,140195,1188919,82628,ATAC. MR140014 6MM RECICLADO COR 4085/PET,100CM,15872672,252,134945,15868601NBR3283159,26/06/2026,28/09/2026,39,,28/09/2026,,,,#N/A,1188919,NIKE,
742,OK,DASS SEST,7,140195,1188919,82628,ATAC. MR140014 6MM RECICLADO COR 4085/PET,100CM,15872672,276,134945,15868602NBR3283159,26/06/2026,28/09/2026,39,,28/09/2026,,,,#N/A,1188919,NIKE,
743,OK,DASS SEST,7,140195,1188919,82628,ATAC. MR140014 6MM RECICLADO COR 4085/PET,100CM,15872672,252,134945,15868604NBR3283161,26/06/2026,28/09/2026,39,,28/09/2026,,,,#N/A,1188919,NIKE,
744,OK,DASS SEST,7,140195,1188919,82628,ATAC. MR140014 6MM RECICLADO COR 4085/PET,100CM,15872672,276,134945,15868605NBR3283161,26/06/2026,28/09/2026,39,,28/09/2026,,,,#N/A,1188919,NIKE,
745,OK,DASS SEST,7,140195,1188919,82628,ATAC. MR140014 6MM RECICLADO COR 4085/PET,105CM,15872672,324,134945,15868606NBR3283067,26/06/2026,28/09/2026,39,,28/09/2026,,,,#N/A,1188919,NIKE,
746,OK,DASS SEST,7,140195,1188919,82628,ATAC. MR140014 6MM RECICLADO COR 4085/PET,105CM,15872672,915,134945,15868594NBR3283151,26/06/2026,28/09/2026,39,,28/09/2026,,,,#N/A,1188919,NIKE,
747,OK,DASS SEST,7,140195,1188919,82628,ATAC. MR140014 6MM RECICLADO COR 4085/PET,105CM,15872672,954,134945,15868595NBR3283151,26/06/2026,28/09/2026,39,,28/09/2026,,,,#N/A,1188919,NIKE,
748,OK,DASS SEST,7,140195,1188919,82628,ATAC. MR140014 6MM RECICLADO COR 4085/PET,105CM,15872672,915,134945,15868601NBR3283159,26/06/2026,28/09/2026,39,,28/09/2026,,,,#N/A,1188919,NIKE,
749,OK,DASS SEST,7,140195,1188919,82628,ATAC. MR140014 6MM RECICLADO COR 4085/PET,105CM,15872672,954,134945,15868602NBR3283159,26/06/2026,28/09/2026,39,,28/09/2026,,,,#N/A,1188919,NIKE,
750,OK,DASS SEST,7,140195,1188919,82628,ATAC. MR140014 6MM RECICLADO COR 4085/PET,105CM,15872672,915,134945,15868604NBR3283161,26/06/2026,28/09/2026,39,,28/09/2026,,,,#N/A,1188919,NIKE,
751,OK,DASS SEST,7,140195,1188919,82628,ATAC. MR140014 6MM RECICLADO COR 4085/PET,105CM,15872672,954,134945,15868605NBR3283161,26/06/2026,28/09/2026,39,,28/09/2026,,,,#N/A,1188919,NIKE,
752,OK,DASS SEST,7,140195,1188919,82628,ATAC. MR140014 6MM RECICLADO COR 4085/PET,105CM,15872672,348,134945,15868591NBR3283193,26/06/2026,28/09/2026,39,,28/09/2026,,,,#N/A,1188919,NIKE,
753,OK,DASS SEST,7,140195,1188919,82628,ATAC. MR140014 6MM RECICLADO COR 4085/PET,105CM,15872672,348,134945,15868593NBR3283197,26/06/2026,28/09/2026,39,,28/09/2026,,,,#N/A,1188919,NIKE,
754,OK,DASS SEST,7,140195,1188919,82628,ATAC. MR140014 6MM RECICLADO COR 4085/PET,110CM,15872672,914,134945,15868606NBR3283067,26/06/2026,28/09/2026,39,,28/09/2026,,,,#N/A,1188919,NIKE,
755,OK,DASS SEST,7,140195,1188919,82628,ATAC. MR140014 6MM RECICLADO COR 4085/PET,110CM,15872672,18,134945,15868594NBR3283151,26/06/2026,28/09/2026,39,,28/09/2026,,,,#N/A,1188919,NIKE,
756,OK,DASS SEST,7,140195,1188919,82628,ATAC. MR140014 6MM RECICLADO COR 4085/PET,110CM,15872672,24,134945,15868595NBR3283151,26/06/2026,28/09/2026,39,,28/09/2026,,,,#N/A,1188919,NIKE,
757,OK,DASS SEST,7,140195,1188919,82628,ATAC. MR140014 6MM RECICLADO COR 4085/PET,110CM,15872672,18,134945,15868601NBR3283159,26/06/2026,28/09/2026,39,,28/09/2026,,,,#N/A,1188919,NIKE,
758,OK,DASS SEST,7,140195,1188919,82628,ATAC. MR140014 6MM RECICLADO COR 4085/PET,110CM,15872672,24,134945,15868602NBR3283159,26/06/2026,28/09/2026,39,,28/09/2026,,,,#N/A,1188919,NIKE,
759,OK,DASS SEST,7,140195,1188919,82628,ATAC. MR140014 6MM RECICLADO COR 4085/PET,110CM,15872672,18,134945,15868604NBR3283161,26/06/2026,28/09/2026,39,,28/09/2026,,,,#N/A,1188919,NIKE,
760,OK,DASS SEST,7,140195,1188919,82628,ATAC. MR140014 6MM RECICLADO COR 4085/PET,110CM,15872672,24,134945,15868605NBR3283161,26/06/2026,28/09/2026,39,,28/09/2026,,,,#N/A,1188919,NIKE,
761,OK,DASS SEST,7,140195,1188919,82628,ATAC. MR140014 6MM RECICLADO COR 4085/PET,110CM,15872672,902,134945,15868591NBR3283193,26/06/2026,28/09/2026,39,,28/09/2026,,,,#N/A,1188919,NIKE,
762,OK,DASS SEST,7,140195,1188919,82628,ATAC. MR140014 6MM RECICLADO COR 4085/PET,110CM,15872672,902,134945,15868593NBR3283197,26/06/2026,28/09/2026,39,,28/09/2026,,,,#N/A,1188919,NIKE,
763,OK,DASS SEST,7,140195,1188919,82628,ATAC. MR140014 6MM RECICLADO COR 4085/PET,115CM,15872672,300,134945,15868606NBR3283067,26/06/2026,28/09/2026,39,,28/09/2026,,,,#N/A,1188919,NIKE,
764,OK,DASS SEST,7,140195,1188919,82628,ATAC. MR140014 6MM RECICLADO COR 4085/PET,115CM,15872672,270,134945,15868591NBR3283193,26/06/2026,28/09/2026,39,,28/09/2026,,,,#N/A,1188919,NIKE,
765,OK,DASS SEST,7,140195,1188919,82628,ATAC. MR140014 6MM RECICLADO COR 4085/PET,115CM,15872672,270,134945,15868593NBR3283197,26/06/2026,28/09/2026,39,,28/09/2026,,,,#N/A,1188919,NIKE,
766,OK,DASS SEST,7,140195,1269460,85472,ATAC. MR140014 6MM RECICLADO COR 5481/PET,100CM,15872672,204,134945,15868632NBR3283164,26/06/2026,28/09/2026,39,,28/09/2026,,,,#N/A,1269460,NIKE,
767,OK,DASS SEST,7,140195,1269460,85472,ATAC. MR140014 6MM RECICLADO COR 5481/PET,100CM,15872672,222,134945,15868633NBR3283164,26/06/2026,28/09/2026,39,,28/09/2026,,,,#N/A,1269460,NIKE,
768,OK,DASS SEST,7,140195,1269460,85472,ATAC. MR140014 6MM RECICLADO COR 5481/PET,105CM,15872672,783,134945,15868632NBR3283164,26/06/2026,28/09/2026,39,,28/09/2026,,,,#N/A,1269460,NIKE,
769,OK,DASS SEST,7,140195,1269460,85472,ATAC. MR140014 6MM RECICLADO COR 5481/PET,105CM,15872672,834,134945,15868633NBR3283164,26/06/2026,28/09/2026,39,,28/09/2026,,,,#N/A,1269460,NIKE,
770,OK,DASS SEST,7,140195,1269460,85472,ATAC. MR140014 6MM RECICLADO COR 5481/PET,110CM,15872672,42,134945,15868632NBR3283164,26/06/2026,28/09/2026,39,,28/09/2026,,,,#N/A,1269460,NIKE,
771,OK,DASS SEST,7,140195,1269460,85472,ATAC. MR140014 6MM RECICLADO COR 5481/PET,110CM,15872672,36,134945,15868633NBR3283164,26/06/2026,28/09/2026,39,,28/09/2026,,,,#N/A,1269460,NIKE,
772,OK,DASS SEST,7,140195,1278311,86418,ATAC. MR140014 6MM RECICLADO COR 4662/PET,100CM,15872672,180,134945,15868634NBR3283165,26/06/2026,28/09/2026,39,,28/09/2026,,,,#N/A,1278311,NIKE,
773,OK,DASS SEST,7,140195,1278311,86418,ATAC. MR140014 6MM RECICLADO COR 4662/PET,100CM,15872672,192,134945,15868635NBR3283165,26/06/2026,28/09/2026,39,,28/09/2026,,,,#N/A,1278311,NIKE,
774,OK,DASS SEST,7,140195,1278311,86418,ATAC. MR140014 6MM RECICLADO COR 4662/PET,105CM,15872672,312,134945,15868608NBR3283145,26/06/2026,28/09/2026,39,,28/09/2026,,,,#N/A,1278311,NIKE,
775,OK,DASS SEST,7,140195,1278311,86418,ATAC. MR140014 6MM RECICLADO COR 4662/PET,105CM,15872672,746,134945,15868634NBR3283165,26/06/2026,28/09/2026,39,,28/09/2026,,,,#N/A,1278311,NIKE,
776,OK,DASS SEST,7,140195,1278311,86418,ATAC. MR140014 6MM RECICLADO COR 4662/PET,105CM,15872672,774,134945,15868635NBR3283165,26/06/2026,28/09/2026,39,,28/09/2026,,,,#N/A,1278311,NIKE,
777,OK,DASS SEST,7,140195,1278311,86418,ATAC. MR140014 6MM RECICLADO COR 4662/PET,110CM,15872672,848,134945,15868608NBR3283145,26/06/2026,28/09/2026,39,,28/09/2026,,,,#N/A,1278311,NIKE,
778,OK,DASS SEST,7,140195,1278311,86418,ATAC. MR140014 6MM RECICLADO COR 4662/PET,110CM,15872672,36,134945,15868634NBR3283165,26/06/2026,28/09/2026,39,,28/09/2026,,,,#N/A,1278311,NIKE,
779,OK,DASS SEST,7,140195,1278311,86418,ATAC. MR140014 6MM RECICLADO COR 4662/PET,110CM,15872672,36,134945,15868635NBR3283165,26/06/2026,28/09/2026,39,,28/09/2026,,,,#N/A,1278311,NIKE,
780,OK,DASS SEST,7,140195,1278311,86418,ATAC. MR140014 6MM RECICLADO COR 4662/PET,115CM,15872672,126,134945,15868608NBR3283145,26/06/2026,28/09/2026,39,,28/09/2026,,,,#N/A,1278311,NIKE,
886,OK,DASS SEST,7,140291,1454466,95945,ATAC. MR140014 6MM RECICLADO COR 6248/PET,100CM,15874987,240,135013,15868627NBR3283162,30/06/2026,28/09/2026,39,,28/09/2026,,,,#N/A,1454466,NIKE,
887,OK,DASS SEST,7,140291,1454466,95945,ATAC. MR140014 6MM RECICLADO COR 6248/PET,100CM,15874987,252,135013,15868628NBR3283162,30/06/2026,28/09/2026,39,,28/09/2026,,,,#N/A,1454466,NIKE,
888,OK,DASS SEST,7,140291,1454466,95945,ATAC. MR140014 6MM RECICLADO COR 6248/PET,105CM,15874987,843,135013,15868627NBR3283162,30/06/2026,28/09/2026,39,,28/09/2026,,,,#N/A,1454466,NIKE,
889,OK,DASS SEST,7,140291,1454466,95945,ATAC. MR140014 6MM RECICLADO COR 6248/PET,105CM,15874987,864,135013,15868628NBR3283162,30/06/2026,28/09/2026,39,,28/09/2026,,,,#N/A,1454466,NIKE,
890,OK,DASS SEST,7,140291,1454466,95945,ATAC. MR140014 6MM RECICLADO COR 6248/PET,110CM,15874987,30,135013,15868627NBR3283162,30/06/2026,28/09/2026,39,,28/09/2026,,,,#N/A,1454466,NIKE,
891,OK,DASS SEST,7,140291,1454466,95945,ATAC. MR140014 6MM RECICLADO COR 6248/PET,110CM,15874987,24,135013,15868628NBR3283162,30/06/2026,28/09/2026,39,,28/09/2026,,,,#N/A,1454466,NIKE,
984,OK,DASS SEST,7,140756,1435014,95284,ATAC. MR140014 6MM RECICLADO COR 6182/PET,105CM,15915181,6,135473,15903692NBR3283167,10/07/2026,28/09/2026,39,,28/09/2026,,,,#N/A,1435014,NIKE,
985,OK,DASS SEST,7,140756,1435014,95284,ATAC. MR140014 6MM RECICLADO COR 6182/PET,110CM,15915181,896,135473,15903692NBR3283167,10/07/2026,28/09/2026,39,,28/09/2026,,,,#N/A,1435014,NIKE,
986,OK,DASS SEST,7,140756,1435014,95284,ATAC. MR140014 6MM RECICLADO COR 6182/PET,115CM,15915181,144,135473,15903692NBR3283167,10/07/2026,28/09/2026,39,,28/09/2026,,,,#N/A,1435014,NIKE,
987,OK,DASS SEST,7,140756,1299257,86978,ATAC. MR130027 6MM RECICLADO COR 4085/PET,105CM,15915181,444,135473,15903736NBR3283146,10/07/2026,28/09/2026,39,,28/09/2026,,,,#N/A,1299257,NIKE,
988,OK,DASS SEST,7,140756,1299257,86978,ATAC. MR130027 6MM RECICLADO COR 4085/PET,105CM,15915181,468,135473,15903737NBR3283146,10/07/2026,28/09/2026,39,,28/09/2026,,,,#N/A,1299257,NIKE,
989,OK,DASS SEST,7,140756,1299257,86978,ATAC. MR130027 6MM RECICLADO COR 4085/PET,110CM,15915181,507,135473,15903736NBR3283146,10/07/2026,28/09/2026,39,,28/09/2026,,,,#N/A,1299257,NIKE,
990,OK,DASS SEST,7,140756,1299257,86978,ATAC. MR130027 6MM RECICLADO COR 4085/PET,110CM,15915181,534,135473,15903737NBR3283146,10/07/2026,28/09/2026,39,,28/09/2026,,,,#N/A,1299257,NIKE,
991,OK,DASS SEST,7,140756,1299257,86978,ATAC. MR130027 6MM RECICLADO COR 4085/PET,115CM,15915181,36,135473,15903736NBR3283146,10/07/2026,28/09/2026,39,,28/09/2026,,,,#N/A,1299257,NIKE,
992,OK,DASS SEST,7,140756,1299257,86978,ATAC. MR130027 6MM RECICLADO COR 4085/PET,115CM,15915181,36,135473,15903737NBR3283146,10/07/2026,28/09/2026,39,,28/09/2026,,,,#N/A,1299257,NIKE,
993,OK,DASS SEST,7,140756,1301800,88695,ATAC. MR130027 6MM RECICLADO COR 4662/PET,105CM,15915181,612,135473,15903743NBR3282921,10/07/2026,28/09/2026,39,,28/09/2026,,,,#N/A,1301800,NIKE,
994,OK,DASS SEST,7,140756,1301800,88695,ATAC. MR130027 6MM RECICLADO COR 4662/PET,110CM,15915181,662,135473,15903743NBR3282921,10/07/2026,28/09/2026,39,,28/09/2026,,,,#N/A,1301800,NIKE,
995,OK,DASS SEST,7,140756,1301800,88695,ATAC. MR130027 6MM RECICLADO COR 4662/PET,115CM,15915181,24,135473,15903743NBR3282921,10/07/2026,28/09/2026,39,,28/09/2026,,,,#N/A,1301800,NIKE,
996,OK,DASS SEST,7,140756,1409834,93450,ATAC. MR130027 6MM RECICLADO COR 057/PET,110CM,15915181,192,135473,15903730NBR3283142,10/07/2026,28/09/2026,39,,28/09/2026,,,,#N/A,1409834,NIKE,
997,OK,DASS SEST,7,140756,1409834,93450,ATAC. MR130027 6MM RECICLADO COR 057/PET,110CM,15915181,228,135473,15903731NBR3283142,10/07/2026,28/09/2026,39,,28/09/2026,,,,#N/A,1409834,NIKE,
998,OK,DASS SEST,7,140756,1409834,93450,ATAC. MR130027 6MM RECICLADO COR 057/PET,115CM,15915181,662,135473,15903730NBR3283142,10/07/2026,28/09/2026,39,,28/09/2026,,,,#N/A,1409834,NIKE,
999,OK,DASS SEST,7,140756,1409834,93450,ATAC. MR130027 6MM RECICLADO COR 057/PET,115CM,15915181,660,135473,15903731NBR3283142,10/07/2026,28/09/2026,39,,28/09/2026,,,,#N/A,1409834,NIKE,
1000,OK,DASS SEST,7,140756,1409834,93450,ATAC. MR130027 6MM RECICLADO COR 057/PET,120CM,15915181,72,135473,15903730NBR3283142,10/07/2026,28/09/2026,39,,28/09/2026,,,,#N/A,1409834,NIKE,
1001,OK,DASS SEST,7,140756,1409834,93450,ATAC. MR130027 6MM RECICLADO COR 057/PET,120CM,15915181,78,135473,15903731NBR3283142,10/07/2026,28/09/2026,39,,28/09/2026,,,,#N/A,1409834,NIKE,
1002,OK,DASS SEST,7,140756,1426514,95893,ATAC. MR130027 6MM RECICLADO COR 6249/PET,110CM,15915181,270,135473,15903724NBR3282909,10/07/2026,28/09/2026,39,,28/09/2026,,,,#N/A,1426514,NIKE,
1003,OK,DASS SEST,7,140756,1426514,95893,ATAC. MR130027 6MM RECICLADO COR 6249/PET,115CM,15915181,758,135473,15903724NBR3282909,10/07/2026,28/09/2026,39,,28/09/2026,,,,#N/A,1426514,NIKE,
1004,OK,DASS SEST,7,140756,1426514,95893,ATAC. MR130027 6MM RECICLADO COR 6249/PET,120CM,15915181,126,135473,15903724NBR3282909,10/07/2026,28/09/2026,39,,28/09/2026,,,,#N/A,1426514,NIKE,
1200,OK,DASS SEST,7,140955,1425211,96141,ATAC. MR140014 6MM RECICLADO COR 6296/PET,105CM,15944096,735,135658,15942990NBR3283156,20/07/2026,28/09/2026,39,,28/09/2026,,,,#N/A,1425211,NIKE,
1201,OK,DASS SEST,7,140955,1425211,96141,ATAC. MR140014 6MM RECICLADO COR 6296/PET,105CM,15944096,762,135658,15942991NBR3283156,20/07/2026,28/09/2026,39,,28/09/2026,,,,#N/A,1425211,NIKE,
1202,OK,DASS SEST,7,140955,1425211,96141,ATAC. MR140014 6MM RECICLADO COR 6296/PET,110CM,15944096,288,135658,15942990NBR3283156,20/07/2026,28/09/2026,39,,28/09/2026,,,,#N/A,1425211,NIKE,
1203,OK,DASS SEST,7,140955,1425211,96141,ATAC. MR140014 6MM RECICLADO COR 6296/PET,110CM,15944096,318,135658,15942991NBR3283156,20/07/2026,28/09/2026,39,,28/09/2026,,,,#N/A,1425211,NIKE,
1204,OK,DASS SEST,7,140955,1341808,91524,ATAC. MR110012 8MM RECICLADO COR 5149/PET,115CM,15944096,228,135658,15942975NBR3283287,20/07/2026,28/09/2026,39,,28/09/2026,,,,#N/A,1341808,NIKE,
1205,OK,DASS SEST,7,140955,1341808,91524,ATAC. MR110012 8MM RECICLADO COR 5149/PET,115CM,15944096,258,135658,15942976NBR3283287,20/07/2026,28/09/2026,39,,28/09/2026,,,,#N/A,1341808,NIKE,
1206,OK,DASS SEST,7,140955,1341808,91524,ATAC. MR110012 8MM RECICLADO COR 5149/PET,120CM,15944096,680,135658,15942975NBR3283287,20/07/2026,28/09/2026,39,,28/09/2026,,,,#N/A,1341808,NIKE,
1207,OK,DASS SEST,7,140955,1341808,91524,ATAC. MR110012 8MM RECICLADO COR 5149/PET,120CM,15944096,702,135658,15942976NBR3283287,20/07/2026,28/09/2026,39,,28/09/2026,,,,#N/A,1341808,NIKE,
1208,OK,DASS SEST,7,140955,1027849,92568,ATAC. MR110012 8MM RECICLADO COR 4085/PET,115CM,15944096,300,135658,15942953NBR3283310,20/07/2026,28/09/2026,39,,28/09/2026,,,,#N/A,1027849,NIKE,
1209,OK,DASS SEST,7,140955,1027849,92568,ATAC. MR110012 8MM RECICLADO COR 4085/PET,120CM,15944096,854,135658,15942953NBR3283310,20/07/2026,28/09/2026,39,,28/09/2026,,,,#N/A,1027849,NIKE,
1334,OK,DASS SEST,7,141422,1070873,76555,ATAC. MR130011 5MM RECICLADO COR 4085,105CM,16002817,186,136062,16001165NBR3283395,31/07/2026,28/09/2026,39,,28/09/2026,,,,#N/A,1070873,NIKE,NORMAL
1335,OK,DASS SEST,7,141422,1070873,76555,ATAC. MR130011 5MM RECICLADO COR 4085,105CM,16002817,192,136062,16001166NBR3283395,31/07/2026,28/09/2026,39,,28/09/2026,,,,#N/A,1070873,NIKE,NORMAL
1336,OK,DASS SEST,7,141422,1070873,76555,ATAC. MR130011 5MM RECICLADO COR 4085,105CM,16002817,162,136062,16001172NBR3283398,31/07/2026,28/09/2026,39,,28/09/2026,,,,#N/A,1070873,NIKE,NORMAL
1337,OK,DASS SEST,7,141422,1070873,76555,ATAC. MR130011 5MM RECICLADO COR 4085,105CM,16002817,198,136062,16001173NBR3283398,31/07/2026,28/09/2026,39,,28/09/2026,,,,#N/A,1070873,NIKE,NORMAL
1338,OK,DASS SEST,7,141422,1070873,76555,ATAC. MR130011 5MM RECICLADO COR 4085,110CM,16002817,548,136062,16001165NBR3283395,31/07/2026,28/09/2026,39,,28/09/2026,,,,#N/A,1070873,NIKE,NORMAL
1339,OK,DASS SEST,7,141422,1070873,76555,ATAC. MR130011 5MM RECICLADO COR 4085,110CM,16002817,540,136062,16001166NBR3283395,31/07/2026,28/09/2026,39,,28/09/2026,,,,#N/A,1070873,NIKE,NORMAL
1340,OK,DASS SEST,7,141422,1070873,76555,ATAC. MR130011 5MM RECICLADO COR 4085,110CM,16002817,512,136062,16001172NBR3283398,31/07/2026,28/09/2026,39,,28/09/2026,,,,#N/A,1070873,NIKE,NORMAL
1341,OK,DASS SEST,7,141422,1070873,76555,ATAC. MR130011 5MM RECICLADO COR 4085,110CM,16002817,528,136062,16001173NBR3283398,31/07/2026,28/09/2026,39,,28/09/2026,,,,#N/A,1070873,NIKE,NORMAL
1342,OK,DASS SEST,7,141422,1070873,76555,ATAC. MR130011 5MM RECICLADO COR 4085,115CM,16002817,156,136062,16001165NBR3283395,31/07/2026,28/09/2026,39,,28/09/2026,,,,#N/A,1070873,NIKE,NORMAL
1343,OK,DASS SEST,7,141422,1070873,76555,ATAC. MR130011 5MM RECICLADO COR 4085,115CM,16002817,180,136062,16001166NBR3283395,31/07/2026,28/09/2026,39,,28/09/2026,,,,#N/A,1070873,NIKE,NORMAL
1344,OK,DASS SEST,7,141422,1070873,76555,ATAC. MR130011 5MM RECICLADO COR 4085,115CM,16002817,156,136062,16001172NBR3283398,31/07/2026,28/09/2026,39,,28/09/2026,,,,#N/A,1070873,NIKE,NORMAL
1345,OK,DASS SEST,7,141422,1070873,76555,ATAC. MR130011 5MM RECICLADO COR 4085,115CM,16002817,156,136062,16001173NBR3283398,31/07/2026,28/09/2026,39,,28/09/2026,,,,#N/A,1070873,NIKE,NORMAL
1501,OK,DASS SEST,7,141920,1065806,93661,ATAC. MR110029 RECICLADO COR 4662/PET,135CM,16046468,674,136596,16045946NBR3283466,14/08/2026,28/09/2026,39,,28/09/2026,,,,#N/A,1065806,NIKE,NORMAL
1502,OK,DASS SEST,7,141920,1065806,93661,ATAC. MR110029 RECICLADO COR 4662/PET,135CM,16046468,702,136596,16045947NBR3283466,14/08/2026,28/09/2026,39,,28/09/2026,,,,#N/A,1065806,NIKE,NORMAL
1503,OK,DASS SEST,7,141920,1065806,93661,ATAC. MR110029 RECICLADO COR 4662/PET,140CM,16046468,60,136596,16045946NBR3283466,14/08/2026,28/09/2026,39,,28/09/2026,,,,#N/A,1065806,NIKE,NORMAL
1504,OK,DASS SEST,7,141920,1065806,93661,ATAC. MR110029 RECICLADO COR 4662/PET,140CM,16046468,66,136596,16045947NBR3283466,14/08/2026,28/09/2026,39,,28/09/2026,,,,#N/A,1065806,NIKE,NORMAL
1505,OK,DASS SEST,7,141920,1069210,93696,ATAC. MR110029 RECICLADO COR 4085/PET,135CM,16046468,584,136596,16045938NBR3283465,14/08/2026,28/09/2026,39,,28/09/2026,,,,#N/A,1069210,NIKE,NORMAL
1506,OK,DASS SEST,7,141920,1069210,93696,ATAC. MR110029 RECICLADO COR 4085/PET,135CM,16046468,636,136596,16045939NBR3283465,14/08/2026,28/09/2026,39,,28/09/2026,,,,#N/A,1069210,NIKE,NORMAL
1507,OK,DASS SEST,7,141920,1069210,93696,ATAC. MR110029 RECICLADO COR 4085/PET,135CM,16046468,638,136596,16045948NBR3283467,14/08/2026,28/09/2026,39,,28/09/2026,,,,#N/A,1069210,NIKE,NORMAL
1508,OK,DASS SEST,7,141920,1069210,93696,ATAC. MR110029 RECICLADO COR 4085/PET,135CM,16046468,678,136596,16045949NBR3283467,14/08/2026,28/09/2026,39,,28/09/2026,,,,#N/A,1069210,NIKE,NORMAL
1509,OK,DASS SEST,7,141920,1069210,93696,ATAC. MR110029 RECICLADO COR 4085/PET,140CM,16046468,48,136596,16045938NBR3283465,14/08/2026,28/09/2026,39,,28/09/2026,,,,#N/A,1069210,NIKE,NORMAL
1510,OK,DASS SEST,7,141920,1069210,93696,ATAC. MR110029 RECICLADO COR 4085/PET,140CM,16046468,60,136596,16045939NBR3283465,14/08/2026,28/09/2026,39,,28/09/2026,,,,#N/A,1069210,NIKE,NORMAL
1511,OK,DASS SEST,7,141920,1069210,93696,ATAC. MR110029 RECICLADO COR 4085/PET,140CM,16046468,78,136596,16045948NBR3283467,14/08/2026,28/09/2026,39,,28/09/2026,,,,#N/A,1069210,NIKE,NORMAL
1512,OK,DASS SEST,7,141920,1069210,93696,ATAC. MR110029 RECICLADO COR 4085/PET,140CM,16046468,66,136596,16045949NBR3283467,14/08/2026,28/09/2026,39,,28/09/2026,,,,#N/A,1069210,NIKE,NORMAL
1650,OK,DASS ITABERABA,70,141493,1104264,74030,FITA MFGP C/ GOMA POLIESTER COR 114,8MM,16003357,200,136131,0,03/08/2026,28/09/2026,39,,28/09/2026,,,,#N/A,1104264,FILA,NORMAL
1651,OK,DASS ITABERABA,70,141493,1146621,78187,FITA MFGP C/ GOMA POLIESTER COR 053,8MM,16003357,250,136131,0,03/08/2026,28/09/2026,39,,28/09/2026,,,,#N/A,1146621,FILA,NORMAL
1776,OK,DASS ITABERABA,70,141515,1173570,73236,ATAC. M6034 8MM ALPINA COR 2000,115CM,16007572,336,136152,15997507BRITB00554,03/08/2026,28/09/2026,39,,28/09/2026,,,,#N/A,1173570,FILA,NORMAL
1777,OK,DASS ITABERABA,70,141515,1173570,73236,ATAC. M6034 8MM ALPINA COR 2000,115CM,16007572,396,136152,15997514BRITB00554,03/08/2026,28/09/2026,39,,28/09/2026,,,,#N/A,1173570,FILA,NORMAL
1778,OK,DASS ITABERABA,70,141515,1173570,73236,ATAC. M6034 8MM ALPINA COR 2000,125CM,16007572,420,136152,15997507BRITB00554,03/08/2026,28/09/2026,39,,28/09/26,,,,#N/A,1173570,FILA,NORMAL
1779,OK,DASS ITABERABA,70,141515,1173570,73236,ATAC. M6034 8MM ALPINA COR 2000,125CM,16007572,444,136152,15997514BRITB00554,03/08/2026,28/09/2026,39,,28/09/26,,,,#N/A,1173570,FILA,NORMAL
289,OK,DASS SEST,7,140102,1188919,82628,ATAC. MR140014 6MM RECICLADO COR 4085/PET,100CM,15855794,518,134791,15851828NBR3283040,25/06/2026,05/10/2026,46,,05/10/26,,,,#N/A,1188919,NIKE,
290,OK,DASS SEST,7,140102,1188919,82628,ATAC. MR140014 6MM RECICLADO COR 4085/PET,100CM,15855794,564,134791,15851829NBR3283040,25/06/2026,05/10/2026,46,,05/10/26,,,,#N/A,1188919,NIKE,
291,OK,DASS SEST,7,140102,1188919,82628,ATAC. MR140014 6MM RECICLADO COR 4085/PET,105CM,15855794,270,134791,15851828NBR3283040,25/06/2026,05/10/2026,46,,05/10/26,,,,#N/A,1188919,NIKE,
292,OK,DASS SEST,7,140102,1188919,82628,ATAC. MR140014 6MM RECICLADO COR 4085/PET,105CM,15855794,282,134791,15851829NBR3283040,25/06/2026,05/10/2026,46,,05/10/26,,,,#N/A,1188919,NIKE,
293,OK,DASS SEST,7,140102,1188919,82628,ATAC. MR140014 6MM RECICLADO COR 4085/PET,105CM,15855794,156,134791,15851817NBR3283187,25/06/2026,05/10/2026,46,,05/10/26,,,,#N/A,1188919,NIKE,
294,OK,DASS SEST,7,140102,1188919,82628,ATAC. MR140014 6MM RECICLADO COR 4085/PET,105CM,15855794,174,134791,15851818NBR3283187,25/06/2026,05/10/2026,46,,05/10/26,,,,#N/A,1188919,NIKE,
295,OK,DASS SEST,7,140102,1188919,82628,ATAC. MR140014 6MM RECICLADO COR 4085/PET,110CM,15855794,464,134791,15851817NBR3283187,25/06/2026,05/10/2026,46,,05/10/26,,,,#N/A,1188919,NIKE,
296,OK,DASS SEST,7,140102,1188919,82628,ATAC. MR140014 6MM RECICLADO COR 4085/PET,110CM,15855794,462,134791,15851818NBR3283187,25/06/2026,05/10/2026,46,,05/10/26,,,,#N/A,1188919,NIKE,
297,OK,DASS SEST,7,140102,1188919,82628,ATAC. MR140014 6MM RECICLADO COR 4085/PET,115CM,15855794,180,134791,15851817NBR3283187,25/06/2026,05/10/2026,46,,05/10/26,,,,#N/A,1188919,NIKE,
298,OK,DASS SEST,7,140102,1188919,82628,ATAC. MR140014 6MM RECICLADO COR 4085/PET,115CM,15855794,192,134791,15851818NBR3283187,25/06/2026,05/10/2026,46,,05/10/26,,,,#N/A,1188919,NIKE,
299,OK,DASS SEST,7,140102,1241008,84943,ATAC. MR140014 6MM RECICLADO COR 4021/PET,100CM,15855794,518,134791,15851830NBR3282891,25/06/2026,05/10/2026,46,,05/10/26,,,,#N/A,1241008,NIKE,
300,OK,DASS SEST,7,140102,1241008,84943,ATAC. MR140014 6MM RECICLADO COR 4021/PET,100CM,15855794,552,134791,15851831NBR3282891,25/06/2026,05/10/2026,46,,05/10/26,,,,#N/A,1241008,NIKE,
301,OK,DASS SEST,7,140102,1241008,84943,ATAC. MR140014 6MM RECICLADO COR 4021/PET,105CM,15855794,270,134791,15851830NBR3282891,25/06/2026,05/10/2026,46,,05/10/26,,,,#N/A,1241008,NIKE,
302,OK,DASS SEST,7,140102,1241008,84943,ATAC. MR140014 6MM RECICLADO COR 4021/PET,105CM,15855794,276,134791,15851831NBR3282891,25/06/2026,05/10/2026,46,,05/10/26,,,,#N/A,1241008,NIKE,
781,OK,DASS SEST,7,140196,1188919,82628,ATAC. MR140014 6MM RECICLADO COR 4085/PET,100CM,15872673,168,134946,15868596NBR3283158,26/06/2026,05/10/2026,46,,05/10/26,,,,#N/A,1188919,NIKE,
782,OK,DASS SEST,7,140196,1188919,82628,ATAC. MR140014 6MM RECICLADO COR 4085/PET,100CM,15872673,180,134946,15868599NBR3283158,26/06/2026,05/10/2026,46,,05/10/26,,,,#N/A,1188919,NIKE,
783,OK,DASS SEST,7,140196,1188919,82628,ATAC. MR140014 6MM RECICLADO COR 4085/PET,100CM,15872673,294,134946,15868603NBR3283160,26/06/2026,05/10/2026,46,,05/10/26,,,,#N/A,1188919,NIKE,
784,OK,DASS SEST,7,140196,1188919,82628,ATAC. MR140014 6MM RECICLADO COR 4085/PET,100CM,15872673,180,134946,15868629NBR3283163,26/06/2026,05/10/2026,46,,05/10/26,,,,#N/A,1188919,NIKE,
785,OK,DASS SEST,7,140196,1188919,82628,ATAC. MR140014 6MM RECICLADO COR 4085/PET,100CM,15872673,180,134946,15868630NBR3283163,26/06/2026,05/10/2026,46,,05/10/26,,,,#N/A,1188919,NIKE,
786,OK,DASS SEST,7,140196,1188919,82628,ATAC. MR140014 6MM RECICLADO COR 4085/PET,105CM,15872673,638,134946,15868596NBR3283158,26/06/2026,05/10/2026,46,,05/10/26,,,,#N/A,1188919,NIKE,
787,OK,DASS SEST,7,140196,1188919,82628,ATAC. MR140014 6MM RECICLADO COR 4085/PET,105CM,15872673,660,134946,15868599NBR3283158,26/06/2026,05/10/2026,46,,05/10/26,,,,#N/A,1188919,NIKE,
788,OK,DASS SEST,7,140196,1188919,82628,ATAC. MR140014 6MM RECICLADO COR 4085/PET,105CM,15872673,902,134946,15868603NBR3283160,26/06/2026,05/10/2026,46,,05/10/26,,,,#N/A,1188919,NIKE,
789,OK,DASS SEST,7,140196,1188919,82628,ATAC. MR140014 6MM RECICLADO COR 4085/PET,105CM,15872673,758,134946,15868629NBR3283163,26/06/2026,05/10/2026,46,,05/10/26,,,,#N/A,1188919,NIKE,
790,OK,DASS SEST,7,140196,1188919,82628,ATAC. MR140014 6MM RECICLADO COR 4085/PET,105CM,15872673,786,134946,15868630NBR3283163,26/06/2026,05/10/2026,46,,05/10/26,,,,#N/A,1188919,NIKE,
791,OK,DASS SEST,7,140196,1188919,82628,ATAC. MR140014 6MM RECICLADO COR 4085/PET,105CM,15872673,348,134946,15868592NBR3283194,26/06/2026,05/10/2026,46,,05/10/26,,,,#N/A,1188919,NIKE,
792,OK,DASS SEST,7,140196,1188919,82628,ATAC. MR140014 6MM RECICLADO COR 4085/PET,110CM,15872673,36,134946,15868596NBR3283158,26/06/2026,05/10/2026,46,,05/10/26,,,,#N/A,1188919,NIKE,
793,OK,DASS SEST,7,140196,1188919,82628,ATAC. MR140014 6MM RECICLADO COR 4085/PET,110CM,15872673,24,134946,15868599NBR3283158,26/06/2026,05/10/2026,46,,05/10/26,,,,#N/A,1188919,NIKE,
794,OK,DASS SEST,7,140196,1188919,82628,ATAC. MR140014 6MM RECICLADO COR 4085/PET,110CM,15872673,12,134946,15868603NBR3283160,26/06/2026,05/10/2026,46,,05/10/26,,,,#N/A,1188919,NIKE,
795,OK,DASS SEST,7,140196,1188919,82628,ATAC. MR140014 6MM RECICLADO COR 4085/PET,110CM,15872673,36,134946,15868629NBR3283163,26/06/2026,05/10/2026,46,,05/10/26,,,,#N/A,1188919,NIKE,
796,OK,DASS SEST,7,140196,1188919,82628,ATAC. MR140014 6MM RECICLADO COR 4085/PET,110CM,15872673,36,134946,15868630NBR3283163,26/06/2026,05/10/2026,46,,05/10/26,,,,#N/A,1188919,NIKE,
797,OK,DASS SEST,7,140196,1188919,82628,ATAC. MR140014 6MM RECICLADO COR 4085/PET,110CM,15872673,902,134946,15868592NBR3283194,26/06/2026,05/10/2026,46,,05/10/26,,,,#N/A,1188919,NIKE,
798,OK,DASS SEST,7,140196,1188919,82628,ATAC. MR140014 6MM RECICLADO COR 4085/PET,115CM,15872673,270,134946,15868592NBR3283194,26/06/2026,05/10/2026,46,,05/10/26,,,,#N/A,1188919,NIKE,
799,OK,DASS SEST,7,140196,1269460,85472,ATAC. MR140014 6MM RECICLADO COR 5481/PET,100CM,15872673,282,134946,15868631NBR3283153,26/06/2026,05/10/2026,46,,05/10/26,,,,#N/A,1269460,NIKE,
800,OK,DASS SEST,7,140196,1269460,85472,ATAC. MR140014 6MM RECICLADO COR 5481/PET,105CM,15872673,1010,134946,15868631NBR3283153,26/06/2026,05/10/2026,46,,05/10/26,,,,#N/A,1269460,NIKE,
801,OK,DASS SEST,7,140196,1269460,85472,ATAC. MR140014 6MM RECICLADO COR 5481/PET,110CM,15872673,30,134946,15868631NBR3283153,26/06/2026,05/10/2026,46,,05/10/26,,,,#N/A,1269460,NIKE,
802,OK,DASS SEST,7,140196,1425041,95894,ATAC. MR140014 6MM RECICLADO COR 6179/PET,105CM,15872673,156,134946,15868612NBR3283192,26/06/2026,05/10/2026,46,,05/10/26,,,,#N/A,1425041,NIKE,
803,OK,DASS SEST,7,140196,1425041,95894,ATAC. MR140014 6MM RECICLADO COR 6179/PET,105CM,15872673,180,134946,15868613NBR3283192,26/06/2026,05/10/2026,46,,05/10/26,,,,#N/A,1425041,NIKE,
804,OK,DASS SEST,7,140196,1425041,95894,ATAC. MR140014 6MM RECICLADO COR 6179/PET,105CM,15872673,156,134946,15868615NBR3283195,26/06/2026,05/10/2026,46,,05/10/26,,,,#N/A,1425041,NIKE,
805,OK,DASS SEST,7,140196,1425041,95894,ATAC. MR140014 6MM RECICLADO COR 6179/PET,105CM,15872673,180,134946,15868616NBR3283195,26/06/2026,05/10/2026,46,,05/10/26,,,,#N/A,1425041,NIKE,
806,OK,DASS SEST,7,140196,1425041,95894,ATAC. MR140014 6MM RECICLADO COR 6179/PET,110CM,15872673,488,134946,15868612NBR3283192,26/06/2026,05/10/2026,46,,05/10/26,,,,#N/A,1425041,NIKE,
807,OK,DASS SEST,7,140196,1425041,95894,ATAC. MR140014 6MM RECICLADO COR 6179/PET,110CM,15872673,516,134946,15868613NBR3283192,26/06/2026,05/10/2026,46,,05/10/26,,,,#N/A,1425041,NIKE,
808,OK,DASS SEST,7,140196,1425041,95894,ATAC. MR140014 6MM RECICLADO COR 6179/PET,110CM,15872673,488,134946,15868615NBR3283195,26/06/2026,05/10/2026,46,,05/10/26,,,,#N/A,1425041,NIKE,
809,OK,DASS SEST,7,140196,1425041,95894,ATAC. MR140014 6MM RECICLADO COR 6179/PET,110CM,15872673,516,134946,15868616NBR3283195,26/06/2026,05/10/2026,46,,05/10/26,,,,#N/A,1425041,NIKE,
810,OK,DASS SEST,7,140196,1425041,95894,ATAC. MR140014 6MM RECICLADO COR 6179/PET,115CM,15872673,120,134946,15868612NBR3283192,26/06/2026,05/10/2026,46,,05/10/26,,,,#N/A,1425041,NIKE,
811,OK,DASS SEST,7,140196,1425041,95894,ATAC. MR140014 6MM RECICLADO COR 6179/PET,115CM,15872673,156,134946,15868613NBR3283192,26/06/2026,05/10/2026,46,,05/10/26,,,,#N/A,1425041,NIKE,
812,OK,DASS SEST,7,140196,1425041,95894,ATAC. MR140014 6MM RECICLADO COR 6179/PET,115CM,15872673,120,134946,15868615NBR3283195,26/06/2026,05/10/2026,46,,05/10/26,,,,#N/A,1425041,NIKE,
813,OK,DASS SEST,7,140196,1425041,95894,ATAC. MR140014 6MM RECICLADO COR 6179/PET,115CM,15872673,156,134946,15868616NBR3283195,26/06/2026,05/10/2026,46,,05/10/26,,,,#N/A,1425041,NIKE,
814,OK,DASS SEST,7,140196,1425040,95895,ATAC. MR140014 6MM RECICLADO COR 6176/PET,105CM,15872673,240,134946,15868619NBR3283144,26/06/2026,05/10/2026,46,,05/10/26,,,,#N/A,1425040,NIKE,
815,OK,DASS SEST,7,140196,1425040,95895,ATAC. MR140014 6MM RECICLADO COR 6176/PET,105CM,15872673,264,134946,15868620NBR3283144,26/06/2026,05/10/2026,46,,05/10/26,,,,#N/A,1425040,NIKE,
816,OK,DASS SEST,7,140196,1425040,95895,ATAC. MR140014 6MM RECICLADO COR 6176/PET,105CM,15872673,240,134946,15868621NBR3283196,26/06/2026,05/10/2026,46,,05/10/26,,,,#N/A,1425040,NIKE,
817,OK,DASS SEST,7,140196,1425040,95895,ATAC. MR140014 6MM RECICLADO COR 6176/PET,105CM,15872673,264,134946,15868622NBR3283196,26/06/2026,05/10/2026,46,,05/10/26,,,,#N/A,1425040,NIKE,
818,OK,DASS SEST,7,140196,1425040,95895,ATAC. MR140014 6MM RECICLADO COR 6176/PET,110CM,15872673,596,134946,15868619NBR3283144,26/06/2026,05/10/2026,46,,05/10/26,,,,#N/A,1425040,NIKE,
819,OK,DASS SEST,7,140196,1425040,95895,ATAC. MR140014 6MM RECICLADO COR 6176/PET,110CM,15872673,594,134946,15868620NBR3283144,26/06/2026,05/10/2026,46,,05/10/26,,,,#N/A,1425040,NIKE,
820,OK,DASS SEST,7,140196,1425040,95895,ATAC. MR140014 6MM RECICLADO COR 6176/PET,110CM,15872673,596,134946,15868621NBR3283196,26/06/2026,05/10/2026,46,,05/10/26,,,,#N/A,1425040,NIKE,
821,OK,DASS SEST,7,140196,1425040,95895,ATAC. MR140014 6MM RECICLADO COR 6176/PET,110CM,15872673,594,134946,15868622NBR3283196,26/06/2026,05/10/2026,46,,05/10/26,,,,#N/A,1425040,NIKE,
822,OK,DASS SEST,7,140196,1425040,95895,ATAC. MR140014 6MM RECICLADO COR 6176/PET,115CM,15872673,120,134946,15868619NBR3283144,26/06/2026,05/10/2026,46,,05/10/26,,,,#N/A,1425040,NIKE,
823,OK,DASS SEST,7,140196,1425040,95895,ATAC. MR140014 6MM RECICLADO COR 6176/PET,115CM,15872673,138,134946,15868620NBR3283144,26/06/2026,05/10/2026,46,,05/10/26,,,,#N/A,1425040,NIKE,
824,OK,DASS SEST,7,140196,1425040,95895,ATAC. MR140014 6MM RECICLADO COR 6176/PET,115CM,15872673,120,134946,15868621NBR3283196,26/06/2026,05/10/2026,46,,05/10/26,,,,#N/A,1425040,NIKE,
825,OK,DASS SEST,7,140196,1425040,95895,ATAC. MR140014 6MM RECICLADO COR 6176/PET,115CM,15872673,138,134946,15868622NBR3283196,26/06/2026,05/10/2026,46,,05/10/26,,,,#N/A,1425040,NIKE,
1005,OK,DASS SEST,7,140757,1299257,86978,ATAC. MR130027 6MM RECICLADO COR 4085/PET,110CM,15915182,222,135474,15903678NBR3283189,10/07/2026,05/10/2026,46,,05/10/26,,,,#N/A,1299257,NIKE,
1006,OK,DASS SEST,7,140757,1299257,86978,ATAC. MR130027 6MM RECICLADO COR 4085/PET,110CM,15915182,234,135474,15903679NBR3283189,10/07/2026,05/10/2026,46,,05/10/26,,,,#N/A,1299257,NIKE,
1007,OK,DASS SEST,7,140757,1299257,86978,ATAC. MR130027 6MM RECICLADO COR 4085/PET,115CM,15915182,615,135474,15903678NBR3283189,10/07/2026,05/10/2026,46,,05/10/26,,,,#N/A,1299257,NIKE,
1008,OK,DASS SEST,7,140757,1299257,86978,ATAC. MR130027 6MM RECICLADO COR 4085/PET,115CM,15915182,636,135474,15903679NBR3283189,10/07/2026,05/10/2026,46,,05/10/26,,,,#N/A,1299257,NIKE,
1009,OK,DASS SEST,7,140757,1299257,86978,ATAC. MR130027 6MM RECICLADO COR 4085/PET,120CM,15915182,156,135474,15903678NBR3283189,10/07/2026,05/10/2026,46,,05/10/26,,,,#N/A,1299257,NIKE,
1010,OK,DASS SEST,7,140757,1299257,86978,ATAC. MR130027 6MM RECICLADO COR 4085/PET,120CM,15915182,162,135474,15903679NBR3283189,10/07/2026,05/10/2026,46,,05/10/26,,,,#N/A,1299257,NIKE,
1109,OK,DASS SEST,7,140849,1451084,96119,ATAC. MR130027 6MM RECICLADO COR 5687/PET,110CM,15928196,342,135560,15903715NBR3283127,15/07/2026,05/10/2026,46,,05/10/26,,,,#N/A,1451084,NIKE,
1110,OK,DASS SEST,7,140849,1451084,96119,ATAC. MR130027 6MM RECICLADO COR 5687/PET,110CM,15928196,192,135560,15903716NBR3283188,15/07/2026,05/10/2026,46,,05/10/26,,,,#N/A,1451084,NIKE,
1111,OK,DASS SEST,7,140849,1451084,96119,ATAC. MR130027 6MM RECICLADO COR 5687/PET,110CM,15928196,216,135560,15903717NBR3283188,15/07/2026,05/10/2026,46,,05/10/26,,,,#N/A,1451084,NIKE,
1112,OK,DASS SEST,7,140849,1451084,96119,ATAC. MR130027 6MM RECICLADO COR 5687/PET,110CM,15928196,192,135560,15903718NBR3283190,15/07/2026,05/10/2026,46,,05/10/26,,,,#N/A,1451084,NIKE,
1113,OK,DASS SEST,7,140849,1451084,96119,ATAC. MR130027 6MM RECICLADO COR 5687/PET,110CM,15928196,216,135560,15903719NBR3283190,15/07/2026,05/10/2026,46,,05/10/26,,,,#N/A,1451084,NIKE,
1114,OK,DASS SEST,7,140849,1451084,96119,ATAC. MR130027 6MM RECICLADO COR 5687/PET,115CM,15928196,920,135560,15903715NBR3283127,15/07/2026,05/10/2026,46,,05/10/26,,,,#N/A,1451084,NIKE,
1115,OK,DASS SEST,7,140849,1451084,96119,ATAC. MR130027 6MM RECICLADO COR 5687/PET,115CM,15928196,536,135560,15903716NBR3283188,15/07/2026,05/10/2026,46,,05/10/26,,,,#N/A,1451084,NIKE,
1116,OK,DASS SEST,7,140849,1451084,96119,ATAC. MR130027 6MM RECICLADO COR 5687/PET,115CM,15928196,528,135560,15903717NBR3283188,15/07/2026,05/10/2026,46,,05/10/26,,,,#N/A,1451084,NIKE,
1117,OK,DASS SEST,7,140849,1451084,96119,ATAC. MR130027 6MM RECICLADO COR 5687/PET,115CM,15928196,536,135560,15903718NBR3283190,15/07/2026,05/10/2026,46,,05/10/26,,,,#N/A,1451084,NIKE,
1118,OK,DASS SEST,7,140849,1451084,96119,ATAC. MR130027 6MM RECICLADO COR 5687/PET,115CM,15928196,528,135560,15903719NBR3283190,15/07/2026,05/10/2026,46,,05/10/26,,,,#N/A,1451084,NIKE,
1119,OK,DASS SEST,7,140849,1451084,96119,ATAC. MR130027 6MM RECICLADO COR 5687/PET,120CM,15928196,126,135560,15903715NBR3283127,15/07/2026,05/10/2026,46,,05/10/26,,,,#N/A,1451084,NIKE,
1120,OK,DASS SEST,7,140849,1451084,96119,ATAC. MR130027 6MM RECICLADO COR 5687/PET,120CM,15928196,120,135560,15903716NBR3283188,15/07/2026,05/10/2026,46,,05/10/26,,,,#N/A,1451084,NIKE,
1121,OK,DASS SEST,7,140849,1451084,96119,ATAC. MR130027 6MM RECICLADO COR 5687/PET,120CM,15928196,138,135560,15903717NBR3283188,15/07/2026,05/10/2026,46,,05/10/26,,,,#N/A,1451084,NIKE,
1122,OK,DASS SEST,7,140849,1451084,96119,ATAC. MR130027 6MM RECICLADO COR 5687/PET,120CM,15928196,120,135560,15903718NBR3283190,15/07/2026,05/10/2026,46,,05/10/26,,,,#N/A,1451084,NIKE,
1123,OK,DASS SEST,7,140849,1451084,96119,ATAC. MR130027 6MM RECICLADO COR 5687/PET,120CM,15928196,138,135560,15903719NBR3283190,15/07/2026,05/10/2026,46,,05/10/26,,,,#N/A,1451084,NIKE,
1178,OK,DASS SEST,7,140952,1188919,82628,ATAC. MR140014 6MM RECICLADO COR 4085/PET,105CM,15944098,12,135639,15942981NBR3283166,17/07/2026,05/10/2026,46,,05/10/26,,,,#N/A,1188919,NIKE,
1179,OK,DASS SEST,7,140952,1188919,82628,ATAC. MR140014 6MM RECICLADO COR 4085/PET,110CM,15944098,746,135639,15942981NBR3283166,17/07/2026,05/10/2026,46,,05/10/26,,,,#N/A,1188919,NIKE,
1180,OK,DASS SEST,7,140952,1188919,82628,ATAC. MR140014 6MM RECICLADO COR 4085/PET,110CM,15944098,756,135639,15942982NBR3283166,17/07/2026,05/10/2026,46,,05/10/26,,,,#N/A,1188919,NIKE,
1181,OK,DASS SEST,7,140952,1188919,82628,ATAC. MR140014 6MM RECICLADO COR 4085/PET,115CM,15944098,156,135639,15942981NBR3283166,17/07/2026,05/10/2026,46,,05/10/26,,,,#N/A,1188919,NIKE,
1182,OK,DASS SEST,7,140952,1188919,82628,ATAC. MR140014 6MM RECICLADO COR 4085/PET,115CM,15944098,168,135639,15942982NBR3283166,17/07/2026,05/10/2026,46,,05/10/26,,,,#N/A,1188919,NIKE,
1183,OK,DASS SEST,7,140952,1303189,88798,ATAC. MR140014 6MM RECICLADO COR 5645/PET,105CM,15944098,6,135639,15942983NBR3283147,17/07/2026,05/10/2026,46,,05/10/26,,,,#N/A,1303189,NIKE,
1184,OK,DASS SEST,7,140952,1303189,88798,ATAC. MR140014 6MM RECICLADO COR 5645/PET,110CM,15944098,897,135639,15942983NBR3283147,17/07/2026,05/10/2026,46,,05/10/26,,,,#N/A,1303189,NIKE,
1185,OK,DASS SEST,7,140952,1303189,88798,ATAC. MR140014 6MM RECICLADO COR 5645/PET,110CM,15944098,918,135639,15942984NBR3283147,17/07/2026,05/10/2026,46,,05/10/26,,,,#N/A,1303189,NIKE,
1186,OK,DASS SEST,7,140952,1303189,88798,ATAC. MR140014 6MM RECICLADO COR 5645/PET,115CM,15944098,120,135639,15942983NBR3283147,17/07/2026,05/10/2026,46,,05/10/26,,,,#N/A,1303189,NIKE,
1187,OK,DASS SEST,7,140952,1303189,88798,ATAC. MR140014 6MM RECICLADO COR 5645/PET,115CM,15944098,144,135639,15942984NBR3283147,17/07/2026,05/10/2026,46,,05/10/26,,,,#N/A,1303189,NIKE,
1346,OK,DASS SEST,7,141423,1332602,88808,ATAC. M12176 5MM POLIESTER COR 4085,105CM,16002852,186,136063,16001154NBR3283388,31/07/2026,05/10/2026,46,,05/10/26,,,,#N/A,1332602,NIKE,NORMAL
1347,OK,DASS SEST,7,141423,1332602,88808,ATAC. M12176 5MM POLIESTER COR 4085,105CM,16002852,210,136063,16001155NBR3283388,31/07/2026,05/10/2026,46,,05/10/26,,,,#N/A,1332602,NIKE,NORMAL
1348,OK,DASS SEST,7,141423,1332602,88808,ATAC. M12176 5MM POLIESTER COR 4085,110CM,16002852,560,136063,16001154NBR3283388,31/07/2026,05/10/2026,46,,05/10/26,,,,#N/A,1332602,NIKE,NORMAL
1349,OK,DASS SEST,7,141423,1332602,88808,ATAC. M12176 5MM POLIESTER COR 4085,110CM,16002852,540,136063,16001155NBR3283388,31/07/2026,05/10/2026,46,,05/10/26,,,,#N/A,1332602,NIKE,NORMAL
1350,OK,DASS SEST,7,141423,1332602,88808,ATAC. M12176 5MM POLIESTER COR 4085,115CM,16002852,180,136063,16001154NBR3283388,31/07/2026,05/10/2026,46,,05/10/26,,,,#N/A,1332602,NIKE,NORMAL
1351,OK,DASS SEST,7,141423,1332602,88808,ATAC. M12176 5MM POLIESTER COR 4085,115CM,16002852,180,136063,16001155NBR3283388,31/07/2026,05/10/2026,46,,05/10/26,,,,#N/A,1332602,NIKE,NORMAL
1352,OK,DASS SEST,7,141423,1070873,76555,ATAC. MR130011 5MM RECICLADO COR 4085,90CM,16002852,548,136063,16001119NBR3283298,31/07/2026,05/10/2026,46,,05/10/26,,,,#N/A,1070873,NIKE,NORMAL
1353,OK,DASS SEST,7,141423,1070873,76555,ATAC. MR130011 5MM RECICLADO COR 4085,90CM,16002852,576,136063,16001120NBR3283298,31/07/2026,05/10/2026,46,,05/10/26,,,,#N/A,1070873,NIKE,NORMAL
1354,OK,DASS SEST,7,141423,1070873,76555,ATAC. MR130011 5MM RECICLADO COR 4085,95CM,16002852,240,136063,16001119NBR3283298,31/07/2026,05/10/2026,46,,05/10/26,,,,#N/A,1070873,NIKE,NORMAL
1355,OK,DASS SEST,7,141423,1070873,76555,ATAC. MR130011 5MM RECICLADO COR 4085,95CM,16002852,240,136063,16001120NBR3283298,31/07/2026,05/10/2026,46,,05/10/26,,,,#N/A,1070873,NIKE,NORMAL
1514,OK,DASS SEST,7,141922,1065806,93661,ATAC. MR110029 RECICLADO COR 4662/PET,130CM,16046469,414,136598,16045929NBR3283458,14/08/2026,05/10/2026,46,,05/10/26,,,,#N/A,1065806,NIKE,NORMAL
1515,OK,DASS SEST,7,141922,1065806,93661,ATAC. MR110029 RECICLADO COR 4662/PET,130CM,16046469,402,136598,16045930NBR3283458,14/08/2026,05/10/2026,46,,05/10/26,,,,#N/A,1065806,NIKE,NORMAL
1516,OK,DASS SEST,7,141922,1065806,93661,ATAC. MR110029 RECICLADO COR 4662/PET,135CM,16046469,398,136598,16045929NBR3283458,14/08/2026,05/10/2026,46,,05/10/26,,,,#N/A,1065806,NIKE,NORMAL
1517,OK,DASS SEST,7,141922,1065806,93661,ATAC. MR110029 RECICLADO COR 4662/PET,135CM,16046469,420,136598,16045930NBR3283458,14/08/2026,05/10/2026,46,,05/10/26,,,,#N/A,1065806,NIKE,NORMAL
1518,OK,DASS SEST,7,141922,1065806,93661,ATAC. MR110029 RECICLADO COR 4662/PET,135CM,16046469,674,136598,16045940NBR3283461,14/08/2026,05/10/2026,46,,05/10/26,,,,#N/A,1065806,NIKE,NORMAL
1519,OK,DASS SEST,7,141922,1065806,93661,ATAC. MR110029 RECICLADO COR 4662/PET,135CM,16046469,714,136598,16045941NBR3283461,14/08/2026,05/10/2026,46,,05/10/26,,,,#N/A,1065806,NIKE,NORMAL
1520,OK,DASS SEST,7,141922,1065806,93661,ATAC. MR110029 RECICLADO COR 4662/PET,140CM,16046469,60,136598,16045940NBR3283461,14/08/2026,05/10/2026,46,,05/10/26,,,,#N/A,1065806,NIKE,NORMAL
1521,OK,DASS SEST,7,141922,1065806,93661,ATAC. MR110029 RECICLADO COR 4662/PET,140CM,16046469,66,136598,16045941NBR3283461,14/08/2026,05/10/2026,46,,05/10/26,,,,#N/A,1065806,NIKE,NORMAL
1662,OK,DASS ITABERABA,70,141505,1104264,74030,FITA MFGP C/ GOMA POLIESTER COR 114,8MM,16003424,300,136143,0,03/08/2026,05/10/2026,46,,05/10/2026,,,,#N/A,1104264,FILA,NORMAL
1663,OK,DASS ITABERABA,70,141505,1146621,78187,FITA MFGP C/ GOMA POLIESTER COR 053,8MM,16003424,100,136143,0,03/08/2026,05/10/2026,46,,05/10/2026,,,,#N/A,1146621,FILA,NORMAL
1664,OK,DASS ITABERABA,70,141505,1359678,92233,FITA MFGP C/ GOMA POLIESTER COR 5834,8MM,16003424,100,136143,0,03/08/2026,05/10/2026,46,,05/10/2026,,,,#N/A,1359678,FILA,NORMAL
304,OK,DASS SEST,7,140104,1188919,82628,ATAC. MR140014 6MM RECICLADO COR 4085/PET,100CM,15855795,108,134793,15851819NBR3283139,25/06/2026,13/10/2026,54,REPROG.,12/10/2026,,13/10/2026,,#N/A,1188919,NIKE,
305,OK,DASS SEST,7,140104,1188919,82628,ATAC. MR140014 6MM RECICLADO COR 4085/PET,100CM,15855795,126,134793,15851820NBR3283139,25/06/2026,13/10/2026,54,REPROG.,12/10/26,,13/10/2026,,#N/A,1188919,NIKE,
306,OK,DASS SEST,7,140104,1188919,82628,ATAC. MR140014 6MM RECICLADO COR 4085/PET,100CM,15855795,108,134793,15851821NBR3283185,25/06/2026,13/10/2026,54,REPROG.,12/10/26,,13/10/2026,,#N/A,1188919,NIKE,
307,OK,DASS SEST,7,140104,1188919,82628,ATAC. MR140014 6MM RECICLADO COR 4085/PET,100CM,15855795,126,134793,15851822NBR3283185,25/06/2026,13/10/2026,54,REPROG.,12/10/26,,13/10/2026,,#N/A,1188919,NIKE,
308,OK,DASS SEST,7,140104,1188919,82628,ATAC. MR140014 6MM RECICLADO COR 4085/PET,105CM,15855795,782,134793,15851819NBR3283139,25/06/2026,13/10/2026,54,REPROG.,12/10/26,,13/10/2026,,#N/A,1188919,NIKE,
309,OK,DASS SEST,7,140104,1188919,82628,ATAC. MR140014 6MM RECICLADO COR 4085/PET,105CM,15855795,810,134793,15851820NBR3283139,25/06/2026,13/10/2026,54,REPROG.,12/10/26,,13/10/2026,,#N/A,1188919,NIKE,
310,OK,DASS SEST,7,140104,1188919,82628,ATAC. MR140014 6MM RECICLADO COR 4085/PET,105CM,15855795,782,134793,15851821NBR3283185,25/06/2026,13/10/2026,54,REPROG.,12/10/26,,13/10/2026,,#N/A,1188919,NIKE,
311,OK,DASS SEST,7,140104,1188919,82628,ATAC. MR140014 6MM RECICLADO COR 4085/PET,105CM,15855795,810,134793,15851822NBR3283185,25/06/2026,13/10/2026,54,REPROG.,12/10/26,,13/10/2026,,#N/A,1188919,NIKE,
312,OK,DASS SEST,7,140104,1188919,82628,ATAC. MR140014 6MM RECICLADO COR 4085/PET,110CM,15855795,48,134793,15851819NBR3283139,25/06/2026,13/10/2026,54,REPROG.,12/10/26,,13/10/2026,,#N/A,1188919,NIKE,
313,OK,DASS SEST,7,140104,1188919,82628,ATAC. MR140014 6MM RECICLADO COR 4085/PET,110CM,15855795,48,134793,15851820NBR3283139,25/06/2026,13/10/2026,54,REPROG.,12/10/26,,13/10/2026,,#N/A,1188919,NIKE,
314,OK,DASS SEST,7,140104,1188919,82628,ATAC. MR140014 6MM RECICLADO COR 4085/PET,110CM,15855795,48,134793,15851821NBR3283185,25/06/2026,13/10/2026,54,REPROG.,12/10/26,,13/10/2026,,#N/A,1188919,NIKE,
315,OK,DASS SEST,7,140104,1188919,82628,ATAC. MR140014 6MM RECICLADO COR 4085/PET,110CM,15855795,48,134793,15851822NBR3283185,25/06/2026,13/10/2026,54,REPROG.,12/10/26,,13/10/2026,,#N/A,1188919,NIKE,
643,OK,DASS SEST,7,140191,1188919,82628,ATAC. MR140014 6MM RECICLADO COR 4085/PET,105CM,15872674,342,134941,15868607NBR3283074,26/06/2026,13/10/2026,54,REPROG.,12/10/26,,13/10/2026,,#N/A,1188919,NIKE,
644,OK,DASS SEST,7,140191,1188919,82628,ATAC. MR140014 6MM RECICLADO COR 4085/PET,110CM,15872674,812,134941,15868607NBR3283074,26/06/2026,13/10/2026,54,REPROG.,12/10/26,,13/10/2026,,#N/A,1188919,NIKE,
645,OK,DASS SEST,7,140191,1188919,82628,ATAC. MR140014 6MM RECICLADO COR 4085/PET,115CM,15872674,300,134941,15868607NBR3283074,26/06/2026,13/10/2026,54,REPROG.,12/10/26,,13/10/2026,,#N/A,1188919,NIKE,
646,OK,DASS SEST,7,140191,1278311,86418,ATAC. MR140014 6MM RECICLADO COR 4662/PET,105CM,15872674,90,134941,15868609NBR3283198,26/06/2026,13/10/2026,54,REPROG.,12/10/26,,13/10/2026,,#N/A,1278311,NIKE,
647,OK,DASS SEST,7,140191,1278311,86418,ATAC. MR140014 6MM RECICLADO COR 4662/PET,105CM,15872674,90,134941,15868610NBR3283198,26/06/2026,13/10/2026,54,REPROG.,12/10/26,,13/10/2026,,#N/A,1278311,NIKE,
648,OK,DASS SEST,7,140191,1278311,86418,ATAC. MR140014 6MM RECICLADO COR 4662/PET,110CM,15872674,614,134941,15868609NBR3283198,26/06/2026,13/10/2026,54,REPROG.,12/10/26,,13/10/2026,,#N/A,1278311,NIKE,
649,OK,DASS SEST,7,140191,1278311,86418,ATAC. MR140014 6MM RECICLADO COR 4662/PET,110CM,15872674,624,134941,15868610NBR3283198,26/06/2026,13/10/2026,54,REPROG.,12/10/26,,13/10/2026,,#N/A,1278311,NIKE,
650,OK,DASS SEST,7,140191,1278311,86418,ATAC. MR140014 6MM RECICLADO COR 4662/PET,115CM,15872674,216,134941,15868609NBR3283198,26/06/2026,13/10/2026,54,REPROG.,12/10/26,,13/10/2026,,#N/A,1278311,NIKE,
651,OK,DASS SEST,7,140191,1278311,86418,ATAC. MR140014 6MM RECICLADO COR 4662/PET,115CM,15872674,234,134941,15868610NBR3283198,26/06/2026,13/10/2026,54,REPROG.,12/10/26,,13/10/2026,,#N/A,1278311,NIKE,
652,OK,DASS SEST,7,140191,1425041,95894,ATAC. MR140014 6MM RECICLADO COR 6179/PET,105CM,15872674,294,134941,15868611NBR3283129,26/06/2026,13/10/2026,54,REPROG.,12/10/26,,13/10/2026,,#N/A,1425041,NIKE,
653,OK,DASS SEST,7,140191,1425041,95894,ATAC. MR140014 6MM RECICLADO COR 6179/PET,110CM,15872674,860,134941,15868611NBR3283129,26/06/2026,13/10/2026,54,REPROG.,12/10/26,,13/10/2026,,#N/A,1425041,NIKE,
654,OK,DASS SEST,7,140191,1425041,95894,ATAC. MR140014 6MM RECICLADO COR 6179/PET,115CM,15872674,246,134941,15868611NBR3283129,26/06/2026,13/10/2026,54,REPROG.,12/10/26,,13/10/2026,,#N/A,1425041,NIKE,
655,OK,DASS SEST,7,140191,1425040,95895,ATAC. MR140014 6MM RECICLADO COR 6176/PET,105CM,15872674,192,134941,15868617NBR3283130,26/06/2026,13/10/2026,54,REPROG.,12/10/26,,13/10/2026,,#N/A,1425040,NIKE,
656,OK,DASS SEST,7,140191,1425040,95895,ATAC. MR140014 6MM RECICLADO COR 6176/PET,105CM,15872674,240,134941,15868618NBR3283130,26/06/2026,13/10/2026,54,REPROG.,12/10/26,,13/10/2026,,#N/A,1425040,NIKE,
657,OK,DASS SEST,7,140191,1425040,95895,ATAC. MR140014 6MM RECICLADO COR 6176/PET,110CM,15872674,602,134941,15868617NBR3283130,26/06/2026,13/10/2026,54,REPROG.,12/10/26,,13/10/2026,,#N/A,1425040,NIKE,
658,OK,DASS SEST,7,140191,1425040,95895,ATAC. MR140014 6MM RECICLADO COR 6176/PET,110CM,15872674,618,134941,15868618NBR3283130,26/06/2026,13/10/2026,54,REPROG.,12/10/26,,13/10/2026,,#N/A,1425040,NIKE,
659,OK,DASS SEST,7,140191,1425040,95895,ATAC. MR140014 6MM RECICLADO COR 6176/PET,115CM,15872674,156,134941,15868617NBR3283130,26/06/2026,13/10/2026,54,REPROG.,12/10/26,,13/10/2026,,#N/A,1425040,NIKE,
660,OK,DASS SEST,7,140191,1425040,95895,ATAC. MR140014 6MM RECICLADO COR 6176/PET,115CM,15872674,162,134941,15868618NBR3283130,26/06/2026,13/10/2026,54,REPROG.,12/10/26,,13/10/2026,,#N/A,1425040,NIKE,
1011,OK,DASS SEST,7,140758,1070873,76555,ATAC. MR130011 5MM RECICLADO COR 4085,95CM,15915184,488,135475,15903690NBR3283249,10/07/2026,13/10/2026,54,REPROG.,12/10/26,,13/10/2026,,#N/A,1070873,NIKE,
1012,OK,DASS SEST,7,140758,1070873,76555,ATAC. MR130011 5MM RECICLADO COR 4085,95CM,15915184,584,135475,15903691NBR3283250,10/07/2026,13/10/2026,54,REPROG.,12/10/26,,13/10/2026,,#N/A,1070873,NIKE,
1013,OK,DASS SEST,7,140758,1070873,76555,ATAC. MR130011 5MM RECICLADO COR 4085,100CM,15915184,642,135475,15903690NBR3283249,10/07/2026,13/10/2026,54,REPROG.,12/10/26,,13/10/2026,,#N/A,1070873,NIKE,
1014,OK,DASS SEST,7,140758,1070873,76555,ATAC. MR130011 5MM RECICLADO COR 4085,100CM,15915184,696,135475,15903691NBR3283250,10/07/2026,13/10/2026,54,REPROG.,12/10/26,,13/10/2026,,#N/A,1070873,NIKE,
1015,OK,DASS SEST,7,140758,1188919,82628,ATAC. MR140014 6MM RECICLADO COR 4085/PET,100CM,15915184,168,135475,15903668NBR3283274,10/07/2026,13/10/2026,54,REPROG.,12/10/26,,13/10/2026,,#N/A,1188919,NIKE,
1016,OK,DASS SEST,7,140758,1188919,82628,ATAC. MR140014 6MM RECICLADO COR 4085/PET,100CM,15915184,186,135475,15903669NBR3283274,10/07/2026,13/10/2026,54,REPROG.,12/10/26,,13/10/2026,,#N/A,1188919,NIKE,
1017,OK,DASS SEST,7,140758,1188919,82628,ATAC. MR140014 6MM RECICLADO COR 4085/PET,105CM,15915184,66,135475,15903656NBR3283248,10/07/2026,13/10/2026,54,REPROG.,12/10/26,,13/10/2026,,#N/A,1188919,NIKE,
1018,OK,DASS SEST,7,140758,1188919,82628,ATAC. MR140014 6MM RECICLADO COR 4085/PET,105CM,15915184,78,135475,15903657NBR3283248,10/07/2026,13/10/2026,54,REPROG.,12/10/26,,13/10/2026,,#N/A,1188919,NIKE,
1019,OK,DASS SEST,7,140758,1188919,82628,ATAC. MR140014 6MM RECICLADO COR 4085/PET,105CM,15915184,168,135475,15903658NBR3283269,10/07/2026,13/10/2026,54,REPROG.,12/10/26,,13/10/2026,,#N/A,1188919,NIKE,
1020,OK,DASS SEST,7,140758,1188919,82628,ATAC. MR140014 6MM RECICLADO COR 4085/PET,105CM,15915184,144,135475,15903659NBR3283269,10/07/2026,13/10/2026,54,REPROG.,12/10/26,,13/10/2026,,#N/A,1188919,NIKE,
1021,OK,DASS SEST,7,140758,1188919,82628,ATAC. MR140014 6MM RECICLADO COR 4085/PET,105CM,15915184,180,135475,15903661NBR3283269,10/07/2026,13/10/2026,54,REPROG.,12/10/26,,13/10/2026,,#N/A,1188919,NIKE,
1022,OK,DASS SEST,7,140758,1188919,82628,ATAC. MR140014 6MM RECICLADO COR 4085/PET,105CM,15915184,66,135475,15903662NBR3283270,10/07/2026,13/10/2026,54,REPROG.,12/10/26,,13/10/2026,,#N/A,1188919,NIKE,
1023,OK,DASS SEST,7,140758,1188919,82628,ATAC. MR140014 6MM RECICLADO COR 4085/PET,105CM,15915184,78,135475,15903663NBR3283270,10/07/2026,13/10/2026,54,REPROG.,12/10/26,,13/10/2026,,#N/A,1188919,NIKE,
1024,OK,DASS SEST,7,140758,1188919,82628,ATAC. MR140014 6MM RECICLADO COR 4085/PET,105CM,15915184,638,135475,15903668NBR3283274,10/07/2026,13/10/2026,54,REPROG.,12/10/26,,13/10/2026,,#N/A,1188919,NIKE,
1025,OK,DASS SEST,7,140758,1188919,82628,ATAC. MR140014 6MM RECICLADO COR 4085/PET,105CM,15915184,666,135475,15903669NBR3283274,10/07/2026,13/10/2026,54,REPROG.,12/10/26,,13/10/2026,,#N/A,1188919,NIKE,
1026,OK,DASS SEST,7,140758,1188919,82628,ATAC. MR140014 6MM RECICLADO COR 4085/PET,110CM,15915184,518,135475,15903656NBR3283248,10/07/2026,13/10/2026,54,REPROG.,12/10/26,,13/10/2026,,#N/A,1188919,NIKE,
1027,OK,DASS SEST,7,140758,1188919,82628,ATAC. MR140014 6MM RECICLADO COR 4085/PET,110CM,15915184,540,135475,15903657NBR3283248,10/07/2026,13/10/2026,54,REPROG.,12/10/26,,13/10/2026,,#N/A,1188919,NIKE,
1028,OK,DASS SEST,7,140758,1188919,82628,ATAC. MR140014 6MM RECICLADO COR 4085/PET,110CM,15915184,501,135475,15903658NBR3283269,10/07/2026,13/10/2026,54,REPROG.,12/10/26,,13/10/2026,,#N/A,1188919,NIKE,
1029,OK,DASS SEST,7,140758,1188919,82628,ATAC. MR140014 6MM RECICLADO COR 4085/PET,110CM,15915184,480,135475,15903659NBR3283269,10/07/2026,13/10/2026,54,REPROG.,12/10/26,,13/10/2026,,#N/A,1188919,NIKE,
1030,OK,DASS SEST,7,140758,1188919,82628,ATAC. MR140014 6MM RECICLADO COR 4085/PET,110CM,15915184,492,135475,15903661NBR3283269,10/07/2026,13/10/2026,54,REPROG.,12/10/26,,13/10/2026,,#N/A,1188919,NIKE,
1031,OK,DASS SEST,7,140758,1188919,82628,ATAC. MR140014 6MM RECICLADO COR 4085/PET,110CM,15915184,518,135475,15903662NBR3283270,10/07/2026,13/10/2026,54,REPROG.,12/10/26,,13/10/2026,,#N/A,1188919,NIKE,
1032,OK,DASS SEST,7,140758,1188919,82628,ATAC. MR140014 6MM RECICLADO COR 4085/PET,110CM,15915184,540,135475,15903663NBR3283270,10/07/2026,13/10/2026,54,REPROG.,12/10/26,,13/10/2026,,#N/A,1188919,NIKE,
1033,OK,DASS SEST,7,140758,1188919,82628,ATAC. MR140014 6MM RECICLADO COR 4085/PET,110CM,15915184,30,135475,15903668NBR3283274,10/07/2026,13/10/2026,54,REPROG.,12/10/26,,13/10/2026,,#N/A,1188919,NIKE,
1034,OK,DASS SEST,7,140758,1188919,82628,ATAC. MR140014 6MM RECICLADO COR 4085/PET,110CM,15915184,24,135475,15903669NBR3283274,10/07/2026,13/10/2026,54,REPROG.,12/10/26,,13/10/2026,,#N/A,1188919,NIKE,
1035,OK,DASS SEST,7,140758,1188919,82628,ATAC. MR140014 6MM RECICLADO COR 4085/PET,115CM,15915184,180,135475,15903656NBR3283248,10/07/2026,13/10/2026,54,REPROG.,12/10/26,,13/10/2026,,#N/A,1188919,NIKE,
1036,OK,DASS SEST,7,140758,1188919,82628,ATAC. MR140014 6MM RECICLADO COR 4085/PET,115CM,15915184,198,135475,15903657NBR3283248,10/07/2026,13/10/2026,54,REPROG.,12/10/26,,13/10/2026,,#N/A,1188919,NIKE,
1037,OK,DASS SEST,7,140758,1188919,82628,ATAC. MR140014 6MM RECICLADO COR 4085/PET,115CM,15915184,144,135475,15903658NBR3283269,10/07/2026,13/10/2026,54,REPROG.,12/10/26,,13/10/2026,,#N/A,1188919,NIKE,
1038,OK,DASS SEST,7,140758,1188919,82628,ATAC. MR140014 6MM RECICLADO COR 4085/PET,115CM,15915184,144,135475,15903659NBR3283269,10/07/2026,13/10/2026,54,REPROG.,12/10/26,,13/10/2026,,#N/A,1188919,NIKE,
1039,OK,DASS SEST,7,140758,1188919,82628,ATAC. MR140014 6MM RECICLADO COR 4085/PET,115CM,15915184,174,135475,15903661NBR3283269,10/07/2026,13/10/2026,54,REPROG.,12/10/26,,13/10/2026,,#N/A,1188919,NIKE,
1040,OK,DASS SEST,7,140758,1188919,82628,ATAC. MR140014 6MM RECICLADO COR 4085/PET,115CM,15915184,180,135475,15903662NBR3283270,10/07/2026,13/10/2026,54,REPROG.,12/10/26,,13/10/2026,,#N/A,1188919,NIKE,
1041,OK,DASS SEST,7,140758,1188919,82628,ATAC. MR140014 6MM RECICLADO COR 4085/PET,115CM,15915184,198,135475,15903663NBR3283270,10/07/2026,13/10/2026,54,REPROG.,12/10/26,,13/10/2026,,#N/A,1188919,NIKE,
1042,OK,DASS SEST,7,140758,1269460,85472,ATAC. MR140014 6MM RECICLADO COR 5481/PET,100CM,15915184,204,135475,15903704NBR3283272,10/07/2026,13/10/2026,54,REPROG.,12/10/26,,13/10/2026,,#N/A,1269460,NIKE,
1043,OK,DASS SEST,7,140758,1269460,85472,ATAC. MR140014 6MM RECICLADO COR 5481/PET,100CM,15915184,204,135475,15903705NBR3283272,10/07/2026,13/10/2026,54,REPROG.,12/10/26,,13/10/2026,,#N/A,1269460,NIKE,
1044,OK,DASS SEST,7,140758,1269460,85472,ATAC. MR140014 6MM RECICLADO COR 5481/PET,100CM,15915184,216,135475,15903706NBR3283272,10/07/2026,13/10/2026,54,REPROG.,12/10/26,,13/10/2026,,#N/A,1269460,NIKE,
1045,OK,DASS SEST,7,140758,1269460,85472,ATAC. MR140014 6MM RECICLADO COR 5481/PET,105CM,15915184,759,135475,15903704NBR3283272,10/07/2026,13/10/2026,54,REPROG.,12/10/26,,13/10/2026,,#N/A,1269460,NIKE,
1046,OK,DASS SEST,7,140758,1269460,85472,ATAC. MR140014 6MM RECICLADO COR 5481/PET,105CM,15915184,732,135475,15903705NBR3283272,10/07/2026,13/10/2026,54,REPROG.,12/10/26,,13/10/2026,,#N/A,1269460,NIKE,
1047,OK,DASS SEST,7,140758,1269460,85472,ATAC. MR140014 6MM RECICLADO COR 5481/PET,105CM,15915184,786,135475,15903706NBR3283272,10/07/2026,13/10/2026,54,REPROG.,12/10/26,,13/10/2026,,#N/A,1269460,NIKE,
1048,OK,DASS SEST,7,140758,1269460,85472,ATAC. MR140014 6MM RECICLADO COR 5481/PET,110CM,15915184,48,135475,15903704NBR3283272,10/07/2026,13/10/2026,54,REPROG.,12/10/26,,13/10/2026,,#N/A,1269460,NIKE,
1049,OK,DASS SEST,7,140758,1269460,85472,ATAC. MR140014 6MM RECICLADO COR 5481/PET,110CM,15915184,24,135475,15903705NBR3283272,10/07/2026,13/10/2026,54,REPROG.,12/10/26,,13/10/2026,,#N/A,1269460,NIKE,
1050,OK,DASS SEST,7,140758,1299257,86978,ATAC. MR130027 6MM RECICLADO COR 4085/PET,105CM,15915184,420,135475,15903687NBR3283107,10/07/2026,13/10/2026,54,REPROG.,12/10/26,,13/10/2026,,#N/A,1299257,NIKE,
1051,OK,DASS SEST,7,140758,1299257,86978,ATAC. MR130027 6MM RECICLADO COR 4085/PET,105CM,15915184,462,135475,15903689NBR3283107,10/07/2026,13/10/2026,54,REPROG.,12/10/26,,13/10/2026,,#N/A,1299257,NIKE,
1052,OK,DASS SEST,7,140758,1299257,86978,ATAC. MR130027 6MM RECICLADO COR 4085/PET,110CM,15915184,458,135475,15903687NBR3283107,10/07/2026,13/10/2026,54,REPROG.,12/10/26,,13/10/2026,,#N/A,1299257,NIKE,
1053,OK,DASS SEST,7,140758,1299257,86978,ATAC. MR130027 6MM RECICLADO COR 4085/PET,110CM,15915184,468,135475,15903689NBR3283107,10/07/2026,13/10/2026,54,REPROG.,12/10/26,,13/10/2026,,#N/A,1299257,NIKE,
1054,OK,DASS SEST,7,140758,1299257,86978,ATAC. MR130027 6MM RECICLADO COR 4085/PET,110CM,15915184,174,135475,15903675NBR3283126,10/07/2026,13/10/2026,54,REPROG.,12/10/26,,13/10/2026,,#N/A,1299257,NIKE,
1055,OK,DASS SEST,7,140758,1299257,86978,ATAC. MR130027 6MM RECICLADO COR 4085/PET,110CM,15915184,156,135475,15903676NBR3283126,10/07/2026,13/10/2026,54,REPROG.,12/10/26,,13/10/2026,,#N/A,1299257,NIKE,
1056,OK,DASS SEST,7,140758,1299257,86978,ATAC. MR130027 6MM RECICLADO COR 4085/PET,110CM,15915184,180,135475,15903677NBR3283126,10/07/2026,13/10/2026,54,REPROG.,12/10/26,,13/10/2026,,#N/A,1299257,NIKE,
1057,OK,DASS SEST,7,140758,1299257,86978,ATAC. MR130027 6MM RECICLADO COR 4085/PET,115CM,15915184,18,135475,15903687NBR3283107,10/07/2026,13/10/2026,54,REPROG.,12/10/26,,13/10/2026,,#N/A,1299257,NIKE,
1058,OK,DASS SEST,7,140758,1299257,86978,ATAC. MR130027 6MM RECICLADO COR 4085/PET,115CM,15915184,483,135475,15903675NBR3283126,10/07/2026,13/10/2026,54,REPROG.,12/10/26,,13/10/2026,,#N/A,1299257,NIKE,
1059,OK,DASS SEST,7,140758,1299257,86978,ATAC. MR130027 6MM RECICLADO COR 4085/PET,115CM,15915184,468,135475,15903676NBR3283126,10/07/2026,13/10/2026,54,REPROG.,12/10/26,,13/10/2026,,#N/A,1299257,NIKE,
1060,OK,DASS SEST,7,140758,1299257,86978,ATAC. MR130027 6MM RECICLADO COR 4085/PET,115CM,15915184,498,135475,15903677NBR3283126,10/07/2026,13/10/2026,54,REPROG.,12/10/26,,13/10/2026,,#N/A,1299257,NIKE,
1061,OK,DASS SEST,7,140758,1299257,86978,ATAC. MR130027 6MM RECICLADO COR 4085/PET,120CM,15915184,84,135475,15903675NBR3283126,10/07/2026,13/10/2026,54,REPROG.,12/10/26,,13/10/2026,,#N/A,1299257,NIKE,
1062,OK,DASS SEST,7,140758,1299257,86978,ATAC. MR130027 6MM RECICLADO COR 4085/PET,120CM,15915184,84,135475,15903676NBR3283126,10/07/2026,13/10/2026,54,REPROG.,12/10/26,,13/10/2026,,#N/A,1299257,NIKE,
1063,OK,DASS SEST,7,140758,1299257,86978,ATAC. MR130027 6MM RECICLADO COR 4085/PET,120CM,15915184,90,135475,15903677NBR3283126,10/07/2026,13/10/2026,54,REPROG.,12/10/26,,13/10/2026,,#N/A,1299257,NIKE,
1064,OK,DASS SEST,7,140758,1301800,88695,ATAC. MR130027 6MM RECICLADO COR 4662/PET,110CM,15915184,312,135475,15903720NBR3282854,10/07/2026,13/10/2026,54,REPROG.,12/10/26,,13/10/2026,,#N/A,1301800,NIKE,
1065,OK,DASS SEST,7,140758,1301800,88695,ATAC. MR130027 6MM RECICLADO COR 4662/PET,115CM,15915184,854,135475,15903720NBR3282854,10/07/2026,13/10/2026,54,REPROG.,12/10/26,,13/10/2026,,#N/A,1301800,NIKE,
1066,OK,DASS SEST,7,140758,1301800,88695,ATAC. MR130027 6MM RECICLADO COR 4662/PET,120CM,15915184,114,135475,15903720NBR3282854,10/07/2026,13/10/2026,54,REPROG.,12/10/26,,13/10/2026,,#N/A,1301800,NIKE,
1067,OK,DASS SEST,7,140758,1409834,93450,ATAC. MR130027 6MM RECICLADO COR 057/PET,110CM,15915184,174,135475,15903727NBR3283128,10/07/2026,13/10/2026,54,REPROG.,12/10/26,,13/10/2026,,#N/A,1409834,NIKE,
1068,OK,DASS SEST,7,140758,1409834,93450,ATAC. MR130027 6MM RECICLADO COR 057/PET,110CM,15915184,156,135475,15903728NBR3283128,10/07/2026,13/10/2026,54,REPROG.,12/10/26,,13/10/2026,,#N/A,1409834,NIKE,
1069,OK,DASS SEST,7,140758,1409834,93450,ATAC. MR130027 6MM RECICLADO COR 057/PET,110CM,15915184,174,135475,15903729NBR3283128,10/07/2026,13/10/2026,54,REPROG.,12/10/26,,13/10/2026,,#N/A,1409834,NIKE,
1070,OK,DASS SEST,7,140758,1409834,93450,ATAC. MR130027 6MM RECICLADO COR 057/PET,115CM,15915184,591,135475,15903727NBR3283128,10/07/2026,13/10/2026,54,REPROG.,12/10/26,,13/10/2026,,#N/A,1409834,NIKE,
1071,OK,DASS SEST,7,140758,1409834,93450,ATAC. MR130027 6MM RECICLADO COR 057/PET,115CM,15915184,468,135475,15903728NBR3283128,10/07/2026,13/10/2026,54,REPROG.,12/10/26,,13/10/2026,,#N/A,1409834,NIKE,
1072,OK,DASS SEST,7,140758,1409834,93450,ATAC. MR130027 6MM RECICLADO COR 057/PET,115CM,15915184,366,135475,15903729NBR3283128,10/07/2026,13/10/2026,54,REPROG.,12/10/26,,13/10/2026,,#N/A,1409834,NIKE,
1073,OK,DASS SEST,7,140758,1409834,93450,ATAC. MR130027 6MM RECICLADO COR 057/PET,120CM,15915184,72,135475,15903727NBR3283128,10/07/2026,13/10/2026,54,REPROG.,12/10/26,,13/10/2026,,#N/A,1409834,NIKE,
1074,OK,DASS SEST,7,140758,1409834,93450,ATAC. MR130027 6MM RECICLADO COR 057/PET,120CM,15915184,72,135475,15903728NBR3283128,10/07/2026,13/10/2026,54,REPROG.,12/10/26,,13/10/2026,,#N/A,1409834,NIKE,
1075,OK,DASS SEST,7,140758,1409834,93450,ATAC. MR130027 6MM RECICLADO COR 057/PET,120CM,15915184,108,135475,15903729NBR3283128,10/07/2026,13/10/2026,54,REPROG.,12/10/26,,13/10/2026,,#N/A,1409834,NIKE,
1188,OK,DASS SEST,7,140953,1188919,82628,ATAC. MR140014 6MM RECICLADO COR 4085/PET,105CM,15944099,12,135640,15942979NBR3282859,17/07/2026,13/10/2026,54,REPROG.,12/10/26,,13/10/2026,,#N/A,1188919,NIKE,
1189,OK,DASS SEST,7,140953,1188919,82628,ATAC. MR140014 6MM RECICLADO COR 4085/PET,105CM,15944099,470,135640,15942977NBR3283051,17/07/2026,13/10/2026,54,REPROG.,12/10/26,,13/10/2026,,#N/A,1188919,NIKE,
1190,OK,DASS SEST,7,140953,1188919,82628,ATAC. MR140014 6MM RECICLADO COR 4085/PET,105CM,15944099,504,135640,15942978NBR3283051,17/07/2026,13/10/2026,54,REPROG.,12/10/26,,13/10/2026,,#N/A,1188919,NIKE,
1191,OK,DASS SEST,7,140953,1188919,82628,ATAC. MR140014 6MM RECICLADO COR 4085/PET,110CM,15944099,885,135640,15942979NBR3282859,17/07/2026,13/10/2026,54,REPROG.,12/10/26,,13/10/2026,,#N/A,1188919,NIKE,
1192,OK,DASS SEST,7,140953,1188919,82628,ATAC. MR140014 6MM RECICLADO COR 4085/PET,110CM,15944099,912,135640,15942980NBR3282859,17/07/2026,13/10/2026,54,REPROG.,12/10/26,,13/10/2026,,#N/A,1188919,NIKE,
1193,OK,DASS SEST,7,140953,1188919,82628,ATAC. MR140014 6MM RECICLADO COR 4085/PET,110CM,15944099,222,135640,15942977NBR3283051,17/07/2026,13/10/2026,54,REPROG.,12/10/26,,13/10/2026,,#N/A,1188919,NIKE,
1194,OK,DASS SEST,7,140953,1188919,82628,ATAC. MR140014 6MM RECICLADO COR 4085/PET,110CM,15944099,234,135640,15942978NBR3283051,17/07/2026,13/10/2026,54,REPROG.,12/10/26,,13/10/2026,,#N/A,1188919,NIKE,
1195,OK,DASS SEST,7,140953,1188919,82628,ATAC. MR140014 6MM RECICLADO COR 4085/PET,115CM,15944099,156,135640,15942979NBR3282859,17/07/2026,13/10/2026,54,REPROG.,12/10/26,,13/10/2026,,#N/A,1188919,NIKE,
1196,OK,DASS SEST,7,140953,1188919,82628,ATAC. MR140014 6MM RECICLADO COR 4085/PET,115CM,15944099,186,135640,15942980NBR3282859,17/07/2026,13/10/2026,54,REPROG.,12/10/26,,13/10/2026,,#N/A,1188919,NIKE,
1197,OK,DASS SEST,7,140953,1303189,88798,ATAC. MR140014 6MM RECICLADO COR 5645/PET,105CM,15944099,6,135640,15942985NBR3283154,17/07/2026,13/10/2026,54,REPROG.,12/10/26,,13/10/2026,,#N/A,1303189,NIKE,
1198,OK,DASS SEST,7,140953,1303189,88798,ATAC. MR140014 6MM RECICLADO COR 5645/PET,110CM,15944099,872,135640,15942985NBR3283154,17/07/2026,13/10/2026,54,REPROG.,12/10/26,,13/10/2026,,#N/A,1303189,NIKE,
1199,OK,DASS SEST,7,140953,1303189,88798,ATAC. MR140014 6MM RECICLADO COR 5645/PET,115CM,15944099,138,135640,15942985NBR3283154,17/07/2026,13/10/2026,54,REPROG.,12/10/26,,13/10/2026,,#N/A,1303189,NIKE,
1356,OK,DASS SEST,7,141424,1332602,88808,ATAC. M12176 5MM POLIESTER COR 4085,105CM,16002889,204,136064,16001145NBR3283389,31/07/2026,13/10/2026,54,REPROG.,12/10/26,,13/10/2026,,#N/A,1332602,NIKE,NORMAL
1357,OK,DASS SEST,7,141424,1332602,88808,ATAC. M12176 5MM POLIESTER COR 4085,105CM,16002889,228,136064,16001146NBR3283389,31/07/2026,13/10/2026,54,REPROG.,12/10/26,,13/10/2026,,#N/A,1332602,NIKE,NORMAL
1358,OK,DASS SEST,7,141424,1332602,88808,ATAC. M12176 5MM POLIESTER COR 4085,110CM,16002889,452,136064,16001145NBR3283389,31/07/2026,13/10/2026,54,REPROG.,12/10/26,,13/10/2026,,#N/A,1332602,NIKE,NORMAL
1359,OK,DASS SEST,7,141424,1332602,88808,ATAC. M12176 5MM POLIESTER COR 4085,110CM,16002889,456,136064,16001146NBR3283389,31/07/2026,13/10/2026,54,REPROG.,12/10/26,,13/10/2026,,#N/A,1332602,NIKE,NORMAL
1360,OK,DASS SEST,7,141424,1332602,88808,ATAC. M12176 5MM POLIESTER COR 4085,115CM,16002889,132,136064,16001145NBR3283389,31/07/2026,13/10/2026,54,REPROG.,12/10/26,,13/10/2026,,#N/A,1332602,NIKE,NORMAL
1361,OK,DASS SEST,7,141424,1332602,88808,ATAC. M12176 5MM POLIESTER COR 4085,115CM,16002889,150,136064,16001146NBR3283389,31/07/2026,13/10/2026,54,REPROG.,12/10/26,,13/10/2026,,#N/A,1332602,NIKE,NORMAL
1522,OK,DASS SEST,7,141923,1065806,93661,ATAC. MR110029 RECICLADO COR 4662/PET,130CM,16046470,414,136599,16045931NBR3283459,14/08/2026,13/10/2026,54,REPROG.,12/10/26,,13/10/2026,,#N/A,1065806,NIKE,NORMAL
1523,OK,DASS SEST,7,141923,1065806,93661,ATAC. MR110029 RECICLADO COR 4662/PET,130CM,16046470,402,136599,16045932NBR3283459,14/08/2026,13/10/2026,54,REPROG.,12/10/26,,13/10/2026,,#N/A,1065806,NIKE,NORMAL
1524,OK,DASS SEST,7,141923,1065806,93661,ATAC. MR110029 RECICLADO COR 4662/PET,135CM,16046470,398,136599,16045931NBR3283459,14/08/2026,13/10/2026,54,REPROG.,12/10/26,,13/10/2026,,#N/A,1065806,NIKE,NORMAL
1525,OK,DASS SEST,7,141923,1065806,93661,ATAC. MR110029 RECICLADO COR 4662/PET,135CM,16046470,420,136599,16045932NBR3283459,14/08/2026,13/10/2026,54,REPROG.,12/10/26,,13/10/2026,,#N/A,1065806,NIKE,NORMAL
1658,OK,DASS ITABERABA,70,141498,108955,70164,FITA MFGP C/ GOMA POLIESTER COR 100,8MM,16003444,100,136136,0,03/08/2026,13/10/2026,54,REPROG.,12/10/26,,13/10/2026,,#N/A,108955,FILA,NORMAL
1659,OK,DASS ITABERABA,70,141498,1072623,72801,FITA MFGP C/ GOMA POLIESTER COR 057,8MM,16003444,50,136136,0,03/08/2026,13/10/2026,54,REPROG.,12/10/26,,13/10/2026,,#N/A,1072623,FILA,NORMAL
1660,OK,DASS ITABERABA,70,141498,1146621,78187,FITA MFGP C/ GOMA POLIESTER COR 053,8MM,16003444,60,136136,0,03/08/2026,13/10/2026,54,REPROG.,12/10/26,,13/10/2026,,#N/A,1146621,FILA,NORMAL
1661,OK,DASS ITABERABA,70,141498,1406202,92300,FITA MFGP C/ GOMA POLIESTER COR 788,8MM,16003444,50,136136,0,03/08/2026,13/10/2026,54,REPROG.,12/10/26,,13/10/2026,,#N/A,1406202,FILA,NORMAL
1940,OK,DASS SANTO ANTONIO,1526,140524,738314,87444,ELAST. MTM POLIESTER COR 057,6MM,15888485,1104,135199,0,06/07/2026,13/10/2026,54,REPROG.,12/10/26,,13/10/2026,,#N/A,738314,FILA,
316,OK,DASS SEST,7,140105,1188919,82628,ATAC. MR140014 6MM RECICLADO COR 4085/PET,100CM,15855796,108,134794,15851823NBR3283186,25/06/2026,19/10/2026,60,,19/10/26,,,,#N/A,1188919,NIKE,
317,OK,DASS SEST,7,140105,1188919,82628,ATAC. MR140014 6MM RECICLADO COR 4085/PET,100CM,15855796,126,134794,15851824NBR3283186,25/06/2026,19/10/2026,60,,19/10/26,,,,#N/A,1188919,NIKE,
318,OK,DASS SEST,7,140105,1188919,82628,ATAC. MR140014 6MM RECICLADO COR 4085/PET,105CM,15855796,156,134794,15851815NBR3283125,25/06/2026,19/10/2026,60,,19/10/26,,,,#N/A,1188919,NIKE,
319,OK,DASS SEST,7,140105,1188919,82628,ATAC. MR140014 6MM RECICLADO COR 4085/PET,105CM,15855796,174,134794,15851816NBR3283125,25/06/2026,19/10/2026,60,,19/10/26,,,,#N/A,1188919,NIKE,
320,OK,DASS SEST,7,140105,1188919,82628,ATAC. MR140014 6MM RECICLADO COR 4085/PET,105CM,15855796,782,134794,15851823NBR3283186,25/06/2026,19/10/2026,60,,19/10/26,,,,#N/A,1188919,NIKE,
321,OK,DASS SEST,7,140105,1188919,82628,ATAC. MR140014 6MM RECICLADO COR 4085/PET,105CM,15855796,810,134794,15851824NBR3283186,25/06/2026,19/10/2026,60,,19/10/26,,,,#N/A,1188919,NIKE,
322,OK,DASS SEST,7,140105,1188919,82628,ATAC. MR140014 6MM RECICLADO COR 4085/PET,110CM,15855796,464,134794,15851815NBR3283125,25/06/2026,19/10/2026,60,,19/10/26,,,,#N/A,1188919,NIKE,
323,OK,DASS SEST,7,140105,1188919,82628,ATAC. MR140014 6MM RECICLADO COR 4085/PET,110CM,15855796,462,134794,15851816NBR3283125,25/06/2026,19/10/2026,60,,19/10/26,,,,#N/A,1188919,NIKE,
324,OK,DASS SEST,7,140105,1188919,82628,ATAC. MR140014 6MM RECICLADO COR 4085/PET,110CM,15855796,48,134794,15851823NBR3283186,25/06/2026,19/10/2026,60,,19/10/26,,,,#N/A,1188919,NIKE,
325,OK,DASS SEST,7,140105,1188919,82628,ATAC. MR140014 6MM RECICLADO COR 4085/PET,110CM,15855796,48,134794,15851824NBR3283186,25/06/2026,19/10/2026,60,,19/10/26,,,,#N/A,1188919,NIKE,
326,OK,DASS SEST,7,140105,1188919,82628,ATAC. MR140014 6MM RECICLADO COR 4085/PET,115CM,15855796,180,134794,15851815NBR3283125,25/06/2026,19/10/2026,60,,19/10/26,,,,#N/A,1188919,NIKE,
327,OK,DASS SEST,7,140105,1188919,82628,ATAC. MR140014 6MM RECICLADO COR 4085/PET,115CM,15855796,192,134794,15851816NBR3283125,25/06/2026,19/10/2026,60,,19/10/26,,,,#N/A,1188919,NIKE,
1210,OK,DASS SEST,7,140956,1425212,96072,ATAC. MR140014 6MM RECICLADO COR 6255/PET,105CM,15944100,6,135659,15942986NBR3283148,20/07/2026,19/10/2026,60,,19/10/26,,,,#N/A,1425212,NIKE,
1211,OK,DASS SEST,7,140956,1425212,96072,ATAC. MR140014 6MM RECICLADO COR 6255/PET,110CM,15944100,608,135659,15942986NBR3283148,20/07/2026,19/10/2026,60,,19/10/26,,,,#N/A,1425212,NIKE,
1212,OK,DASS SEST,7,140956,1425212,96072,ATAC. MR140014 6MM RECICLADO COR 6255/PET,110CM,15944100,624,135659,15942987NBR3283148,20/07/2026,19/10/2026,60,,19/10/26,,,,#N/A,1425212,NIKE,
1213,OK,DASS SEST,7,140956,1425212,96072,ATAC. MR140014 6MM RECICLADO COR 6255/PET,115CM,15944100,120,135659,15942986NBR3283148,20/07/2026,19/10/2026,60,,19/10/26,,,,#N/A,1425212,NIKE,
1214,OK,DASS SEST,7,140956,1425212,96072,ATAC. MR140014 6MM RECICLADO COR 6255/PET,115CM,15944100,120,135659,15942987NBR3283148,20/07/2026,19/10/2026,60,,19/10/26,,,,#N/A,1425212,NIKE,
1215,OK,DASS SEST,7,140956,1425211,96141,ATAC. MR140014 6MM RECICLADO COR 6296/PET,105CM,15944100,494,135659,15942988NBR3283150,20/07/2026,19/10/2026,60,,19/10/26,,,,#N/A,1425211,NIKE,
1216,OK,DASS SEST,7,140956,1425211,96141,ATAC. MR140014 6MM RECICLADO COR 6296/PET,105CM,15944100,552,135659,15942989NBR3283150,20/07/2026,19/10/2026,60,,19/10/26,,,,#N/A,1425211,NIKE,
1217,OK,DASS SEST,7,140956,1425211,96141,ATAC. MR140014 6MM RECICLADO COR 6296/PET,110CM,15944100,186,135659,15942988NBR3283150,20/07/2026,19/10/2026,60,,19/10/26,,,,#N/A,1425211,NIKE,
1218,OK,DASS SEST,7,140956,1425211,96141,ATAC. MR140014 6MM RECICLADO COR 6296/PET,110CM,15944100,216,135659,15942989NBR3283150,20/07/2026,19/10/2026,60,,19/10/26,,,,#N/A,1425211,NIKE,
1362,OK,DASS SEST,7,141425,1070873,76555,ATAC. MR130011 5MM RECICLADO COR 4085,105CM,16002920,162,136065,16001167NBR3283396,31/07/2026,19/10/2026,60,,19/10/26,,,,#N/A,1070873,NIKE,NORMAL
1363,OK,DASS SEST,7,141425,1070873,76555,ATAC. MR130011 5MM RECICLADO COR 4085,105CM,16002920,144,136065,16001168NBR3283396,31/07/2026,19/10/2026,60,,19/10/26,,,,#N/A,1070873,NIKE,NORMAL
1364,OK,DASS SEST,7,141425,1070873,76555,ATAC. MR130011 5MM RECICLADO COR 4085,105CM,16002920,198,136065,16001169NBR3283396,31/07/2026,19/10/2026,60,,19/10/26,,,,#N/A,1070873,NIKE,NORMAL
1365,OK,DASS SEST,7,141425,1070873,76555,ATAC. MR130011 5MM RECICLADO COR 4085,110CM,16002920,621,136065,16001167NBR3283396,31/07/2026,19/10/2026,60,,19/10/26,,,,#N/A,1070873,NIKE,NORMAL
1366,OK,DASS SEST,7,141425,1070873,76555,ATAC. MR130011 5MM RECICLADO COR 4085,110CM,16002920,456,136065,16001168NBR3283396,31/07/2026,19/10/2026,60,,19/10/26,,,,#N/A,1070873,NIKE,NORMAL
1367,OK,DASS SEST,7,141425,1070873,76555,ATAC. MR130011 5MM RECICLADO COR 4085,110CM,16002920,318,136065,16001169NBR3283396,31/07/2026,19/10/2026,60,,19/10/26,,,,#N/A,1070873,NIKE,NORMAL
1368,OK,DASS SEST,7,141425,1070873,76555,ATAC. MR130011 5MM RECICLADO COR 4085,115CM,16002920,144,136065,16001167NBR3283396,31/07/2026,19/10/2026,60,,19/10/26,,,,#N/A,1070873,NIKE,NORMAL
1369,OK,DASS SEST,7,141425,1070873,76555,ATAC. MR130011 5MM RECICLADO COR 4085,115CM,16002920,132,136065,16001168NBR3283396,31/07/2026,19/10/2026,60,,19/10/26,,,,#N/A,1070873,NIKE,NORMAL
1370,OK,DASS SEST,7,141425,1070873,76555,ATAC. MR130011 5MM RECICLADO COR 4085,115CM,16002920,156,136065,16001169NBR3283396,31/07/2026,19/10/2026,60,,19/10/26,,,,#N/A,1070873,NIKE,NORMAL
1440,OK,DASS SEST,7,141870,1070873,76555,ATAC. MR130011 5MM RECICLADO COR 4085,90CM,15915186,507,136551,15903649NBR3283268,14/08/2026,19/10/2026,60,,19/10/26,,,,#N/A,1070873,NIKE,NORMAL
1441,OK,DASS SEST,7,141870,1070873,76555,ATAC. MR130011 5MM RECICLADO COR 4085,90CM,15915186,504,136551,15903650NBR3283268,14/08/2026,19/10/2026,60,,19/10/26,,,,#N/A,1070873,NIKE,NORMAL
1442,OK,DASS SEST,7,141870,1070873,76555,ATAC. MR130011 5MM RECICLADO COR 4085,90CM,15915186,504,136551,15903651NBR3283268,14/08/2026,19/10/2026,60,,19/10/26,,,,#N/A,1070873,NIKE,NORMAL
1443,OK,DASS SEST,7,141870,1070873,76555,ATAC. MR130011 5MM RECICLADO COR 4085,90CM,15915186,1010,136551,15903652NBR3283275,14/08/2026,19/10/2026,60,,19/10/26,,,,#N/A,1070873,NIKE,NORMAL
1444,OK,DASS SEST,7,141870,1070873,76555,ATAC. MR130011 5MM RECICLADO COR 4085,95CM,15915186,216,136551,15903649NBR3283268,14/08/2026,19/10/2026,60,,19/10/26,,,,#N/A,1070873,NIKE,NORMAL
1445,OK,DASS SEST,7,141870,1070873,76555,ATAC. MR130011 5MM RECICLADO COR 4085,95CM,15915186,216,136551,15903650NBR3283268,14/08/2026,19/10/2026,60,,19/10/26,,,,#N/A,1070873,NIKE,NORMAL
1446,OK,DASS SEST,7,141870,1070873,76555,ATAC. MR130011 5MM RECICLADO COR 4085,95CM,15915186,216,136551,15903651NBR3283268,14/08/2026,19/10/2026,60,,19/10/26,,,,#N/A,1070873,NIKE,NORMAL
1447,OK,DASS SEST,7,141870,1070873,76555,ATAC. MR130011 5MM RECICLADO COR 4085,95CM,15915186,432,136551,15903652NBR3283275,14/08/2026,19/10/2026,60,,19/10/26,,,,#N/A,1070873,NIKE,NORMAL
1448,OK,DASS SEST,7,141870,1188919,82628,ATAC. MR140014 6MM RECICLADO COR 4085/PET,100CM,15915186,168,136551,15903666NBR3283273,14/08/2026,19/10/2026,60,,19/10/26,,,,#N/A,1188919,NIKE,NORMAL
1449,OK,DASS SEST,7,141870,1188919,82628,ATAC. MR140014 6MM RECICLADO COR 4085/PET,100CM,15915186,186,136551,15903667NBR3283273,14/08/2026,19/10/2026,60,,19/10/26,,,,#N/A,1188919,NIKE,NORMAL
1450,OK,DASS SEST,7,141870,1188919,82628,ATAC. MR140014 6MM RECICLADO COR 4085/PET,105CM,15915186,180,136551,15903653NBR3283247,14/08/2026,19/10/2026,60,,19/10/26,,,,#N/A,1188919,NIKE,NORMAL
1451,OK,DASS SEST,7,141870,1188919,82628,ATAC. MR140014 6MM RECICLADO COR 4085/PET,105CM,15915186,156,136551,15903654NBR3283247,14/08/2026,19/10/2026,60,,19/10/26,,,,#N/A,1188919,NIKE,NORMAL
1452,OK,DASS SEST,7,141870,1188919,82628,ATAC. MR140014 6MM RECICLADO COR 4085/PET,105CM,15915186,198,136551,15903655NBR3283247,14/08/2026,19/10/2026,60,,19/10/26,,,,#N/A,1188919,NIKE,NORMAL
1453,OK,DASS SEST,7,141870,1188919,82628,ATAC. MR140014 6MM RECICLADO COR 4085/PET,105CM,15915186,66,136551,15903664NBR3283271,14/08/2026,19/10/2026,60,,19/10/26,,,,#N/A,1188919,NIKE,NORMAL
1454,OK,DASS SEST,7,141870,1188919,82628,ATAC. MR140014 6MM RECICLADO COR 4085/PET,105CM,15915186,78,136551,15903665NBR3283271,14/08/2026,19/10/2026,60,,19/10/26,,,,#N/A,1188919,NIKE,NORMAL
1455,OK,DASS SEST,7,141870,1188919,82628,ATAC. MR140014 6MM RECICLADO COR 4085/PET,105CM,15915186,638,136551,15903666NBR3283273,14/08/2026,19/10/2026,60,,19/10/26,,,,#N/A,1188919,NIKE,NORMAL
1456,OK,DASS SEST,7,141870,1188919,82628,ATAC. MR140014 6MM RECICLADO COR 4085/PET,105CM,15915186,666,136551,15903667NBR3283273,14/08/2026,19/10/2026,60,,19/10/26,,,,#N/A,1188919,NIKE,NORMAL
1457,OK,DASS SEST,7,141870,1188919,82628,ATAC. MR140014 6MM RECICLADO COR 4085/PET,110CM,15915186,465,136551,15903653NBR3283247,14/08/2026,19/10/2026,60,,19/10/26,,,,#N/A,1188919,NIKE,NORMAL
1458,OK,DASS SEST,7,141870,1188919,82628,ATAC. MR140014 6MM RECICLADO COR 4085/PET,110CM,15915186,456,136551,15903654NBR3283247,14/08/2026,19/10/2026,60,,19/10/26,,,,#N/A,1188919,NIKE,NORMAL
1459,OK,DASS SEST,7,141870,1188919,82628,ATAC. MR140014 6MM RECICLADO COR 4085/PET,110CM,15915186,468,136551,15903655NBR3283247,14/08/2026,19/10/2026,60,,19/10/26,,,,#N/A,1188919,NIKE,NORMAL
1460,OK,DASS SEST,7,141870,1188919,82628,ATAC. MR140014 6MM RECICLADO COR 4085/PET,110CM,15915186,518,136551,15903664NBR3283271,14/08/2026,19/10/2026,60,,19/10/26,,,,#N/A,1188919,NIKE,NORMAL
1461,OK,DASS SEST,7,141870,1188919,82628,ATAC. MR140014 6MM RECICLADO COR 4085/PET,110CM,15915186,540,136551,15903665NBR3283271,14/08/2026,19/10/2026,60,,19/10/26,,,,#N/A,1188919,NIKE,NORMAL
1462,OK,DASS SEST,7,141870,1188919,82628,ATAC. MR140014 6MM RECICLADO COR 4085/PET,110CM,15915186,30,136551,15903666NBR3283273,14/08/2026,19/10/2026,60,,19/10/26,,,,#N/A,1188919,NIKE,NORMAL
1463,OK,DASS SEST,7,141870,1188919,82628,ATAC. MR140014 6MM RECICLADO COR 4085/PET,110CM,15915186,24,136551,15903667NBR3283273,14/08/2026,19/10/2026,60,,19/10/26,,,,#N/A,1188919,NIKE,NORMAL
1464,OK,DASS SEST,7,141870,1188919,82628,ATAC. MR140014 6MM RECICLADO COR 4085/PET,115CM,15915186,144,136551,15903653NBR3283247,14/08/2026,19/10/2026,60,,19/10/26,,,,#N/A,1188919,NIKE,NORMAL
1465,OK,DASS SEST,7,141870,1188919,82628,ATAC. MR140014 6MM RECICLADO COR 4085/PET,115CM,15915186,144,136551,15903654NBR3283247,14/08/2026,19/10/2026,60,,19/10/26,,,,#N/A,1188919,NIKE,NORMAL
1466,OK,DASS SEST,7,141870,1188919,82628,ATAC. MR140014 6MM RECICLADO COR 4085/PET,115CM,15915186,150,136551,15903655NBR3283247,14/08/2026,19/10/2026,60,,19/10/26,,,,#N/A,1188919,NIKE,NORMAL
1467,OK,DASS SEST,7,141870,1188919,82628,ATAC. MR140014 6MM RECICLADO COR 4085/PET,115CM,15915186,180,136551,15903664NBR3283271,14/08/2026,19/10/2026,60,,19/10/26,,,,#N/A,1188919,NIKE,NORMAL
1468,OK,DASS SEST,7,141870,1188919,82628,ATAC. MR140014 6MM RECICLADO COR 4085/PET,115CM,15915186,198,136551,15903665NBR3283271,14/08/2026,19/10/2026,60,,19/10/26,,,,#N/A,1188919,NIKE,NORMAL
1469,OK,DASS SEST,7,141870,1299257,86978,ATAC. MR130027 6MM RECICLADO COR 4085/PET,110CM,15915186,252,136551,15903682NBR3283191,14/08/2026,19/10/2026,60,,19/10/26,,,,#N/A,1299257,NIKE,NORMAL
1470,OK,DASS SEST,7,141870,1299257,86978,ATAC. MR130027 6MM RECICLADO COR 4085/PET,110CM,15915186,258,136551,15903683NBR3283191,14/08/2026,19/10/2026,60,,19/10/26,,,,#N/A,1299257,NIKE,NORMAL
1471,OK,DASS SEST,7,141870,1299257,86978,ATAC. MR130027 6MM RECICLADO COR 4085/PET,115CM,15915186,687,136551,15903682NBR3283191,14/08/2026,19/10/2026,60,,19/10/26,,,,#N/A,1299257,NIKE,NORMAL
1472,OK,DASS SEST,7,141870,1299257,86978,ATAC. MR130027 6MM RECICLADO COR 4085/PET,115CM,15915186,690,136551,15903683NBR3283191,14/08/2026,19/10/2026,60,,19/10/26,,,,#N/A,1299257,NIKE,NORMAL
1473,OK,DASS SEST,7,141870,1299257,86978,ATAC. MR130027 6MM RECICLADO COR 4085/PET,120CM,15915186,102,136551,15903682NBR3283191,14/08/2026,19/10/2026,60,,19/10/26,,,,#N/A,1299257,NIKE,NORMAL
1474,OK,DASS SEST,7,141870,1299257,86978,ATAC. MR130027 6MM RECICLADO COR 4085/PET,120CM,15915186,102,136551,15903683NBR3283191,14/08/2026,19/10/2026,60,,19/10/26,,,,#N/A,1299257,NIKE,NORMAL